,date,open,high,low,close,volume
0,2026-01-21,18.229999542236328,19.5,16.280000686645508,17.719999313354492,46094200
1,2026-01-20,17.68000030517578,18.8700008392334,17.219999313354492,17.920000076293945,28362300
2,2026-01-16,17.510000228881836,19.695999145507812,17.209999084472656,18.799999237060547,45615100
3,2026-01-15,18.239999771118164,18.739999771118164,17.05500030517578,17.520000457763672,32049000
4,2026-01-14,18.280000686645508,19.0049991607666,17.533000946044922,18.1299991607666,27701400
5,2026-01-13,18.31999969482422,19.049999237060547,17.65999984741211,18.25,32087900
6,2026-01-12,16.25,17.905000686645508,16.030000686645508,17.68000030517578,26652800
7,2026-01-09,17.149999618530273,18.149999618530273,16.3799991607666,16.6299991607666,25340200
8,2026-01-08,16.020000457763672,16.920000076293945,15.541999816894531,16.549999237060547,21886700
9,2026-01-07,17.2450008392334,17.576000213623047,16.06999969482422,16.079999923706055,15262500
10,2026-01-06,18.020000457763672,18.200000762939453,16.329999923706055,17.540000915527344,25670100
11,2026-01-05,16.719999313354492,18.309999465942383,16.639999389648438,18.15999984741211,26979000
12,2026-01-02,14.970000267028809,16.434999465942383,14.779999732971191,16.200000762939453,24158800
13,2025-12-31,14.630000114440918,15.029999732971191,14.520000457763672,14.760000228881836,16350200
14,2025-12-30,15.140000343322754,15.289999961853027,14.569999694824219,14.59000015258789,18054700
15,2025-12-29,14.800000190734863,15.789999961853027,14.619999885559082,15.079999923706055,15547900
16,2025-12-26,16.2549991607666,16.280000686645508,15.180000305175781,15.1899995803833,16406000
17,2025-12-24,15.6850004196167,16.40999984741211,15.609999656677246,16.219999313354492,11459900
18,2025-12-23,15.829999923706055,16.799999237060547,15.654999732971191,15.90999984741211,20712000
19,2025-12-22,16.649999618530273,17.239999771118164,16.264999389648438,16.34000015258789,23267900
20,2025-12-19,15.529999732971191,16.5,15.420000076293945,16.209999084472656,38280200
21,2025-12-18,15.399999618530273,15.979999542236328,14.829999923706055,15.149999618530273,30724500
22,2025-12-17,15.65999984741211,16.0,14.305000305175781,14.390000343322754,47896400
23,2025-12-16,14.260000228881836,15.15999984741211,13.670000076293945,14.989999771118164,43614600
24,2025-12-15,17.065000534057617,17.15999984741211,14.569999694824219,14.739999771118164,49273100
25,2025-12-12,18.450000762939453,19.239999771118164,16.989999771118164,17.049999237060547,31326200
26,2025-12-11,18.25,18.979999542236328,17.34000015258789,18.8799991607666,29990200
27,2025-12-10,19.049999237060547,19.790000915527344,18.40999984741211,18.479999542236328,29883400
28,2025-12-09,19.040000915527344,20.739999771118164,18.834999084472656,19.559999465942383,33282600
29,2025-12-08,19.889999389648438,20.280000686645508,18.950000762939453,19.479999542236328,28045100
30,2025-12-05,19.3799991607666,19.6200008392334,18.510000228881836,19.280000686645508,25022500
31,2025-12-04,18.155000686645508,20.079999923706055,18.020000457763672,19.829999923706055,30608600
32,2025-12-03,17.559999465942383,18.764999389648438,16.959999084472656,18.6299991607666,31538800
33,2025-12-02,19.829999923706055,20.1200008392334,17.610000610351562,17.639999389648438,36130000
34,2025-12-01,19.329999923706055,20.360000610351562,19.0,19.690000534057617,35731600
35,2025-11-28,19.549999237060547,21.15999984741211,19.459999084472656,20.350000381469727,34179400
36,2025-11-26,18.5,19.649999618530273,17.584999084472656,19.149999618530273,57090400
37,2025-11-25,16.200000762939453,17.68000030517578,15.920000076293945,17.520000457763672,37852700
38,2025-11-24,14.975000381469727,16.8700008392334,14.819999694824219,16.709999084472656,44269900
39,2025-11-21,14.199999809265137,14.970000267028809,13.09000015258789,14.149999618530273,56373200
40,2025-11-20,16.799999237060547,17.55500030517578,14.300000190734863,14.5600004196167,84186800
41,2025-11-19,14.899999618530273,15.699999809265137,14.260000228881836,14.619999885559082,40607300
42,2025-11-18,14.175000190734863,15.100000381469727,13.609999656677246,14.579999923706055,45069400
43,2025-11-17,14.079000473022461,14.9399995803833,13.579999923706055,14.350000381469727,43610200
44,2025-11-14,13.9399995803833,15.760000228881836,13.550000190734863,14.359999656677246,56948200
45,2025-11-13,16.645000457763672,17.049999237060547,14.75,14.930000305175781,57680500
46,2025-11-12,18.700000762939453,18.950000762939453,16.959999084472656,17.3799991607666,35266800
47,2025-11-11,19.010000228881836,19.280000686645508,18.020000457763672,18.670000076293945,34972400
48,2025-11-10,21.868000030517578,22.1200008392334,19.549999237060547,19.649999618530273,40693100
49,2025-11-07,20.825000762939453,21.34000015258789,19.490999221801758,20.690000534057617,45581000
50,2025-11-06,24.059999465942383,24.424999237060547,21.3799991607666,21.709999084472656,53559900
51,2025-11-05,22.8700008392334,25.520000457763672,22.684999465942383,24.709999084472656,59167000
52,2025-11-04,21.0,24.479999542236328,20.100000381469727,22.510000228881836,66095100
53,2025-11-03,22.940000534057617,25.110000610351562,21.020000457763672,22.760000228881836,135849900
54,2025-10-31,20.030000686645508,20.270000457763672,18.579999923706055,18.649999618530273,44117800
55,2025-10-30,18.700000762939453,20.049999237060547,18.299999237060547,19.06999969482422,38479400
56,2025-10-29,20.2549991607666,20.549999237060547,18.639999389648438,19.59000015258789,32941100
57,2025-10-28,20.53499984741211,21.899999618530273,19.770000457763672,19.959999084472656,37356500
58,2025-10-27,20.90999984741211,21.110000610351562,19.649999618530273,20.540000915527344,41321300
59,2025-10-24,18.270000457763672,20.864999771118164,18.18000030517578,20.65999984741211,47036300
60,2025-10-23,16.110000610351562,17.649999618530273,15.979999542236328,17.2549991607666,34793000
61,2025-10-22,17.09000015258789,18.239999771118164,15.039999961853027,16.110000610351562,63765700
62,2025-10-21,19.3700008392334,19.639999389648438,17.469999313354492,18.075000762939453,34788600
63,2025-10-20,20.0,20.989999771118164,19.15999984741211,19.90999984741211,37770700
64,2025-10-17,17.510000228881836,18.84000015258789,16.65999984741211,18.760000228881836,52918900
65,2025-10-16,21.110000610351562,21.15999984741211,18.510000228881836,18.719999313354492,50099600
66,2025-10-15,21.510000228881836,22.0,19.75,21.030000686645508,64445500
67,2025-10-14,19.889999389648438,21.479999542236328,18.8799991607666,20.889999389648438,60582300
68,2025-10-13,17.850000381469727,20.600000381469727,17.65999984741211,20.34000015258789,59302800
69,2025-10-10,18.780000686645508,20.200000762939453,16.809999465942383,16.969999313354492,73426700
70,2025-10-09,17.979999542236328,18.183000564575195,16.959999084472656,17.989999771118164,50786000
71,2025-10-08,15.814000129699707,18.09000015258789,15.220000267028809,17.600000381469727,67518800
72,2025-10-07,15.380000114440918,15.930000305175781,14.329999923706055,15.75,49970600
73,2025-10-06,15.539999961853027,16.1200008392334,15.130000114440918,15.34000015258789,46610700
74,2025-10-03,14.470000267028809,15.779999732971191,14.279999732971191,14.699999809265137,67183500
75,2025-10-02,13.079999923706055,14.4399995803833,13.020000457763672,13.8100004196167,57091300
76,2025-10-01,12.880000114440918,13.699999809265137,12.40999984741211,12.600000381469727,61878700
77,2025-09-30,12.720000267028809,12.760000228881836,12.140000343322754,12.59000015258789,47248700
78,2025-09-29,11.864999771118164,12.670000076293945,11.404999732971191,12.649999618530273,61311200
79,2025-09-26,11.494999885559082,12.350000381469727,11.010000228881836,11.470000267028809,94631700
80,2025-09-25,13.59000015258789,13.600000381469727,11.40999984741211,11.65999984741211,155920100
81,2025-09-24,14.805000305175781,15.539999961853027,13.869999885559082,14.140000343322754,46323300
82,2025-09-23,14.34000015258789,14.734000205993652,13.449999809265137,14.149999618530273,54417400
83,2025-09-22,12.510000228881836,14.199999809265137,12.09000015258789,13.960000038146973,43838300
84,2025-09-19,11.760000228881836,12.819999694824219,11.71500015258789,12.279999732971191,39415100
85,2025-09-18,12.640000343322754,12.6899995803833,11.420000076293945,11.850000381469727,36659700
86,2025-09-17,11.300000190734863,12.65999984741211,11.199000358581543,12.380000114440918,34005100
87,2025-09-16,11.069999694824219,11.640000343322754,10.489999771118164,11.510000228881836,30631000
88,2025-09-15,10.869999885559082,11.319999694824219,10.470000267028809,10.850000381469727,42604900
89,2025-09-12,9.9350004196167,10.930000305175781,9.850000381469727,10.850000381469727,32737500
90,2025-09-11,10.149999618530273,10.675000190734863,9.875,9.970000267028809,39869100
91,2025-09-10,9.555000305175781,10.430000305175781,9.25,10.25,69412200
92,2025-09-09,8.17199993133545,9.359999656677246,7.900000095367432,9.220000267028809,68754300
93,2025-09-08,7.389999866485596,7.840000152587891,7.170000076293945,7.71999979019165,28362500
94,2025-09-05,7.78000020980835,7.860000133514404,7.083000183105469,7.519999980926514,27484500
95,2025-09-04,7.980000019073486,8.069999694824219,7.329999923706055,7.400000095367432,28128800
96,2025-09-03,8.694999694824219,8.729999542236328,8.0,8.109999656677246,44183400
97,2025-09-02,7.421000003814697,8.779999732971191,7.21999979019165,8.319999694824219,62445600
98,2025-08-29,7.25,8.710000038146973,6.949999809265137,7.639999866485596,70174900
99,2025-08-28,7.28000020980835,7.309999942779541,7.0,7.019999980926514,20060700
100,2025-08-27,7.130000114440918,7.230000019073486,6.949999809265137,6.989999771118164,21089900
101,2025-08-26,6.550000190734863,7.130000114440918,6.480000019073486,7.119999885559082,26674000
102,2025-08-25,6.314000129699707,6.730000019073486,6.019999980926514,6.639999866485596,26545800
103,2025-08-22,5.869999885559082,6.409999847412109,5.710000038146973,6.380000114440918,23186300
104,2025-08-21,5.741000175476074,5.960000038146973,5.679999828338623,5.900000095367432,20635700
105,2025-08-20,5.760000228881836,5.965000152587891,5.320000171661377,5.949999809265137,25525100
106,2025-08-19,6.070000171661377,6.159999847412109,5.599999904632568,5.760000228881836,26049200
107,2025-08-18,5.300000190734863,6.300000190734863,5.289999961853027,6.050000190734863,36317300
108,2025-08-15,5.25,5.360000133514404,5.0,5.210000038146973,27210700
109,2025-08-14,4.989999771118164,5.329999923706055,4.909999847412109,5.320000171661377,34715100
110,2025-08-13,4.840000152587891,4.949999809265137,4.710000038146973,4.900000095367432,17296600
111,2025-08-12,4.75,4.840000152587891,4.670000076293945,4.71999979019165,16497400
112,2025-08-11,4.934999942779541,5.099999904632568,4.739999771118164,4.760000228881836,18901000
113,2025-08-08,4.960000038146973,4.980000019073486,4.550000190734863,4.75,18448400
114,2025-08-07,5.179999828338623,5.289999961853027,4.820000171661377,4.869999885559082,20704700
115,2025-08-06,5.039999961853027,5.210000038146973,4.949999809265137,5.210000038146973,17438200
116,2025-08-05,5.122000217437744,5.144999980926514,4.909999847412109,5.010000228881836,15854800
117,2025-08-04,4.994999885559082,5.204999923706055,4.929999828338623,5.190000057220459,17303300
118,2025-08-01,5.0320000648498535,5.25,4.920000076293945,4.929999828338623,18975200
119,2025-07-31,5.610000133514404,5.739999771118164,5.420000076293945,5.460000038146973,18624900
120,2025-07-30,5.800000190734863,5.860000133514404,5.300000190734863,5.449999809265137,16052900
121,2025-07-29,6.159999847412109,6.190000057220459,5.639999866485596,5.679999828338623,21843900
122,2025-07-28,6.590000152587891,6.635000228881836,6.079999923706055,6.159999847412109,17435800
123,2025-07-25,6.550000190734863,6.570000171661377,6.309999942779541,6.46999979019165,16774500
124,2025-07-24,6.679999828338623,6.869999885559082,6.480000019073486,6.650000095367432,40318400
125,2025-07-23,6.760000228881836,6.769999980926514,6.28000020980835,6.679999828338623,39045700
126,2025-07-22,6.28000020980835,7.099999904632568,5.949999809265137,6.940000057220459,73607700
127,2025-07-21,6.414999961853027,6.840000152587891,6.21999979019165,6.25,26757500
128,2025-07-18,6.480000019073486,6.739999771118164,6.040999889373779,6.360000133514404,27747000
129,2025-07-17,6.199999809265137,6.539999961853027,6.059999942779541,6.420000076293945,31767000
130,2025-07-16,6.150000095367432,6.565000057220459,6.130000114440918,6.269999980926514,43910200
131,2025-07-15,5.960000038146973,6.199999809265137,5.809999942779541,5.96999979019165,37418300
132,2025-07-14,6.0,6.385000228881836,5.929999828338623,6.03000020980835,39182000
133,2025-07-11,6.409999847412109,6.46999979019165,5.860000133514404,5.869999885559082,35125400
134,2025-07-10,6.170000076293945,6.510000228881836,6.03000020980835,6.239999771118164,44983300
135,2025-07-09,6.139999866485596,6.380000114440918,5.980000019073486,6.260000228881836,46014800
136,2025-07-08,5.940000057220459,6.21999979019165,5.840000152587891,6.03000020980835,39862700
137,2025-07-07,5.809999942779541,5.889999866485596,5.269999980926514,5.789999961853027,56133400
138,2025-07-03,5.840000152587891,6.449999809265137,5.760000228881836,6.050000190734863,49906000
139,2025-07-02,5.360000133514404,5.699999809265137,4.989999771118164,5.679999828338623,94946300
140,2025-07-01,4.699999809265137,5.0,4.550000190734863,4.900000095367432,69022100
141,2025-06-30,4.349999904632568,4.860000133514404,4.289999961853027,4.78000020980835,69565600
142,2025-06-27,4.239999771118164,4.539999961853027,4.079999923706055,4.260000228881836,73713300
143,2025-06-26,3.7899999618530273,4.239999771118164,3.6500000953674316,4.190000057220459,69426900
144,2025-06-25,3.940000057220459,3.950000047683716,3.759999990463257,3.8499999046325684,25796500
145,2025-06-24,3.6500000953674316,3.869999885559082,3.630000114440918,3.8499999046325684,28098200
146,2025-06-23,3.6649999618530273,3.674999952316284,3.2899999618530273,3.5299999713897705,36263600
147,2025-06-20,3.9549999237060547,4.03000020980835,3.744999885559082,3.7899999618530273,31893500
148,2025-06-18,3.6500000953674316,3.924999952316284,3.5899999141693115,3.809999942779541,28901400
149,2025-06-17,3.799999952316284,3.8499999046325684,3.5899999141693115,3.680000066757202,21038500
150,2025-06-16,3.8299999237060547,3.9800000190734863,3.740000009536743,3.930000066757202,23776600
151,2025-06-13,3.690000057220459,3.875,3.630000114440918,3.7200000286102295,21618500
152,2025-06-12,3.9100000858306885,4.039999961853027,3.8299999237060547,3.8399999141693115,19441100
153,2025-06-11,4.070000171661377,4.21999979019165,3.984999895095825,4.079999923706055,24082500
154,2025-06-10,4.199999809265137,4.204999923706055,3.9800000190734863,4.059999942779541,24466700
155,2025-06-09,4.050000190734863,4.21999979019165,3.869999885559082,4.139999866485596,26030900
156,2025-06-06,3.640000104904175,3.9600000381469727,3.630000114440918,3.9000000953674316,22774200
157,2025-06-05,3.880000114440918,3.9549999237060547,3.440000057220459,3.5299999713897705,27681500
158,2025-06-04,3.4119999408721924,3.819999933242798,3.3510000705718994,3.740000009536743,33723600
159,2025-06-03,3.259999990463257,3.4800000190734863,3.255000114440918,3.434999942779541,25419400
160,2025-06-02,3.0799999237060547,3.299999952316284,3.0799999237060547,3.25,17153700
161,2025-05-30,3.1700000762939453,3.2300000190734863,3.0899999141693115,3.119999885559082,22974500
162,2025-05-29,3.390000104904175,3.4200000762939453,3.234999895095825,3.25,17981000
163,2025-05-28,3.5199999809265137,3.5299999713897705,3.2699999809265137,3.3499999046325684,21629800
164,2025-05-27,3.5799999237060547,3.6500000953674316,3.4800000190734863,3.569999933242798,23640300
165,2025-05-23,3.4200000762939453,3.5799999237060547,3.3399999141693115,3.4700000286102295,15879700
166,2025-05-22,3.6500000953674316,3.700000047683716,3.5,3.569999933242798,20717500
167,2025-05-21,3.490000009536743,3.7799999713897705,3.3399999141693115,3.505000114440918,57678700
168,2025-05-20,3.7799999713897705,3.805000066757202,3.5899999141693115,3.7799999713897705,20196700
169,2025-05-19,3.6500000953674316,3.859999895095825,3.609999895095825,3.809999942779541,17247400
170,2025-05-16,3.200000047683716,3.9100000858306885,3.1700000762939453,3.859999895095825,24140600
171,2025-05-15,3.2100000381469727,3.2699999809265137,3.0199999809265137,3.1700000762939453,22265800
172,2025-05-14,3.4100000858306885,3.4600000381469727,3.25,3.309999942779541,14741200
173,2025-05-13,3.255000114440918,3.450000047683716,3.2219998836517334,3.430000066757202,15916700
174,2025-05-12,3.180000066757202,3.3299999237060547,3.0999999046325684,3.1500000953674316,25578200
175,2025-05-09,3.0999999046325684,3.2200000286102295,2.950000047683716,2.9800000190734863,20604400
176,2025-05-08,3.1700000762939453,3.2799999713897705,3.055000066757202,3.119999885559082,19329600
177,2025-05-07,3.049999952316284,3.0999999046325684,2.950000047683716,3.0199999809265137,17891700
178,2025-05-06,2.940000057220459,3.180000066757202,2.875,3.0399999618530273,12478900
179,2025-05-05,3.059999942779541,3.065000057220459,2.9100000858306885,2.9800000190734863,11213600
180,2025-05-02,3.200000047683716,3.299999952316284,3.119999885559082,3.1600000858306885,13030800
181,2025-05-01,2.9800000190734863,3.1600000858306885,2.9100000858306885,3.115000009536743,9013700
182,2025-04-30,2.950000047683716,2.9700000286102295,2.7699999809265137,2.8499999046325684,8009200
183,2025-04-29,3.0299999713897705,3.1549999713897705,2.9600000381469727,3.0799999237060547,11783700
184,2025-04-28,3.0899999141693115,3.115000009536743,2.930000066757202,3.059999942779541,13905900
185,2025-04-25,3.0199999809265137,3.174999952316284,2.9800000190734863,3.0799999237060547,11985400
186,2025-04-24,2.869999885559082,3.059999942779541,2.809999942779541,3.0,16355900
187,2025-04-23,2.9200000762939453,2.990000009536743,2.809999942779541,2.859999895095825,17254200
188,2025-04-22,2.450000047683716,2.799999952316284,2.440000057220459,2.740000009536743,22104200
189,2025-04-21,2.369999885559082,2.4549999237060547,2.319999933242798,2.3399999141693115,8681600
190,2025-04-17,2.3399999141693115,2.380000114440918,2.25,2.369999885559082,5680900
191,2025-04-16,2.2200000286102295,2.359999895095825,2.2200000286102295,2.325000047683716,7444700
192,2025-04-15,2.4600000381469727,2.509999990463257,2.200000047683716,2.319999933242798,7576500
193,2025-04-14,2.5199999809265137,2.5399999618530273,2.390000104904175,2.440000057220459,6014600
194,2025-04-11,2.2100000381469727,2.4600000381469727,2.200000047683716,2.4200000762939453,7381200
195,2025-04-10,2.3399999141693115,2.4000000953674316,2.119999885559082,2.2200000286102295,10114600
196,2025-04-09,2.049999952316284,2.5799999237060547,2.0299999713897705,2.4600000381469727,16867100
197,2025-04-08,2.380000114440918,2.3889999389648438,2.0899999141693115,2.109999895095825,10292800
198,2025-04-07,1.8899999856948853,2.4000000953674316,1.8600000143051147,2.2300000190734863,24656900
199,2025-04-04,2.25,2.299999952316284,1.8600000143051147,2.0999999046325684,20714800
200,2025-04-03,2.3299999237060547,2.440000057220459,2.2699999809265137,2.309999942779541,9602300
201,2025-04-02,2.380000114440918,2.6500000953674316,2.3499999046325684,2.6500000953674316,13161800
202,2025-04-01,2.309999942779541,2.490000009536743,2.2100000381469727,2.4600000381469727,9701500
203,2025-03-31,2.2699999809265137,2.309999942779541,2.180000066757202,2.299999952316284,6795400
204,2025-03-28,2.549999952316284,2.549999952316284,2.2799999713897705,2.319999933242798,9909500
205,2025-03-27,2.634999990463257,2.680000066757202,2.5199999809265137,2.5399999618530273,8037700
206,2025-03-26,3.0199999809265137,3.0299999713897705,2.5799999237060547,2.680000066757202,13240600
207,2025-03-25,3.190000057220459,3.190000057220459,2.9600000381469727,3.0399999618530273,10453800
208,2025-03-24,3.0399999618530273,3.2200000286102295,3.0199999809265137,3.200000047683716,16218300
209,2025-03-21,2.9100000858306885,2.9600000381469727,2.8399999141693115,2.9200000762939453,13746200
210,2025-03-20,2.9700000286102295,3.109999895095825,2.9200000762939453,3.0,13446600
211,2025-03-19,2.890000104904175,3.174999952316284,2.880000114440918,3.059999942779541,11937800
212,2025-03-18,3.0199999809265137,3.065000057220459,2.859999895095825,2.869999885559082,11283900
213,2025-03-17,3.009999990463257,3.190000057220459,2.9200000762939453,3.119999885559082,16305400
214,2025-03-14,3.0799999237060547,3.1500000953674316,2.940000057220459,3.0399999618530273,15940600
215,2025-03-13,3.119999885559082,3.200000047683716,2.9600000381469727,3.0299999713897705,11321600
216,2025-03-12,3.3299999237060547,3.430000066757202,3.069999933242798,3.200000047683716,11224900
217,2025-03-11,3.059999942779541,3.25,2.869999885559082,3.180000066757202,13499800
218,2025-03-10,3.640000104904175,3.690000057220459,2.990000009536743,3.0799999237060547,15111900
219,2025-03-07,3.759999990463257,3.950000047683716,3.640000104904175,3.890000104904175,10654600
220,2025-03-06,3.880000114440918,4.03000020980835,3.7300000190734863,3.7899999618530273,12531500
221,2025-03-05,3.8350000381469727,4.159999847412109,3.7799999713897705,4.159999847412109,12526200
222,2025-03-04,3.6500000953674316,3.9600000381469727,3.309999942779541,3.75,16561900
223,2025-03-03,4.510000228881836,4.599999904632568,3.809999942779541,3.8499999046325684,23737100
224,2025-02-28,3.9700000286102295,4.119999885559082,3.869999885559082,4.079999923706055,39086900
225,2025-02-27,4.5279998779296875,4.880000114440918,3.940000057220459,3.9700000286102295,30367500
226,2025-02-26,4.039999961853027,4.324999809265137,3.9700000286102295,4.175000190734863,20898800
227,2025-02-25,4.639999866485596,4.75,3.8450000286102295,4.099999904632568,41009500
228,2025-02-24,5.610000133514404,5.619999885559082,4.75,4.965000152587891,18956200
229,2025-02-21,6.179999828338623,6.434999942779541,5.46999979019165,5.489999771118164,16653400
230,2025-02-20,6.050000190734863,6.170000076293945,5.809999942779541,6.079999923706055,8575600
231,2025-02-19,5.920000076293945,6.329999923706055,5.920000076293945,6.019999980926514,8439200
232,2025-02-18,6.085000038146973,6.21999979019165,5.849999904632568,5.900000095367432,9133000
233,2025-02-14,5.989999771118164,6.170000076293945,5.96999979019165,6.059999942779541,6766700
234,2025-02-13,5.775000095367432,6.0,5.559999942779541,5.980000019073486,6629000
235,2025-02-12,5.53000020980835,5.925000190734863,5.53000020980835,5.78000020980835,6938200
236,2025-02-11,5.900000095367432,6.175000190734863,5.670000076293945,5.699999809265137,8375100
237,2025-02-10,6.079999923706055,6.150000095367432,5.90500020980835,5.960000038146973,10952200
238,2025-02-07,6.074999809265137,6.449999809265137,5.869999885559082,5.96999979019165,10873500
239,2025-02-06,5.809999942779541,6.369999885559082,5.710000038146973,5.889999866485596,18258900
240,2025-02-05,5.889999866485596,6.050000190734863,5.650000095367432,5.710000038146973,8831900
241,2025-02-04,5.769999980926514,5.900000095367432,5.599999904632568,5.809999942779541,7186500
242,2025-02-03,5.230000019073486,6.039000034332275,5.119999885559082,5.820000171661377,15682600
243,2025-01-31,5.599999904632568,6.289999961853027,5.5,5.730000019073486,43149400
244,2025-01-30,4.599999904632568,4.875,4.59499979019165,4.699999809265137,12990300
245,2025-01-29,4.429999828338623,4.605000019073486,4.385000228881836,4.5,17218000
246,2025-01-28,4.699999809265137,4.75,4.260000228881836,4.489999771118164,13441700
247,2025-01-27,5.429999828338623,5.439000129699707,4.099999904632568,4.510000228881836,30563700
248,2025-01-24,5.679999828338623,6.409999847412109,5.605000019073486,5.900000095367432,17478600
249,2025-01-23,5.320000171661377,5.800000190734863,5.309999942779541,5.53000020980835,9499300
250,2025-01-22,5.380000114440918,5.619999885559082,5.150000095367432,5.510000228881836,9685500
251,2025-01-21,5.449999809265137,5.550000190734863,5.045000076293945,5.389999866485596,10177900
252,2025-01-17,5.5,5.710000038146973,5.349999904632568,5.429999828338623,8574200
253,2025-01-16,5.210000038146973,5.454999923706055,5.15500020980835,5.199999809265137,6461300
254,2025-01-15,5.25,5.409999847412109,5.070000171661377,5.239999771118164,6320000
255,2025-01-14,5.099999904632568,5.244999885559082,4.880000114440918,4.949999809265137,6852400
256,2025-01-13,4.710000038146973,4.829999923706055,4.590000152587891,4.809999942779541,9508400
257,2025-01-10,4.960000038146973,5.039999961853027,4.75,4.980000019073486,8810500
258,2025-01-08,5.25,5.295000076293945,4.949999809265137,5.050000190734863,5836000
259,2025-01-07,5.829999923706055,5.829999923706055,5.199999809265137,5.389999866485596,6358200
260,2025-01-06,5.739999771118164,5.96999979019165,5.5,5.849999904632568,8576500
261,2025-01-03,4.900000095367432,5.579999923706055,4.855000019073486,5.570000171661377,9916000
262,2025-01-02,4.840000152587891,5.039999961853027,4.670000076293945,4.829999923706055,7396300
263,2024-12-31,4.839000225067139,4.869999885559082,4.510000228881836,4.639999866485596,9125900
264,2024-12-30,4.690000057220459,4.815000057220459,4.510000228881836,4.659999847412109,10026900
265,2024-12-27,5.230000019073486,5.409999847412109,4.829999923706055,4.860000133514404,9866200
266,2024-12-26,5.380000114440918,5.449999809265137,5.25,5.260000228881836,5873800
267,2024-12-24,5.334000110626221,5.574999809265137,5.230000019073486,5.5,5741300
268,2024-12-23,5.710000038146973,5.71999979019165,5.190000057220459,5.210000038146973,10155300
269,2024-12-20,5.559999942779541,5.940000057220459,5.480000019073486,5.730000019073486,14877900
270,2024-12-19,6.534999847412109,6.630000114440918,5.699999809265137,5.739999771118164,10619900
271,2024-12-18,7.190000057220459,7.309999942779541,6.110000133514404,6.289999961853027,13264700
272,2024-12-17,7.460000038146973,7.559999942779541,7.079999923706055,7.230000019073486,12538100
273,2024-12-16,6.210000038146973,7.670000076293945,6.139999866485596,7.389999866485596,23026000
274,2024-12-13,6.409999847412109,6.5,6.054999828338623,6.130000114440918,8377500
275,2024-12-12,6.46999979019165,6.894999980926514,6.284999847412109,6.489999771118164,10926800
276,2024-12-11,6.300000190734863,6.53000020980835,6.179999828338623,6.460000038146973,8094500
277,2024-12-10,6.519999980926514,6.579999923706055,6.119999885559082,6.130000114440918,6935200
278,2024-12-09,7.050000190734863,7.099999904632568,6.349999904632568,6.380000114440918,9980500
279,2024-12-06,7.0,7.486999988555908,6.980000019073486,7.110000133514404,15272900
280,2024-12-05,7.2230000495910645,7.534999847412109,6.863999843597412,6.889999866485596,13270500
281,2024-12-04,6.340000152587891,6.914999961853027,6.21999979019165,6.849999904632568,9351400
282,2024-12-03,6.050000190734863,6.449999809265137,5.960000038146973,6.190000057220459,7324100
283,2024-12-02,6.670000076293945,6.744999885559082,6.139999866485596,6.300000190734863,9477400
284,2024-11-29,6.554999828338623,7.289999961853027,6.554999828338623,6.699999809265137,9483500
285,2024-11-27,5.699999809265137,6.449999809265137,5.675000190734863,6.449999809265137,9453100
286,2024-11-26,6.170000076293945,6.230000019073486,5.610000133514404,5.630000114440918,9376600
287,2024-11-25,6.909999847412109,6.919000148773193,6.210000038146973,6.449999809265137,8853700
288,2024-11-22,6.03000020980835,6.989999771118164,5.849999904632568,6.78000020980835,9446200
289,2024-11-21,6.880000114440918,7.051000118255615,6.03000020980835,6.190000057220459,10170500
290,2024-11-20,6.860000133514404,7.0,6.324999809265137,6.510000228881836,10560800
291,2024-11-19,6.460000038146973,6.739999771118164,6.329999923706055,6.679999828338623,5139800
292,2024-11-18,6.519999980926514,7.050000190734863,6.440000057220459,6.53000020980835,5761000
293,2024-11-15,6.590000152587891,6.670000076293945,6.269999980926514,6.630000114440918,5921400
294,2024-11-14,6.730000019073486,7.025000095367432,6.329999923706055,6.420000076293945,8557500
295,2024-11-13,7.400000095367432,7.747000217437744,6.619999885559082,6.619999885559082,11548400
296,2024-11-12,6.8420000076293945,7.570000171661377,6.78000020980835,7.349999904632568,11107400
297,2024-11-11,7.480000019073486,7.769999980926514,7.070000171661377,7.429999828338623,22539100
298,2024-11-08,6.920000076293945,7.199999809265137,6.5,7.159999847412109,13830100
299,2024-11-07,6.670000076293945,7.09499979019165,6.420000076293945,6.949999809265137,19742900
300,2024-11-06,6.099999904632568,7.0,5.96999979019165,6.96999979019165,28357600
301,2024-11-05,5.190000057220459,5.650000095367432,5.15500020980835,5.320000171661377,10630400
302,2024-11-04,5.110000133514404,5.335000038146973,4.985000133514404,5.039999961853027,11378500
303,2024-11-01,5.090000152587891,5.320000171661377,4.869999885559082,5.25,12921800
304,2024-10-31,5.010000228881836,5.070000171661377,4.769999980926514,4.929999828338623,10687700
305,2024-10-30,5.070000171661377,5.429999828338623,5.0,5.28000020980835,8203200
306,2024-10-29,5.809999942779541,5.849999904632568,5.329999923706055,5.389999866485596,11562000
307,2024-10-28,5.639999866485596,5.809999942779541,5.550000190734863,5.659999847412109,10066700
308,2024-10-25,5.590000152587891,5.599999904632568,5.349999904632568,5.460000038146973,9565300
309,2024-10-24,5.269999980926514,5.590000152587891,5.25,5.585000038146973,10141500
310,2024-10-23,5.28000020980835,5.409999847412109,4.949999809265137,5.150000095367432,10674500
311,2024-10-22,5.340000152587891,5.519999980926514,5.130000114440918,5.5,9960900
312,2024-10-21,4.84499979019165,5.389999866485596,4.619999885559082,5.380000114440918,14119700
313,2024-10-18,4.909999847412109,5.03000020980835,4.800000190734863,4.96999979019165,10542800
314,2024-10-17,4.940000057220459,4.989999771118164,4.715000152587891,4.820000171661377,8599200
315,2024-10-16,4.5,5.039999961853027,4.380000114440918,5.010000228881836,15096600
316,2024-10-15,4.449999809265137,4.599999904632568,4.159999847412109,4.380000114440918,11938700
317,2024-10-14,4.289999961853027,4.539999961853027,4.199999809265137,4.320000171661377,9561700
318,2024-10-11,3.7100000381469727,4.199999809265137,3.7049999237060547,4.190000057220459,7403800
319,2024-10-10,3.7200000286102295,3.75,3.5829999446868896,3.6700000762939453,5473700
320,2024-10-09,3.9600000381469727,3.990000009536743,3.740000009536743,3.7699999809265137,5983500
321,2024-10-08,3.990000009536743,4.050000190734863,3.880000114440918,3.9600000381469727,5043700
322,2024-10-07,4.079999923706055,4.150000095367432,3.9100000858306885,4.019999980926514,7271700
323,2024-10-04,3.940000057220459,4.210000038146973,3.9100000858306885,4.099999904632568,11906900
324,2024-10-03,3.7200000286102295,3.859999895095825,3.6600000858306885,3.819999933242798,5164900
325,2024-10-02,3.5199999809265137,3.890000104904175,3.509999990463257,3.8499999046325684,7840700
326,2024-10-01,3.8499999046325684,3.880000114440918,3.4749999046325684,3.5799999237060547,11217200
327,2024-09-30,3.7300000190734863,4.110000133514404,3.6600000858306885,3.869999885559082,8471200
328,2024-09-27,4.179999828338623,4.269999980926514,3.930000066757202,4.110000133514404,10103000
329,2024-09-26,4.010000228881836,4.230000019073486,3.809999942779541,4.139999866485596,14646900
330,2024-09-25,3.6500000953674316,4.179999828338623,3.630000114440918,3.859999895095825,22690800
331,2024-09-24,3.0399999618530273,3.4800000190734863,3.0399999618530273,3.440000057220459,22433100
332,2024-09-23,2.930000066757202,3.0299999713897705,2.9200000762939453,2.990000009536743,10638600
333,2024-09-20,2.930000066757202,2.990000009536743,2.859999895095825,2.9000000953674316,19023500
334,2024-09-19,3.0999999046325684,3.109999895095825,2.9100000858306885,2.930000066757202,8638700
335,2024-09-18,3.0299999713897705,3.1449999809265137,2.8499999046325684,2.9000000953674316,11233500
336,2024-09-17,3.130000114440918,3.140000104904175,2.9700000286102295,2.9800000190734863,9377000
337,2024-09-16,3.0,3.0399999618530273,2.859999895095825,3.009999990463257,4514900
338,2024-09-13,3.0999999046325684,3.2149999141693115,3.0399999618530273,3.0899999141693115,5362900
339,2024-09-12,3.0799999237060547,3.140000104904175,3.0,3.0899999141693115,5425700
340,2024-09-11,3.0,3.184999942779541,2.869999885559082,3.0999999046325684,7741700
341,2024-09-10,2.9800000190734863,3.119999885559082,2.8299999237060547,3.109999895095825,9358800
342,2024-09-09,2.7899999618530273,2.9600000381469727,2.740000009536743,2.950000047683716,7772600
343,2024-09-06,2.9700000286102295,2.9800000190734863,2.6549999713897705,2.700000047683716,8386000
344,2024-09-05,2.990000009536743,3.049999952316284,2.864000082015991,2.890000104904175,5911700
345,2024-09-04,3.0799999237060547,3.1549999713897705,2.9210000038146973,2.9749999046325684,11492800
346,2024-09-03,3.4000000953674316,3.4600000381469727,3.1500000953674316,3.200000047683716,8055900
347,2024-08-30,3.609999895095825,3.6700000762939453,3.490000009536743,3.509999990463257,8093500
348,2024-08-29,3.640000104904175,3.8399999141693115,3.555000066757202,3.5899999141693115,7474300
349,2024-08-28,3.700000047683716,3.7850000858306885,3.5199999809265137,3.5299999713897705,7034200
350,2024-08-27,3.9000000953674316,3.950000047683716,3.6700000762939453,3.740000009536743,7918100
351,2024-08-26,3.9600000381469727,4.054999828338623,3.819999933242798,4.010000228881836,9774400
352,2024-08-23,3.880000114440918,4.0,3.809999942779541,4.0,10858800
353,2024-08-22,4.079999923706055,4.079999923706055,3.759999990463257,3.7899999618530273,7388600
354,2024-08-21,4.019999980926514,4.11899995803833,3.9600000381469727,4.050000190734863,9066200
355,2024-08-20,4.130000114440918,4.209000110626221,3.869999885559082,3.950000047683716,6027300
356,2024-08-19,3.9000000953674316,4.050000190734863,3.880000114440918,3.990000009536743,7208800
357,2024-08-16,3.859999895095825,4.074999809265137,3.7899999618530273,3.8399999141693115,10748600
358,2024-08-15,3.799999952316284,4.110000133514404,3.7950000762939453,3.859999895095825,13776600
359,2024-08-14,4.0,4.119999885559082,3.6500000953674316,3.6500000953674316,11609400
360,2024-08-13,3.950000047683716,4.144999980926514,3.859999895095825,3.9200000762939453,6414800
361,2024-08-12,4.070000171661377,4.079999923706055,3.8499999046325684,3.930000066757202,5673800
362,2024-08-09,4.28000020980835,4.389999866485596,4.050000190734863,4.070000171661377,5244700
363,2024-08-08,4.130000114440918,4.449999809265137,4.0,4.329999923706055,8071600
364,2024-08-07,4.179999828338623,4.420000076293945,3.8499999046325684,3.880000114440918,10290300
365,2024-08-06,4.210000038146973,4.230000019073486,3.9049999713897705,3.9700000286102295,5722500
366,2024-08-05,3.5899999141693115,4.139999866485596,3.3499999046325684,4.050000190734863,11452900
367,2024-08-02,4.599999904632568,4.764999866485596,4.230000019073486,4.329999923706055,9355500
368,2024-08-01,5.210000038146973,5.360000133514404,4.800000190734863,4.829999923706055,7920600
369,2024-07-31,5.489999771118164,5.684999942779541,5.199999809265137,5.230000019073486,8801800
370,2024-07-30,5.590000152587891,5.669000148773193,5.224999904632568,5.309999942779541,5021400
371,2024-07-29,6.03000020980835,6.179999828338623,5.460000038146973,5.570000171661377,6199600
372,2024-07-26,5.880000114440918,6.010000228881836,5.610000133514404,5.820000171661377,7465800
373,2024-07-25,5.550000190734863,5.7789998054504395,5.329999923706055,5.510000228881836,6563100
374,2024-07-24,6.25,6.309000015258789,5.690000057220459,5.71999979019165,7952500
375,2024-07-23,6.300000190734863,6.559999942779541,6.0,6.130000114440918,7698800
376,2024-07-22,6.300000190734863,6.519999980926514,5.954999923706055,6.460000038146973,9396600
377,2024-07-19,6.090000152587891,6.389999866485596,5.901000022888184,6.190000057220459,10539400
378,2024-07-18,7.074999809265137,7.099999904632568,5.889999866485596,6.0,15697300
379,2024-07-17,6.599999904632568,7.989999771118164,6.349999904632568,6.78000020980835,23266500
380,2024-07-16,6.070000171661377,6.840000152587891,5.980000019073486,6.78000020980835,19403600
381,2024-07-15,4.938000202178955,5.989999771118164,4.869999885559082,5.980000019073486,17461900
382,2024-07-12,4.400000095367432,4.710000038146973,4.320000171661377,4.679999828338623,6905900
383,2024-07-11,4.610000133514404,4.715000152587891,4.340000152587891,4.360000133514404,7866800
384,2024-07-10,4.460000038146973,4.5,4.315000057220459,4.429999828338623,5842500
385,2024-07-09,4.699999809265137,4.78000020980835,4.309999942779541,4.369999885559082,6723000
386,2024-07-08,4.75,4.864999771118164,4.585000038146973,4.619999885559082,5797500
387,2024-07-05,4.199999809265137,4.715000152587891,4.170000076293945,4.699999809265137,7850900
388,2024-07-03,4.46999979019165,4.820000171661377,4.400000095367432,4.650000095367432,5828200
389,2024-07-02,4.690000057220459,4.829999923706055,4.511000156402588,4.579999923706055,8348200
390,2024-07-01,4.230000019073486,4.744999885559082,4.230000019073486,4.71999979019165,14007900
391,2024-06-28,4.21999979019165,4.309999942779541,4.059999942779541,4.150000095367432,25480500
392,2024-06-27,4.25,4.389999866485596,4.045000076293945,4.190000057220459,11227000
393,2024-06-26,4.329999923706055,4.550000190734863,4.179999828338623,4.210000038146973,9914800
394,2024-06-25,4.389999866485596,4.454999923706055,4.179999828338623,4.239999771118164,12971000
395,2024-06-24,4.269999980926514,4.474999904632568,4.170000076293945,4.269999980926514,10518800
396,2024-06-21,4.98199987411499,5.0,4.369999885559082,4.559999942779541,20464200
397,2024-06-20,5.3379998207092285,5.889999866485596,5.105000019073486,5.239999771118164,24276100
398,2024-06-18,4.800000190734863,5.065000057220459,4.650000095367432,5.010000228881836,8984800
399,2024-06-17,4.840000152587891,5.179999828338623,4.619999885559082,5.0,11722500
400,2024-06-14,5.099999904632568,5.230000019073486,4.840000152587891,4.949999809265137,10617100
401,2024-06-13,4.630000114440918,5.114999771118164,4.630000114440918,4.989999771118164,18311100
402,2024-06-12,4.320000171661377,4.739999771118164,4.320000171661377,4.570000171661377,15644900
403,2024-06-11,3.9800000190734863,4.21999979019165,3.759999990463257,4.195000171661377,9339900
404,2024-06-10,3.990000009536743,4.420000076293945,3.9700000286102295,4.179999828338623,9624400
405,2024-06-07,4.110000133514404,4.570000171661377,3.9800000190734863,4.03000020980835,12001100
406,2024-06-06,4.110000133514404,4.360000133514404,4.039999961853027,4.110000133514404,11937200
407,2024-06-05,3.9100000858306885,4.050000190734863,3.744999885559082,4.039999961853027,6539800
408,2024-06-04,3.5999999046325684,3.9549999237060547,3.5799999237060547,3.8499999046325684,6584700
409,2024-06-03,3.7799999713897705,3.880000114440918,3.630000114440918,3.640000104904175,4554000
410,2024-05-31,3.819999933242798,3.859999895095825,3.569999933242798,3.7100000381469727,9146000
411,2024-05-30,3.859999895095825,3.869999885559082,3.640000104904175,3.759999990463257,8123600
412,2024-05-29,3.9200000762939453,3.950000047683716,3.759999990463257,3.799999952316284,5076100
413,2024-05-28,4.059999942779541,4.139999866485596,3.9100000858306885,4.0,6576300
414,2024-05-24,3.950000047683716,4.230000019073486,3.8299999237060547,4.090000152587891,6700400
415,2024-05-23,4.210000038146973,4.260000228881836,3.869999885559082,3.9000000953674316,4941800
416,2024-05-22,4.090000152587891,4.480000019073486,4.052000045776367,4.130000114440918,10428900
417,2024-05-21,3.930000066757202,4.170000076293945,3.930000066757202,4.019999980926514,4858400
418,2024-05-20,3.7899999618530273,4.070000171661377,3.7300000190734863,3.990000009536743,6927000
419,2024-05-17,4.130000114440918,4.175000190734863,3.8299999237060547,3.8499999046325684,5680800
420,2024-05-16,4.150000095367432,4.329999923706055,4.005000114440918,4.070000171661377,4755300
421,2024-05-15,3.890000104904175,4.190000057220459,3.700000047683716,4.159999847412109,5407600
422,2024-05-14,3.700000047683716,3.940000057220459,3.6500000953674316,3.7100000381469727,4225900
423,2024-05-13,3.8399999141693115,3.990000009536743,3.7049999237060547,3.7200000286102295,2900400
424,2024-05-10,4.050000190734863,4.090000152587891,3.6700000762939453,3.7200000286102295,5484800
425,2024-05-09,3.7699999809265137,4.039999961853027,3.746000051498413,3.950000047683716,4373000
426,2024-05-08,3.7300000190734863,3.8399999141693115,3.5320000648498535,3.7750000953674316,4320000
427,2024-05-07,4.349999904632568,4.380000114440918,3.740000009536743,3.7899999618530273,10814500
428,2024-05-06,4.300000190734863,4.514999866485596,4.269999980926514,4.46999979019165,5271100
429,2024-05-03,4.099999904632568,4.400000095367432,4.065000057220459,4.139999866485596,4614200
430,2024-05-02,3.9000000953674316,3.990000009536743,3.7100000381469727,3.930000066757202,4450100
431,2024-05-01,3.5999999046325684,3.9000000953674316,3.369999885559082,3.690000057220459,8397400
432,2024-04-30,3.950000047683716,4.050000190734863,3.680000066757202,3.7200000286102295,7759400
433,2024-04-29,4.25,4.355000019073486,3.9700000286102295,4.039999961853027,5486400
434,2024-04-26,4.480000019073486,4.619999885559082,4.390999794006348,4.5,3506900
435,2024-04-25,4.320000171661377,4.460000038146973,4.190000057220459,4.429999828338623,6526300
436,2024-04-24,4.769999980926514,5.0,4.550000190734863,4.639999866485596,4933400
437,2024-04-23,4.46999979019165,4.889999866485596,4.409999847412109,4.809999942779541,7142200
438,2024-04-22,4.03000020980835,4.565000057220459,3.859999895095825,4.559999942779541,8317500
439,2024-04-19,3.700000047683716,3.990000009536743,3.559999942779541,3.8399999141693115,8233100
440,2024-04-18,3.490000009536743,3.8350000381469727,3.4100000858306885,3.680000066757202,5565400
441,2024-04-17,3.369999885559082,3.5899999141693115,3.299999952316284,3.4200000762939453,5592700
442,2024-04-16,3.5420000553131104,3.569999933242798,3.299999952316284,3.359999895095825,6140300
443,2024-04-15,3.819999933242798,3.9000000953674316,3.5899999141693115,3.6500000953674316,4059600
444,2024-04-12,4.059999942779541,4.150000095367432,3.734999895095825,3.825000047683716,5772900
445,2024-04-11,4.210000038146973,4.210000038146973,3.875,4.150000095367432,6934600
446,2024-04-10,3.9700000286102295,4.420000076293945,3.940000057220459,4.210000038146973,5946100
447,2024-04-09,4.199999809265137,4.309999942779541,4.119999885559082,4.199999809265137,4088200
448,2024-04-08,4.320000171661377,4.550000190734863,3.9100000858306885,4.289999961853027,8056600
449,2024-04-05,4.059999942779541,4.215000152587891,3.884999990463257,4.050000190734863,4832800
450,2024-04-04,4.440000057220459,4.590000152587891,4.150000095367432,4.159999847412109,6297800
451,2024-04-03,4.239999771118164,4.489999771118164,4.15500020980835,4.349999904632568,5025400
452,2024-04-02,4.340000152587891,4.369999885559082,4.0,4.289999961853027,10712300
453,2024-04-01,4.940000057220459,4.940000057220459,4.610000133514404,4.880000114440918,6556400
454,2024-03-28,5.349999904632568,5.75,5.03000020980835,5.150000095367432,14473600
455,2024-03-27,5.329999923706055,5.65500020980835,5.25,5.329999923706055,11048400
456,2024-03-26,5.369999885559082,5.480000019073486,5.159999847412109,5.21999979019165,12534000
457,2024-03-25,4.809999942779541,5.460000038146973,4.760000228881836,5.260000228881836,16804100
458,2024-03-22,4.690000057220459,4.809999942779541,4.510000228881836,4.619999885559082,8155800
459,2024-03-21,4.300000190734863,5.045000076293945,4.28000020980835,4.829999923706055,12449400
460,2024-03-20,4.300000190734863,4.710000038146973,4.119999885559082,4.550000190734863,15720900
461,2024-03-19,3.799999952316284,4.260000228881836,3.690000057220459,4.099999904632568,14220500
462,2024-03-18,3.619999885559082,4.070000171661377,3.4000000953674316,3.950000047683716,14272000
463,2024-03-15,3.0899999141693115,3.5399999618530273,3.0899999141693115,3.5299999713897705,10597800
464,2024-03-14,3.3299999237060547,3.380000114440918,3.0420000553131104,3.1700000762939453,6672400
465,2024-03-13,3.0899999141693115,3.4600000381469727,3.0399999618530273,3.380000114440918,7441200
466,2024-03-12,3.200000047683716,3.240000009536743,3.0450000762939453,3.134999990463257,4791700
467,2024-03-11,3.6600000858306885,3.700000047683716,3.1500000953674316,3.1600000858306885,8455400
468,2024-03-08,3.549999952316284,3.799999952316284,3.2799999713897705,3.509999990463257,12839300
469,2024-03-07,3.5399999618530273,3.569999933242798,3.2799999713897705,3.4200000762939453,9012300
470,2024-03-06,2.9200000762939453,3.8299999237060547,2.9100000858306885,3.630000114440918,19048500
471,2024-03-05,3.0799999237060547,3.190000057220459,2.809999942779541,2.8499999046325684,10661900
472,2024-03-04,3.0899999141693115,3.194999933242798,2.8499999046325684,2.869999885559082,10622500
473,2024-03-01,3.0,3.0899999141693115,2.825000047683716,3.0899999141693115,4687100
474,2024-02-29,3.299999952316284,3.309999942779541,2.9200000762939453,2.9600000381469727,8585200
475,2024-02-28,3.569999933242798,3.7200000286102295,3.1600000858306885,3.2699999809265137,13185800
476,2024-02-27,3.5999999046325684,3.680000066757202,3.240000009536743,3.450000047683716,9536700
477,2024-02-26,3.0199999809265137,3.4649999141693115,2.9700000286102295,3.4000000953674316,9781700
478,2024-02-23,3.140000104904175,3.1500000953674316,2.9600000381469727,3.0299999713897705,5082200
479,2024-02-22,3.2300000190734863,3.430000066757202,3.1500000953674316,3.244999885559082,3969300
480,2024-02-21,3.3299999237060547,3.430000066757202,3.1050000190734863,3.130000114440918,4467200
481,2024-02-20,3.7799999713897705,3.8499999046325684,3.2200000286102295,3.5,9181200
482,2024-02-16,4.199999809265137,4.25,3.759999990463257,3.7799999713897705,13275100
483,2024-02-15,4.099999904632568,4.46999979019165,3.993000030517578,4.199999809265137,14958700
484,2024-02-14,3.9600000381469727,4.059999942779541,3.680000066757202,4.019999980926514,11455900
485,2024-02-13,3.4800000190734863,3.6500000953674316,3.1500000953674316,3.5,10378100
486,2024-02-12,3.4000000953674316,3.9600000381469727,3.359999895095825,3.9000000953674316,10703000
487,2024-02-09,3.299999952316284,3.440000057220459,3.069999933242798,3.3499999046325684,12150700
488,2024-02-08,2.619999885559082,2.9100000858306885,2.6089999675750732,2.9000000953674316,6626400
489,2024-02-07,2.5899999141693115,2.634999990463257,2.4200000762939453,2.509999990463257,4441500
490,2024-02-06,2.4100000858306885,2.5999999046325684,2.4000000953674316,2.5899999141693115,3729200
491,2024-02-05,2.5999999046325684,2.630000114440918,2.440000057220459,2.450000047683716,4842800
492,2024-02-02,2.869999885559082,2.869999885559082,2.625,2.680000066757202,5224200
493,2024-02-01,3.0299999713897705,3.109999895095825,2.799999952316284,2.859999895095825,7357300
494,2024-01-31,2.9100000858306885,3.2899999618530273,2.859999895095825,3.0399999618530273,15425700
495,2024-01-30,3.190000057220459,3.2100000381469727,3.009999990463257,3.0799999237060547,7983100
496,2024-01-29,2.8399999141693115,3.2100000381469727,2.7100000381469727,3.109999895095825,12916600
497,2024-01-26,2.4600000381469727,2.859999895095825,2.450000047683716,2.75,11368600
498,2024-01-25,2.259999990463257,2.390000104904175,2.1549999713897705,2.359999895095825,6340600
499,2024-01-24,2.799999952316284,2.859999895095825,2.2149999141693115,2.2850000858306885,14872000
500,2024-01-23,2.819999933242798,2.8499999046325684,2.700000047683716,2.740000009536743,3238200
501,2024-01-22,2.630000114440918,2.86899995803833,2.555000066757202,2.819999933242798,5112400
502,2024-01-19,2.609999895095825,2.690000057220459,2.4600000381469727,2.680000066757202,6364900
503,2024-01-18,2.880000114440918,2.890000104904175,2.5999999046325684,2.630000114440918,6261500
504,2024-01-17,2.8299999237060547,2.880000114440918,2.759999990463257,2.799999952316284,4366200
505,2024-01-16,3.109999895095825,3.109999895095825,2.8399999141693115,2.9000000953674316,7744700
506,2024-01-12,3.3399999141693115,3.509999990463257,3.2200000286102295,3.259999990463257,7413400
507,2024-01-11,4.0,4.119999885559082,3.309999942779541,3.509999990463257,9548500
508,2024-01-10,3.680000066757202,3.9700000286102295,3.5999999046325684,3.7899999618530273,8362800
509,2024-01-09,3.950000047683716,4.010000228881836,3.7899999618530273,3.819999933242798,6224300
510,2024-01-08,3.994999885559082,4.065000057220459,3.5199999809265137,4.039999961853027,12200300
511,2024-01-05,4.110000133514404,4.110000133514404,3.7799999713897705,3.9100000858306885,7679300
512,2024-01-04,4.099999904632568,4.328999996185303,3.9600000381469727,4.190000057220459,8359000
513,2024-01-03,3.759999990463257,4.28000020980835,3.6600000858306885,3.930000066757202,11653400
514,2024-01-02,4.690000057220459,4.769999980926514,4.090000152587891,4.130000114440918,10280900
515,2023-12-29,4.960000038146973,4.960000038146973,4.0,4.130000114440918,19616900
516,2023-12-28,5.0,5.1579999923706055,4.670000076293945,4.809999942779541,18895700
517,2023-12-27,5.599999904632568,5.599999904632568,5.059999942779541,5.269999980926514,27485500
518,2023-12-26,4.119999885559082,5.309999942779541,3.930000066757202,4.980000019073486,30471600
519,2023-12-22,4.03000020980835,4.210000038146973,3.9549999237060547,4.03000020980835,21299300
520,2023-12-21,4.190000057220459,4.309999942779541,3.9800000190734863,4.050000190734863,16330200
521,2023-12-20,3.8450000286102295,4.199999809265137,3.6600000858306885,3.8299999237060547,22682700
522,2023-12-19,3.380000114440918,3.8550000190734863,3.319999933242798,3.5899999141693115,20154400
523,2023-12-18,2.549999952316284,3.2100000381469727,2.5299999713897705,3.140000104904175,15377700
524,2023-12-15,2.5999999046325684,2.619999885559082,2.5299999713897705,2.5999999046325684,5951900
525,2023-12-14,2.569999933242798,2.6600000858306885,2.5199999809265137,2.5799999237060547,4311000
526,2023-12-13,2.359999895095825,2.490000009536743,2.2899999618530273,2.4600000381469727,4898300
527,2023-12-12,2.5299999713897705,2.5350000858306885,2.319999933242798,2.3299999237060547,3259100
528,2023-12-11,2.8499999046325684,2.8499999046325684,2.430000066757202,2.450000047683716,3398700
529,2023-12-08,2.609999895095825,2.930000066757202,2.609999895095825,2.9100000858306885,4309400
530,2023-12-07,2.6600000858306885,2.7100000381469727,2.549999952316284,2.619999885559082,2872300
531,2023-12-06,2.880000114440918,2.9200000762939453,2.690000057220459,2.740000009536743,3353500
532,2023-12-05,3.009999990463257,3.125,2.765000104904175,2.7899999618530273,6601800
533,2023-12-04,3.200000047683716,3.2300000190734863,2.9800000190734863,2.990000009536743,12808700
534,2023-12-01,2.799999952316284,3.005000114440918,2.740000009536743,2.940000057220459,7398600
535,2023-11-30,2.7899999618530273,2.869999885559082,2.7149999141693115,2.7699999809265137,2372400
536,2023-11-29,2.799999952316284,2.799999952316284,2.6500000953674316,2.740000009536743,2145800
537,2023-11-28,2.680000066757202,2.7300000190734863,2.619999885559082,2.690000057220459,2639100
538,2023-11-27,2.5999999046325684,2.7100000381469727,2.5799999237060547,2.619999885559082,1972700
539,2023-11-24,2.609999895095825,2.7049999237060547,2.5250000953674316,2.690000057220459,1279100
540,2023-11-22,2.450000047683716,2.559999942779541,2.4119999408721924,2.549999952316284,1452700
541,2023-11-21,2.5299999713897705,2.5299999713897705,2.4000000953674316,2.440000057220459,1496000
542,2023-11-20,2.450000047683716,2.630000114440918,2.440000057220459,2.490000009536743,4770900
543,2023-11-17,2.609999895095825,2.609999895095825,2.4600000381469727,2.4749999046325684,1571100
544,2023-11-16,2.819999933242798,2.825000047683716,2.5,2.5,2677800
545,2023-11-15,2.880000114440918,3.0999999046325684,2.815000057220459,2.880000114440918,4285200
546,2023-11-14,2.8499999046325684,2.940000057220459,2.759999990463257,2.8499999046325684,2112300
547,2023-11-13,2.990000009536743,2.990000009536743,2.740000009536743,2.880000114440918,2520200
548,2023-11-10,3.009999990463257,3.187000036239624,2.950000047683716,2.9800000190734863,1701400
549,2023-11-09,3.799999952316284,3.799999952316284,2.8949999809265137,3.119999885559082,12288900
550,2023-11-08,4.039999961853027,4.039999961853027,3.5399999618530273,3.569999933242798,2186000
551,2023-11-07,3.819999933242798,3.9049999713897705,3.640000104904175,3.8499999046325684,1679500
552,2023-11-06,4.230000019073486,4.230000019073486,3.7850000858306885,3.880000114440918,2194900
553,2023-11-03,3.859999895095825,4.26800012588501,3.859999895095825,4.099999904632568,2011300
554,2023-11-02,3.690000057220459,4.039999961853027,3.6700000762939453,3.950000047683716,2566800
555,2023-11-01,3.3399999141693115,3.559999942779541,3.309999942779541,3.494999885559082,1331700
556,2023-10-31,3.4000000953674316,3.4179999828338623,3.140000104904175,3.3299999237060547,1246600
557,2023-10-30,3.430000066757202,3.749000072479248,3.319999933242798,3.490000009536743,2172800
558,2023-10-27,3.5299999713897705,3.640000104904175,3.2300000190734863,3.319999933242798,1819100
559,2023-10-26,3.4700000286102295,3.640000104904175,3.4000000953674316,3.5199999809265137,1655400
560,2023-10-25,3.0899999141693115,3.569999933242798,3.009999990463257,3.5399999618530273,2604700
561,2023-10-24,2.9600000381469727,3.1500000953674316,2.700000047683716,3.140000104904175,5101200
562,2023-10-23,2.690000057220459,2.7200000286102295,2.559999942779541,2.6700000762939453,2481700
563,2023-10-20,2.7300000190734863,2.7699999809265137,2.5299999713897705,2.5999999046325684,1503300
564,2023-10-19,2.619999885559082,2.640000104904175,2.5,2.569999933242798,1270100
565,2023-10-18,2.75,2.859999895095825,2.5999999046325684,2.630000114440918,850300
566,2023-10-17,2.569999933242798,2.8299999237060547,2.569999933242798,2.7899999618530273,1243500
567,2023-10-16,2.4700000286102295,2.7699999809265137,2.4600000381469727,2.6600000858306885,1824000
568,2023-10-13,2.4200000762939453,2.440000057220459,2.359999895095825,2.4000000953674316,405100
569,2023-10-12,2.4100000858306885,2.4649999141693115,2.359999895095825,2.4000000953674316,510600
570,2023-10-11,2.5799999237060547,2.630000114440918,2.4000000953674316,2.4700000286102295,643900
571,2023-10-10,2.549999952316284,2.6600000858306885,2.5299999713897705,2.5899999141693115,692400
572,2023-10-09,2.549999952316284,2.6700000762939453,2.4549999237060547,2.549999952316284,1345700
573,2023-10-06,2.4100000858306885,2.684999942779541,2.4100000858306885,2.6700000762939453,1103200
574,2023-10-05,2.4700000286102295,2.5199999809265137,2.4100000858306885,2.450000047683716,666000
575,2023-10-04,2.299999952316284,2.509999990463257,2.25,2.490000009536743,862200
576,2023-10-03,2.4700000286102295,2.509999990463257,2.2799999713897705,2.315000057220459,964100
577,2023-10-02,2.5899999141693115,2.75,2.450000047683716,2.5399999618530273,1740500
578,2023-09-29,2.4000000953674316,2.4149999618530273,2.2899999618530273,2.3299999237060547,702700
579,2023-09-28,2.309999942779541,2.5,2.25,2.390000104904175,1233200
580,2023-09-27,2.450000047683716,2.4800000190734863,2.2799999713897705,2.309999942779541,535200
581,2023-09-26,2.3499999046325684,2.3980000019073486,2.259999990463257,2.2799999713897705,548100
582,2023-09-25,2.4100000858306885,2.430000066757202,2.3299999237060547,2.3399999141693115,721200
583,2023-09-22,2.7100000381469727,2.7200000286102295,2.440000057220459,2.440000057220459,802800
584,2023-09-21,2.7100000381469727,2.821000099182129,2.640000104904175,2.6600000858306885,1459300
585,2023-09-20,2.75,2.799999952316284,2.680000066757202,2.680000066757202,855900
586,2023-09-19,2.819999933242798,2.884999990463257,2.694999933242798,2.75,1569600
587,2023-09-18,2.9700000286102295,3.140000104904175,2.8499999046325684,2.859999895095825,883700
588,2023-09-15,2.8499999046325684,2.9000000953674316,2.759999990463257,2.869999885559082,1536100
589,2023-09-14,2.950000047683716,2.950000047683716,2.7899999618530273,2.819999933242798,1060000
590,2023-09-13,2.8299999237060547,2.8399999141693115,2.7100000381469727,2.7699999809265137,542400
591,2023-09-12,3.0399999618530273,3.130000114440918,2.740000009536743,2.799999952316284,1462300
592,2023-09-11,2.9800000190734863,2.984999895095825,2.765000104904175,2.7899999618530273,969400
593,2023-09-08,3.049999952316284,3.049999952316284,2.9600000381469727,3.009999990463257,423900
594,2023-09-07,2.9100000858306885,3.0799999237060547,2.7799999713897705,3.0299999713897705,715300
595,2023-09-06,3.0,3.0899999141693115,2.8949999809265137,2.940000057220459,904600
596,2023-09-05,2.930000066757202,3.059999942779541,2.9100000858306885,3.0199999809265137,1077200
597,2023-09-01,3.200000047683716,3.240000009536743,2.880000114440918,3.009999990463257,2218800
598,2023-08-31,3.3399999141693115,3.4149999618530273,3.119999885559082,3.190000057220459,1821400
599,2023-08-30,3.4000000953674316,3.4709999561309814,3.240000009536743,3.3399999141693115,2703800
600,2023-08-29,3.0,3.569999933242798,2.9800000190734863,3.450000047683716,3174000
601,2023-08-28,3.0299999713897705,3.0950000286102295,2.940000057220459,2.9700000286102295,816600
602,2023-08-25,3.0,3.1549999713897705,2.9100000858306885,2.9700000286102295,1320300
603,2023-08-24,3.180000066757202,3.190000057220459,2.9200000762939453,2.940000057220459,1360600
604,2023-08-23,2.7899999618530273,3.130000114440918,2.7799999713897705,3.0999999046325684,1304100
605,2023-08-22,2.869999885559082,2.990000009536743,2.7799999713897705,2.809999942779541,1305800
606,2023-08-21,3.009999990463257,3.125,2.822000026702881,2.8550000190734863,1563100
607,2023-08-18,3.0,3.1600000858306885,2.625,3.134999990463257,3799400
608,2023-08-17,3.180000066757202,3.369999885559082,3.0,3.1700000762939453,2340900
609,2023-08-16,3.4000000953674316,3.440000057220459,3.259999990463257,3.299999952316284,1014200
610,2023-08-15,3.5999999046325684,3.7100000381469727,3.309999942779541,3.424999952316284,1679000
611,2023-08-14,3.700000047683716,3.8380000591278076,3.490000009536743,3.7200000286102295,1503900
612,2023-08-11,3.5,3.890000104904175,3.4800000190734863,3.6700000762939453,1188700
613,2023-08-10,3.7100000381469727,3.7100000381469727,3.450000047683716,3.569999933242798,1803600
614,2023-08-09,3.799999952316284,3.8499999046325684,3.5199999809265137,3.680000066757202,1436700
615,2023-08-08,3.4200000762939453,3.8399999141693115,3.3399999141693115,3.7300000190734863,1820400
616,2023-08-07,3.4000000953674316,3.450000047683716,3.1600000858306885,3.3399999141693115,1796400
617,2023-08-04,3.569999933242798,3.7100000381469727,3.440000057220459,3.4700000286102295,1250800
618,2023-08-03,3.630000114440918,3.6700000762939453,3.484999895095825,3.5799999237060547,1246200
619,2023-08-02,3.5299999713897705,3.7799999713897705,3.444999933242798,3.7300000190734863,1507200
620,2023-08-01,3.7300000190734863,3.7300000190734863,3.384999990463257,3.5299999713897705,1485200
621,2023-07-31,3.6700000762939453,3.8980000019073486,3.630000114440918,3.799999952316284,1193900
622,2023-07-28,3.5799999237060547,3.6600000858306885,3.430000066757202,3.5,1706100
623,2023-07-27,3.9200000762939453,3.9590001106262207,3.5199999809265137,3.5199999809265137,1801100
624,2023-07-26,3.799999952316284,3.9100000858306885,3.680000066757202,3.7799999713897705,1570900
625,2023-07-25,4.03000020980835,4.138999938964844,3.819999933242798,3.880000114440918,1666200
626,2023-07-24,4.119999885559082,4.159999847412109,3.799999952316284,4.010000228881836,1580900
627,2023-07-21,4.559999942779541,4.639999866485596,4.144999980926514,4.340000152587891,1203100
628,2023-07-20,4.840000152587891,5.03000020980835,4.429999828338623,4.46999979019165,1116800
629,2023-07-19,4.670000076293945,4.909999847412109,4.53000020980835,4.71999979019165,1451200
630,2023-07-18,4.699999809265137,4.75,4.335000038146973,4.639999866485596,1596700
631,2023-07-17,4.920000076293945,5.070000171661377,4.590000152587891,4.760000228881836,1512400
632,2023-07-14,5.050000190734863,5.260000228881836,4.659999847412109,4.909999847412109,2303200
633,2023-07-13,4.349999904632568,5.295000076293945,4.264999866485596,5.210000038146973,3545200
634,2023-07-12,4.139999866485596,4.452000141143799,4.010000228881836,4.239999771118164,2243300
635,2023-07-11,4.380000114440918,4.380000114440918,3.9200000762939453,4.039999961853027,2769200
636,2023-07-10,3.884999990463257,4.369999885559082,3.640000104904175,4.320000171661377,2398900
637,2023-07-07,3.3399999141693115,4.070000171661377,3.3299999237060547,3.7300000190734863,2758600
638,2023-07-06,3.5899999141693115,3.5899999141693115,3.130000114440918,3.369999885559082,1313000
639,2023-07-05,3.140000104904175,3.569999933242798,3.0199999809265137,3.4800000190734863,1955000
640,2023-07-03,2.9200000762939453,3.2850000858306885,2.890000104904175,3.2200000286102295,1818500
641,2023-06-30,2.9100000858306885,3.0,2.6600000858306885,2.859999895095825,1777500
642,2023-06-29,2.890000104904175,3.0,2.7699999809265137,2.9000000953674316,2030900
643,2023-06-28,2.880000114440918,2.950000047683716,2.7750000953674316,2.9000000953674316,1007900
644,2023-06-27,2.9000000953674316,2.9519999027252197,2.8299999237060547,2.9000000953674316,1360900
645,2023-06-26,2.9000000953674316,3.0,2.7200000286102295,2.8399999141693115,854100
646,2023-06-23,2.8299999237060547,2.9200000762939453,2.7119998931884766,2.9000000953674316,2872400
647,2023-06-22,2.950000047683716,2.9839999675750732,2.7200000286102295,2.819999933242798,1488400
648,2023-06-21,3.069999933242798,3.1500000953674316,2.8450000286102295,2.9600000381469727,2471500
649,2023-06-20,3.0799999237060547,3.2300000190734863,2.7899999618530273,2.9700000286102295,2830600
650,2023-06-16,2.569999933242798,3.1500000953674316,2.490000009536743,3.049999952316284,4215900
651,2023-06-15,2.450000047683716,2.6500000953674316,2.319999933242798,2.490000009536743,1132800
652,2023-06-14,2.5399999618530273,2.680000066757202,2.5199999809265137,2.5999999046325684,1130700
653,2023-06-13,2.4700000286102295,2.5299999713897705,2.430000066757202,2.509999990463257,740200
654,2023-06-12,2.2699999809265137,2.5399999618530273,2.2699999809265137,2.4200000762939453,1277400
655,2023-06-09,2.299999952316284,2.319999933242798,2.190000057220459,2.299999952316284,551500
656,2023-06-08,2.319999933242798,2.3499999046325684,2.2300000190734863,2.2899999618530273,537900
657,2023-06-07,2.3499999046325684,2.450000047683716,2.259999990463257,2.3299999237060547,712400
658,2023-06-06,2.25,2.390000104904175,2.1500000953674316,2.380000114440918,900700
659,2023-06-05,2.5199999809265137,2.549999952316284,2.299999952316284,2.3499999046325684,1051400
660,2023-06-02,2.5299999713897705,2.5999999046325684,2.444999933242798,2.5799999237060547,985500
661,2023-06-01,2.549999952316284,2.569999933242798,2.4600000381469727,2.5199999809265137,509600
662,2023-05-31,2.359999895095825,2.549999952316284,2.2899999618530273,2.5399999618530273,1062700
663,2023-05-30,2.5299999713897705,2.5999999046325684,2.3989999294281006,2.450000047683716,1099100
664,2023-05-26,2.2899999618530273,2.4000000953674316,2.25,2.390000104904175,602800
665,2023-05-25,2.319999933242798,2.359999895095825,2.2200000286102295,2.299999952316284,530100
666,2023-05-24,2.4200000762939453,2.440000057220459,2.2100000381469727,2.2899999618530273,647900
667,2023-05-23,2.4800000190734863,2.619999885559082,2.380000114440918,2.450000047683716,1040500
668,2023-05-22,2.4800000190734863,2.509999990463257,2.359999895095825,2.490000009536743,510900
669,2023-05-19,2.440000057220459,2.549999952316284,2.3350000381469727,2.5299999713897705,834900
670,2023-05-18,2.4200000762939453,2.505000114440918,2.3450000286102295,2.380000114440918,549300
671,2023-05-17,2.4000000953674316,2.549999952316284,2.390000104904175,2.4700000286102295,880600
672,2023-05-16,2.4000000953674316,2.450000047683716,2.299999952316284,2.440000057220459,865200
673,2023-05-15,2.0899999141693115,2.450000047683716,2.049999952316284,2.4100000858306885,1521300
674,2023-05-12,1.9800000190734863,2.119999885559082,1.8700000047683716,2.0999999046325684,1372600
675,2023-05-11,2.1600000858306885,2.1689999103546143,1.9700000286102295,2.009999990463257,790000
676,2023-05-10,2.0799999237060547,2.299999952316284,2.0,2.190000057220459,1342600
677,2023-05-09,1.9800000190734863,2.0999999046325684,1.7599999904632568,2.0,1547300
678,2023-05-08,2.1600000858306885,2.2100000381469727,1.909999966621399,1.9500000476837158,1250200
679,2023-05-05,2.380000114440918,2.4200000762939453,2.200000047683716,2.2100000381469727,1030300
680,2023-05-04,2.4200000762939453,2.490000009536743,2.259999990463257,2.380000114440918,755400
681,2023-05-03,2.1600000858306885,2.4149999618530273,2.125,2.4000000953674316,850000
682,2023-05-02,2.0899999141693115,2.299999952316284,2.0769999027252197,2.259999990463257,635900
683,2023-05-01,2.25,2.2799999713897705,2.075000047683716,2.0999999046325684,871200
684,2023-04-28,2.2899999618530273,2.3589999675750732,2.2149999141693115,2.309999942779541,658400
685,2023-04-27,2.2699999809265137,2.3399999141693115,2.200000047683716,2.3399999141693115,761800
686,2023-04-26,2.4700000286102295,2.549999952316284,2.259999990463257,2.2899999618530273,1860100
687,2023-04-25,2.069999933242798,2.256999969482422,2.0299999713897705,2.200000047683716,1450300
688,2023-04-24,2.2699999809265137,2.2699999809265137,2.0399999618530273,2.0799999237060547,982100
689,2023-04-21,2.440000057220459,2.5199999809265137,2.134999990463257,2.259999990463257,1592100
690,2023-04-20,2.450000047683716,2.5,2.25,2.3399999141693115,870000
691,2023-04-19,2.5899999141693115,2.5999999046325684,2.4200000762939453,2.450000047683716,1497100
692,2023-04-18,2.759999990463257,2.940000057220459,2.700000047683716,2.7799999713897705,1261600
693,2023-04-17,2.5199999809265137,2.7669999599456787,2.430000066757202,2.690000057220459,1588300
694,2023-04-14,2.8269999027252197,3.319999933242798,2.7300000190734863,2.9100000858306885,3294200
695,2023-04-13,2.4700000286102295,2.8399999141693115,2.444999933242798,2.6500000953674316,2560200
696,2023-04-12,2.6700000762939453,2.7269999980926514,2.319999933242798,2.359999895095825,2052900
697,2023-04-11,2.680000066757202,2.819999933242798,2.4600000381469727,2.569999933242798,2982600
698,2023-04-10,2.3299999237060547,2.640000104904175,2.240000009536743,2.5399999618530273,2020400
699,2023-04-06,2.190000057220459,2.372999906539917,2.119999885559082,2.3299999237060547,550100
700,2023-04-05,2.309999942779541,2.359999895095825,2.174999952316284,2.240000009536743,488900
701,2023-04-04,2.4000000953674316,2.440000057220459,2.1700000762939453,2.319999933242798,944500
702,2023-04-03,2.3299999237060547,2.4700000286102295,2.23799991607666,2.4000000953674316,1253100
703,2023-03-31,2.140000104904175,2.3499999046325684,2.130000114440918,2.3299999237060547,1603300
704,2023-03-30,2.2699999809265137,2.369999885559082,2.049999952316284,2.0899999141693115,1609200
705,2023-03-29,1.9900000095367432,2.244999885559082,1.9900000095367432,2.200000047683716,1195700
706,2023-03-28,1.8300000429153442,1.909999966621399,1.7599999904632568,1.899999976158142,712800
707,2023-03-27,2.109999895095825,2.1459999084472656,1.815000057220459,1.8899999856948853,1325800
708,2023-03-24,2.2699999809265137,2.2799999713897705,2.0999999046325684,2.140000104904175,772400
709,2023-03-23,2.059999942779541,2.369999885559082,2.0399999618530273,2.3399999141693115,2212100
710,2023-03-22,2.4000000953674316,2.4600000381469727,1.9600000381469727,2.049999952316284,2913900
711,2023-03-21,2.1500000953674316,2.5,2.0899999141693115,2.5,1905200
712,2023-03-20,2.3299999237060547,2.3299999237060547,2.0199999809265137,2.130000114440918,2320600
713,2023-03-17,2.1500000953674316,2.3499999046325684,1.899999976158142,2.319999933242798,4703600
714,2023-03-16,1.7999999523162842,2.059999942779541,1.7599999904632568,1.9600000381469727,1748500
715,2023-03-15,1.7400000095367432,1.940000057220459,1.690000057220459,1.8300000429153442,2191300
716,2023-03-14,2.049999952316284,2.5999999046325684,1.565000057220459,1.6799999475479126,8195400
717,2023-03-13,1.4199999570846558,1.850000023841858,1.399999976158142,1.8200000524520874,2502900
718,2023-03-10,1.409999966621399,1.4149999618530273,1.2599999904632568,1.3200000524520874,1604600
719,2023-03-09,1.4900000095367432,1.5,1.3799999952316284,1.4199999570846558,850500
720,2023-03-08,1.4900000095367432,1.5399999618530273,1.409999966621399,1.5,459800
721,2023-03-07,1.559999942779541,1.600000023841858,1.4819999933242798,1.4900000095367432,709200
722,2023-03-06,1.6100000143051147,1.6339999437332153,1.5199999809265137,1.5800000429153442,553100
723,2023-03-03,1.5499999523162842,1.6449999809265137,1.5199999809265137,1.6100000143051147,550600
724,2023-03-02,1.4299999475479126,1.6200000047683716,1.3899999856948853,1.590000033378601,1207200
725,2023-03-01,1.600000023841858,1.6699999570846558,1.4249999523162842,1.4600000381469727,576500
726,2023-02-28,1.4800000190734863,1.600000023841858,1.4299999475479126,1.5199999809265137,748900
727,2023-02-27,1.5199999809265137,1.590000033378601,1.440000057220459,1.4600000381469727,699200
728,2023-02-24,1.600000023841858,1.6299999952316284,1.5,1.5099999904632568,555700
729,2023-02-23,1.7999999523162842,1.8600000143051147,1.5299999713897705,1.6399999856948853,1012200
730,2023-02-22,1.7200000286102295,1.7699999809265137,1.6100000143051147,1.7300000190734863,644900
731,2023-02-21,1.899999976158142,1.9500000476837158,1.649999976158142,1.7400000095367432,1238500
732,2023-02-17,1.8600000143051147,1.9299999475479126,1.7000000476837158,1.899999976158142,1143900
733,2023-02-16,1.7829999923706055,2.069999933242798,1.649999976158142,1.8899999856948853,3181000
734,2023-02-15,1.6200000047683716,1.899999976158142,1.5390000343322754,1.8300000429153442,1896400
735,2023-02-14,1.3899999856948853,1.6299999952316284,1.3899999856948853,1.5149999856948853,1006300
736,2023-02-13,1.4800000190734863,1.4800000190734863,1.3550000190734863,1.3899999856948853,661300
737,2023-02-10,1.4800000190734863,1.590000033378601,1.4199999570846558,1.5099999904632568,833400
738,2023-02-09,1.7000000476837158,1.7100000381469727,1.440000057220459,1.5149999856948853,1642400
739,2023-02-08,1.7100000381469727,1.899999976158142,1.6299999952316284,1.6749999523162842,907900
740,2023-02-07,1.9500000476837158,1.9700000286102295,1.6299999952316284,1.7000000476837158,1892000
741,2023-02-06,1.7999999523162842,2.1429998874664307,1.7899999618530273,1.8200000524520874,1685400
742,2023-02-03,2.059999942779541,2.0799999237060547,1.7999999523162842,1.840000033378601,2105500
743,2023-02-02,1.5,2.9000000953674316,1.4700000286102295,2.0,8404100
744,2023-02-01,1.2000000476837158,1.4600000381469727,1.2000000476837158,1.3799999952316284,1291100
745,2023-01-31,1.2400000095367432,1.3700000047683716,1.1799999475479126,1.2000000476837158,876800
746,2023-01-30,1.4800000190734863,1.5199999809265137,1.2100000381469727,1.2200000286102295,1374600
747,2023-01-27,1.2599999904632568,1.600000023841858,1.2400000095367432,1.4700000286102295,1298300
748,2023-01-26,1.1799999475479126,1.2890000343322754,1.1799999475479126,1.2599999904632568,781200
749,2023-01-25,1.0800000429153442,1.149999976158142,1.0299999713897705,1.1299999952316284,552500
750,2023-01-24,1.1100000143051147,1.190000057220459,1.0299999713897705,1.0800000429153442,555500
751,2023-01-23,1.1799999475479126,1.2899999618530273,1.1200000047683716,1.149999976158142,917900
752,2023-01-20,1.0,1.149999976158142,0.9700000286102295,1.100000023841858,681400
753,2023-01-19,1.0099999904632568,1.0499999523162842,0.9200000166893005,0.9480000138282776,563300
754,2023-01-18,1.190000057220459,1.2400000095367432,1.0,1.0149999856948853,716300
755,2023-01-17,1.2400000095367432,1.3700000047683716,1.0399999618530273,1.1200000047683716,1112900
756,2023-01-13,1.0499999523162842,1.2949999570846558,1.0499999523162842,1.1100000143051147,1165100
757,2023-01-12,1.0099999904632568,1.25,1.0,1.0499999523162842,1202700
758,2023-01-11,0.9900000095367432,1.0770000219345093,0.949999988079071,0.9959999918937683,977800
759,2023-01-10,0.8999999761581421,0.9789999723434448,0.8510000109672546,0.9430000185966492,518200
760,2023-01-09,0.8600000143051147,0.9950000047683716,0.8420000076293945,0.9190000295639038,821600
761,2023-01-06,0.8370000123977661,0.8370000123977661,0.75,0.7699999809265137,235200
762,2023-01-05,0.6700000166893005,0.8299999833106995,0.6399999856948853,0.8019999861717224,610200
763,2023-01-04,0.7020000219345093,0.7799999713897705,0.6389999985694885,0.6510000228881836,948300
764,2023-01-03,0.578000009059906,0.6800000071525574,0.578000009059906,0.6399999856948853,826000
765,2022-12-30,0.44999998807907104,0.6000000238418579,0.4490000009536743,0.5600000023841858,3956500
766,2022-12-29,0.41100001335144043,0.5299999713897705,0.38199999928474426,0.4490000009536743,5219500
767,2022-12-28,0.5009999871253967,0.5249999761581421,0.3889999985694885,0.41200000047683716,4390300
768,2022-12-27,0.5400000214576721,0.550000011920929,0.4909999966621399,0.5080000162124634,750000
769,2022-12-23,0.550000011920929,0.593999981880188,0.5099999904632568,0.5400000214576721,1501500
770,2022-12-22,0.6000000238418579,0.6179999709129333,0.5339999794960022,0.5490000247955322,326400
771,2022-12-21,0.5989999771118164,0.6499999761581421,0.5709999799728394,0.6000000238418579,208800
772,2022-12-20,0.6200000047683716,0.6499999761581421,0.5699999928474426,0.6000000238418579,378500
773,2022-12-19,0.6000000238418579,0.628000020980835,0.5730000138282776,0.6240000128746033,508500
774,2022-12-16,0.6600000262260437,0.7260000109672546,0.6000000238418579,0.6000000238418579,1885000
775,2022-12-15,0.6800000071525574,0.7089999914169312,0.6100000143051147,0.6930000185966492,995700
776,2022-12-14,0.7039999961853027,0.7400000095367432,0.6740000247955322,0.6800000071525574,157400
777,2022-12-13,0.777999997138977,0.800000011920929,0.7120000123977661,0.7200000286102295,308800
778,2022-12-12,0.7599999904632568,0.8100000023841858,0.7300000190734863,0.7350000143051147,759400
779,2022-12-09,0.7860000133514404,0.8489999771118164,0.7540000081062317,0.7799999713897705,189400
780,2022-12-08,0.7699999809265137,0.8899999856948853,0.7699999809265137,0.8100000023841858,149200
781,2022-12-07,0.8899999856948853,0.9100000262260437,0.7699999809265137,0.777999997138977,324500
782,2022-12-06,0.9300000071525574,0.9520000219345093,0.8759999871253967,0.8899999856948853,563500
783,2022-12-05,0.9449999928474426,1.0099999904632568,0.8700000047683716,0.9490000009536743,467600
784,2022-12-02,0.8100000023841858,1.0399999618530273,0.8009999990463257,0.949999988079071,374900
785,2022-12-01,0.8230000138282776,0.8769999742507935,0.7829999923706055,0.8289999961853027,328300
786,2022-11-30,0.9520000219345093,0.9800000190734863,0.7820000052452087,0.7820000052452087,1050400
787,2022-11-29,0.871999979019165,0.949999988079071,0.871999979019165,0.8889999985694885,195600
788,2022-11-28,0.8650000095367432,0.8960000276565552,0.7799999713897705,0.8799999952316284,362500
789,2022-11-25,0.8190000057220459,0.8999999761581421,0.8100000023841858,0.8579999804496765,150900
790,2022-11-23,0.7599999904632568,0.8399999737739563,0.7509999871253967,0.8190000057220459,313100
791,2022-11-22,0.7850000262260437,0.8849999904632568,0.75,0.7509999871253967,935600
792,2022-11-21,0.8899999856948853,0.9940000176429749,0.7509999871253967,0.7850000262260437,472400
793,2022-11-18,0.9570000171661377,0.9800000190734863,0.8389999866485596,0.8899999856948853,234000
794,2022-11-17,0.949999988079071,1.0399999618530273,0.8840000033378601,0.9290000200271606,509300
795,2022-11-16,0.9649999737739563,1.0299999713897705,0.8600000143051147,0.9800000190734863,359400
796,2022-11-15,0.9629999995231628,1.090000033378601,0.8999999761581421,0.9940000176429749,742700
797,2022-11-14,0.9319999814033508,1.059999942779541,0.8500000238418579,0.949999988079071,464500
798,2022-11-11,0.8489999771118164,0.9900000095367432,0.8050000071525574,0.9610000252723694,501600
799,2022-11-10,0.8299999833106995,0.9229999780654907,0.8050000071525574,0.8209999799728394,652900
800,2022-11-09,0.8500000238418579,0.8579999804496765,0.7480000257492065,0.765999972820282,1694200
801,2022-11-08,0.902999997138977,0.9900000095367432,0.8379999995231628,0.8669999837875366,447100
802,2022-11-07,0.9190000295639038,0.953000009059906,0.8799999952316284,0.8989999890327454,206000
803,2022-11-04,0.9900000095367432,0.9900000095367432,0.8500000238418579,0.9150000214576721,181000
804,2022-11-03,0.9539999961853027,0.9779999852180481,0.9200000166893005,0.9240000247955322,91600
805,2022-11-02,1.0700000524520874,1.0700000524520874,0.8899999856948853,0.949999988079071,410500
806,2022-11-01,1.0199999809265137,1.065000057220459,0.9800000190734863,1.0099999904632568,459100
807,2022-10-31,1.1699999570846558,1.1699999570846558,1.0099999904632568,1.0099999904632568,360900
808,2022-10-28,1.090000033378601,1.149999976158142,1.0499999523162842,1.149999976158142,183800
809,2022-10-27,1.149999976158142,1.1699999570846558,1.0499999523162842,1.100000023841858,815800
810,2022-10-26,0.8600000143051147,1.2300000190734863,0.8600000143051147,1.1799999475479126,2520700
811,2022-10-25,0.8029999732971191,0.8830000162124634,0.800000011920929,0.828000009059906,373500
812,2022-10-24,0.800000011920929,0.8560000061988831,0.7620000243186951,0.8130000233650208,420800
813,2022-10-21,0.9150000214576721,0.9319999814033508,0.796999990940094,0.8040000200271606,281500
814,2022-10-20,0.8809999823570251,0.949999988079071,0.8700000047683716,0.8880000114440918,237200
815,2022-10-19,0.8899999856948853,0.9490000009536743,0.8209999799728394,0.8809999823570251,208700
816,2022-10-18,0.9900000095367432,1.0,0.8600000143051147,0.8899999856948853,302600
817,2022-10-17,0.9559999704360962,1.0499999523162842,0.9300000071525574,0.9660000205039978,293000
818,2022-10-14,1.0099999904632568,1.024999976158142,0.949999988079071,0.949999988079071,315400
819,2022-10-13,0.9700000286102295,1.0199999809265137,0.9020000100135803,1.0099999904632568,243200
820,2022-10-12,1.0199999809265137,1.0369999408721924,1.0,1.0049999952316284,160100
821,2022-10-11,1.100000023841858,1.1299999952316284,1.0,1.0399999618530273,632700
822,2022-10-10,1.1299999952316284,1.1349999904632568,1.090000033378601,1.1200000047683716,405500
823,2022-10-07,1.25,1.25,1.1299999952316284,1.1399999856948853,233000
824,2022-10-06,1.2799999713897705,1.3300000429153442,1.2200000286102295,1.2699999809265137,296400
825,2022-10-05,1.3300000429153442,1.3700000047683716,1.2899999618530273,1.309999942779541,225200
826,2022-10-04,1.2300000190734863,1.4800000190734863,1.2100000381469727,1.399999976158142,466700
827,2022-10-03,1.2599999904632568,1.284999966621399,1.1299999952316284,1.1699999570846558,358700
828,2022-09-30,1.2100000381469727,1.3849999904632568,1.2000000476837158,1.2599999904632568,218600
829,2022-09-29,1.3200000524520874,1.350000023841858,1.2050000429153442,1.2200000286102295,268600
830,2022-09-28,1.3300000429153442,1.3600000143051147,1.2899999618530273,1.340000033378601,346100
831,2022-09-27,1.3200000524520874,1.399999976158142,1.2799999713897705,1.309999942779541,395900
832,2022-09-26,1.2899999618530273,1.3700000047683716,1.2699999809265137,1.2999999523162842,685300
833,2022-09-23,1.399999976158142,1.4500000476837158,1.2899999618530273,1.2899999618530273,869100
834,2022-09-22,1.4900000095367432,1.4900000095367432,1.350000023841858,1.409999966621399,297800
835,2022-09-21,1.4700000286102295,1.5299999713897705,1.4199999570846558,1.4950000047683716,100800
836,2022-09-20,1.5800000429153442,1.590000033378601,1.4500000476837158,1.4700000286102295,145400
837,2022-09-19,1.5700000524520874,1.6299999952316284,1.5,1.6299999952316284,420400
838,2022-09-16,1.6100000143051147,1.625,1.5219999551773071,1.600000023841858,398300
839,2022-09-15,1.7000000476837158,1.75,1.6200000047683716,1.6699999570846558,430000
840,2022-09-14,1.7400000095367432,1.7400000095367432,1.6200000047683716,1.7000000476837158,129400
841,2022-09-13,1.6200000047683716,1.7899999618530273,1.600000023841858,1.7100000381469727,269400
842,2022-09-12,1.7200000286102295,1.840000033378601,1.6720000505447388,1.809999942779541,229300
843,2022-09-09,1.6299999952316284,1.7300000190734863,1.5800000429153442,1.6699999570846558,250300
844,2022-09-08,1.3799999952316284,1.5700000524520874,1.340000033378601,1.5700000524520874,469300
845,2022-09-07,1.4900000095367432,1.5800000429153442,1.3600000143051147,1.399999976158142,416300
846,2022-09-06,1.7100000381469727,1.7300000190734863,1.4800000190734863,1.4900000095367432,337500
847,2022-09-02,1.7899999618530273,1.7899999618530273,1.7100000381469727,1.7300000190734863,113300
848,2022-09-01,1.9800000190734863,1.9800000190734863,1.7799999713897705,1.7899999618530273,132800
849,2022-08-31,1.9800000190734863,2.0899999141693115,1.8600000143051147,2.009999990463257,1087100
850,2022-08-30,1.850000023841858,1.9900000095367432,1.850000023841858,1.9600000381469727,217600
851,2022-08-29,1.7300000190734863,1.909999966621399,1.7100000381469727,1.8300000429153442,174300
852,2022-08-26,1.8600000143051147,1.899999976158142,1.7450000047683716,1.7899999618530273,205300
853,2022-08-25,1.7799999713897705,1.8700000047683716,1.7200000286102295,1.8600000143051147,188300
854,2022-08-24,1.7300000190734863,1.8450000286102295,1.690000057220459,1.7300000190734863,252000
855,2022-08-23,1.7899999618530273,1.815000057220459,1.6299999952316284,1.6699999570846558,324100
856,2022-08-22,1.75,1.7799999713897705,1.659999966621399,1.7300000190734863,192100
857,2022-08-19,1.9299999475479126,1.9500000476837158,1.7799999713897705,1.7999999523162842,357500
858,2022-08-18,2.2100000381469727,2.259999990463257,2.0,2.0299999713897705,163400
859,2022-08-17,2.609999895095825,2.609999895095825,2.190000057220459,2.240000009536743,251500
860,2022-08-16,2.5,2.6649999618530273,2.390000104904175,2.5999999046325684,387700
861,2022-08-15,2.3399999141693115,2.559999942779541,2.299999952316284,2.490000009536743,187300
862,2022-08-12,2.319999933242798,2.380000114440918,2.2269999980926514,2.3399999141693115,201500
863,2022-08-11,2.5,2.5399999618530273,2.200000047683716,2.2699999809265137,244500
864,2022-08-10,2.259999990463257,2.3399999141693115,2.1459999084472656,2.319999933242798,150900
865,2022-08-09,2.059999942779541,2.25,2.0209999084472656,2.1700000762939453,178500
866,2022-08-08,2.2100000381469727,2.380000114440918,2.069999933242798,2.119999885559082,276000
867,2022-08-05,2.049999952316284,2.25,2.0,2.190000057220459,268700
868,2022-08-04,2.059999942779541,2.125,1.9600000381469727,2.0999999046325684,199300
869,2022-08-03,1.8899999856948853,2.0399999618530273,1.8899999856948853,2.009999990463257,221900
870,2022-08-02,1.6100000143051147,1.9199999570846558,1.6100000143051147,1.850000023841858,226100
871,2022-08-01,1.7100000381469727,1.7100000381469727,1.590000033378601,1.6299999952316284,185000
872,2022-07-29,1.6799999475479126,1.7400000095367432,1.649999976158142,1.7200000286102295,156500
873,2022-07-28,1.6200000047683716,1.7699999809265137,1.5499999523162842,1.6699999570846558,175300
874,2022-07-27,1.600000023841858,1.6699999570846558,1.5099999904632568,1.590000033378601,239400
875,2022-07-26,1.6699999570846558,1.6699999570846558,1.5099999904632568,1.5299999713897705,167700
876,2022-07-25,1.7699999809265137,1.7899999618530273,1.6799999475479126,1.690000057220459,87100
877,2022-07-22,2.009999990463257,2.009999990463257,1.784999966621399,1.7899999618530273,124000
878,2022-07-21,1.9500000476837158,2.0,1.899999976158142,2.0,80300
879,2022-07-20,1.909999966621399,2.0999999046325684,1.8700000047683716,1.9800000190734863,468900
880,2022-07-19,1.809999942779541,1.9600000381469727,1.7999999523162842,1.8799999952316284,396600
881,2022-07-18,1.7699999809265137,1.9700000286102295,1.7400000095367432,1.7699999809265137,295300
882,2022-07-15,1.6399999856948853,1.7999999523162842,1.5700000524520874,1.7400000095367432,306600
883,2022-07-14,1.7000000476837158,1.7450000047683716,1.5499999523162842,1.600000023841858,191200
884,2022-07-13,1.6100000143051147,1.7400000095367432,1.559999942779541,1.7200000286102295,117600
885,2022-07-12,1.7200000286102295,1.7200000286102295,1.5549999475479126,1.659999966621399,244500
886,2022-07-11,1.7799999713897705,1.850000023841858,1.659999966621399,1.6699999570846558,473900
887,2022-07-08,1.6399999856948853,1.8300000429153442,1.5549999475479126,1.7899999618530273,341100
888,2022-07-07,1.5299999713897705,1.6699999570846558,1.5299999713897705,1.6399999856948853,271200
889,2022-07-06,1.4600000381469727,1.5499999523162842,1.4600000381469727,1.5199999809265137,103400
890,2022-07-05,1.3700000047683716,1.5399999618530273,1.2899999618530273,1.5199999809265137,288700
891,2022-07-01,1.3600000143051147,1.3980000019073486,1.2899999618530273,1.3200000524520874,177300
892,2022-06-30,1.309999942779541,1.409999966621399,1.2619999647140503,1.3700000047683716,265600
893,2022-06-29,1.3799999952316284,1.3899999856948853,1.2599999904632568,1.2699999809265137,233600
894,2022-06-28,1.5800000429153442,1.6100000143051147,1.3899999856948853,1.399999976158142,207800
895,2022-06-27,1.5299999713897705,1.690000057220459,1.5,1.5399999618530273,623500
896,2022-06-24,1.590000033378601,1.690000057220459,1.4800000190734863,1.5700000524520874,4174700
897,2022-06-23,1.5700000524520874,1.6200000047683716,1.5099999904632568,1.5700000524520874,375300
898,2022-06-22,1.690000057220459,1.7300000190734863,1.5199999809265137,1.5499999523162842,354100
899,2022-06-21,1.8200000524520874,1.909999966621399,1.6100000143051147,1.7000000476837158,844900
900,2022-06-17,1.4500000476837158,1.8200000524520874,1.3799999952316284,1.8200000524520874,903100
901,2022-06-16,1.5499999523162842,1.590000033378601,1.409999966621399,1.4299999475479126,261300
902,2022-06-15,1.5199999809265137,1.659999966621399,1.4700000286102295,1.6100000143051147,320400
903,2022-06-14,1.4800000190734863,1.5399999618530273,1.4800000190734863,1.5,243000
904,2022-06-13,1.600000023841858,1.600000023841858,1.4600000381469727,1.4800000190734863,369100
905,2022-06-10,1.6699999570846558,1.7599999904632568,1.6399999856948853,1.6399999856948853,161800
906,2022-06-09,1.850000023841858,1.909999966621399,1.7100000381469727,1.7100000381469727,326800
907,2022-06-08,1.850000023841858,1.9850000143051147,1.850000023841858,1.909999966621399,188800
908,2022-06-07,2.0,2.0250000953674316,1.7000000476837158,1.8899999856948853,588400
909,2022-06-06,2.380000114440918,2.4149999618530273,2.0399999618530273,2.049999952316284,340400
910,2022-06-03,2.4600000381469727,2.4700000286102295,2.25,2.299999952316284,285500
911,2022-06-02,2.2300000190734863,2.549999952316284,2.2190001010894775,2.515000104904175,306900
912,2022-06-01,2.440000057220459,2.569999933242798,2.200000047683716,2.25,398200
913,2022-05-31,2.450000047683716,2.4700000286102295,2.2049999237060547,2.430000066757202,648700
914,2022-05-27,2.180000066757202,2.2899999618530273,2.131999969482422,2.259999990463257,254000
915,2022-05-26,1.9900000095367432,2.1600000858306885,1.9199999570846558,2.140000104904175,283900
916,2022-05-25,1.8799999952316284,2.0399999618530273,1.8509999513626099,1.9800000190734863,235500
917,2022-05-24,1.9500000476837158,1.9600000381469727,1.7799999713897705,1.9199999570846558,280100
918,2022-05-23,2.0199999809265137,2.0299999713897705,1.8600000143051147,1.9700000286102295,222600
919,2022-05-20,1.9700000286102295,2.0899999141693115,1.9040000438690186,1.9299999475479126,264700
920,2022-05-19,1.809999942779541,2.0199999809265137,1.809999942779541,1.9700000286102295,345000
921,2022-05-18,1.8300000429153442,2.009999990463257,1.809999942779541,1.8200000524520874,266600
922,2022-05-17,1.8600000143051147,1.9299999475479126,1.75,1.8899999856948853,283800
923,2022-05-16,1.940000057220459,1.9550000429153442,1.75,1.75,375000
924,2022-05-13,1.7100000381469727,1.9900000095367432,1.7100000381469727,1.940000057220459,640800
925,2022-05-12,1.6399999856948853,1.690000057220459,1.2899999618530273,1.659999966621399,968400
926,2022-05-11,1.590000033378601,1.7799999713897705,1.5499999523162842,1.6299999952316284,673500
927,2022-05-10,2.4800000190734863,2.747999906539917,1.5850000381469727,1.7200000286102295,2002000
928,2022-05-09,2.7899999618530273,3.319999933242798,2.190000057220459,3.2300000190734863,1331100
929,2022-05-06,2.9000000953674316,3.0299999713897705,2.75,2.930000066757202,382500
930,2022-05-05,3.1500000953674316,3.2300000190734863,2.8499999046325684,2.9200000762939453,270100
931,2022-05-04,3.1600000858306885,3.319999933242798,2.9600000381469727,3.2699999809265137,326300
932,2022-05-03,3.1500000953674316,3.255000114440918,3.069999933242798,3.180000066757202,291000
933,2022-05-02,3.009999990463257,3.190000057220459,2.9700000286102295,3.1700000762939453,325900
934,2022-04-29,2.9700000286102295,3.119999885559082,2.9700000286102295,3.0299999713897705,272500
935,2022-04-28,2.950000047683716,3.0799999237060547,2.8399999141693115,3.0199999809265137,392400
936,2022-04-27,2.9200000762939453,3.0199999809265137,2.881999969482422,2.9700000286102295,450100
937,2022-04-26,3.299999952316284,3.299999952316284,2.9600000381469727,2.9700000286102295,265500
938,2022-04-25,3.200000047683716,3.3499999046325684,3.0799999237060547,3.3499999046325684,336000
939,2022-04-22,3.200000047683716,3.2899999618530273,3.174999952316284,3.2200000286102295,289400
940,2022-04-21,3.380000114440918,3.4200000762939453,3.180000066757202,3.2200000286102295,179100
941,2022-04-20,3.450000047683716,3.450000047683716,3.240000009536743,3.3299999237060547,163200
942,2022-04-19,3.299999952316284,3.450000047683716,3.25,3.430000066757202,221100
943,2022-04-18,3.3299999237060547,3.3499999046325684,3.25,3.2899999618530273,288400
944,2022-04-14,3.619999885559082,3.619999885559082,3.359999895095825,3.390000104904175,202400
945,2022-04-13,3.5399999618530273,3.640000104904175,3.440000057220459,3.619999885559082,276700
946,2022-04-12,3.4800000190734863,3.559999942779541,3.4049999713897705,3.4700000286102295,232700
947,2022-04-11,3.4100000858306885,3.440000057220459,3.299999952316284,3.430000066757202,277700
948,2022-04-08,3.549999952316284,3.549999952316284,3.430000066757202,3.4600000381469727,179100
949,2022-04-07,3.549999952316284,3.609999895095825,3.450000047683716,3.559999942779541,254300
950,2022-04-06,3.619999885559082,3.619999885559082,3.430000066757202,3.5399999618530273,275300
951,2022-04-05,3.700000047683716,3.7100000381469727,3.509999990463257,3.680000066757202,308200
952,2022-04-04,3.6500000953674316,3.7799999713897705,3.609999895095825,3.7100000381469727,321400
953,2022-04-01,3.6500000953674316,3.700000047683716,3.509999990463257,3.619999885559082,303200
954,2022-03-31,3.690000057220459,3.7200000286102295,3.5799999237060547,3.640000104904175,254200
955,2022-03-30,3.75,3.890000104904175,3.6500000953674316,3.6700000762939453,262100
956,2022-03-29,3.880000114440918,3.940000057220459,3.744999885559082,3.759999990463257,239100
957,2022-03-28,3.7300000190734863,3.880000114440918,3.609999895095825,3.8499999046325684,505900
958,2022-03-25,3.7200000286102295,3.799999952316284,3.569999933242798,3.619999885559082,421800
959,2022-03-24,3.680000066757202,3.890000104904175,3.5199999809265137,3.7100000381469727,567000
960,2022-03-23,3.559999942779541,3.809999942779541,3.5490000247955322,3.6600000858306885,438100
961,2022-03-22,3.5299999713897705,3.7100000381469727,3.5,3.559999942779541,768300
962,2022-03-21,3.369999885559082,3.5299999713897705,3.2899999618530273,3.5,765400
963,2022-03-18,3.0799999237060547,3.440000057220459,3.0220000743865967,3.359999895095825,937600
964,2022-03-17,2.9600000381469727,3.109999895095825,2.869999885559082,3.109999895095825,539500
965,2022-03-16,2.740000009536743,2.9600000381469727,2.7200000286102295,2.9600000381469727,543300
966,2022-03-15,2.690000057220459,2.75,2.619999885559082,2.7100000381469727,170800
967,2022-03-14,2.859999895095825,2.880000114440918,2.5999999046325684,2.6600000858306885,272600
968,2022-03-11,3.059999942779541,3.0799999237060547,2.869999885559082,2.890000104904175,196700
969,2022-03-10,3.1500000953674316,3.1600000858306885,2.869999885559082,3.0299999713897705,225100
970,2022-03-09,3.2100000381469727,3.25,3.0299999713897705,3.200000047683716,821300
971,2022-03-08,2.9800000190734863,3.0199999809265137,2.7799999713897705,2.9600000381469727,479100
972,2022-03-07,2.6500000953674316,2.9600000381469727,2.640000104904175,2.930000066757202,904700
973,2022-03-04,2.7300000190734863,3.1530001163482666,2.5799999237060547,2.6600000858306885,894000
974,2022-03-03,2.9600000381469727,2.9649999141693115,2.630000114440918,2.640000104904175,554700
975,2022-03-02,3.0299999713897705,3.0299999713897705,2.859999895095825,2.9200000762939453,335600
976,2022-03-01,3.1600000858306885,3.299999952316284,3.0,3.0199999809265137,471000
977,2022-02-28,2.9000000953674316,3.130000114440918,2.869999885559082,3.049999952316284,447900
978,2022-02-25,2.9100000858306885,2.930000066757202,2.7300000190734863,2.890000104904175,509700
979,2022-02-24,2.3499999046325684,2.8450000286102295,2.3299999237060547,2.8299999237060547,520900
980,2022-02-23,2.680000066757202,2.690000057220459,2.5399999618530273,2.549999952316284,434800
981,2022-02-22,2.799999952316284,2.799999952316284,2.5899999141693115,2.619999885559082,601700
982,2022-02-18,3.059999942779541,3.059999942779541,2.799999952316284,2.809999942779541,519300
983,2022-02-17,3.1500000953674316,3.240000009536743,2.990000009536743,3.0799999237060547,461600
984,2022-02-16,3.1500000953674316,3.2300000190734863,3.009999990463257,3.190000057220459,829800
985,2022-02-15,3.1600000858306885,3.259999990463257,3.130000114440918,3.25,437300
986,2022-02-14,3.140000104904175,3.25,2.990000009536743,3.069999933242798,458100
987,2022-02-11,3.2100000381469727,3.3289999961853027,3.0399999618530273,3.130000114440918,773200
988,2022-02-10,3.0299999713897705,3.440000057220459,3.0299999713897705,3.2300000190734863,1033300
989,2022-02-09,2.9700000286102295,3.2300000190734863,2.880000114440918,3.2300000190734863,1057800
990,2022-02-08,2.890000104904175,2.9149999618530273,2.7899999618530273,2.869999885559082,505000
991,2022-02-07,2.9100000858306885,3.1500000953674316,2.8399999141693115,2.9000000953674316,960200
992,2022-02-04,2.690000057220459,2.890000104904175,2.619999885559082,2.7699999809265137,986600
993,2022-02-03,2.809999942779541,2.8399999141693115,2.609999895095825,2.630000114440918,452400
994,2022-02-02,3.069999933242798,3.190000057220459,2.799999952316284,2.8499999046325684,570300
995,2022-02-01,3.2100000381469727,3.2100000381469727,2.9000000953674316,3.0399999618530273,827700
996,2022-01-31,2.765000104904175,3.069999933242798,2.765000104904175,3.0399999618530273,757300
997,2022-01-28,2.75,2.884999990463257,2.630000114440918,2.7799999713897705,568600
998,2022-01-27,3.130000114440918,3.2200000286102295,2.7200000286102295,2.75,547100
999,2022-01-26,2.9100000858306885,3.1600000858306885,2.9000000953674316,3.0,757800
1000,2022-01-25,2.8399999141693115,2.890000104904175,2.611999988555908,2.75,480600
1001,2022-01-24,2.630000114440918,2.9100000858306885,2.5399999618530273,2.799999952316284,1116100
1002,2022-01-21,3.0899999141693115,3.130000114440918,2.7300000190734863,2.7699999809265137,1146200
1003,2022-01-20,3.1600000858306885,3.440000057220459,3.130000114440918,3.25,608700
1004,2022-01-19,3.359999895095825,3.430000066757202,3.055000066757202,3.0799999237060547,481400
1005,2022-01-18,3.309999942779541,3.5399999618530273,3.299999952316284,3.3399999141693115,625600
1006,2022-01-14,3.4100000858306885,3.4600000381469727,3.25,3.369999885559082,533000
1007,2022-01-13,3.740000009536743,3.740000009536743,3.390000104904175,3.4000000953674316,684000
1008,2022-01-12,3.9600000381469727,3.9600000381469727,3.630000114440918,3.690000057220459,868000
1009,2022-01-11,3.7100000381469727,3.859999895095825,3.5799999237060547,3.7300000190734863,960900
1010,2022-01-10,3.9100000858306885,3.9600000381469727,3.700000047683716,3.7899999618530273,617500
1011,2022-01-07,4.320000171661377,4.360000133514404,3.940000057220459,3.9800000190734863,569700
1012,2022-01-06,4.03000020980835,4.539000034332275,3.9000000953674316,4.329999923706055,869800
1013,2022-01-05,4.429999828338623,4.5,3.9600000381469727,4.090000152587891,625800
1014,2022-01-04,4.599999904632568,4.690000057220459,4.329999923706055,4.429999828338623,549500
1015,2022-01-03,4.619999885559082,4.715000152587891,4.449999809265137,4.610000133514404,326300
1016,2021-12-31,4.675000190734863,4.889999866485596,4.599999904632568,4.630000114440918,345100
1017,2021-12-30,4.480000019073486,4.75,4.480000019073486,4.619999885559082,755300
1018,2021-12-29,4.730000019073486,4.75,4.449999809265137,4.480000019073486,558500
1019,2021-12-28,4.949999809265137,4.949999809265137,4.480000019073486,4.690000057220459,563400
1020,2021-12-27,5.260000228881836,5.389999866485596,4.960000038146973,4.980000019073486,529800
1021,2021-12-23,5.0,5.230000019073486,4.849999904632568,5.210000038146973,553800
1022,2021-12-22,4.900000095367432,4.989999771118164,4.704999923706055,4.980000019073486,322300
1023,2021-12-21,4.75,4.920000076293945,4.659999847412109,4.869999885559082,343700
1024,2021-12-20,4.449999809265137,4.71999979019165,4.349999904632568,4.659999847412109,610800
1025,2021-12-17,5.079999923706055,5.130000114440918,4.519999980926514,4.590000152587891,3365400
1026,2021-12-16,5.230000019073486,5.619999885559082,4.96999979019165,4.96999979019165,682500
1027,2021-12-15,5.01200008392334,5.243000030517578,4.900000095367432,5.159999847412109,1153500
1028,2021-12-14,5.010000228881836,5.119999885559082,4.570000171661377,4.78000020980835,744500
1029,2021-12-13,5.703000068664551,5.738999843597412,4.929999828338623,5.010000228881836,690300
1030,2021-12-10,6.019999980926514,6.050000190734863,5.429999828338623,5.489999771118164,815700
1031,2021-12-09,6.550000190734863,6.650000095367432,5.849999904632568,5.929999828338623,589400
1032,2021-12-08,6.320000171661377,6.630000114440918,6.130000114440918,6.519999980926514,957000
1033,2021-12-07,6.53000020980835,6.739999771118164,6.28000020980835,6.289999961853027,692300
1034,2021-12-06,6.880000114440918,7.0,6.210000038146973,6.340000152587891,1144100
1035,2021-12-03,7.699999809265137,7.699999809265137,6.909999847412109,7.239999771118164,623700
1036,2021-12-02,7.599999904632568,7.900000095367432,7.260000228881836,7.590000152587891,469200
1037,2021-12-01,7.949999809265137,7.980000019073486,7.400000095367432,7.690000057220459,602200
1038,2021-11-30,7.539999961853027,7.989999771118164,7.179999828338623,7.889999866485596,1848400
1039,2021-11-29,7.889999866485596,7.900000095367432,7.519999980926514,7.599999904632568,539400
1040,2021-11-26,7.710000038146973,7.849999904632568,7.21999979019165,7.5,534100
1041,2021-11-24,8.050000190734863,8.050000190734863,7.585000038146973,7.800000190734863,464800
1042,2021-11-23,8.15999984741211,8.319999694824219,7.829999923706055,8.010000228881836,574900
1043,2021-11-22,8.270000457763672,8.484000205993652,8.0,8.289999961853027,746500
1044,2021-11-19,7.824999809265137,8.699999809265137,7.690000057220459,8.229999542236328,947900
1045,2021-11-18,8.149999618530273,8.1899995803833,7.590000152587891,7.78000020980835,717800
1046,2021-11-17,8.220000267028809,8.34000015258789,7.800000190734863,8.149999618530273,649100
1047,2021-11-16,8.489999771118164,8.489999771118164,8.170000076293945,8.279999732971191,967500
1048,2021-11-15,8.850000381469727,8.869999885559082,8.3100004196167,8.680000305175781,811300
1049,2021-11-12,8.199999809265137,8.520000457763672,7.699999809265137,8.420000076293945,906900
1050,2021-11-11,8.760000228881836,8.960000038146973,8.130000114440918,8.170000076293945,970100
1051,2021-11-10,9.430000305175781,9.449999809265137,8.581999778747559,8.739999771118164,763800
1052,2021-11-09,9.489999771118164,9.6899995803833,8.90999984741211,9.3100004196167,775900
1053,2021-11-08,9.34000015258789,9.479999542236328,8.880000114440918,9.279999732971191,1392700
1054,2021-11-05,8.65999984741211,8.949999809265137,8.470000267028809,8.869999885559082,713700
1055,2021-11-04,9.100000381469727,9.239999771118164,8.390999794006348,8.510000228881836,1089600
1056,2021-11-03,8.710000038146973,9.0,8.319999694824219,8.930000305175781,989500
1057,2021-11-02,8.699999809265137,9.09000015258789,8.1899995803833,8.989999771118164,2168300
1058,2021-11-01,7.900000095367432,9.979999542236328,7.710999965667725,9.850000381469727,7619200
1059,2021-10-29,7.860000133514404,7.949999809265137,7.429999828338623,7.860000133514404,1090000
1060,2021-10-28,8.25,8.34000015258789,7.579999923706055,7.690000057220459,820700
1061,2021-10-27,8.449999809265137,8.600000381469727,7.800000190734863,7.900000095367432,1174200
1062,2021-10-26,9.25,9.25,8.140000343322754,8.760000228881836,1017300
1063,2021-10-25,7.96999979019165,9.0,7.949999809265137,8.920000076293945,1459400
1064,2021-10-22,8.180000305175781,8.260000228881836,7.650000095367432,8.0,1503000
1065,2021-10-21,8.619999885559082,8.779999732971191,8.050000190734863,8.3100004196167,1764100
1066,2021-10-20,7.5,9.520000457763672,7.460000038146973,8.729999542236328,7376300
1067,2021-10-19,8.109999656677246,8.489999771118164,7.120999813079834,7.449999809265137,4178900
1068,2021-10-18,6.78000020980835,8.100000381469727,6.5,7.900000095367432,6855900
1069,2021-10-15,6.400000095367432,7.360000133514404,6.170000076293945,6.989999771118164,8891800
1070,2021-10-14,5.78000020980835,6.150000095367432,5.559999942779541,6.070000171661377,3033200
1071,2021-10-13,5.545000076293945,5.78000020980835,5.130000114440918,5.53000020980835,3360000
1072,2021-10-12,6.329999923706055,6.442999839782715,5.320000171661377,5.409999847412109,3444700
1073,2021-10-11,7.190000057220459,7.190000057220459,6.119999885559082,6.139999866485596,6792000
1074,2021-10-08,9.069999694824219,9.069999694824219,7.690000057220459,7.889999866485596,917700
1075,2021-10-07,9.979999542236328,10.149999618530273,8.779999732971191,8.90999984741211,469100
1076,2021-10-06,10.470000267028809,10.949999809265137,9.619999885559082,9.859999656677246,288600
1077,2021-10-05,9.670000076293945,10.670000076293945,9.520000457763672,10.260000228881836,209200
1078,2021-10-04,9.859999656677246,9.859999656677246,8.65999984741211,9.670000076293945,319300
1079,2021-10-01,10.8100004196167,10.989999771118164,9.720000267028809,9.739999771118164,318400
1080,2021-09-30,11.3100004196167,11.829999923706055,10.100000381469727,10.34000015258789,271600
1081,2021-09-29,10.420000076293945,11.34000015258789,10.35200023651123,11.199999809265137,170500
1082,2021-09-28,10.1899995803833,10.392000198364258,9.8100004196167,10.329999923706055,161000
1083,2021-09-27,11.029999732971191,11.097999572753906,10.149999618530273,10.1899995803833,252300
1084,2021-09-24,10.989999771118164,11.479999542236328,10.899999618530273,11.25,256800
1085,2021-09-23,12.25,12.4399995803833,11.119999885559082,11.229999542236328,243500
1086,2021-09-22,13.1899995803833,13.1899995803833,12.050000190734863,12.130000114440918,243000
1087,2021-09-21,12.279999732971191,13.09000015258789,12.020000457763672,12.3100004196167,100600
1088,2021-09-20,12.989999771118164,13.149999618530273,11.470000267028809,12.3100004196167,286000
1089,2021-09-17,15.0600004196167,15.390000343322754,13.5600004196167,13.5600004196167,378500
1090,2021-09-16,13.039999961853027,14.989999771118164,13.039999961853027,14.520000457763672,454500
1091,2021-09-15,12.75,13.289999961853027,12.649999618530273,12.979999542236328,213700
1092,2021-09-14,13.489999771118164,13.5,12.539999961853027,12.550000190734863,114400
1093,2021-09-13,13.380000114440918,13.399999618530273,13.0600004196167,13.279999732971191,163200
1094,2021-09-10,13.100000381469727,13.329999923706055,12.5,13.199999809265137,754100
1095,2021-09-09,12.199999809265137,13.40999984741211,12.199999809265137,13.069999694824219,459100
1096,2021-09-08,11.600000381469727,12.239999771118164,11.329999923706055,12.170000076293945,429600
1097,2021-09-07,11.949999809265137,12.239999771118164,11.369999885559082,11.75,330800
1098,2021-09-03,11.140000343322754,11.5600004196167,10.949999809265137,11.489999771118164,265500
1099,2021-09-02,10.5,11.579999923706055,10.5,11.029999732971191,511000
1100,2021-09-01,10.84000015258789,10.949999809265137,10.220000267028809,10.399999618530273,391700
1101,2021-08-31,10.899999618530273,11.100000381469727,10.609999656677246,10.770000457763672,359600
1102,2021-08-30,10.210000038146973,10.350000381469727,10.0,10.270000457763672,368600
1103,2021-08-27,10.550000190734863,11.399999618530273,10.050000190734863,10.5,1006300
