,date,open,high,low,close,volume
0,2026-01-22,3.799999952316284,3.880000114440918,3.7899999618530273,3.815000057220459,4448846
1,2026-01-21,3.7200000286102295,3.7699999809265137,3.640000104904175,3.75,70820200
2,2026-01-20,3.619999885559082,3.759999990463257,3.609999895095825,3.690000057220459,67859800
3,2026-01-16,3.5899999141693115,3.799999952316284,3.569999933242798,3.690000057220459,68959900
4,2026-01-15,3.5,3.640000104904175,3.4200000762939453,3.549999952316284,77634200
5,2026-01-14,3.359999895095825,3.549999952316284,3.299999952316284,3.490000009536743,62193300
6,2026-01-13,3.4000000953674316,3.4200000762939453,3.3299999237060547,3.3499999046325684,40757300
7,2026-01-12,3.3299999237060547,3.4100000858306885,3.2799999713897705,3.380000114440918,25275300
8,2026-01-09,3.4000000953674316,3.509999990463257,3.259999990463257,3.309999942779541,37255800
9,2026-01-08,3.2899999618530273,3.3499999046325684,3.259999990463257,3.3299999237060547,50281200
10,2026-01-07,3.2200000286102295,3.3399999141693115,3.2100000381469727,3.3299999237060547,41655200
11,2026-01-06,3.25,3.3299999237060547,3.2100000381469727,3.2799999713897705,53459200
12,2026-01-05,3.119999885559082,3.2300000190734863,3.0299999713897705,3.2200000286102295,62653700
13,2026-01-02,2.740000009536743,3.069999933242798,2.740000009536743,3.0299999713897705,68389300
14,2025-12-31,2.619999885559082,2.690000057220459,2.609999895095825,2.6600000858306885,21978000
15,2025-12-30,2.7100000381469727,2.740000009536743,2.619999885559082,2.630000114440918,32113100
16,2025-12-29,2.640000104904175,2.809999942779541,2.630000114440918,2.700000047683716,32304200
17,2025-12-26,2.7799999713897705,2.7799999713897705,2.680000066757202,2.690000057220459,14691800
18,2025-12-24,2.7899999618530273,2.799999952316284,2.740000009536743,2.7699999809265137,10922900
19,2025-12-23,2.759999990463257,2.890000104904175,2.75,2.7799999713897705,33678300
20,2025-12-22,2.799999952316284,2.880000114440918,2.75,2.7699999809265137,31406400
21,2025-12-19,2.5999999046325684,2.799999952316284,2.5899999141693115,2.740000009536743,79272900
22,2025-12-18,2.509999990463257,2.5899999141693115,2.5,2.569999933242798,32765800
23,2025-12-17,2.5999999046325684,2.640000104904175,2.4800000190734863,2.4800000190734863,41607200
24,2025-12-16,2.509999990463257,2.619999885559082,2.5,2.5999999046325684,38909200
25,2025-12-15,2.6600000858306885,2.7100000381469727,2.5399999618530273,2.5399999618530273,42820500
26,2025-12-12,2.7899999618530273,2.7899999618530273,2.5399999618530273,2.609999895095825,50495100
27,2025-12-11,2.6600000858306885,2.819999933242798,2.640000104904175,2.759999990463257,47117400
28,2025-12-10,2.7300000190734863,2.75,2.5999999046325684,2.690000057220459,49277300
29,2025-12-09,2.7200000286102295,2.7799999713897705,2.7100000381469727,2.740000009536743,39965600
30,2025-12-08,2.740000009536743,2.7699999809265137,2.700000047683716,2.7300000190734863,25167300
31,2025-12-05,2.8499999046325684,2.859999895095825,2.7100000381469727,2.740000009536743,50637400
32,2025-12-04,2.7100000381469727,2.869999885559082,2.6700000762939453,2.8399999141693115,50386900
33,2025-12-03,2.609999895095825,2.7100000381469727,2.559999942779541,2.700000047683716,46277000
34,2025-12-02,2.5199999809265137,2.619999885559082,2.509999990463257,2.5899999141693115,45261300
35,2025-12-01,2.490000009536743,2.5899999141693115,2.4700000286102295,2.5199999809265137,32707700
36,2025-11-28,2.5899999141693115,2.5999999046325684,2.5399999618530273,2.559999942779541,21771600
37,2025-11-26,2.5,2.5999999046325684,2.4800000190734863,2.559999942779541,40082700
38,2025-11-25,2.319999933242798,2.5,2.2899999618530273,2.4700000286102295,56844400
39,2025-11-24,2.2899999618530273,2.3399999141693115,2.259999990463257,2.319999933242798,45004400
40,2025-11-21,2.319999933242798,2.319999933242798,2.200000047683716,2.2699999809265137,66872600
41,2025-11-20,2.4700000286102295,2.5399999618530273,2.309999942779541,2.319999933242798,76268000
42,2025-11-19,2.4100000858306885,2.490000009536743,2.359999895095825,2.430000066757202,78118300
43,2025-11-18,2.359999895095825,2.4100000858306885,2.319999933242798,2.380000114440918,58291100
44,2025-11-17,2.4700000286102295,2.509999990463257,2.3499999046325684,2.390000104904175,67438300
45,2025-11-14,2.4100000858306885,2.5399999618530273,2.369999885559082,2.4800000190734863,50685800
46,2025-11-13,2.5799999237060547,2.630000114440918,2.4700000286102295,2.490000009536743,82140000
47,2025-11-12,2.5899999141693115,2.6500000953674316,2.549999952316284,2.5899999141693115,57713000
48,2025-11-11,2.5999999046325684,2.609999895095825,2.5399999618530273,2.5899999141693115,47660400
49,2025-11-10,2.6600000858306885,2.680000066757202,2.5899999141693115,2.640000104904175,63639200
50,2025-11-07,2.4800000190734863,2.5799999237060547,2.4100000858306885,2.549999952316284,77939100
51,2025-11-06,2.6500000953674316,2.6700000762939453,2.5299999713897705,2.559999942779541,86321900
52,2025-11-05,2.75,2.7799999713897705,2.640000104904175,2.6700000762939453,69213600
53,2025-11-04,2.799999952316284,2.8299999237060547,2.7200000286102295,2.740000009536743,91508300
54,2025-11-03,3.1600000858306885,3.200000047683716,2.890000104904175,2.9200000762939453,102902600
55,2025-10-31,3.2300000190734863,3.299999952316284,3.119999885559082,3.1700000762939453,87054500
56,2025-10-30,3.140000104904175,3.25,3.069999933242798,3.2200000286102295,75210600
57,2025-10-29,3.0899999141693115,3.240000009536743,3.009999990463257,3.1700000762939453,119173000
58,2025-10-28,2.9600000381469727,3.1700000762939453,2.9100000858306885,3.069999933242798,126829900
59,2025-10-27,2.8299999237060547,2.869999885559082,2.700000047683716,2.7799999713897705,64935300
60,2025-10-24,2.740000009536743,2.8499999046325684,2.7100000381469727,2.809999942779541,90256200
61,2025-10-23,2.759999990463257,2.7899999618530273,2.700000047683716,2.7300000190734863,65996300
62,2025-10-22,2.5999999046325684,2.759999990463257,2.5899999141693115,2.7200000286102295,99891300
63,2025-10-21,2.880000114440918,2.9200000762939453,2.6700000762939453,2.7200000286102295,74703800
64,2025-10-20,2.990000009536743,3.0,2.8499999046325684,2.930000066757202,80419200
65,2025-10-17,2.9100000858306885,3.0799999237060547,2.8499999046325684,2.9200000762939453,88062600
66,2025-10-16,3.200000047683716,3.4200000762939453,3.069999933242798,3.0899999141693115,135296300
67,2025-10-15,3.259999990463257,3.3499999046325684,3.049999952316284,3.1700000762939453,119504300
68,2025-10-14,3.0799999237060547,3.2899999618530273,2.869999885559082,3.190000057220459,120866700
69,2025-10-13,3.0399999618530273,3.140000104904175,3.009999990463257,3.0799999237060547,95354400
70,2025-10-10,2.8399999141693115,3.0799999237060547,2.7899999618530273,2.880000114440918,133598700
71,2025-10-09,2.8399999141693115,2.9700000286102295,2.7799999713897705,2.8299999237060547,113842800
72,2025-10-08,2.880000114440918,2.990000009536743,2.799999952316284,2.859999895095825,125282300
73,2025-10-07,2.8399999141693115,2.9700000286102295,2.799999952316284,2.8499999046325684,166851100
74,2025-10-06,2.8299999237060547,2.9600000381469727,2.7899999618530273,2.809999942779541,130299700
75,2025-10-03,2.7799999713897705,2.859999895095825,2.7300000190734863,2.799999952316284,119674000
76,2025-10-02,2.7899999618530273,2.859999895095825,2.700000047683716,2.7699999809265137,100414500
77,2025-10-01,2.7300000190734863,2.799999952316284,2.7100000381469727,2.7699999809265137,100270600
78,2025-09-30,2.75,2.819999933242798,2.7200000286102295,2.75,116383400
79,2025-09-29,2.8399999141693115,2.8499999046325684,2.75,2.7899999618530273,105339100
80,2025-09-26,2.8499999046325684,2.930000066757202,2.75,2.7699999809265137,114359900
81,2025-09-25,2.680000066757202,2.869999885559082,2.640000104904175,2.859999895095825,96822600
82,2025-09-24,2.799999952316284,2.950000047683716,2.7300000190734863,2.75,115983700
83,2025-09-23,2.819999933242798,2.9200000762939453,2.7699999809265137,2.819999933242798,125131300
84,2025-09-22,2.700000047683716,2.7899999618530273,2.609999895095825,2.7799999713897705,93405100
85,2025-09-19,2.559999942779541,2.740000009536743,2.549999952316284,2.6700000762939453,112473300
86,2025-09-18,2.559999942779541,2.5799999237060547,2.490000009536743,2.569999933242798,59550100
87,2025-09-17,2.4800000190734863,2.5799999237060547,2.4700000286102295,2.5399999618530273,67888800
88,2025-09-16,2.5899999141693115,2.5999999046325684,2.4700000286102295,2.5,72967000
89,2025-09-15,2.3499999046325684,2.609999895095825,2.3399999141693115,2.5799999237060547,96577700
90,2025-09-12,2.440000057220459,2.440000057220459,2.3499999046325684,2.369999885559082,59090800
91,2025-09-11,2.450000047683716,2.5,2.4100000858306885,2.430000066757202,69155200
92,2025-09-10,2.390000104904175,2.4800000190734863,2.380000114440918,2.450000047683716,66891100
93,2025-09-09,2.4000000953674316,2.440000057220459,2.359999895095825,2.390000104904175,61353800
94,2025-09-08,2.359999895095825,2.4000000953674316,2.319999933242798,2.380000114440918,57213600
95,2025-09-05,2.299999952316284,2.3499999046325684,2.2300000190734863,2.3499999046325684,47661000
96,2025-09-04,2.3399999141693115,2.369999885559082,2.259999990463257,2.2799999713897705,59231900
97,2025-09-03,2.25,2.3499999046325684,2.2300000190734863,2.3499999046325684,67380600
98,2025-09-02,2.259999990463257,2.2799999713897705,2.200000047683716,2.2799999713897705,52308500
99,2025-08-29,2.259999990463257,2.390000104904175,2.259999990463257,2.319999933242798,75128000
100,2025-08-28,2.140000104904175,2.2300000190734863,2.140000104904175,2.200000047683716,46382100
101,2025-08-27,2.200000047683716,2.240000009536743,2.140000104904175,2.1700000762939453,55307900
102,2025-08-26,2.0899999141693115,2.25,2.0799999237060547,2.2200000286102295,83962900
103,2025-08-25,2.069999933242798,2.119999885559082,2.0399999618530273,2.0799999237060547,44090300
104,2025-08-22,1.9900000095367432,2.109999895095825,1.9600000381469727,2.0799999237060547,60708700
105,2025-08-21,1.9199999570846558,1.9600000381469727,1.8899999856948853,1.9500000476837158,31931800
106,2025-08-20,1.9199999570846558,1.9600000381469727,1.8600000143051147,1.9199999570846558,43891600
107,2025-08-19,2.0899999141693115,2.109999895095825,1.909999966621399,1.9299999475479126,53206900
108,2025-08-18,2.0199999809265137,2.0799999237060547,2.009999990463257,2.059999942779541,46190200
109,2025-08-15,2.0399999618530273,2.049999952316284,1.9700000286102295,2.0299999713897705,47572800
110,2025-08-14,2.0,2.069999933242798,1.9800000190734863,2.0299999713897705,70277200
111,2025-08-13,2.0,2.0999999046325684,1.9900000095367432,2.0199999809265137,132476000
112,2025-08-12,2.119999885559082,2.180000066757202,2.109999895095825,2.1600000858306885,45064700
113,2025-08-11,2.119999885559082,2.190000057220459,2.0799999237060547,2.119999885559082,39355500
114,2025-08-08,2.25,2.359999895095825,2.119999885559082,2.119999885559082,53141500
115,2025-08-07,2.25,2.2799999713897705,2.190000057220459,2.240000009536743,41702900
116,2025-08-06,2.25,2.3299999237060547,2.2300000190734863,2.259999990463257,53674700
117,2025-08-05,2.130000114440918,2.240000009536743,2.109999895095825,2.240000009536743,63877400
118,2025-08-04,2.049999952316284,2.1500000953674316,2.0299999713897705,2.130000114440918,52341500
119,2025-08-01,1.9900000095367432,2.059999942779541,1.940000057220459,2.0399999618530273,57913600
120,2025-07-31,2.069999933242798,2.0999999046325684,2.0199999809265137,2.069999933242798,73193400
121,2025-07-30,2.119999885559082,2.1700000762939453,2.049999952316284,2.0799999237060547,76492300
122,2025-07-29,2.200000047683716,2.240000009536743,2.119999885559082,2.130000114440918,80417400
123,2025-07-28,2.2100000381469727,2.2200000286102295,2.1500000953674316,2.2200000286102295,54690800
124,2025-07-25,2.25,2.2699999809265137,2.1700000762939453,2.2200000286102295,67060600
125,2025-07-24,2.1700000762939453,2.2799999713897705,2.1700000762939453,2.2699999809265137,91622800
126,2025-07-23,2.1700000762939453,2.240000009536743,2.0999999046325684,2.190000057220459,76381000
127,2025-07-22,2.0899999141693115,2.1700000762939453,2.069999933242798,2.1600000858306885,93485900
128,2025-07-21,2.1500000953674316,2.180000066757202,2.0799999237060547,2.109999895095825,82016800
129,2025-07-18,2.109999895095825,2.1700000762939453,2.059999942779541,2.140000104904175,79776300
130,2025-07-17,2.0299999713897705,2.1500000953674316,2.0199999809265137,2.109999895095825,79338000
131,2025-07-16,1.8899999856948853,2.059999942779541,1.8799999952316284,2.0299999713897705,116638200
132,2025-07-15,1.840000033378601,1.8799999952316284,1.7899999618530273,1.8700000047683716,60140700
133,2025-07-14,1.7599999904632568,1.8600000143051147,1.75,1.8600000143051147,67535100
134,2025-07-11,1.7100000381469727,1.809999942779541,1.7000000476837158,1.7799999713897705,60539600
135,2025-07-10,1.7100000381469727,1.7699999809265137,1.7000000476837158,1.7300000190734863,62588700
136,2025-07-09,1.7400000095367432,1.7400000095367432,1.6699999570846558,1.690000057220459,69802300
137,2025-07-08,1.809999942779541,1.809999942779541,1.690000057220459,1.7300000190734863,103520500
138,2025-07-07,1.7899999618530273,1.840000033378601,1.7300000190734863,1.809999942779541,103020400
139,2025-07-03,1.8300000429153442,1.850000023841858,1.7699999809265137,1.8200000524520874,45244700
140,2025-07-02,1.7599999904632568,1.8600000143051147,1.7599999904632568,1.809999942779541,129971400
141,2025-07-01,1.809999942779541,1.809999942779541,1.7300000190734863,1.75,64427000
142,2025-06-30,1.7999999523162842,1.850000023841858,1.7599999904632568,1.8200000524520874,77115300
143,2025-06-27,1.850000023841858,1.8799999952316284,1.75,1.7899999618530273,120960400
144,2025-06-26,1.75,1.850000023841858,1.75,1.840000033378601,137067600
145,2025-06-25,1.7899999618530273,1.809999942779541,1.7200000286102295,1.7699999809265137,142030000
146,2025-06-24,1.7699999809265137,1.8300000429153442,1.7400000095367432,1.7999999523162842,182157300
147,2025-06-23,1.7300000190734863,1.7899999618530273,1.7100000381469727,1.75,208602200
148,2025-06-20,1.840000033378601,1.840000033378601,1.7100000381469727,1.7400000095367432,187690500
149,2025-06-18,1.7999999523162842,1.840000033378601,1.7799999713897705,1.840000033378601,200178900
150,2025-06-17,1.850000023841858,1.8700000047683716,1.7699999809265137,1.8300000429153442,227897700
151,2025-06-16,1.7200000286102295,1.899999976158142,1.7200000286102295,1.8600000143051147,343662300
152,2025-06-13,1.6100000143051147,1.6799999475479126,1.5700000524520874,1.649999976158142,237344000
153,2025-06-12,1.6200000047683716,1.649999976158142,1.590000033378601,1.6200000047683716,157228700
154,2025-06-11,1.590000033378601,1.659999966621399,1.5800000429153442,1.6299999952316284,135595000
155,2025-06-10,1.7400000095367432,1.75,1.559999942779541,1.5800000429153442,194588800
156,2025-06-09,1.7100000381469727,1.809999942779541,1.7000000476837158,1.7200000286102295,211977400
157,2025-06-06,1.649999976158142,1.6799999475479126,1.590000033378601,1.6799999475479126,168221800
158,2025-06-05,1.649999976158142,1.6699999570846558,1.590000033378601,1.6200000047683716,140563300
159,2025-06-04,1.7100000381469727,1.7200000286102295,1.600000023841858,1.649999976158142,141714100
160,2025-06-03,1.6100000143051147,1.7000000476837158,1.559999942779541,1.690000057220459,213430600
161,2025-06-02,1.600000023841858,1.6200000047683716,1.5099999904632568,1.5199999809265137,173286200
162,2025-05-30,1.5800000429153442,1.600000023841858,1.5399999618530273,1.590000033378601,191221900
163,2025-05-29,1.7000000476837158,1.7200000286102295,1.5499999523162842,1.600000023841858,167956000
164,2025-05-28,1.690000057220459,1.75,1.6799999475479126,1.7100000381469727,208178000
165,2025-05-27,1.7699999809265137,1.7799999713897705,1.649999976158142,1.7000000476837158,157474600
166,2025-05-23,1.5800000429153442,1.690000057220459,1.559999942779541,1.6799999475479126,157024300
167,2025-05-22,1.4900000095367432,1.5199999809265137,1.4700000286102295,1.5,84106500
168,2025-05-21,1.4500000476837158,1.5700000524520874,1.4500000476837158,1.5199999809265137,63636000
169,2025-05-20,1.399999976158142,1.4700000286102295,1.3899999856948853,1.4500000476837158,58951900
170,2025-05-19,1.409999966621399,1.440000057220459,1.3899999856948853,1.409999966621399,40762700
171,2025-05-16,1.5,1.5099999904632568,1.409999966621399,1.4299999475479126,57929200
172,2025-05-15,1.5,1.5099999904632568,1.4600000381469727,1.5,40779000
173,2025-05-14,1.5099999904632568,1.5199999809265137,1.4700000286102295,1.5099999904632568,45443800
174,2025-05-13,1.5399999618530273,1.559999942779541,1.5099999904632568,1.5199999809265137,46676400
175,2025-05-12,1.590000033378601,1.6100000143051147,1.5299999713897705,1.5399999618530273,51259900
176,2025-05-09,1.5199999809265137,1.559999942779541,1.4800000190734863,1.5399999618530273,41892100
177,2025-05-08,1.5299999713897705,1.5700000524520874,1.4900000095367432,1.5199999809265137,51348600
178,2025-05-07,1.5,1.5399999618530273,1.4700000286102295,1.5099999904632568,58783600
179,2025-05-06,1.399999976158142,1.4900000095367432,1.3899999856948853,1.4900000095367432,78802300
180,2025-05-05,1.4600000381469727,1.4600000381469727,1.399999976158142,1.409999966621399,59103700
181,2025-05-02,1.4500000476837158,1.5,1.4299999475479126,1.4600000381469727,64957300
182,2025-05-01,1.4299999475479126,1.4600000381469727,1.3799999952316284,1.4299999475479126,78616000
183,2025-04-30,1.399999976158142,1.4299999475479126,1.3600000143051147,1.409999966621399,57107200
184,2025-04-29,1.4600000381469727,1.4800000190734863,1.409999966621399,1.4199999570846558,62655700
185,2025-04-28,1.4199999570846558,1.4800000190734863,1.3700000047683716,1.4600000381469727,61822400
186,2025-04-25,1.409999966621399,1.4199999570846558,1.3700000047683716,1.3899999856948853,37203700
187,2025-04-24,1.3700000047683716,1.4299999475479126,1.3700000047683716,1.4199999570846558,41808400
188,2025-04-23,1.340000033378601,1.409999966621399,1.309999942779541,1.3600000143051147,56137600
189,2025-04-22,1.2999999523162842,1.309999942779541,1.2599999904632568,1.2899999618530273,39722800
190,2025-04-21,1.3600000143051147,1.3700000047683716,1.2400000095367432,1.2699999809265137,58090800
191,2025-04-17,1.3300000429153442,1.3899999856948853,1.309999942779541,1.3799999952316284,48061600
192,2025-04-16,1.2599999904632568,1.3600000143051147,1.2599999904632568,1.3300000429153442,96444600
193,2025-04-15,1.309999942779541,1.340000033378601,1.2599999904632568,1.2699999809265137,71712800
194,2025-04-14,1.3300000429153442,1.350000023841858,1.2799999713897705,1.309999942779541,61967800
195,2025-04-11,1.2599999904632568,1.3300000429153442,1.25,1.309999942779541,68337400
196,2025-04-10,1.2599999904632568,1.2799999713897705,1.2100000381469727,1.2400000095367432,91514300
197,2025-04-09,1.1399999856948853,1.2999999523162842,1.1299999952316284,1.2999999523162842,88206700
198,2025-04-08,1.25,1.2599999904632568,1.1299999952316284,1.149999976158142,76065700
199,2025-04-07,1.100000023841858,1.2599999904632568,1.0800000429153442,1.1799999475479126,106867000
200,2025-04-04,1.2100000381469727,1.2300000190734863,1.1200000047683716,1.190000057220459,83305300
201,2025-04-03,1.25,1.2999999523162842,1.2300000190734863,1.2400000095367432,62018200
202,2025-04-02,1.2999999523162842,1.3300000429153442,1.2799999713897705,1.2999999523162842,71746400
203,2025-04-01,1.309999942779541,1.350000023841858,1.2699999809265137,1.2999999523162842,79507000
204,2025-03-31,1.309999942779541,1.3300000429153442,1.2799999713897705,1.2999999523162842,59541100
205,2025-03-28,1.3700000047683716,1.399999976158142,1.3300000429153442,1.3300000429153442,70877500
206,2025-03-27,1.440000057220459,1.4500000476837158,1.3600000143051147,1.3899999856948853,64462300
207,2025-03-26,1.4800000190734863,1.4800000190734863,1.4199999570846558,1.4299999475479126,63056000
208,2025-03-25,1.5,1.5099999904632568,1.4299999475479126,1.4700000286102295,69189300
209,2025-03-24,1.5199999809265137,1.5399999618530273,1.4800000190734863,1.5099999904632568,55994300
210,2025-03-21,1.5399999618530273,1.5499999523162842,1.4600000381469727,1.5,71943600
211,2025-03-20,1.4500000476837158,1.5499999523162842,1.440000057220459,1.5299999713897705,60684000
212,2025-03-19,1.440000057220459,1.4900000095367432,1.440000057220459,1.4900000095367432,45378900
213,2025-03-18,1.4700000286102295,1.4700000286102295,1.399999976158142,1.4600000381469727,49942300
214,2025-03-17,1.3899999856948853,1.4600000381469727,1.3799999952316284,1.4500000476837158,47739200
215,2025-03-14,1.399999976158142,1.440000057220459,1.3799999952316284,1.3799999952316284,39317900
216,2025-03-13,1.4299999475479126,1.440000057220459,1.3600000143051147,1.399999976158142,56082100
217,2025-03-12,1.3899999856948853,1.4500000476837158,1.3899999856948853,1.4199999570846558,51759400
218,2025-03-11,1.2999999523162842,1.3899999856948853,1.2799999713897705,1.3600000143051147,91969100
219,2025-03-10,1.3799999952316284,1.3899999856948853,1.2699999809265137,1.2999999523162842,80012500
220,2025-03-07,1.409999966621399,1.440000057220459,1.3700000047683716,1.3899999856948853,65594100
221,2025-03-06,1.409999966621399,1.4700000286102295,1.399999976158142,1.4299999475479126,76475400
222,2025-03-05,1.4299999475479126,1.4600000381469727,1.3899999856948853,1.4500000476837158,47607700
223,2025-03-04,1.3700000047683716,1.4600000381469727,1.3300000429153442,1.409999966621399,68966400
224,2025-03-03,1.5299999713897705,1.5499999523162842,1.3700000047683716,1.3700000047683716,81545600
225,2025-02-28,1.4600000381469727,1.5099999904632568,1.4299999475479126,1.4900000095367432,61392500
226,2025-02-27,1.5199999809265137,1.590000033378601,1.4500000476837158,1.4500000476837158,68092700
227,2025-02-26,1.5199999809265137,1.590000033378601,1.4800000190734863,1.5,70335800
228,2025-02-25,1.5299999713897705,1.5399999618530273,1.4600000381469727,1.4800000190734863,69318700
229,2025-02-24,1.5499999523162842,1.590000033378601,1.5199999809265137,1.5499999523162842,59893700
230,2025-02-21,1.590000033378601,1.600000023841858,1.5299999713897705,1.5399999618530273,51264200
231,2025-02-20,1.6200000047683716,1.6399999856948853,1.5800000429153442,1.5800000429153442,53022400
232,2025-02-19,1.6299999952316284,1.6399999856948853,1.5700000524520874,1.600000023841858,61664400
233,2025-02-18,1.6200000047683716,1.649999976158142,1.5800000429153442,1.6299999952316284,48241100
234,2025-02-14,1.75,1.7599999904632568,1.6100000143051147,1.6200000047683716,53128800
235,2025-02-13,1.7599999904632568,1.7799999713897705,1.7100000381469727,1.75,64007100
236,2025-02-12,1.7400000095367432,1.809999942779541,1.7200000286102295,1.7599999904632568,41066400
237,2025-02-11,1.7799999713897705,1.7999999523162842,1.7300000190734863,1.75,54615700
238,2025-02-10,1.8200000524520874,1.8600000143051147,1.7799999713897705,1.7999999523162842,53287700
239,2025-02-07,1.809999942779541,1.8600000143051147,1.7899999618530273,1.809999942779541,49910300
240,2025-02-06,1.8600000143051147,1.8799999952316284,1.7699999809265137,1.7899999618530273,32122500
241,2025-02-05,1.840000033378601,1.8899999856948853,1.8200000524520874,1.8600000143051147,51014100
242,2025-02-04,1.7699999809265137,1.8700000047683716,1.7699999809265137,1.850000023841858,51412900
243,2025-02-03,1.7400000095367432,1.809999942779541,1.7000000476837158,1.75,66208600
244,2025-01-31,1.909999966621399,1.9199999570846558,1.7999999523162842,1.8200000524520874,44459900
245,2025-01-30,1.850000023841858,1.9299999475479126,1.850000023841858,1.9199999570846558,37268900
246,2025-01-29,1.7899999618530273,1.8799999952316284,1.75,1.850000023841858,36404300
247,2025-01-28,1.7899999618530273,1.7899999618530273,1.7100000381469727,1.7799999713897705,28984600
248,2025-01-27,1.9299999475479126,1.940000057220459,1.7300000190734863,1.7300000190734863,51509900
249,2025-01-24,2.069999933242798,2.140000104904175,2.009999990463257,2.0299999713897705,43931500
250,2025-01-23,2.009999990463257,2.059999942779541,1.9700000286102295,2.0399999618530273,37729600
251,2025-01-22,1.9900000095367432,2.069999933242798,1.940000057220459,2.0399999618530273,35748700
252,2025-01-21,1.899999976158142,1.9600000381469727,1.899999976158142,1.9600000381469727,29366400
253,2025-01-17,1.8700000047683716,1.9199999570846558,1.840000033378601,1.8799999952316284,34844100
254,2025-01-16,1.9500000476837158,1.9800000190734863,1.840000033378601,1.8600000143051147,23916900
255,2025-01-15,1.940000057220459,1.9700000286102295,1.909999966621399,1.9500000476837158,26621900
256,2025-01-14,1.9299999475479126,1.9900000095367432,1.899999976158142,1.909999966621399,25019300
257,2025-01-13,1.909999966621399,2.0,1.899999976158142,1.909999966621399,30204600
258,2025-01-10,2.0,2.009999990463257,1.9199999570846558,1.9500000476837158,28676800
259,2025-01-08,1.9700000286102295,2.0,1.8899999856948853,1.9600000381469727,36494200
260,2025-01-07,2.0999999046325684,2.109999895095825,1.9700000286102295,1.9700000286102295,30075100
261,2025-01-06,2.130000114440918,2.190000057220459,2.059999942779541,2.0799999237060547,31317100
262,2025-01-03,2.069999933242798,2.109999895095825,1.9900000095367432,2.0999999046325684,32212200
263,2025-01-02,1.8600000143051147,2.0799999237060547,1.850000023841858,2.0799999237060547,29416800
264,2024-12-31,1.840000033378601,1.8600000143051147,1.7899999618530273,1.7999999523162842,23402200
265,2024-12-30,1.8700000047683716,1.8799999952316284,1.8300000429153442,1.840000033378601,20487800
266,2024-12-27,1.8899999856948853,1.899999976158142,1.850000023841858,1.8700000047683716,16202900
267,2024-12-26,1.8899999856948853,1.940000057220459,1.8700000047683716,1.899999976158142,7535200
268,2024-12-24,1.9600000381469727,1.9600000381469727,1.8700000047683716,1.8799999952316284,15016200
269,2024-12-23,1.8899999856948853,1.9500000476837158,1.8899999856948853,1.9500000476837158,12666400
270,2024-12-20,1.9199999570846558,1.9600000381469727,1.8799999952316284,1.8899999856948853,32499500
271,2024-12-19,1.940000057220459,1.9800000190734863,1.9199999570846558,1.940000057220459,18035700
272,2024-12-18,2.009999990463257,2.059999942779541,1.909999966621399,1.909999966621399,25338900
273,2024-12-17,2.0199999809265137,2.0399999618530273,1.9700000286102295,2.0299999713897705,24186700
274,2024-12-16,2.0799999237060547,2.0999999046325684,2.0299999713897705,2.049999952316284,16701200
275,2024-12-13,2.1500000953674316,2.1700000762939453,2.0799999237060547,2.0799999237060547,12740400
276,2024-12-12,2.240000009536743,2.25,2.1500000953674316,2.1500000953674316,16429300
277,2024-12-11,2.2300000190734863,2.259999990463257,2.1500000953674316,2.25,18151200
278,2024-12-10,2.200000047683716,2.2300000190734863,2.1600000858306885,2.2200000286102295,16372900
279,2024-12-09,2.319999933242798,2.3299999237060547,2.119999885559082,2.190000057220459,22217700
280,2024-12-06,2.3299999237060547,2.3399999141693115,2.2799999713897705,2.2899999618530273,22951000
281,2024-12-05,2.240000009536743,2.369999885559082,2.2200000286102295,2.319999933242798,18819700
282,2024-12-04,2.259999990463257,2.319999933242798,2.2100000381469727,2.25,20181100
283,2024-12-03,2.2699999809265137,2.2799999713897705,2.190000057220459,2.240000009536743,23204500
284,2024-12-02,2.4100000858306885,2.4200000762939453,2.25,2.2899999618530273,29374200
285,2024-11-29,2.3299999237060547,2.4700000286102295,2.3299999237060547,2.359999895095825,24024700
286,2024-11-27,2.2799999713897705,2.380000114440918,2.2799999713897705,2.299999952316284,18539000
287,2024-11-26,2.299999952316284,2.3399999141693115,2.259999990463257,2.2699999809265137,21044800
288,2024-11-25,2.4000000953674316,2.430000066757202,2.2699999809265137,2.319999933242798,30204000
289,2024-11-22,2.380000114440918,2.4000000953674316,2.319999933242798,2.390000104904175,23416000
290,2024-11-21,2.2899999618530273,2.390000104904175,2.2699999809265137,2.359999895095825,23589100
291,2024-11-20,2.359999895095825,2.380000114440918,2.25,2.2799999713897705,23580900
292,2024-11-19,2.2799999713897705,2.380000114440918,2.2300000190734863,2.369999885559082,32171600
293,2024-11-18,2.180000066757202,2.3299999237060547,2.1600000858306885,2.2699999809265137,34960400
294,2024-11-15,2.0299999713897705,2.2200000286102295,2.0299999713897705,2.0899999141693115,40402600
295,2024-11-14,2.059999942779541,2.0899999141693115,2.0199999809265137,2.069999933242798,16062300
296,2024-11-13,2.200000047683716,2.200000047683716,2.059999942779541,2.0799999237060547,28783900
297,2024-11-12,1.9900000095367432,2.1700000762939453,1.9900000095367432,2.1500000953674316,28392800
298,2024-11-11,2.0399999618530273,2.059999942779541,1.9700000286102295,2.0399999618530273,25660300
299,2024-11-08,2.109999895095825,2.130000114440918,2.009999990463257,2.0399999618530273,20680300
300,2024-11-07,2.059999942779541,2.190000057220459,2.009999990463257,2.119999885559082,18457000
301,2024-11-06,2.0999999046325684,2.130000114440918,2.0299999713897705,2.0399999618530273,14182700
302,2024-11-05,2.069999933242798,2.109999895095825,2.049999952316284,2.059999942779541,8409900
303,2024-11-04,2.0399999618530273,2.0899999141693115,2.0,2.069999933242798,15178200
304,2024-11-01,2.130000114440918,2.1700000762939453,2.059999942779541,2.0799999237060547,17447600
305,2024-10-31,2.119999885559082,2.1500000953674316,2.049999952316284,2.0999999046325684,18531300
306,2024-10-30,2.1500000953674316,2.190000057220459,2.119999885559082,2.1500000953674316,12449600
307,2024-10-29,2.25,2.2699999809265137,2.1500000953674316,2.1600000858306885,15827300
308,2024-10-28,2.1700000762939453,2.259999990463257,2.140000104904175,2.2300000190734863,22469600
309,2024-10-25,2.190000057220459,2.2300000190734863,2.140000104904175,2.190000057220459,13828800
310,2024-10-24,2.180000066757202,2.2200000286102295,2.140000104904175,2.200000047683716,17620600
311,2024-10-23,2.25,2.2699999809265137,2.130000114440918,2.1700000762939453,22118400
312,2024-10-22,2.25,2.309999942779541,2.2100000381469727,2.2899999618530273,20453200
313,2024-10-21,2.4000000953674316,2.4000000953674316,2.240000009536743,2.2899999618530273,27724900
314,2024-10-18,2.259999990463257,2.4000000953674316,2.2100000381469727,2.380000114440918,43643700
315,2024-10-17,2.200000047683716,2.309999942779541,2.180000066757202,2.2300000190734863,33353800
316,2024-10-16,1.9900000095367432,2.240000009536743,1.9800000190734863,2.180000066757202,54523300
317,2024-10-15,1.9299999475479126,1.940000057220459,1.8600000143051147,1.9299999475479126,16491900
318,2024-10-14,1.899999976158142,1.9500000476837158,1.8799999952316284,1.9299999475479126,10404100
319,2024-10-11,1.8600000143051147,1.9199999570846558,1.840000033378601,1.9199999570846558,18636600
320,2024-10-10,1.8200000524520874,1.8899999856948853,1.8200000524520874,1.8799999952316284,14500400
321,2024-10-09,1.899999976158142,1.899999976158142,1.8200000524520874,1.850000023841858,13288000
322,2024-10-08,1.8600000143051147,1.9199999570846558,1.840000033378601,1.909999966621399,12900400
323,2024-10-07,1.9700000286102295,1.9700000286102295,1.850000023841858,1.899999976158142,19419400
324,2024-10-04,1.899999976158142,1.9800000190734863,1.899999976158142,1.9600000381469727,14072800
325,2024-10-03,1.9500000476837158,1.9900000095367432,1.8799999952316284,1.899999976158142,15295300
326,2024-10-02,1.899999976158142,1.940000057220459,1.8899999856948853,1.9199999570846558,15371000
327,2024-10-01,1.840000033378601,1.909999966621399,1.8300000429153442,1.899999976158142,19651000
328,2024-09-30,1.850000023841858,1.8799999952316284,1.7799999713897705,1.8300000429153442,16912400
329,2024-09-27,1.8899999856948853,1.899999976158142,1.8200000524520874,1.8700000047683716,13636500
330,2024-09-26,1.909999966621399,1.940000057220459,1.840000033378601,1.8600000143051147,23562500
331,2024-09-25,1.8300000429153442,1.9299999475479126,1.8200000524520874,1.8799999952316284,25291500
332,2024-09-24,1.809999942779541,1.840000033378601,1.7799999713897705,1.7999999523162842,22259800
333,2024-09-23,1.7100000381469727,1.809999942779541,1.690000057220459,1.7699999809265137,36476300
334,2024-09-20,1.649999976158142,1.7000000476837158,1.6200000047683716,1.690000057220459,26474600
335,2024-09-19,1.5700000524520874,1.600000023841858,1.5399999618530273,1.5800000429153442,10039500
336,2024-09-18,1.5399999618530273,1.5800000429153442,1.5099999904632568,1.5199999809265137,21391900
337,2024-09-17,1.5700000524520874,1.590000033378601,1.5399999618530273,1.5399999618530273,16052500
338,2024-09-16,1.590000033378601,1.600000023841858,1.5299999713897705,1.5499999523162842,7844200
339,2024-09-13,1.6299999952316284,1.6299999952316284,1.5399999618530273,1.5700000524520874,11889800
340,2024-09-12,1.600000023841858,1.649999976158142,1.600000023841858,1.6200000047683716,11429800
341,2024-09-11,1.4900000095367432,1.600000023841858,1.4800000190734863,1.590000033378601,20840900
342,2024-09-10,1.4600000381469727,1.5099999904632568,1.4299999475479126,1.4900000095367432,11857500
343,2024-09-09,1.4700000286102295,1.4800000190734863,1.4299999475479126,1.440000057220459,9368300
344,2024-09-06,1.4900000095367432,1.5,1.399999976158142,1.440000057220459,17174700
345,2024-09-05,1.5399999618530273,1.5499999523162842,1.4900000095367432,1.4900000095367432,16837000
346,2024-09-04,1.5399999618530273,1.5800000429153442,1.5099999904632568,1.5299999713897705,17982800
347,2024-09-03,1.649999976158142,1.6699999570846558,1.5099999904632568,1.5299999713897705,20451700
348,2024-08-30,1.6699999570846558,1.6799999475479126,1.6200000047683716,1.6699999570846558,9587900
349,2024-08-29,1.659999966621399,1.690000057220459,1.6100000143051147,1.649999976158142,16875000
350,2024-08-28,1.6699999570846558,1.6799999475479126,1.6100000143051147,1.6200000047683716,16517800
351,2024-08-27,1.7100000381469727,1.7300000190734863,1.649999976158142,1.7100000381469727,15574200
352,2024-08-26,1.75,1.7699999809265137,1.690000057220459,1.7100000381469727,21424900
353,2024-08-23,1.6100000143051147,1.7699999809265137,1.590000033378601,1.7100000381469727,28188100
354,2024-08-22,1.5700000524520874,1.590000033378601,1.4900000095367432,1.5,9634900
355,2024-08-21,1.5499999523162842,1.5800000429153442,1.5399999618530273,1.5700000524520874,9966300
356,2024-08-20,1.600000023841858,1.6100000143051147,1.5399999618530273,1.559999942779541,14204700
357,2024-08-19,1.559999942779541,1.6299999952316284,1.559999942779541,1.590000033378601,13026600
358,2024-08-16,1.6100000143051147,1.6100000143051147,1.5299999713897705,1.559999942779541,13027200
359,2024-08-15,1.5700000524520874,1.6299999952316284,1.5700000524520874,1.6100000143051147,13094200
360,2024-08-14,1.5399999618530273,1.6100000143051147,1.5299999713897705,1.5700000524520874,11979900
361,2024-08-13,1.5499999523162842,1.5499999523162842,1.5099999904632568,1.5299999713897705,9686400
362,2024-08-12,1.5,1.559999942779541,1.5,1.5399999618530273,18802000
363,2024-08-09,1.559999942779541,1.5800000429153442,1.4800000190734863,1.4800000190734863,13487800
364,2024-08-08,1.5199999809265137,1.5800000429153442,1.5099999904632568,1.5399999618530273,13826900
365,2024-08-07,1.6100000143051147,1.6299999952316284,1.5,1.5,20075200
366,2024-08-06,1.5700000524520874,1.6100000143051147,1.5399999618530273,1.5700000524520874,16497100
367,2024-08-05,1.4600000381469727,1.5399999618530273,1.4199999570846558,1.5399999618530273,27486500
368,2024-08-02,1.7000000476837158,1.7100000381469727,1.5700000524520874,1.600000023841858,32639500
369,2024-08-01,1.9600000381469727,1.9600000381469727,1.7400000095367432,1.7599999904632568,33499800
370,2024-07-31,1.8899999856948853,1.9900000095367432,1.8600000143051147,1.9700000286102295,36096500
371,2024-07-30,1.840000033378601,1.8700000047683716,1.8200000524520874,1.8600000143051147,14042500
372,2024-07-29,1.9199999570846558,1.940000057220459,1.809999942779541,1.850000023841858,11838700
373,2024-07-26,1.8899999856948853,1.9299999475479126,1.8799999952316284,1.9299999475479126,13884900
374,2024-07-25,1.8700000047683716,1.909999966621399,1.8200000524520874,1.8799999952316284,18912200
375,2024-07-24,1.9500000476837158,1.9700000286102295,1.8899999856948853,1.899999976158142,15400300
376,2024-07-23,1.9800000190734863,2.0,1.909999966621399,1.9600000381469727,9313300
377,2024-07-22,1.9600000381469727,1.9900000095367432,1.9299999475479126,1.9800000190734863,11405000
378,2024-07-19,1.9500000476837158,1.9800000190734863,1.9299999475479126,1.9500000476837158,11336500
379,2024-07-18,2.009999990463257,2.0299999713897705,1.9500000476837158,1.9500000476837158,20322300
380,2024-07-17,2.0999999046325684,2.119999885559082,2.0,2.0,22569600
381,2024-07-16,2.140000104904175,2.1700000762939453,2.0999999046325684,2.130000114440918,19832100
382,2024-07-15,2.240000009536743,2.259999990463257,2.1500000953674316,2.1600000858306885,23829700
383,2024-07-12,2.2799999713897705,2.299999952316284,2.2200000286102295,2.240000009536743,11060000
384,2024-07-11,2.259999990463257,2.2899999618530273,2.2300000190734863,2.2799999713897705,10581500
385,2024-07-10,2.059999942779541,2.259999990463257,2.059999942779541,2.240000009536743,24271100
386,2024-07-09,2.0299999713897705,2.0899999141693115,2.009999990463257,2.059999942779541,11540100
387,2024-07-08,2.059999942779541,2.0999999046325684,2.0199999809265137,2.0299999713897705,16893200
388,2024-07-05,2.1500000953674316,2.1500000953674316,2.059999942779541,2.059999942779541,7351500
389,2024-07-03,2.130000114440918,2.1700000762939453,2.109999895095825,2.119999885559082,8538300
390,2024-07-02,2.049999952316284,2.119999885559082,2.009999990463257,2.119999885559082,15326700
391,2024-07-01,2.0,2.0799999237060547,2.0,2.049999952316284,11513400
392,2024-06-28,2.0999999046325684,2.130000114440918,1.9800000190734863,1.9900000095367432,20772400
393,2024-06-27,2.049999952316284,2.109999895095825,2.0299999713897705,2.0999999046325684,14524400
394,2024-06-26,1.9900000095367432,2.069999933242798,1.9900000095367432,2.0199999809265137,11877100
395,2024-06-25,2.009999990463257,2.0399999618530273,1.9600000381469727,1.9900000095367432,14848100
396,2024-06-24,2.009999990463257,2.069999933242798,2.0,2.009999990463257,11390100
397,2024-06-21,2.049999952316284,2.0899999141693115,2.009999990463257,2.0199999809265137,14636500
398,2024-06-20,2.130000114440918,2.130000114440918,2.059999942779541,2.0899999141693115,16792400
399,2024-06-18,2.059999942779541,2.140000104904175,2.059999942779541,2.109999895095825,10251200
400,2024-06-17,2.059999942779541,2.109999895095825,2.0299999713897705,2.059999942779541,14415700
401,2024-06-14,2.130000114440918,2.140000104904175,2.059999942779541,2.059999942779541,11873600
402,2024-06-13,2.0799999237060547,2.1600000858306885,2.0799999237060547,2.140000104904175,13211400
403,2024-06-12,2.049999952316284,2.0799999237060547,2.009999990463257,2.0799999237060547,14437700
404,2024-06-11,2.0899999141693115,2.0999999046325684,2.0,2.009999990463257,17163500
405,2024-06-10,2.0899999141693115,2.1600000858306885,2.0799999237060547,2.119999885559082,15020300
406,2024-06-07,2.190000057220459,2.200000047683716,2.0899999141693115,2.0999999046325684,12532300
407,2024-06-06,2.1500000953674316,2.259999990463257,2.140000104904175,2.200000047683716,13910800
408,2024-06-05,2.2699999809265137,2.2799999713897705,2.1600000858306885,2.1700000762939453,12180000
409,2024-06-04,2.319999933242798,2.3299999237060547,2.1700000762939453,2.2300000190734863,22948600
410,2024-06-03,2.4200000762939453,2.430000066757202,2.3399999141693115,2.369999885559082,15087000
411,2024-05-31,2.4600000381469727,2.4700000286102295,2.4000000953674316,2.4200000762939453,15931600
412,2024-05-30,2.4200000762939453,2.450000047683716,2.380000114440918,2.4200000762939453,17009100
413,2024-05-29,2.369999885559082,2.4200000762939453,2.299999952316284,2.4200000762939453,19132700
414,2024-05-28,2.3399999141693115,2.4000000953674316,2.309999942779541,2.4000000953674316,15583600
415,2024-05-24,2.25,2.3299999237060547,2.2300000190734863,2.319999933242798,13242100
416,2024-05-23,2.259999990463257,2.2799999713897705,2.2300000190734863,2.240000009536743,12790600
417,2024-05-22,2.259999990463257,2.299999952316284,2.2300000190734863,2.240000009536743,23024400
418,2024-05-21,2.299999952316284,2.3299999237060547,2.2699999809265137,2.2799999713897705,17379700
419,2024-05-20,2.299999952316284,2.319999933242798,2.25,2.2899999618530273,19793300
420,2024-05-17,2.0999999046325684,2.2699999809265137,2.0899999141693115,2.240000009536743,35492800
421,2024-05-16,2.059999942779541,2.130000114440918,2.059999942779541,2.0999999046325684,11271500
422,2024-05-15,2.049999952316284,2.0899999141693115,2.0299999713897705,2.059999942779541,12512900
423,2024-05-14,2.049999952316284,2.0799999237060547,2.0299999713897705,2.049999952316284,13333000
424,2024-05-13,2.0799999237060547,2.119999885559082,2.0399999618530273,2.0399999618530273,9520300
425,2024-05-10,2.1500000953674316,2.1700000762939453,2.059999942779541,2.069999933242798,14107100
426,2024-05-09,2.0799999237060547,2.1500000953674316,2.049999952316284,2.140000104904175,14395100
427,2024-05-08,2.1500000953674316,2.1700000762939453,2.0399999618530273,2.0799999237060547,22383100
428,2024-05-07,2.180000066757202,2.240000009536743,2.130000114440918,2.140000104904175,14900400
429,2024-05-06,2.119999885559082,2.2300000190734863,2.119999885559082,2.190000057220459,21335600
430,2024-05-03,2.140000104904175,2.1600000858306885,2.0999999046325684,2.130000114440918,18189900
431,2024-05-02,2.049999952316284,2.140000104904175,2.009999990463257,2.109999895095825,17497300
432,2024-05-01,2.0799999237060547,2.140000104904175,2.009999990463257,2.0399999618530273,26863100
433,2024-04-30,2.109999895095825,2.119999885559082,1.9800000190734863,1.9800000190734863,22266000
434,2024-04-29,2.059999942779541,2.140000104904175,2.0199999809265137,2.140000104904175,25615600
435,2024-04-26,1.9500000476837158,2.0999999046325684,1.9500000476837158,2.0299999713897705,18175500
436,2024-04-25,1.9600000381469727,2.0,1.940000057220459,1.9700000286102295,14551100
437,2024-04-24,2.0299999713897705,2.0399999618530273,1.9700000286102295,1.9700000286102295,13789200
438,2024-04-23,2.0,2.0399999618530273,1.9700000286102295,1.9900000095367432,12981400
439,2024-04-22,1.9900000095367432,2.0899999141693115,1.9600000381469727,2.0,13677200
440,2024-04-19,2.0,2.049999952316284,1.9800000190734863,1.9900000095367432,8761000
441,2024-04-18,2.0299999713897705,2.0799999237060547,2.009999990463257,2.009999990463257,11040800
442,2024-04-17,2.049999952316284,2.0899999141693115,1.9800000190734863,2.0199999809265137,12685700
443,2024-04-16,2.0399999618530273,2.0799999237060547,1.9600000381469727,2.0299999713897705,20959800
444,2024-04-15,2.119999885559082,2.1600000858306885,2.049999952316284,2.059999942779541,24519700
445,2024-04-12,2.190000057220459,2.25,2.0799999237060547,2.109999895095825,20503000
446,2024-04-11,2.130000114440918,2.2100000381469727,2.0799999237060547,2.190000057220459,20870500
447,2024-04-10,2.0199999809265137,2.119999885559082,2.0,2.119999885559082,15117800
448,2024-04-09,2.0899999141693115,2.119999885559082,2.0399999618530273,2.049999952316284,16032700
449,2024-04-08,2.1500000953674316,2.1700000762939453,2.049999952316284,2.069999933242798,13939800
450,2024-04-05,2.119999885559082,2.2200000286102295,2.0999999046325684,2.140000104904175,16648700
451,2024-04-04,2.2100000381469727,2.240000009536743,2.130000114440918,2.1600000858306885,22564800
452,2024-04-03,2.119999885559082,2.2200000286102295,2.119999885559082,2.2200000286102295,22373600
453,2024-04-02,2.059999942779541,2.119999885559082,2.0199999809265137,2.119999885559082,16756700
454,2024-04-01,1.9700000286102295,2.0799999237060547,1.9700000286102295,2.069999933242798,19397100
455,2024-03-28,1.940000057220459,2.0,1.940000057220459,1.9500000476837158,13285000
456,2024-03-27,1.9600000381469727,1.9700000286102295,1.909999966621399,1.9500000476837158,8498500
457,2024-03-26,1.9199999570846558,1.9700000286102295,1.899999976158142,1.9500000476837158,10743900
458,2024-03-25,1.9500000476837158,2.009999990463257,1.9299999475479126,1.9500000476837158,11732200
459,2024-03-22,1.9299999475479126,1.9700000286102295,1.9199999570846558,1.940000057220459,6502500
460,2024-03-21,1.9299999475479126,1.9600000381469727,1.899999976158142,1.9299999475479126,10334700
461,2024-03-20,1.840000033378601,1.940000057220459,1.8200000524520874,1.9299999475479126,13874500
462,2024-03-19,1.850000023841858,1.8799999952316284,1.809999942779541,1.8300000429153442,16269300
463,2024-03-18,1.8899999856948853,1.899999976158142,1.840000033378601,1.8899999856948853,11122600
464,2024-03-15,1.7899999618530273,1.8899999856948853,1.7799999713897705,1.8799999952316284,18518400
465,2024-03-14,1.7999999523162842,1.809999942779541,1.7300000190734863,1.7899999618530273,15293200
466,2024-03-13,1.8200000524520874,1.8799999952316284,1.7599999904632568,1.7899999618530273,23999000
467,2024-03-12,1.8300000429153442,1.8700000047683716,1.7899999618530273,1.8200000524520874,7374300
468,2024-03-11,1.850000023841858,1.8600000143051147,1.7999999523162842,1.8200000524520874,11947100
469,2024-03-08,1.9600000381469727,1.9700000286102295,1.809999942779541,1.840000033378601,17447200
470,2024-03-07,1.8300000429153442,1.9600000381469727,1.8200000524520874,1.9600000381469727,14780900
471,2024-03-06,1.8300000429153442,1.8799999952316284,1.8200000524520874,1.8200000524520874,7560300
472,2024-03-05,1.850000023841858,1.8799999952316284,1.7999999523162842,1.7999999523162842,10295700
473,2024-03-04,1.9600000381469727,1.9600000381469727,1.840000033378601,1.850000023841858,11589600
474,2024-03-01,1.809999942779541,1.9500000476837158,1.7999999523162842,1.9199999570846558,21335800
475,2024-02-29,1.809999942779541,1.8300000429153442,1.75,1.7799999713897705,17450600
476,2024-02-28,1.8700000047683716,1.8799999952316284,1.7799999713897705,1.7999999523162842,15922000
477,2024-02-27,1.7699999809265137,1.899999976158142,1.7699999809265137,1.8700000047683716,22907100
478,2024-02-26,1.75,1.8300000429153442,1.7400000095367432,1.7899999618530273,13967500
479,2024-02-23,1.7899999618530273,1.809999942779541,1.75,1.7599999904632568,12871500
480,2024-02-22,1.8600000143051147,1.8799999952316284,1.7899999618530273,1.7899999618530273,11927200
481,2024-02-21,1.7799999713897705,1.8899999856948853,1.7699999809265137,1.850000023841858,16870100
482,2024-02-20,1.9199999570846558,1.9299999475479126,1.7899999618530273,1.809999942779541,17278500
483,2024-02-16,1.940000057220459,1.9600000381469727,1.9199999570846558,1.9299999475479126,6719800
484,2024-02-15,1.9500000476837158,1.9700000286102295,1.9199999570846558,1.9299999475479126,8253100
485,2024-02-14,1.9600000381469727,2.009999990463257,1.9500000476837158,1.9500000476837158,9887900
486,2024-02-13,2.0,2.0299999713897705,1.9500000476837158,1.9800000190734863,14347900
487,2024-02-12,2.0199999809265137,2.049999952316284,1.9800000190734863,2.0299999713897705,10665800
488,2024-02-09,2.0,2.069999933242798,1.9700000286102295,2.009999990463257,12954400
489,2024-02-08,2.0999999046325684,2.119999885559082,1.9800000190734863,2.0,17581200
490,2024-02-07,2.049999952316284,2.0999999046325684,2.0199999809265137,2.0899999141693115,12621600
491,2024-02-06,2.0999999046325684,2.109999895095825,2.0299999713897705,2.0399999618530273,16058100
492,2024-02-05,2.119999885559082,2.130000114440918,2.0299999713897705,2.0799999237060547,16484900
493,2024-02-02,2.140000104904175,2.140000104904175,2.0799999237060547,2.109999895095825,15890500
494,2024-02-01,2.0899999141693115,2.1500000953674316,2.059999942779541,2.140000104904175,30129400
495,2024-01-31,2.0299999713897705,2.059999942779541,2.0,2.0,15038700
496,2024-01-30,1.9700000286102295,2.0299999713897705,1.9500000476837158,2.0299999713897705,14371400
497,2024-01-29,1.909999966621399,1.9600000381469727,1.8700000047683716,1.9500000476837158,9239100
498,2024-01-26,1.9299999475479126,1.9299999475479126,1.8799999952316284,1.9199999570846558,5948000
499,2024-01-25,1.9800000190734863,1.9800000190734863,1.8799999952316284,1.899999976158142,13373400
500,2024-01-24,2.009999990463257,2.049999952316284,1.9600000381469727,1.9700000286102295,9715300
501,2024-01-23,1.9199999570846558,2.0,1.899999976158142,1.9700000286102295,9536600
502,2024-01-22,1.940000057220459,1.9800000190734863,1.909999966621399,1.909999966621399,10434000
503,2024-01-19,2.009999990463257,2.0299999713897705,1.9500000476837158,1.9600000381469727,10596200
504,2024-01-18,2.0299999713897705,2.0399999618530273,1.9700000286102295,2.009999990463257,9994900
505,2024-01-17,2.009999990463257,2.0299999713897705,1.9600000381469727,2.009999990463257,21463900
506,2024-01-16,2.0399999618530273,2.119999885559082,1.9800000190734863,2.0,35934100
507,2024-01-12,1.8700000047683716,1.9900000095367432,1.8600000143051147,1.9800000190734863,35358500
508,2024-01-11,1.7699999809265137,1.7999999523162842,1.7200000286102295,1.7999999523162842,14601400
509,2024-01-10,1.7999999523162842,1.8300000429153442,1.7400000095367432,1.7699999809265137,12387500
510,2024-01-09,1.659999966621399,1.7899999618530273,1.6399999856948853,1.7699999809265137,15918800
511,2024-01-08,1.649999976158142,1.6799999475479126,1.6299999952316284,1.6699999570846558,7367100
512,2024-01-05,1.7100000381469727,1.7300000190734863,1.659999966621399,1.659999966621399,7165800
513,2024-01-04,1.690000057220459,1.7300000190734863,1.6699999570846558,1.690000057220459,7396900
514,2024-01-03,1.7000000476837158,1.7400000095367432,1.6699999570846558,1.6699999570846558,12528200
515,2024-01-02,1.7799999713897705,1.7799999713897705,1.690000057220459,1.690000057220459,11721000
516,2023-12-29,1.7200000286102295,1.7699999809265137,1.7100000381469727,1.7699999809265137,8654000
517,2023-12-28,1.7599999904632568,1.7599999904632568,1.7000000476837158,1.7100000381469727,9274000
518,2023-12-27,1.7599999904632568,1.7899999618530273,1.7400000095367432,1.7599999904632568,9423700
519,2023-12-26,1.75,1.7699999809265137,1.7200000286102295,1.7699999809265137,3592400
520,2023-12-22,1.7699999809265137,1.809999942779541,1.7300000190734863,1.7300000190734863,14117000
521,2023-12-21,1.7400000095367432,1.7899999618530273,1.7200000286102295,1.7899999618530273,28399500
522,2023-12-20,1.7200000286102295,1.7400000095367432,1.6699999570846558,1.7000000476837158,17381700
523,2023-12-19,1.7799999713897705,1.7899999618530273,1.7000000476837158,1.7000000476837158,22431000
524,2023-12-18,1.7999999523162842,1.8600000143051147,1.7799999713897705,1.7899999618530273,10269500
525,2023-12-15,1.850000023841858,1.850000023841858,1.7599999904632568,1.7599999904632568,11290700
526,2023-12-14,1.7799999713897705,1.850000023841858,1.7200000286102295,1.840000033378601,17803600
527,2023-12-13,1.8200000524520874,1.8300000429153442,1.75,1.7899999618530273,13913200
528,2023-12-12,1.840000033378601,1.840000033378601,1.7599999904632568,1.809999942779541,10755600
529,2023-12-11,1.840000033378601,1.8700000047683716,1.7899999618530273,1.8300000429153442,9316800
530,2023-12-08,1.8200000524520874,1.8600000143051147,1.7999999523162842,1.850000023841858,9254800
531,2023-12-07,1.7899999618530273,1.8300000429153442,1.7699999809265137,1.809999942779541,8218700
532,2023-12-06,1.809999942779541,1.8600000143051147,1.7899999618530273,1.7999999523162842,10347800
533,2023-12-05,1.8600000143051147,1.8799999952316284,1.7999999523162842,1.8200000524520874,7881600
534,2023-12-04,1.840000033378601,1.8700000047683716,1.8200000524520874,1.8600000143051147,9776700
535,2023-12-01,1.809999942779541,1.8700000047683716,1.7899999618530273,1.7999999523162842,8493500
536,2023-11-30,1.7400000095367432,1.850000023841858,1.7300000190734863,1.8300000429153442,12415700
537,2023-11-29,1.8200000524520874,1.8200000524520874,1.7400000095367432,1.7400000095367432,8075000
538,2023-11-28,1.8700000047683716,1.8799999952316284,1.8200000524520874,1.8300000429153442,6824800
539,2023-11-27,1.8200000524520874,1.8799999952316284,1.8200000524520874,1.8799999952316284,5873100
540,2023-11-24,1.850000023841858,1.8899999856948853,1.840000033378601,1.850000023841858,2962000
541,2023-11-22,1.850000023841858,1.850000023841858,1.7899999618530273,1.850000023841858,6839500
542,2023-11-21,1.850000023841858,1.8600000143051147,1.7899999618530273,1.840000033378601,10255800
543,2023-11-20,1.7899999618530273,1.840000033378601,1.7799999713897705,1.840000033378601,11677500
544,2023-11-17,1.7599999904632568,1.7999999523162842,1.7400000095367432,1.7799999713897705,12469200
545,2023-11-16,1.6699999570846558,1.75,1.659999966621399,1.75,11463300
546,2023-11-15,1.690000057220459,1.690000057220459,1.6399999856948853,1.6799999475479126,5969300
547,2023-11-14,1.6799999475479126,1.7000000476837158,1.6299999952316284,1.690000057220459,10067400
548,2023-11-13,1.5800000429153442,1.690000057220459,1.5700000524520874,1.659999966621399,9807200
549,2023-11-10,1.5800000429153442,1.6100000143051147,1.5299999713897705,1.590000033378601,7944900
550,2023-11-09,1.5399999618530273,1.6200000047683716,1.5299999713897705,1.5700000524520874,10499900
551,2023-11-08,1.5399999618530273,1.559999942779541,1.5,1.5099999904632568,6138900
552,2023-11-07,1.5299999713897705,1.5700000524520874,1.5,1.5499999523162842,9445300
553,2023-11-06,1.600000023841858,1.6100000143051147,1.5299999713897705,1.5399999618530273,6726500
554,2023-11-03,1.6200000047683716,1.6399999856948853,1.590000033378601,1.600000023841858,8529100
555,2023-11-02,1.6299999952316284,1.659999966621399,1.600000023841858,1.649999976158142,11332200
556,2023-11-01,1.6299999952316284,1.6399999856948853,1.5800000429153442,1.6299999952316284,9203100
557,2023-10-31,1.5800000429153442,1.6200000047683716,1.559999942779541,1.6200000047683716,12789300
558,2023-10-30,1.5199999809265137,1.5700000524520874,1.5199999809265137,1.5700000524520874,6805200
559,2023-10-27,1.559999942779541,1.5800000429153442,1.5099999904632568,1.5299999713897705,6482500
560,2023-10-26,1.600000023841858,1.6100000143051147,1.5299999713897705,1.559999942779541,7254100
561,2023-10-25,1.590000033378601,1.6399999856948853,1.5700000524520874,1.5800000429153442,7181900
562,2023-10-24,1.5099999904632568,1.5800000429153442,1.5099999904632568,1.5800000429153442,5787700
563,2023-10-23,1.5199999809265137,1.5399999618530273,1.4700000286102295,1.5199999809265137,7636600
564,2023-10-20,1.5199999809265137,1.559999942779541,1.4800000190734863,1.5099999904632568,7292300
565,2023-10-19,1.4900000095367432,1.5499999523162842,1.4600000381469727,1.5299999713897705,7685300
566,2023-10-18,1.4900000095367432,1.5199999809265137,1.4700000286102295,1.5,4598100
567,2023-10-17,1.440000057220459,1.5099999904632568,1.440000057220459,1.4700000286102295,8982900
568,2023-10-16,1.5,1.5,1.4299999475479126,1.4600000381469727,9450600
569,2023-10-13,1.4500000476837158,1.4900000095367432,1.4299999475479126,1.4600000381469727,12229300
570,2023-10-12,1.4900000095367432,1.5099999904632568,1.4199999570846558,1.4500000476837158,18266300
571,2023-10-11,1.5,1.5099999904632568,1.4700000286102295,1.4800000190734863,36955800
572,2023-10-10,1.5499999523162842,1.649999976158142,1.5499999523162842,1.6200000047683716,9650200
573,2023-10-09,1.600000023841858,1.6100000143051147,1.5299999713897705,1.5700000524520874,3175400
574,2023-10-06,1.5299999713897705,1.6399999856948853,1.5199999809265137,1.600000023841858,6437800
575,2023-10-05,1.5399999618530273,1.600000023841858,1.5299999713897705,1.559999942779541,7160400
576,2023-10-04,1.5499999523162842,1.5700000524520874,1.5,1.5499999523162842,10515400
577,2023-10-03,1.559999942779541,1.649999976158142,1.559999942779541,1.5800000429153442,9461700
578,2023-10-02,1.6299999952316284,1.649999976158142,1.559999942779541,1.5800000429153442,11893500
579,2023-09-29,1.7899999618530273,1.7899999618530273,1.649999976158142,1.649999976158142,21354400
580,2023-09-28,1.690000057220459,1.7899999618530273,1.6799999475479126,1.75,15071500
581,2023-09-27,1.6799999475479126,1.7200000286102295,1.6299999952316284,1.6699999570846558,13018100
582,2023-09-26,1.7400000095367432,1.7400000095367432,1.6399999856948853,1.6399999856948853,14486800
583,2023-09-25,1.6299999952316284,1.7300000190734863,1.6100000143051147,1.7200000286102295,14254800
584,2023-09-22,1.559999942779541,1.6799999475479126,1.559999942779541,1.6299999952316284,11350400
585,2023-09-21,1.5499999523162842,1.600000023841858,1.5299999713897705,1.5700000524520874,6025100
586,2023-09-20,1.5800000429153442,1.649999976158142,1.5800000429153442,1.590000033378601,8467800
587,2023-09-19,1.659999966621399,1.6799999475479126,1.5800000429153442,1.6100000143051147,16333000
588,2023-09-18,1.649999976158142,1.6699999570846558,1.590000033378601,1.649999976158142,13487900
589,2023-09-15,1.600000023841858,1.649999976158142,1.590000033378601,1.649999976158142,18548300
590,2023-09-14,1.5399999618530273,1.600000023841858,1.5199999809265137,1.5800000429153442,15747500
591,2023-09-13,1.4800000190734863,1.5399999618530273,1.4600000381469727,1.5199999809265137,14872300
592,2023-09-12,1.4500000476837158,1.4900000095367432,1.4500000476837158,1.4800000190734863,9060300
593,2023-09-11,1.4199999570846558,1.4600000381469727,1.4199999570846558,1.4600000381469727,7066900
594,2023-09-08,1.3899999856948853,1.440000057220459,1.3799999952316284,1.4299999475479126,5419200
595,2023-09-07,1.399999976158142,1.4199999570846558,1.3899999856948853,1.409999966621399,5538900
596,2023-09-06,1.4800000190734863,1.4800000190734863,1.3899999856948853,1.4199999570846558,6608200
597,2023-09-05,1.4500000476837158,1.4700000286102295,1.409999966621399,1.4600000381469727,7837100
598,2023-09-01,1.4299999475479126,1.4500000476837158,1.409999966621399,1.409999966621399,3962700
599,2023-08-31,1.440000057220459,1.4500000476837158,1.3899999856948853,1.399999976158142,3625700
600,2023-08-30,1.3799999952316284,1.4299999475479126,1.3700000047683716,1.4199999570846558,6024600
601,2023-08-29,1.399999976158142,1.409999966621399,1.3799999952316284,1.3899999856948853,3428700
602,2023-08-28,1.3899999856948853,1.4299999475479126,1.3799999952316284,1.409999966621399,4006900
603,2023-08-25,1.3899999856948853,1.4199999570846558,1.340000033378601,1.4199999570846558,6523000
604,2023-08-24,1.4199999570846558,1.4299999475479126,1.3300000429153442,1.3799999952316284,5077400
605,2023-08-23,1.399999976158142,1.440000057220459,1.3899999856948853,1.4199999570846558,6144900
606,2023-08-22,1.440000057220459,1.4500000476837158,1.3799999952316284,1.409999966621399,6421400
607,2023-08-21,1.3700000047683716,1.440000057220459,1.3600000143051147,1.4299999475479126,9229100
608,2023-08-18,1.2999999523162842,1.3700000047683716,1.2899999618530273,1.3700000047683716,4493100
609,2023-08-17,1.3300000429153442,1.340000033378601,1.2899999618530273,1.309999942779541,4234500
610,2023-08-16,1.3300000429153442,1.3600000143051147,1.3200000524520874,1.3300000429153442,3172500
611,2023-08-15,1.3799999952316284,1.3799999952316284,1.3200000524520874,1.3300000429153442,4933800
612,2023-08-14,1.3600000143051147,1.3899999856948853,1.3300000429153442,1.3899999856948853,3544500
613,2023-08-11,1.309999942779541,1.3899999856948853,1.309999942779541,1.3799999952316284,6209300
614,2023-08-10,1.3700000047683716,1.409999966621399,1.2899999618530273,1.309999942779541,9040100
615,2023-08-09,1.2999999523162842,1.350000023841858,1.2999999523162842,1.340000033378601,4011900
616,2023-08-08,1.2699999809265137,1.309999942779541,1.2300000190734863,1.309999942779541,4035600
617,2023-08-07,1.2999999523162842,1.3300000429153442,1.2699999809265137,1.2899999618530273,4931400
618,2023-08-04,1.25,1.2899999618530273,1.2400000095367432,1.2799999713897705,3390700
619,2023-08-03,1.2400000095367432,1.2699999809265137,1.2300000190734863,1.25,2830900
620,2023-08-02,1.2599999904632568,1.2699999809265137,1.2100000381469727,1.2699999809265137,4045600
621,2023-08-01,1.2699999809265137,1.2899999618530273,1.25,1.2799999713897705,2897200
622,2023-07-31,1.2599999904632568,1.3300000429153442,1.25,1.2799999713897705,6388100
623,2023-07-28,1.2100000381469727,1.25,1.2000000476837158,1.2400000095367432,3536600
624,2023-07-27,1.2599999904632568,1.2599999904632568,1.2000000476837158,1.2100000381469727,6026300
625,2023-07-26,1.2599999904632568,1.2699999809265137,1.2300000190734863,1.25,2092200
626,2023-07-25,1.2200000286102295,1.2799999713897705,1.2200000286102295,1.2699999809265137,2637600
627,2023-07-24,1.2100000381469727,1.2599999904632568,1.2100000381469727,1.2200000286102295,2235900
628,2023-07-21,1.2400000095367432,1.2400000095367432,1.2000000476837158,1.2200000286102295,2716100
629,2023-07-20,1.2599999904632568,1.2599999904632568,1.2200000286102295,1.2200000286102295,2864100
630,2023-07-19,1.2699999809265137,1.2999999523162842,1.2400000095367432,1.2699999809265137,3564100
631,2023-07-18,1.2400000095367432,1.2799999713897705,1.2300000190734863,1.25,3187100
632,2023-07-17,1.2100000381469727,1.25,1.2000000476837158,1.25,2638700
633,2023-07-14,1.2799999713897705,1.2799999713897705,1.2200000286102295,1.2400000095367432,2461200
634,2023-07-13,1.2400000095367432,1.2799999713897705,1.2400000095367432,1.2799999713897705,3369000
635,2023-07-12,1.25,1.2799999713897705,1.2300000190734863,1.2400000095367432,2764300
636,2023-07-11,1.2300000190734863,1.25,1.2300000190734863,1.2400000095367432,3392100
637,2023-07-10,1.2200000286102295,1.2400000095367432,1.2100000381469727,1.2200000286102295,2169200
638,2023-07-07,1.159999966621399,1.25,1.149999976158142,1.2200000286102295,6056900
639,2023-07-06,1.190000057220459,1.2200000286102295,1.149999976158142,1.1699999570846558,4783000
640,2023-07-05,1.25,1.25,1.2100000381469727,1.2200000286102295,3822300
641,2023-07-03,1.25,1.2699999809265137,1.25,1.25,2965100
642,2023-06-30,1.2300000190734863,1.2599999904632568,1.2300000190734863,1.25,6111800
643,2023-06-29,1.2100000381469727,1.25,1.2100000381469727,1.2300000190734863,5133900
644,2023-06-28,1.2100000381469727,1.2300000190734863,1.190000057220459,1.2100000381469727,2206100
645,2023-06-27,1.2300000190734863,1.2300000190734863,1.2000000476837158,1.2000000476837158,3048100
646,2023-06-26,1.1799999475479126,1.2200000286102295,1.1799999475479126,1.2000000476837158,2402800
647,2023-06-23,1.190000057220459,1.2000000476837158,1.1699999570846558,1.1799999475479126,1802600
648,2023-06-22,1.2200000286102295,1.2300000190734863,1.190000057220459,1.2000000476837158,2900600
649,2023-06-21,1.2300000190734863,1.2599999904632568,1.2300000190734863,1.25,3503100
650,2023-06-20,1.2300000190734863,1.2699999809265137,1.2300000190734863,1.25,2389800
651,2023-06-16,1.2400000095367432,1.25,1.2200000286102295,1.25,2181800
652,2023-06-15,1.2000000476837158,1.2599999904632568,1.2000000476837158,1.2400000095367432,2573500
653,2023-06-14,1.2000000476837158,1.25,1.2000000476837158,1.2100000381469727,4366400
654,2023-06-13,1.2799999713897705,1.309999942779541,1.2000000476837158,1.2100000381469727,6767800
655,2023-06-12,1.2000000476837158,1.2799999713897705,1.190000057220459,1.25,4548000
656,2023-06-09,1.2100000381469727,1.2200000286102295,1.1699999570846558,1.2200000286102295,2940300
657,2023-06-08,1.159999966621399,1.2100000381469727,1.1399999856948853,1.2100000381469727,3727800
658,2023-06-07,1.1799999475479126,1.2000000476837158,1.149999976158142,1.159999966621399,3885600
659,2023-06-06,1.1799999475479126,1.190000057220459,1.1399999856948853,1.1799999475479126,3360400
660,2023-06-05,1.1799999475479126,1.2000000476837158,1.1399999856948853,1.190000057220459,3806900
661,2023-06-02,1.190000057220459,1.190000057220459,1.1399999856948853,1.1699999570846558,6700300
662,2023-06-01,1.0800000429153442,1.190000057220459,1.0800000429153442,1.159999966621399,12002600
663,2023-05-31,1.0099999904632568,1.0800000429153442,1.0,1.0800000429153442,3225200
664,2023-05-30,1.059999942779541,1.059999942779541,1.0,1.0299999713897705,4285000
665,2023-05-26,1.0499999523162842,1.0700000524520874,1.0499999523162842,1.059999942779541,3030700
666,2023-05-25,1.0700000524520874,1.090000033378601,1.059999942779541,1.0700000524520874,2133500
667,2023-05-24,1.100000023841858,1.1100000143051147,1.059999942779541,1.090000033378601,3015700
668,2023-05-23,1.1100000143051147,1.1399999856948853,1.090000033378601,1.100000023841858,3064900
669,2023-05-22,1.0700000524520874,1.149999976158142,1.0700000524520874,1.1399999856948853,4401100
670,2023-05-19,1.090000033378601,1.1100000143051147,1.059999942779541,1.0700000524520874,1864200
671,2023-05-18,1.090000033378601,1.100000023841858,1.0700000524520874,1.100000023841858,1687500
672,2023-05-17,1.0800000429153442,1.1100000143051147,1.0700000524520874,1.090000033378601,1782900
673,2023-05-16,1.1100000143051147,1.1200000047683716,1.0800000429153442,1.090000033378601,1985300
674,2023-05-15,1.100000023841858,1.1399999856948853,1.100000023841858,1.1299999952316284,1448500
675,2023-05-12,1.1200000047683716,1.1200000047683716,1.090000033378601,1.100000023841858,1445200
676,2023-05-11,1.1100000143051147,1.1299999952316284,1.0800000429153442,1.1100000143051147,3391400
677,2023-05-10,1.149999976158142,1.1699999570846558,1.1100000143051147,1.1299999952316284,3309000
678,2023-05-09,1.0800000429153442,1.159999966621399,1.0800000429153442,1.149999976158142,5153700
679,2023-05-08,1.0800000429153442,1.100000023841858,1.0700000524520874,1.090000033378601,2524500
680,2023-05-05,1.0299999713897705,1.0800000429153442,1.0299999713897705,1.059999942779541,2650900
681,2023-05-04,1.0299999713897705,1.0499999523162842,1.0099999904632568,1.0299999713897705,1787900
682,2023-05-03,1.0099999904632568,1.0499999523162842,1.0099999904632568,1.0299999713897705,2325100
683,2023-05-02,1.0299999713897705,1.0399999618530273,1.0099999904632568,1.0299999713897705,2305300
684,2023-05-01,1.100000023841858,1.1100000143051147,1.0299999713897705,1.0299999713897705,2531900
685,2023-04-28,1.0499999523162842,1.100000023841858,1.0499999523162842,1.100000023841858,3186300
686,2023-04-27,1.0199999809265137,1.0700000524520874,1.0199999809265137,1.059999942779541,2629600
687,2023-04-26,1.0399999618530273,1.0800000429153442,1.0099999904632568,1.0099999904632568,4436600
688,2023-04-25,1.0099999904632568,1.0499999523162842,1.0099999904632568,1.0299999713897705,3669300
689,2023-04-24,1.0,1.0199999809265137,1.0,1.0199999809265137,2090700
690,2023-04-21,1.0,1.0299999713897705,0.9900000095367432,1.0199999809265137,3141000
691,2023-04-20,1.0,1.0199999809265137,1.0,1.0099999904632568,2108400
692,2023-04-19,1.0099999904632568,1.0199999809265137,1.0,1.0099999904632568,3782900
693,2023-04-18,1.0199999809265137,1.0299999713897705,1.0099999904632568,1.0199999809265137,2980400
694,2023-04-17,1.0499999523162842,1.0499999523162842,1.0099999904632568,1.0299999713897705,3532300
695,2023-04-14,1.059999942779541,1.0700000524520874,1.0099999904632568,1.0399999618530273,1925200
696,2023-04-13,1.0199999809265137,1.0800000429153442,1.0199999809265137,1.0700000524520874,3231700
697,2023-04-12,1.0499999523162842,1.059999942779541,1.0099999904632568,1.0299999713897705,2951100
698,2023-04-11,1.0299999713897705,1.0499999523162842,1.0199999809265137,1.0499999523162842,2420900
699,2023-04-10,0.9800000190734863,1.0399999618530273,0.9800000190734863,1.0399999618530273,1931100
700,2023-04-06,1.0,1.0099999904632568,0.9800000190734863,1.0,6954700
701,2023-04-05,1.0199999809265137,1.0399999618530273,0.9900000095367432,1.0099999904632568,6311400
702,2023-04-04,1.100000023841858,1.100000023841858,1.0099999904632568,1.0299999713897705,4825700
703,2023-04-03,1.100000023841858,1.1100000143051147,1.059999942779541,1.0800000429153442,3205200
704,2023-03-31,1.1100000143051147,1.1100000143051147,1.0800000429153442,1.090000033378601,3102500
705,2023-03-30,1.0800000429153442,1.1200000047683716,1.0700000524520874,1.100000023841858,6022600
706,2023-03-29,1.0199999809265137,1.059999942779541,1.0099999904632568,1.0499999523162842,3146700
707,2023-03-28,0.9800000190734863,1.0199999809265137,0.9800000190734863,1.0199999809265137,1751100
708,2023-03-27,0.9800000190734863,1.0,0.9700000286102295,0.9900000095367432,1896700
709,2023-03-24,0.9900000095367432,1.0,0.9599999785423279,0.9700000286102295,3923100
710,2023-03-23,1.0099999904632568,1.0299999713897705,0.9800000190734863,0.9800000190734863,3317500
711,2023-03-22,1.0199999809265137,1.0399999618530273,0.9900000095367432,0.9900000095367432,3764700
712,2023-03-21,1.0,1.0399999618530273,1.0,1.0199999809265137,4425600
713,2023-03-20,1.0299999713897705,1.0399999618530273,1.0,1.0199999809265137,3214300
714,2023-03-17,1.0,1.0299999713897705,0.9599999785423279,1.0299999713897705,8368900
715,2023-03-16,1.0,1.0199999809265137,0.9200000166893005,1.0099999904632568,12534500
716,2023-03-15,1.0399999618530273,1.0499999523162842,0.9599999785423279,1.0199999809265137,14083400
717,2023-03-14,1.0700000524520874,1.0800000429153442,1.0499999523162842,1.0499999523162842,3702300
718,2023-03-13,1.0800000429153442,1.100000023841858,1.0299999713897705,1.0499999523162842,7326600
719,2023-03-10,1.1200000047683716,1.1399999856948853,1.059999942779541,1.0700000524520874,10347300
720,2023-03-09,1.149999976158142,1.1699999570846558,1.1299999952316284,1.149999976158142,5919200
721,2023-03-08,1.190000057220459,1.190000057220459,1.1200000047683716,1.159999966621399,8977400
722,2023-03-07,1.2400000095367432,1.2400000095367432,1.159999966621399,1.1699999570846558,4908000
723,2023-03-06,1.2799999713897705,1.2799999713897705,1.2200000286102295,1.2300000190734863,2276300
724,2023-03-03,1.25,1.2899999618530273,1.25,1.2799999713897705,3949500
725,2023-03-02,1.309999942779541,1.309999942779541,1.25,1.2599999904632568,5464600
726,2023-03-01,1.2599999904632568,1.3300000429153442,1.2400000095367432,1.3300000429153442,4152400
727,2023-02-28,1.2599999904632568,1.2699999809265137,1.2200000286102295,1.25,3184200
728,2023-02-27,1.2100000381469727,1.2599999904632568,1.2000000476837158,1.25,3437900
729,2023-02-24,1.2000000476837158,1.2300000190734863,1.190000057220459,1.2000000476837158,4418300
730,2023-02-23,1.2400000095367432,1.25,1.2000000476837158,1.2300000190734863,4375700
731,2023-02-22,1.25,1.2599999904632568,1.2100000381469727,1.2200000286102295,3326500
732,2023-02-21,1.2899999618530273,1.2999999523162842,1.2200000286102295,1.2200000286102295,4906700
733,2023-02-17,1.3300000429153442,1.3300000429153442,1.2799999713897705,1.309999942779541,4599200
734,2023-02-16,1.3799999952316284,1.3799999952316284,1.3300000429153442,1.3300000429153442,3290300
735,2023-02-15,1.350000023841858,1.3899999856948853,1.3300000429153442,1.3899999856948853,4569000
736,2023-02-14,1.3200000524520874,1.3799999952316284,1.2899999618530273,1.3700000047683716,5256700
737,2023-02-13,1.350000023841858,1.3600000143051147,1.3200000524520874,1.3300000429153442,2707100
738,2023-02-10,1.350000023841858,1.3899999856948853,1.3300000429153442,1.3600000143051147,2807200
739,2023-02-09,1.350000023841858,1.4199999570846558,1.340000033378601,1.350000023841858,5520600
740,2023-02-08,1.340000033378601,1.3600000143051147,1.309999942779541,1.3300000429153442,2691300
741,2023-02-07,1.340000033378601,1.3700000047683716,1.309999942779541,1.350000023841858,5895700
742,2023-02-06,1.350000023841858,1.3600000143051147,1.2899999618530273,1.3200000524520874,7598700
743,2023-02-03,1.409999966621399,1.4199999570846558,1.350000023841858,1.3700000047683716,6677900
744,2023-02-02,1.5099999904632568,1.5299999713897705,1.409999966621399,1.4299999475479126,6930800
745,2023-02-01,1.4199999570846558,1.5099999904632568,1.3799999952316284,1.5,9642000
746,2023-01-31,1.4900000095367432,1.4900000095367432,1.399999976158142,1.440000057220459,5898700
747,2023-01-30,1.440000057220459,1.5199999809265137,1.4299999475479126,1.4700000286102295,11686300
748,2023-01-27,1.409999966621399,1.4700000286102295,1.399999976158142,1.440000057220459,5210200
749,2023-01-26,1.440000057220459,1.4600000381469727,1.3799999952316284,1.4199999570846558,4844000
750,2023-01-25,1.4199999570846558,1.440000057220459,1.3600000143051147,1.4299999475479126,6231600
751,2023-01-24,1.3700000047683716,1.4299999475479126,1.350000023841858,1.4299999475479126,9078300
752,2023-01-23,1.350000023841858,1.3799999952316284,1.309999942779541,1.3700000047683716,3858800
753,2023-01-20,1.2699999809265137,1.3600000143051147,1.25,1.350000023841858,4953900
754,2023-01-19,1.2300000190734863,1.2899999618530273,1.2200000286102295,1.2599999904632568,3484000
755,2023-01-18,1.309999942779541,1.340000033378601,1.2400000095367432,1.2400000095367432,6327300
756,2023-01-17,1.2999999523162842,1.350000023841858,1.2799999713897705,1.2999999523162842,5082600
757,2023-01-13,1.340000033378601,1.3700000047683716,1.3200000524520874,1.350000023841858,3153600
758,2023-01-12,1.350000023841858,1.3600000143051147,1.309999942779541,1.350000023841858,4224800
759,2023-01-11,1.350000023841858,1.3600000143051147,1.309999942779541,1.350000023841858,3744400
760,2023-01-10,1.2999999523162842,1.3600000143051147,1.2899999618530273,1.350000023841858,6731900
761,2023-01-09,1.2200000286102295,1.309999942779541,1.2200000286102295,1.2999999523162842,10463400
762,2023-01-06,1.1200000047683716,1.2200000286102295,1.1200000047683716,1.2200000286102295,6561300
763,2023-01-05,1.1200000047683716,1.149999976158142,1.100000023841858,1.1200000047683716,3329400
764,2023-01-04,1.1399999856948853,1.149999976158142,1.1100000143051147,1.1299999952316284,4297500
765,2023-01-03,1.149999976158142,1.1799999475479126,1.1100000143051147,1.1100000143051147,5160200
766,2022-12-30,1.1299999952316284,1.159999966621399,1.1200000047683716,1.149999976158142,5551400
767,2022-12-29,1.1200000047683716,1.149999976158142,1.1100000143051147,1.1399999856948853,2694300
768,2022-12-28,1.149999976158142,1.159999966621399,1.100000023841858,1.1200000047683716,5069400
769,2022-12-27,1.159999966621399,1.1799999475479126,1.1399999856948853,1.1399999856948853,3960000
770,2022-12-23,1.1699999570846558,1.1799999475479126,1.149999976158142,1.159999966621399,1809900
771,2022-12-22,1.190000057220459,1.2000000476837158,1.1399999856948853,1.1699999570846558,3476100
772,2022-12-21,1.1399999856948853,1.2000000476837158,1.1299999952316284,1.2000000476837158,4841700
773,2022-12-20,1.100000023841858,1.149999976158142,1.100000023841858,1.1100000143051147,3470000
774,2022-12-19,1.149999976158142,1.190000057220459,1.100000023841858,1.100000023841858,5106000
775,2022-12-16,1.1200000047683716,1.1699999570846558,1.1200000047683716,1.1699999570846558,4839500
776,2022-12-15,1.1100000143051147,1.149999976158142,1.090000033378601,1.149999976158142,5425400
777,2022-12-14,1.1299999952316284,1.1399999856948853,1.100000023841858,1.1100000143051147,3466000
778,2022-12-13,1.1799999475479126,1.2100000381469727,1.1299999952316284,1.1399999856948853,5251200
779,2022-12-12,1.1200000047683716,1.1699999570846558,1.1200000047683716,1.1699999570846558,6465900
780,2022-12-09,1.149999976158142,1.1699999570846558,1.100000023841858,1.1100000143051147,3182400
781,2022-12-08,1.100000023841858,1.1699999570846558,1.100000023841858,1.149999976158142,4789600
782,2022-12-07,1.090000033378601,1.1100000143051147,1.059999942779541,1.100000023841858,5368400
783,2022-12-06,1.1299999952316284,1.1399999856948853,1.059999942779541,1.0800000429153442,4400900
784,2022-12-05,1.1699999570846558,1.190000057220459,1.1200000047683716,1.1200000047683716,4192700
785,2022-12-02,1.1799999475479126,1.2000000476837158,1.1699999570846558,1.1799999475479126,1784900
786,2022-12-01,1.2300000190734863,1.2400000095367432,1.1799999475479126,1.190000057220459,2296600
787,2022-11-30,1.190000057220459,1.2300000190734863,1.159999966621399,1.2200000286102295,5174300
788,2022-11-29,1.1699999570846558,1.1799999475479126,1.149999976158142,1.1799999475479126,2071400
789,2022-11-28,1.1799999475479126,1.190000057220459,1.149999976158142,1.149999976158142,3837900
790,2022-11-25,1.2000000476837158,1.2200000286102295,1.190000057220459,1.2100000381469727,1520800
791,2022-11-23,1.2200000286102295,1.2400000095367432,1.1799999475479126,1.2100000381469727,2683400
792,2022-11-22,1.159999966621399,1.2200000286102295,1.159999966621399,1.2200000286102295,4121500
793,2022-11-21,1.1799999475479126,1.1799999475479126,1.1299999952316284,1.149999976158142,4426400
794,2022-11-18,1.2000000476837158,1.2200000286102295,1.1699999570846558,1.1799999475479126,3589700
795,2022-11-17,1.190000057220459,1.2100000381469727,1.159999966621399,1.2000000476837158,3420800
796,2022-11-16,1.25,1.2599999904632568,1.190000057220459,1.2100000381469727,3187300
797,2022-11-15,1.309999942779541,1.309999942779541,1.25,1.2599999904632568,3770600
798,2022-11-14,1.2699999809265137,1.2699999809265137,1.2300000190734863,1.2599999904632568,3673000
799,2022-11-11,1.2300000190734863,1.309999942779541,1.2300000190734863,1.2699999809265137,8013200
800,2022-11-10,1.2300000190734863,1.25,1.2100000381469727,1.2400000095367432,4512600
801,2022-11-09,1.2599999904632568,1.2699999809265137,1.159999966621399,1.1699999570846558,4310900
802,2022-11-08,1.2400000095367432,1.2699999809265137,1.2000000476837158,1.2599999904632568,4108300
803,2022-11-07,1.1799999475479126,1.25,1.149999976158142,1.2400000095367432,3616500
804,2022-11-04,1.2000000476837158,1.2200000286102295,1.149999976158142,1.1799999475479126,3546900
805,2022-11-03,1.1299999952316284,1.2000000476837158,1.1299999952316284,1.159999966621399,3433600
806,2022-11-02,1.2200000286102295,1.2300000190734863,1.1299999952316284,1.1299999952316284,6530100
807,2022-11-01,1.2799999713897705,1.2999999523162842,1.1799999475479126,1.2200000286102295,2700500
808,2022-10-31,1.2699999809265137,1.2799999713897705,1.2400000095367432,1.2699999809265137,2891300
809,2022-10-28,1.2699999809265137,1.2799999713897705,1.2200000286102295,1.2699999809265137,3482700
810,2022-10-27,1.309999942779541,1.3300000429153442,1.25,1.25,3649500
811,2022-10-26,1.2400000095367432,1.309999942779541,1.2400000095367432,1.2999999523162842,5158500
812,2022-10-25,1.190000057220459,1.2400000095367432,1.1799999475479126,1.2300000190734863,3672900
813,2022-10-24,1.2100000381469727,1.2200000286102295,1.159999966621399,1.190000057220459,3931400
814,2022-10-21,1.1699999570846558,1.2300000190734863,1.159999966621399,1.2300000190734863,4016900
815,2022-10-20,1.2200000286102295,1.25,1.149999976158142,1.1699999570846558,2423200
816,2022-10-19,1.190000057220459,1.2200000286102295,1.1699999570846558,1.2000000476837158,2315100
817,2022-10-18,1.2599999904632568,1.2799999713897705,1.190000057220459,1.2200000286102295,3902300
818,2022-10-17,1.1299999952316284,1.2300000190734863,1.1299999952316284,1.2200000286102295,8120600
819,2022-10-14,1.159999966621399,1.190000057220459,1.090000033378601,1.100000023841858,5247900
820,2022-10-13,1.100000023841858,1.1799999475479126,1.090000033378601,1.1799999475479126,5469600
821,2022-10-12,1.1399999856948853,1.1699999570846558,1.0700000524520874,1.1399999856948853,6239100
822,2022-10-11,1.1299999952316284,1.149999976158142,1.090000033378601,1.1200000047683716,5876900
823,2022-10-10,1.190000057220459,1.190000057220459,1.1100000143051147,1.1100000143051147,3487100
824,2022-10-07,1.2100000381469727,1.2400000095367432,1.1699999570846558,1.190000057220459,3194600
825,2022-10-06,1.2300000190734863,1.2899999618530273,1.2300000190734863,1.2300000190734863,2433000
826,2022-10-05,1.2400000095367432,1.2699999809265137,1.2100000381469727,1.2599999904632568,3421500
827,2022-10-04,1.25,1.2799999713897705,1.2200000286102295,1.2699999809265137,4886700
828,2022-10-03,1.2000000476837158,1.2300000190734863,1.1799999475479126,1.2000000476837158,3984800
829,2022-09-30,1.1299999952316284,1.190000057220459,1.1100000143051147,1.190000057220459,13343200
830,2022-09-29,1.2000000476837158,1.2000000476837158,1.1200000047683716,1.159999966621399,4296100
831,2022-09-28,1.1399999856948853,1.2100000381469727,1.100000023841858,1.2100000381469727,5164000
832,2022-09-27,1.100000023841858,1.149999976158142,1.090000033378601,1.1200000047683716,5822400
833,2022-09-26,1.0499999523162842,1.1100000143051147,1.0499999523162842,1.059999942779541,5508400
834,2022-09-23,1.1299999952316284,1.1399999856948853,1.059999942779541,1.0800000429153442,6565300
835,2022-09-22,1.2200000286102295,1.2300000190734863,1.149999976158142,1.159999966621399,5631100
836,2022-09-21,1.2400000095367432,1.2599999904632568,1.1799999475479126,1.2300000190734863,5696200
837,2022-09-20,1.25,1.2899999618530273,1.2200000286102295,1.2400000095367432,3208700
838,2022-09-19,1.2200000286102295,1.2999999523162842,1.2100000381469727,1.2599999904632568,5725300
839,2022-09-16,1.25,1.2899999618530273,1.2300000190734863,1.2599999904632568,7334000
840,2022-09-15,1.3899999856948853,1.399999976158142,1.2999999523162842,1.309999942779541,8296800
841,2022-09-14,1.3799999952316284,1.4299999475479126,1.3600000143051147,1.3899999856948853,7177400
842,2022-09-13,1.3799999952316284,1.440000057220459,1.350000023841858,1.3899999856948853,10549400
843,2022-09-12,1.4700000286102295,1.4800000190734863,1.399999976158142,1.4199999570846558,4924900
844,2022-09-09,1.4500000476837158,1.5199999809265137,1.4199999570846558,1.4500000476837158,10418500
845,2022-09-08,1.3300000429153442,1.4500000476837158,1.3300000429153442,1.4500000476837158,11824000
846,2022-09-07,1.340000033378601,1.350000023841858,1.2799999713897705,1.340000033378601,4976300
847,2022-09-06,1.3799999952316284,1.3899999856948853,1.3200000524520874,1.3300000429153442,10958800
848,2022-09-02,1.2999999523162842,1.350000023841858,1.2899999618530273,1.3300000429153442,9516200
849,2022-09-01,1.3600000143051147,1.3899999856948853,1.2799999713897705,1.2999999523162842,11302300
850,2022-08-31,1.3799999952316284,1.440000057220459,1.3300000429153442,1.409999966621399,13876600
851,2022-08-30,1.4500000476837158,1.4500000476837158,1.2999999523162842,1.399999976158142,19333100
852,2022-08-29,1.1799999475479126,1.4199999570846558,1.1699999570846558,1.350000023841858,20168600
853,2022-08-26,1.2699999809265137,1.2699999809265137,1.1799999475479126,1.2100000381469727,6261900
854,2022-08-25,1.2999999523162842,1.3200000524520874,1.2200000286102295,1.2599999904632568,12459700
855,2022-08-24,1.159999966621399,1.2999999523162842,1.1399999856948853,1.2799999713897705,18411600
856,2022-08-23,1.0499999523162842,1.1200000047683716,1.0399999618530273,1.100000023841858,3875900
857,2022-08-22,1.0299999713897705,1.059999942779541,1.0,1.059999942779541,5254900
858,2022-08-19,1.090000033378601,1.090000033378601,1.0299999713897705,1.0499999523162842,5825400
859,2022-08-18,1.090000033378601,1.1100000143051147,1.059999942779541,1.1100000143051147,3188600
860,2022-08-17,1.1399999856948853,1.159999966621399,1.0800000429153442,1.090000033378601,5071700
861,2022-08-16,1.1799999475479126,1.190000057220459,1.1399999856948853,1.159999966621399,3834700
862,2022-08-15,1.190000057220459,1.190000057220459,1.149999976158142,1.1699999570846558,2784200
863,2022-08-12,1.2200000286102295,1.2300000190734863,1.190000057220459,1.2100000381469727,2582900
864,2022-08-11,1.2000000476837158,1.2400000095367432,1.2000000476837158,1.2100000381469727,4005700
865,2022-08-10,1.2200000286102295,1.2200000286102295,1.1699999570846558,1.190000057220459,3767600
866,2022-08-09,1.2400000095367432,1.2400000095367432,1.159999966621399,1.1799999475479126,3095800
867,2022-08-08,1.1799999475479126,1.2799999713897705,1.1799999475479126,1.2400000095367432,7593100
868,2022-08-05,1.159999966621399,1.190000057220459,1.1299999952316284,1.159999966621399,5343000
869,2022-08-04,1.1799999475479126,1.2000000476837158,1.1299999952316284,1.149999976158142,5170100
870,2022-08-03,1.2200000286102295,1.2200000286102295,1.1699999570846558,1.190000057220459,3344300
871,2022-08-02,1.149999976158142,1.2000000476837158,1.149999976158142,1.190000057220459,4497500
872,2022-08-01,1.1799999475479126,1.1799999475479126,1.149999976158142,1.149999976158142,2413900
873,2022-07-29,1.2000000476837158,1.2100000381469727,1.149999976158142,1.190000057220459,10384300
874,2022-07-28,1.2100000381469727,1.2400000095367432,1.1699999570846558,1.2300000190734863,5764500
875,2022-07-27,1.149999976158142,1.2100000381469727,1.1399999856948853,1.2100000381469727,6331600
876,2022-07-26,1.1200000047683716,1.149999976158142,1.100000023841858,1.1299999952316284,4729300
877,2022-07-25,1.0800000429153442,1.1200000047683716,1.0299999713897705,1.1200000047683716,3390900
878,2022-07-22,1.1200000047683716,1.149999976158142,1.0499999523162842,1.0499999523162842,3346900
879,2022-07-21,1.159999966621399,1.1799999475479126,1.1200000047683716,1.1299999952316284,4497200
880,2022-07-20,1.159999966621399,1.190000057220459,1.1299999952316284,1.190000057220459,3959400
881,2022-07-19,1.1200000047683716,1.1699999570846558,1.090000033378601,1.159999966621399,5236600
882,2022-07-18,1.0499999523162842,1.1100000143051147,1.0499999523162842,1.0700000524520874,6375300
883,2022-07-15,1.0499999523162842,1.059999942779541,1.0199999809265137,1.0399999618530273,2294700
884,2022-07-14,0.949999988079071,1.0499999523162842,0.9399999976158142,1.0499999523162842,6313000
885,2022-07-13,0.9700000286102295,1.0,0.9599999785423279,0.9800000190734863,2418700
886,2022-07-12,1.0,1.0099999904632568,0.9700000286102295,0.9800000190734863,1899200
887,2022-07-11,1.0299999713897705,1.0499999523162842,0.9900000095367432,1.0,2817800
888,2022-07-08,1.0199999809265137,1.0700000524520874,1.0099999904632568,1.0499999523162842,2862000
889,2022-07-07,0.949999988079071,1.0399999618530273,0.949999988079071,1.0399999618530273,6363100
890,2022-07-06,0.9599999785423279,0.9900000095367432,0.9100000262260437,0.9399999976158142,6114300
891,2022-07-05,1.0099999904632568,1.0199999809265137,0.9399999976158142,0.949999988079071,6974300
892,2022-07-01,0.9800000190734863,1.0399999618530273,0.9599999785423279,1.0399999618530273,4308300
893,2022-06-30,0.9800000190734863,1.0,0.949999988079071,0.9700000286102295,6522200
894,2022-06-29,1.0399999618530273,1.059999942779541,0.9800000190734863,1.0,6891600
895,2022-06-28,1.1200000047683716,1.1200000047683716,1.0399999618530273,1.0499999523162842,3692400
896,2022-06-27,1.090000033378601,1.1399999856948853,1.0800000429153442,1.100000023841858,5152600
897,2022-06-24,1.0,1.100000023841858,1.0,1.090000033378601,6766000
898,2022-06-23,1.0199999809265137,1.0399999618530273,0.9700000286102295,1.0,7669500
899,2022-06-22,1.0399999618530273,1.0399999618530273,1.0,1.0199999809265137,6712400
900,2022-06-21,1.0199999809265137,1.090000033378601,1.0199999809265137,1.059999942779541,5044400
901,2022-06-17,1.0099999904632568,1.0299999713897705,0.9800000190734863,1.0,7577700
902,2022-06-16,1.0199999809265137,1.0399999618530273,0.9800000190734863,1.0,9845100
903,2022-06-15,1.0399999618530273,1.0800000429153442,1.0099999904632568,1.0700000524520874,7325300
904,2022-06-14,1.1100000143051147,1.1200000047683716,1.0099999904632568,1.0199999809265137,9336800
905,2022-06-13,1.1399999856948853,1.1399999856948853,1.090000033378601,1.090000033378601,6123500
906,2022-06-10,1.2200000286102295,1.2599999904632568,1.1699999570846558,1.2200000286102295,6361700
907,2022-06-09,1.3200000524520874,1.3200000524520874,1.2400000095367432,1.2400000095367432,6768200
908,2022-06-08,1.3799999952316284,1.399999976158142,1.2999999523162842,1.3300000429153442,13201500
909,2022-06-07,1.25,1.3799999952316284,1.2200000286102295,1.3700000047683716,17743200
910,2022-06-06,1.2599999904632568,1.2799999713897705,1.2200000286102295,1.2599999904632568,4137600
911,2022-06-03,1.25,1.2699999809265137,1.2200000286102295,1.2400000095367432,4299200
912,2022-06-02,1.2200000286102295,1.2899999618530273,1.2000000476837158,1.2699999809265137,6258100
913,2022-06-01,1.2400000095367432,1.25,1.1699999570846558,1.2100000381469727,5319800
914,2022-05-31,1.2699999809265137,1.3200000524520874,1.2100000381469727,1.2200000286102295,6430900
915,2022-05-27,1.2200000286102295,1.25,1.2000000476837158,1.2400000095367432,5258800
916,2022-05-26,1.149999976158142,1.2200000286102295,1.1399999856948853,1.190000057220459,5476400
917,2022-05-25,1.1299999952316284,1.149999976158142,1.1100000143051147,1.149999976158142,4634000
918,2022-05-24,1.1299999952316284,1.1399999856948853,1.090000033378601,1.1299999952316284,5375600
919,2022-05-23,1.1299999952316284,1.1699999570846558,1.0800000429153442,1.159999966621399,6157500
920,2022-05-20,1.149999976158142,1.149999976158142,1.0700000524520874,1.1299999952316284,6364800
921,2022-05-19,1.059999942779541,1.1399999856948853,1.059999942779541,1.1299999952316284,7722300
922,2022-05-18,1.1699999570846558,1.190000057220459,1.0700000524520874,1.100000023841858,7480800
923,2022-05-17,1.1299999952316284,1.2000000476837158,1.1100000143051147,1.190000057220459,10510900
924,2022-05-16,1.1100000143051147,1.1200000047683716,1.0700000524520874,1.090000033378601,9447200
925,2022-05-13,1.0700000524520874,1.1399999856948853,1.0499999523162842,1.090000033378601,10504900
926,2022-05-12,1.0,1.0800000429153442,0.9800000190734863,1.0199999809265137,15548900
927,2022-05-11,1.0800000429153442,1.1299999952316284,1.0199999809265137,1.0299999713897705,9503500
928,2022-05-10,1.0700000524520874,1.1299999952316284,1.0299999713897705,1.0800000429153442,10541100
929,2022-05-09,1.1299999952316284,1.149999976158142,1.0399999618530273,1.0499999523162842,18126200
930,2022-05-06,1.1799999475479126,1.2300000190734863,1.1399999856948853,1.2000000476837158,8609500
931,2022-05-05,1.3600000143051147,1.3899999856948853,1.2100000381469727,1.2200000286102295,12283700
932,2022-05-04,1.2899999618530273,1.3600000143051147,1.2400000095367432,1.3600000143051147,8431000
933,2022-05-03,1.2599999904632568,1.309999942779541,1.2599999904632568,1.2999999523162842,6608200
934,2022-05-02,1.2699999809265137,1.2899999618530273,1.2200000286102295,1.2599999904632568,8373700
935,2022-04-29,1.3700000047683716,1.4199999570846558,1.2799999713897705,1.309999942779541,9218100
936,2022-04-28,1.3200000524520874,1.3700000047683716,1.25,1.3600000143051147,9450300
937,2022-04-27,1.2999999523162842,1.3600000143051147,1.2899999618530273,1.309999942779541,10426700
938,2022-04-26,1.399999976158142,1.409999966621399,1.2899999618530273,1.2999999523162842,11602100
939,2022-04-25,1.350000023841858,1.3899999856948853,1.2999999523162842,1.3799999952316284,14023800
940,2022-04-22,1.5,1.5199999809265137,1.3700000047683716,1.4299999475479126,14795500
941,2022-04-21,1.659999966621399,1.6699999570846558,1.5,1.5099999904632568,12698400
942,2022-04-20,1.6100000143051147,1.6799999475479126,1.559999942779541,1.6699999570846558,11416600
943,2022-04-19,1.7000000476837158,1.7100000381469727,1.5800000429153442,1.600000023841858,13073100
944,2022-04-18,1.7599999904632568,1.7599999904632568,1.6799999475479126,1.7000000476837158,9504400
945,2022-04-14,1.8200000524520874,1.8200000524520874,1.7200000286102295,1.7400000095367432,9366400
946,2022-04-13,1.7699999809265137,1.8200000524520874,1.7400000095367432,1.7899999618530273,17056600
947,2022-04-12,1.7699999809265137,1.7999999523162842,1.7100000381469727,1.7400000095367432,9742400
948,2022-04-11,1.75,1.7899999618530273,1.6699999570846558,1.7300000190734863,10841700
949,2022-04-08,1.809999942779541,1.8300000429153442,1.7300000190734863,1.75,12716100
950,2022-04-07,1.6200000047683716,1.809999942779541,1.6100000143051147,1.7899999618530273,24502700
951,2022-04-06,1.6100000143051147,1.6200000047683716,1.5299999713897705,1.6100000143051147,11175000
952,2022-04-05,1.6699999570846558,1.7699999809265137,1.600000023841858,1.6100000143051147,15027000
953,2022-04-04,1.6799999475479126,1.690000057220459,1.600000023841858,1.6299999952316284,6383800
954,2022-04-01,1.6299999952316284,1.7000000476837158,1.6200000047683716,1.6399999856948853,7159100
955,2022-03-31,1.6399999856948853,1.7100000381469727,1.590000033378601,1.600000023841858,15470000
956,2022-03-30,1.6699999570846558,1.7400000095367432,1.6200000047683716,1.6299999952316284,9618700
957,2022-03-29,1.5700000524520874,1.649999976158142,1.4700000286102295,1.649999976158142,12545700
958,2022-03-28,1.6399999856948853,1.649999976158142,1.5299999713897705,1.5499999523162842,13074800
959,2022-03-25,1.7200000286102295,1.7400000095367432,1.6399999856948853,1.6699999570846558,8985200
960,2022-03-24,1.690000057220459,1.75,1.6299999952316284,1.7200000286102295,8611700
961,2022-03-23,1.75,1.7899999618530273,1.6699999570846558,1.690000057220459,9389600
962,2022-03-22,1.690000057220459,1.7699999809265137,1.6699999570846558,1.7300000190734863,7400400
963,2022-03-21,1.659999966621399,1.7899999618530273,1.659999966621399,1.7100000381469727,12902800
964,2022-03-18,1.6299999952316284,1.7000000476837158,1.600000023841858,1.6299999952316284,9873300
965,2022-03-17,1.5,1.649999976158142,1.5,1.6399999856948853,12411200
966,2022-03-16,1.5299999713897705,1.559999942779541,1.409999966621399,1.4700000286102295,12902000
967,2022-03-15,1.4500000476837158,1.5099999904632568,1.3899999856948853,1.4800000190734863,9677000
968,2022-03-14,1.600000023841858,1.6100000143051147,1.4500000476837158,1.4700000286102295,15946600
969,2022-03-11,1.7200000286102295,1.7599999904632568,1.6200000047683716,1.6399999856948853,14749600
970,2022-03-10,1.75,1.8200000524520874,1.690000057220459,1.7599999904632568,24410200
971,2022-03-09,1.590000033378601,1.7899999618530273,1.5199999809265137,1.7300000190734863,28455600
972,2022-03-08,1.559999942779541,1.6699999570846558,1.5,1.6200000047683716,18017000
973,2022-03-07,1.5199999809265137,1.6100000143051147,1.4800000190734863,1.5,14358500
974,2022-03-04,1.4199999570846558,1.4900000095367432,1.350000023841858,1.440000057220459,17212300
975,2022-03-03,1.6100000143051147,1.6200000047683716,1.4900000095367432,1.5199999809265137,13468300
976,2022-03-02,1.5399999618530273,1.6200000047683716,1.5,1.6100000143051147,9473200
977,2022-03-01,1.5499999523162842,1.5700000524520874,1.4600000381469727,1.5199999809265137,10858900
978,2022-02-28,1.4199999570846558,1.5199999809265137,1.399999976158142,1.4900000095367432,17130900
979,2022-02-25,1.340000033378601,1.3899999856948853,1.2599999904632568,1.3700000047683716,12640000
980,2022-02-24,1.2000000476837158,1.350000023841858,1.190000057220459,1.3300000429153442,17615200
981,2022-02-23,1.2599999904632568,1.2899999618530273,1.2300000190734863,1.25,7733100
982,2022-02-22,1.1799999475479126,1.2799999713897705,1.1699999570846558,1.2400000095367432,9641100
983,2022-02-18,1.2200000286102295,1.2300000190734863,1.1799999475479126,1.2000000476837158,4995700
984,2022-02-17,1.2599999904632568,1.2699999809265137,1.2100000381469727,1.2300000190734863,5139900
985,2022-02-16,1.2899999618530273,1.309999942779541,1.25,1.2699999809265137,5058900
986,2022-02-15,1.2599999904632568,1.2999999523162842,1.2400000095367432,1.2799999713897705,3606100
987,2022-02-14,1.2599999904632568,1.2999999523162842,1.2300000190734863,1.2400000095367432,4182600
988,2022-02-11,1.2899999618530273,1.3300000429153442,1.2400000095367432,1.2799999713897705,5917700
989,2022-02-10,1.2999999523162842,1.3799999952316284,1.2699999809265137,1.2899999618530273,11370700
990,2022-02-09,1.25,1.350000023841858,1.2400000095367432,1.350000023841858,13322300
991,2022-02-08,1.2000000476837158,1.2300000190734863,1.1699999570846558,1.2200000286102295,4418000
992,2022-02-07,1.1799999475479126,1.2100000381469727,1.149999976158142,1.2000000476837158,4271900
993,2022-02-04,1.149999976158142,1.190000057220459,1.1299999952316284,1.1799999475479126,5824400
994,2022-02-03,1.159999966621399,1.190000057220459,1.1200000047683716,1.1299999952316284,5036200
995,2022-02-02,1.2799999713897705,1.2799999713897705,1.1699999570846558,1.2000000476837158,5555000
996,2022-02-01,1.2200000286102295,1.2699999809265137,1.1799999475479126,1.2300000190734863,6038600
997,2022-01-31,1.1299999952316284,1.2100000381469727,1.1100000143051147,1.2100000381469727,6493000
998,2022-01-28,1.090000033378601,1.149999976158142,1.059999942779541,1.1399999856948853,9408700
999,2022-01-27,1.149999976158142,1.1799999475479126,1.0700000524520874,1.100000023841858,8257700
1000,2022-01-26,1.25,1.2599999904632568,1.1200000047683716,1.149999976158142,10958300
1001,2022-01-25,1.2200000286102295,1.2200000286102295,1.1399999856948853,1.2100000381469727,9762700
1002,2022-01-24,1.1100000143051147,1.2100000381469727,1.059999942779541,1.2100000381469727,17969100
1003,2022-01-21,1.2000000476837158,1.2300000190734863,1.159999966621399,1.1799999475479126,11592300
1004,2022-01-20,1.2799999713897705,1.3300000429153442,1.2300000190734863,1.25,9439100
1005,2022-01-19,1.2799999713897705,1.309999942779541,1.2100000381469727,1.2699999809265137,12525700
1006,2022-01-18,1.3300000429153442,1.340000033378601,1.2400000095367432,1.2599999904632568,11883000
1007,2022-01-14,1.3600000143051147,1.3799999952316284,1.2699999809265137,1.3600000143051147,9782700
1008,2022-01-13,1.4299999475479126,1.4800000190734863,1.340000033378601,1.3700000047683716,8289000
1009,2022-01-12,1.4500000476837158,1.5099999904632568,1.4199999570846558,1.4299999475479126,6417700
1010,2022-01-11,1.4299999475479126,1.4600000381469727,1.3799999952316284,1.4500000476837158,6952400
1011,2022-01-10,1.4600000381469727,1.4700000286102295,1.3700000047683716,1.4299999475479126,9057700
1012,2022-01-07,1.4500000476837158,1.4700000286102295,1.3899999856948853,1.4600000381469727,10506000
1013,2022-01-06,1.6200000047683716,1.6299999952316284,1.409999966621399,1.4299999475479126,18258200
1014,2022-01-05,1.559999942779541,1.7200000286102295,1.5399999618530273,1.5800000429153442,29674500
1015,2022-01-04,1.5099999904632568,1.5299999713897705,1.4600000381469727,1.5099999904632568,7002500
1016,2022-01-03,1.4600000381469727,1.5399999618530273,1.4500000476837158,1.5099999904632568,11471200
1017,2021-12-31,1.409999966621399,1.4299999475479126,1.3700000047683716,1.3700000047683716,6045100
1018,2021-12-30,1.399999976158142,1.4500000476837158,1.3799999952316284,1.399999976158142,5714800
1019,2021-12-29,1.4199999570846558,1.4500000476837158,1.3899999856948853,1.399999976158142,4568800
1020,2021-12-28,1.5299999713897705,1.5499999523162842,1.399999976158142,1.4500000476837158,9209800
1021,2021-12-27,1.4600000381469727,1.5199999809265137,1.4299999475479126,1.5199999809265137,3683100
1022,2021-12-23,1.4299999475479126,1.4700000286102295,1.409999966621399,1.440000057220459,3486200
1023,2021-12-22,1.3899999856948853,1.440000057220459,1.3899999856948853,1.399999976158142,4148800
1024,2021-12-21,1.3600000143051147,1.4299999475479126,1.3300000429153442,1.4299999475479126,6634700
1025,2021-12-20,1.3300000429153442,1.340000033378601,1.2699999809265137,1.3300000429153442,14001900
1026,2021-12-17,1.3799999952316284,1.4199999570846558,1.3300000429153442,1.3899999856948853,6276400
1027,2021-12-16,1.5099999904632568,1.5299999713897705,1.3700000047683716,1.3899999856948853,8782500
1028,2021-12-15,1.3600000143051147,1.4700000286102295,1.2999999523162842,1.4700000286102295,9736500
1029,2021-12-14,1.350000023841858,1.3799999952316284,1.309999942779541,1.3700000047683716,12405500
1030,2021-12-13,1.4299999475479126,1.4500000476837158,1.350000023841858,1.3899999856948853,7583900
1031,2021-12-10,1.5,1.5099999904632568,1.399999976158142,1.4199999570846558,12884000
1032,2021-12-09,1.590000033378601,1.590000033378601,1.4800000190734863,1.4900000095367432,7699900
1033,2021-12-08,1.5800000429153442,1.6100000143051147,1.5299999713897705,1.5800000429153442,6785800
1034,2021-12-07,1.5,1.5800000429153442,1.4900000095367432,1.559999942779541,7900000
1035,2021-12-06,1.3899999856948853,1.440000057220459,1.309999942779541,1.4299999475479126,12854500
1036,2021-12-03,1.5399999618530273,1.5499999523162842,1.3799999952316284,1.440000057220459,13688100
1037,2021-12-02,1.5,1.559999942779541,1.4600000381469727,1.5099999904632568,9928800
1038,2021-12-01,1.5499999523162842,1.6399999856948853,1.4800000190734863,1.4800000190734863,9690000
1039,2021-11-30,1.6100000143051147,1.659999966621399,1.4800000190734863,1.590000033378601,14446300
1040,2021-11-29,1.659999966621399,1.7000000476837158,1.6299999952316284,1.649999976158142,7702200
1041,2021-11-26,1.559999942779541,1.6399999856948853,1.5299999713897705,1.6299999952316284,8988500
1042,2021-11-24,1.75,1.75,1.649999976158142,1.7100000381469727,7201800
1043,2021-11-23,1.6399999856948853,1.7699999809265137,1.6299999952316284,1.7400000095367432,14470100
1044,2021-11-22,1.7000000476837158,1.7300000190734863,1.5800000429153442,1.600000023841858,14392500
1045,2021-11-19,1.7599999904632568,1.7899999618530273,1.6699999570846558,1.7000000476837158,13141300
1046,2021-11-18,1.7799999713897705,1.8200000524520874,1.7200000286102295,1.7999999523162842,8320300
1047,2021-11-17,1.7999999523162842,1.909999966621399,1.7599999904632568,1.7599999904632568,11492200
1048,2021-11-16,1.8899999856948853,1.9199999570846558,1.7699999809265137,1.8300000429153442,12799700
1049,2021-11-15,2.0399999618530273,2.0399999618530273,1.8799999952316284,1.940000057220459,10932800
1050,2021-11-12,2.009999990463257,2.0799999237060547,1.940000057220459,1.9700000286102295,11032400
1051,2021-11-11,1.9800000190734863,2.049999952316284,1.909999966621399,1.9900000095367432,16950800
1052,2021-11-10,2.0999999046325684,2.140000104904175,1.899999976158142,1.940000057220459,22286800
1053,2021-11-09,2.0999999046325684,2.130000114440918,1.9600000381469727,2.119999885559082,16177400
1054,2021-11-08,1.9500000476837158,2.0999999046325684,1.9299999475479126,2.0799999237060547,22824000
1055,2021-11-05,1.9700000286102295,1.9900000095367432,1.8600000143051147,1.9299999475479126,11656600
1056,2021-11-04,2.0,2.0,1.850000023841858,1.940000057220459,17968000
1057,2021-11-03,1.7799999713897705,1.9299999475479126,1.7699999809265137,1.9199999570846558,17875200
1058,2021-11-02,1.7599999904632568,1.7999999523162842,1.7200000286102295,1.7699999809265137,9412200
1059,2021-11-01,1.7000000476837158,1.8200000524520874,1.7000000476837158,1.7699999809265137,12791200
1060,2021-10-29,1.7699999809265137,1.7899999618530273,1.6200000047683716,1.690000057220459,19666900
1061,2021-10-28,1.7400000095367432,1.7899999618530273,1.7100000381469727,1.7699999809265137,11727800
1062,2021-10-27,1.8300000429153442,1.899999976158142,1.7200000286102295,1.7400000095367432,15397800
1063,2021-10-26,1.9199999570846558,1.9199999570846558,1.7999999523162842,1.8600000143051147,15018600
1064,2021-10-25,1.899999976158142,1.9800000190734863,1.8600000143051147,1.8899999856948853,14554500
1065,2021-10-22,1.8700000047683716,1.899999976158142,1.75,1.8600000143051147,13303100
1066,2021-10-21,1.9600000381469727,1.9700000286102295,1.840000033378601,1.8799999952316284,13124000
1067,2021-10-20,1.850000023841858,1.9600000381469727,1.7899999618530273,1.9600000381469727,15688500
1068,2021-10-19,1.899999976158142,1.909999966621399,1.7799999713897705,1.840000033378601,20988300
1069,2021-10-18,1.690000057220459,1.899999976158142,1.6799999475479126,1.8600000143051147,35873300
1070,2021-10-15,1.649999976158142,1.7200000286102295,1.590000033378601,1.649999976158142,9924800
1071,2021-10-14,1.7300000190734863,1.7799999713897705,1.6200000047683716,1.649999976158142,21740400
1072,2021-10-13,1.6399999856948853,1.7799999713897705,1.5399999618530273,1.7100000381469727,33212100
1073,2021-10-12,1.409999966621399,1.6399999856948853,1.3899999856948853,1.6200000047683716,28729600
1074,2021-10-11,1.3799999952316284,1.4299999475479126,1.3600000143051147,1.4299999475479126,7926900
1075,2021-10-08,1.3899999856948853,1.440000057220459,1.350000023841858,1.3700000047683716,8919400
1076,2021-10-07,1.3700000047683716,1.440000057220459,1.350000023841858,1.399999976158142,8946200
1077,2021-10-06,1.409999966621399,1.409999966621399,1.3200000524520874,1.350000023841858,16004800
1078,2021-10-05,1.4800000190734863,1.5099999904632568,1.4299999475479126,1.4500000476837158,8597500
1079,2021-10-04,1.5299999713897705,1.5700000524520874,1.399999976158142,1.440000057220459,22396500
1080,2021-10-01,1.4500000476837158,1.5299999713897705,1.399999976158142,1.5099999904632568,17341700
1081,2021-09-30,1.340000033378601,1.4900000095367432,1.3300000429153442,1.4700000286102295,23730800
1082,2021-09-29,1.3799999952316284,1.399999976158142,1.3200000524520874,1.340000033378601,11960100
1083,2021-09-28,1.4199999570846558,1.4500000476837158,1.350000023841858,1.3799999952316284,15581500
1084,2021-09-27,1.350000023841858,1.4600000381469727,1.350000023841858,1.440000057220459,14377600
1085,2021-09-24,1.409999966621399,1.4299999475479126,1.2999999523162842,1.3300000429153442,22557200
1086,2021-09-23,1.399999976158142,1.4500000476837158,1.3200000524520874,1.4500000476837158,18252000
1087,2021-09-22,1.4500000476837158,1.5099999904632568,1.3700000047683716,1.3700000047683716,21543900
1088,2021-09-21,1.4800000190734863,1.5099999904632568,1.409999966621399,1.409999966621399,25232900
1089,2021-09-20,1.4800000190734863,1.5099999904632568,1.3799999952316284,1.409999966621399,27872900
1090,2021-09-17,1.690000057220459,1.7200000286102295,1.5299999713897705,1.6100000143051147,30629900
1091,2021-09-16,1.7999999523162842,1.7999999523162842,1.649999976158142,1.7000000476837158,21342600
1092,2021-09-15,1.6100000143051147,1.7799999713897705,1.6100000143051147,1.7799999713897705,36922300
1093,2021-09-14,1.690000057220459,1.7000000476837158,1.5099999904632568,1.6100000143051147,34029700
1094,2021-09-13,1.7000000476837158,1.7300000190734863,1.6100000143051147,1.6299999952316284,50696000
1095,2021-09-10,1.4199999570846558,1.6299999952316284,1.4199999570846558,1.590000033378601,49449300
1096,2021-09-09,1.4199999570846558,1.4500000476837158,1.350000023841858,1.409999966621399,13266200
1097,2021-09-08,1.5099999904632568,1.5199999809265137,1.3799999952316284,1.4500000476837158,18010600
1098,2021-09-07,1.5,1.5499999523162842,1.4299999475479126,1.5099999904632568,40793000
1099,2021-09-03,1.4600000381469727,1.5,1.3700000047683716,1.409999966621399,28484100
1100,2021-09-02,1.2999999523162842,1.4199999570846558,1.2999999523162842,1.399999976158142,25156000
1101,2021-09-01,1.2699999809265137,1.2899999618530273,1.2300000190734863,1.2899999618530273,12441500
1102,2021-08-31,1.1799999475479126,1.2799999713897705,1.159999966621399,1.2699999809265137,12844700
1103,2021-08-30,1.1399999856948853,1.1799999475479126,1.1299999952316284,1.1799999475479126,5912000
1104,2021-08-27,1.0800000429153442,1.149999976158142,1.0800000429153442,1.1299999952316284,8507100
1105,2021-08-26,1.100000023841858,1.1200000047683716,1.0700000524520874,1.0800000429153442,2514100
1106,2021-08-25,1.090000033378601,1.1200000047683716,1.0800000429153442,1.100000023841858,3822200
1107,2021-08-24,1.100000023841858,1.1200000047683716,1.0700000524520874,1.0800000429153442,5789800
1108,2021-08-23,1.0299999713897705,1.100000023841858,1.0299999713897705,1.100000023841858,4948800
1109,2021-08-20,0.9900000095367432,1.0299999713897705,0.9800000190734863,1.0299999713897705,5316100
1110,2021-08-19,1.0299999713897705,1.0399999618530273,0.9800000190734863,0.9800000190734863,5502800
1111,2021-08-18,1.0099999904632568,1.0700000524520874,1.0,1.0299999713897705,5142600
1112,2021-08-17,1.0199999809265137,1.0399999618530273,1.0,1.0099999904632568,4152500
1113,2021-08-16,1.059999942779541,1.0700000524520874,1.0,1.0299999713897705,5188600
1114,2021-08-13,1.0800000429153442,1.090000033378601,1.059999942779541,1.0700000524520874,3263000
1115,2021-08-12,1.100000023841858,1.1200000047683716,1.0800000429153442,1.090000033378601,2445500
1116,2021-08-11,1.100000023841858,1.1399999856948853,1.0800000429153442,1.1100000143051147,3858700
1117,2021-08-10,1.0499999523162842,1.1399999856948853,1.0399999618530273,1.1100000143051147,8913900
1118,2021-08-09,1.100000023841858,1.1100000143051147,1.0299999713897705,1.0399999618530273,5077300
1119,2021-08-06,1.1100000143051147,1.1200000047683716,1.059999942779541,1.100000023841858,3075600
1120,2021-08-05,1.090000033378601,1.1200000047683716,1.059999942779541,1.100000023841858,4125100
1121,2021-08-04,1.0700000524520874,1.100000023841858,1.0499999523162842,1.0800000429153442,3395000
1122,2021-08-03,1.0800000429153442,1.100000023841858,1.059999942779541,1.0800000429153442,3094500
1123,2021-08-02,1.100000023841858,1.1200000047683716,1.0700000524520874,1.090000033378601,2601300
1124,2021-07-30,1.1200000047683716,1.1399999856948853,1.090000033378601,1.100000023841858,4590100
1125,2021-07-29,1.159999966621399,1.1699999570846558,1.1100000143051147,1.149999976158142,6005900
1126,2021-07-28,1.0299999713897705,1.1399999856948853,1.0299999713897705,1.1399999856948853,7187100
1127,2021-07-27,1.059999942779541,1.0700000524520874,1.0199999809265137,1.0399999618530273,3072200
1128,2021-07-26,1.0299999713897705,1.0800000429153442,1.0299999713897705,1.0700000524520874,4803300
1129,2021-07-23,1.0299999713897705,1.0499999523162842,1.0099999904632568,1.0299999713897705,4801700
1130,2021-07-22,1.0700000524520874,1.0700000524520874,1.0099999904632568,1.0299999713897705,4787200
1131,2021-07-21,1.0700000524520874,1.100000023841858,1.0299999713897705,1.0499999523162842,6394100
1132,2021-07-20,0.9399999976158142,1.0499999523162842,0.9300000071525574,1.0199999809265137,11536900
1133,2021-07-19,0.9800000190734863,0.9800000190734863,0.9200000166893005,0.9300000071525574,15857900
1134,2021-07-16,1.0399999618530273,1.0399999618530273,0.9800000190734863,0.9900000095367432,11835000
1135,2021-07-15,1.0800000429153442,1.100000023841858,1.0,1.0199999809265137,10014800
1136,2021-07-14,1.0800000429153442,1.100000023841858,1.0399999618530273,1.100000023841858,10315200
1137,2021-07-13,1.0700000524520874,1.100000023841858,1.0399999618530273,1.0800000429153442,15188500
1138,2021-07-12,1.1200000047683716,1.1200000047683716,1.059999942779541,1.059999942779541,7941600
1139,2021-07-09,1.090000033378601,1.159999966621399,1.0800000429153442,1.1299999952316284,4145600
1140,2021-07-08,1.0800000429153442,1.1399999856948853,1.059999942779541,1.0800000429153442,8231900
1141,2021-07-07,1.1699999570846558,1.190000057220459,1.0800000429153442,1.149999976158142,8227000
1142,2021-07-06,1.2300000190734863,1.25,1.159999966621399,1.159999966621399,6779000
1143,2021-07-02,1.2200000286102295,1.25,1.1799999475479126,1.2300000190734863,4550700
1144,2021-07-01,1.2200000286102295,1.2699999809265137,1.149999976158142,1.2200000286102295,11211900
1145,2021-06-30,1.2300000190734863,1.2300000190734863,1.1699999570846558,1.190000057220459,14656300
1146,2021-06-29,1.2599999904632568,1.2799999713897705,1.2100000381469727,1.2200000286102295,7006100
1147,2021-06-28,1.3200000524520874,1.3200000524520874,1.25,1.25,5739600
1148,2021-06-25,1.350000023841858,1.3799999952316284,1.2899999618530273,1.3200000524520874,5721400
1149,2021-06-24,1.3200000524520874,1.3799999952316284,1.309999942779541,1.350000023841858,7217100
1150,2021-06-23,1.309999942779541,1.3700000047683716,1.309999942779541,1.309999942779541,7455300
1151,2021-06-22,1.3300000429153442,1.3300000429153442,1.25,1.309999942779541,10683800
1152,2021-06-21,1.340000033378601,1.3700000047683716,1.2599999904632568,1.3200000524520874,11350300
1153,2021-06-18,1.3799999952316284,1.399999976158142,1.3300000429153442,1.3600000143051147,11052800
1154,2021-06-17,1.4299999475479126,1.4600000381469727,1.3300000429153442,1.3899999856948853,19611900
1155,2021-06-16,1.3700000047683716,1.5,1.3600000143051147,1.5,13819900
1156,2021-06-15,1.3600000143051147,1.4199999570846558,1.340000033378601,1.4199999570846558,11045800
1157,2021-06-14,1.3799999952316284,1.3799999952316284,1.2799999713897705,1.3700000047683716,18599000
1158,2021-06-11,1.4199999570846558,1.4299999475479126,1.3799999952316284,1.409999966621399,4267200
1159,2021-06-10,1.3600000143051147,1.409999966621399,1.2999999523162842,1.409999966621399,7615000
1160,2021-06-09,1.399999976158142,1.4199999570846558,1.2999999523162842,1.3200000524520874,11967800
1161,2021-06-08,1.4800000190734863,1.4900000095367432,1.3799999952316284,1.399999976158142,13663600
1162,2021-06-07,1.3799999952316284,1.4600000381469727,1.3700000047683716,1.440000057220459,21442300
1163,2021-06-04,1.2599999904632568,1.3899999856948853,1.2300000190734863,1.3700000047683716,16178200
1164,2021-06-03,1.25,1.2899999618530273,1.2100000381469727,1.2799999713897705,8467200
1165,2021-06-02,1.340000033378601,1.340000033378601,1.25,1.2599999904632568,10895800
1166,2021-06-01,1.2999999523162842,1.3799999952316284,1.2799999713897705,1.3200000524520874,15576400
1167,2021-05-28,1.309999942779541,1.340000033378601,1.2000000476837158,1.25,20309300
1168,2021-05-27,1.1799999475479126,1.3200000524520874,1.159999966621399,1.3200000524520874,28300400
1169,2021-05-26,1.1399999856948853,1.1799999475479126,1.1299999952316284,1.159999966621399,6639100
1170,2021-05-25,1.1399999856948853,1.1699999570846558,1.1200000047683716,1.1299999952316284,4000500
1171,2021-05-24,1.159999966621399,1.1799999475479126,1.1299999952316284,1.1299999952316284,4956700
1172,2021-05-21,1.2000000476837158,1.2400000095367432,1.159999966621399,1.159999966621399,9218600
1173,2021-05-20,1.1799999475479126,1.2000000476837158,1.149999976158142,1.1799999475479126,7581700
1174,2021-05-19,1.1200000047683716,1.190000057220459,1.100000023841858,1.159999966621399,9652600
1175,2021-05-18,1.159999966621399,1.2100000381469727,1.149999976158142,1.159999966621399,8437300
1176,2021-05-17,1.159999966621399,1.190000057220459,1.1299999952316284,1.149999976158142,11383200
1177,2021-05-14,1.059999942779541,1.149999976158142,1.059999942779541,1.1399999856948853,8551000
1178,2021-05-13,1.0700000524520874,1.1200000047683716,1.0199999809265137,1.0399999618530273,8732800
1179,2021-05-12,1.1299999952316284,1.159999966621399,1.059999942779541,1.059999942779541,10091100
1180,2021-05-11,1.100000023841858,1.1699999570846558,1.0800000429153442,1.149999976158142,10072200
1181,2021-05-10,1.2300000190734863,1.2300000190734863,1.1299999952316284,1.1399999856948853,14868800
1182,2021-05-07,1.149999976158142,1.2100000381469727,1.1299999952316284,1.190000057220459,10855700
1183,2021-05-06,1.2000000476837158,1.2200000286102295,1.1100000143051147,1.149999976158142,21937500
1184,2021-05-05,1.1200000047683716,1.2000000476837158,1.1200000047683716,1.2000000476837158,18374700
1185,2021-05-04,1.1299999952316284,1.1699999570846558,1.0700000524520874,1.0800000429153442,23924600
1186,2021-05-03,1.090000033378601,1.1799999475479126,1.0700000524520874,1.159999966621399,42990500
1187,2021-04-30,1.0499999523162842,1.0800000429153442,1.0399999618530273,1.0700000524520874,7243000
1188,2021-04-29,1.090000033378601,1.1100000143051147,1.0099999904632568,1.0700000524520874,13184200
1189,2021-04-28,1.0099999904632568,1.0800000429153442,1.0099999904632568,1.0800000429153442,10737600
1190,2021-04-27,1.059999942779541,1.0700000524520874,1.0199999809265137,1.0299999713897705,7669000
1191,2021-04-26,1.0,1.0499999523162842,1.0,1.0399999618530273,11379300
1192,2021-04-23,1.0,1.0299999713897705,0.9800000190734863,1.0,7586200
1193,2021-04-22,1.0299999713897705,1.0399999618530273,0.9800000190734863,1.0,9701700
1194,2021-04-21,1.0099999904632568,1.090000033378601,0.9800000190734863,1.0199999809265137,13156900
1195,2021-04-20,0.9700000286102295,1.0199999809265137,0.9300000071525574,1.0099999904632568,13362000
1196,2021-04-19,1.0299999713897705,1.0499999523162842,0.9700000286102295,0.9800000190734863,15833000
1197,2021-04-16,1.0399999618530273,1.0700000524520874,1.0,1.059999942779541,12278200
1198,2021-04-15,1.0800000429153442,1.090000033378601,1.0299999713897705,1.0399999618530273,12448100
1199,2021-04-14,1.1200000047683716,1.1399999856948853,1.0499999523162842,1.0700000524520874,14991600
1200,2021-04-13,1.090000033378601,1.1100000143051147,1.0499999523162842,1.0700000524520874,9409500
1201,2021-04-12,1.1299999952316284,1.1399999856948853,1.0299999713897705,1.090000033378601,20216800
1202,2021-04-09,1.2400000095367432,1.25,1.1399999856948853,1.159999966621399,14073900
1203,2021-04-08,1.2400000095367432,1.2599999904632568,1.2000000476837158,1.2300000190734863,11490500
1204,2021-04-07,1.25,1.25,1.2000000476837158,1.2000000476837158,12246200
1205,2021-04-06,1.3300000429153442,1.350000023841858,1.2100000381469727,1.25,26889500
1206,2021-04-05,1.2200000286102295,1.3300000429153442,1.1699999570846558,1.2999999523162842,50693700
1207,2021-04-01,1.1200000047683716,1.2000000476837158,1.100000023841858,1.1799999475479126,24833100
1208,2021-03-31,1.090000033378601,1.1799999475479126,1.059999942779541,1.090000033378601,24583100
1209,2021-03-30,1.0700000524520874,1.100000023841858,1.0299999713897705,1.090000033378601,15194700
1210,2021-03-29,1.090000033378601,1.100000023841858,1.0199999809265137,1.090000033378601,15933100
1211,2021-03-26,1.0700000524520874,1.100000023841858,1.0299999713897705,1.0800000429153442,12127400
1212,2021-03-25,1.0099999904632568,1.090000033378601,1.0099999904632568,1.0399999618530273,16928200
1213,2021-03-24,1.1100000143051147,1.1299999952316284,1.0099999904632568,1.0199999809265137,17053000
1214,2021-03-23,1.190000057220459,1.190000057220459,1.0700000524520874,1.090000033378601,22377500
1215,2021-03-22,1.1299999952316284,1.2400000095367432,1.1200000047683716,1.1299999952316284,30018400
1216,2021-03-19,1.1200000047683716,1.159999966621399,1.090000033378601,1.1100000143051147,15278900
1217,2021-03-18,1.1699999570846558,1.2300000190734863,1.0800000429153442,1.1200000047683716,25325000
1218,2021-03-17,1.1399999856948853,1.1799999475479126,1.1200000047683716,1.1799999475479126,23763400
1219,2021-03-16,1.2799999713897705,1.2999999523162842,1.1399999856948853,1.1699999570846558,51448500
1220,2021-03-15,1.309999942779541,1.3200000524520874,1.2200000286102295,1.2999999523162842,69956100
1221,2021-03-12,1.0199999809265137,1.149999976158142,0.9900000095367432,1.1399999856948853,20691100
1222,2021-03-11,0.9800000190734863,1.0499999523162842,0.9800000190734863,1.0399999618530273,13704300
1223,2021-03-10,1.0399999618530273,1.059999942779541,0.9700000286102295,0.9900000095367432,14276500
1224,2021-03-09,1.0099999904632568,1.0399999618530273,0.9800000190734863,1.0299999713897705,16661300
1225,2021-03-08,1.0199999809265137,1.0499999523162842,0.9599999785423279,0.9700000286102295,16006600
1226,2021-03-05,1.0499999523162842,1.0800000429153442,0.8600000143051147,1.0,27881600
1227,2021-03-04,1.100000023841858,1.1399999856948853,0.9599999785423279,1.0299999713897705,33041200
1228,2021-03-03,1.2400000095367432,1.3300000429153442,1.0800000429153442,1.1399999856948853,55733000
1229,2021-03-02,1.0700000524520874,1.2300000190734863,1.0199999809265137,1.2300000190734863,51575400
1230,2021-03-01,1.100000023841858,1.1399999856948853,1.0499999523162842,1.0700000524520874,23786000
1231,2021-02-26,1.0700000524520874,1.100000023841858,0.9700000286102295,1.0499999523162842,39403200
1232,2021-02-25,1.149999976158142,1.149999976158142,1.0399999618530273,1.090000033378601,42181000
1233,2021-02-24,1.159999966621399,1.2000000476837158,1.100000023841858,1.159999966621399,34645700
1234,2021-02-23,1.0399999618530273,1.149999976158142,0.9300000071525574,1.100000023841858,59491000
1235,2021-02-22,1.2000000476837158,1.340000033378601,1.1399999856948853,1.190000057220459,58128300
1236,2021-02-19,1.3200000524520874,1.3200000524520874,1.149999976158142,1.2000000476837158,61979100
1237,2021-02-18,1.409999966621399,1.4500000476837158,1.2200000286102295,1.2699999809265137,81312300
1238,2021-02-17,1.559999942779541,1.809999942779541,1.3700000047683716,1.5099999904632568,181328400
1239,2021-02-16,1.2799999713897705,1.5499999523162842,1.2400000095367432,1.4900000095367432,219113700
1240,2021-02-12,1.3300000429153442,1.340000033378601,1.0700000524520874,1.1100000143051147,153970500
1241,2021-02-11,0.9700000286102295,1.2699999809265137,0.949999988079071,1.059999942779541,148692300
1242,2021-02-10,1.0399999618530273,1.0399999618530273,0.8999999761581421,0.9800000190734863,20372000
1243,2021-02-09,0.949999988079071,0.949999988079071,0.8999999761581421,0.9300000071525574,13646200
1244,2021-02-08,0.8399999737739563,0.8799999952316284,0.800000011920929,0.8600000143051147,11503000
1245,2021-02-05,0.7400000095367432,0.7799999713897705,0.7300000190734863,0.7799999713897705,4182400
1246,2021-02-04,0.7599999904632568,0.7599999904632568,0.7200000286102295,0.75,3435000
1247,2021-02-03,0.7300000190734863,0.7599999904632568,0.7200000286102295,0.7400000095367432,3814600
1248,2021-02-02,0.75,0.7599999904632568,0.6899999976158142,0.7300000190734863,5501100
1249,2021-02-01,0.6899999976158142,0.800000011920929,0.6600000262260437,0.7400000095367432,16384800
1250,2021-01-29,0.6700000166893005,0.699999988079071,0.6399999856948853,0.6600000262260437,5178900
1251,2021-01-28,0.6899999976158142,0.699999988079071,0.6299999952316284,0.6600000262260437,6813900
1252,2021-01-27,0.6600000262260437,0.6700000166893005,0.6200000047683716,0.6399999856948853,4267300
1253,2021-01-26,0.6700000166893005,0.7200000286102295,0.6600000262260437,0.6899999976158142,4424100
1254,2021-01-25,0.7099999785423279,0.7200000286102295,0.6499999761581421,0.6800000071525574,3615400
1255,2021-01-22,0.699999988079071,0.7099999785423279,0.6899999976158142,0.699999988079071,2373700
1256,2021-01-21,0.75,0.75,0.6800000071525574,0.7200000286102295,3729100
1257,2021-01-20,0.75,0.7599999904632568,0.699999988079071,0.75,3219800
1258,2021-01-19,0.7799999713897705,0.7799999713897705,0.7200000286102295,0.75,4090800
1259,2021-01-15,0.8299999833106995,0.8299999833106995,0.7599999904632568,0.7799999713897705,3951100
1260,2021-01-14,0.7799999713897705,0.8199999928474426,0.7599999904632568,0.800000011920929,5351600
1261,2021-01-13,0.75,0.7599999904632568,0.7200000286102295,0.7400000095367432,2571600
1262,2021-01-12,0.7900000214576721,0.800000011920929,0.7200000286102295,0.75,2776900
1263,2021-01-11,0.7799999713897705,0.7799999713897705,0.7200000286102295,0.7699999809265137,3169400
1264,2021-01-08,0.8199999928474426,0.8299999833106995,0.7599999904632568,0.7900000214576721,5198700
1265,2021-01-07,0.7799999713897705,0.8199999928474426,0.75,0.8100000023841858,4597500
1266,2021-01-06,0.7699999809265137,0.7699999809265137,0.7200000286102295,0.7400000095367432,3506100
1267,2021-01-05,0.699999988079071,0.7599999904632568,0.6700000166893005,0.7599999904632568,4881900
1268,2021-01-04,0.6899999976158142,0.7200000286102295,0.6600000262260437,0.6700000166893005,2960100
1269,2020-12-31,0.7300000190734863,0.7300000190734863,0.6499999761581421,0.6499999761581421,3314900
1270,2020-12-30,0.7200000286102295,0.7699999809265137,0.699999988079071,0.7099999785423279,3870500
1271,2020-12-29,0.7200000286102295,0.7200000286102295,0.6600000262260437,0.699999988079071,4631900
1272,2020-12-28,0.6499999761581421,0.75,0.6299999952316284,0.7200000286102295,5733100
1273,2020-12-24,0.6299999952316284,0.6399999856948853,0.5899999737739563,0.6200000047683716,1910000
1274,2020-12-23,0.6000000238418579,0.6399999856948853,0.5899999737739563,0.6200000047683716,5182800
1275,2020-12-22,0.6100000143051147,0.6100000143051147,0.5699999928474426,0.5899999737739563,1868300
1276,2020-12-21,0.5799999833106995,0.6000000238418579,0.5600000023841858,0.5899999737739563,3000000
1277,2020-12-18,0.5699999928474426,0.6000000238418579,0.5600000023841858,0.5899999737739563,2439100
1278,2020-12-17,0.6000000238418579,0.6000000238418579,0.5600000023841858,0.5799999833106995,2633000
1279,2020-12-16,0.6100000143051147,0.6100000143051147,0.5799999833106995,0.6000000238418579,2709700
1280,2020-12-15,0.6200000047683716,0.6200000047683716,0.5600000023841858,0.6100000143051147,3214200
1281,2020-12-14,0.6000000238418579,0.6299999952316284,0.5600000023841858,0.5799999833106995,6666600
1282,2020-12-11,0.550000011920929,0.5699999928474426,0.5199999809265137,0.5699999928474426,2823900
1283,2020-12-10,0.5099999904632568,0.5699999928474426,0.5099999904632568,0.5299999713897705,3606500
1284,2020-12-09,0.5199999809265137,0.5199999809265137,0.4699999988079071,0.5,2786000
1285,2020-12-08,0.550000011920929,0.5600000023841858,0.49000000953674316,0.5099999904632568,6039000
1286,2020-12-07,0.5,0.5400000214576721,0.47999998927116394,0.5199999809265137,9322900
1287,2020-12-04,0.4099999964237213,0.46000000834465027,0.4000000059604645,0.46000000834465027,3308400
1288,2020-12-03,0.41999998688697815,0.41999998688697815,0.4000000059604645,0.4000000059604645,1489100
1289,2020-12-02,0.3700000047683716,0.4099999964237213,0.3700000047683716,0.4099999964237213,2952500
1290,2020-12-01,0.3700000047683716,0.38999998569488525,0.3700000047683716,0.3799999952316284,2001900
1291,2020-11-30,0.4000000059604645,0.4000000059604645,0.36000001430511475,0.3799999952316284,1482100
1292,2020-11-27,0.38999998569488525,0.38999998569488525,0.3700000047683716,0.3700000047683716,1365600
1293,2020-11-25,0.3700000047683716,0.38999998569488525,0.3499999940395355,0.38999998569488525,3691600
1294,2020-11-24,0.3499999940395355,0.3700000047683716,0.3400000035762787,0.36000001430511475,4576600
1295,2020-11-23,0.3499999940395355,0.3499999940395355,0.3400000035762787,0.3400000035762787,1189300
1296,2020-11-20,0.3400000035762787,0.3499999940395355,0.3400000035762787,0.3499999940395355,828300
1297,2020-11-19,0.36000001430511475,0.36000001430511475,0.3400000035762787,0.3400000035762787,808900
1298,2020-11-18,0.3400000035762787,0.36000001430511475,0.3400000035762787,0.3499999940395355,1315500
1299,2020-11-17,0.3799999952316284,0.3799999952316284,0.3400000035762787,0.3400000035762787,1436000
1300,2020-11-16,0.3499999940395355,0.3700000047683716,0.3499999940395355,0.3499999940395355,938600
1301,2020-11-13,0.3700000047683716,0.3700000047683716,0.3499999940395355,0.3499999940395355,651000
1302,2020-11-12,0.3700000047683716,0.3700000047683716,0.3499999940395355,0.3499999940395355,1075200
1303,2020-11-11,0.3799999952316284,0.3799999952316284,0.36000001430511475,0.3700000047683716,1086000
1304,2020-11-10,0.3499999940395355,0.3799999952316284,0.3499999940395355,0.3700000047683716,1414400
1305,2020-11-09,0.3499999940395355,0.36000001430511475,0.3400000035762787,0.3499999940395355,997500
1306,2020-11-06,0.3499999940395355,0.3499999940395355,0.3400000035762787,0.3499999940395355,744200
1307,2020-11-05,0.33000001311302185,0.3499999940395355,0.33000001311302185,0.3499999940395355,891300
1308,2020-11-04,0.3499999940395355,0.3499999940395355,0.33000001311302185,0.3400000035762787,768500
1309,2020-11-03,0.3400000035762787,0.3400000035762787,0.33000001311302185,0.3400000035762787,453500
1310,2020-11-02,0.3400000035762787,0.3499999940395355,0.3400000035762787,0.3400000035762787,580500
1311,2020-10-30,0.3199999928474426,0.36000001430511475,0.3100000023841858,0.3499999940395355,1543500
1312,2020-10-29,0.3199999928474426,0.33000001311302185,0.3100000023841858,0.3199999928474426,594000
1313,2020-10-28,0.33000001311302185,0.33000001311302185,0.30000001192092896,0.3199999928474426,978300
1314,2020-10-27,0.3199999928474426,0.33000001311302185,0.3199999928474426,0.33000001311302185,1089500
1315,2020-10-26,0.33000001311302185,0.3400000035762787,0.3100000023841858,0.3100000023841858,2025500
1316,2020-10-23,0.3499999940395355,0.3499999940395355,0.33000001311302185,0.33000001311302185,1743600
1317,2020-10-22,0.3499999940395355,0.3499999940395355,0.3400000035762787,0.3499999940395355,2024000
1318,2020-10-21,0.36000001430511475,0.36000001430511475,0.3400000035762787,0.3499999940395355,4059000
1319,2020-10-20,0.3499999940395355,0.36000001430511475,0.3499999940395355,0.3499999940395355,2038200
1320,2020-10-19,0.3499999940395355,0.3499999940395355,0.3400000035762787,0.3499999940395355,1781100
1321,2020-10-16,0.3400000035762787,0.3499999940395355,0.33000001311302185,0.3499999940395355,3323900
1322,2020-10-15,0.3499999940395355,0.3499999940395355,0.3400000035762787,0.3400000035762787,3427200
1323,2020-10-14,0.3400000035762787,0.3400000035762787,0.3400000035762787,0.3400000035762787,4084400
1324,2020-10-13,0.3499999940395355,0.36000001430511475,0.3400000035762787,0.3499999940395355,4055900
1325,2020-10-12,0.36000001430511475,0.36000001430511475,0.3499999940395355,0.3499999940395355,2726100
1326,2020-10-09,0.3700000047683716,0.3799999952316284,0.36000001430511475,0.36000001430511475,4416700
1327,2020-10-08,0.3799999952316284,0.38999998569488525,0.36000001430511475,0.3700000047683716,14614400
1328,2020-10-07,0.41999998688697815,0.5299999713897705,0.4099999964237213,0.46000000834465027,18132900
1329,2020-10-06,0.4300000071525574,0.4300000071525574,0.4099999964237213,0.41999998688697815,1157900
1330,2020-10-05,0.41999998688697815,0.41999998688697815,0.4000000059604645,0.41999998688697815,670300
1331,2020-10-02,0.4000000059604645,0.4099999964237213,0.38999998569488525,0.4099999964237213,763000
1332,2020-10-01,0.4300000071525574,0.4300000071525574,0.4000000059604645,0.4000000059604645,657500
1333,2020-09-30,0.4099999964237213,0.41999998688697815,0.38999998569488525,0.4099999964237213,1932300
1334,2020-09-29,0.41999998688697815,0.4300000071525574,0.4099999964237213,0.4099999964237213,1301200
1335,2020-09-28,0.41999998688697815,0.4300000071525574,0.4099999964237213,0.41999998688697815,1214300
1336,2020-09-25,0.4099999964237213,0.41999998688697815,0.4000000059604645,0.41999998688697815,798400
1337,2020-09-24,0.41999998688697815,0.41999998688697815,0.4000000059604645,0.4099999964237213,1266100
1338,2020-09-23,0.41999998688697815,0.41999998688697815,0.3799999952316284,0.41999998688697815,1341600
1339,2020-09-22,0.41999998688697815,0.41999998688697815,0.4099999964237213,0.4099999964237213,727100
1340,2020-09-21,0.4300000071525574,0.4300000071525574,0.4000000059604645,0.41999998688697815,1207300
1341,2020-09-18,0.44999998807907104,0.46000000834465027,0.4300000071525574,0.4300000071525574,988700
1342,2020-09-17,0.46000000834465027,0.4699999988079071,0.4399999976158142,0.44999998807907104,454400
1343,2020-09-16,0.4699999988079071,0.47999998927116394,0.44999998807907104,0.44999998807907104,1077500
1344,2020-09-15,0.47999998927116394,0.5,0.46000000834465027,0.4699999988079071,1035700
1345,2020-09-14,0.44999998807907104,0.47999998927116394,0.44999998807907104,0.47999998927116394,534200
1346,2020-09-11,0.4699999988079071,0.47999998927116394,0.44999998807907104,0.44999998807907104,845800
1347,2020-09-10,0.49000000953674316,0.49000000953674316,0.46000000834465027,0.4699999988079071,784100
1348,2020-09-09,0.46000000834465027,0.47999998927116394,0.46000000834465027,0.4699999988079071,590600
1349,2020-09-08,0.4699999988079071,0.4699999988079071,0.44999998807907104,0.46000000834465027,1197000
1350,2020-09-04,0.5,0.5199999809265137,0.46000000834465027,0.47999998927116394,1473900
1351,2020-09-03,0.550000011920929,0.5699999928474426,0.5,0.5099999904632568,1643700
1352,2020-09-02,0.5699999928474426,0.5799999833106995,0.550000011920929,0.550000011920929,1268500
1353,2020-09-01,0.5400000214576721,0.5600000023841858,0.5199999809265137,0.5600000023841858,1050700
1354,2020-08-31,0.5400000214576721,0.5400000214576721,0.5199999809265137,0.5400000214576721,1067000
1355,2020-08-28,0.5199999809265137,0.5400000214576721,0.5199999809265137,0.5299999713897705,754000
1356,2020-08-27,0.5199999809265137,0.5400000214576721,0.5099999904632568,0.5199999809265137,928700
1357,2020-08-26,0.49000000953674316,0.5199999809265137,0.49000000953674316,0.5199999809265137,935200
1358,2020-08-25,0.4699999988079071,0.5,0.4699999988079071,0.5,859000
1359,2020-08-24,0.5,0.5,0.4699999988079071,0.47999998927116394,508400
1360,2020-08-21,0.5,0.5,0.4699999988079071,0.5,532000
1361,2020-08-20,0.49000000953674316,0.49000000953674316,0.4699999988079071,0.49000000953674316,456500
1362,2020-08-19,0.47999998927116394,0.47999998927116394,0.4699999988079071,0.47999998927116394,564200
1363,2020-08-18,0.5,0.5,0.46000000834465027,0.47999998927116394,482000
1364,2020-08-17,0.5099999904632568,0.5099999904632568,0.47999998927116394,0.49000000953674316,477000
1365,2020-08-14,0.4699999988079071,0.47999998927116394,0.46000000834465027,0.47999998927116394,401600
1366,2020-08-13,0.4699999988079071,0.47999998927116394,0.46000000834465027,0.4699999988079071,411000
1367,2020-08-12,0.47999998927116394,0.47999998927116394,0.46000000834465027,0.47999998927116394,606600
1368,2020-08-11,0.47999998927116394,0.49000000953674316,0.46000000834465027,0.47999998927116394,652800
1369,2020-08-10,0.5,0.5099999904632568,0.47999998927116394,0.49000000953674316,601500
1370,2020-08-07,0.49000000953674316,0.5,0.4699999988079071,0.5,860900
1371,2020-08-06,0.5,0.5099999904632568,0.4699999988079071,0.49000000953674316,767500
1372,2020-08-05,0.5099999904632568,0.5099999904632568,0.47999998927116394,0.49000000953674316,1349800
1373,2020-08-04,0.5199999809265137,0.5199999809265137,0.4699999988079071,0.5,1761100
1374,2020-08-03,0.47999998927116394,0.5199999809265137,0.47999998927116394,0.5199999809265137,1782400
1375,2020-07-31,0.41999998688697815,0.47999998927116394,0.41999998688697815,0.4699999988079071,1987000
1376,2020-07-30,0.46000000834465027,0.47999998927116394,0.4000000059604645,0.41999998688697815,1320900
1377,2020-07-29,0.4699999988079071,0.4699999988079071,0.4000000059604645,0.4300000071525574,1540200
1378,2020-07-28,0.49000000953674316,0.5,0.46000000834465027,0.4699999988079071,1162100
1379,2020-07-27,0.4699999988079071,0.47999998927116394,0.44999998807907104,0.47999998927116394,1066800
1380,2020-07-24,0.4699999988079071,0.4699999988079071,0.44999998807907104,0.44999998807907104,642500
1381,2020-07-23,0.46000000834465027,0.4699999988079071,0.44999998807907104,0.46000000834465027,1298200
1382,2020-07-22,0.44999998807907104,0.46000000834465027,0.4300000071525574,0.44999998807907104,1816300
1383,2020-07-21,0.4099999964237213,0.44999998807907104,0.4099999964237213,0.44999998807907104,2384700
1384,2020-07-20,0.4000000059604645,0.4300000071525574,0.4000000059604645,0.41999998688697815,1591900
1385,2020-07-17,0.38999998569488525,0.4000000059604645,0.3700000047683716,0.4000000059604645,1270700
1386,2020-07-16,0.3700000047683716,0.38999998569488525,0.36000001430511475,0.3799999952316284,670300
1387,2020-07-15,0.36000001430511475,0.3799999952316284,0.3499999940395355,0.3700000047683716,524400
1388,2020-07-14,0.36000001430511475,0.36000001430511475,0.3400000035762787,0.3499999940395355,539800
1389,2020-07-13,0.3700000047683716,0.3700000047683716,0.3499999940395355,0.36000001430511475,547300
1390,2020-07-10,0.38999998569488525,0.38999998569488525,0.36000001430511475,0.3700000047683716,795800
1391,2020-07-09,0.3799999952316284,0.38999998569488525,0.3700000047683716,0.3799999952316284,685100
1392,2020-07-08,0.3700000047683716,0.38999998569488525,0.3700000047683716,0.3799999952316284,378400
1393,2020-07-07,0.3799999952316284,0.3799999952316284,0.3700000047683716,0.3799999952316284,386700
1394,2020-07-06,0.36000001430511475,0.3799999952316284,0.36000001430511475,0.3700000047683716,554600
1395,2020-07-02,0.3700000047683716,0.3799999952316284,0.3499999940395355,0.3499999940395355,614400
1396,2020-07-01,0.3499999940395355,0.3700000047683716,0.3400000035762787,0.36000001430511475,504800
1397,2020-06-30,0.3400000035762787,0.36000001430511475,0.33000001311302185,0.3400000035762787,1725000
1398,2020-06-29,0.3499999940395355,0.3499999940395355,0.33000001311302185,0.3400000035762787,455800
1399,2020-06-26,0.33000001311302185,0.3400000035762787,0.33000001311302185,0.33000001311302185,236500
1400,2020-06-25,0.33000001311302185,0.3400000035762787,0.33000001311302185,0.3400000035762787,263100
1401,2020-06-24,0.36000001430511475,0.36000001430511475,0.33000001311302185,0.33000001311302185,728600
1402,2020-06-23,0.3400000035762787,0.36000001430511475,0.3400000035762787,0.36000001430511475,445000
1403,2020-06-22,0.3499999940395355,0.3499999940395355,0.3400000035762787,0.3499999940395355,356300
1404,2020-06-19,0.36000001430511475,0.36000001430511475,0.3400000035762787,0.3400000035762787,295500
1405,2020-06-18,0.3700000047683716,0.3700000047683716,0.3400000035762787,0.3499999940395355,422400
1406,2020-06-17,0.36000001430511475,0.36000001430511475,0.33000001311302185,0.36000001430511475,925400
1407,2020-06-16,0.3700000047683716,0.3700000047683716,0.3499999940395355,0.3499999940395355,726400
1408,2020-06-15,0.3499999940395355,0.3700000047683716,0.3400000035762787,0.3700000047683716,566900
1409,2020-06-12,0.36000001430511475,0.36000001430511475,0.33000001311302185,0.3400000035762787,952900
1410,2020-06-11,0.3499999940395355,0.36000001430511475,0.3199999928474426,0.3199999928474426,1436300
1411,2020-06-10,0.3799999952316284,0.3799999952316284,0.33000001311302185,0.36000001430511475,2725000
1412,2020-06-09,0.41999998688697815,0.41999998688697815,0.36000001430511475,0.3700000047683716,1581300
1413,2020-06-08,0.4099999964237213,0.41999998688697815,0.3799999952316284,0.4000000059604645,1515400
1414,2020-06-05,0.4300000071525574,0.4300000071525574,0.38999998569488525,0.4000000059604645,1386800
1415,2020-06-04,0.4099999964237213,0.4300000071525574,0.4000000059604645,0.4300000071525574,564400
1416,2020-06-03,0.4099999964237213,0.41999998688697815,0.4000000059604645,0.4099999964237213,268600
1417,2020-06-02,0.41999998688697815,0.41999998688697815,0.4099999964237213,0.4099999964237213,259500
1418,2020-06-01,0.41999998688697815,0.4300000071525574,0.4099999964237213,0.4099999964237213,448900
1419,2020-05-29,0.4099999964237213,0.41999998688697815,0.4099999964237213,0.41999998688697815,251400
1420,2020-05-28,0.4099999964237213,0.4399999976158142,0.4099999964237213,0.41999998688697815,585800
1421,2020-05-27,0.4099999964237213,0.4300000071525574,0.4000000059604645,0.4300000071525574,570500
1422,2020-05-26,0.38999998569488525,0.4099999964237213,0.38999998569488525,0.4099999964237213,301200
1423,2020-05-22,0.41999998688697815,0.41999998688697815,0.38999998569488525,0.4000000059604645,461500
1424,2020-05-21,0.41999998688697815,0.41999998688697815,0.4000000059604645,0.4099999964237213,294300
1425,2020-05-20,0.4099999964237213,0.4300000071525574,0.4099999964237213,0.4099999964237213,467400
1426,2020-05-19,0.4300000071525574,0.4300000071525574,0.4000000059604645,0.4099999964237213,745000
1427,2020-05-18,0.4300000071525574,0.4399999976158142,0.4099999964237213,0.41999998688697815,254100
1428,2020-05-15,0.4099999964237213,0.4300000071525574,0.38999998569488525,0.4099999964237213,614300
1429,2020-05-14,0.4000000059604645,0.41999998688697815,0.38999998569488525,0.4099999964237213,836300
1430,2020-05-13,0.4300000071525574,0.44999998807907104,0.3799999952316284,0.4300000071525574,2167500
1431,2020-05-12,0.4300000071525574,0.44999998807907104,0.4300000071525574,0.4399999976158142,559300
1432,2020-05-11,0.4399999976158142,0.4399999976158142,0.41999998688697815,0.4399999976158142,737100
1433,2020-05-08,0.4099999964237213,0.4300000071525574,0.4099999964237213,0.4300000071525574,544900
1434,2020-05-07,0.4399999976158142,0.4399999976158142,0.4000000059604645,0.4099999964237213,584900
1435,2020-05-06,0.44999998807907104,0.44999998807907104,0.41999998688697815,0.4300000071525574,669600
1436,2020-05-05,0.47999998927116394,0.47999998927116394,0.4399999976158142,0.46000000834465027,631500
1437,2020-05-04,0.4300000071525574,0.46000000834465027,0.41999998688697815,0.44999998807907104,901800
1438,2020-05-01,0.4300000071525574,0.44999998807907104,0.4000000059604645,0.4399999976158142,1743300
1439,2020-04-30,0.4300000071525574,0.4399999976158142,0.4099999964237213,0.4300000071525574,367700
1440,2020-04-29,0.46000000834465027,0.46000000834465027,0.4099999964237213,0.4300000071525574,1218900
1441,2020-04-28,0.47999998927116394,0.47999998927116394,0.4300000071525574,0.44999998807907104,1931000
1442,2020-04-27,0.49000000953674316,0.49000000953674316,0.44999998807907104,0.49000000953674316,1774800
1443,2020-04-24,0.44999998807907104,0.47999998927116394,0.44999998807907104,0.46000000834465027,1834100
1444,2020-04-23,0.4300000071525574,0.44999998807907104,0.41999998688697815,0.4399999976158142,2708300
1445,2020-04-22,0.4000000059604645,0.4300000071525574,0.38999998569488525,0.4300000071525574,1103900
1446,2020-04-21,0.4300000071525574,0.4300000071525574,0.3799999952316284,0.4000000059604645,1647100
1447,2020-04-20,0.3700000047683716,0.4399999976158142,0.36000001430511475,0.4099999964237213,2295300
1448,2020-04-17,0.36000001430511475,0.3700000047683716,0.3499999940395355,0.3700000047683716,1605900
1449,2020-04-16,0.30000001192092896,0.3700000047683716,0.30000001192092896,0.3700000047683716,3549700
1450,2020-04-15,0.3199999928474426,0.33000001311302185,0.28999999165534973,0.28999999165534973,2136600
1451,2020-04-14,0.30000001192092896,0.3100000023841858,0.28999999165534973,0.3100000023841858,1343600
1452,2020-04-13,0.30000001192092896,0.30000001192092896,0.27000001072883606,0.28999999165534973,903700
1453,2020-04-09,0.3100000023841858,0.3199999928474426,0.2800000011920929,0.28999999165534973,905800
1454,2020-04-08,0.3100000023841858,0.3199999928474426,0.30000001192092896,0.3100000023841858,820900
1455,2020-04-07,0.30000001192092896,0.3199999928474426,0.30000001192092896,0.3100000023841858,1406900
1456,2020-04-06,0.3199999928474426,0.3199999928474426,0.2800000011920929,0.30000001192092896,800000
1457,2020-04-03,0.28999999165534973,0.3400000035762787,0.27000001072883606,0.2800000011920929,765100
1458,2020-04-02,0.2800000011920929,0.30000001192092896,0.27000001072883606,0.2800000011920929,568900
1459,2020-04-01,0.23999999463558197,0.3199999928474426,0.23000000417232513,0.27000001072883606,3391400
1460,2020-03-31,0.2199999988079071,0.25999999046325684,0.2199999988079071,0.25,1128300
1461,2020-03-30,0.2199999988079071,0.2199999988079071,0.20000000298023224,0.2199999988079071,1055400
1462,2020-03-27,0.2199999988079071,0.2199999988079071,0.20000000298023224,0.20999999344348907,946800
1463,2020-03-26,0.23000000417232513,0.23000000417232513,0.20999999344348907,0.2199999988079071,2667600
1464,2020-03-25,0.23000000417232513,0.27000001072883606,0.2199999988079071,0.25999999046325684,996200
1465,2020-03-24,0.20999999344348907,0.23999999463558197,0.20999999344348907,0.23999999463558197,1207900
1466,2020-03-23,0.20999999344348907,0.2199999988079071,0.20000000298023224,0.2199999988079071,710700
1467,2020-03-20,0.20999999344348907,0.2199999988079071,0.20999999344348907,0.2199999988079071,1154600
1468,2020-03-19,0.1899999976158142,0.2199999988079071,0.1899999976158142,0.2199999988079071,594000
1469,2020-03-18,0.2199999988079071,0.2199999988079071,0.20000000298023224,0.20000000298023224,727200
1470,2020-03-17,0.23999999463558197,0.23999999463558197,0.20000000298023224,0.23000000417232513,861700
1471,2020-03-16,0.23000000417232513,0.25,0.1899999976158142,0.2199999988079071,1003400
1472,2020-03-13,0.23000000417232513,0.25999999046325684,0.23000000417232513,0.25,1170100
1473,2020-03-12,0.20999999344348907,0.25,0.20000000298023224,0.23999999463558197,1406300
1474,2020-03-11,0.30000001192092896,0.30000001192092896,0.25999999046325684,0.2800000011920929,786200
1475,2020-03-10,0.3799999952316284,0.3799999952316284,0.2800000011920929,0.30000001192092896,678100
1476,2020-03-09,0.3199999928474426,0.33000001311302185,0.28999999165534973,0.30000001192092896,1006700
1477,2020-03-06,0.33000001311302185,0.3400000035762787,0.3199999928474426,0.3400000035762787,772100
1478,2020-03-05,0.36000001430511475,0.36000001430511475,0.33000001311302185,0.3400000035762787,385900
1479,2020-03-04,0.36000001430511475,0.36000001430511475,0.3400000035762787,0.3499999940395355,377500
1480,2020-03-03,0.36000001430511475,0.3700000047683716,0.3199999928474426,0.3499999940395355,443700
1481,2020-03-02,0.3799999952316284,0.3799999952316284,0.3499999940395355,0.3499999940395355,523100
1482,2020-02-28,0.33000001311302185,0.3700000047683716,0.3100000023841858,0.36000001430511475,1932900
1483,2020-02-27,0.3199999928474426,0.3499999940395355,0.3199999928474426,0.33000001311302185,1629400
1484,2020-02-26,0.3400000035762787,0.36000001430511475,0.33000001311302185,0.3499999940395355,1328700
1485,2020-02-25,0.3700000047683716,0.3700000047683716,0.3499999940395355,0.3499999940395355,351900
1486,2020-02-24,0.3799999952316284,0.38999998569488525,0.36000001430511475,0.3700000047683716,514100
1487,2020-02-21,0.3700000047683716,0.38999998569488525,0.3700000047683716,0.3799999952316284,516000
1488,2020-02-20,0.3700000047683716,0.38999998569488525,0.3700000047683716,0.38999998569488525,1068100
1489,2020-02-19,0.38999998569488525,0.38999998569488525,0.36000001430511475,0.3799999952316284,451300
1490,2020-02-18,0.3799999952316284,0.38999998569488525,0.36000001430511475,0.36000001430511475,538300
1491,2020-02-14,0.3700000047683716,0.3799999952316284,0.36000001430511475,0.3799999952316284,491000
1492,2020-02-13,0.3700000047683716,0.3700000047683716,0.3700000047683716,0.3700000047683716,258300
1493,2020-02-12,0.3499999940395355,0.3799999952316284,0.3499999940395355,0.3799999952316284,742300
1494,2020-02-11,0.3400000035762787,0.36000001430511475,0.3400000035762787,0.36000001430511475,511900
1495,2020-02-10,0.36000001430511475,0.36000001430511475,0.3400000035762787,0.3499999940395355,714300
1496,2020-02-07,0.36000001430511475,0.3700000047683716,0.3499999940395355,0.36000001430511475,405300
1497,2020-02-06,0.3799999952316284,0.3799999952316284,0.36000001430511475,0.36000001430511475,436400
1498,2020-02-05,0.36000001430511475,0.3799999952316284,0.3499999940395355,0.3799999952316284,1459600
1499,2020-02-04,0.3499999940395355,0.36000001430511475,0.3400000035762787,0.3499999940395355,857100
1500,2020-02-03,0.3499999940395355,0.36000001430511475,0.3400000035762787,0.3499999940395355,589700
1501,2020-01-31,0.3499999940395355,0.36000001430511475,0.3199999928474426,0.3400000035762787,1237700
1502,2020-01-30,0.3499999940395355,0.3499999940395355,0.3400000035762787,0.3499999940395355,1930200
1503,2020-01-29,0.3799999952316284,0.3799999952316284,0.3499999940395355,0.3499999940395355,995600
1504,2020-01-28,0.3799999952316284,0.4000000059604645,0.36000001430511475,0.3799999952316284,1068500
1505,2020-01-27,0.38999998569488525,0.4000000059604645,0.3700000047683716,0.38999998569488525,949900
1506,2020-01-24,0.38999998569488525,0.38999998569488525,0.3799999952316284,0.38999998569488525,363000
1507,2020-01-23,0.38999998569488525,0.4000000059604645,0.3799999952316284,0.38999998569488525,335100
1508,2020-01-22,0.4000000059604645,0.4000000059604645,0.38999998569488525,0.38999998569488525,362200
1509,2020-01-21,0.38999998569488525,0.4000000059604645,0.38999998569488525,0.4000000059604645,469200
1510,2020-01-17,0.4000000059604645,0.4000000059604645,0.38999998569488525,0.4000000059604645,170200
1511,2020-01-16,0.4000000059604645,0.4000000059604645,0.38999998569488525,0.4000000059604645,166300
1512,2020-01-15,0.4000000059604645,0.4099999964237213,0.38999998569488525,0.38999998569488525,494900
1513,2020-01-14,0.4000000059604645,0.4099999964237213,0.4000000059604645,0.4000000059604645,301100
1514,2020-01-13,0.4099999964237213,0.41999998688697815,0.4000000059604645,0.4000000059604645,182500
1515,2020-01-10,0.4099999964237213,0.41999998688697815,0.4099999964237213,0.4099999964237213,408900
1516,2020-01-09,0.4000000059604645,0.4099999964237213,0.4000000059604645,0.4099999964237213,375300
1517,2020-01-08,0.4000000059604645,0.4099999964237213,0.4000000059604645,0.4099999964237213,343600
1518,2020-01-07,0.4000000059604645,0.41999998688697815,0.4000000059604645,0.4000000059604645,224200
1519,2020-01-06,0.4000000059604645,0.4099999964237213,0.4000000059604645,0.4099999964237213,204900
1520,2020-01-03,0.4099999964237213,0.41999998688697815,0.4099999964237213,0.4099999964237213,163900
1521,2020-01-02,0.4099999964237213,0.41999998688697815,0.4099999964237213,0.4099999964237213,168300
1522,2019-12-31,0.41999998688697815,0.41999998688697815,0.4000000059604645,0.41999998688697815,809100
1523,2019-12-30,0.4099999964237213,0.41999998688697815,0.4099999964237213,0.4099999964237213,480200
1524,2019-12-27,0.4099999964237213,0.41999998688697815,0.4000000059604645,0.4099999964237213,378400
1525,2019-12-26,0.4099999964237213,0.41999998688697815,0.4000000059604645,0.4099999964237213,189600
1526,2019-12-24,0.4000000059604645,0.4099999964237213,0.4000000059604645,0.4099999964237213,242600
1527,2019-12-23,0.4000000059604645,0.4099999964237213,0.38999998569488525,0.4000000059604645,1002700
1528,2019-12-20,0.4099999964237213,0.4099999964237213,0.4000000059604645,0.4000000059604645,710400
1529,2019-12-19,0.41999998688697815,0.41999998688697815,0.4000000059604645,0.4099999964237213,442700
1530,2019-12-18,0.4099999964237213,0.41999998688697815,0.4000000059604645,0.4000000059604645,345800
1531,2019-12-17,0.4000000059604645,0.41999998688697815,0.4000000059604645,0.4099999964237213,488000
1532,2019-12-16,0.4000000059604645,0.4099999964237213,0.4000000059604645,0.4099999964237213,350300
1533,2019-12-13,0.4000000059604645,0.4099999964237213,0.3799999952316284,0.4099999964237213,1075600
1534,2019-12-12,0.4000000059604645,0.4099999964237213,0.4000000059604645,0.4000000059604645,498800
1535,2019-12-11,0.4000000059604645,0.4000000059604645,0.4000000059604645,0.4000000059604645,264800
1536,2019-12-10,0.4099999964237213,0.4099999964237213,0.4000000059604645,0.4000000059604645,1175600
1537,2019-12-09,0.4300000071525574,0.4300000071525574,0.4099999964237213,0.4099999964237213,378600
1538,2019-12-06,0.4099999964237213,0.41999998688697815,0.4099999964237213,0.41999998688697815,398900
1539,2019-12-05,0.41999998688697815,0.4300000071525574,0.4099999964237213,0.4099999964237213,571600
1540,2019-12-04,0.41999998688697815,0.41999998688697815,0.41999998688697815,0.41999998688697815,225400
1541,2019-12-03,0.41999998688697815,0.41999998688697815,0.4099999964237213,0.41999998688697815,147300
1542,2019-12-02,0.41999998688697815,0.4300000071525574,0.4000000059604645,0.41999998688697815,719800
1543,2019-11-29,0.4399999976158142,0.4399999976158142,0.41999998688697815,0.4300000071525574,475900
1544,2019-11-27,0.4300000071525574,0.4399999976158142,0.41999998688697815,0.4399999976158142,148500
1545,2019-11-26,0.41999998688697815,0.4399999976158142,0.41999998688697815,0.4300000071525574,662800
1546,2019-11-25,0.4399999976158142,0.4399999976158142,0.4300000071525574,0.4399999976158142,151100
1547,2019-11-22,0.4300000071525574,0.44999998807907104,0.4300000071525574,0.4399999976158142,387000
1548,2019-11-21,0.44999998807907104,0.44999998807907104,0.41999998688697815,0.4300000071525574,404100
1549,2019-11-20,0.4300000071525574,0.44999998807907104,0.4300000071525574,0.4399999976158142,158100
1550,2019-11-19,0.4300000071525574,0.4399999976158142,0.4300000071525574,0.4399999976158142,505600
1551,2019-11-18,0.44999998807907104,0.44999998807907104,0.4399999976158142,0.4399999976158142,326900
1552,2019-11-15,0.44999998807907104,0.46000000834465027,0.4399999976158142,0.44999998807907104,99500
1553,2019-11-14,0.44999998807907104,0.46000000834465027,0.4399999976158142,0.46000000834465027,102300
1554,2019-11-13,0.44999998807907104,0.44999998807907104,0.4399999976158142,0.44999998807907104,105400
1555,2019-11-12,0.44999998807907104,0.46000000834465027,0.4399999976158142,0.44999998807907104,306000
1556,2019-11-11,0.46000000834465027,0.4699999988079071,0.44999998807907104,0.44999998807907104,69300
1557,2019-11-08,0.46000000834465027,0.4699999988079071,0.46000000834465027,0.46000000834465027,118000
1558,2019-11-07,0.4699999988079071,0.47999998927116394,0.46000000834465027,0.46000000834465027,200900
1559,2019-11-06,0.47999998927116394,0.47999998927116394,0.46000000834465027,0.4699999988079071,94700
1560,2019-11-05,0.4699999988079071,0.47999998927116394,0.46000000834465027,0.4699999988079071,192000
1561,2019-11-04,0.46000000834465027,0.47999998927116394,0.46000000834465027,0.4699999988079071,288300
1562,2019-11-01,0.4699999988079071,0.4699999988079071,0.44999998807907104,0.46000000834465027,67600
1563,2019-10-31,0.4699999988079071,0.4699999988079071,0.44999998807907104,0.46000000834465027,276700
1564,2019-10-30,0.4699999988079071,0.4699999988079071,0.44999998807907104,0.44999998807907104,448600
1565,2019-10-29,0.46000000834465027,0.4699999988079071,0.46000000834465027,0.4699999988079071,62400
1566,2019-10-28,0.4699999988079071,0.4699999988079071,0.46000000834465027,0.46000000834465027,184300
1567,2019-10-25,0.47999998927116394,0.47999998927116394,0.46000000834465027,0.4699999988079071,312500
1568,2019-10-24,0.4699999988079071,0.4699999988079071,0.46000000834465027,0.46000000834465027,137100
1569,2019-10-23,0.46000000834465027,0.47999998927116394,0.46000000834465027,0.4699999988079071,106300
1570,2019-10-22,0.4699999988079071,0.4699999988079071,0.46000000834465027,0.46000000834465027,163900
1571,2019-10-21,0.47999998927116394,0.49000000953674316,0.4699999988079071,0.4699999988079071,102900
1572,2019-10-18,0.49000000953674316,0.49000000953674316,0.4699999988079071,0.47999998927116394,130200
1573,2019-10-17,0.4699999988079071,0.47999998927116394,0.4699999988079071,0.47999998927116394,88000
1574,2019-10-16,0.4699999988079071,0.47999998927116394,0.44999998807907104,0.4699999988079071,205200
1575,2019-10-15,0.4699999988079071,0.49000000953674316,0.4699999988079071,0.47999998927116394,261800
1576,2019-10-14,0.4699999988079071,0.47999998927116394,0.4699999988079071,0.4699999988079071,87700
1577,2019-10-11,0.49000000953674316,0.49000000953674316,0.47999998927116394,0.47999998927116394,201700
1578,2019-10-10,0.47999998927116394,0.49000000953674316,0.4699999988079071,0.49000000953674316,377900
1579,2019-10-09,0.46000000834465027,0.49000000953674316,0.46000000834465027,0.4699999988079071,232300
1580,2019-10-08,0.46000000834465027,0.47999998927116394,0.46000000834465027,0.4699999988079071,211700
1581,2019-10-07,0.47999998927116394,0.47999998927116394,0.4699999988079071,0.4699999988079071,95800
1582,2019-10-04,0.4699999988079071,0.49000000953674316,0.4699999988079071,0.47999998927116394,246500
1583,2019-10-03,0.46000000834465027,0.47999998927116394,0.44999998807907104,0.47999998927116394,306900
1584,2019-10-02,0.4699999988079071,0.4699999988079071,0.46000000834465027,0.4699999988079071,246200
1585,2019-10-01,0.44999998807907104,0.4699999988079071,0.44999998807907104,0.4699999988079071,159100
1586,2019-09-30,0.49000000953674316,0.49000000953674316,0.44999998807907104,0.44999998807907104,612000
1587,2019-09-27,0.5,0.5,0.49000000953674316,0.49000000953674316,207500
1588,2019-09-26,0.47999998927116394,0.5099999904632568,0.47999998927116394,0.49000000953674316,247600
1589,2019-09-25,0.4699999988079071,0.5,0.4699999988079071,0.49000000953674316,276500
1590,2019-09-24,0.5,0.5099999904632568,0.49000000953674316,0.5,218400
1591,2019-09-23,0.47999998927116394,0.5099999904632568,0.47999998927116394,0.5099999904632568,480900
1592,2019-09-20,0.47999998927116394,0.5099999904632568,0.46000000834465027,0.5099999904632568,736900
1593,2019-09-19,0.4699999988079071,0.49000000953674316,0.4699999988079071,0.4699999988079071,245900
1594,2019-09-18,0.47999998927116394,0.47999998927116394,0.47999998927116394,0.47999998927116394,307500
1595,2019-09-17,0.4699999988079071,0.47999998927116394,0.46000000834465027,0.47999998927116394,177000
1596,2019-09-16,0.47999998927116394,0.49000000953674316,0.44999998807907104,0.4699999988079071,644600
1597,2019-09-13,0.5,0.5,0.47999998927116394,0.47999998927116394,323900
1598,2019-09-12,0.49000000953674316,0.5,0.49000000953674316,0.49000000953674316,350500
1599,2019-09-11,0.47999998927116394,0.5,0.4699999988079071,0.49000000953674316,839200
1600,2019-09-10,0.46000000834465027,0.49000000953674316,0.46000000834465027,0.47999998927116394,798100
1601,2019-09-09,0.4399999976158142,0.4699999988079071,0.4399999976158142,0.46000000834465027,315000
1602,2019-09-06,0.44999998807907104,0.46000000834465027,0.4399999976158142,0.4399999976158142,254300
1603,2019-09-05,0.44999998807907104,0.46000000834465027,0.4399999976158142,0.4399999976158142,600000
1604,2019-09-04,0.44999998807907104,0.46000000834465027,0.4399999976158142,0.44999998807907104,403800
1605,2019-09-03,0.46000000834465027,0.46000000834465027,0.4399999976158142,0.44999998807907104,672200
1606,2019-08-30,0.4099999964237213,0.46000000834465027,0.4099999964237213,0.46000000834465027,789300
1607,2019-08-29,0.4099999964237213,0.41999998688697815,0.4000000059604645,0.4099999964237213,286400
1608,2019-08-28,0.4099999964237213,0.41999998688697815,0.4000000059604645,0.41999998688697815,309200
1609,2019-08-27,0.4000000059604645,0.41999998688697815,0.4000000059604645,0.4099999964237213,552800
1610,2019-08-26,0.41999998688697815,0.41999998688697815,0.4099999964237213,0.4099999964237213,277400
1611,2019-08-23,0.4300000071525574,0.4399999976158142,0.4099999964237213,0.4099999964237213,356900
1612,2019-08-22,0.4699999988079071,0.4699999988079071,0.4300000071525574,0.4399999976158142,477100
1613,2019-08-21,0.44999998807907104,0.4699999988079071,0.4399999976158142,0.4699999988079071,642200
1614,2019-08-20,0.4300000071525574,0.4399999976158142,0.4300000071525574,0.4399999976158142,315500
1615,2019-08-19,0.4300000071525574,0.44999998807907104,0.41999998688697815,0.4300000071525574,580000
1616,2019-08-16,0.4000000059604645,0.4300000071525574,0.4000000059604645,0.4300000071525574,423000
1617,2019-08-15,0.4000000059604645,0.4099999964237213,0.3799999952316284,0.4000000059604645,1889300
1618,2019-08-14,0.4300000071525574,0.4300000071525574,0.4099999964237213,0.4099999964237213,495500
1619,2019-08-13,0.4399999976158142,0.4399999976158142,0.41999998688697815,0.4300000071525574,365100
1620,2019-08-12,0.4300000071525574,0.4399999976158142,0.41999998688697815,0.4300000071525574,515900
1621,2019-08-09,0.4399999976158142,0.44999998807907104,0.4399999976158142,0.4399999976158142,284100
1622,2019-08-08,0.4399999976158142,0.44999998807907104,0.4399999976158142,0.44999998807907104,224000
1623,2019-08-07,0.44999998807907104,0.46000000834465027,0.4300000071525574,0.44999998807907104,358100
1624,2019-08-06,0.44999998807907104,0.47999998927116394,0.44999998807907104,0.46000000834465027,487000
1625,2019-08-05,0.46000000834465027,0.4699999988079071,0.4399999976158142,0.44999998807907104,374000
1626,2019-08-02,0.4699999988079071,0.47999998927116394,0.46000000834465027,0.4699999988079071,244900
1627,2019-08-01,0.4699999988079071,0.49000000953674316,0.4699999988079071,0.47999998927116394,326400
1628,2019-07-31,0.4399999976158142,0.5,0.4399999976158142,0.49000000953674316,1799600
1629,2019-07-30,0.4399999976158142,0.44999998807907104,0.4300000071525574,0.44999998807907104,441800
1630,2019-07-29,0.4399999976158142,0.44999998807907104,0.4399999976158142,0.4399999976158142,302300
1631,2019-07-26,0.44999998807907104,0.44999998807907104,0.4300000071525574,0.4399999976158142,591200
1632,2019-07-25,0.4300000071525574,0.46000000834465027,0.4300000071525574,0.4399999976158142,604400
1633,2019-07-24,0.44999998807907104,0.46000000834465027,0.4300000071525574,0.4399999976158142,700400
1634,2019-07-23,0.4699999988079071,0.4699999988079071,0.4399999976158142,0.44999998807907104,1117200
1635,2019-07-22,0.47999998927116394,0.49000000953674316,0.44999998807907104,0.46000000834465027,1043800
1636,2019-07-19,0.5,0.5,0.4699999988079071,0.4699999988079071,555000
1637,2019-07-18,0.5099999904632568,0.5099999904632568,0.49000000953674316,0.49000000953674316,759500
1638,2019-07-17,0.5299999713897705,0.5299999713897705,0.5099999904632568,0.5099999904632568,334200
1639,2019-07-16,0.550000011920929,0.550000011920929,0.5199999809265137,0.5299999713897705,222100
1640,2019-07-15,0.550000011920929,0.550000011920929,0.5299999713897705,0.5299999713897705,476900
1641,2019-07-12,0.5199999809265137,0.550000011920929,0.5099999904632568,0.5400000214576721,1606000
1642,2019-07-11,0.5199999809265137,0.5299999713897705,0.5199999809265137,0.5199999809265137,146500
1643,2019-07-10,0.5199999809265137,0.5299999713897705,0.5199999809265137,0.5299999713897705,278900
1644,2019-07-09,0.5299999713897705,0.5299999713897705,0.5099999904632568,0.5199999809265137,299000
1645,2019-07-08,0.5299999713897705,0.5299999713897705,0.5199999809265137,0.5299999713897705,428200
1646,2019-07-05,0.5400000214576721,0.5400000214576721,0.5199999809265137,0.5199999809265137,224200
1647,2019-07-03,0.5299999713897705,0.5400000214576721,0.5299999713897705,0.5400000214576721,584300
1648,2019-07-02,0.5199999809265137,0.5299999713897705,0.5199999809265137,0.5199999809265137,127700
1649,2019-07-01,0.5199999809265137,0.5299999713897705,0.5199999809265137,0.5199999809265137,156300
1650,2019-06-28,0.5199999809265137,0.5400000214576721,0.5199999809265137,0.5299999713897705,798400
1651,2019-06-27,0.5299999713897705,0.5400000214576721,0.5199999809265137,0.5199999809265137,388300
1652,2019-06-26,0.5099999904632568,0.5299999713897705,0.5099999904632568,0.5299999713897705,143900
1653,2019-06-25,0.5299999713897705,0.5299999713897705,0.5099999904632568,0.5199999809265137,243600
1654,2019-06-24,0.5299999713897705,0.5400000214576721,0.5299999713897705,0.5299999713897705,223900
1655,2019-06-21,0.5199999809265137,0.550000011920929,0.5199999809265137,0.5400000214576721,359500
1656,2019-06-20,0.5099999904632568,0.5299999713897705,0.5099999904632568,0.5299999713897705,492900
1657,2019-06-19,0.5199999809265137,0.5199999809265137,0.5099999904632568,0.5099999904632568,189200
1658,2019-06-18,0.5199999809265137,0.5199999809265137,0.5099999904632568,0.5199999809265137,115000
1659,2019-06-17,0.5199999809265137,0.5199999809265137,0.5199999809265137,0.5199999809265137,126000
1660,2019-06-14,0.5199999809265137,0.5299999713897705,0.5199999809265137,0.5199999809265137,103900
1661,2019-06-13,0.5199999809265137,0.5299999713897705,0.5199999809265137,0.5299999713897705,118200
1662,2019-06-12,0.5099999904632568,0.5199999809265137,0.5099999904632568,0.5199999809265137,137400
1663,2019-06-11,0.5199999809265137,0.5299999713897705,0.5199999809265137,0.5199999809265137,142400
1664,2019-06-10,0.5299999713897705,0.5299999713897705,0.5199999809265137,0.5199999809265137,160700
1665,2019-06-07,0.5099999904632568,0.5299999713897705,0.5099999904632568,0.5299999713897705,197700
1666,2019-06-06,0.5199999809265137,0.5199999809265137,0.5099999904632568,0.5199999809265137,278500
1667,2019-06-05,0.5199999809265137,0.5199999809265137,0.5099999904632568,0.5199999809265137,251400
1668,2019-06-04,0.550000011920929,0.550000011920929,0.5099999904632568,0.5199999809265137,337000
1669,2019-06-03,0.5299999713897705,0.5299999713897705,0.5199999809265137,0.5299999713897705,264200
1670,2019-05-31,0.5,0.5299999713897705,0.5,0.5199999809265137,786400
1671,2019-05-30,0.5,0.5099999904632568,0.5,0.5099999904632568,267600
1672,2019-05-29,0.49000000953674316,0.5,0.49000000953674316,0.5,320000
1673,2019-05-28,0.5,0.5199999809265137,0.49000000953674316,0.5,325100
1674,2019-05-24,0.5,0.5099999904632568,0.5,0.5,150700
1675,2019-05-23,0.5,0.5,0.5,0.5,189700
1676,2019-05-22,0.5199999809265137,0.5199999809265137,0.5,0.5099999904632568,205500
1677,2019-05-21,0.5099999904632568,0.5299999713897705,0.5099999904632568,0.5199999809265137,339800
1678,2019-05-20,0.5199999809265137,0.5299999713897705,0.5,0.5,265300
1679,2019-05-17,0.5199999809265137,0.5199999809265137,0.5099999904632568,0.5199999809265137,703100
1680,2019-05-16,0.5,0.5199999809265137,0.5,0.5199999809265137,205300
1681,2019-05-15,0.5,0.5099999904632568,0.5,0.5,213300
1682,2019-05-14,0.49000000953674316,0.5099999904632568,0.49000000953674316,0.5,719500
1683,2019-05-13,0.5099999904632568,0.5099999904632568,0.5,0.5,560100
1684,2019-05-10,0.5,0.5099999904632568,0.5,0.5,125300
1685,2019-05-09,0.5,0.5099999904632568,0.49000000953674316,0.5,393900
1686,2019-05-08,0.5199999809265137,0.5199999809265137,0.5,0.5,301500
1687,2019-05-07,0.5299999713897705,0.5299999713897705,0.5099999904632568,0.5099999904632568,643400
1688,2019-05-06,0.5400000214576721,0.5400000214576721,0.5099999904632568,0.5299999713897705,317000
1689,2019-05-03,0.5099999904632568,0.5299999713897705,0.5099999904632568,0.5299999713897705,371100
1690,2019-05-02,0.5199999809265137,0.5400000214576721,0.5099999904632568,0.5199999809265137,437600
1691,2019-05-01,0.5299999713897705,0.550000011920929,0.5199999809265137,0.5400000214576721,347800
1692,2019-04-30,0.5099999904632568,0.5400000214576721,0.5099999904632568,0.5299999713897705,535500
1693,2019-04-29,0.5199999809265137,0.5299999713897705,0.5099999904632568,0.5199999809265137,333100
1694,2019-04-26,0.5299999713897705,0.5299999713897705,0.5099999904632568,0.5199999809265137,474500
1695,2019-04-25,0.5299999713897705,0.5299999713897705,0.5099999904632568,0.5199999809265137,913200
1696,2019-04-24,0.5400000214576721,0.5400000214576721,0.5199999809265137,0.5199999809265137,348100
1697,2019-04-23,0.5400000214576721,0.5400000214576721,0.5199999809265137,0.5400000214576721,312000
1698,2019-04-22,0.5299999713897705,0.5400000214576721,0.5299999713897705,0.5299999713897705,293200
1699,2019-04-18,0.5400000214576721,0.5400000214576721,0.5299999713897705,0.5299999713897705,309800
1700,2019-04-17,0.5400000214576721,0.550000011920929,0.5400000214576721,0.5400000214576721,132200
1701,2019-04-16,0.5600000023841858,0.5699999928474426,0.5400000214576721,0.5400000214576721,416200
1702,2019-04-15,0.550000011920929,0.5600000023841858,0.550000011920929,0.550000011920929,502300
1703,2019-04-12,0.5600000023841858,0.5799999833106995,0.5400000214576721,0.5400000214576721,397400
1704,2019-04-11,0.5699999928474426,0.5699999928474426,0.550000011920929,0.5600000023841858,676000
1705,2019-04-10,0.5799999833106995,0.5899999737739563,0.5699999928474426,0.5699999928474426,757000
1706,2019-04-09,0.550000011920929,0.5699999928474426,0.550000011920929,0.5699999928474426,759100
1707,2019-04-08,0.5400000214576721,0.5600000023841858,0.5400000214576721,0.550000011920929,867100
1708,2019-04-05,0.5400000214576721,0.550000011920929,0.5299999713897705,0.5400000214576721,1382400
1709,2019-04-04,0.5199999809265137,0.5400000214576721,0.5099999904632568,0.5400000214576721,1127500
1710,2019-04-03,0.5299999713897705,0.550000011920929,0.5199999809265137,0.5400000214576721,623200
1711,2019-04-02,0.5199999809265137,0.5299999713897705,0.5199999809265137,0.5299999713897705,287900
1712,2019-04-01,0.5199999809265137,0.5299999713897705,0.5099999904632568,0.5199999809265137,820500
1713,2019-03-29,0.5,0.5199999809265137,0.5,0.5199999809265137,442200
1714,2019-03-28,0.5099999904632568,0.5199999809265137,0.5,0.5099999904632568,273100
1715,2019-03-27,0.5299999713897705,0.5299999713897705,0.5099999904632568,0.5199999809265137,377500
1716,2019-03-26,0.5199999809265137,0.5199999809265137,0.5099999904632568,0.5199999809265137,314100
1717,2019-03-25,0.5299999713897705,0.5299999713897705,0.5099999904632568,0.5199999809265137,230900
1718,2019-03-22,0.5400000214576721,0.5400000214576721,0.5199999809265137,0.5199999809265137,623100
1719,2019-03-21,0.5299999713897705,0.5600000023841858,0.5199999809265137,0.550000011920929,969800
1720,2019-03-20,0.5299999713897705,0.5400000214576721,0.5199999809265137,0.5299999713897705,501500
1721,2019-03-19,0.5199999809265137,0.5400000214576721,0.5199999809265137,0.5199999809265137,301800
1722,2019-03-18,0.550000011920929,0.550000011920929,0.5199999809265137,0.5299999713897705,1439600
1723,2019-03-15,0.5600000023841858,0.5600000023841858,0.5199999809265137,0.5299999713897705,778400
1724,2019-03-14,0.5299999713897705,0.5400000214576721,0.5099999904632568,0.5400000214576721,709800
1725,2019-03-13,0.5099999904632568,0.5299999713897705,0.5099999904632568,0.5299999713897705,334000
1726,2019-03-12,0.5199999809265137,0.5199999809265137,0.5,0.5199999809265137,159200
1727,2019-03-11,0.5,0.5199999809265137,0.5,0.5199999809265137,303100
1728,2019-03-08,0.49000000953674316,0.5099999904632568,0.49000000953674316,0.5,562700
1729,2019-03-07,0.5,0.5099999904632568,0.5,0.5099999904632568,535900
1730,2019-03-06,0.5099999904632568,0.5099999904632568,0.5,0.5099999904632568,295100
1731,2019-03-05,0.5099999904632568,0.5199999809265137,0.5099999904632568,0.5099999904632568,125500
1732,2019-03-04,0.5199999809265137,0.5400000214576721,0.5,0.5099999904632568,511900
1733,2019-03-01,0.5400000214576721,0.550000011920929,0.5299999713897705,0.5299999713897705,502500
1734,2019-02-28,0.5400000214576721,0.550000011920929,0.5400000214576721,0.5400000214576721,480100
1735,2019-02-27,0.5400000214576721,0.550000011920929,0.5400000214576721,0.550000011920929,254200
1736,2019-02-26,0.5299999713897705,0.550000011920929,0.5299999713897705,0.550000011920929,439000
1737,2019-02-25,0.5400000214576721,0.5400000214576721,0.5299999713897705,0.5299999713897705,405100
1738,2019-02-22,0.5299999713897705,0.5400000214576721,0.5299999713897705,0.5400000214576721,101700
1739,2019-02-21,0.5199999809265137,0.5400000214576721,0.5199999809265137,0.5299999713897705,257200
1740,2019-02-20,0.5299999713897705,0.5299999713897705,0.5199999809265137,0.5299999713897705,385800
1741,2019-02-19,0.550000011920929,0.550000011920929,0.5099999904632568,0.5400000214576721,638100
1742,2019-02-15,0.5299999713897705,0.5400000214576721,0.5199999809265137,0.5400000214576721,539900
1743,2019-02-14,0.5299999713897705,0.550000011920929,0.5199999809265137,0.5400000214576721,481100
1744,2019-02-13,0.5400000214576721,0.5400000214576721,0.5099999904632568,0.5199999809265137,264000
1745,2019-02-12,0.5400000214576721,0.5400000214576721,0.5099999904632568,0.5099999904632568,192000
1746,2019-02-11,0.5299999713897705,0.5299999713897705,0.5099999904632568,0.5199999809265137,224100
1747,2019-02-08,0.5199999809265137,0.5299999713897705,0.5099999904632568,0.5099999904632568,510900
1748,2019-02-07,0.5199999809265137,0.5299999713897705,0.5099999904632568,0.5199999809265137,323900
1749,2019-02-06,0.550000011920929,0.550000011920929,0.5099999904632568,0.5299999713897705,875700
1750,2019-02-05,0.5199999809265137,0.550000011920929,0.5099999904632568,0.550000011920929,1037500
1751,2019-02-04,0.5199999809265137,0.5199999809265137,0.5,0.5099999904632568,505400
1752,2019-02-01,0.5099999904632568,0.5199999809265137,0.5,0.5199999809265137,325300
1753,2019-01-31,0.5199999809265137,0.5199999809265137,0.49000000953674316,0.5099999904632568,322900
1754,2019-01-30,0.5299999713897705,0.5400000214576721,0.5,0.5099999904632568,368000
1755,2019-01-29,0.5400000214576721,0.5400000214576721,0.5199999809265137,0.5199999809265137,217800
1756,2019-01-28,0.5199999809265137,0.550000011920929,0.5099999904632568,0.5199999809265137,547600
1757,2019-01-25,0.49000000953674316,0.5299999713897705,0.47999998927116394,0.5299999713897705,1368900
1758,2019-01-24,0.5,0.5,0.47999998927116394,0.47999998927116394,201000
1759,2019-01-23,0.49000000953674316,0.49000000953674316,0.47999998927116394,0.47999998927116394,435500
1760,2019-01-22,0.47999998927116394,0.5,0.47999998927116394,0.47999998927116394,482100
1761,2019-01-18,0.49000000953674316,0.5,0.47999998927116394,0.49000000953674316,398000
1762,2019-01-17,0.5,0.5,0.47999998927116394,0.49000000953674316,870200
1763,2019-01-16,0.49000000953674316,0.5,0.49000000953674316,0.5,287700
1764,2019-01-15,0.5,0.5099999904632568,0.49000000953674316,0.5,246400
1765,2019-01-14,0.5,0.5,0.47999998927116394,0.49000000953674316,411900
1766,2019-01-11,0.5,0.5199999809265137,0.49000000953674316,0.5,416600
1767,2019-01-10,0.5099999904632568,0.5299999713897705,0.49000000953674316,0.5099999904632568,392900
1768,2019-01-09,0.5199999809265137,0.5299999713897705,0.5,0.5099999904632568,672500
1769,2019-01-08,0.5299999713897705,0.5299999713897705,0.5,0.5,174000
1770,2019-01-07,0.5099999904632568,0.5299999713897705,0.5,0.5199999809265137,696300
1771,2019-01-04,0.5099999904632568,0.5199999809265137,0.49000000953674316,0.5099999904632568,464200
1772,2019-01-03,0.5,0.5,0.49000000953674316,0.5,136400
1773,2019-01-02,0.4699999988079071,0.5,0.46000000834465027,0.49000000953674316,731500
1774,2018-12-31,0.46000000834465027,0.47999998927116394,0.46000000834465027,0.46000000834465027,825200
1775,2018-12-28,0.47999998927116394,0.47999998927116394,0.44999998807907104,0.46000000834465027,1540400
1776,2018-12-27,0.5,0.5,0.44999998807907104,0.4699999988079071,855600
1777,2018-12-26,0.44999998807907104,0.5099999904632568,0.44999998807907104,0.5099999904632568,610800
1778,2018-12-24,0.5099999904632568,0.5099999904632568,0.4399999976158142,0.44999998807907104,581000
1779,2018-12-21,0.44999998807907104,0.47999998927116394,0.44999998807907104,0.44999998807907104,482600
1780,2018-12-20,0.46000000834465027,0.47999998927116394,0.44999998807907104,0.46000000834465027,649200
1781,2018-12-19,0.46000000834465027,0.49000000953674316,0.46000000834465027,0.46000000834465027,418400
1782,2018-12-18,0.4699999988079071,0.49000000953674316,0.46000000834465027,0.4699999988079071,1443300
1783,2018-12-17,0.5299999713897705,0.5299999713897705,0.46000000834465027,0.46000000834465027,1408500
1784,2018-12-14,0.5199999809265137,0.5299999713897705,0.5099999904632568,0.5299999713897705,133500
1785,2018-12-13,0.5400000214576721,0.5400000214576721,0.5099999904632568,0.5199999809265137,292000
1786,2018-12-12,0.5099999904632568,0.5400000214576721,0.5099999904632568,0.5299999713897705,427700
1787,2018-12-11,0.5400000214576721,0.550000011920929,0.5099999904632568,0.5199999809265137,864400
1788,2018-12-10,0.5400000214576721,0.550000011920929,0.5299999713897705,0.5299999713897705,345700
1789,2018-12-07,0.550000011920929,0.5600000023841858,0.5400000214576721,0.550000011920929,341300
1790,2018-12-06,0.5600000023841858,0.5600000023841858,0.5299999713897705,0.550000011920929,606400
1791,2018-12-04,0.5799999833106995,0.5799999833106995,0.5400000214576721,0.5600000023841858,793600
1792,2018-12-03,0.5899999737739563,0.6000000238418579,0.5600000023841858,0.5699999928474426,646900
1793,2018-11-30,0.5699999928474426,0.5899999737739563,0.550000011920929,0.5899999737739563,510900
1794,2018-11-29,0.5600000023841858,0.5699999928474426,0.5600000023841858,0.5699999928474426,234500
1795,2018-11-28,0.550000011920929,0.5699999928474426,0.550000011920929,0.5699999928474426,581600
1796,2018-11-27,0.550000011920929,0.5600000023841858,0.5400000214576721,0.550000011920929,300800
1797,2018-11-26,0.5699999928474426,0.5799999833106995,0.5400000214576721,0.550000011920929,678400
1798,2018-11-23,0.550000011920929,0.5699999928474426,0.5400000214576721,0.5600000023841858,224600
1799,2018-11-21,0.550000011920929,0.5699999928474426,0.5400000214576721,0.5699999928474426,377000
1800,2018-11-20,0.5699999928474426,0.5699999928474426,0.5400000214576721,0.5400000214576721,916300
1801,2018-11-19,0.5699999928474426,0.6000000238418579,0.5600000023841858,0.5699999928474426,350300
1802,2018-11-16,0.5799999833106995,0.5899999737739563,0.550000011920929,0.5699999928474426,389600
1803,2018-11-15,0.5699999928474426,0.5899999737739563,0.5600000023841858,0.5600000023841858,783300
1804,2018-11-14,0.5699999928474426,0.5799999833106995,0.550000011920929,0.5699999928474426,611100
1805,2018-11-13,0.5899999737739563,0.6000000238418579,0.5600000023841858,0.5600000023841858,597100
1806,2018-11-12,0.6000000238418579,0.6100000143051147,0.5600000023841858,0.5699999928474426,474300
1807,2018-11-09,0.6299999952316284,0.6299999952316284,0.5899999737739563,0.6000000238418579,695800
1808,2018-11-08,0.6499999761581421,0.6600000262260437,0.6100000143051147,0.6299999952316284,798800
1809,2018-11-07,0.6800000071525574,0.6800000071525574,0.6299999952316284,0.6499999761581421,732800
1810,2018-11-06,0.6600000262260437,0.6700000166893005,0.6200000047683716,0.6399999856948853,1415400
1811,2018-11-05,0.6000000238418579,0.6499999761581421,0.6000000238418579,0.6499999761581421,1060300
1812,2018-11-02,0.6299999952316284,0.6399999856948853,0.6000000238418579,0.6000000238418579,351400
1813,2018-11-01,0.6399999856948853,0.6399999856948853,0.6100000143051147,0.6299999952316284,489500
1814,2018-10-31,0.5799999833106995,0.6399999856948853,0.550000011920929,0.6399999856948853,1051500
1815,2018-10-30,0.5400000214576721,0.5799999833106995,0.5400000214576721,0.5799999833106995,622800
1816,2018-10-29,0.5600000023841858,0.5600000023841858,0.5299999713897705,0.550000011920929,304600
1817,2018-10-26,0.550000011920929,0.5699999928474426,0.5299999713897705,0.5600000023841858,602900
1818,2018-10-25,0.5600000023841858,0.5699999928474426,0.5400000214576721,0.5400000214576721,487900
1819,2018-10-24,0.5799999833106995,0.6100000143051147,0.550000011920929,0.5600000023841858,434900
1820,2018-10-23,0.6000000238418579,0.6000000238418579,0.5600000023841858,0.5899999737739563,778600
1821,2018-10-22,0.6100000143051147,0.6100000143051147,0.5799999833106995,0.5899999737739563,613700
1822,2018-10-19,0.6000000238418579,0.6100000143051147,0.5799999833106995,0.5799999833106995,557000
1823,2018-10-18,0.6299999952316284,0.6399999856948853,0.6000000238418579,0.6000000238418579,539600
1824,2018-10-17,0.6499999761581421,0.6499999761581421,0.6299999952316284,0.6299999952316284,371800
1825,2018-10-16,0.6299999952316284,0.6499999761581421,0.6200000047683716,0.6399999856948853,720700
1826,2018-10-15,0.6399999856948853,0.6399999856948853,0.6100000143051147,0.6299999952316284,695500
1827,2018-10-12,0.6399999856948853,0.6399999856948853,0.6100000143051147,0.6200000047683716,341500
1828,2018-10-11,0.6100000143051147,0.6299999952316284,0.5899999737739563,0.6200000047683716,673900
1829,2018-10-10,0.6700000166893005,0.6700000166893005,0.5899999737739563,0.6100000143051147,1187600
1830,2018-10-09,0.6800000071525574,0.6800000071525574,0.6600000262260437,0.6600000262260437,674800
1831,2018-10-08,0.6700000166893005,0.6800000071525574,0.6499999761581421,0.6800000071525574,617000
1832,2018-10-05,0.6700000166893005,0.6800000071525574,0.6600000262260437,0.6700000166893005,631300
1833,2018-10-04,0.6899999976158142,0.6899999976158142,0.6399999856948853,0.6700000166893005,787400
1834,2018-10-03,0.6399999856948853,0.6800000071525574,0.6399999856948853,0.6700000166893005,1233300
1835,2018-10-02,0.6299999952316284,0.6600000262260437,0.6200000047683716,0.6399999856948853,1141700
1836,2018-10-01,0.6899999976158142,0.6899999976158142,0.6200000047683716,0.6299999952316284,1028300
1837,2018-09-28,0.6800000071525574,0.6800000071525574,0.6499999761581421,0.6700000166893005,1326400
1838,2018-09-27,0.6499999761581421,0.6899999976158142,0.6399999856948853,0.6600000262260437,2173200
1839,2018-09-26,0.6000000238418579,0.6399999856948853,0.5799999833106995,0.6299999952316284,2325100
1840,2018-09-25,0.5799999833106995,0.6000000238418579,0.5799999833106995,0.6000000238418579,1518300
1841,2018-09-24,0.5600000023841858,0.5699999928474426,0.550000011920929,0.5600000023841858,237500
1842,2018-09-21,0.5699999928474426,0.5699999928474426,0.550000011920929,0.5600000023841858,743700
1843,2018-09-20,0.5799999833106995,0.5799999833106995,0.5400000214576721,0.5699999928474426,536300
1844,2018-09-19,0.5699999928474426,0.5699999928474426,0.550000011920929,0.5699999928474426,823600
1845,2018-09-18,0.550000011920929,0.5600000023841858,0.5299999713897705,0.5600000023841858,792100
1846,2018-09-17,0.5400000214576721,0.5600000023841858,0.5400000214576721,0.5400000214576721,961700
1847,2018-09-14,0.5699999928474426,0.5699999928474426,0.5299999713897705,0.5400000214576721,1162800
1848,2018-09-13,0.550000011920929,0.5600000023841858,0.5299999713897705,0.5600000023841858,2118200
1849,2018-09-12,0.5099999904632568,0.5400000214576721,0.49000000953674316,0.5299999713897705,2091500
1850,2018-09-11,0.49000000953674316,0.5,0.49000000953674316,0.5,693300
1851,2018-09-10,0.49000000953674316,0.5099999904632568,0.47999998927116394,0.5,949500
1852,2018-09-07,0.5,0.5099999904632568,0.47999998927116394,0.49000000953674316,767100
1853,2018-09-06,0.5199999809265137,0.5199999809265137,0.5,0.5,688400
1854,2018-09-05,0.5199999809265137,0.5299999713897705,0.49000000953674316,0.49000000953674316,847500
1855,2018-09-04,0.5299999713897705,0.5299999713897705,0.5,0.5099999904632568,1213100
1856,2018-08-31,0.5199999809265137,0.5199999809265137,0.5,0.5199999809265137,844000
1857,2018-08-30,0.5099999904632568,0.5199999809265137,0.5,0.5099999904632568,1239000
1858,2018-08-29,0.49000000953674316,0.5,0.49000000953674316,0.49000000953674316,407200
1859,2018-08-28,0.49000000953674316,0.49000000953674316,0.47999998927116394,0.47999998927116394,147500
1860,2018-08-27,0.47999998927116394,0.49000000953674316,0.47999998927116394,0.49000000953674316,252100
1861,2018-08-24,0.49000000953674316,0.5,0.47999998927116394,0.47999998927116394,166200
1862,2018-08-23,0.5,0.5,0.47999998927116394,0.49000000953674316,669200
1863,2018-08-22,0.5,0.5,0.49000000953674316,0.5,183200
1864,2018-08-21,0.5,0.5,0.49000000953674316,0.5,182700
1865,2018-08-20,0.49000000953674316,0.5,0.49000000953674316,0.49000000953674316,364600
1866,2018-08-17,0.49000000953674316,0.5,0.47999998927116394,0.47999998927116394,121200
1867,2018-08-16,0.47999998927116394,0.5,0.47999998927116394,0.47999998927116394,320700
1868,2018-08-15,0.47999998927116394,0.49000000953674316,0.4699999988079071,0.4699999988079071,661800
1869,2018-08-14,0.5,0.5,0.4699999988079071,0.47999998927116394,339800
1870,2018-08-13,0.49000000953674316,0.49000000953674316,0.4699999988079071,0.4699999988079071,468000
1871,2018-08-10,0.5,0.5,0.49000000953674316,0.49000000953674316,286400
1872,2018-08-09,0.5,0.5099999904632568,0.5,0.5,337700
1873,2018-08-08,0.5,0.5099999904632568,0.49000000953674316,0.5099999904632568,552300
1874,2018-08-07,0.5299999713897705,0.5299999713897705,0.5,0.5099999904632568,816200
1875,2018-08-06,0.5099999904632568,0.5400000214576721,0.5,0.5299999713897705,633500
1876,2018-08-03,0.49000000953674316,0.5199999809265137,0.49000000953674316,0.5,701300
1877,2018-08-02,0.5,0.5099999904632568,0.49000000953674316,0.5,573400
1878,2018-08-01,0.5199999809265137,0.5199999809265137,0.5,0.5099999904632568,479600
1879,2018-07-31,0.5,0.5199999809265137,0.49000000953674316,0.5099999904632568,809500
1880,2018-07-30,0.49000000953674316,0.5099999904632568,0.49000000953674316,0.5,701700
1881,2018-07-27,0.5,0.5199999809265137,0.47999998927116394,0.49000000953674316,543800
1882,2018-07-26,0.4699999988079071,0.5199999809265137,0.4699999988079071,0.5099999904632568,1623300
1883,2018-07-25,0.46000000834465027,0.4699999988079071,0.46000000834465027,0.4699999988079071,461400
1884,2018-07-24,0.46000000834465027,0.4699999988079071,0.44999998807907104,0.44999998807907104,484600
1885,2018-07-23,0.5,0.5,0.46000000834465027,0.46000000834465027,485100
1886,2018-07-20,0.46000000834465027,0.47999998927116394,0.46000000834465027,0.47999998927116394,442000
1887,2018-07-19,0.46000000834465027,0.4699999988079071,0.46000000834465027,0.46000000834465027,469000
1888,2018-07-18,0.47999998927116394,0.47999998927116394,0.46000000834465027,0.4699999988079071,1239100
1889,2018-07-17,0.49000000953674316,0.49000000953674316,0.4699999988079071,0.4699999988079071,852300
1890,2018-07-16,0.5099999904632568,0.5099999904632568,0.49000000953674316,0.49000000953674316,330800
1891,2018-07-13,0.5,0.5,0.49000000953674316,0.49000000953674316,119100
1892,2018-07-12,0.5099999904632568,0.5099999904632568,0.49000000953674316,0.5,327400
1893,2018-07-11,0.5199999809265137,0.5199999809265137,0.5,0.5,306400
1894,2018-07-10,0.5099999904632568,0.5199999809265137,0.5099999904632568,0.5099999904632568,353200
1895,2018-07-09,0.5099999904632568,0.5199999809265137,0.5,0.5099999904632568,320300
1896,2018-07-06,0.5099999904632568,0.5299999713897705,0.5,0.5099999904632568,293800
1897,2018-07-05,0.5099999904632568,0.5299999713897705,0.5,0.5099999904632568,414700
1898,2018-07-03,0.5199999809265137,0.5299999713897705,0.5,0.5099999904632568,236300
1899,2018-07-02,0.47999998927116394,0.550000011920929,0.47999998927116394,0.5199999809265137,622200
1900,2018-06-29,0.5,0.5099999904632568,0.47999998927116394,0.5,448200
1901,2018-06-28,0.5,0.5,0.4699999988079071,0.47999998927116394,584200
1902,2018-06-27,0.5,0.5099999904632568,0.49000000953674316,0.49000000953674316,568300
1903,2018-06-26,0.5,0.5099999904632568,0.5,0.5,378700
1904,2018-06-25,0.5099999904632568,0.5299999713897705,0.5099999904632568,0.5099999904632568,362100
1905,2018-06-22,0.5099999904632568,0.5400000214576721,0.5099999904632568,0.5299999713897705,384900
1906,2018-06-21,0.5400000214576721,0.550000011920929,0.5099999904632568,0.5099999904632568,402700
1907,2018-06-20,0.5199999809265137,0.5400000214576721,0.5199999809265137,0.5400000214576721,395800
1908,2018-06-19,0.5299999713897705,0.5400000214576721,0.5099999904632568,0.5199999809265137,451100
1909,2018-06-18,0.5199999809265137,0.5400000214576721,0.5199999809265137,0.5400000214576721,444300
1910,2018-06-15,0.5600000023841858,0.5600000023841858,0.5199999809265137,0.5299999713897705,574400
1911,2018-06-14,0.5600000023841858,0.5699999928474426,0.5299999713897705,0.5600000023841858,519600
1912,2018-06-13,0.5699999928474426,0.5699999928474426,0.550000011920929,0.550000011920929,534800
1913,2018-06-12,0.5799999833106995,0.5799999833106995,0.550000011920929,0.5600000023841858,934900
1914,2018-06-11,0.5400000214576721,0.5699999928474426,0.5299999713897705,0.5699999928474426,3633600
1915,2018-06-08,0.5400000214576721,0.550000011920929,0.5199999809265137,0.550000011920929,911700
1916,2018-06-07,0.5400000214576721,0.5400000214576721,0.5199999809265137,0.5199999809265137,477800
1917,2018-06-06,0.5600000023841858,0.5600000023841858,0.5299999713897705,0.5299999713897705,1130500
1918,2018-06-05,0.5099999904632568,0.550000011920929,0.5,0.5299999713897705,2349500
1919,2018-06-04,0.4699999988079071,0.5,0.46000000834465027,0.49000000953674316,974600
1920,2018-06-01,0.46000000834465027,0.4699999988079071,0.46000000834465027,0.46000000834465027,620700
1921,2018-05-31,0.46000000834465027,0.4699999988079071,0.46000000834465027,0.46000000834465027,220700
1922,2018-05-30,0.46000000834465027,0.4699999988079071,0.44999998807907104,0.4699999988079071,164100
1923,2018-05-29,0.46000000834465027,0.47999998927116394,0.44999998807907104,0.44999998807907104,570300
1924,2018-05-25,0.4699999988079071,0.47999998927116394,0.46000000834465027,0.4699999988079071,559100
1925,2018-05-24,0.47999998927116394,0.47999998927116394,0.4699999988079071,0.4699999988079071,414600
1926,2018-05-23,0.5,0.5,0.4699999988079071,0.47999998927116394,455700
1927,2018-05-22,0.5099999904632568,0.5099999904632568,0.4699999988079071,0.47999998927116394,338300
1928,2018-05-21,0.5,0.5099999904632568,0.49000000953674316,0.5099999904632568,367500
1929,2018-05-18,0.47999998927116394,0.5,0.47999998927116394,0.5,521200
1930,2018-05-17,0.49000000953674316,0.49000000953674316,0.47999998927116394,0.47999998927116394,293300
1931,2018-05-16,0.47999998927116394,0.49000000953674316,0.47999998927116394,0.47999998927116394,246300
1932,2018-05-15,0.4699999988079071,0.49000000953674316,0.4699999988079071,0.47999998927116394,319700
1933,2018-05-14,0.49000000953674316,0.49000000953674316,0.4699999988079071,0.4699999988079071,177000
1934,2018-05-11,0.47999998927116394,0.49000000953674316,0.4699999988079071,0.4699999988079071,140800
1935,2018-05-10,0.4699999988079071,0.49000000953674316,0.4699999988079071,0.47999998927116394,311600
1936,2018-05-09,0.46000000834465027,0.47999998927116394,0.46000000834465027,0.4699999988079071,175200
1937,2018-05-08,0.46000000834465027,0.47999998927116394,0.46000000834465027,0.4699999988079071,206800
1938,2018-05-07,0.46000000834465027,0.47999998927116394,0.46000000834465027,0.4699999988079071,202200
1939,2018-05-04,0.4699999988079071,0.47999998927116394,0.4699999988079071,0.4699999988079071,160200
1940,2018-05-03,0.49000000953674316,0.5,0.4699999988079071,0.4699999988079071,486700
1941,2018-05-02,0.5,0.5099999904632568,0.47999998927116394,0.5,754000
1942,2018-05-01,0.4699999988079071,0.5,0.44999998807907104,0.49000000953674316,536200
1943,2018-04-30,0.47999998927116394,0.47999998927116394,0.46000000834465027,0.46000000834465027,212200
1944,2018-04-27,0.47999998927116394,0.47999998927116394,0.46000000834465027,0.47999998927116394,108100
1945,2018-04-26,0.4699999988079071,0.49000000953674316,0.46000000834465027,0.4699999988079071,210300
1946,2018-04-25,0.4699999988079071,0.49000000953674316,0.46000000834465027,0.47999998927116394,177300
1947,2018-04-24,0.5,0.5,0.4699999988079071,0.4699999988079071,205100
1948,2018-04-23,0.49000000953674316,0.5,0.47999998927116394,0.49000000953674316,641800
1949,2018-04-20,0.5,0.5199999809265137,0.47999998927116394,0.5,356100
1950,2018-04-19,0.5099999904632568,0.5299999713897705,0.5,0.5099999904632568,470000
1951,2018-04-18,0.5199999809265137,0.5299999713897705,0.49000000953674316,0.5199999809265137,805400
1952,2018-04-17,0.5299999713897705,0.5299999713897705,0.49000000953674316,0.5099999904632568,735200
1953,2018-04-16,0.47999998927116394,0.5199999809265137,0.4699999988079071,0.5099999904632568,1495800
1954,2018-04-13,0.4699999988079071,0.47999998927116394,0.4699999988079071,0.47999998927116394,375000
1955,2018-04-12,0.4699999988079071,0.47999998927116394,0.46000000834465027,0.4699999988079071,403900
1956,2018-04-11,0.47999998927116394,0.47999998927116394,0.4699999988079071,0.4699999988079071,172300
1957,2018-04-10,0.47999998927116394,0.49000000953674316,0.46000000834465027,0.4699999988079071,376500
1958,2018-04-09,0.4399999976158142,0.49000000953674316,0.4399999976158142,0.46000000834465027,472900
1959,2018-04-06,0.4699999988079071,0.4699999988079071,0.44999998807907104,0.44999998807907104,287400
1960,2018-04-05,0.44999998807907104,0.4699999988079071,0.4399999976158142,0.4699999988079071,352100
1961,2018-04-04,0.4399999976158142,0.46000000834465027,0.4399999976158142,0.46000000834465027,395400
1962,2018-04-03,0.4399999976158142,0.46000000834465027,0.4300000071525574,0.46000000834465027,360700
1963,2018-04-02,0.4300000071525574,0.44999998807907104,0.4300000071525574,0.4399999976158142,127800
1964,2018-03-29,0.4399999976158142,0.46000000834465027,0.4300000071525574,0.44999998807907104,186300
1965,2018-03-28,0.4399999976158142,0.4399999976158142,0.4300000071525574,0.4399999976158142,325400
1966,2018-03-27,0.4399999976158142,0.44999998807907104,0.4399999976158142,0.44999998807907104,294800
1967,2018-03-26,0.47999998927116394,0.47999998927116394,0.4399999976158142,0.44999998807907104,391500
1968,2018-03-23,0.49000000953674316,0.49000000953674316,0.44999998807907104,0.46000000834465027,226800
1969,2018-03-22,0.4699999988079071,0.49000000953674316,0.46000000834465027,0.47999998927116394,1397800
1970,2018-03-21,0.4399999976158142,0.4699999988079071,0.4399999976158142,0.4699999988079071,226500
1971,2018-03-20,0.44999998807907104,0.46000000834465027,0.4399999976158142,0.46000000834465027,483000
1972,2018-03-19,0.46000000834465027,0.4699999988079071,0.44999998807907104,0.44999998807907104,485000
1973,2018-03-16,0.4699999988079071,0.4699999988079071,0.46000000834465027,0.46000000834465027,148500
1974,2018-03-15,0.4699999988079071,0.4699999988079071,0.46000000834465027,0.46000000834465027,106500
1975,2018-03-14,0.4699999988079071,0.4699999988079071,0.4699999988079071,0.4699999988079071,94500
1976,2018-03-13,0.47999998927116394,0.47999998927116394,0.4699999988079071,0.4699999988079071,252800
1977,2018-03-12,0.46000000834465027,0.47999998927116394,0.46000000834465027,0.4699999988079071,256800
1978,2018-03-09,0.4699999988079071,0.47999998927116394,0.46000000834465027,0.4699999988079071,491900
1979,2018-03-08,0.4699999988079071,0.47999998927116394,0.44999998807907104,0.4699999988079071,451500
1980,2018-03-07,0.47999998927116394,0.47999998927116394,0.46000000834465027,0.4699999988079071,253600
1981,2018-03-06,0.4699999988079071,0.47999998927116394,0.46000000834465027,0.47999998927116394,285100
1982,2018-03-05,0.4699999988079071,0.49000000953674316,0.46000000834465027,0.47999998927116394,324000
1983,2018-03-02,0.46000000834465027,0.47999998927116394,0.46000000834465027,0.47999998927116394,300800
1984,2018-03-01,0.47999998927116394,0.47999998927116394,0.46000000834465027,0.46000000834465027,221600
1985,2018-02-28,0.46000000834465027,0.47999998927116394,0.46000000834465027,0.4699999988079071,419500
1986,2018-02-27,0.49000000953674316,0.49000000953674316,0.46000000834465027,0.47999998927116394,323700
1987,2018-02-26,0.5,0.5,0.49000000953674316,0.49000000953674316,128000
1988,2018-02-23,0.4699999988079071,0.5,0.4699999988079071,0.5,224000
1989,2018-02-22,0.4699999988079071,0.5,0.4699999988079071,0.47999998927116394,446700
1990,2018-02-21,0.49000000953674316,0.49000000953674316,0.4699999988079071,0.47999998927116394,179100
1991,2018-02-20,0.49000000953674316,0.5,0.4699999988079071,0.49000000953674316,210700
1992,2018-02-16,0.49000000953674316,0.5,0.47999998927116394,0.47999998927116394,376500
1993,2018-02-15,0.5099999904632568,0.5099999904632568,0.4699999988079071,0.5,313000
1994,2018-02-14,0.46000000834465027,0.5099999904632568,0.46000000834465027,0.5,413300
1995,2018-02-13,0.47999998927116394,0.49000000953674316,0.4699999988079071,0.49000000953674316,325600
1996,2018-02-12,0.44999998807907104,0.49000000953674316,0.44999998807907104,0.47999998927116394,636300
1997,2018-02-09,0.44999998807907104,0.46000000834465027,0.4300000071525574,0.44999998807907104,1820000
1998,2018-02-08,0.47999998927116394,0.47999998927116394,0.4300000071525574,0.4399999976158142,962500
1999,2018-02-07,0.49000000953674316,0.49000000953674316,0.46000000834465027,0.47999998927116394,366800
2000,2018-02-06,0.4699999988079071,0.47999998927116394,0.44999998807907104,0.4699999988079071,594800
2001,2018-02-05,0.47999998927116394,0.47999998927116394,0.46000000834465027,0.4699999988079071,489300
2002,2018-02-02,0.5,0.5,0.46000000834465027,0.4699999988079071,643600
2003,2018-02-01,0.5099999904632568,0.5199999809265137,0.49000000953674316,0.5,412400
2004,2018-01-31,0.49000000953674316,0.5099999904632568,0.47999998927116394,0.5099999904632568,478600
2005,2018-01-30,0.49000000953674316,0.49000000953674316,0.46000000834465027,0.47999998927116394,1147800
2006,2018-01-29,0.5099999904632568,0.5099999904632568,0.47999998927116394,0.49000000953674316,810900
2007,2018-01-26,0.5,0.5099999904632568,0.5,0.5099999904632568,684200
2008,2018-01-25,0.5400000214576721,0.5400000214576721,0.5,0.5099999904632568,699300
2009,2018-01-24,0.5400000214576721,0.5400000214576721,0.5199999809265137,0.5400000214576721,703100
2010,2018-01-23,0.5199999809265137,0.5400000214576721,0.5,0.5299999713897705,538000
2011,2018-01-22,0.5099999904632568,0.5299999713897705,0.5099999904632568,0.5099999904632568,659500
2012,2018-01-19,0.5299999713897705,0.5299999713897705,0.5099999904632568,0.5099999904632568,672200
2013,2018-01-18,0.5199999809265137,0.5299999713897705,0.5099999904632568,0.5099999904632568,466800
2014,2018-01-17,0.5400000214576721,0.5400000214576721,0.5099999904632568,0.5299999713897705,692000
2015,2018-01-16,0.5400000214576721,0.550000011920929,0.5199999809265137,0.5299999713897705,702200
2016,2018-01-12,0.550000011920929,0.550000011920929,0.5299999713897705,0.550000011920929,398800
2017,2018-01-11,0.5600000023841858,0.5600000023841858,0.5400000214576721,0.550000011920929,802200
2018,2018-01-10,0.550000011920929,0.5600000023841858,0.550000011920929,0.5600000023841858,335900
2019,2018-01-09,0.5799999833106995,0.5899999737739563,0.550000011920929,0.5600000023841858,656900
2020,2018-01-08,0.6000000238418579,0.6200000047683716,0.5799999833106995,0.5899999737739563,524600
2021,2018-01-05,0.6399999856948853,0.6399999856948853,0.5899999737739563,0.6100000143051147,689200
2022,2018-01-04,0.6000000238418579,0.6299999952316284,0.5699999928474426,0.6299999952316284,848200
2023,2018-01-03,0.6000000238418579,0.6000000238418579,0.5699999928474426,0.5899999737739563,500500
2024,2018-01-02,0.550000011920929,0.5899999737739563,0.550000011920929,0.5899999737739563,743300
2025,2017-12-29,0.550000011920929,0.550000011920929,0.5299999713897705,0.550000011920929,759000
2026,2017-12-28,0.5299999713897705,0.5600000023841858,0.5299999713897705,0.550000011920929,614700
2027,2017-12-27,0.5600000023841858,0.5600000023841858,0.5199999809265137,0.5199999809265137,811600
2028,2017-12-26,0.550000011920929,0.5600000023841858,0.5400000214576721,0.550000011920929,396600
2029,2017-12-22,0.550000011920929,0.5699999928474426,0.5299999713897705,0.550000011920929,637800
2030,2017-12-21,0.5699999928474426,0.5899999737739563,0.5600000023841858,0.5699999928474426,515800
2031,2017-12-20,0.5799999833106995,0.5899999737739563,0.5699999928474426,0.5699999928474426,495000
2032,2017-12-19,0.5799999833106995,0.6000000238418579,0.5699999928474426,0.5899999737739563,455300
2033,2017-12-18,0.6000000238418579,0.6000000238418579,0.5799999833106995,0.5799999833106995,502900
2034,2017-12-15,0.6100000143051147,0.6100000143051147,0.5799999833106995,0.5799999833106995,325300
2035,2017-12-14,0.5699999928474426,0.6100000143051147,0.5699999928474426,0.6000000238418579,502400
2036,2017-12-13,0.5799999833106995,0.5899999737739563,0.5600000023841858,0.5799999833106995,507700
2037,2017-12-12,0.6200000047683716,0.6200000047683716,0.5699999928474426,0.5899999737739563,965600
2038,2017-12-11,0.5699999928474426,0.6100000143051147,0.5699999928474426,0.6100000143051147,2224800
2039,2017-12-08,0.5600000023841858,0.5799999833106995,0.5400000214576721,0.5699999928474426,935100
2040,2017-12-07,0.5299999713897705,0.5600000023841858,0.5299999713897705,0.5600000023841858,455600
2041,2017-12-06,0.5400000214576721,0.550000011920929,0.5199999809265137,0.5299999713897705,914000
2042,2017-12-05,0.5899999737739563,0.5899999737739563,0.550000011920929,0.5600000023841858,1111000
2043,2017-12-04,0.5199999809265137,0.5899999737739563,0.5199999809265137,0.5699999928474426,3095200
2044,2017-12-01,0.47999998927116394,0.5199999809265137,0.47999998927116394,0.5,405100
2045,2017-11-30,0.5199999809265137,0.5400000214576721,0.49000000953674316,0.49000000953674316,1705200
2046,2017-11-29,0.5400000214576721,0.5400000214576721,0.5,0.5299999713897705,601000
2047,2017-11-28,0.5199999809265137,0.5400000214576721,0.49000000953674316,0.5400000214576721,980900
2048,2017-11-27,0.550000011920929,0.550000011920929,0.5,0.5199999809265137,1148000
2049,2017-11-24,0.5899999737739563,0.5899999737739563,0.550000011920929,0.5600000023841858,397600
2050,2017-11-22,0.5699999928474426,0.5899999737739563,0.5600000023841858,0.5799999833106995,1455000
2051,2017-11-21,0.550000011920929,0.5699999928474426,0.5299999713897705,0.5600000023841858,1045700
2052,2017-11-20,0.5699999928474426,0.5699999928474426,0.5199999809265137,0.5299999713897705,1730300
2053,2017-11-17,0.5199999809265137,0.550000011920929,0.5099999904632568,0.550000011920929,1098400
2054,2017-11-16,0.4699999988079071,0.5099999904632568,0.4699999988079071,0.5,895300
2055,2017-11-15,0.46000000834465027,0.4699999988079071,0.4399999976158142,0.46000000834465027,1031200
2056,2017-11-14,0.5099999904632568,0.5099999904632568,0.44999998807907104,0.46000000834465027,1848100
2057,2017-11-13,0.5600000023841858,0.5600000023841858,0.5,0.5,1211600
2058,2017-11-10,0.5199999809265137,0.5600000023841858,0.5,0.5299999713897705,5071700
2059,2017-11-09,0.4699999988079071,0.5199999809265137,0.4699999988079071,0.5099999904632568,2585800
2060,2017-11-08,0.4300000071525574,0.46000000834465027,0.4300000071525574,0.44999998807907104,848100
2061,2017-11-07,0.41999998688697815,0.41999998688697815,0.4099999964237213,0.41999998688697815,375700
2062,2017-11-06,0.4099999964237213,0.41999998688697815,0.4099999964237213,0.4099999964237213,409600
2063,2017-11-03,0.41999998688697815,0.41999998688697815,0.4000000059604645,0.4099999964237213,292100
2064,2017-11-02,0.4000000059604645,0.41999998688697815,0.4000000059604645,0.41999998688697815,182100
2065,2017-11-01,0.41999998688697815,0.41999998688697815,0.4000000059604645,0.4000000059604645,230700
2066,2017-10-31,0.4000000059604645,0.41999998688697815,0.4000000059604645,0.4099999964237213,280200
2067,2017-10-30,0.3799999952316284,0.4099999964237213,0.3799999952316284,0.4000000059604645,279600
2068,2017-10-27,0.38999998569488525,0.4099999964237213,0.38999998569488525,0.4000000059604645,344700
2069,2017-10-26,0.4000000059604645,0.4099999964237213,0.4000000059604645,0.4000000059604645,360700
2070,2017-10-25,0.4099999964237213,0.41999998688697815,0.4000000059604645,0.4000000059604645,200900
2071,2017-10-24,0.4099999964237213,0.41999998688697815,0.4099999964237213,0.41999998688697815,238000
2072,2017-10-23,0.4099999964237213,0.4300000071525574,0.4099999964237213,0.41999998688697815,447800
2073,2017-10-20,0.41999998688697815,0.4300000071525574,0.4099999964237213,0.4099999964237213,194700
2074,2017-10-19,0.4099999964237213,0.4300000071525574,0.4099999964237213,0.41999998688697815,147400
2075,2017-10-18,0.4099999964237213,0.4300000071525574,0.4099999964237213,0.41999998688697815,231500
2076,2017-10-17,0.4300000071525574,0.4300000071525574,0.41999998688697815,0.4300000071525574,199800
2077,2017-10-16,0.4099999964237213,0.4399999976158142,0.4099999964237213,0.41999998688697815,219700
2078,2017-10-13,0.4300000071525574,0.4300000071525574,0.4300000071525574,0.4300000071525574,316300
2079,2017-10-12,0.4099999964237213,0.4300000071525574,0.4099999964237213,0.4300000071525574,229800
2080,2017-10-11,0.4300000071525574,0.4399999976158142,0.4099999964237213,0.41999998688697815,614300
2081,2017-10-10,0.4300000071525574,0.4399999976158142,0.4300000071525574,0.4399999976158142,204300
2082,2017-10-09,0.44999998807907104,0.44999998807907104,0.4300000071525574,0.4300000071525574,127400
2083,2017-10-06,0.4399999976158142,0.44999998807907104,0.4399999976158142,0.44999998807907104,149300
2084,2017-10-05,0.4399999976158142,0.44999998807907104,0.4399999976158142,0.44999998807907104,198600
2085,2017-10-04,0.46000000834465027,0.46000000834465027,0.4399999976158142,0.44999998807907104,210900
2086,2017-10-03,0.46000000834465027,0.46000000834465027,0.4399999976158142,0.46000000834465027,449100
2087,2017-10-02,0.46000000834465027,0.4699999988079071,0.44999998807907104,0.46000000834465027,250400
2088,2017-09-29,0.46000000834465027,0.47999998927116394,0.44999998807907104,0.46000000834465027,295800
2089,2017-09-28,0.46000000834465027,0.47999998927116394,0.46000000834465027,0.4699999988079071,126700
2090,2017-09-27,0.4699999988079071,0.47999998927116394,0.4699999988079071,0.4699999988079071,130600
2091,2017-09-26,0.47999998927116394,0.49000000953674316,0.4699999988079071,0.4699999988079071,324200
2092,2017-09-25,0.49000000953674316,0.49000000953674316,0.47999998927116394,0.49000000953674316,152500
2093,2017-09-22,0.47999998927116394,0.5,0.46000000834465027,0.49000000953674316,289600
2094,2017-09-21,0.46000000834465027,0.47999998927116394,0.46000000834465027,0.4699999988079071,153300
2095,2017-09-20,0.46000000834465027,0.47999998927116394,0.46000000834465027,0.4699999988079071,84500
2096,2017-09-19,0.47999998927116394,0.49000000953674316,0.4699999988079071,0.4699999988079071,210300
2097,2017-09-18,0.47999998927116394,0.49000000953674316,0.4699999988079071,0.47999998927116394,381500
2098,2017-09-15,0.49000000953674316,0.49000000953674316,0.47999998927116394,0.47999998927116394,107800
2099,2017-09-14,0.49000000953674316,0.49000000953674316,0.47999998927116394,0.49000000953674316,129200
2100,2017-09-13,0.49000000953674316,0.49000000953674316,0.47999998927116394,0.49000000953674316,154400
2101,2017-09-12,0.5,0.5,0.47999998927116394,0.49000000953674316,121800
2102,2017-09-11,0.5,0.5,0.47999998927116394,0.49000000953674316,160500
2103,2017-09-08,0.5,0.5,0.47999998927116394,0.5,261700
2104,2017-09-07,0.5099999904632568,0.5099999904632568,0.49000000953674316,0.5,154900
2105,2017-09-06,0.49000000953674316,0.5099999904632568,0.47999998927116394,0.5,337100
2106,2017-09-05,0.47999998927116394,0.49000000953674316,0.4699999988079071,0.49000000953674316,275500
2107,2017-09-01,0.5,0.5,0.47999998927116394,0.49000000953674316,217500
2108,2017-08-31,0.4699999988079071,0.49000000953674316,0.4699999988079071,0.47999998927116394,326300
2109,2017-08-30,0.44999998807907104,0.46000000834465027,0.44999998807907104,0.44999998807907104,234600
2110,2017-08-29,0.44999998807907104,0.4699999988079071,0.4399999976158142,0.46000000834465027,972100
2111,2017-08-28,0.46000000834465027,0.4699999988079071,0.44999998807907104,0.44999998807907104,343600
2112,2017-08-25,0.46000000834465027,0.4699999988079071,0.44999998807907104,0.46000000834465027,141500
2113,2017-08-24,0.44999998807907104,0.46000000834465027,0.4399999976158142,0.46000000834465027,274100
2114,2017-08-23,0.44999998807907104,0.46000000834465027,0.44999998807907104,0.44999998807907104,188800
2115,2017-08-22,0.46000000834465027,0.46000000834465027,0.4399999976158142,0.44999998807907104,188300
2116,2017-08-21,0.46000000834465027,0.46000000834465027,0.4399999976158142,0.44999998807907104,117100
2117,2017-08-18,0.4399999976158142,0.46000000834465027,0.4399999976158142,0.46000000834465027,109400
2118,2017-08-17,0.44999998807907104,0.44999998807907104,0.4399999976158142,0.44999998807907104,209100
2119,2017-08-16,0.44999998807907104,0.46000000834465027,0.4399999976158142,0.44999998807907104,154500
2120,2017-08-15,0.46000000834465027,0.46000000834465027,0.4399999976158142,0.44999998807907104,143300
2121,2017-08-14,0.46000000834465027,0.4699999988079071,0.44999998807907104,0.46000000834465027,280200
2122,2017-08-11,0.44999998807907104,0.4699999988079071,0.44999998807907104,0.4699999988079071,245000
2123,2017-08-10,0.44999998807907104,0.46000000834465027,0.4399999976158142,0.44999998807907104,327400
2124,2017-08-09,0.46000000834465027,0.4699999988079071,0.44999998807907104,0.46000000834465027,172700
2125,2017-08-08,0.4699999988079071,0.4699999988079071,0.44999998807907104,0.46000000834465027,349700
2126,2017-08-07,0.4699999988079071,0.4699999988079071,0.46000000834465027,0.46000000834465027,341800
2127,2017-08-04,0.49000000953674316,0.49000000953674316,0.46000000834465027,0.4699999988079071,385000
2128,2017-08-03,0.47999998927116394,0.5,0.4699999988079071,0.47999998927116394,509600
2129,2017-08-02,0.49000000953674316,0.5,0.47999998927116394,0.49000000953674316,777900
2130,2017-08-01,0.5199999809265137,0.5199999809265137,0.49000000953674316,0.49000000953674316,307300
2131,2017-07-31,0.5199999809265137,0.5299999713897705,0.5,0.5099999904632568,384800
2132,2017-07-28,0.49000000953674316,0.5199999809265137,0.47999998927116394,0.5099999904632568,1256300
2133,2017-07-27,0.5,0.5,0.47999998927116394,0.47999998927116394,303700
2134,2017-07-26,0.5099999904632568,0.5099999904632568,0.4699999988079071,0.49000000953674316,431700
2135,2017-07-25,0.4699999988079071,0.49000000953674316,0.4699999988079071,0.49000000953674316,389600
2136,2017-07-24,0.49000000953674316,0.49000000953674316,0.4699999988079071,0.4699999988079071,313400
2137,2017-07-21,0.5,0.5,0.46000000834465027,0.4699999988079071,1262600
2138,2017-07-20,0.5199999809265137,0.5199999809265137,0.49000000953674316,0.5099999904632568,397800
2139,2017-07-19,0.5,0.5199999809265137,0.4699999988079071,0.5199999809265137,639200
2140,2017-07-18,0.5199999809265137,0.5199999809265137,0.41999998688697815,0.5,632100
2141,2017-07-17,0.46000000834465027,0.5099999904632568,0.44999998807907104,0.5099999904632568,1496800
2142,2017-07-14,0.44999998807907104,0.4699999988079071,0.44999998807907104,0.46000000834465027,243400
2143,2017-07-13,0.4399999976158142,0.44999998807907104,0.4300000071525574,0.44999998807907104,284300
2144,2017-07-12,0.4399999976158142,0.4399999976158142,0.4300000071525574,0.4399999976158142,310000
2145,2017-07-11,0.4399999976158142,0.4399999976158142,0.4300000071525574,0.4300000071525574,216800
2146,2017-07-10,0.4399999976158142,0.4399999976158142,0.4300000071525574,0.4300000071525574,420400
2147,2017-07-07,0.4399999976158142,0.44999998807907104,0.4300000071525574,0.4399999976158142,286100
2148,2017-07-06,0.4399999976158142,0.44999998807907104,0.4300000071525574,0.4399999976158142,186500
2149,2017-07-05,0.4399999976158142,0.44999998807907104,0.4300000071525574,0.44999998807907104,778700
2150,2017-07-03,0.4300000071525574,0.46000000834465027,0.4300000071525574,0.46000000834465027,126100
2151,2017-06-30,0.44999998807907104,0.44999998807907104,0.4300000071525574,0.4399999976158142,207900
2152,2017-06-29,0.4399999976158142,0.44999998807907104,0.4300000071525574,0.4399999976158142,337700
2153,2017-06-28,0.4300000071525574,0.4300000071525574,0.41999998688697815,0.4300000071525574,409400
2154,2017-06-27,0.44999998807907104,0.46000000834465027,0.41999998688697815,0.41999998688697815,659800
2155,2017-06-26,0.46000000834465027,0.46000000834465027,0.4399999976158142,0.44999998807907104,395600
2156,2017-06-23,0.4099999964237213,0.44999998807907104,0.4099999964237213,0.44999998807907104,473800
2157,2017-06-22,0.41999998688697815,0.41999998688697815,0.4099999964237213,0.4099999964237213,185900
2158,2017-06-21,0.41999998688697815,0.41999998688697815,0.4099999964237213,0.4099999964237213,485500
2159,2017-06-20,0.4300000071525574,0.4399999976158142,0.41999998688697815,0.41999998688697815,425500
2160,2017-06-19,0.4300000071525574,0.4399999976158142,0.41999998688697815,0.4399999976158142,201000
2161,2017-06-16,0.41999998688697815,0.4300000071525574,0.41999998688697815,0.41999998688697815,264400
2162,2017-06-15,0.4300000071525574,0.4300000071525574,0.41999998688697815,0.41999998688697815,179500
2163,2017-06-14,0.44999998807907104,0.44999998807907104,0.41999998688697815,0.4399999976158142,323300
2164,2017-06-13,0.4399999976158142,0.44999998807907104,0.4399999976158142,0.44999998807907104,482000
2165,2017-06-12,0.4399999976158142,0.44999998807907104,0.4300000071525574,0.4399999976158142,160600
2166,2017-06-09,0.4300000071525574,0.4399999976158142,0.41999998688697815,0.4399999976158142,485000
2167,2017-06-08,0.4099999964237213,0.44999998807907104,0.4099999964237213,0.4300000071525574,780100
2168,2017-06-07,0.4300000071525574,0.4399999976158142,0.4099999964237213,0.4099999964237213,1151100
2169,2017-06-06,0.44999998807907104,0.44999998807907104,0.4300000071525574,0.4399999976158142,369100
2170,2017-06-05,0.44999998807907104,0.44999998807907104,0.4399999976158142,0.44999998807907104,424500
2171,2017-06-02,0.46000000834465027,0.46000000834465027,0.4300000071525574,0.44999998807907104,381100
2172,2017-06-01,0.46000000834465027,0.4699999988079071,0.44999998807907104,0.44999998807907104,242700
2173,2017-05-31,0.4699999988079071,0.4699999988079071,0.44999998807907104,0.44999998807907104,578900
2174,2017-05-30,0.46000000834465027,0.4699999988079071,0.44999998807907104,0.44999998807907104,182500
2175,2017-05-26,0.4699999988079071,0.47999998927116394,0.4699999988079071,0.47999998927116394,258800
2176,2017-05-25,0.49000000953674316,0.5099999904632568,0.44999998807907104,0.44999998807907104,1467800
2177,2017-05-24,0.5099999904632568,0.5199999809265137,0.49000000953674316,0.49000000953674316,325200
2178,2017-05-23,0.5099999904632568,0.5099999904632568,0.5,0.5099999904632568,132700
2179,2017-05-22,0.5,0.5199999809265137,0.5,0.5099999904632568,227500
2180,2017-05-19,0.49000000953674316,0.5299999713897705,0.49000000953674316,0.5299999713897705,356700
2181,2017-05-18,0.49000000953674316,0.5,0.49000000953674316,0.49000000953674316,293400
2182,2017-05-17,0.5199999809265137,0.5199999809265137,0.49000000953674316,0.49000000953674316,213100
2183,2017-05-16,0.5299999713897705,0.5299999713897705,0.5199999809265137,0.5299999713897705,174200
2184,2017-05-15,0.5199999809265137,0.5299999713897705,0.5199999809265137,0.5199999809265137,208900
2185,2017-05-12,0.5199999809265137,0.5299999713897705,0.5099999904632568,0.5199999809265137,706200
2186,2017-05-11,0.5199999809265137,0.5299999713897705,0.5099999904632568,0.5199999809265137,188400
2187,2017-05-10,0.5199999809265137,0.5199999809265137,0.5099999904632568,0.5199999809265137,235500
2188,2017-05-09,0.5099999904632568,0.5299999713897705,0.5,0.5199999809265137,175700
2189,2017-05-08,0.49000000953674316,0.5299999713897705,0.49000000953674316,0.5299999713897705,369300
2190,2017-05-05,0.49000000953674316,0.5099999904632568,0.49000000953674316,0.49000000953674316,365700
2191,2017-05-04,0.5199999809265137,0.5199999809265137,0.47999998927116394,0.5,668400
2192,2017-05-03,0.5299999713897705,0.5299999713897705,0.5099999904632568,0.5299999713897705,247400
2193,2017-05-02,0.5299999713897705,0.5299999713897705,0.5099999904632568,0.5299999713897705,276600
2194,2017-05-01,0.5,0.5299999713897705,0.5,0.5199999809265137,393700
2195,2017-04-28,0.550000011920929,0.550000011920929,0.5099999904632568,0.5199999809265137,1349800
2196,2017-04-27,0.5899999737739563,0.5899999737739563,0.550000011920929,0.550000011920929,539600
2197,2017-04-26,0.5899999737739563,0.5899999737739563,0.5799999833106995,0.5899999737739563,195100
2198,2017-04-25,0.5799999833106995,0.5899999737739563,0.5600000023841858,0.5799999833106995,619300
2199,2017-04-24,0.6000000238418579,0.6000000238418579,0.5799999833106995,0.5799999833106995,372100
2200,2017-04-21,0.6000000238418579,0.6000000238418579,0.5799999833106995,0.5899999737739563,342100
2201,2017-04-20,0.6000000238418579,0.6100000143051147,0.5899999737739563,0.6000000238418579,220800
2202,2017-04-19,0.6100000143051147,0.6100000143051147,0.6000000238418579,0.6000000238418579,275500
2203,2017-04-18,0.6000000238418579,0.6100000143051147,0.6000000238418579,0.6100000143051147,220100
2204,2017-04-17,0.6200000047683716,0.6200000047683716,0.6000000238418579,0.6100000143051147,253800
2205,2017-04-13,0.6200000047683716,0.6299999952316284,0.6100000143051147,0.6100000143051147,423600
2206,2017-04-12,0.6499999761581421,0.6499999761581421,0.6200000047683716,0.6299999952316284,306300
2207,2017-04-11,0.6299999952316284,0.6600000262260437,0.6200000047683716,0.6499999761581421,497800
2208,2017-04-10,0.6100000143051147,0.6499999761581421,0.6100000143051147,0.6299999952316284,816800
2209,2017-04-07,0.6000000238418579,0.6100000143051147,0.6000000238418579,0.6000000238418579,198100
2210,2017-04-06,0.6000000238418579,0.6100000143051147,0.5899999737739563,0.6000000238418579,288000
2211,2017-04-05,0.6000000238418579,0.6200000047683716,0.6000000238418579,0.6100000143051147,381800
2212,2017-04-04,0.6000000238418579,0.6200000047683716,0.5899999737739563,0.6200000047683716,462200
2213,2017-04-03,0.6200000047683716,0.6299999952316284,0.6000000238418579,0.6100000143051147,422200
2214,2017-03-31,0.6399999856948853,0.6399999856948853,0.6200000047683716,0.6200000047683716,254000
2215,2017-03-30,0.6399999856948853,0.6399999856948853,0.6299999952316284,0.6399999856948853,122400
2216,2017-03-29,0.6399999856948853,0.6499999761581421,0.6299999952316284,0.6399999856948853,344100
2217,2017-03-28,0.6200000047683716,0.6399999856948853,0.6200000047683716,0.6299999952316284,380700
2218,2017-03-27,0.6200000047683716,0.6299999952316284,0.5899999737739563,0.6299999952316284,189600
2219,2017-03-24,0.6299999952316284,0.6299999952316284,0.6000000238418579,0.6100000143051147,316000
2220,2017-03-23,0.6000000238418579,0.6299999952316284,0.6000000238418579,0.6200000047683716,381500
2221,2017-03-22,0.6000000238418579,0.6100000143051147,0.5799999833106995,0.5899999737739563,619700
2222,2017-03-21,0.6399999856948853,0.6499999761581421,0.6000000238418579,0.6100000143051147,698600
2223,2017-03-20,0.6499999761581421,0.6499999761581421,0.6299999952316284,0.6499999761581421,490100
2224,2017-03-17,0.6899999976158142,0.6899999976158142,0.6499999761581421,0.6700000166893005,337300
2225,2017-03-16,0.6800000071525574,0.6899999976158142,0.6600000262260437,0.6700000166893005,563700
2226,2017-03-15,0.6499999761581421,0.6700000166893005,0.6299999952316284,0.6700000166893005,569000
2227,2017-03-14,0.6399999856948853,0.6499999761581421,0.6200000047683716,0.6499999761581421,600800
2228,2017-03-13,0.6600000262260437,0.6600000262260437,0.6499999761581421,0.6499999761581421,746500
2229,2017-03-10,0.6399999856948853,0.6600000262260437,0.6200000047683716,0.6399999856948853,518200
2230,2017-03-09,0.6399999856948853,0.6499999761581421,0.6299999952316284,0.6299999952316284,546500
2231,2017-03-08,0.6499999761581421,0.6899999976158142,0.6299999952316284,0.6499999761581421,987400
2232,2017-03-07,0.6299999952316284,0.6499999761581421,0.6200000047683716,0.6499999761581421,589300
2233,2017-03-06,0.6600000262260437,0.6700000166893005,0.6200000047683716,0.6299999952316284,988600
2234,2017-03-03,0.6600000262260437,0.6700000166893005,0.6399999856948853,0.6499999761581421,906900
2235,2017-03-02,0.6700000166893005,0.6899999976158142,0.6499999761581421,0.6600000262260437,496300
2236,2017-03-01,0.6600000262260437,0.699999988079071,0.6600000262260437,0.6700000166893005,353200
2237,2017-02-28,0.699999988079071,0.7099999785423279,0.6499999761581421,0.6899999976158142,612600
2238,2017-02-27,0.6600000262260437,0.7099999785423279,0.6399999856948853,0.699999988079071,921600
2239,2017-02-24,0.6800000071525574,0.699999988079071,0.6600000262260437,0.6700000166893005,1122200
2240,2017-02-23,0.7200000286102295,0.7200000286102295,0.699999988079071,0.699999988079071,631900
2241,2017-02-22,0.7200000286102295,0.7300000190734863,0.7099999785423279,0.7200000286102295,714600
2242,2017-02-21,0.7400000095367432,0.7599999904632568,0.7200000286102295,0.7300000190734863,1009800
2243,2017-02-17,0.75,0.7599999904632568,0.7400000095367432,0.7599999904632568,1013300
2244,2017-02-16,0.7699999809265137,0.7799999713897705,0.7400000095367432,0.75,1225400
2245,2017-02-15,0.8399999737739563,0.8399999737739563,0.7699999809265137,0.7799999713897705,1132300
2246,2017-02-14,0.8100000023841858,0.8399999737739563,0.8100000023841858,0.8299999833106995,1371700
2247,2017-02-13,0.7799999713897705,0.800000011920929,0.7799999713897705,0.800000011920929,1172000
2248,2017-02-10,0.75,0.7799999713897705,0.75,0.7799999713897705,639600
2249,2017-02-09,0.75,0.7699999809265137,0.7300000190734863,0.7400000095367432,938400
2250,2017-02-08,0.7300000190734863,0.75,0.7300000190734863,0.75,626100
2251,2017-02-07,0.7200000286102295,0.75,0.699999988079071,0.7200000286102295,634600
2252,2017-02-06,0.7200000286102295,0.7300000190734863,0.7099999785423279,0.7200000286102295,627100
2253,2017-02-03,0.699999988079071,0.7200000286102295,0.699999988079071,0.7099999785423279,422500
2254,2017-02-02,0.7400000095367432,0.7400000095367432,0.6899999976158142,0.699999988079071,952900
2255,2017-02-01,0.7200000286102295,0.7400000095367432,0.6899999976158142,0.699999988079071,896600
2256,2017-01-31,0.7099999785423279,0.75,0.7099999785423279,0.7400000095367432,625900
2257,2017-01-30,0.75,0.7599999904632568,0.7099999785423279,0.7200000286102295,1182700
2258,2017-01-27,0.7599999904632568,0.7699999809265137,0.7300000190734863,0.7400000095367432,803500
2259,2017-01-26,0.7799999713897705,0.7799999713897705,0.7400000095367432,0.7599999904632568,1063700
2260,2017-01-25,0.8100000023841858,0.8399999737739563,0.7599999904632568,0.7699999809265137,1651400
2261,2017-01-24,0.7699999809265137,0.800000011920929,0.7400000095367432,0.7900000214576721,1539900
2262,2017-01-23,0.7200000286102295,0.75,0.699999988079071,0.7400000095367432,856300
2263,2017-01-20,0.7200000286102295,0.7300000190734863,0.699999988079071,0.7099999785423279,421300
2264,2017-01-19,0.6700000166893005,0.7300000190734863,0.6600000262260437,0.7099999785423279,1175200
2265,2017-01-18,0.7400000095367432,0.7599999904632568,0.6700000166893005,0.6800000071525574,2716200
2266,2017-01-17,0.7799999713897705,0.800000011920929,0.75,0.7699999809265137,1707100
2267,2017-01-13,0.7400000095367432,0.8100000023841858,0.699999988079071,0.8100000023841858,3087300
2268,2017-01-12,0.8100000023841858,0.8199999928474426,0.7300000190734863,0.7300000190734863,3443600
2269,2017-01-11,0.6899999976158142,0.7799999713897705,0.6899999976158142,0.7799999713897705,5197600
2270,2017-01-10,0.6100000143051147,0.6899999976158142,0.6100000143051147,0.6899999976158142,1947400
2271,2017-01-09,0.6100000143051147,0.6200000047683716,0.5799999833106995,0.6000000238418579,609000
2272,2017-01-06,0.6200000047683716,0.6200000047683716,0.5899999737739563,0.6100000143051147,783700
2273,2017-01-05,0.6000000238418579,0.6200000047683716,0.6000000238418579,0.6100000143051147,1312400
2274,2017-01-04,0.5600000023841858,0.5899999737739563,0.5400000214576721,0.5899999737739563,864200
2275,2017-01-03,0.5299999713897705,0.550000011920929,0.5199999809265137,0.550000011920929,576800
2276,2016-12-30,0.5299999713897705,0.5400000214576721,0.5099999904632568,0.5099999904632568,507900
2277,2016-12-29,0.5299999713897705,0.5400000214576721,0.5299999713897705,0.5299999713897705,315600
2278,2016-12-28,0.550000011920929,0.550000011920929,0.5299999713897705,0.5299999713897705,587300
2279,2016-12-27,0.550000011920929,0.5699999928474426,0.5400000214576721,0.5600000023841858,837500
2280,2016-12-23,0.5299999713897705,0.5400000214576721,0.5199999809265137,0.5299999713897705,681100
2281,2016-12-22,0.5400000214576721,0.550000011920929,0.5199999809265137,0.5199999809265137,638300
2282,2016-12-21,0.5400000214576721,0.5400000214576721,0.5199999809265137,0.5400000214576721,457500
2283,2016-12-20,0.5299999713897705,0.5400000214576721,0.5199999809265137,0.5299999713897705,398000
2284,2016-12-19,0.5600000023841858,0.5600000023841858,0.5299999713897705,0.5299999713897705,322300
2285,2016-12-16,0.550000011920929,0.5600000023841858,0.5400000214576721,0.5600000023841858,480300
2286,2016-12-15,0.5400000214576721,0.5400000214576721,0.5299999713897705,0.5400000214576721,342600
2287,2016-12-14,0.550000011920929,0.5600000023841858,0.5199999809265137,0.5400000214576721,521500
2288,2016-12-13,0.5400000214576721,0.550000011920929,0.5199999809265137,0.5400000214576721,948400
2289,2016-12-12,0.5299999713897705,0.550000011920929,0.5299999713897705,0.5299999713897705,1016000
2290,2016-12-09,0.5,0.5400000214576721,0.5,0.5299999713897705,1805200
2291,2016-12-08,0.49000000953674316,0.49000000953674316,0.4699999988079071,0.49000000953674316,774600
2292,2016-12-07,0.44999998807907104,0.49000000953674316,0.44999998807907104,0.47999998927116394,477500
2293,2016-12-06,0.4399999976158142,0.46000000834465027,0.4399999976158142,0.46000000834465027,318200
2294,2016-12-05,0.4399999976158142,0.44999998807907104,0.4399999976158142,0.44999998807907104,303600
2295,2016-12-02,0.4399999976158142,0.46000000834465027,0.4399999976158142,0.44999998807907104,97200
2296,2016-12-01,0.4399999976158142,0.46000000834465027,0.4300000071525574,0.4399999976158142,299300
2297,2016-11-30,0.46000000834465027,0.46000000834465027,0.4300000071525574,0.4399999976158142,367300
2298,2016-11-29,0.44999998807907104,0.46000000834465027,0.4399999976158142,0.44999998807907104,550600
2299,2016-11-28,0.47999998927116394,0.47999998927116394,0.46000000834465027,0.4699999988079071,287600
2300,2016-11-25,0.46000000834465027,0.47999998927116394,0.46000000834465027,0.4699999988079071,786000
2301,2016-11-23,0.4699999988079071,0.47999998927116394,0.44999998807907104,0.4699999988079071,185100
2302,2016-11-22,0.47999998927116394,0.49000000953674316,0.4699999988079071,0.4699999988079071,506200
2303,2016-11-21,0.4699999988079071,0.49000000953674316,0.4699999988079071,0.49000000953674316,386700
2304,2016-11-18,0.47999998927116394,0.47999998927116394,0.4699999988079071,0.4699999988079071,348800
2305,2016-11-17,0.4699999988079071,0.47999998927116394,0.46000000834465027,0.47999998927116394,414300
2306,2016-11-16,0.46000000834465027,0.4699999988079071,0.44999998807907104,0.4699999988079071,445300
2307,2016-11-15,0.4399999976158142,0.46000000834465027,0.4399999976158142,0.44999998807907104,235100
2308,2016-11-14,0.4399999976158142,0.46000000834465027,0.4399999976158142,0.4399999976158142,338900
2309,2016-11-11,0.4699999988079071,0.47999998927116394,0.4300000071525574,0.4399999976158142,722500
2310,2016-11-10,0.4099999964237213,0.4699999988079071,0.4099999964237213,0.44999998807907104,1590200
2311,2016-11-09,0.4000000059604645,0.4099999964237213,0.38999998569488525,0.4099999964237213,193300
2312,2016-11-08,0.38999998569488525,0.4099999964237213,0.38999998569488525,0.4099999964237213,549800
2313,2016-11-07,0.38999998569488525,0.4000000059604645,0.3799999952316284,0.38999998569488525,349200
2314,2016-11-04,0.3700000047683716,0.38999998569488525,0.3700000047683716,0.3799999952316284,328000
2315,2016-11-03,0.3700000047683716,0.3799999952316284,0.3700000047683716,0.3700000047683716,483500
2316,2016-11-02,0.4099999964237213,0.4099999964237213,0.3700000047683716,0.3700000047683716,1253900
2317,2016-11-01,0.4000000059604645,0.4099999964237213,0.4000000059604645,0.4000000059604645,271700
2318,2016-10-31,0.4099999964237213,0.41999998688697815,0.4000000059604645,0.4000000059604645,461200
2319,2016-10-28,0.4300000071525574,0.4300000071525574,0.4099999964237213,0.41999998688697815,210700
2320,2016-10-27,0.41999998688697815,0.4300000071525574,0.41999998688697815,0.4300000071525574,152900
2321,2016-10-26,0.41999998688697815,0.4300000071525574,0.41999998688697815,0.4300000071525574,128400
2322,2016-10-25,0.4300000071525574,0.4300000071525574,0.41999998688697815,0.4300000071525574,162400
2323,2016-10-24,0.4399999976158142,0.4399999976158142,0.41999998688697815,0.4300000071525574,369300
2324,2016-10-21,0.4300000071525574,0.4399999976158142,0.4300000071525574,0.4399999976158142,77400
2325,2016-10-20,0.4300000071525574,0.4399999976158142,0.4300000071525574,0.4300000071525574,512700
2326,2016-10-19,0.44999998807907104,0.44999998807907104,0.4300000071525574,0.4399999976158142,138400
2327,2016-10-18,0.4399999976158142,0.44999998807907104,0.4300000071525574,0.4399999976158142,301500
2328,2016-10-17,0.4399999976158142,0.44999998807907104,0.4000000059604645,0.41999998688697815,638900
2329,2016-10-14,0.44999998807907104,0.44999998807907104,0.4399999976158142,0.4399999976158142,137900
2330,2016-10-13,0.4399999976158142,0.44999998807907104,0.4399999976158142,0.44999998807907104,205100
2331,2016-10-12,0.44999998807907104,0.44999998807907104,0.4399999976158142,0.44999998807907104,118900
2332,2016-10-11,0.44999998807907104,0.4699999988079071,0.44999998807907104,0.44999998807907104,63100
2333,2016-10-10,0.44999998807907104,0.46000000834465027,0.4099999964237213,0.4399999976158142,449400
2334,2016-10-07,0.46000000834465027,0.4699999988079071,0.44999998807907104,0.4699999988079071,331900
2335,2016-10-06,0.44999998807907104,0.46000000834465027,0.44999998807907104,0.46000000834465027,242800
2336,2016-10-05,0.44999998807907104,0.4699999988079071,0.4399999976158142,0.46000000834465027,628700
2337,2016-10-04,0.46000000834465027,0.4699999988079071,0.44999998807907104,0.46000000834465027,132500
2338,2016-10-03,0.46000000834465027,0.4699999988079071,0.46000000834465027,0.4699999988079071,210100
2339,2016-09-30,0.46000000834465027,0.47999998927116394,0.46000000834465027,0.4699999988079071,98200
2340,2016-09-29,0.4699999988079071,0.47999998927116394,0.46000000834465027,0.46000000834465027,224900
2341,2016-09-28,0.47999998927116394,0.47999998927116394,0.4699999988079071,0.4699999988079071,89100
2342,2016-09-27,0.46000000834465027,0.47999998927116394,0.46000000834465027,0.47999998927116394,173800
2343,2016-09-26,0.47999998927116394,0.47999998927116394,0.46000000834465027,0.4699999988079071,188900
2344,2016-09-23,0.47999998927116394,0.47999998927116394,0.4699999988079071,0.47999998927116394,161600
2345,2016-09-22,0.47999998927116394,0.49000000953674316,0.47999998927116394,0.47999998927116394,150200
2346,2016-09-21,0.4699999988079071,0.47999998927116394,0.4699999988079071,0.47999998927116394,106600
2347,2016-09-20,0.4699999988079071,0.47999998927116394,0.46000000834465027,0.4699999988079071,214600
2348,2016-09-19,0.47999998927116394,0.47999998927116394,0.46000000834465027,0.4699999988079071,156900
2349,2016-09-16,0.4699999988079071,0.47999998927116394,0.4699999988079071,0.4699999988079071,236100
2350,2016-09-15,0.49000000953674316,0.49000000953674316,0.4699999988079071,0.47999998927116394,386700
2351,2016-09-14,0.47999998927116394,0.5,0.47999998927116394,0.47999998927116394,262700
2352,2016-09-13,0.5099999904632568,0.5199999809265137,0.49000000953674316,0.5,510800
2353,2016-09-12,0.5099999904632568,0.5299999713897705,0.5099999904632568,0.5199999809265137,272000
2354,2016-09-09,0.5199999809265137,0.5299999713897705,0.5099999904632568,0.5099999904632568,221700
2355,2016-09-08,0.5299999713897705,0.5400000214576721,0.5199999809265137,0.5299999713897705,107300
2356,2016-09-07,0.5299999713897705,0.5400000214576721,0.5199999809265137,0.5299999713897705,168000
2357,2016-09-06,0.5099999904632568,0.5400000214576721,0.5099999904632568,0.5299999713897705,266100
2358,2016-09-02,0.5,0.5199999809265137,0.5,0.5199999809265137,134900
2359,2016-09-01,0.5,0.5099999904632568,0.49000000953674316,0.5099999904632568,225500
2360,2016-08-31,0.5,0.5099999904632568,0.5,0.5,245500
2361,2016-08-30,0.5,0.5099999904632568,0.5,0.5099999904632568,220300
2362,2016-08-29,0.5099999904632568,0.5199999809265137,0.5099999904632568,0.5099999904632568,192600
2363,2016-08-26,0.5099999904632568,0.5299999713897705,0.5099999904632568,0.5099999904632568,263500
2364,2016-08-25,0.5199999809265137,0.5199999809265137,0.5099999904632568,0.5199999809265137,293400
2365,2016-08-24,0.5199999809265137,0.5299999713897705,0.5099999904632568,0.5099999904632568,575000
2366,2016-08-23,0.5199999809265137,0.5299999713897705,0.5199999809265137,0.5199999809265137,141300
2367,2016-08-22,0.5299999713897705,0.5299999713897705,0.5199999809265137,0.5199999809265137,378500
2368,2016-08-19,0.5400000214576721,0.5400000214576721,0.5199999809265137,0.5199999809265137,179200
2369,2016-08-18,0.5299999713897705,0.5400000214576721,0.5199999809265137,0.5299999713897705,336500
2370,2016-08-17,0.5299999713897705,0.5400000214576721,0.5299999713897705,0.5299999713897705,87900
2371,2016-08-16,0.5299999713897705,0.5400000214576721,0.5199999809265137,0.5199999809265137,215600
2372,2016-08-15,0.5299999713897705,0.5400000214576721,0.5199999809265137,0.5299999713897705,206800
2373,2016-08-12,0.5299999713897705,0.5400000214576721,0.5199999809265137,0.5299999713897705,405000
2374,2016-08-11,0.5,0.5400000214576721,0.5,0.5299999713897705,597200
2375,2016-08-10,0.5,0.5199999809265137,0.5,0.5099999904632568,141300
2376,2016-08-09,0.5199999809265137,0.5199999809265137,0.5,0.5099999904632568,266900
2377,2016-08-08,0.5,0.5199999809265137,0.49000000953674316,0.5199999809265137,404600
2378,2016-08-05,0.5099999904632568,0.5199999809265137,0.5,0.5,401800
2379,2016-08-04,0.5299999713897705,0.5299999713897705,0.5,0.5099999904632568,479700
2380,2016-08-03,0.5199999809265137,0.5299999713897705,0.5099999904632568,0.5299999713897705,118400
2381,2016-08-02,0.5199999809265137,0.5400000214576721,0.5199999809265137,0.5199999809265137,378900
2382,2016-08-01,0.5199999809265137,0.5400000214576721,0.5099999904632568,0.5099999904632568,595500
2383,2016-07-29,0.5400000214576721,0.5400000214576721,0.5199999809265137,0.5299999713897705,932700
2384,2016-07-28,0.5400000214576721,0.550000011920929,0.5299999713897705,0.5299999713897705,149600
2385,2016-07-27,0.550000011920929,0.550000011920929,0.5400000214576721,0.550000011920929,349100
2386,2016-07-26,0.5299999713897705,0.550000011920929,0.5299999713897705,0.5400000214576721,389300
2387,2016-07-25,0.550000011920929,0.550000011920929,0.5299999713897705,0.5299999713897705,192000
2388,2016-07-22,0.550000011920929,0.5600000023841858,0.5400000214576721,0.550000011920929,89900
2389,2016-07-21,0.5600000023841858,0.5600000023841858,0.550000011920929,0.550000011920929,85200
2390,2016-07-20,0.5600000023841858,0.5600000023841858,0.5400000214576721,0.550000011920929,72400
2391,2016-07-19,0.5600000023841858,0.5600000023841858,0.550000011920929,0.550000011920929,172200
2392,2016-07-18,0.5600000023841858,0.5699999928474426,0.5400000214576721,0.5600000023841858,138300
2393,2016-07-15,0.5600000023841858,0.5600000023841858,0.550000011920929,0.5600000023841858,111500
2394,2016-07-14,0.5600000023841858,0.5600000023841858,0.550000011920929,0.5600000023841858,206300
2395,2016-07-13,0.5699999928474426,0.5799999833106995,0.550000011920929,0.5600000023841858,225400
2396,2016-07-12,0.5299999713897705,0.5799999833106995,0.5299999713897705,0.5699999928474426,468500
2397,2016-07-11,0.5299999713897705,0.5400000214576721,0.5299999713897705,0.5400000214576721,356100
2398,2016-07-08,0.5299999713897705,0.550000011920929,0.5299999713897705,0.5299999713897705,364600
2399,2016-07-07,0.5299999713897705,0.550000011920929,0.5299999713897705,0.5400000214576721,204300
2400,2016-07-06,0.550000011920929,0.550000011920929,0.5299999713897705,0.5400000214576721,364700
2401,2016-07-05,0.5600000023841858,0.5699999928474426,0.5400000214576721,0.5400000214576721,162500
2402,2016-07-01,0.550000011920929,0.5600000023841858,0.5299999713897705,0.550000011920929,213900
2403,2016-06-30,0.5299999713897705,0.550000011920929,0.5299999713897705,0.550000011920929,247300
2404,2016-06-29,0.5199999809265137,0.550000011920929,0.5199999809265137,0.5299999713897705,213600
2405,2016-06-28,0.5099999904632568,0.5400000214576721,0.5099999904632568,0.5400000214576721,218900
2406,2016-06-27,0.5400000214576721,0.550000011920929,0.5,0.5199999809265137,624900
2407,2016-06-24,0.5600000023841858,0.5699999928474426,0.5400000214576721,0.5400000214576721,319600
2408,2016-06-23,0.5600000023841858,0.5899999737739563,0.5600000023841858,0.5799999833106995,169100
2409,2016-06-22,0.5600000023841858,0.5899999737739563,0.550000011920929,0.5600000023841858,170500
2410,2016-06-21,0.5799999833106995,0.5899999737739563,0.550000011920929,0.5699999928474426,229700
2411,2016-06-20,0.5799999833106995,0.5799999833106995,0.5699999928474426,0.5799999833106995,366300
2412,2016-06-17,0.5600000023841858,0.5699999928474426,0.5600000023841858,0.5699999928474426,141600
2413,2016-06-16,0.550000011920929,0.5600000023841858,0.5400000214576721,0.550000011920929,268100
2414,2016-06-15,0.550000011920929,0.5699999928474426,0.5400000214576721,0.5600000023841858,161600
2415,2016-06-14,0.5400000214576721,0.5600000023841858,0.5299999713897705,0.5400000214576721,401700
2416,2016-06-13,0.550000011920929,0.5600000023841858,0.550000011920929,0.550000011920929,378400
2417,2016-06-10,0.5699999928474426,0.5799999833106995,0.550000011920929,0.5600000023841858,493200
2418,2016-06-09,0.5600000023841858,0.5799999833106995,0.5600000023841858,0.5799999833106995,633400
2419,2016-06-08,0.5799999833106995,0.5899999737739563,0.5600000023841858,0.5699999928474426,375400
2420,2016-06-07,0.5600000023841858,0.5799999833106995,0.550000011920929,0.5600000023841858,1159000
2421,2016-06-06,0.550000011920929,0.550000011920929,0.5199999809265137,0.5400000214576721,1032700
2422,2016-06-03,0.5199999809265137,0.5400000214576721,0.5099999904632568,0.5199999809265137,618300
2423,2016-06-02,0.49000000953674316,0.5199999809265137,0.49000000953674316,0.5099999904632568,609200
2424,2016-06-01,0.49000000953674316,0.5,0.47999998927116394,0.49000000953674316,142300
2425,2016-05-31,0.47999998927116394,0.49000000953674316,0.47999998927116394,0.49000000953674316,160900
2426,2016-05-27,0.49000000953674316,0.49000000953674316,0.47999998927116394,0.47999998927116394,139200
2427,2016-05-26,0.49000000953674316,0.5,0.47999998927116394,0.49000000953674316,188100
2428,2016-05-25,0.49000000953674316,0.5099999904632568,0.47999998927116394,0.47999998927116394,242800
2429,2016-05-24,0.5,0.5,0.47999998927116394,0.47999998927116394,161400
2430,2016-05-23,0.5,0.5,0.47999998927116394,0.5,114800
2431,2016-05-20,0.5,0.5,0.47999998927116394,0.49000000953674316,182300
2432,2016-05-19,0.49000000953674316,0.5099999904632568,0.4699999988079071,0.5099999904632568,217000
2433,2016-05-18,0.5099999904632568,0.5199999809265137,0.49000000953674316,0.5,166900
2434,2016-05-17,0.5299999713897705,0.5299999713897705,0.5,0.5199999809265137,243800
2435,2016-05-16,0.49000000953674316,0.5099999904632568,0.49000000953674316,0.5,348600
2436,2016-05-13,0.5099999904632568,0.5099999904632568,0.4699999988079071,0.5,340700
2437,2016-05-12,0.5199999809265137,0.5400000214576721,0.5,0.5,292100
2438,2016-05-11,0.5099999904632568,0.5299999713897705,0.5099999904632568,0.5299999713897705,180800
2439,2016-05-10,0.5199999809265137,0.5199999809265137,0.5099999904632568,0.5199999809265137,96800
2440,2016-05-09,0.5400000214576721,0.5400000214576721,0.5099999904632568,0.5199999809265137,353500
2441,2016-05-06,0.5299999713897705,0.5400000214576721,0.5199999809265137,0.5299999713897705,269800
2442,2016-05-05,0.5199999809265137,0.5299999713897705,0.5199999809265137,0.5199999809265137,236000
2443,2016-05-04,0.5299999713897705,0.5600000023841858,0.5099999904632568,0.5099999904632568,644600
2444,2016-05-03,0.5899999737739563,0.5899999737739563,0.550000011920929,0.550000011920929,912700
2445,2016-05-02,0.6000000238418579,0.6100000143051147,0.5699999928474426,0.5899999737739563,694000
2446,2016-04-29,0.6399999856948853,0.6399999856948853,0.5899999737739563,0.6000000238418579,455500
2447,2016-04-28,0.6100000143051147,0.6299999952316284,0.6100000143051147,0.6299999952316284,266500
2448,2016-04-27,0.5799999833106995,0.6100000143051147,0.5799999833106995,0.6000000238418579,854300
2449,2016-04-26,0.5899999737739563,0.6000000238418579,0.5600000023841858,0.5799999833106995,481100
2450,2016-04-25,0.6200000047683716,0.6200000047683716,0.5899999737739563,0.6000000238418579,515200
2451,2016-04-22,0.6299999952316284,0.6299999952316284,0.6000000238418579,0.6200000047683716,865900
2452,2016-04-21,0.6200000047683716,0.6399999856948853,0.6100000143051147,0.6200000047683716,364100
2453,2016-04-20,0.6499999761581421,0.6499999761581421,0.6200000047683716,0.6200000047683716,648100
2454,2016-04-19,0.6499999761581421,0.6700000166893005,0.6399999856948853,0.6600000262260437,592500
2455,2016-04-18,0.6200000047683716,0.6499999761581421,0.6200000047683716,0.6499999761581421,500100
2456,2016-04-15,0.6299999952316284,0.6399999856948853,0.6100000143051147,0.6200000047683716,605200
2457,2016-04-14,0.6600000262260437,0.6600000262260437,0.6100000143051147,0.6299999952316284,437300
2458,2016-04-13,0.6499999761581421,0.6700000166893005,0.6399999856948853,0.6499999761581421,705500
2459,2016-04-12,0.6000000238418579,0.6399999856948853,0.5899999737739563,0.6399999856948853,1251800
2460,2016-04-11,0.5699999928474426,0.5899999737739563,0.5699999928474426,0.5799999833106995,499500
2461,2016-04-08,0.550000011920929,0.5799999833106995,0.550000011920929,0.5600000023841858,240000
2462,2016-04-07,0.5600000023841858,0.5699999928474426,0.5400000214576721,0.550000011920929,294800
2463,2016-04-06,0.550000011920929,0.5699999928474426,0.5400000214576721,0.550000011920929,523800
2464,2016-04-05,0.5299999713897705,0.550000011920929,0.5199999809265137,0.5299999713897705,417500
2465,2016-04-04,0.5699999928474426,0.5699999928474426,0.5299999713897705,0.5400000214576721,372400
2466,2016-04-01,0.5699999928474426,0.5699999928474426,0.550000011920929,0.5600000023841858,325500
2467,2016-03-31,0.5400000214576721,0.5600000023841858,0.5400000214576721,0.550000011920929,234500
2468,2016-03-30,0.5199999809265137,0.5699999928474426,0.5199999809265137,0.5400000214576721,632500
2469,2016-03-29,0.5299999713897705,0.5400000214576721,0.5099999904632568,0.5299999713897705,337200
2470,2016-03-28,0.5099999904632568,0.5199999809265137,0.5099999904632568,0.5199999809265137,165300
2471,2016-03-24,0.5099999904632568,0.5199999809265137,0.5,0.5099999904632568,321900
2472,2016-03-23,0.5299999713897705,0.550000011920929,0.5099999904632568,0.5099999904632568,560400
2473,2016-03-22,0.5600000023841858,0.5699999928474426,0.550000011920929,0.5600000023841858,351100
2474,2016-03-21,0.5799999833106995,0.5799999833106995,0.550000011920929,0.5699999928474426,530300
2475,2016-03-18,0.550000011920929,0.5899999737739563,0.5299999713897705,0.550000011920929,2110400
2476,2016-03-17,0.5,0.5600000023841858,0.5,0.5400000214576721,1431900
2477,2016-03-16,0.49000000953674316,0.5099999904632568,0.47999998927116394,0.5099999904632568,894000
2478,2016-03-15,0.49000000953674316,0.49000000953674316,0.47999998927116394,0.49000000953674316,617800
2479,2016-03-14,0.49000000953674316,0.5,0.49000000953674316,0.49000000953674316,251800
2480,2016-03-11,0.4699999988079071,0.5,0.4699999988079071,0.5,777700
2481,2016-03-10,0.49000000953674316,0.49000000953674316,0.4699999988079071,0.4699999988079071,507100
2482,2016-03-09,0.49000000953674316,0.5,0.47999998927116394,0.49000000953674316,138700
2483,2016-03-08,0.5,0.5,0.47999998927116394,0.47999998927116394,942100
2484,2016-03-07,0.47999998927116394,0.5099999904632568,0.47999998927116394,0.5099999904632568,826100
2485,2016-03-04,0.49000000953674316,0.5099999904632568,0.47999998927116394,0.5,1028700
2486,2016-03-03,0.4699999988079071,0.49000000953674316,0.46000000834465027,0.47999998927116394,663400
2487,2016-03-02,0.4399999976158142,0.4699999988079071,0.4399999976158142,0.4699999988079071,181500
2488,2016-03-01,0.46000000834465027,0.4699999988079071,0.4399999976158142,0.46000000834465027,210400
2489,2016-02-29,0.4399999976158142,0.46000000834465027,0.4399999976158142,0.46000000834465027,78400
2490,2016-02-26,0.44999998807907104,0.46000000834465027,0.4399999976158142,0.4399999976158142,121800
2491,2016-02-25,0.44999998807907104,0.46000000834465027,0.4300000071525574,0.4399999976158142,201400
2492,2016-02-24,0.46000000834465027,0.46000000834465027,0.4399999976158142,0.44999998807907104,176600
2493,2016-02-23,0.47999998927116394,0.47999998927116394,0.44999998807907104,0.46000000834465027,495000
2494,2016-02-22,0.4699999988079071,0.49000000953674316,0.4699999988079071,0.47999998927116394,393200
2495,2016-02-19,0.47999998927116394,0.47999998927116394,0.46000000834465027,0.46000000834465027,447000
2496,2016-02-18,0.47999998927116394,0.49000000953674316,0.4699999988079071,0.47999998927116394,356300
2497,2016-02-17,0.46000000834465027,0.47999998927116394,0.46000000834465027,0.47999998927116394,905200
2498,2016-02-16,0.4399999976158142,0.46000000834465027,0.4399999976158142,0.46000000834465027,400400
2499,2016-02-12,0.4300000071525574,0.4399999976158142,0.41999998688697815,0.4300000071525574,446400
2500,2016-02-11,0.4099999964237213,0.4300000071525574,0.4099999964237213,0.41999998688697815,216400
2501,2016-02-10,0.4399999976158142,0.4399999976158142,0.4099999964237213,0.4099999964237213,313500
2502,2016-02-09,0.4300000071525574,0.4399999976158142,0.4099999964237213,0.41999998688697815,494100
2503,2016-02-08,0.4399999976158142,0.4399999976158142,0.41999998688697815,0.4300000071525574,626100
2504,2016-02-05,0.44999998807907104,0.46000000834465027,0.4399999976158142,0.44999998807907104,323700
2505,2016-02-04,0.46000000834465027,0.4699999988079071,0.44999998807907104,0.46000000834465027,199100
2506,2016-02-03,0.44999998807907104,0.46000000834465027,0.4399999976158142,0.46000000834465027,305300
2507,2016-02-02,0.46000000834465027,0.46000000834465027,0.4399999976158142,0.44999998807907104,425000
2508,2016-02-01,0.44999998807907104,0.4699999988079071,0.44999998807907104,0.4699999988079071,506500
2509,2016-01-29,0.4399999976158142,0.44999998807907104,0.4300000071525574,0.44999998807907104,350600
2510,2016-01-28,0.4300000071525574,0.44999998807907104,0.4300000071525574,0.4399999976158142,373000
2511,2016-01-27,0.41999998688697815,0.4300000071525574,0.4099999964237213,0.4300000071525574,262500
2512,2016-01-26,0.4099999964237213,0.41999998688697815,0.4000000059604645,0.41999998688697815,330400
2513,2016-01-25,0.4099999964237213,0.41999998688697815,0.4000000059604645,0.4099999964237213,163400
2514,2016-01-22,0.38999998569488525,0.4099999964237213,0.38999998569488525,0.4099999964237213,383300
2515,2016-01-21,0.3799999952316284,0.38999998569488525,0.3700000047683716,0.3799999952316284,392300
2516,2016-01-20,0.3799999952316284,0.38999998569488525,0.36000001430511475,0.3799999952316284,727500
2517,2016-01-19,0.4000000059604645,0.41999998688697815,0.3799999952316284,0.38999998569488525,555600
2518,2016-01-15,0.41999998688697815,0.41999998688697815,0.38999998569488525,0.4000000059604645,315100
2519,2016-01-14,0.4099999964237213,0.41999998688697815,0.4000000059604645,0.4099999964237213,367100
2520,2016-01-13,0.4300000071525574,0.4300000071525574,0.4099999964237213,0.4099999964237213,268500
2521,2016-01-12,0.44999998807907104,0.44999998807907104,0.41999998688697815,0.4300000071525574,468600
2522,2016-01-11,0.46000000834465027,0.4699999988079071,0.4300000071525574,0.4399999976158142,353300
2523,2016-01-08,0.4300000071525574,0.44999998807907104,0.4300000071525574,0.4399999976158142,340800
2524,2016-01-07,0.46000000834465027,0.46000000834465027,0.41999998688697815,0.4300000071525574,948900
2525,2016-01-06,0.47999998927116394,0.47999998927116394,0.46000000834465027,0.4699999988079071,589800
2526,2016-01-05,0.4699999988079071,0.49000000953674316,0.4699999988079071,0.47999998927116394,141000
2527,2016-01-04,0.5,0.5,0.4699999988079071,0.47999998927116394,556800
2528,2015-12-31,0.44999998807907104,0.5,0.4399999976158142,0.5,905500
2529,2015-12-30,0.4399999976158142,0.44999998807907104,0.4399999976158142,0.44999998807907104,542800
2530,2015-12-29,0.4399999976158142,0.46000000834465027,0.4300000071525574,0.44999998807907104,663300
2531,2015-12-28,0.4399999976158142,0.44999998807907104,0.4399999976158142,0.4399999976158142,317700
2532,2015-12-24,0.4300000071525574,0.4399999976158142,0.4300000071525574,0.4300000071525574,96600
2533,2015-12-23,0.44999998807907104,0.44999998807907104,0.4300000071525574,0.4300000071525574,596700
2534,2015-12-22,0.4300000071525574,0.44999998807907104,0.4300000071525574,0.4399999976158142,483900
2535,2015-12-21,0.4099999964237213,0.4399999976158142,0.4000000059604645,0.4300000071525574,851400
2536,2015-12-18,0.3700000047683716,0.4000000059604645,0.3700000047683716,0.4000000059604645,510200
2537,2015-12-17,0.3700000047683716,0.3799999952316284,0.3700000047683716,0.3799999952316284,1091600
2538,2015-12-16,0.3799999952316284,0.38999998569488525,0.3700000047683716,0.3700000047683716,558100
2539,2015-12-15,0.3700000047683716,0.38999998569488525,0.36000001430511475,0.3799999952316284,497800
2540,2015-12-14,0.3700000047683716,0.3700000047683716,0.3700000047683716,0.3700000047683716,244800
2541,2015-12-11,0.3799999952316284,0.3799999952316284,0.3700000047683716,0.3700000047683716,564000
2542,2015-12-10,0.3499999940395355,0.3799999952316284,0.3499999940395355,0.3700000047683716,969700
2543,2015-12-09,0.36000001430511475,0.3700000047683716,0.3499999940395355,0.3499999940395355,301500
2544,2015-12-08,0.36000001430511475,0.36000001430511475,0.3499999940395355,0.36000001430511475,439400
2545,2015-12-07,0.3700000047683716,0.3700000047683716,0.36000001430511475,0.36000001430511475,667000
2546,2015-12-04,0.38999998569488525,0.38999998569488525,0.3700000047683716,0.3700000047683716,373300
2547,2015-12-03,0.3799999952316284,0.38999998569488525,0.3700000047683716,0.3700000047683716,210300
2548,2015-12-02,0.4000000059604645,0.4099999964237213,0.3799999952316284,0.3799999952316284,403900
2549,2015-12-01,0.4000000059604645,0.4099999964237213,0.3799999952316284,0.4000000059604645,1117000
2550,2015-11-30,0.3700000047683716,0.38999998569488525,0.3700000047683716,0.38999998569488525,415700
2551,2015-11-27,0.38999998569488525,0.38999998569488525,0.3700000047683716,0.3799999952316284,235200
2552,2015-11-25,0.3700000047683716,0.4000000059604645,0.3700000047683716,0.3799999952316284,680000
2553,2015-11-24,0.3700000047683716,0.3799999952316284,0.36000001430511475,0.3700000047683716,414000
2554,2015-11-23,0.3799999952316284,0.3799999952316284,0.36000001430511475,0.3700000047683716,320800
2555,2015-11-20,0.3799999952316284,0.3799999952316284,0.3700000047683716,0.3700000047683716,199200
2556,2015-11-19,0.38999998569488525,0.38999998569488525,0.3700000047683716,0.3799999952316284,388800
2557,2015-11-18,0.38999998569488525,0.38999998569488525,0.3700000047683716,0.3799999952316284,484400
2558,2015-11-17,0.38999998569488525,0.38999998569488525,0.3700000047683716,0.38999998569488525,372400
2559,2015-11-16,0.3799999952316284,0.4000000059604645,0.3700000047683716,0.38999998569488525,271000
2560,2015-11-13,0.4000000059604645,0.4099999964237213,0.38999998569488525,0.38999998569488525,526400
2561,2015-11-12,0.4099999964237213,0.4099999964237213,0.4000000059604645,0.4000000059604645,233500
2562,2015-11-11,0.4000000059604645,0.4099999964237213,0.4000000059604645,0.4099999964237213,349500
2563,2015-11-10,0.4099999964237213,0.41999998688697815,0.4000000059604645,0.4000000059604645,427800
2564,2015-11-09,0.4099999964237213,0.4099999964237213,0.4000000059604645,0.4099999964237213,215200
2565,2015-11-06,0.4300000071525574,0.4300000071525574,0.4000000059604645,0.4099999964237213,187000
2566,2015-11-05,0.41999998688697815,0.4300000071525574,0.41999998688697815,0.41999998688697815,160600
2567,2015-11-04,0.41999998688697815,0.4300000071525574,0.4099999964237213,0.41999998688697815,456300
2568,2015-11-03,0.38999998569488525,0.41999998688697815,0.38999998569488525,0.4099999964237213,674700
2569,2015-11-02,0.4099999964237213,0.41999998688697815,0.38999998569488525,0.38999998569488525,687300
2570,2015-10-30,0.4399999976158142,0.4399999976158142,0.4099999964237213,0.4099999964237213,427200
2571,2015-10-29,0.4300000071525574,0.4399999976158142,0.4300000071525574,0.4300000071525574,156800
2572,2015-10-28,0.4399999976158142,0.46000000834465027,0.4300000071525574,0.4300000071525574,314800
2573,2015-10-27,0.4399999976158142,0.46000000834465027,0.41999998688697815,0.4300000071525574,286500
2574,2015-10-26,0.4300000071525574,0.4699999988079071,0.4300000071525574,0.4399999976158142,217700
2575,2015-10-23,0.4300000071525574,0.4399999976158142,0.41999998688697815,0.4399999976158142,504200
2576,2015-10-22,0.46000000834465027,0.46000000834465027,0.41999998688697815,0.4399999976158142,548700
2577,2015-10-21,0.4699999988079071,0.49000000953674316,0.44999998807907104,0.46000000834465027,391000
2578,2015-10-20,0.49000000953674316,0.5,0.49000000953674316,0.49000000953674316,312200
2579,2015-10-19,0.5199999809265137,0.5299999713897705,0.47999998927116394,0.49000000953674316,589200
2580,2015-10-16,0.5400000214576721,0.550000011920929,0.5299999713897705,0.5299999713897705,386300
2581,2015-10-15,0.5,0.5600000023841858,0.5,0.5400000214576721,677400
2582,2015-10-14,0.5099999904632568,0.5299999713897705,0.49000000953674316,0.5299999713897705,559700
2583,2015-10-13,0.49000000953674316,0.5299999713897705,0.49000000953674316,0.5099999904632568,854700
2584,2015-10-12,0.5199999809265137,0.5199999809265137,0.49000000953674316,0.5,206700
2585,2015-10-09,0.5199999809265137,0.5299999713897705,0.47999998927116394,0.5299999713897705,779400
2586,2015-10-08,0.49000000953674316,0.5199999809265137,0.4699999988079071,0.5099999904632568,1099300
2587,2015-10-07,0.46000000834465027,0.49000000953674316,0.44999998807907104,0.49000000953674316,923200
2588,2015-10-06,0.4399999976158142,0.44999998807907104,0.4300000071525574,0.44999998807907104,832200
2589,2015-10-05,0.4000000059604645,0.44999998807907104,0.4000000059604645,0.4399999976158142,1098400
2590,2015-10-02,0.3799999952316284,0.4000000059604645,0.3799999952316284,0.4000000059604645,456100
2591,2015-10-01,0.4000000059604645,0.4099999964237213,0.3700000047683716,0.3799999952316284,1223400
2592,2015-09-30,0.3700000047683716,0.4000000059604645,0.3700000047683716,0.3799999952316284,636200
2593,2015-09-29,0.3700000047683716,0.38999998569488525,0.36000001430511475,0.3700000047683716,1271000
2594,2015-09-28,0.4000000059604645,0.4000000059604645,0.3700000047683716,0.3700000047683716,782500
2595,2015-09-25,0.4000000059604645,0.41999998688697815,0.38999998569488525,0.38999998569488525,1093300
2596,2015-09-24,0.4099999964237213,0.4099999964237213,0.4000000059604645,0.4099999964237213,375300
2597,2015-09-23,0.41999998688697815,0.41999998688697815,0.4099999964237213,0.4099999964237213,269700
2598,2015-09-22,0.41999998688697815,0.41999998688697815,0.38999998569488525,0.41999998688697815,1005300
2599,2015-09-21,0.4399999976158142,0.4399999976158142,0.41999998688697815,0.41999998688697815,319100
2600,2015-09-18,0.44999998807907104,0.44999998807907104,0.41999998688697815,0.4399999976158142,372800
2601,2015-09-17,0.44999998807907104,0.44999998807907104,0.4399999976158142,0.4399999976158142,413200
2602,2015-09-16,0.4300000071525574,0.46000000834465027,0.4300000071525574,0.44999998807907104,854300
2603,2015-09-15,0.4300000071525574,0.44999998807907104,0.4300000071525574,0.4300000071525574,413000
2604,2015-09-14,0.44999998807907104,0.44999998807907104,0.4300000071525574,0.4399999976158142,763500
2605,2015-09-11,0.46000000834465027,0.46000000834465027,0.4399999976158142,0.44999998807907104,388900
2606,2015-09-10,0.4699999988079071,0.47999998927116394,0.46000000834465027,0.4699999988079071,319600
2607,2015-09-09,0.49000000953674316,0.49000000953674316,0.46000000834465027,0.4699999988079071,1132000
2608,2015-09-08,0.47999998927116394,0.5,0.47999998927116394,0.5,923800
2609,2015-09-04,0.4699999988079071,0.49000000953674316,0.4699999988079071,0.4699999988079071,347400
2610,2015-09-03,0.47999998927116394,0.49000000953674316,0.46000000834465027,0.49000000953674316,774200
2611,2015-09-02,0.4699999988079071,0.49000000953674316,0.46000000834465027,0.4699999988079071,887400
2612,2015-09-01,0.47999998927116394,0.5,0.47999998927116394,0.49000000953674316,786800
2613,2015-08-31,0.47999998927116394,0.5,0.4699999988079071,0.49000000953674316,1051000
2614,2015-08-28,0.46000000834465027,0.49000000953674316,0.46000000834465027,0.49000000953674316,591100
2615,2015-08-27,0.4300000071525574,0.46000000834465027,0.41999998688697815,0.46000000834465027,1087600
2616,2015-08-26,0.44999998807907104,0.44999998807907104,0.4099999964237213,0.4300000071525574,1129400
2617,2015-08-25,0.46000000834465027,0.4699999988079071,0.4300000071525574,0.4300000071525574,732000
2618,2015-08-24,0.46000000834465027,0.4699999988079071,0.4300000071525574,0.4399999976158142,1274400
2619,2015-08-21,0.47999998927116394,0.5,0.46000000834465027,0.49000000953674316,1051700
2620,2015-08-20,0.49000000953674316,0.5,0.4699999988079071,0.47999998927116394,465000
2621,2015-08-19,0.5099999904632568,0.5099999904632568,0.49000000953674316,0.49000000953674316,737900
2622,2015-08-18,0.5199999809265137,0.5199999809265137,0.5,0.5199999809265137,329800
2623,2015-08-17,0.5099999904632568,0.5299999713897705,0.5099999904632568,0.5099999904632568,568800
2624,2015-08-14,0.5,0.5199999809265137,0.5,0.5099999904632568,884200
2625,2015-08-13,0.5199999809265137,0.5199999809265137,0.5,0.5,373600
2626,2015-08-12,0.5099999904632568,0.5299999713897705,0.5,0.5199999809265137,393200
2627,2015-08-11,0.5299999713897705,0.5400000214576721,0.5099999904632568,0.5099999904632568,1165100
2628,2015-08-10,0.49000000953674316,0.5600000023841858,0.47999998927116394,0.5400000214576721,1100300
2629,2015-08-07,0.5,0.5,0.4699999988079071,0.49000000953674316,378300
2630,2015-08-06,0.5,0.5099999904632568,0.47999998927116394,0.5,377000
2631,2015-08-05,0.5,0.5099999904632568,0.49000000953674316,0.5,365100
2632,2015-08-04,0.5400000214576721,0.5400000214576721,0.5,0.5,439400
2633,2015-08-03,0.5400000214576721,0.550000011920929,0.5299999713897705,0.5400000214576721,620300
2634,2015-07-31,0.5099999904632568,0.5400000214576721,0.5099999904632568,0.5299999713897705,906800
2635,2015-07-30,0.49000000953674316,0.5199999809265137,0.49000000953674316,0.5,748000
2636,2015-07-29,0.4699999988079071,0.5099999904632568,0.46000000834465027,0.47999998927116394,1457800
2637,2015-07-28,0.44999998807907104,0.4699999988079071,0.4300000071525574,0.46000000834465027,1371900
2638,2015-07-27,0.47999998927116394,0.49000000953674316,0.4300000071525574,0.4399999976158142,884900
2639,2015-07-24,0.5,0.5099999904632568,0.47999998927116394,0.49000000953674316,549500
2640,2015-07-23,0.5199999809265137,0.5299999713897705,0.49000000953674316,0.5099999904632568,552000
2641,2015-07-22,0.5199999809265137,0.5299999713897705,0.5099999904632568,0.5199999809265137,465000
2642,2015-07-21,0.5299999713897705,0.550000011920929,0.5099999904632568,0.5299999713897705,1135500
2643,2015-07-20,0.5699999928474426,0.5699999928474426,0.5199999809265137,0.5299999713897705,1234900
2644,2015-07-17,0.6000000238418579,0.6000000238418579,0.5600000023841858,0.5799999833106995,721400
2645,2015-07-16,0.6000000238418579,0.6100000143051147,0.5899999737739563,0.6100000143051147,386200
2646,2015-07-15,0.6100000143051147,0.6100000143051147,0.5799999833106995,0.5899999737739563,950000
2647,2015-07-14,0.6200000047683716,0.6399999856948853,0.6100000143051147,0.6200000047683716,826700
2648,2015-07-13,0.6399999856948853,0.6399999856948853,0.6100000143051147,0.6299999952316284,657100
2649,2015-07-10,0.6399999856948853,0.6600000262260437,0.6299999952316284,0.6399999856948853,770600
2650,2015-07-09,0.6600000262260437,0.6700000166893005,0.6399999856948853,0.6399999856948853,552500
2651,2015-07-08,0.6700000166893005,0.6899999976158142,0.6499999761581421,0.6700000166893005,902100
2652,2015-07-07,0.6800000071525574,0.6899999976158142,0.6399999856948853,0.6700000166893005,1490300
2653,2015-07-06,0.7200000286102295,0.7200000286102295,0.6899999976158142,0.699999988079071,732400
2654,2015-07-02,0.7300000190734863,0.7400000095367432,0.7099999785423279,0.7400000095367432,238700
2655,2015-07-01,0.7300000190734863,0.7400000095367432,0.7099999785423279,0.7400000095367432,463500
2656,2015-06-30,0.7400000095367432,0.75,0.7200000286102295,0.75,616600
2657,2015-06-29,0.7599999904632568,0.7699999809265137,0.7099999785423279,0.75,648900
2658,2015-06-26,0.7699999809265137,0.7699999809265137,0.7599999904632568,0.7699999809265137,370400
2659,2015-06-25,0.7799999713897705,0.7900000214576721,0.7599999904632568,0.7799999713897705,331200
2660,2015-06-24,0.7900000214576721,0.800000011920929,0.7799999713897705,0.7900000214576721,122100
2661,2015-06-23,0.7699999809265137,0.7900000214576721,0.7599999904632568,0.7900000214576721,565200
2662,2015-06-22,0.7900000214576721,0.7900000214576721,0.7599999904632568,0.7799999713897705,382300
2663,2015-06-19,0.7900000214576721,0.7900000214576721,0.7699999809265137,0.7799999713897705,350300
2664,2015-06-18,0.7900000214576721,0.800000011920929,0.7699999809265137,0.7900000214576721,405200
2665,2015-06-17,0.8100000023841858,0.8100000023841858,0.7599999904632568,0.7799999713897705,819500
2666,2015-06-16,0.800000011920929,0.8199999928474426,0.800000011920929,0.8100000023841858,673100
2667,2015-06-15,0.8199999928474426,0.8199999928474426,0.800000011920929,0.8199999928474426,385600
2668,2015-06-12,0.8299999833106995,0.8299999833106995,0.8199999928474426,0.8299999833106995,132600
2669,2015-06-11,0.8299999833106995,0.8399999737739563,0.8100000023841858,0.8399999737739563,224900
2670,2015-06-10,0.8299999833106995,0.8399999737739563,0.8199999928474426,0.8199999928474426,399400
2671,2015-06-09,0.8199999928474426,0.8299999833106995,0.8199999928474426,0.8299999833106995,225200
2672,2015-06-08,0.8500000238418579,0.8500000238418579,0.8199999928474426,0.8199999928474426,402900
2673,2015-06-05,0.8199999928474426,0.8500000238418579,0.800000011920929,0.8500000238418579,577900
2674,2015-06-04,0.8299999833106995,0.8299999833106995,0.8199999928474426,0.8299999833106995,220100
2675,2015-06-03,0.8500000238418579,0.8500000238418579,0.8199999928474426,0.8399999737739563,210200
2676,2015-06-02,0.8199999928474426,0.8500000238418579,0.8199999928474426,0.8500000238418579,565100
2677,2015-06-01,0.8299999833106995,0.8399999737739563,0.800000011920929,0.8199999928474426,731400
2678,2015-05-29,0.8199999928474426,0.8399999737739563,0.8199999928474426,0.8299999833106995,339000
2679,2015-05-28,0.8299999833106995,0.8500000238418579,0.8199999928474426,0.8399999737739563,543900
2680,2015-05-27,0.8399999737739563,0.8399999737739563,0.8199999928474426,0.8399999737739563,257400
2681,2015-05-26,0.8500000238418579,0.8799999952316284,0.8199999928474426,0.8399999737739563,721800
2682,2015-05-22,0.8500000238418579,0.8700000047683716,0.8399999737739563,0.8500000238418579,461500
2683,2015-05-21,0.8600000143051147,0.8700000047683716,0.8500000238418579,0.8600000143051147,390600
2684,2015-05-20,0.8600000143051147,0.8700000047683716,0.8500000238418579,0.8500000238418579,341500
2685,2015-05-19,0.8799999952316284,0.8899999856948853,0.8600000143051147,0.8600000143051147,693700
2686,2015-05-18,0.9100000262260437,0.9200000166893005,0.8899999856948853,0.9100000262260437,568500
2687,2015-05-15,0.9200000166893005,0.9200000166893005,0.8799999952316284,0.8899999856948853,524000
2688,2015-05-14,0.9399999976158142,0.949999988079071,0.9200000166893005,0.9300000071525574,564300
2689,2015-05-13,0.8899999856948853,0.9399999976158142,0.8600000143051147,0.9399999976158142,945500
2690,2015-05-12,0.8500000238418579,0.8999999761581421,0.8500000238418579,0.8799999952316284,554600
2691,2015-05-11,0.8899999856948853,0.8899999856948853,0.8500000238418579,0.8600000143051147,267900
2692,2015-05-08,0.8500000238418579,0.8799999952316284,0.8299999833106995,0.8799999952316284,422100
2693,2015-05-07,0.8600000143051147,0.8600000143051147,0.8299999833106995,0.8299999833106995,527100
2694,2015-05-06,0.8899999856948853,0.8999999761581421,0.8600000143051147,0.8700000047683716,1003000
2695,2015-05-05,0.8899999856948853,0.9100000262260437,0.8799999952316284,0.9100000262260437,661300
2696,2015-05-04,0.8899999856948853,0.8899999856948853,0.8700000047683716,0.8899999856948853,667300
2697,2015-05-01,0.8799999952316284,0.8899999856948853,0.8600000143051147,0.8700000047683716,1028200
2698,2015-04-30,0.8999999761581421,0.9100000262260437,0.8700000047683716,0.8899999856948853,1176100
2699,2015-04-29,0.949999988079071,0.949999988079071,0.8899999856948853,0.9100000262260437,1805700
2700,2015-04-28,0.9700000286102295,0.9700000286102295,0.9399999976158142,0.9700000286102295,758200
2701,2015-04-27,0.9700000286102295,0.9900000095367432,0.949999988079071,0.949999988079071,1283500
2702,2015-04-24,0.9900000095367432,0.9900000095367432,0.9399999976158142,0.949999988079071,1110700
2703,2015-04-23,0.949999988079071,0.9900000095367432,0.9300000071525574,0.9700000286102295,2148400
2704,2015-04-22,0.8500000238418579,0.949999988079071,0.8399999737739563,0.9200000166893005,2133700
2705,2015-04-21,0.8500000238418579,0.8500000238418579,0.8299999833106995,0.8399999737739563,392700
2706,2015-04-20,0.8399999737739563,0.8600000143051147,0.8299999833106995,0.8500000238418579,858700
2707,2015-04-17,0.8299999833106995,0.8600000143051147,0.8199999928474426,0.8299999833106995,160900
2708,2015-04-16,0.8799999952316284,0.8799999952316284,0.8399999737739563,0.8399999737739563,479300
2709,2015-04-15,0.8199999928474426,0.8999999761581421,0.8100000023841858,0.8799999952316284,890800
2710,2015-04-14,0.8100000023841858,0.8199999928474426,0.800000011920929,0.8199999928474426,503600
2711,2015-04-13,0.8100000023841858,0.8199999928474426,0.800000011920929,0.8100000023841858,225900
2712,2015-04-10,0.8100000023841858,0.8100000023841858,0.800000011920929,0.800000011920929,128600
2713,2015-04-09,0.7900000214576721,0.8100000023841858,0.7900000214576721,0.800000011920929,205600
2714,2015-04-08,0.8100000023841858,0.8199999928474426,0.7599999904632568,0.7900000214576721,1589800
2715,2015-04-07,0.8199999928474426,0.8199999928474426,0.8100000023841858,0.8100000023841858,311700
2716,2015-04-06,0.800000011920929,0.8199999928474426,0.800000011920929,0.8199999928474426,478100
2717,2015-04-02,0.800000011920929,0.8100000023841858,0.7900000214576721,0.8100000023841858,248500
2718,2015-04-01,0.7900000214576721,0.8100000023841858,0.7799999713897705,0.800000011920929,205200
2719,2015-03-31,0.800000011920929,0.800000011920929,0.7699999809265137,0.7900000214576721,275800
2720,2015-03-30,0.800000011920929,0.8199999928474426,0.7900000214576721,0.7900000214576721,236800
2721,2015-03-27,0.8100000023841858,0.8199999928474426,0.7900000214576721,0.800000011920929,357900
2722,2015-03-26,0.8199999928474426,0.8399999737739563,0.8100000023841858,0.8199999928474426,177500
2723,2015-03-25,0.8299999833106995,0.8500000238418579,0.800000011920929,0.8299999833106995,649800
2724,2015-03-24,0.800000011920929,0.8299999833106995,0.800000011920929,0.8100000023841858,317500
2725,2015-03-23,0.800000011920929,0.8199999928474426,0.800000011920929,0.800000011920929,261500
2726,2015-03-20,0.8100000023841858,0.8199999928474426,0.7900000214576721,0.8100000023841858,155800
2727,2015-03-19,0.8299999833106995,0.8299999833106995,0.7699999809265137,0.7900000214576721,511400
2728,2015-03-18,0.8199999928474426,0.8399999737739563,0.8100000023841858,0.8399999737739563,259000
2729,2015-03-17,0.800000011920929,0.8199999928474426,0.800000011920929,0.8199999928474426,311200
2730,2015-03-16,0.8100000023841858,0.8299999833106995,0.800000011920929,0.8100000023841858,485600
2731,2015-03-13,0.8399999737739563,0.8399999737739563,0.8100000023841858,0.8199999928474426,561700
2732,2015-03-12,0.8199999928474426,0.8399999737739563,0.8199999928474426,0.8299999833106995,192300
2733,2015-03-11,0.8100000023841858,0.8299999833106995,0.8100000023841858,0.8199999928474426,258300
2734,2015-03-10,0.8500000238418579,0.8500000238418579,0.8100000023841858,0.8199999928474426,552700
2735,2015-03-09,0.8700000047683716,0.8799999952316284,0.8500000238418579,0.8500000238418579,438600
2736,2015-03-06,0.8899999856948853,0.8999999761581421,0.8600000143051147,0.8700000047683716,644200
2737,2015-03-05,0.8700000047683716,0.8999999761581421,0.8700000047683716,0.8799999952316284,284700
2738,2015-03-04,0.8999999761581421,0.8999999761581421,0.8700000047683716,0.8799999952316284,640300
2739,2015-03-03,0.8799999952316284,0.8999999761581421,0.8799999952316284,0.8899999856948853,226600
2740,2015-03-02,0.8999999761581421,0.9100000262260437,0.8799999952316284,0.8899999856948853,286100
2741,2015-02-27,0.8999999761581421,0.8999999761581421,0.8799999952316284,0.8899999856948853,185500
2742,2015-02-26,0.9100000262260437,0.9100000262260437,0.8799999952316284,0.8899999856948853,333400
2743,2015-02-25,0.8899999856948853,0.9200000166893005,0.8799999952316284,0.9200000166893005,461400
2744,2015-02-24,0.9100000262260437,0.9100000262260437,0.8899999856948853,0.8999999761581421,303800
2745,2015-02-23,0.9200000166893005,0.9200000166893005,0.8700000047683716,0.8999999761581421,495600
2746,2015-02-20,0.9399999976158142,0.9399999976158142,0.8999999761581421,0.8999999761581421,674000
2747,2015-02-19,0.949999988079071,0.949999988079071,0.9200000166893005,0.9300000071525574,254500
2748,2015-02-18,0.9599999785423279,0.9700000286102295,0.9300000071525574,0.9599999785423279,563200
2749,2015-02-17,0.9300000071525574,0.9800000190734863,0.9300000071525574,0.949999988079071,1448200
2750,2015-02-13,0.9300000071525574,0.9399999976158142,0.9100000262260437,0.9300000071525574,200000
2751,2015-02-12,0.9200000166893005,0.9399999976158142,0.9100000262260437,0.9100000262260437,342100
2752,2015-02-11,0.8999999761581421,0.9200000166893005,0.8899999856948853,0.9100000262260437,382500
2753,2015-02-10,0.9200000166893005,0.9200000166893005,0.8899999856948853,0.8999999761581421,412800
2754,2015-02-09,0.9300000071525574,0.9300000071525574,0.8999999761581421,0.8999999761581421,401500
2755,2015-02-06,0.9300000071525574,0.9300000071525574,0.8899999856948853,0.9100000262260437,668900
2756,2015-02-05,0.8700000047683716,0.9200000166893005,0.8700000047683716,0.9100000262260437,642300
2757,2015-02-04,0.8999999761581421,0.9200000166893005,0.8399999737739563,0.8899999856948853,250500
2758,2015-02-03,0.8700000047683716,0.8899999856948853,0.8700000047683716,0.8899999856948853,380700
2759,2015-02-02,0.8500000238418579,0.8799999952316284,0.8500000238418579,0.8700000047683716,451900
2760,2015-01-30,0.8600000143051147,0.8700000047683716,0.8399999737739563,0.8600000143051147,248900
2761,2015-01-29,0.8899999856948853,0.8899999856948853,0.8299999833106995,0.8500000238418579,535400
2762,2015-01-28,0.8799999952316284,0.8899999856948853,0.8600000143051147,0.8600000143051147,224400
2763,2015-01-27,0.8899999856948853,0.9100000262260437,0.8799999952316284,0.8799999952316284,636700
2764,2015-01-26,0.8700000047683716,0.8999999761581421,0.8700000047683716,0.8799999952316284,558900
2765,2015-01-23,0.8700000047683716,0.8799999952316284,0.8600000143051147,0.8600000143051147,523800
2766,2015-01-22,0.9100000262260437,0.9100000262260437,0.8700000047683716,0.8799999952316284,234400
2767,2015-01-21,0.9200000166893005,0.9200000166893005,0.8700000047683716,0.8799999952316284,269500
2768,2015-01-20,0.8999999761581421,0.9200000166893005,0.8799999952316284,0.8899999856948853,542200
2769,2015-01-16,0.8799999952316284,0.9200000166893005,0.8600000143051147,0.8999999761581421,450200
2770,2015-01-15,0.8799999952316284,0.8999999761581421,0.8700000047683716,0.8799999952316284,366200
2771,2015-01-14,0.8999999761581421,0.9100000262260437,0.8500000238418579,0.8899999856948853,1235300
2772,2015-01-13,0.9399999976158142,0.949999988079071,0.8999999761581421,0.949999988079071,617300
2773,2015-01-12,0.949999988079071,0.949999988079071,0.8999999761581421,0.949999988079071,773700
2774,2015-01-09,0.9800000190734863,0.9800000190734863,0.9300000071525574,0.949999988079071,201100
2775,2015-01-08,0.949999988079071,0.9800000190734863,0.9399999976158142,0.9700000286102295,322400
2776,2015-01-07,0.9300000071525574,0.949999988079071,0.9200000166893005,0.949999988079071,721900
2777,2015-01-06,0.9300000071525574,0.949999988079071,0.9200000166893005,0.9300000071525574,511000
2778,2015-01-05,0.9800000190734863,1.0,0.9300000071525574,0.9300000071525574,654700
2779,2015-01-02,0.949999988079071,1.0,0.949999988079071,0.9900000095367432,467300
2780,2014-12-31,0.9399999976158142,0.9700000286102295,0.9300000071525574,0.9300000071525574,712100
2781,2014-12-30,0.9700000286102295,0.9700000286102295,0.949999988079071,0.949999988079071,1610300
2782,2014-12-29,0.9900000095367432,0.9900000095367432,0.9700000286102295,0.9700000286102295,382400
2783,2014-12-26,0.9800000190734863,0.9900000095367432,0.9599999785423279,0.9599999785423279,323600
2784,2014-12-24,1.0,1.0,0.9800000190734863,0.9900000095367432,144300
2785,2014-12-23,0.9800000190734863,1.0,0.9700000286102295,1.0,402600
2786,2014-12-22,1.0099999904632568,1.0199999809265137,0.9700000286102295,1.0,453600
2787,2014-12-19,0.9900000095367432,1.0199999809265137,0.9800000190734863,1.0,399000
2788,2014-12-18,0.9800000190734863,1.0199999809265137,0.9800000190734863,0.9800000190734863,482700
2789,2014-12-17,0.9399999976158142,1.0,0.9200000166893005,0.9800000190734863,477800
2790,2014-12-16,0.949999988079071,0.949999988079071,0.9200000166893005,0.949999988079071,701300
2791,2014-12-15,0.9599999785423279,0.9700000286102295,0.9300000071525574,0.9700000286102295,607200
2792,2014-12-12,0.949999988079071,0.9700000286102295,0.949999988079071,0.9599999785423279,519600
2793,2014-12-11,0.949999988079071,0.9700000286102295,0.949999988079071,0.9700000286102295,523300
2794,2014-12-10,1.0,1.0,0.949999988079071,0.949999988079071,581000
2795,2014-12-09,0.9700000286102295,0.9900000095367432,0.9700000286102295,0.9900000095367432,420200
2796,2014-12-08,1.0099999904632568,1.0099999904632568,0.9599999785423279,0.9900000095367432,524600
2797,2014-12-05,0.9800000190734863,1.0099999904632568,0.9700000286102295,1.0,328200
2798,2014-12-04,1.0099999904632568,1.0099999904632568,0.9800000190734863,0.9800000190734863,261100
2799,2014-12-03,0.9700000286102295,1.0,0.9700000286102295,1.0,745900
2800,2014-12-02,0.9800000190734863,1.0,0.9700000286102295,0.9800000190734863,611000
2801,2014-12-01,1.0099999904632568,1.0199999809265137,0.9800000190734863,0.9900000095367432,718900
2802,2014-11-28,1.0499999523162842,1.059999942779541,1.0099999904632568,1.0199999809265137,631800
2803,2014-11-26,1.100000023841858,1.1100000143051147,1.090000033378601,1.090000033378601,354400
2804,2014-11-25,1.1200000047683716,1.1299999952316284,1.100000023841858,1.1100000143051147,354800
2805,2014-11-24,1.1699999570846558,1.1699999570846558,1.100000023841858,1.1299999952316284,702200
2806,2014-11-21,1.2000000476837158,1.2200000286102295,1.159999966621399,1.1699999570846558,538500
2807,2014-11-20,1.1299999952316284,1.1699999570846558,1.1299999952316284,1.1699999570846558,326100
2808,2014-11-19,1.2200000286102295,1.2200000286102295,1.1299999952316284,1.1399999856948853,793500
2809,2014-11-18,1.190000057220459,1.2200000286102295,1.190000057220459,1.2100000381469727,934500
2810,2014-11-17,1.2000000476837158,1.2100000381469727,1.1699999570846558,1.1699999570846558,874400
2811,2014-11-14,1.149999976158142,1.190000057220459,1.1200000047683716,1.190000057220459,795600
2812,2014-11-13,1.1699999570846558,1.190000057220459,1.1100000143051147,1.1200000047683716,589700
2813,2014-11-12,1.190000057220459,1.2000000476837158,1.159999966621399,1.190000057220459,683300
2814,2014-11-11,1.2100000381469727,1.2300000190734863,1.159999966621399,1.1799999475479126,783000
2815,2014-11-10,1.149999976158142,1.2300000190734863,1.149999976158142,1.2000000476837158,2327000
2816,2014-11-07,0.9700000286102295,1.1399999856948853,0.9200000166893005,1.1200000047683716,2680300
2817,2014-11-06,0.9399999976158142,0.9399999976158142,0.8999999761581421,0.8999999761581421,1130100
2818,2014-11-05,0.9300000071525574,0.9399999976158142,0.8999999761581421,0.9300000071525574,852400
2819,2014-11-04,0.9100000262260437,0.9200000166893005,0.8999999761581421,0.9100000262260437,518300
2820,2014-11-03,0.9300000071525574,0.9399999976158142,0.9100000262260437,0.9300000071525574,984000
2821,2014-10-31,0.9200000166893005,0.9399999976158142,0.9200000166893005,0.9300000071525574,382600
2822,2014-10-30,0.9700000286102295,0.9700000286102295,0.9399999976158142,0.9399999976158142,481100
2823,2014-10-29,0.9700000286102295,0.9800000190734863,0.9599999785423279,0.9700000286102295,226800
2824,2014-10-28,0.9399999976158142,0.9700000286102295,0.9399999976158142,0.9599999785423279,468000
2825,2014-10-27,0.9599999785423279,0.9700000286102295,0.9399999976158142,0.9399999976158142,321800
2826,2014-10-24,1.0,1.0,0.9599999785423279,0.9599999785423279,539200
2827,2014-10-23,0.9700000286102295,1.0,0.9700000286102295,1.0,351500
2828,2014-10-22,1.0099999904632568,1.0099999904632568,0.9700000286102295,0.9800000190734863,613700
2829,2014-10-21,1.0299999713897705,1.0399999618530273,1.0099999904632568,1.0099999904632568,410500
2830,2014-10-20,0.9900000095367432,1.0299999713897705,0.9900000095367432,1.0199999809265137,502800
2831,2014-10-17,0.9800000190734863,1.0099999904632568,0.9700000286102295,0.9800000190734863,825000
2832,2014-10-16,0.9100000262260437,0.9900000095367432,0.8999999761581421,0.9700000286102295,981600
2833,2014-10-15,0.9700000286102295,0.9700000286102295,0.9200000166893005,0.9200000166893005,1538100
2834,2014-10-14,0.9599999785423279,0.9900000095367432,0.949999988079071,0.9700000286102295,873700
2835,2014-10-13,0.9800000190734863,0.9900000095367432,0.9599999785423279,0.9700000286102295,438400
2836,2014-10-10,1.0199999809265137,1.0199999809265137,0.9700000286102295,0.9900000095367432,1192000
2837,2014-10-09,1.0199999809265137,1.0299999713897705,1.0099999904632568,1.0099999904632568,648500
2838,2014-10-08,1.0499999523162842,1.059999942779541,1.0099999904632568,1.0199999809265137,1070900
2839,2014-10-07,1.0800000429153442,1.0800000429153442,1.0499999523162842,1.059999942779541,423700
2840,2014-10-06,1.0800000429153442,1.090000033378601,1.0700000524520874,1.0800000429153442,455200
2841,2014-10-03,1.0800000429153442,1.090000033378601,1.059999942779541,1.059999942779541,419100
2842,2014-10-02,1.090000033378601,1.100000023841858,1.0499999523162842,1.0800000429153442,1762900
2843,2014-10-01,1.1399999856948853,1.1399999856948853,1.0800000429153442,1.090000033378601,1355000
2844,2014-09-30,1.1399999856948853,1.159999966621399,1.1299999952316284,1.1399999856948853,243700
2845,2014-09-29,1.159999966621399,1.159999966621399,1.1299999952316284,1.149999976158142,1053900
2846,2014-09-26,1.1699999570846558,1.1699999570846558,1.149999976158142,1.159999966621399,636500
2847,2014-09-25,1.1699999570846558,1.1799999475479126,1.159999966621399,1.1799999475479126,594100
2848,2014-09-24,1.1699999570846558,1.2000000476837158,1.159999966621399,1.2000000476837158,507200
2849,2014-09-23,1.1699999570846558,1.190000057220459,1.159999966621399,1.1699999570846558,1150800
2850,2014-09-22,1.2400000095367432,1.2400000095367432,1.1799999475479126,1.190000057220459,753400
2851,2014-09-19,1.2400000095367432,1.2699999809265137,1.2100000381469727,1.25,902600
2852,2014-09-18,1.25,1.2599999904632568,1.2400000095367432,1.25,292500
2853,2014-09-17,1.2400000095367432,1.2599999904632568,1.2200000286102295,1.2400000095367432,919800
2854,2014-09-16,1.2000000476837158,1.2300000190734863,1.2000000476837158,1.2300000190734863,563500
2855,2014-09-15,1.2200000286102295,1.2300000190734863,1.2000000476837158,1.2100000381469727,298700
2856,2014-09-12,1.2200000286102295,1.2599999904632568,1.2100000381469727,1.2200000286102295,368600
2857,2014-09-11,1.2200000286102295,1.2300000190734863,1.2100000381469727,1.2200000286102295,364000
2858,2014-09-10,1.2200000286102295,1.2400000095367432,1.2100000381469727,1.2200000286102295,324800
2859,2014-09-09,1.2400000095367432,1.25,1.2100000381469727,1.2300000190734863,808600
2860,2014-09-08,1.2699999809265137,1.2799999713897705,1.2300000190734863,1.25,1426700
2861,2014-09-05,1.2999999523162842,1.309999942779541,1.2599999904632568,1.2799999713897705,656700
2862,2014-09-04,1.340000033378601,1.340000033378601,1.2799999713897705,1.2999999523162842,733600
2863,2014-09-03,1.309999942779541,1.340000033378601,1.309999942779541,1.3300000429153442,380800
2864,2014-09-02,1.350000023841858,1.3600000143051147,1.309999942779541,1.309999942779541,220600
2865,2014-08-29,1.3200000524520874,1.3600000143051147,1.3200000524520874,1.3600000143051147,398400
2866,2014-08-28,1.3300000429153442,1.350000023841858,1.3200000524520874,1.3300000429153442,341100
2867,2014-08-27,1.340000033378601,1.350000023841858,1.3300000429153442,1.3300000429153442,315500
2868,2014-08-26,1.3200000524520874,1.350000023841858,1.3200000524520874,1.340000033378601,248100
2869,2014-08-25,1.3200000524520874,1.3300000429153442,1.309999942779541,1.3300000429153442,193800
2870,2014-08-22,1.2999999523162842,1.3300000429153442,1.2999999523162842,1.3200000524520874,328500
2871,2014-08-21,1.3200000524520874,1.3300000429153442,1.2999999523162842,1.309999942779541,552600
2872,2014-08-20,1.340000033378601,1.3700000047683716,1.3200000524520874,1.3300000429153442,513900
2873,2014-08-19,1.3200000524520874,1.3600000143051147,1.2899999618530273,1.350000023841858,782900
2874,2014-08-18,1.2899999618530273,1.3300000429153442,1.2799999713897705,1.309999942779541,1080400
2875,2014-08-15,1.309999942779541,1.3200000524520874,1.2699999809265137,1.2899999618530273,423800
2876,2014-08-14,1.2899999618530273,1.3200000524520874,1.2799999713897705,1.309999942779541,571900
2877,2014-08-13,1.25,1.2899999618530273,1.25,1.2799999713897705,404200
2878,2014-08-12,1.25,1.2699999809265137,1.25,1.25,332300
2879,2014-08-11,1.2599999904632568,1.2799999713897705,1.25,1.25,351400
2880,2014-08-08,1.2599999904632568,1.2699999809265137,1.2300000190734863,1.2599999904632568,516800
2881,2014-08-07,1.2799999713897705,1.2899999618530273,1.2300000190734863,1.2599999904632568,1705900
2882,2014-08-06,1.2899999618530273,1.309999942779541,1.2799999713897705,1.2999999523162842,972000
2883,2014-08-05,1.2699999809265137,1.2999999523162842,1.2699999809265137,1.2899999618530273,867400
2884,2014-08-04,1.2899999618530273,1.2899999618530273,1.25,1.2699999809265137,737800
2885,2014-08-01,1.3200000524520874,1.350000023841858,1.2899999618530273,1.2899999618530273,896900
2886,2014-07-31,1.3300000429153442,1.350000023841858,1.2899999618530273,1.309999942779541,1436300
2887,2014-07-30,1.3600000143051147,1.3799999952316284,1.3300000429153442,1.340000033378601,880400
2888,2014-07-29,1.3300000429153442,1.409999966621399,1.3300000429153442,1.3600000143051147,892500
2889,2014-07-28,1.350000023841858,1.3700000047683716,1.309999942779541,1.3300000429153442,1197300
2890,2014-07-25,1.309999942779541,1.3600000143051147,1.309999942779541,1.350000023841858,583100
2891,2014-07-24,1.340000033378601,1.3600000143051147,1.2999999523162842,1.309999942779541,512400
2892,2014-07-23,1.340000033378601,1.3899999856948853,1.3300000429153442,1.340000033378601,961100
2893,2014-07-22,1.3899999856948853,1.399999976158142,1.3200000524520874,1.3300000429153442,1522400
2894,2014-07-21,1.2999999523162842,1.3799999952316284,1.2999999523162842,1.3700000047683716,1061100
2895,2014-07-18,1.2799999713897705,1.3300000429153442,1.2699999809265137,1.3200000524520874,711500
2896,2014-07-17,1.2999999523162842,1.3200000524520874,1.2699999809265137,1.2899999618530273,1747300
2897,2014-07-16,1.2200000286102295,1.3200000524520874,1.2200000286102295,1.2999999523162842,1306900
2898,2014-07-15,1.25,1.25,1.2000000476837158,1.2100000381469727,1142000
2899,2014-07-14,1.2599999904632568,1.2799999713897705,1.2400000095367432,1.25,444700
2900,2014-07-11,1.25,1.2599999904632568,1.2400000095367432,1.25,289100
2901,2014-07-10,1.2799999713897705,1.2799999713897705,1.2300000190734863,1.2400000095367432,772200
2902,2014-07-09,1.309999942779541,1.309999942779541,1.2599999904632568,1.2799999713897705,598400
2903,2014-07-08,1.309999942779541,1.3200000524520874,1.2699999809265137,1.309999942779541,1437000
2904,2014-07-07,1.3200000524520874,1.350000023841858,1.309999942779541,1.309999942779541,626500
2905,2014-07-03,1.3200000524520874,1.350000023841858,1.2899999618530273,1.350000023841858,338700
2906,2014-07-02,1.2899999618530273,1.340000033378601,1.2799999713897705,1.3200000524520874,1614100
2907,2014-07-01,1.2200000286102295,1.2899999618530273,1.2200000286102295,1.2799999713897705,422700
2908,2014-06-30,1.2200000286102295,1.2699999809265137,1.2200000286102295,1.2300000190734863,514100
2909,2014-06-27,1.2100000381469727,1.2400000095367432,1.2100000381469727,1.2400000095367432,464900
2910,2014-06-26,1.2200000286102295,1.2300000190734863,1.2000000476837158,1.2200000286102295,316200
2911,2014-06-25,1.2100000381469727,1.2300000190734863,1.2000000476837158,1.2200000286102295,296800
2912,2014-06-24,1.2300000190734863,1.2400000095367432,1.2000000476837158,1.2000000476837158,262700
2913,2014-06-23,1.25,1.25,1.2200000286102295,1.2300000190734863,258100
2914,2014-06-20,1.25,1.2599999904632568,1.2200000286102295,1.2300000190734863,226400
2915,2014-06-19,1.2599999904632568,1.2599999904632568,1.2200000286102295,1.2300000190734863,515800
2916,2014-06-18,1.2999999523162842,1.2999999523162842,1.25,1.2599999904632568,402900
2917,2014-06-17,1.2300000190734863,1.2899999618530273,1.2100000381469727,1.2799999713897705,878300
2918,2014-06-16,1.2300000190734863,1.25,1.2000000476837158,1.2300000190734863,382700
2919,2014-06-13,1.1699999570846558,1.2300000190734863,1.1699999570846558,1.2300000190734863,485800
2920,2014-06-12,1.2000000476837158,1.2000000476837158,1.1699999570846558,1.1699999570846558,262200
2921,2014-06-11,1.1799999475479126,1.190000057220459,1.1699999570846558,1.1799999475479126,296500
2922,2014-06-10,1.190000057220459,1.2000000476837158,1.1799999475479126,1.190000057220459,331600
2923,2014-06-09,1.159999966621399,1.2000000476837158,1.159999966621399,1.2000000476837158,580800
2924,2014-06-06,1.1799999475479126,1.1799999475479126,1.159999966621399,1.1799999475479126,304400
2925,2014-06-05,1.1799999475479126,1.190000057220459,1.159999966621399,1.1699999570846558,403400
2926,2014-06-04,1.190000057220459,1.2100000381469727,1.159999966621399,1.1799999475479126,546200
2927,2014-06-03,1.2200000286102295,1.2200000286102295,1.1799999475479126,1.1799999475479126,595500
2928,2014-06-02,1.2300000190734863,1.2400000095367432,1.1799999475479126,1.2000000476837158,449300
2929,2014-05-30,1.2200000286102295,1.2400000095367432,1.2000000476837158,1.2300000190734863,523900
2930,2014-05-29,1.2599999904632568,1.2599999904632568,1.2200000286102295,1.2300000190734863,721700
2931,2014-05-28,1.2699999809265137,1.2699999809265137,1.2300000190734863,1.25,908600
2932,2014-05-27,1.2200000286102295,1.2699999809265137,1.2200000286102295,1.25,1183700
2933,2014-05-23,1.1699999570846558,1.2200000286102295,1.159999966621399,1.190000057220459,819400
2934,2014-05-22,1.159999966621399,1.190000057220459,1.149999976158142,1.149999976158142,586000
2935,2014-05-21,1.159999966621399,1.1799999475479126,1.149999976158142,1.159999966621399,669600
2936,2014-05-20,1.2000000476837158,1.2200000286102295,1.149999976158142,1.149999976158142,1044200
2937,2014-05-19,1.1699999570846558,1.2200000286102295,1.159999966621399,1.2000000476837158,546600
2938,2014-05-16,1.2000000476837158,1.2000000476837158,1.159999966621399,1.159999966621399,987700
2939,2014-05-15,1.190000057220459,1.2200000286102295,1.159999966621399,1.2000000476837158,883000
2940,2014-05-14,1.25,1.25,1.1799999475479126,1.190000057220459,930800
2941,2014-05-13,1.2300000190734863,1.25,1.2000000476837158,1.2400000095367432,1087300
2942,2014-05-12,1.190000057220459,1.2300000190734863,1.159999966621399,1.2200000286102295,929700
2943,2014-05-09,1.1699999570846558,1.2000000476837158,1.1399999856948853,1.2000000476837158,1420300
2944,2014-05-08,1.2000000476837158,1.2200000286102295,1.1799999475479126,1.1799999475479126,1558700
2945,2014-05-07,1.2400000095367432,1.2799999713897705,1.190000057220459,1.2200000286102295,1567900
2946,2014-05-06,1.2899999618530273,1.2899999618530273,1.2400000095367432,1.25,885500
2947,2014-05-05,1.2999999523162842,1.3200000524520874,1.2899999618530273,1.2999999523162842,369500
2948,2014-05-02,1.3200000524520874,1.340000033378601,1.2899999618530273,1.3200000524520874,731400
2949,2014-05-01,1.3700000047683716,1.3799999952316284,1.309999942779541,1.3200000524520874,753900
2950,2014-04-30,1.2799999713897705,1.3700000047683716,1.2799999713897705,1.3700000047683716,861900
2951,2014-04-29,1.3300000429153442,1.350000023841858,1.2799999713897705,1.309999942779541,1135700
2952,2014-04-28,1.399999976158142,1.409999966621399,1.309999942779541,1.340000033378601,1632900
2953,2014-04-25,1.4500000476837158,1.4700000286102295,1.409999966621399,1.409999966621399,831500
2954,2014-04-24,1.4900000095367432,1.4900000095367432,1.4500000476837158,1.4500000476837158,511300
2955,2014-04-23,1.4500000476837158,1.4900000095367432,1.440000057220459,1.4700000286102295,657600
2956,2014-04-22,1.5299999713897705,1.5299999713897705,1.4700000286102295,1.4700000286102295,443200
2957,2014-04-21,1.5,1.5499999523162842,1.4700000286102295,1.5099999904632568,457400
2958,2014-04-17,1.4700000286102295,1.5199999809265137,1.4700000286102295,1.5,372600
2959,2014-04-16,1.4700000286102295,1.5,1.4700000286102295,1.4700000286102295,275800
2960,2014-04-15,1.5099999904632568,1.5199999809265137,1.4500000476837158,1.4700000286102295,1172000
2961,2014-04-14,1.5199999809265137,1.559999942779541,1.5,1.5099999904632568,852400
2962,2014-04-11,1.5,1.5299999713897705,1.5,1.5199999809265137,514900
2963,2014-04-10,1.5199999809265137,1.559999942779541,1.5,1.5,702900
2964,2014-04-09,1.5199999809265137,1.5499999523162842,1.5099999904632568,1.5299999713897705,990200
2965,2014-04-08,1.5,1.5499999523162842,1.5,1.5199999809265137,599100
2966,2014-04-07,1.559999942779541,1.590000033378601,1.5,1.5,1976100
2967,2014-04-04,1.559999942779541,1.6299999952316284,1.559999942779541,1.5800000429153442,959600
2968,2014-04-03,1.5800000429153442,1.590000033378601,1.5499999523162842,1.5499999523162842,642200
2969,2014-04-02,1.559999942779541,1.600000023841858,1.559999942779541,1.600000023841858,714800
2970,2014-04-01,1.5099999904632568,1.600000023841858,1.4900000095367432,1.5800000429153442,1660600
2971,2014-03-31,1.4800000190734863,1.4900000095367432,1.4500000476837158,1.4700000286102295,660600
2972,2014-03-28,1.5,1.5499999523162842,1.4500000476837158,1.4500000476837158,1336000
2973,2014-03-27,1.440000057220459,1.4900000095367432,1.440000057220459,1.4900000095367432,896000
2974,2014-03-26,1.4800000190734863,1.5,1.440000057220459,1.440000057220459,1197800
2975,2014-03-25,1.4900000095367432,1.4900000095367432,1.4500000476837158,1.4600000381469727,905800
2976,2014-03-24,1.5499999523162842,1.559999942779541,1.440000057220459,1.4900000095367432,2108000
2977,2014-03-21,1.659999966621399,1.6699999570846558,1.559999942779541,1.559999942779541,3840400
2978,2014-03-20,1.6100000143051147,1.6799999475479126,1.5800000429153442,1.6399999856948853,1620400
2979,2014-03-19,1.600000023841858,1.6100000143051147,1.5499999523162842,1.5499999523162842,910700
2980,2014-03-18,1.5499999523162842,1.6200000047683716,1.5499999523162842,1.600000023841858,899200
2981,2014-03-17,1.5499999523162842,1.5800000429153442,1.5499999523162842,1.559999942779541,788300
2982,2014-03-14,1.590000033378601,1.6100000143051147,1.5399999618530273,1.5499999523162842,768000
2983,2014-03-13,1.6200000047683716,1.659999966621399,1.590000033378601,1.590000033378601,1670000
2984,2014-03-12,1.5,1.600000023841858,1.4700000286102295,1.600000023841858,1552200
2985,2014-03-11,1.6399999856948853,1.659999966621399,1.5099999904632568,1.5199999809265137,2218300
2986,2014-03-10,1.6399999856948853,1.649999976158142,1.590000033378601,1.6100000143051147,1241900
2987,2014-03-07,1.6299999952316284,1.649999976158142,1.600000023841858,1.6399999856948853,1429800
2988,2014-03-06,1.7000000476837158,1.75,1.649999976158142,1.649999976158142,1447500
2989,2014-03-05,1.75,1.75,1.6699999570846558,1.690000057220459,2099700
2990,2014-03-04,1.6399999856948853,1.7599999904632568,1.6399999856948853,1.7400000095367432,3149100
2991,2014-03-03,1.6200000047683716,1.649999976158142,1.5700000524520874,1.6399999856948853,2119400
2992,2014-02-28,1.590000033378601,1.6399999856948853,1.5700000524520874,1.6299999952316284,1586900
2993,2014-02-27,1.649999976158142,1.659999966621399,1.559999942779541,1.5800000429153442,1947000
2994,2014-02-26,1.6100000143051147,1.7000000476837158,1.5800000429153442,1.6200000047683716,6371300
2995,2014-02-25,1.409999966621399,1.5099999904632568,1.3799999952316284,1.5099999904632568,6231000
2996,2014-02-24,1.350000023841858,1.4199999570846558,1.350000023841858,1.3799999952316284,2797000
2997,2014-02-21,1.2899999618530273,1.340000033378601,1.2699999809265137,1.340000033378601,1308100
2998,2014-02-20,1.2899999618530273,1.2899999618530273,1.2400000095367432,1.2599999904632568,1095200
2999,2014-02-19,1.340000033378601,1.340000033378601,1.2899999618530273,1.2999999523162842,1410400
3000,2014-02-18,1.350000023841858,1.3600000143051147,1.3200000524520874,1.350000023841858,891600
3001,2014-02-14,1.3600000143051147,1.3600000143051147,1.3200000524520874,1.350000023841858,653500
3002,2014-02-13,1.3700000047683716,1.3700000047683716,1.3300000429153442,1.340000033378601,609700
3003,2014-02-12,1.309999942779541,1.3700000047683716,1.2999999523162842,1.350000023841858,1329800
3004,2014-02-11,1.2899999618530273,1.3200000524520874,1.2799999713897705,1.2899999618530273,715100
3005,2014-02-10,1.3300000429153442,1.350000023841858,1.2899999618530273,1.2999999523162842,761800
3006,2014-02-07,1.2799999713897705,1.3300000429153442,1.2799999713897705,1.3200000524520874,893800
3007,2014-02-06,1.2699999809265137,1.309999942779541,1.2599999904632568,1.2799999713897705,548500
3008,2014-02-05,1.2200000286102295,1.2999999523162842,1.2200000286102295,1.2599999904632568,1118700
3009,2014-02-04,1.2699999809265137,1.2799999713897705,1.2200000286102295,1.2400000095367432,1863400
3010,2014-02-03,1.3700000047683716,1.399999976158142,1.2699999809265137,1.2699999809265137,1723800
3011,2014-01-31,1.409999966621399,1.409999966621399,1.3700000047683716,1.3700000047683716,718500
3012,2014-01-30,1.3899999856948853,1.4299999475479126,1.3600000143051147,1.4199999570846558,1406300
3013,2014-01-29,1.399999976158142,1.409999966621399,1.3600000143051147,1.3700000047683716,699500
3014,2014-01-28,1.350000023841858,1.399999976158142,1.340000033378601,1.3899999856948853,1106900
3015,2014-01-27,1.3300000429153442,1.3600000143051147,1.2899999618530273,1.3300000429153442,1774200
3016,2014-01-24,1.3300000429153442,1.3600000143051147,1.2899999618530273,1.2899999618530273,2741500
3017,2014-01-23,1.399999976158142,1.4199999570846558,1.350000023841858,1.3700000047683716,1352800
3018,2014-01-22,1.399999976158142,1.4600000381469727,1.340000033378601,1.399999976158142,3331000
3019,2014-01-21,1.3300000429153442,1.4500000476837158,1.3300000429153442,1.3899999856948853,3844500
3020,2014-01-17,1.2999999523162842,1.350000023841858,1.2899999618530273,1.3200000524520874,1303800
3021,2014-01-16,1.3200000524520874,1.350000023841858,1.2999999523162842,1.2999999523162842,1585000
3022,2014-01-15,1.2400000095367432,1.3300000429153442,1.2200000286102295,1.2999999523162842,2791700
3023,2014-01-14,1.2100000381469727,1.25,1.2100000381469727,1.2300000190734863,2034900
3024,2014-01-13,1.2000000476837158,1.2300000190734863,1.190000057220459,1.2100000381469727,1083000
3025,2014-01-10,1.190000057220459,1.2100000381469727,1.1799999475479126,1.190000057220459,775500
3026,2014-01-09,1.2200000286102295,1.2200000286102295,1.1699999570846558,1.1799999475479126,981500
3027,2014-01-08,1.1699999570846558,1.2200000286102295,1.1699999570846558,1.2200000286102295,817100
3028,2014-01-07,1.1699999570846558,1.1799999475479126,1.159999966621399,1.159999966621399,724200
3029,2014-01-06,1.1799999475479126,1.1799999475479126,1.159999966621399,1.159999966621399,656100
3030,2014-01-03,1.1799999475479126,1.2000000476837158,1.159999966621399,1.1699999570846558,800000
3031,2014-01-02,1.2200000286102295,1.2300000190734863,1.1799999475479126,1.1799999475479126,700000
3032,2013-12-31,1.2400000095367432,1.25,1.2000000476837158,1.2000000476837158,881600
3033,2013-12-30,1.2200000286102295,1.2599999904632568,1.2200000286102295,1.2400000095367432,1144100
3034,2013-12-27,1.2000000476837158,1.2200000286102295,1.159999966621399,1.2200000286102295,1672400
3035,2013-12-26,1.1799999475479126,1.2400000095367432,1.1699999570846558,1.2300000190734863,2385700
3036,2013-12-24,1.1799999475479126,1.190000057220459,1.1699999570846558,1.1799999475479126,521900
3037,2013-12-23,1.1399999856948853,1.1799999475479126,1.1399999856948853,1.1799999475479126,747700
3038,2013-12-20,1.149999976158142,1.159999966621399,1.1399999856948853,1.1399999856948853,808900
3039,2013-12-19,1.149999976158142,1.1799999475479126,1.1399999856948853,1.149999976158142,845900
3040,2013-12-18,1.1699999570846558,1.1699999570846558,1.1399999856948853,1.159999966621399,434800
3041,2013-12-17,1.149999976158142,1.159999966621399,1.1200000047683716,1.159999966621399,936000
3042,2013-12-16,1.1299999952316284,1.1399999856948853,1.1200000047683716,1.1299999952316284,673900
3043,2013-12-13,1.1299999952316284,1.1299999952316284,1.1200000047683716,1.1200000047683716,399300
3044,2013-12-12,1.1200000047683716,1.1399999856948853,1.1100000143051147,1.1299999952316284,936900
3045,2013-12-11,1.149999976158142,1.149999976158142,1.1100000143051147,1.1200000047683716,931900
3046,2013-12-10,1.0800000429153442,1.159999966621399,1.0800000429153442,1.149999976158142,1189300
3047,2013-12-09,1.1299999952316284,1.1299999952316284,1.0800000429153442,1.0800000429153442,902700
3048,2013-12-06,1.090000033378601,1.1299999952316284,1.090000033378601,1.1299999952316284,414200
3049,2013-12-05,1.1100000143051147,1.1100000143051147,1.090000033378601,1.100000023841858,241300
3050,2013-12-04,1.0800000429153442,1.100000023841858,1.0700000524520874,1.100000023841858,498400
3051,2013-12-03,1.090000033378601,1.100000023841858,1.0700000524520874,1.0800000429153442,652100
3052,2013-12-02,1.1299999952316284,1.159999966621399,1.100000023841858,1.100000023841858,719700
3053,2013-11-29,1.149999976158142,1.159999966621399,1.1399999856948853,1.149999976158142,234900
3054,2013-11-27,1.1799999475479126,1.1799999475479126,1.149999976158142,1.149999976158142,443100
3055,2013-11-26,1.1699999570846558,1.1799999475479126,1.149999976158142,1.149999976158142,1324400
3056,2013-11-25,1.159999966621399,1.190000057220459,1.149999976158142,1.1699999570846558,1015000
3057,2013-11-22,1.100000023841858,1.1799999475479126,1.100000023841858,1.1699999570846558,1425600
3058,2013-11-21,1.090000033378601,1.1399999856948853,1.0800000429153442,1.1399999856948853,770800
3059,2013-11-20,1.0800000429153442,1.1299999952316284,1.0800000429153442,1.090000033378601,1372500
3060,2013-11-19,1.0700000524520874,1.090000033378601,1.0700000524520874,1.0800000429153442,286800
3061,2013-11-18,1.090000033378601,1.090000033378601,1.0800000429153442,1.0800000429153442,221600
3062,2013-11-15,1.0800000429153442,1.100000023841858,1.0800000429153442,1.090000033378601,342700
3063,2013-11-14,1.090000033378601,1.1200000047683716,1.0700000524520874,1.0800000429153442,1630200
3064,2013-11-13,1.0800000429153442,1.090000033378601,1.0700000524520874,1.0800000429153442,924300
3065,2013-11-12,1.090000033378601,1.090000033378601,1.0700000524520874,1.0800000429153442,422900
3066,2013-11-11,1.090000033378601,1.100000023841858,1.0800000429153442,1.090000033378601,236000
3067,2013-11-08,1.090000033378601,1.100000023841858,1.0800000429153442,1.100000023841858,415500
3068,2013-11-07,1.100000023841858,1.100000023841858,1.0800000429153442,1.0800000429153442,548400
3069,2013-11-06,1.0800000429153442,1.100000023841858,1.0700000524520874,1.100000023841858,668600
3070,2013-11-05,1.090000033378601,1.090000033378601,1.059999942779541,1.0700000524520874,829700
3071,2013-11-04,1.0700000524520874,1.090000033378601,1.0499999523162842,1.0700000524520874,544100
3072,2013-11-01,1.0800000429153442,1.090000033378601,1.0499999523162842,1.0499999523162842,706700
3073,2013-10-31,1.100000023841858,1.100000023841858,1.0800000429153442,1.090000033378601,476000
3074,2013-10-30,1.100000023841858,1.100000023841858,1.0700000524520874,1.090000033378601,931500
3075,2013-10-29,1.0800000429153442,1.1200000047683716,1.0700000524520874,1.0800000429153442,1215600
3076,2013-10-28,1.100000023841858,1.100000023841858,1.059999942779541,1.059999942779541,614900
3077,2013-10-25,1.0499999523162842,1.090000033378601,1.0399999618530273,1.0800000429153442,946600
3078,2013-10-24,1.0399999618530273,1.059999942779541,1.0299999713897705,1.0399999618530273,455100
3079,2013-10-23,1.0099999904632568,1.0399999618530273,1.0099999904632568,1.0399999618530273,495900
3080,2013-10-22,1.0199999809265137,1.059999942779541,1.0,1.0299999713897705,895800
3081,2013-10-21,1.0,1.0499999523162842,1.0,1.0299999713897705,1186300
3082,2013-10-18,1.0099999904632568,1.0099999904632568,0.9900000095367432,1.0,856000
3083,2013-10-17,1.0099999904632568,1.0299999713897705,1.0,1.0099999904632568,613100
3084,2013-10-16,1.0099999904632568,1.0199999809265137,0.9900000095367432,1.0099999904632568,794700
3085,2013-10-15,1.0199999809265137,1.0399999618530273,1.0,1.0099999904632568,825000
3086,2013-10-14,1.0099999904632568,1.0299999713897705,0.9900000095367432,1.0299999713897705,535300
3087,2013-10-11,1.0199999809265137,1.0199999809265137,0.9900000095367432,1.0099999904632568,562100
3088,2013-10-10,1.0199999809265137,1.0499999523162842,1.0099999904632568,1.0199999809265137,752400
3089,2013-10-09,1.0199999809265137,1.0199999809265137,0.9700000286102295,1.0199999809265137,1439900
3090,2013-10-08,1.0499999523162842,1.0499999523162842,1.0099999904632568,1.0199999809265137,1125700
3091,2013-10-07,1.0700000524520874,1.090000033378601,1.0399999618530273,1.0499999523162842,1815700
3092,2013-10-04,1.1100000143051147,1.1200000047683716,1.0700000524520874,1.090000033378601,1424600
3093,2013-10-03,1.149999976158142,1.149999976158142,1.1100000143051147,1.1100000143051147,510800
3094,2013-10-02,1.100000023841858,1.159999966621399,1.090000033378601,1.159999966621399,1267300
3095,2013-10-01,1.090000033378601,1.100000023841858,1.0800000429153442,1.100000023841858,497700
3096,2013-09-30,1.090000033378601,1.100000023841858,1.0800000429153442,1.0800000429153442,418600
3097,2013-09-27,1.100000023841858,1.100000023841858,1.0800000429153442,1.100000023841858,627500
3098,2013-09-26,1.0800000429153442,1.1100000143051147,1.0700000524520874,1.090000033378601,539600
3099,2013-09-25,1.0800000429153442,1.100000023841858,1.0700000524520874,1.090000033378601,980900
3100,2013-09-24,1.100000023841858,1.1100000143051147,1.0700000524520874,1.090000033378601,618900
3101,2013-09-23,1.0800000429153442,1.1100000143051147,1.0800000429153442,1.100000023841858,331100
3102,2013-09-20,1.1200000047683716,1.1200000047683716,1.090000033378601,1.090000033378601,452600
3103,2013-09-19,1.1100000143051147,1.1299999952316284,1.100000023841858,1.1200000047683716,684300
3104,2013-09-18,1.1100000143051147,1.1200000047683716,1.0800000429153442,1.100000023841858,1565000
3105,2013-09-17,1.149999976158142,1.149999976158142,1.0700000524520874,1.100000023841858,1969900
3106,2013-09-16,1.1699999570846558,1.1699999570846558,1.149999976158142,1.149999976158142,710600
3107,2013-09-13,1.159999966621399,1.1699999570846558,1.159999966621399,1.159999966621399,242000
3108,2013-09-12,1.2000000476837158,1.2000000476837158,1.149999976158142,1.159999966621399,465700
3109,2013-09-11,1.190000057220459,1.2000000476837158,1.1699999570846558,1.2000000476837158,617800
3110,2013-09-10,1.159999966621399,1.190000057220459,1.159999966621399,1.1799999475479126,679200
3111,2013-09-09,1.159999966621399,1.1699999570846558,1.149999976158142,1.149999976158142,533600
3112,2013-09-06,1.149999976158142,1.190000057220459,1.149999976158142,1.1699999570846558,594200
3113,2013-09-05,1.159999966621399,1.1799999475479126,1.149999976158142,1.159999966621399,441300
3114,2013-09-04,1.1299999952316284,1.1399999856948853,1.100000023841858,1.1399999856948853,1202800
3115,2013-09-03,1.149999976158142,1.1699999570846558,1.1299999952316284,1.1399999856948853,695100
3116,2013-08-30,1.149999976158142,1.1799999475479126,1.149999976158142,1.159999966621399,501200
3117,2013-08-29,1.1699999570846558,1.1699999570846558,1.149999976158142,1.149999976158142,846700
3118,2013-08-28,1.1699999570846558,1.1799999475479126,1.159999966621399,1.1699999570846558,753400
3119,2013-08-27,1.1799999475479126,1.190000057220459,1.1699999570846558,1.1699999570846558,592100
3120,2013-08-26,1.2000000476837158,1.2100000381469727,1.1699999570846558,1.1699999570846558,710500
3121,2013-08-23,1.1799999475479126,1.2000000476837158,1.1799999475479126,1.2000000476837158,504900
3122,2013-08-22,1.1699999570846558,1.190000057220459,1.1699999570846558,1.1699999570846558,307300
3123,2013-08-21,1.190000057220459,1.190000057220459,1.159999966621399,1.1699999570846558,1198300
3124,2013-08-20,1.1799999475479126,1.2000000476837158,1.1699999570846558,1.2000000476837158,908700
3125,2013-08-19,1.2000000476837158,1.2100000381469727,1.1799999475479126,1.1799999475479126,485500
3126,2013-08-16,1.2100000381469727,1.2300000190734863,1.2000000476837158,1.2000000476837158,356300
3127,2013-08-15,1.2200000286102295,1.2300000190734863,1.2000000476837158,1.2200000286102295,446400
3128,2013-08-14,1.2200000286102295,1.2400000095367432,1.2200000286102295,1.2300000190734863,304600
3129,2013-08-13,1.25,1.25,1.2200000286102295,1.2200000286102295,372800
3130,2013-08-12,1.25,1.2599999904632568,1.2300000190734863,1.2599999904632568,559300
3131,2013-08-09,1.2400000095367432,1.25,1.2200000286102295,1.25,332400
3132,2013-08-08,1.2100000381469727,1.25,1.2100000381469727,1.25,429600
3133,2013-08-07,1.2100000381469727,1.2400000095367432,1.2000000476837158,1.2100000381469727,459100
3134,2013-08-06,1.2300000190734863,1.25,1.2000000476837158,1.2100000381469727,620000
3135,2013-08-05,1.2300000190734863,1.2599999904632568,1.2300000190734863,1.2300000190734863,273900
3136,2013-08-02,1.2899999618530273,1.2899999618530273,1.2200000286102295,1.2400000095367432,669700
3137,2013-08-01,1.2799999713897705,1.2899999618530273,1.25,1.2799999713897705,509700
3138,2013-07-31,1.3200000524520874,1.3200000524520874,1.2599999904632568,1.2699999809265137,825900
3139,2013-07-30,1.309999942779541,1.3300000429153442,1.25,1.3200000524520874,954400
3140,2013-07-29,1.3600000143051147,1.3899999856948853,1.309999942779541,1.309999942779541,1824200
3141,2013-07-26,1.350000023841858,1.3700000047683716,1.309999942779541,1.340000033378601,1628900
3142,2013-07-25,1.3200000524520874,1.3799999952316284,1.2999999523162842,1.3200000524520874,1019600
3143,2013-07-24,1.3200000524520874,1.409999966621399,1.3200000524520874,1.3300000429153442,2048400
3144,2013-07-23,1.3300000429153442,1.350000023841858,1.2699999809265137,1.2999999523162842,1857500
3145,2013-07-22,1.25,1.350000023841858,1.2200000286102295,1.3200000524520874,4408300
3146,2013-07-19,1.2400000095367432,1.2599999904632568,1.2000000476837158,1.25,622500
3147,2013-07-18,1.2300000190734863,1.2799999713897705,1.2300000190734863,1.2300000190734863,637300
3148,2013-07-17,1.2599999904632568,1.2599999904632568,1.2200000286102295,1.2200000286102295,598000
3149,2013-07-16,1.2000000476837158,1.2699999809265137,1.2000000476837158,1.2699999809265137,716900
3150,2013-07-15,1.2300000190734863,1.2599999904632568,1.2000000476837158,1.2000000476837158,488700
3151,2013-07-12,1.2699999809265137,1.2799999713897705,1.2200000286102295,1.2400000095367432,376300
3152,2013-07-11,1.2699999809265137,1.2999999523162842,1.2599999904632568,1.2599999904632568,723200
3153,2013-07-10,1.2400000095367432,1.2699999809265137,1.2100000381469727,1.2699999809265137,996600
3154,2013-07-09,1.190000057220459,1.2300000190734863,1.1799999475479126,1.2100000381469727,756900
3155,2013-07-08,1.1699999570846558,1.190000057220459,1.159999966621399,1.190000057220459,861700
3156,2013-07-05,1.190000057220459,1.190000057220459,1.159999966621399,1.159999966621399,375700
3157,2013-07-03,1.1799999475479126,1.190000057220459,1.1699999570846558,1.190000057220459,173300
3158,2013-07-02,1.1699999570846558,1.190000057220459,1.159999966621399,1.159999966621399,448000
3159,2013-07-01,1.1699999570846558,1.1799999475479126,1.159999966621399,1.1699999570846558,505300
3160,2013-06-28,1.2000000476837158,1.2000000476837158,1.159999966621399,1.1799999475479126,616900
3161,2013-06-27,1.1699999570846558,1.190000057220459,1.1699999570846558,1.1799999475479126,450900
3162,2013-06-26,1.190000057220459,1.190000057220459,1.159999966621399,1.159999966621399,568900
3163,2013-06-25,1.159999966621399,1.2000000476837158,1.159999966621399,1.190000057220459,1042900
3164,2013-06-24,1.1799999475479126,1.190000057220459,1.149999976158142,1.1699999570846558,684200
3165,2013-06-21,1.1799999475479126,1.1799999475479126,1.159999966621399,1.1799999475479126,573700
3166,2013-06-20,1.1799999475479126,1.2000000476837158,1.159999966621399,1.1799999475479126,1206500
3167,2013-06-19,1.2200000286102295,1.25,1.2100000381469727,1.2200000286102295,425100
3168,2013-06-18,1.2400000095367432,1.2599999904632568,1.2200000286102295,1.2200000286102295,429000
3169,2013-06-17,1.2799999713897705,1.2799999713897705,1.2200000286102295,1.2400000095367432,422900
3170,2013-06-14,1.2300000190734863,1.2799999713897705,1.2200000286102295,1.2400000095367432,435300
3171,2013-06-13,1.2100000381469727,1.2400000095367432,1.2000000476837158,1.2100000381469727,402600
3172,2013-06-12,1.25,1.25,1.2000000476837158,1.2200000286102295,633500
3173,2013-06-11,1.2400000095367432,1.25,1.2300000190734863,1.2400000095367432,667500
3174,2013-06-10,1.2999999523162842,1.2999999523162842,1.25,1.2599999904632568,745200
3175,2013-06-07,1.3300000429153442,1.340000033378601,1.2799999713897705,1.2999999523162842,536400
3176,2013-06-06,1.3600000143051147,1.3799999952316284,1.2899999618530273,1.3200000524520874,839000
3177,2013-06-05,1.3200000524520874,1.3899999856948853,1.3200000524520874,1.350000023841858,1951200
3178,2013-06-04,1.2699999809265137,1.340000033378601,1.2699999809265137,1.3200000524520874,1130200
3179,2013-06-03,1.2799999713897705,1.309999942779541,1.2699999809265137,1.2799999713897705,1452400
3180,2013-05-31,1.2599999904632568,1.2899999618530273,1.2599999904632568,1.2699999809265137,669100
3181,2013-05-30,1.25,1.2899999618530273,1.2400000095367432,1.2899999618530273,1137000
3182,2013-05-29,1.25,1.2599999904632568,1.2200000286102295,1.2599999904632568,615100
3183,2013-05-28,1.25,1.2599999904632568,1.2100000381469727,1.2100000381469727,582600
3184,2013-05-24,1.1799999475479126,1.2300000190734863,1.1799999475479126,1.2200000286102295,872900
3185,2013-05-23,1.190000057220459,1.2200000286102295,1.1699999570846558,1.1799999475479126,468700
3186,2013-05-22,1.2300000190734863,1.25,1.1799999475479126,1.1799999475479126,706800
3187,2013-05-21,1.2400000095367432,1.25,1.2000000476837158,1.2300000190734863,669100
3188,2013-05-20,1.2100000381469727,1.2699999809265137,1.2000000476837158,1.2699999809265137,656100
3189,2013-05-17,1.2300000190734863,1.2300000190734863,1.2000000476837158,1.2000000476837158,722800
3190,2013-05-16,1.1699999570846558,1.2300000190734863,1.159999966621399,1.2300000190734863,1153500
3191,2013-05-15,1.190000057220459,1.190000057220459,1.149999976158142,1.159999966621399,585400
3192,2013-05-14,1.1799999475479126,1.190000057220459,1.1699999570846558,1.1799999475479126,868900
3193,2013-05-13,1.2100000381469727,1.2300000190734863,1.190000057220459,1.190000057220459,516200
3194,2013-05-10,1.2000000476837158,1.2200000286102295,1.190000057220459,1.2000000476837158,398400
3195,2013-05-09,1.2100000381469727,1.2699999809265137,1.2000000476837158,1.2000000476837158,756000
3196,2013-05-08,1.2200000286102295,1.2799999713897705,1.2000000476837158,1.25,2078800
3197,2013-05-07,1.1799999475479126,1.190000057220459,1.149999976158142,1.190000057220459,724600
3198,2013-05-06,1.190000057220459,1.190000057220459,1.159999966621399,1.190000057220459,689900
3199,2013-05-03,1.159999966621399,1.190000057220459,1.149999976158142,1.190000057220459,1009300
3200,2013-05-02,1.2100000381469727,1.2200000286102295,1.149999976158142,1.159999966621399,455100
3201,2013-05-01,1.2100000381469727,1.2200000286102295,1.1799999475479126,1.2000000476837158,187200
3202,2013-04-30,1.2200000286102295,1.2400000095367432,1.2100000381469727,1.2400000095367432,207600
3203,2013-04-29,1.2400000095367432,1.25,1.2100000381469727,1.2100000381469727,186300
3204,2013-04-26,1.25,1.25,1.2200000286102295,1.2300000190734863,355800
3205,2013-04-25,1.2400000095367432,1.25,1.2200000286102295,1.2400000095367432,331700
3206,2013-04-24,1.2000000476837158,1.2799999713897705,1.1799999475479126,1.2300000190734863,695500
3207,2013-04-23,1.1799999475479126,1.2100000381469727,1.159999966621399,1.1799999475479126,235700
3208,2013-04-22,1.149999976158142,1.1799999475479126,1.149999976158142,1.1799999475479126,335900
3209,2013-04-19,1.1799999475479126,1.190000057220459,1.149999976158142,1.149999976158142,372900
3210,2013-04-18,1.190000057220459,1.2000000476837158,1.1699999570846558,1.190000057220459,459700
3211,2013-04-17,1.2000000476837158,1.2100000381469727,1.1699999570846558,1.2000000476837158,605000
3212,2013-04-16,1.2000000476837158,1.2400000095367432,1.2000000476837158,1.2300000190734863,451700
3213,2013-04-15,1.2300000190734863,1.25,1.1799999475479126,1.190000057220459,1152400
3214,2013-04-12,1.2599999904632568,1.2699999809265137,1.2300000190734863,1.2300000190734863,272600
3215,2013-04-11,1.25,1.2999999523162842,1.25,1.2899999618530273,319400
3216,2013-04-10,1.2699999809265137,1.2899999618530273,1.25,1.25,296000
3217,2013-04-09,1.2400000095367432,1.2999999523162842,1.2300000190734863,1.2899999618530273,331200
3218,2013-04-08,1.2400000095367432,1.25,1.2300000190734863,1.2400000095367432,299900
3219,2013-04-05,1.2699999809265137,1.2699999809265137,1.2300000190734863,1.25,332200
3220,2013-04-04,1.2400000095367432,1.2799999713897705,1.2400000095367432,1.2799999713897705,262200
3221,2013-04-03,1.2599999904632568,1.2899999618530273,1.2400000095367432,1.2599999904632568,880400
3222,2013-04-02,1.3200000524520874,1.3200000524520874,1.2599999904632568,1.2599999904632568,630500
3223,2013-04-01,1.399999976158142,1.399999976158142,1.3200000524520874,1.3200000524520874,430900
3224,2013-03-28,1.3899999856948853,1.3899999856948853,1.3200000524520874,1.3799999952316284,366500
3225,2013-03-27,1.440000057220459,1.4700000286102295,1.3600000143051147,1.3600000143051147,616100
3226,2013-03-26,1.5199999809265137,1.5199999809265137,1.440000057220459,1.4500000476837158,451900
3227,2013-03-25,1.4500000476837158,1.5,1.440000057220459,1.4600000381469727,588500
3228,2013-03-22,1.5,1.5,1.440000057220459,1.4600000381469727,679100
3229,2013-03-21,1.3700000047683716,1.5,1.3700000047683716,1.5,1304500
3230,2013-03-20,1.3799999952316284,1.3899999856948853,1.3700000047683716,1.3700000047683716,239500
3231,2013-03-19,1.3799999952316284,1.3899999856948853,1.3600000143051147,1.3799999952316284,372700
3232,2013-03-18,1.399999976158142,1.4299999475479126,1.3600000143051147,1.3700000047683716,878800
3233,2013-03-15,1.3600000143051147,1.4500000476837158,1.3200000524520874,1.4500000476837158,1195200
3234,2013-03-14,1.3700000047683716,1.399999976158142,1.3600000143051147,1.3600000143051147,619200
3235,2013-03-13,1.3300000429153442,1.3799999952316284,1.309999942779541,1.3600000143051147,892100
3236,2013-03-12,1.2899999618530273,1.3300000429153442,1.2599999904632568,1.309999942779541,606300
3237,2013-03-11,1.2599999904632568,1.2899999618530273,1.2400000095367432,1.2699999809265137,469600
3238,2013-03-08,1.25,1.2799999713897705,1.25,1.25,347000
3239,2013-03-07,1.2400000095367432,1.2799999713897705,1.2100000381469727,1.2699999809265137,632300
3240,2013-03-06,1.2000000476837158,1.2400000095367432,1.2000000476837158,1.2300000190734863,284800
3241,2013-03-05,1.2200000286102295,1.2300000190734863,1.1799999475479126,1.2100000381469727,558500
3242,2013-03-04,1.25,1.2599999904632568,1.2100000381469727,1.2100000381469727,889400
3243,2013-03-01,1.2999999523162842,1.2999999523162842,1.25,1.25,701700
3244,2013-02-28,1.2599999904632568,1.2899999618530273,1.25,1.2899999618530273,1005400
3245,2013-02-27,1.2200000286102295,1.2599999904632568,1.2200000286102295,1.2400000095367432,769900
3246,2013-02-26,1.2300000190734863,1.25,1.2000000476837158,1.2100000381469727,869500
3247,2013-02-25,1.2799999713897705,1.2899999618530273,1.2200000286102295,1.2200000286102295,659700
3248,2013-02-22,1.2799999713897705,1.2999999523162842,1.2699999809265137,1.2799999713897705,279800
3249,2013-02-21,1.2599999904632568,1.2999999523162842,1.25,1.2899999618530273,861800
3250,2013-02-20,1.3200000524520874,1.340000033378601,1.2799999713897705,1.2799999713897705,1328200
3251,2013-02-19,1.350000023841858,1.350000023841858,1.309999942779541,1.340000033378601,569200
3252,2013-02-15,1.3700000047683716,1.3799999952316284,1.3300000429153442,1.340000033378601,303200
3253,2013-02-14,1.3300000429153442,1.3899999856948853,1.3200000524520874,1.3600000143051147,396600
3254,2013-02-13,1.3200000524520874,1.3300000429153442,1.2899999618530273,1.3300000429153442,522600
3255,2013-02-12,1.340000033378601,1.350000023841858,1.2899999618530273,1.3300000429153442,624800
3256,2013-02-11,1.399999976158142,1.399999976158142,1.340000033378601,1.340000033378601,771000
3257,2013-02-08,1.399999976158142,1.409999966621399,1.3899999856948853,1.409999966621399,265100
3258,2013-02-07,1.4299999475479126,1.440000057220459,1.399999976158142,1.4199999570846558,339100
3259,2013-02-06,1.440000057220459,1.440000057220459,1.4199999570846558,1.4199999570846558,204600
3260,2013-02-05,1.4600000381469727,1.4700000286102295,1.4199999570846558,1.440000057220459,302600
3261,2013-02-04,1.4700000286102295,1.4700000286102295,1.409999966621399,1.4500000476837158,488200
3262,2013-02-01,1.350000023841858,1.4800000190734863,1.3300000429153442,1.4700000286102295,1413600
3263,2013-01-31,1.3799999952316284,1.3899999856948853,1.350000023841858,1.350000023841858,503000
3264,2013-01-30,1.3899999856948853,1.409999966621399,1.3700000047683716,1.3700000047683716,521800
3265,2013-01-29,1.409999966621399,1.4199999570846558,1.3600000143051147,1.409999966621399,714100
3266,2013-01-28,1.4500000476837158,1.4600000381469727,1.3899999856948853,1.399999976158142,830500
3267,2013-01-25,1.5099999904632568,1.5099999904632568,1.4500000476837158,1.4700000286102295,598200
3268,2013-01-24,1.5,1.5199999809265137,1.4700000286102295,1.5,1874100
3269,2013-01-23,1.5299999713897705,1.5399999618530273,1.4700000286102295,1.5,525000
3270,2013-01-22,1.5499999523162842,1.5499999523162842,1.4600000381469727,1.5199999809265137,763600
3271,2013-01-18,1.6100000143051147,1.6100000143051147,1.5099999904632568,1.5199999809265137,1162100
3272,2013-01-17,1.5099999904632568,1.6200000047683716,1.5,1.590000033378601,2831200
3273,2013-01-16,1.4700000286102295,1.5199999809265137,1.4600000381469727,1.5,1094800
3274,2013-01-15,1.4700000286102295,1.5099999904632568,1.4500000476837158,1.4600000381469727,1037000
3275,2013-01-14,1.4500000476837158,1.5399999618530273,1.440000057220459,1.4600000381469727,1386200
3276,2013-01-11,1.4500000476837158,1.4800000190734863,1.3899999856948853,1.409999966621399,1232500
3277,2013-01-10,1.350000023841858,1.4299999475479126,1.350000023841858,1.4199999570846558,1358000
3278,2013-01-09,1.340000033378601,1.3799999952316284,1.2999999523162842,1.350000023841858,2396000
3279,2013-01-08,1.2300000190734863,1.2999999523162842,1.2300000190734863,1.2999999523162842,1610200
3280,2013-01-07,1.2000000476837158,1.25,1.2000000476837158,1.25,494600
3281,2013-01-04,1.2300000190734863,1.2400000095367432,1.2000000476837158,1.2200000286102295,687600
3282,2013-01-03,1.2400000095367432,1.2699999809265137,1.2300000190734863,1.2400000095367432,393000
3283,2013-01-02,1.2799999713897705,1.2899999618530273,1.2300000190734863,1.2599999904632568,577500
3284,2012-12-31,1.1699999570846558,1.25,1.1699999570846558,1.25,684800
3285,2012-12-28,1.2100000381469727,1.2100000381469727,1.149999976158142,1.190000057220459,809100
3286,2012-12-27,1.2200000286102295,1.2300000190734863,1.190000057220459,1.2100000381469727,688000
3287,2012-12-26,1.25,1.25,1.2000000476837158,1.2100000381469727,477200
3288,2012-12-24,1.2200000286102295,1.2400000095367432,1.2000000476837158,1.2300000190734863,255200
3289,2012-12-21,1.2699999809265137,1.2699999809265137,1.2100000381469727,1.2200000286102295,714100
3290,2012-12-20,1.2300000190734863,1.2899999618530273,1.2300000190734863,1.2799999713897705,839900
3291,2012-12-19,1.2300000190734863,1.2799999713897705,1.2300000190734863,1.2400000095367432,822200
3292,2012-12-18,1.25,1.2699999809265137,1.2300000190734863,1.25,844000
3293,2012-12-17,1.2300000190734863,1.2999999523162842,1.2300000190734863,1.2300000190734863,1174800
3294,2012-12-14,1.2000000476837158,1.2400000095367432,1.2000000476837158,1.2200000286102295,335000
3295,2012-12-13,1.2200000286102295,1.2400000095367432,1.190000057220459,1.2000000476837158,272800
3296,2012-12-12,1.2100000381469727,1.2599999904632568,1.2100000381469727,1.2400000095367432,402500
3297,2012-12-11,1.25,1.2799999713897705,1.2000000476837158,1.2100000381469727,687200
3298,2012-12-10,1.1399999856948853,1.2400000095367432,1.1399999856948853,1.2300000190734863,792100
3299,2012-12-07,1.1699999570846558,1.1699999570846558,1.1299999952316284,1.1399999856948853,467300
3300,2012-12-06,1.100000023841858,1.1699999570846558,1.0800000429153442,1.149999976158142,2277300
3301,2012-12-05,1.059999942779541,1.100000023841858,1.059999942779541,1.100000023841858,522800
3302,2012-12-04,1.100000023841858,1.100000023841858,1.059999942779541,1.0700000524520874,618200
3303,2012-12-03,1.1399999856948853,1.1399999856948853,1.090000033378601,1.090000033378601,525500
3304,2012-11-30,1.1200000047683716,1.1299999952316284,1.100000023841858,1.1200000047683716,309200
3305,2012-11-29,1.1200000047683716,1.1299999952316284,1.090000033378601,1.1299999952316284,977900
3306,2012-11-28,1.1100000143051147,1.1200000047683716,1.090000033378601,1.1200000047683716,602600
3307,2012-11-27,1.1399999856948853,1.1399999856948853,1.1200000047683716,1.1299999952316284,203800
3308,2012-11-26,1.149999976158142,1.149999976158142,1.1299999952316284,1.1299999952316284,485000
3309,2012-11-23,1.100000023841858,1.1399999856948853,1.100000023841858,1.1399999856948853,421600
3310,2012-11-21,1.1100000143051147,1.1299999952316284,1.0700000524520874,1.100000023841858,504200
3311,2012-11-20,1.0800000429153442,1.1100000143051147,1.0700000524520874,1.1100000143051147,1094300
3312,2012-11-19,1.0800000429153442,1.090000033378601,1.0499999523162842,1.0800000429153442,648500
3313,2012-11-16,1.059999942779541,1.0700000524520874,1.0299999713897705,1.059999942779541,564700
3314,2012-11-15,1.090000033378601,1.100000023841858,1.0399999618530273,1.0499999523162842,1880900
3315,2012-11-14,1.149999976158142,1.1799999475479126,1.090000033378601,1.100000023841858,1216900
3316,2012-11-13,1.2200000286102295,1.2200000286102295,1.149999976158142,1.149999976158142,621400
3317,2012-11-12,1.1799999475479126,1.2300000190734863,1.1799999475479126,1.2000000476837158,438500
3318,2012-11-09,1.159999966621399,1.1799999475479126,1.149999976158142,1.1799999475479126,507400
3319,2012-11-08,1.1699999570846558,1.2000000476837158,1.1699999570846558,1.1699999570846558,584000
3320,2012-11-07,1.2300000190734863,1.2400000095367432,1.149999976158142,1.1699999570846558,1311800
3321,2012-11-06,1.25,1.25,1.2300000190734863,1.25,390000
3322,2012-11-05,1.25,1.2599999904632568,1.2300000190734863,1.2300000190734863,363800
3323,2012-11-02,1.2899999618530273,1.2899999618530273,1.25,1.2699999809265137,443800
3324,2012-11-01,1.2899999618530273,1.2999999523162842,1.2599999904632568,1.2899999618530273,1200600
3325,2012-10-31,1.2899999618530273,1.309999942779541,1.2599999904632568,1.2999999523162842,620800
3326,2012-10-26,1.2799999713897705,1.309999942779541,1.2699999809265137,1.2999999523162842,601800
3327,2012-10-25,1.2999999523162842,1.340000033378601,1.2699999809265137,1.2799999713897705,738900
3328,2012-10-24,1.340000033378601,1.340000033378601,1.2999999523162842,1.2999999523162842,424800
3329,2012-10-23,1.3300000429153442,1.340000033378601,1.309999942779541,1.340000033378601,564800
3330,2012-10-22,1.3300000429153442,1.3600000143051147,1.3300000429153442,1.350000023841858,258500
3331,2012-10-19,1.3600000143051147,1.3700000047683716,1.340000033378601,1.340000033378601,376200
3332,2012-10-18,1.3700000047683716,1.3899999856948853,1.3600000143051147,1.3799999952316284,376400
3333,2012-10-17,1.399999976158142,1.399999976158142,1.3600000143051147,1.3700000047683716,349000
3334,2012-10-16,1.3600000143051147,1.3899999856948853,1.3300000429153442,1.3799999952316284,433400
3335,2012-10-15,1.3700000047683716,1.3799999952316284,1.340000033378601,1.340000033378601,488000
3336,2012-10-12,1.3600000143051147,1.3799999952316284,1.350000023841858,1.3799999952316284,554100
3337,2012-10-11,1.350000023841858,1.3700000047683716,1.3300000429153442,1.350000023841858,697300
3338,2012-10-10,1.3700000047683716,1.409999966621399,1.350000023841858,1.350000023841858,700200
3339,2012-10-09,1.4199999570846558,1.4299999475479126,1.3600000143051147,1.3600000143051147,880400
3340,2012-10-08,1.4199999570846558,1.4299999475479126,1.399999976158142,1.409999966621399,431500
3341,2012-10-05,1.4700000286102295,1.5,1.409999966621399,1.4199999570846558,1038800
3342,2012-10-04,1.440000057220459,1.4700000286102295,1.440000057220459,1.4500000476837158,319700
3343,2012-10-03,1.4500000476837158,1.4700000286102295,1.440000057220459,1.440000057220459,330700
3344,2012-10-02,1.5,1.5,1.4600000381469727,1.4600000381469727,332300
3345,2012-10-01,1.5099999904632568,1.5199999809265137,1.4700000286102295,1.4900000095367432,547700
3346,2012-09-28,1.440000057220459,1.4900000095367432,1.440000057220459,1.4900000095367432,505600
3347,2012-09-27,1.4700000286102295,1.5099999904632568,1.4299999475479126,1.440000057220459,1040800
3348,2012-09-26,1.4800000190734863,1.5,1.409999966621399,1.440000057220459,1550300
3349,2012-09-25,1.5199999809265137,1.5499999523162842,1.4600000381469727,1.4800000190734863,2082400
3350,2012-09-24,1.559999942779541,1.600000023841858,1.5199999809265137,1.5299999713897705,992200
3351,2012-09-21,1.6399999856948853,1.6399999856948853,1.5700000524520874,1.590000033378601,906200
3352,2012-09-20,1.6299999952316284,1.6399999856948853,1.5499999523162842,1.600000023841858,1745100
3353,2012-09-19,1.6699999570846558,1.7000000476837158,1.600000023841858,1.659999966621399,2592600
3354,2012-09-18,1.4500000476837158,1.7200000286102295,1.440000057220459,1.7200000286102295,13826500
3355,2012-09-17,1.4600000381469727,1.4700000286102295,1.4299999475479126,1.4500000476837158,279100
3356,2012-09-14,1.4500000476837158,1.4900000095367432,1.4500000476837158,1.4600000381469727,746600
3357,2012-09-13,1.4199999570846558,1.4500000476837158,1.4199999570846558,1.4299999475479126,714300
3358,2012-09-12,1.4299999475479126,1.4500000476837158,1.4199999570846558,1.4199999570846558,216100
3359,2012-09-11,1.4199999570846558,1.440000057220459,1.4199999570846558,1.4299999475479126,125000
3360,2012-09-10,1.4299999475479126,1.4500000476837158,1.4199999570846558,1.4299999475479126,283500
3361,2012-09-07,1.4199999570846558,1.4600000381469727,1.409999966621399,1.4500000476837158,711600
3362,2012-09-06,1.409999966621399,1.4299999475479126,1.399999976158142,1.409999966621399,275100
3363,2012-09-05,1.399999976158142,1.4199999570846558,1.3899999856948853,1.4199999570846558,139500
3364,2012-09-04,1.3899999856948853,1.4299999475479126,1.3799999952316284,1.409999966621399,442700
3365,2012-08-31,1.3899999856948853,1.409999966621399,1.3799999952316284,1.399999976158142,418900
3366,2012-08-30,1.399999976158142,1.409999966621399,1.3799999952316284,1.3899999856948853,226300
3367,2012-08-29,1.399999976158142,1.4199999570846558,1.3899999856948853,1.3899999856948853,213800
3368,2012-08-28,1.409999966621399,1.4199999570846558,1.399999976158142,1.399999976158142,193400
3369,2012-08-27,1.4199999570846558,1.440000057220459,1.3600000143051147,1.409999966621399,505200
3370,2012-08-24,1.4199999570846558,1.4500000476837158,1.4199999570846558,1.4299999475479126,330800
3371,2012-08-23,1.440000057220459,1.4600000381469727,1.4199999570846558,1.4299999475479126,380000
3372,2012-08-22,1.3899999856948853,1.4600000381469727,1.3899999856948853,1.440000057220459,331000
3373,2012-08-21,1.440000057220459,1.4600000381469727,1.409999966621399,1.4199999570846558,432800
3374,2012-08-20,1.440000057220459,1.4600000381469727,1.409999966621399,1.409999966621399,363700
3375,2012-08-17,1.4700000286102295,1.5,1.4500000476837158,1.4600000381469727,373000
3376,2012-08-16,1.3799999952316284,1.440000057220459,1.3799999952316284,1.440000057220459,1065000
3377,2012-08-15,1.3300000429153442,1.399999976158142,1.3300000429153442,1.3899999856948853,992000
3378,2012-08-14,1.3200000524520874,1.3600000143051147,1.309999942779541,1.340000033378601,390100
3379,2012-08-13,1.3200000524520874,1.3300000429153442,1.309999942779541,1.309999942779541,182600
3380,2012-08-10,1.309999942779541,1.340000033378601,1.2999999523162842,1.3300000429153442,200800
3381,2012-08-09,1.309999942779541,1.340000033378601,1.309999942779541,1.3200000524520874,236800
3382,2012-08-08,1.3300000429153442,1.350000023841858,1.309999942779541,1.3200000524520874,322800
3383,2012-08-07,1.3300000429153442,1.3600000143051147,1.2999999523162842,1.350000023841858,546500
3384,2012-08-06,1.2799999713897705,1.309999942779541,1.2799999713897705,1.2999999523162842,290200
3385,2012-08-03,1.340000033378601,1.340000033378601,1.2799999713897705,1.2999999523162842,509900
3386,2012-08-02,1.2999999523162842,1.309999942779541,1.2899999618530273,1.2899999618530273,405000
3387,2012-08-01,1.350000023841858,1.3700000047683716,1.2999999523162842,1.309999942779541,463100
3388,2012-07-31,1.3899999856948853,1.3899999856948853,1.350000023841858,1.350000023841858,283200
3389,2012-07-30,1.3799999952316284,1.399999976158142,1.3799999952316284,1.3899999856948853,282500
3390,2012-07-27,1.3799999952316284,1.3899999856948853,1.3600000143051147,1.3899999856948853,458500
3391,2012-07-26,1.3700000047683716,1.3899999856948853,1.3300000429153442,1.3700000047683716,648300
3392,2012-07-25,1.3300000429153442,1.340000033378601,1.2999999523162842,1.3300000429153442,189400
3393,2012-07-24,1.3300000429153442,1.340000033378601,1.2799999713897705,1.2999999523162842,272000
3394,2012-07-23,1.3300000429153442,1.3300000429153442,1.2799999713897705,1.3200000524520874,512000
3395,2012-07-20,1.350000023841858,1.3600000143051147,1.3300000429153442,1.3600000143051147,231900
3396,2012-07-19,1.3300000429153442,1.3899999856948853,1.3300000429153442,1.3899999856948853,498000
3397,2012-07-18,1.350000023841858,1.3600000143051147,1.309999942779541,1.309999942779541,198000
3398,2012-07-17,1.340000033378601,1.3600000143051147,1.2999999523162842,1.350000023841858,369500
3399,2012-07-16,1.350000023841858,1.3600000143051147,1.3300000429153442,1.340000033378601,121400
3400,2012-07-13,1.340000033378601,1.4199999570846558,1.3200000524520874,1.350000023841858,581300
3401,2012-07-12,1.350000023841858,1.350000023841858,1.2999999523162842,1.309999942779541,409400
3402,2012-07-11,1.3600000143051147,1.3799999952316284,1.3300000429153442,1.3600000143051147,233500
3403,2012-07-10,1.399999976158142,1.4299999475479126,1.340000033378601,1.3600000143051147,509500
3404,2012-07-09,1.4800000190734863,1.4800000190734863,1.399999976158142,1.399999976158142,486100
3405,2012-07-06,1.399999976158142,1.5,1.3700000047683716,1.4800000190734863,831100
3406,2012-07-05,1.399999976158142,1.4800000190734863,1.350000023841858,1.4199999570846558,1318900
3407,2012-07-03,1.2300000190734863,1.3200000524520874,1.2300000190734863,1.309999942779541,471900
3408,2012-07-02,1.2799999713897705,1.2999999523162842,1.2200000286102295,1.2300000190734863,1187200
3409,2012-06-29,1.142132043838501,1.142132043838501,1.1082910299301147,1.1336719989776611,718892
3410,2012-06-28,1.099830985069275,1.099830985069275,1.0744500160217285,1.0913710594177246,1029758
3411,2012-06-27,1.1252119541168213,1.1336719989776611,1.099830985069275,1.116750955581665,797614
3412,2012-06-26,1.1082910299301147,1.1336719989776611,1.0913710594177246,1.116750955581665,412873
3413,2012-06-25,1.142132043838501,1.1590520143508911,1.099830985069275,1.116750955581665,887327
3414,2012-06-22,1.1928930282592773,1.2098139524459839,1.142132043838501,1.1675130128860474,1231408
3415,2012-06-21,1.25211501121521,1.2605750560760498,1.1675130128860474,1.1928930282592773,802578
3416,2012-06-20,1.25211501121521,1.2859560251235962,1.2436549663543701,1.25211501121521,788276
3417,2012-06-19,1.25211501121521,1.2774959802627563,1.2436549663543701,1.2605750560760498,368311
3418,2012-06-18,1.1844329833984375,1.269036054611206,1.1844329833984375,1.25211501121521,611330
3419,2012-06-15,1.1844329833984375,1.2351950407028198,1.1844329833984375,1.2267340421676636,527290
3420,2012-06-14,1.2267340421676636,1.2436549663543701,1.1844329833984375,1.2098139524459839,859905
3421,2012-06-13,1.2351950407028198,1.269036054611206,1.2182739973068237,1.2351950407028198,401644
3422,2012-06-12,1.2605750560760498,1.269036054611206,1.2351950407028198,1.25211501121521,302710
3423,2012-06-11,1.2859560251235962,1.3113369941711426,1.2351950407028198,1.2436549663543701,447387
3424,2012-06-08,1.25211501121521,1.2944159507751465,1.25211501121521,1.269036054611206,305547
3425,2012-06-07,1.3197970390319824,1.3451780080795288,1.2436549663543701,1.3028759956359863,603293
3426,2012-06-06,1.269036054611206,1.3282569646835327,1.2436549663543701,1.2859560251235962,559677
3427,2012-06-05,1.2182739973068237,1.2774959802627563,1.1928930282592773,1.269036054611206,572561
3428,2012-06-04,1.2098139524459839,1.2267340421676636,1.1928930282592773,1.2182739973068237,364647
3429,2012-06-01,1.2013540267944336,1.2267340421676636,1.1844329833984375,1.2182739973068237,974914
3430,2012-05-31,1.2944159507751465,1.3113369941711426,1.2267340421676636,1.269036054611206,831301
3431,2012-05-30,1.3282569646835327,1.3451780080795288,1.3028759956359863,1.3028759956359863,515352
3432,2012-05-29,1.379019021987915,1.4467010498046875,1.3705580234527588,1.3959389925003052,839929
3433,2012-05-25,1.3705580234527588,1.379019021987915,1.3197970390319824,1.3367170095443726,694425
3434,2012-05-24,1.2605750560760498,1.3536380529403687,1.2605750560760498,1.3536380529403687,860969
3435,2012-05-23,1.142132043838501,1.2859560251235962,1.142132043838501,1.2859560251235962,810852
3436,2012-05-22,1.2098139524459839,1.2605750560760498,1.1675130128860474,1.1675130128860474,723857
3437,2012-05-21,1.2013540267944336,1.2605750560760498,1.2013540267944336,1.2351950407028198,623623
3438,2012-05-18,1.142132043838501,1.2436549663543701,1.142132043838501,1.1844329833984375,1070183
3439,2012-05-17,1.1252119541168213,1.1675130128860474,1.1252119541168213,1.1336719989776611,596674
3440,2012-05-16,1.1844329833984375,1.2013540267944336,1.1336719989776611,1.142132043838501,1154223
3441,2012-05-15,1.2774959802627563,1.2859560251235962,1.1844329833984375,1.2013540267944336,891464
3442,2012-05-14,1.2859560251235962,1.3113369941711426,1.25211501121521,1.2774959802627563,1251502
3443,2012-05-11,1.3874789476394653,1.4213199615478516,1.3282569646835327,1.3536380529403687,750334
3444,2012-05-10,1.3282569646835327,1.404399037361145,1.3282569646835327,1.3874789476394653,732840
3445,2012-05-09,1.3197970390319824,1.3451780080795288,1.3113369941711426,1.3367170095443726,729412
3446,2012-05-08,1.4128600358963013,1.4213199615478516,1.3197970390319824,1.3536380529403687,1342397
3447,2012-05-07,1.472080945968628,1.489001989364624,1.4382400512695312,1.472080945968628,456725
3448,2012-05-04,1.5566840171813965,1.5566840171813965,1.489001989364624,1.5059219598770142,597501
3449,2012-05-03,1.641286015510559,1.6751270294189453,1.5651439428329468,1.5905250310897827,788039
3450,2012-05-02,1.5736039876937866,1.6751270294189453,1.5566840171813965,1.6666669845581055,986261
3451,2012-05-01,1.5397629737854004,1.6159050464630127,1.5397629737854004,1.6074450016021729,955411
3452,2012-04-30,1.5820640325546265,1.5820640325546265,1.5059219598770142,1.5482230186462402,858841
3453,2012-04-27,1.624364972114563,1.624364972114563,1.5651439428329468,1.5820640325546265,594664
3454,2012-04-26,1.5228430032730103,1.624364972114563,1.5228430032730103,1.624364972114563,1071365
3455,2012-04-25,1.5397629737854004,1.5566840171813965,1.5059219598770142,1.5397629737854004,352945
3456,2012-04-24,1.514382004737854,1.5482230186462402,1.4974620342254639,1.53130304813385,474573
3457,2012-04-23,1.514382004737854,1.53130304813385,1.472080945968628,1.514382004737854,1274787
3458,2012-04-20,1.5566840171813965,1.6074450016021729,1.53130304813385,1.5482230186462402,1478682
3459,2012-04-19,1.4636210203170776,1.5905250310897827,1.4213199615478516,1.514382004737854,2056207
3460,2012-04-18,1.3874789476394653,1.5059219598770142,1.379019021987915,1.489001989364624,2134692
3461,2012-04-17,1.2436549663543701,1.5059219598770142,1.2351950407028198,1.4382400512695312,6200063
3462,2012-04-16,1.2267340421676636,1.269036054611206,1.1844329833984375,1.2098139524459839,313939
3463,2012-04-13,1.2859560251235962,1.2859560251235962,1.2098139524459839,1.2182739973068237,654946
3464,2012-04-12,1.1505919694900513,1.3028759956359863,1.1505919694900513,1.3028759956359863,851040
3465,2012-04-11,1.1928930282592773,1.2098139524459839,1.099830985069275,1.1336719989776611,1558585
3466,2012-04-10,1.1844329833984375,1.2182739973068237,1.1590520143508911,1.1928930282592773,820663
3467,2012-04-09,1.2098139524459839,1.2267340421676636,1.1928930282592773,1.2013540267944336,457907
3468,2012-04-05,1.2351950407028198,1.269036054611206,1.2098139524459839,1.2605750560760498,502705
3469,2012-04-04,1.2859560251235962,1.2859560251235962,1.2351950407028198,1.25211501121521,952101
3470,2012-04-03,1.2859560251235962,1.3367170095443726,1.2774959802627563,1.2944159507751465,1159660
3471,2012-04-02,1.2605750560760498,1.2944159507751465,1.2605750560760498,1.2859560251235962,474809
3472,2012-03-30,1.2859560251235962,1.2944159507751465,1.269036054611206,1.2944159507751465,819126
3473,2012-03-29,1.3113369941711426,1.3113369941711426,1.269036054611206,1.2859560251235962,1086494
3474,2012-03-28,1.3197970390319824,1.3451780080795288,1.3113369941711426,1.3113369941711426,799032
3475,2012-03-27,1.3367170095443726,1.362097978591919,1.3282569646835327,1.3367170095443726,376231
3476,2012-03-26,1.362097978591919,1.3705580234527588,1.3451780080795288,1.3451780080795288,444077
3477,2012-03-23,1.3197970390319824,1.3705580234527588,1.3197970390319824,1.3451780080795288,411927
3478,2012-03-22,1.3705580234527588,1.379019021987915,1.3282569646835327,1.3367170095443726,788158
3479,2012-03-21,1.3367170095443726,1.3959389925003052,1.3367170095443726,1.3959389925003052,1300909
3480,2012-03-20,1.3028759956359863,1.3705580234527588,1.3028759956359863,1.3367170095443726,775037
3481,2012-03-19,1.2944159507751465,1.362097978591919,1.2944159507751465,1.3367170095443726,837802
3482,2012-03-16,1.3367170095443726,1.362097978591919,1.3113369941711426,1.3113369941711426,1146658
3483,2012-03-15,1.3536380529403687,1.379019021987915,1.3367170095443726,1.3367170095443726,841702
3484,2012-03-14,1.4213199615478516,1.4297800064086914,1.3367170095443726,1.362097978591919,1250911
3485,2012-03-13,1.3028759956359863,1.4213199615478516,1.2944159507751465,1.404399037361145,2244736
3486,2012-03-12,1.3028759956359863,1.3367170095443726,1.269036054611206,1.2774959802627563,1258121
3487,2012-03-09,1.3874789476394653,1.4128600358963013,1.2859560251235962,1.3197970390319824,3605573
3488,2012-03-08,1.4297800064086914,1.4636210203170776,1.4213199615478516,1.4551609754562378,1355990
3489,2012-03-07,1.3959389925003052,1.4297800064086914,1.3536380529403687,1.4297800064086914,1710354
3490,2012-03-06,1.379019021987915,1.3959389925003052,1.3282569646835327,1.362097978591919,2658082
3491,2012-03-05,1.5651439428329468,1.5736039876937866,1.4382400512695312,1.4467010498046875,1975004
3492,2012-03-02,1.641286015510559,1.6497459411621094,1.5397629737854004,1.5736039876937866,1522652
3493,2012-03-01,1.6582059860229492,1.7005079984664917,1.6328259706497192,1.6328259706497192,755180
3494,2012-02-29,1.6497459411621094,1.734349012374878,1.6159050464630127,1.641286015510559,2442721
3495,2012-02-28,1.624364972114563,1.6835869550704956,1.6074450016021729,1.6328259706497192,1369820
3496,2012-02-27,1.6328259706497192,1.6497459411621094,1.5651439428329468,1.6159050464630127,1464734
3497,2012-02-24,1.6666669845581055,1.7089680433273315,1.624364972114563,1.641286015510559,1933397
3498,2012-02-23,1.6497459411621094,1.751268982887268,1.624364972114563,1.6497459411621094,3598244
3499,2012-02-22,1.6074450016021729,1.7174279689788818,1.5651439428329468,1.6582059860229492,3993151
3500,2012-02-21,1.5905250310897827,1.6497459411621094,1.5820640325546265,1.5820640325546265,1805269
3501,2012-02-17,1.5228430032730103,1.5651439428329468,1.514382004737854,1.5651439428329468,1142403
3502,2012-02-16,1.4467010498046875,1.53130304813385,1.4213199615478516,1.5059219598770142,1879144
3503,2012-02-15,1.4805409908294678,1.4974620342254639,1.4382400512695312,1.4636210203170776,1011674
3504,2012-02-14,1.5059219598770142,1.5228430032730103,1.4467010498046875,1.472080945968628,857777
3505,2012-02-13,1.5651439428329468,1.5736039876937866,1.4974620342254639,1.5059219598770142,931298
3506,2012-02-10,1.53130304813385,1.6497459411621094,1.4805409908294678,1.5736039876937866,2965047
3507,2012-02-09,1.489001989364624,1.5820640325546265,1.4805409908294678,1.5820640325546265,1674894
3508,2012-02-08,1.5059219598770142,1.514382004737854,1.4636210203170776,1.4636210203170776,539465
3509,2012-02-07,1.5397629737854004,1.5397629737854004,1.4805409908294678,1.4805409908294678,592655
3510,2012-02-06,1.4974620342254639,1.5482230186462402,1.4805409908294678,1.5228430032730103,855532
3511,2012-02-03,1.5228430032730103,1.5566840171813965,1.489001989364624,1.4974620342254639,694898
3512,2012-02-02,1.489001989364624,1.53130304813385,1.489001989364624,1.5059219598770142,784966
3513,2012-02-01,1.4974620342254639,1.5651439428329468,1.472080945968628,1.489001989364624,1288853
3514,2012-01-31,1.5651439428329468,1.5820640325546265,1.4382400512695312,1.4551609754562378,1230935
3515,2012-01-30,1.5482230186462402,1.5482230186462402,1.472080945968628,1.53130304813385,924324
3516,2012-01-27,1.53130304813385,1.5566840171813965,1.4974620342254639,1.5482230186462402,597265
3517,2012-01-26,1.598984956741333,1.624364972114563,1.5059219598770142,1.53130304813385,1062500
3518,2012-01-25,1.53130304813385,1.5820640325546265,1.4636210203170776,1.5736039876937866,2460924
3519,2012-01-24,1.624364972114563,1.6582059860229492,1.5651439428329468,1.5905250310897827,2033276
3520,2012-01-23,1.6582059860229492,1.7258880138397217,1.641286015510559,1.6920469999313354,1970039
3521,2012-01-20,1.5736039876937866,1.6497459411621094,1.5397629737854004,1.624364972114563,1972285
3522,2012-01-19,1.598984956741333,1.6074450016021729,1.5397629737854004,1.5820640325546265,1864960
3523,2012-01-18,1.4382400512695312,1.5397629737854004,1.3959389925003052,1.5397629737854004,2079374
3524,2012-01-17,1.5820640325546265,1.5905250310897827,1.404399037361145,1.4467010498046875,3525906
3525,2012-01-13,1.3282569646835327,1.3536380529403687,1.269036054611206,1.3282569646835327,1327031
3526,2012-01-12,1.2774959802627563,1.3536380529403687,1.2774959802627563,1.3367170095443726,1414381
3527,2012-01-11,1.2182739973068237,1.2774959802627563,1.1844329833984375,1.25211501121521,742651
3528,2012-01-10,1.1928930282592773,1.25211501121521,1.1928930282592773,1.2098139524459839,933780
3529,2012-01-09,1.1505919694900513,1.1844329833984375,1.142132043838501,1.1590520143508911,520789
3530,2012-01-06,1.1759730577468872,1.2013540267944336,1.1505919694900513,1.1590520143508911,503059
3531,2012-01-05,1.1928930282592773,1.2182739973068237,1.1505919694900513,1.1928930282592773,708609
3532,2012-01-04,1.1505919694900513,1.2351950407028198,1.142132043838501,1.2351950407028198,872671
3533,2012-01-03,1.0913710594177246,1.1590520143508911,1.0659899711608887,1.1590520143508911,1054699
3534,2011-12-30,1.0321489572525024,1.0575300455093384,1.0321489572525024,1.0575300455093384,2031267
3535,2011-12-29,1.0406090021133423,1.0490690469741821,1.0236890316009521,1.0490690469741821,1129756
3536,2011-12-28,1.0575300455093384,1.0829099416732788,1.0321489572525024,1.0321489572525024,1265213
3537,2011-12-27,1.0744500160217285,1.0913710594177246,1.0744500160217285,1.0744500160217285,496085
3538,2011-12-23,1.0321489572525024,1.116750955581665,1.0321489572525024,1.099830985069275,830828
3539,2011-12-22,1.1082910299301147,1.1252119541168213,1.0575300455093384,1.0659899711608887,1084012
3540,2011-12-21,1.1252119541168213,1.142132043838501,1.0829099416732788,1.116750955581665,886264
3541,2011-12-20,1.099830985069275,1.1336719989776611,1.0913710594177246,1.116750955581665,1049734
3542,2011-12-19,1.1675130128860474,1.1928930282592773,1.0829099416732788,1.0829099416732788,1326204
3543,2011-12-16,1.1082910299301147,1.1675130128860474,1.099830985069275,1.1336719989776611,1381522
3544,2011-12-15,1.142132043838501,1.1505919694900513,1.099830985069275,1.099830985069275,1019120
3545,2011-12-14,1.1675130128860474,1.1675130128860474,1.1252119541168213,1.1252119541168213,1006237
3546,2011-12-13,1.2182739973068237,1.2182739973068237,1.1675130128860474,1.1675130128860474,1000090
3547,2011-12-12,1.1759730577468872,1.2182739973068237,1.1759730577468872,1.1928930282592773,1195711
3548,2011-12-09,1.1928930282592773,1.2182739973068237,1.1844329833984375,1.2098139524459839,811798
3549,2011-12-08,1.2436549663543701,1.2436549663543701,1.1844329833984375,1.1844329833984375,744424
3550,2011-12-07,1.2605750560760498,1.2944159507751465,1.2436549663543701,1.25211501121521,998790
3551,2011-12-06,1.2436549663543701,1.25211501121521,1.1759730577468872,1.2436549663543701,1298545
3552,2011-12-05,1.25211501121521,1.3282569646835327,1.2351950407028198,1.2436549663543701,1322185
3553,2011-12-02,1.2351950407028198,1.25211501121521,1.1928930282592773,1.2098139524459839,932716
3554,2011-12-01,1.2013540267944336,1.2267340421676636,1.1675130128860474,1.2267340421676636,687806
3555,2011-11-30,1.1590520143508911,1.2098139524459839,1.1252119541168213,1.2098139524459839,1859995
3556,2011-11-29,1.099830985069275,1.116750955581665,1.0490690469741821,1.116750955581665,1359182
3557,2011-11-28,1.099830985069275,1.1675130128860474,1.0659899711608887,1.0659899711608887,1544638
3558,2011-11-25,1.015228033065796,1.0659899711608887,0.9898480176925659,1.0321489572525024,451051
3559,2011-11-23,1.1082910299301147,1.116750955581665,1.0321489572525024,1.0321489572525024,1674067
3560,2011-11-22,1.1844329833984375,1.1928930282592773,1.116750955581665,1.1336719989776611,1205758
3561,2011-11-21,1.2267340421676636,1.2351950407028198,1.1844329833984375,1.1928930282592773,1029758
3562,2011-11-18,1.2351950407028198,1.2859560251235962,1.2182739973068237,1.2774959802627563,1282825
3563,2011-11-17,1.2267340421676636,1.25211501121521,1.2013540267944336,1.2267340421676636,1220533
3564,2011-11-16,1.25211501121521,1.269036054611206,1.2182739973068237,1.2267340421676636,655064
3565,2011-11-15,1.2351950407028198,1.269036054611206,1.2013540267944336,1.269036054611206,904585
3566,2011-11-14,1.2436549663543701,1.269036054611206,1.1844329833984375,1.2182739973068237,960848
3567,2011-11-11,1.2436549663543701,1.25211501121521,1.2182739973068237,1.2436549663543701,657428
3568,2011-11-10,1.2098139524459839,1.2605750560760498,1.1844329833984375,1.2098139524459839,850449
3569,2011-11-09,1.2351950407028198,1.269036054611206,1.1928930282592773,1.1928930282592773,2438702
3570,2011-11-08,1.2774959802627563,1.2944159507751465,1.25211501121521,1.2605750560760498,1286843
3571,2011-11-07,1.3028759956359863,1.3536380529403687,1.25211501121521,1.2605750560760498,1455278
3572,2011-11-04,1.2944159507751465,1.3282569646835327,1.2605750560760498,1.2859560251235962,812980
3573,2011-11-03,1.3282569646835327,1.3367170095443726,1.2436549663543701,1.3028759956359863,1664020
3574,2011-11-02,1.2351950407028198,1.3028759956359863,1.2182739973068237,1.2944159507751465,1483528
3575,2011-11-01,1.2436549663543701,1.2436549663543701,1.1336719989776611,1.1928930282592773,2640588
3576,2011-10-31,1.3113369941711426,1.3451780080795288,1.2944159507751465,1.3367170095443726,1450196
3577,2011-10-28,1.3959389925003052,1.4213199615478516,1.3367170095443726,1.379019021987915,1535891
3578,2011-10-27,1.4128600358963013,1.4213199615478516,1.3536380529403687,1.3959389925003052,2249228
3579,2011-10-26,1.2351950407028198,1.3536380529403687,1.2267340421676636,1.3282569646835327,2745904
3580,2011-10-25,1.2182739973068237,1.269036054611206,1.1844329833984375,1.2436549663543701,1927842
3581,2011-10-24,1.1759730577468872,1.2267340421676636,1.1759730577468872,1.2267340421676636,1751133
3582,2011-10-21,1.1505919694900513,1.2013540267944336,1.142132043838501,1.1675130128860474,2568013
3583,2011-10-20,1.015228033065796,1.1252119541168213,1.006767988204956,1.116750955581665,2822025
3584,2011-10-19,1.0321489572525024,1.116750955581665,0.9898480176925659,1.015228033065796,2090012
3585,2011-10-18,0.9898480176925659,1.0406090021133423,0.9475470185279846,1.0321489572525024,1420291
3586,2011-10-17,1.0321489572525024,1.0321489572525024,0.9813870191574097,0.9898480176925659,979169
3587,2011-10-14,1.0406090021133423,1.0575300455093384,0.998308002948761,1.0490690469741821,1309301
3588,2011-10-13,1.0406090021133423,1.0490690469741821,0.9644669890403748,1.006767988204956,1107416
3589,2011-10-12,1.0490690469741821,1.0744500160217285,1.0236890316009521,1.0490690469741821,1410835
3590,2011-10-11,0.9813870191574097,1.015228033065796,0.9560070037841797,0.998308002948761,908722
3591,2011-10-10,0.9729269742965698,1.006767988204956,0.9475470185279846,0.9644669890403748,700453
3592,2011-10-07,0.9644669890403748,1.015228033065796,0.9221659898757935,0.9390860199928284,1931624
3593,2011-10-06,0.8967850208282471,0.9644669890403748,0.8967850208282471,0.9475470185279846,1624304
3594,2011-10-05,0.8206430077552795,0.8967850208282471,0.8037229776382446,0.8967850208282471,1741795
3595,2011-10-04,0.7614210247993469,0.7952619791030884,0.6852790117263794,0.7952619791030884,3086320
3596,2011-10-03,0.8798649907112122,0.8883249759674072,0.7868019938468933,0.7952619791030884,2594017
3597,2011-09-30,0.9052450060844421,0.9052450060844421,0.8629440069198608,0.8967850208282471,1398661
3598,2011-09-29,0.9729269742965698,1.006767988204956,0.8883249759674072,0.9137060046195984,2164597
3599,2011-09-28,1.0321489572525024,1.0490690469741821,0.9390860199928284,0.9475470185279846,1042760
3600,2011-09-27,1.0321489572525024,1.0659899711608887,1.006767988204956,1.0236890316009521,1489202
3601,2011-09-26,1.006767988204956,1.006767988204956,0.8883249759674072,0.9729269742965698,2079020
3602,2011-09-23,1.0321489572525024,1.0490690469741821,0.9729269742965698,0.9898480176925659,1873706
3603,2011-09-22,1.0575300455093384,1.099830985069275,1.0406090021133423,1.0490690469741821,2809259
3604,2011-09-21,1.1844329833984375,1.2013540267944336,1.142132043838501,1.1505919694900513,1143585
3605,2011-09-20,1.2267340421676636,1.2267340421676636,1.1844329833984375,1.2013540267944336,1099733
3606,2011-09-19,1.2013540267944336,1.2267340421676636,1.2013540267944336,1.2267340421676636,619723
3607,2011-09-16,1.2267340421676636,1.2605750560760498,1.2013540267944336,1.2436549663543701,1366274
3608,2011-09-15,1.2351950407028198,1.269036054611206,1.2267340421676636,1.2351950407028198,852340
3609,2011-09-14,1.269036054611206,1.269036054611206,1.2013540267944336,1.2267340421676636,1092168
3610,2011-09-13,1.1928930282592773,1.269036054611206,1.1928930282592773,1.2351950407028198,1381994
3611,2011-09-12,1.2182739973068237,1.2605750560760498,1.1928930282592773,1.2098139524459839,1482583
3612,2011-09-09,1.2944159507751465,1.3113369941711426,1.2351950407028198,1.2605750560760498,1510832
3613,2011-09-08,1.3113369941711426,1.3874789476394653,1.3028759956359863,1.3282569646835327,930352
3614,2011-09-07,1.269036054611206,1.3451780080795288,1.2605750560760498,1.3282569646835327,977278
3615,2011-09-06,1.25211501121521,1.2944159507751465,1.2182739973068237,1.2605750560760498,1783874
3616,2011-09-02,1.2859560251235962,1.3367170095443726,1.269036054611206,1.3113369941711426,1046425
3617,2011-09-01,1.3874789476394653,1.3959389925003052,1.3451780080795288,1.3536380529403687,948437
3618,2011-08-31,1.4213199615478516,1.4382400512695312,1.3874789476394653,1.3959389925003052,968649
3619,2011-08-30,1.3959389925003052,1.4382400512695312,1.379019021987915,1.3874789476394653,1103397
3620,2011-08-29,1.3113369941711426,1.4297800064086914,1.3028759956359863,1.4128600358963013,2248282
3621,2011-08-26,1.1928930282592773,1.2944159507751465,1.1675130128860474,1.2859560251235962,1355399
3622,2011-08-25,1.2436549663543701,1.2436549663543701,1.1844329833984375,1.1844329833984375,657192
3623,2011-08-24,1.2098139524459839,1.2267340421676636,1.1844329833984375,1.2182739973068237,863215
3624,2011-08-23,1.2013540267944336,1.2182739973068237,1.1590520143508911,1.2098139524459839,1225734
3625,2011-08-22,1.2859560251235962,1.2859560251235962,1.1844329833984375,1.1844329833984375,1994507
3626,2011-08-19,1.2351950407028198,1.3113369941711426,1.2267340421676636,1.2351950407028198,1162261
3627,2011-08-18,1.3197970390319824,1.3197970390319824,1.25211501121521,1.269036054611206,1665911
3628,2011-08-17,1.3705580234527588,1.3959389925003052,1.3282569646835327,1.3451780080795288,883190
3629,2011-08-16,1.4213199615478516,1.4297800064086914,1.3282569646835327,1.3367170095443726,2084221
3630,2011-08-15,1.4382400512695312,1.472080945968628,1.4213199615478516,1.4636210203170776,823618
3631,2011-08-12,1.472080945968628,1.472080945968628,1.3874789476394653,1.4128600358963013,1499367
3632,2011-08-11,1.3367170095443726,1.4213199615478516,1.3113369941711426,1.379019021987915,2406788
3633,2011-08-10,1.3028759956359863,1.4213199615478516,1.25211501121521,1.2944159507751465,2123818
3634,2011-08-09,1.269036054611206,1.3451780080795288,1.2267340421676636,1.3113369941711426,3453568
3635,2011-08-08,1.2859560251235962,1.2859560251235962,1.2013540267944336,1.2182739973068237,3125090
3636,2011-08-05,1.4467010498046875,1.489001989364624,1.2859560251235962,1.3536380529403687,4606372
3637,2011-08-04,1.641286015510559,1.641286015510559,1.4382400512695312,1.4551609754562378,3335013
3638,2011-08-03,1.7005079984664917,1.734349012374878,1.5905250310897827,1.6497459411621094,2593308
3639,2011-08-02,1.759729027748108,1.7851099967956543,1.7089680433273315,1.7089680433273315,1518870
3640,2011-08-01,1.8274110555648804,1.844331979751587,1.7174279689788818,1.7428090572357178,1230107
3641,2011-07-29,1.7005079984664917,1.7851099967956543,1.6666669845581055,1.7851099967956543,1610239
3642,2011-07-28,1.7005079984664917,1.8104909658432007,1.6751270294189453,1.7005079984664917,2095804
3643,2011-07-27,1.8189510107040405,1.8189510107040405,1.7005079984664917,1.7089680433273315,2441421
3644,2011-07-26,1.7766499519348145,1.8358709812164307,1.7174279689788818,1.8104909658432007,2407498
3645,2011-07-25,1.8104909658432007,1.861251950263977,1.759729027748108,1.7766499519348145,4954471
3646,2011-07-22,1.6666669845581055,1.8358709812164307,1.6582059860229492,1.8189510107040405,5472069
3647,2011-07-21,1.6074450016021729,1.6835869550704956,1.598984956741333,1.6582059860229492,1626787
3648,2011-07-20,1.6159050464630127,1.624364972114563,1.5566840171813965,1.598984956741333,762154
3649,2011-07-19,1.598984956741333,1.6159050464630127,1.5820640325546265,1.6074450016021729,820544
3650,2011-07-18,1.5820640325546265,1.624364972114563,1.5482230186462402,1.5820640325546265,1460952
3651,2011-07-15,1.5820640325546265,1.624364972114563,1.5651439428329468,1.6159050464630127,1452914
3652,2011-07-14,1.6074450016021729,1.6666669845581055,1.5736039876937866,1.5736039876937866,1524780
3653,2011-07-13,1.598984956741333,1.6497459411621094,1.5820640325546265,1.5820640325546265,1141930
3654,2011-07-12,1.53130304813385,1.5905250310897827,1.5228430032730103,1.5905250310897827,693243
3655,2011-07-11,1.6074450016021729,1.6497459411621094,1.5482230186462402,1.5651439428329468,1433411
3656,2011-07-08,1.7005079984664917,1.7005079984664917,1.6328259706497192,1.6582059860229492,2100059
3657,2011-07-07,1.7005079984664917,1.7174279689788818,1.6835869550704956,1.7174279689788818,3301326
3658,2011-07-06,1.641286015510559,1.6920469999313354,1.6074450016021729,1.6751270294189453,1594873
3659,2011-07-05,1.7005079984664917,1.7174279689788818,1.6074450016021729,1.6666669845581055,2131855
3660,2011-07-01,1.624364972114563,1.6582059860229492,1.5397629737854004,1.5651439428329468,2331731
3661,2011-06-30,1.472080945968628,1.624364972114563,1.4551609754562378,1.624364972114563,2461042
3662,2011-06-29,1.4382400512695312,1.4805409908294678,1.4213199615478516,1.4805409908294678,1978550
3663,2011-06-28,1.4467010498046875,1.472080945968628,1.379019021987915,1.4213199615478516,2884553
3664,2011-06-27,1.5059219598770142,1.5059219598770142,1.4382400512695312,1.4805409908294678,1525844
3665,2011-06-24,1.5566840171813965,1.5651439428329468,1.4974620342254639,1.5228430032730103,1101151
3666,2011-06-23,1.472080945968628,1.5566840171813965,1.4636210203170776,1.5566840171813965,1116754
3667,2011-06-22,1.514382004737854,1.5651439428329468,1.489001989364624,1.5228430032730103,1394405
3668,2011-06-21,1.4636210203170776,1.53130304813385,1.4636210203170776,1.4974620342254639,1067228
3669,2011-06-20,1.5228430032730103,1.53130304813385,1.4297800064086914,1.4382400512695312,1512724
3670,2011-06-17,1.4636210203170776,1.5482230186462402,1.4382400512695312,1.53130304813385,1904438
3671,2011-06-16,1.472080945968628,1.514382004737854,1.4636210203170776,1.4636210203170776,1021957
3672,2011-06-15,1.5397629737854004,1.5397629737854004,1.4805409908294678,1.4974620342254639,1317457
3673,2011-06-14,1.4805409908294678,1.5736039876937866,1.4805409908294678,1.5651439428329468,1495230
3674,2011-06-13,1.514382004737854,1.5482230186462402,1.4636210203170776,1.4805409908294678,2676521
3675,2011-06-10,1.6159050464630127,1.6159050464630127,1.5059219598770142,1.5228430032730103,2166133
3676,2011-06-09,1.5397629737854004,1.598984956741333,1.514382004737854,1.5905250310897827,1722765
3677,2011-06-08,1.6751270294189453,1.6920469999313354,1.4974620342254639,1.5482230186462402,5869812
3678,2011-06-07,1.7258880138397217,1.7428090572357178,1.6920469999313354,1.7005079984664917,1118054
3679,2011-06-06,1.7851099967956543,1.8104909658432007,1.7005079984664917,1.7174279689788818,1742977
3680,2011-06-03,1.8189510107040405,1.8358709812164307,1.7766499519348145,1.7935700416564941,1740377
3681,2011-06-02,1.844331979751587,1.8781729936599731,1.8020299673080444,1.8104909658432007,1554803
3682,2011-06-01,1.9458539485931396,1.9458539485931396,1.869711995124817,1.8781729936599731,930116
3683,2011-05-31,2.0219969749450684,2.055838108062744,1.9289339780807495,1.9373940229415894,2600164
3684,2011-05-27,1.844331979751587,1.996616005897522,1.844331979751587,1.996616005897522,4691240
3685,2011-05-26,1.8189510107040405,1.8189510107040405,1.734349012374878,1.8189510107040405,1902193
3686,2011-05-25,1.8020299673080444,1.8358709812164307,1.759729027748108,1.7935700416564941,1042879
3687,2011-05-24,1.7174279689788818,1.8189510107040405,1.7005079984664917,1.7935700416564941,2046515
3688,2011-05-23,1.6835869550704956,1.7174279689788818,1.6582059860229492,1.7005079984664917,676813
3689,2011-05-20,1.734349012374878,1.734349012374878,1.6666669845581055,1.7174279689788818,2225233
3690,2011-05-19,1.8020299673080444,1.8104909658432007,1.734349012374878,1.759729027748108,954583
3691,2011-05-18,1.7005079984664917,1.7851099967956543,1.6835869550704956,1.7851099967956543,2030203
3692,2011-05-17,1.6835869550704956,1.7174279689788818,1.6835869550704956,1.6920469999313354,3052397
3693,2011-05-16,1.8104909658432007,1.8104909658432007,1.6920469999313354,1.7089680433273315,2421800
3694,2011-05-13,1.8358709812164307,1.8358709812164307,1.7851099967956543,1.8104909658432007,1354217
3695,2011-05-12,1.8189510107040405,1.8189510107040405,1.7851099967956543,1.7851099967956543,2801576
3696,2011-05-11,1.9120140075683594,1.9120140075683594,1.8104909658432007,1.8274110555648804,2922495
3697,2011-05-10,1.886633038520813,1.9204740524291992,1.869711995124817,1.8950929641723633,1358709
3698,2011-05-09,1.844331979751587,1.9035530090332031,1.8358709812164307,1.886633038520813,3120125
3699,2011-05-06,1.844331979751587,1.9035530090332031,1.8189510107040405,1.8274110555648804,1826072
3700,2011-05-05,1.9120140075683594,1.9373940229415894,1.8020299673080444,1.844331979751587,3198256
3701,2011-05-04,1.9712350368499756,1.9796949625015259,1.9120140075683594,1.9627749919891357,2139775
3702,2011-05-03,1.9627749919891357,2.064297914505005,1.9458539485931396,1.9881559610366821,2944480
3703,2011-05-02,1.9712350368499756,2.030457019805908,1.9458539485931396,1.9881559610366821,2072046
3704,2011-04-29,1.9120140075683594,1.996616005897522,1.9035530090332031,1.9796949625015259,1203985
3705,2011-04-28,1.9627749919891357,1.9627749919891357,1.9373940229415894,1.9458539485931396,1229044
3706,2011-04-27,1.9627749919891357,1.9881559610366821,1.9204740524291992,1.9712350368499756,2033276
3707,2011-04-26,1.9881559610366821,2.013535976409912,1.9712350368499756,1.9881559610366821,1657873
3708,2011-04-25,2.038917064666748,2.0812180042266846,1.9881559610366821,2.038917064666748,1767799
3709,2011-04-21,2.013535976409912,2.038917064666748,1.996616005897522,2.030457019805908,1286489
3710,2011-04-20,1.954314947128296,2.0219969749450684,1.9458539485931396,2.0050759315490723,2451113
3711,2011-04-19,1.9458539485931396,1.9712350368499756,1.9120140075683594,1.9373940229415894,1593572
3712,2011-04-18,2.0219969749450684,2.0219969749450684,1.9204740524291992,1.9373940229415894,2099350
3713,2011-04-15,2.038917064666748,2.055838108062744,1.9881559610366821,2.013535976409912,2658436
3714,2011-04-14,1.9373940229415894,2.038917064666748,1.9120140075683594,1.996616005897522,2387876
3715,2011-04-13,1.9035530090332031,1.9712350368499756,1.9035530090332031,1.9627749919891357,1947109
3716,2011-04-12,2.030457019805908,2.030457019805908,1.8781729936599731,1.9035530090332031,4736983
3717,2011-04-11,2.140439987182617,2.140439987182617,2.030457019805908,2.047377109527588,2759261
3718,2011-04-08,2.089679002761841,2.1150588989257812,2.0727579593658447,2.1065990924835205,2339296
3719,2011-04-07,2.140439987182617,2.148900032043457,2.038917064666748,2.0812180042266846,3771998
3720,2011-04-06,2.157360076904297,2.157360076904297,2.089679002761841,2.140439987182617,3551201
3721,2011-04-05,2.165821075439453,2.165821075439453,2.0812180042266846,2.1065990924835205,2877579
3722,2011-04-04,2.123518943786621,2.165821075439453,2.1065990924835205,2.1065990924835205,2919658
3723,2011-04-01,2.013535976409912,2.148900032043457,1.996616005897522,2.1065990924835205,4487818
3724,2011-03-31,2.0219969749450684,2.064297914505005,1.9627749919891357,2.013535976409912,3955445
3725,2011-03-30,2.1150588989257812,2.148900032043457,2.030457019805908,2.055838108062744,5707405
3726,2011-03-29,2.140439987182617,2.1912009716033936,2.0981390476226807,2.1319799423217773,3244945
3727,2011-03-28,2.250422954559326,2.258882999420166,2.0981390476226807,2.174280881881714,6958079
3728,2011-03-25,2.267343044281006,2.3181049823760986,2.2250421047210693,2.309644937515259,4278958
3729,2011-03-24,2.368865966796875,2.368865966796875,2.258882999420166,2.284264087677002,3633704
3730,2011-03-23,2.3773269653320312,2.385787010192871,2.284264087677002,2.3434860706329346,3827789
3731,2011-03-22,2.470388889312744,2.50423002243042,2.360405921936035,2.394247055053711,6509038
3732,2011-03-21,2.394247055053711,2.4619290828704834,2.284264087677002,2.4280879497528076,11363748
3733,2011-03-18,2.148900032043457,2.275804042816162,2.1150588989257812,2.2081220149993896,13071265
3734,2011-03-17,1.9881559610366821,2.0812180042266846,1.9627749919891357,2.047377109527588,7509719
3735,2011-03-16,2.064297914505005,2.148900032043457,1.861251950263977,1.9373940229415894,13631297
3736,2011-03-15,1.7851099967956543,2.0727579593658447,1.7428090572357178,2.0050759315490723,18879968
3737,2011-03-14,1.9712350368499756,2.2250421047210693,1.9120140075683594,2.157360076904297,24936772
3738,2011-03-11,2.6226730346679688,2.7918779850006104,2.5126900672912598,2.7834179401397705,4685093
3739,2011-03-10,2.7918779850006104,2.80033802986145,2.6226730346679688,2.7072761058807373,5404222
3740,2011-03-09,2.9018609523773193,2.952622890472412,2.834178924560547,2.834178924560547,3749304
3741,2011-03-08,3.0879859924316406,3.0879859924316406,2.876481056213379,2.9272420406341553,5587550
3742,2011-03-07,3.265650987625122,3.291032075881958,3.0372250080108643,3.079525947570801,4083455
3743,2011-03-04,3.282572031021118,3.3502540588378906,3.2318100929260254,3.2571909427642822,2808196
3744,2011-03-03,3.197969913482666,3.316412925720215,3.1302878856658936,3.307952880859375,3040931
3745,2011-03-02,3.1133670806884766,3.206429958343506,3.0879859924316406,3.1387479305267334,2428655
3746,2011-03-01,3.2233500480651855,3.265650987625122,3.1133670806884766,3.1472079753875732,1934461
3747,2011-02-28,3.3502540588378906,3.3502540588378906,3.1472079753875732,3.197969913482666,3334422
3748,2011-02-25,3.1387479305267334,3.307952880859375,3.1133670806884766,3.291032075881958,4139600
3749,2011-02-24,3.096446990966797,3.1472079753875732,3.0287649631500244,3.0541460514068604,3678502
3750,2011-02-23,3.0879859924316406,3.1472079753875732,3.0372250080108643,3.1387479305267334,5316163
3751,2011-02-22,3.4686970710754395,3.4771571159362793,3.045685052871704,3.1472079753875732,8903060
3752,2011-02-18,3.502537965774536,3.5956010818481445,3.4517769813537598,3.502537965774536,2210340
3753,2011-02-17,3.5532989501953125,3.5956010818481445,3.4348559379577637,3.510998010635376,3014573
3754,2011-02-16,3.629441976547241,3.6802029609680176,3.5194590091705322,3.527919054031372,2802049
3755,2011-02-15,3.8240270614624023,3.8240270614624023,3.5956010818481445,3.620980978012085,4762751
3756,2011-02-14,3.5702199935913086,3.7901859283447266,3.5532989501953125,3.7648050785064697,4833907
3757,2011-02-11,3.401015043258667,3.5871400833129883,3.401015043258667,3.502537965774536,3695523
3758,2011-02-10,3.4602370262145996,3.4602370262145996,3.3248729705810547,3.426395893096924,2515532
3759,2011-02-09,3.4602370262145996,3.620980978012085,3.401015043258667,3.4517769813537598,4231205
3760,2011-02-08,3.5786800384521484,3.5786800384521484,3.401015043258667,3.4771571159362793,4187590
3761,2011-02-07,3.367173910140991,3.6040608882904053,3.341794013977051,3.4940779209136963,6752648
3762,2011-02-04,3.3756349086761475,3.3756349086761475,3.2741119861602783,3.3587141036987305,3175561
3763,2011-02-03,3.341794013977051,3.367173910140991,3.2148900032043457,3.316412925720215,3430637
3764,2011-02-02,3.3840949535369873,3.4348559379577637,3.316412925720215,3.341794013977051,4882960
3765,2011-02-01,3.2571909427642822,3.4348559379577637,3.2402710914611816,3.367173910140991,9515927
3766,2011-01-31,2.876481056213379,3.181049108505249,2.876481056213379,3.172589063644409,7464330
3767,2011-01-28,2.944161891937256,2.952622890472412,2.859560012817383,2.876481056213379,1905384
3768,2011-01-27,2.969542980194092,3.0626060962677,2.8680200576782227,2.9272420406341553,3850956
3769,2011-01-26,2.851099967956543,2.969542980194092,2.834178924560547,2.961082935333252,2943771
3770,2011-01-25,2.825719118118286,2.859560012817383,2.7749578952789307,2.825719118118286,2347097
3771,2011-01-24,2.876481056213379,2.9272420406341553,2.8172590732574463,2.876481056213379,2251828
3772,2011-01-21,2.859560012817383,2.944161891937256,2.834178924560547,2.8849411010742188,2760206
3773,2011-01-20,2.8172590732574463,2.859560012817383,2.6988160610198975,2.7664968967437744,3598717
3774,2011-01-19,3.045685052871704,3.1387479305267334,2.825719118118286,2.8849411010742188,7517638
3775,2011-01-18,2.842639923095703,3.0033841133117676,2.8172590732574463,3.0033841133117676,5518876
3776,2011-01-14,2.749577045440674,2.825719118118286,2.732656955718994,2.8172590732574463,1420055
3777,2011-01-13,2.825719118118286,2.9187819957733154,2.741117000579834,2.7834179401397705,2936206
3778,2011-01-12,2.8680200576782227,2.876481056213379,2.7918779850006104,2.825719118118286,3420472
3779,2011-01-11,2.6565139293670654,2.7834179401397705,2.614212989807129,2.7664968967437744,3186317
3780,2011-01-10,2.4619290828704834,2.605752944946289,2.394247055053711,2.588831901550293,2639642
3781,2011-01-07,2.5803720951080322,2.5803720951080322,2.394247055053711,2.521151065826416,4951398
3782,2011-01-06,2.6734349727630615,2.690355062484741,2.5719120502471924,2.588831901550293,2215541
3783,2011-01-05,2.6565139293670654,2.724195957183838,2.605752944946289,2.715735912322998,2019211
3784,2011-01-04,2.944161891937256,2.944161891937256,2.5549919605255127,2.724195957183838,4981421
3785,2011-01-03,2.9272420406341553,2.9949240684509277,2.876481056213379,2.9187819957733154,2592835
3786,2010-12-31,2.9187819957733154,2.9272420406341553,2.859560012817383,2.8934009075164795,1533172
3787,2010-12-30,2.935702085494995,2.935702085494995,2.8172590732574463,2.910320997238159,4230733
3788,2010-12-29,2.7918779850006104,2.910320997238159,2.7664968967437744,2.8849411010742188,3926722
3789,2010-12-28,2.6988160610198975,2.8172590732574463,2.6734349727630615,2.7918779850006104,1668393
3790,2010-12-27,2.7072761058807373,2.7072761058807373,2.6649749279022217,2.690355062484741,925624
3791,2010-12-23,2.8087990283966064,2.8087990283966064,2.6988160610198975,2.724195957183838,1534236
3792,2010-12-22,2.8172590732574463,2.834178924560547,2.749577045440674,2.7834179401397705,1574897
3793,2010-12-21,2.8087990283966064,2.842639923095703,2.7749578952789307,2.8172590732574463,1661774
3794,2010-12-20,2.7580370903015137,2.8087990283966064,2.690355062484741,2.7918779850006104,1794158
3795,2010-12-17,2.724195957183838,2.834178924560547,2.6818950176239014,2.7918779850006104,2998025
3796,2010-12-16,2.7580370903015137,2.7580370903015137,2.631134033203125,2.6734349727630615,2326294
3797,2010-12-15,2.8680200576782227,2.8680200576782227,2.6988160610198975,2.732656955718994,3447185
3798,2010-12-14,3.0033841133117676,3.0118439197540283,2.834178924560547,2.842639923095703,2946017
3799,2010-12-13,2.859560012817383,3.0287649631500244,2.859560012817383,2.969542980194092,4854238
3800,2010-12-10,2.834178924560547,2.842639923095703,2.749577045440674,2.825719118118286,2348752
3801,2010-12-09,2.876481056213379,2.910320997238159,2.80033802986145,2.834178924560547,2599336
3802,2010-12-08,2.961082935333252,2.969542980194092,2.724195957183838,2.7664968967437744,5706578
3803,2010-12-07,2.986464023590088,3.079525947570801,2.935702085494995,3.0118439197540283,5562728
3804,2010-12-06,2.7664968967437744,2.9187819957733154,2.7664968967437744,2.9187819957733154,3913484
3805,2010-12-03,2.825719118118286,2.851099967956543,2.749577045440674,2.8172590732574463,3155467
3806,2010-12-02,2.8934009075164795,2.9187819957733154,2.8087990283966064,2.842639923095703,4510748
3807,2010-12-01,2.6649749279022217,2.9018609523773193,2.6649749279022217,2.8680200576782227,9226337
3808,2010-11-30,2.6988160610198975,2.715735912322998,2.588831901550293,2.6226730346679688,4714289
3809,2010-11-29,2.7749578952789307,2.7834179401397705,2.5549919605255127,2.690355062484741,7020134
3810,2010-11-26,2.5380709171295166,2.80033802986145,2.49576997756958,2.6818950176239014,7635720
3811,2010-11-24,2.174280881881714,2.4873099327087402,2.174280881881714,2.4873099327087402,8193506
3812,2010-11-23,2.1150588989257812,2.140439987182617,2.064297914505005,2.123518943786621,2509150
3813,2010-11-22,2.148900032043457,2.1827409267425537,2.1150588989257812,2.140439987182617,1282352
3814,2010-11-19,2.148900032043457,2.1912009716033936,2.0981390476226807,2.174280881881714,1933397
3815,2010-11-18,2.1912009716033936,2.2081220149993896,2.123518943786621,2.140439987182617,2159396
3816,2010-11-17,2.0050759315490723,2.1150588989257812,1.9712350368499756,2.0981390476226807,2161878
3817,2010-11-16,2.1150588989257812,2.140439987182617,1.9627749919891357,2.0219969749450684,3783818
3818,2010-11-15,2.3011839389801025,2.3011839389801025,2.165821075439453,2.174280881881714,1850303
3819,2010-11-12,2.2419629096984863,2.275804042816162,2.148900032043457,2.250422954559326,2975094
3820,2010-11-11,2.3011839389801025,2.3350250720977783,2.2419629096984863,2.284264087677002,2676048
3821,2010-11-10,2.3011839389801025,2.4450080394744873,2.1150588989257812,2.3181049823760986,5946642
3822,2010-11-09,2.4619290828704834,2.614212989807129,2.2419629096984863,2.2419629096984863,8899633
3823,2010-11-08,2.1827409267425537,2.402707099914551,2.174280881881714,2.368865966796875,6858555
3824,2010-11-05,2.2081220149993896,2.2081220149993896,2.0219969749450684,2.123518943786621,4063480
3825,2010-11-04,2.394247055053711,2.394247055053711,2.157360076904297,2.165821075439453,4701996
3826,2010-11-03,1.9712350368499756,2.2419629096984863,1.9712350368499756,2.2250421047210693,7646713
3827,2010-11-02,1.8781729936599731,1.9712350368499756,1.861251950263977,1.9627749919891357,3833226
3828,2010-11-01,1.7851099967956543,1.844331979751587,1.7851099967956543,1.8358709812164307,1253629
3829,2010-10-29,1.751268982887268,1.7851099967956543,1.7428090572357178,1.7766499519348145,889928
3830,2010-10-28,1.7851099967956543,1.8104909658432007,1.7258880138397217,1.751268982887268,994653
3831,2010-10-27,1.8189510107040405,1.8189510107040405,1.6920469999313354,1.7766499519348145,1670639
3832,2010-10-26,1.8527920246124268,1.8527920246124268,1.8020299673080444,1.8104909658432007,1151504
3833,2010-10-25,1.8781729936599731,1.886633038520813,1.8020299673080444,1.8527920246124268,2426882
3834,2010-10-22,1.751268982887268,1.844331979751587,1.751268982887268,1.8358709812164307,1312611
3835,2010-10-21,1.869711995124817,1.8950929641723633,1.6920469999313354,1.7681900262832642,3676138
3836,2010-10-20,1.8274110555648804,1.8950929641723633,1.8020299673080444,1.869711995124817,2753114
3837,2010-10-19,1.7766499519348145,1.861251950263977,1.7174279689788818,1.7935700416564941,4102131
3838,2010-10-18,1.6920469999313354,1.8274110555648804,1.6497459411621094,1.8189510107040405,2869305
3839,2010-10-15,1.6920469999313354,1.7258880138397217,1.6666669845581055,1.6920469999313354,1986233
3840,2010-10-14,1.624364972114563,1.734349012374878,1.598984956741333,1.7089680433273315,3570822
3841,2010-10-13,1.598984956741333,1.598984956741333,1.5397629737854004,1.5905250310897827,2272395
3842,2010-10-12,1.5482230186462402,1.5651439428329468,1.489001989364624,1.5397629737854004,1169471
3843,2010-10-11,1.5482230186462402,1.5820640325546265,1.5482230186462402,1.5820640325546265,823499
3844,2010-10-08,1.5820640325546265,1.5820640325546265,1.5059219598770142,1.5482230186462402,1161079
3845,2010-10-07,1.514382004737854,1.5651439428329468,1.4551609754562378,1.5651439428329468,2191664
3846,2010-10-06,1.489001989364624,1.514382004737854,1.4636210203170776,1.514382004737854,1773709
3847,2010-10-05,1.4382400512695312,1.4974620342254639,1.404399037361145,1.4636210203170776,1431284
3848,2010-10-04,1.489001989364624,1.5228430032730103,1.404399037361145,1.4382400512695312,1354808
3849,2010-10-01,1.404399037361145,1.489001989364624,1.379019021987915,1.489001989364624,1612366
3850,2010-09-30,1.4636210203170776,1.489001989364624,1.379019021987915,1.3959389925003052,1654682
3851,2010-09-29,1.5228430032730103,1.5228430032730103,1.4213199615478516,1.4467010498046875,1297600
3852,2010-09-28,1.472080945968628,1.4974620342254639,1.4382400512695312,1.489001989364624,1583171
3853,2010-09-27,1.4128600358963013,1.489001989364624,1.3959389925003052,1.489001989364624,3285842
3854,2010-09-24,1.3197970390319824,1.3874789476394653,1.3197970390319824,1.3874789476394653,1444049
3855,2010-09-23,1.3705580234527588,1.3705580234527588,1.2859560251235962,1.3197970390319824,365238
3856,2010-09-22,1.3197970390319824,1.362097978591919,1.3113369941711426,1.3282569646835327,654592
3857,2010-09-21,1.3113369941711426,1.3536380529403687,1.2774959802627563,1.3197970390319824,1157060
3858,2010-09-20,1.3113369941711426,1.3536380529403687,1.2859560251235962,1.3113369941711426,1099733
3859,2010-09-17,1.3874789476394653,1.3874789476394653,1.2944159507751465,1.2944159507751465,414646
3860,2010-09-16,1.3959389925003052,1.404399037361145,1.3367170095443726,1.3451780080795288,790640
3861,2010-09-15,1.3197970390319824,1.404399037361145,1.3197970390319824,1.3959389925003052,1097605
3862,2010-09-14,1.3113369941711426,1.3451780080795288,1.2944159507751465,1.3451780080795288,1356936
3863,2010-09-13,1.379019021987915,1.379019021987915,1.2774959802627563,1.3028759956359863,939099
3864,2010-09-10,1.269036054611206,1.2774959802627563,1.2267340421676636,1.2605750560760498,680241
3865,2010-09-09,1.3113369941711426,1.3113369941711426,1.2436549663543701,1.2436549663543701,483674
3866,2010-09-08,1.269036054611206,1.3197970390319824,1.269036054611206,1.2859560251235962,1005173
3867,2010-09-07,1.1844329833984375,1.2859560251235962,1.1844329833984375,1.2774959802627563,826100
3868,2010-09-03,1.2351950407028198,1.2351950407028198,1.1928930282592773,1.2182739973068237,539819
3869,2010-09-02,1.2267340421676636,1.2267340421676636,1.1675130128860474,1.1675130128860474,425520
3870,2010-09-01,1.1505919694900513,1.2098139524459839,1.1505919694900513,1.1928930282592773,636271
3871,2010-08-31,1.1844329833984375,1.1844329833984375,1.142132043838501,1.1505919694900513,445496
3872,2010-08-30,1.1590520143508911,1.1844329833984375,1.1505919694900513,1.1675130128860474,655774
3873,2010-08-27,1.1844329833984375,1.1844329833984375,1.142132043838501,1.1505919694900513,458261
3874,2010-08-26,1.1844329833984375,1.2013540267944336,1.1675130128860474,1.1759730577468872,321740
3875,2010-08-25,1.1252119541168213,1.1844329833984375,1.116750955581665,1.1675130128860474,499513
3876,2010-08-24,1.1336719989776611,1.1505919694900513,1.116750955581665,1.142132043838501,417719
3877,2010-08-23,1.2098139524459839,1.2182739973068237,1.1675130128860474,1.1675130128860474,377767
3878,2010-08-20,1.1928930282592773,1.2098139524459839,1.1675130128860474,1.1928930282592773,609321
3879,2010-08-19,1.2436549663543701,1.269036054611206,1.2182739973068237,1.2182739973068237,477764
3880,2010-08-18,1.2267340421676636,1.2774959802627563,1.2182739973068237,1.269036054611206,647618
3881,2010-08-17,1.2267340421676636,1.2436549663543701,1.1928930282592773,1.2351950407028198,489939
3882,2010-08-16,1.1759730577468872,1.2098139524459839,1.1505919694900513,1.1928930282592773,308975
3883,2010-08-13,1.1844329833984375,1.2013540267944336,1.1336719989776611,1.142132043838501,422920
3884,2010-08-12,1.1675130128860474,1.2098139524459839,1.1675130128860474,1.1759730577468872,316540
3885,2010-08-11,1.2436549663543701,1.2605750560760498,1.1844329833984375,1.1844329833984375,982715
3886,2010-08-10,1.2436549663543701,1.2774959802627563,1.2436549663543701,1.269036054611206,443486
3887,2010-08-09,1.3451780080795288,1.3451780080795288,1.269036054611206,1.2859560251235962,605539
3888,2010-08-06,1.269036054611206,1.3197970390319824,1.25211501121521,1.2859560251235962,478946
3889,2010-08-05,1.2605750560760498,1.2859560251235962,1.2436549663543701,1.25211501121521,405899
3890,2010-08-04,1.3282569646835327,1.3282569646835327,1.269036054611206,1.2774959802627563,508851
3891,2010-08-03,1.2774959802627563,1.3282569646835327,1.2774959802627563,1.3197970390319824,443723
3892,2010-08-02,1.3197970390319824,1.3367170095443726,1.2944159507751465,1.3197970390319824,475282
3893,2010-07-30,1.269036054611206,1.2944159507751465,1.2351950407028198,1.2859560251235962,400580
3894,2010-07-29,1.3113369941711426,1.3113369941711426,1.2351950407028198,1.2774959802627563,770073
3895,2010-07-28,1.3113369941711426,1.3705580234527588,1.269036054611206,1.3113369941711426,1802550
3896,2010-07-27,1.116750955581665,1.2944159507751465,1.116750955581665,1.2944159507751465,2564467
3897,2010-07-26,1.0575300455093384,1.1590520143508911,1.0575300455093384,1.1336719989776611,974677
3898,2010-07-23,1.0321489572525024,1.0490690469741821,1.015228033065796,1.0406090021133423,854822
3899,2010-07-22,0.9729269742965698,1.015228033065796,0.9729269742965698,1.006767988204956,598683
3900,2010-07-21,0.998308002948761,0.998308002948761,0.9644669890403748,0.9813870191574097,299637
3901,2010-07-20,0.9729269742965698,0.998308002948761,0.9306259751319885,0.9898480176925659,737923
3902,2010-07-19,0.9898480176925659,0.9898480176925659,0.9475470185279846,0.9475470185279846,588518
3903,2010-07-16,1.015228033065796,1.015228033065796,0.9560070037841797,0.9560070037841797,408263
3904,2010-07-15,1.0236890316009521,1.0406090021133423,1.006767988204956,1.0236890316009521,603529
3905,2010-07-14,0.9898480176925659,1.006767988204956,0.9898480176925659,1.006767988204956,219261
3906,2010-07-13,0.9729269742965698,0.998308002948761,0.9729269742965698,0.9898480176925659,579062
3907,2010-07-12,0.9729269742965698,0.998308002948761,0.9560070037841797,0.9729269742965698,328951
3908,2010-07-09,0.9898480176925659,1.0236890316009521,0.9729269742965698,0.9813870191574097,280252
3909,2010-07-08,0.9729269742965698,1.006767988204956,0.9560070037841797,0.9898480176925659,349281
3910,2010-07-07,0.9560070037841797,0.9729269742965698,0.9137060046195984,0.9729269742965698,491476
3911,2010-07-06,0.9475470185279846,0.9644669890403748,0.9221659898757935,0.9221659898757935,426584
3912,2010-07-02,0.9729269742965698,1.006767988204956,0.9475470185279846,0.9560070037841797,303892
3913,2010-07-01,0.998308002948761,1.015228033065796,0.9560070037841797,0.9560070037841797,454715
3914,2010-06-30,1.0236890316009521,1.0406090021133423,0.998308002948761,1.015228033065796,313939
3915,2010-06-29,1.0575300455093384,1.0659899711608887,1.006767988204956,1.0490690469741821,524217
3916,2010-06-28,1.0575300455093384,1.0744500160217285,1.0490690469741821,1.0575300455093384,290063
3917,2010-06-25,1.0406090021133423,1.0744500160217285,1.0406090021133423,1.0575300455093384,195739
3918,2010-06-24,1.0744500160217285,1.0744500160217285,1.0490690469741821,1.0490690469741821,233445
3919,2010-06-23,1.0913710594177246,1.0913710594177246,1.0406090021133423,1.0829099416732788,419019
3920,2010-06-22,1.1082910299301147,1.1336719989776611,1.0659899711608887,1.0829099416732788,372212
3921,2010-06-21,1.1675130128860474,1.1675130128860474,1.1082910299301147,1.1082910299301147,158388
3922,2010-06-18,1.1590520143508911,1.1675130128860474,1.116750955581665,1.116750955581665,234391
3923,2010-06-17,1.099830985069275,1.1590520143508911,1.099830985069275,1.1590520143508911,329660
3924,2010-06-16,1.099830985069275,1.1252119541168213,1.099830985069275,1.099830985069275,119027
3925,2010-06-15,1.0913710594177246,1.1252119541168213,1.0913710594177246,1.1252119541168213,209096
3926,2010-06-14,1.099830985069275,1.1252119541168213,1.0829099416732788,1.0829099416732788,409799
3927,2010-06-11,1.099830985069275,1.116750955581665,1.0829099416732788,1.0913710594177246,205432
3928,2010-06-10,1.1252119541168213,1.1336719989776611,1.099830985069275,1.1082910299301147,217724
3929,2010-06-09,1.099830985069275,1.1252119541168213,1.0913710594177246,1.1252119541168213,405071
3930,2010-06-08,1.116750955581665,1.1336719989776611,1.099830985069275,1.099830985069275,419728
3931,2010-06-07,1.1252119541168213,1.1252119541168213,1.0744500160217285,1.1082910299301147,419019
3932,2010-06-04,1.1336719989776611,1.1505919694900513,1.1082910299301147,1.1252119541168213,296682
3933,2010-06-03,1.142132043838501,1.1759730577468872,1.1252119541168213,1.1675130128860474,495613
3934,2010-06-02,1.0913710594177246,1.142132043838501,1.0913710594177246,1.1336719989776611,281552
3935,2010-06-01,1.1252119541168213,1.1675130128860474,1.0913710594177246,1.0913710594177246,281198
3936,2010-05-28,1.1505919694900513,1.1675130128860474,1.1252119541168213,1.142132043838501,256139
3937,2010-05-27,1.1082910299301147,1.1590520143508911,1.099830985069275,1.142132043838501,443723
3938,2010-05-26,1.0913710594177246,1.1252119541168213,1.0744500160217285,1.0744500160217285,414646
3939,2010-05-25,1.0321489572525024,1.0744500160217285,1.006767988204956,1.0659899711608887,807188
3940,2010-05-24,1.099830985069275,1.099830985069275,1.0575300455093384,1.0575300455093384,242901
3941,2010-05-21,1.015228033065796,1.0913710594177246,1.015228033065796,1.0659899711608887,1032241
3942,2010-05-20,1.0575300455093384,1.0744500160217285,1.0321489572525024,1.0321489572525024,971959
3943,2010-05-19,1.099830985069275,1.099830985069275,1.0490690469741821,1.0659899711608887,1253275
3944,2010-05-18,1.1759730577468872,1.1844329833984375,1.099830985069275,1.116750955581665,860141
3945,2010-05-17,1.1590520143508911,1.1928930282592773,1.142132043838501,1.1590520143508911,627878
3946,2010-05-14,1.2436549663543701,1.2436549663543701,1.1675130128860474,1.1759730577468872,516061
3947,2010-05-13,1.25211501121521,1.25211501121521,1.2013540267944336,1.2267340421676636,329778
3948,2010-05-12,1.2267340421676636,1.2436549663543701,1.2098139524459839,1.2182739973068237,408026
3949,2010-05-11,1.2013540267944336,1.2267340421676636,1.2013540267944336,1.2267340421676636,453061
3950,2010-05-10,1.2013540267944336,1.269036054611206,1.2013540267944336,1.2182739973068237,521735
3951,2010-05-07,1.2013540267944336,1.2436549663543701,1.1675130128860474,1.1759730577468872,927988
3952,2010-05-06,1.2351950407028198,1.25211501121521,1.1675130128860474,1.2098139524459839,1015811
3953,2010-05-05,1.2351950407028198,1.2351950407028198,1.1844329833984375,1.2267340421676636,791940
3954,2010-05-04,1.3197970390319824,1.3282569646835327,1.2351950407028198,1.2436549663543701,1008955
3955,2010-05-03,1.362097978591919,1.3874789476394653,1.3367170095443726,1.3451780080795288,443250
3956,2010-04-30,1.3874789476394653,1.3874789476394653,1.3367170095443726,1.3536380529403687,536273
3957,2010-04-29,1.4213199615478516,1.4382400512695312,1.3705580234527588,1.3874789476394653,435922
3958,2010-04-28,1.4213199615478516,1.4467010498046875,1.404399037361145,1.4213199615478516,445614
3959,2010-04-27,1.4128600358963013,1.4551609754562378,1.3874789476394653,1.4297800064086914,1167343
3960,2010-04-26,1.4974620342254639,1.514382004737854,1.379019021987915,1.3874789476394653,1222070
3961,2010-04-23,1.3959389925003052,1.4805409908294678,1.3959389925003052,1.4805409908294678,1245710
3962,2010-04-22,1.3113369941711426,1.4213199615478516,1.3113369941711426,1.4213199615478516,925742
3963,2010-04-21,1.3367170095443726,1.3536380529403687,1.3113369941711426,1.3451780080795288,484738
3964,2010-04-20,1.2944159507751465,1.3536380529403687,1.2944159507751465,1.3367170095443726,1205167
3965,2010-04-19,1.1928930282592773,1.2774959802627563,1.1928930282592773,1.269036054611206,1956683
3966,2010-04-16,1.2436549663543701,1.2774959802627563,1.2436549663543701,1.2605750560760498,496795
3967,2010-04-15,1.3113369941711426,1.3113369941711426,1.25211501121521,1.25211501121521,568069
3968,2010-04-14,1.25211501121521,1.3113369941711426,1.25211501121521,1.3113369941711426,1196657
3969,2010-04-13,1.2774959802627563,1.2774959802627563,1.2267340421676636,1.25211501121521,517007
3970,2010-04-12,1.3451780080795288,1.3451780080795288,1.2351950407028198,1.25211501121521,956120
3971,2010-04-09,1.3197970390319824,1.3197970390319824,1.2859560251235962,1.3197970390319824,519253
3972,2010-04-08,1.3113369941711426,1.3197970390319824,1.269036054611206,1.3113369941711426,558731
3973,2010-04-07,1.362097978591919,1.4128600358963013,1.2944159507751465,1.3028759956359863,1142403
3974,2010-04-06,1.3705580234527588,1.3705580234527588,1.3367170095443726,1.362097978591919,850685
3975,2010-04-05,1.3028759956359863,1.3705580234527588,1.2944159507751465,1.3536380529403687,1012974
3976,2010-04-01,1.25211501121521,1.3113369941711426,1.2436549663543701,1.2944159507751465,998081
3977,2010-03-31,1.25211501121521,1.2774959802627563,1.2182739973068237,1.2351950407028198,488993
3978,2010-03-30,1.2182739973068237,1.2436549663543701,1.2098139524459839,1.2436549663543701,413227
3979,2010-03-29,1.1675130128860474,1.2267340421676636,1.1675130128860474,1.2098139524459839,333442
3980,2010-03-26,1.2013540267944336,1.2098139524459839,1.1590520143508911,1.1759730577468872,750806
3981,2010-03-25,1.2436549663543701,1.269036054611206,1.1844329833984375,1.2013540267944336,867470
3982,2010-03-24,1.2351950407028198,1.269036054611206,1.2098139524459839,1.2605750560760498,363465
3983,2010-03-23,1.2859560251235962,1.3282569646835327,1.2267340421676636,1.2351950407028198,735795
3984,2010-03-22,1.2859560251235962,1.3367170095443726,1.2774959802627563,1.3113369941711426,582253
3985,2010-03-19,1.362097978591919,1.3874789476394653,1.2605750560760498,1.362097978591919,1337906
3986,2010-03-18,1.379019021987915,1.4213199615478516,1.3197970390319824,1.3367170095443726,1345589
3987,2010-03-17,1.3536380529403687,1.4213199615478516,1.3451780080795288,1.3959389925003052,2848265
3988,2010-03-16,1.2351950407028198,1.3197970390319824,1.2351950407028198,1.3197970390319824,2042260
3989,2010-03-15,1.1928930282592773,1.2098139524459839,1.142132043838501,1.2098139524459839,768891
3990,2010-03-12,1.1675130128860474,1.1928930282592773,1.1675130128860474,1.1759730577468872,481901
3991,2010-03-11,1.1928930282592773,1.1928930282592773,1.1675130128860474,1.1759730577468872,309684
3992,2010-03-10,1.1928930282592773,1.2013540267944336,1.1759730577468872,1.1759730577468872,412282
3993,2010-03-09,1.1928930282592773,1.2098139524459839,1.1844329833984375,1.2013540267944336,350818
3994,2010-03-08,1.2098139524459839,1.2098139524459839,1.1844329833984375,1.1928930282592773,315239
3995,2010-03-05,1.1844329833984375,1.2013540267944336,1.1844329833984375,1.1844329833984375,435567
3996,2010-03-04,1.2098139524459839,1.2182739973068237,1.1675130128860474,1.1844329833984375,317958
3997,2010-03-03,1.2098139524459839,1.2182739973068237,1.1844329833984375,1.2013540267944336,287935
3998,2010-03-02,1.2098139524459839,1.2098139524459839,1.1759730577468872,1.2013540267944336,437813
3999,2010-03-01,1.1759730577468872,1.1844329833984375,1.1590520143508911,1.1844329833984375,259094
4000,2010-02-26,1.1675130128860474,1.2013540267944336,1.142132043838501,1.1505919694900513,486393
4001,2010-02-25,1.116750955581665,1.1590520143508911,1.1082910299301147,1.1505919694900513,313703
4002,2010-02-24,1.1759730577468872,1.2013540267944336,1.142132043838501,1.1675130128860474,360628
4003,2010-02-23,1.2013540267944336,1.2013540267944336,1.1336719989776611,1.1759730577468872,681896
4004,2010-02-22,1.2436549663543701,1.25211501121521,1.1844329833984375,1.1844329833984375,468190
4005,2010-02-19,1.1928930282592773,1.2436549663543701,1.1928930282592773,1.2182739973068237,565469
4006,2010-02-18,1.2267340421676636,1.2351950407028198,1.1928930282592773,1.1928930282592773,624687
4007,2010-02-17,1.2182739973068237,1.269036054611206,1.1928930282592773,1.2351950407028198,694898
4008,2010-02-16,1.1082910299301147,1.2098139524459839,1.1082910299301147,1.1928930282592773,1293108
4009,2010-02-12,1.0659899711608887,1.1082910299301147,1.0659899711608887,1.099830985069275,233563
4010,2010-02-11,1.0829099416732788,1.116750955581665,1.0744500160217285,1.116750955581665,578707
4011,2010-02-10,1.099830985069275,1.1082910299301147,1.0659899711608887,1.0744500160217285,369257
4012,2010-02-09,1.0321489572525024,1.116750955581665,1.0321489572525024,1.0744500160217285,605657
4013,2010-02-08,1.099830985069275,1.1082910299301147,1.0406090021133423,1.0406090021133423,361337
4014,2010-02-05,1.0829099416732788,1.1082910299301147,1.0321489572525024,1.0913710594177246,1284361
4015,2010-02-04,1.142132043838501,1.1505919694900513,1.0829099416732788,1.099830985069275,752343
4016,2010-02-03,1.2013540267944336,1.2013540267944336,1.1505919694900513,1.1590520143508911,561686
4017,2010-02-02,1.25211501121521,1.25211501121521,1.1928930282592773,1.2098139524459839,666293
4018,2010-02-01,1.1336719989776611,1.1928930282592773,1.1252119541168213,1.1844329833984375,694661
4019,2010-01-29,1.142132043838501,1.2013540267944336,1.116750955581665,1.116750955581665,1044061
4020,2010-01-28,1.2351950407028198,1.2351950407028198,1.099830985069275,1.099830985069275,953165
4021,2010-01-27,1.1844329833984375,1.2182739973068237,1.1844329833984375,1.1844329833984375,1198312
4022,2010-01-26,1.2098139524459839,1.2267340421676636,1.2013540267944336,1.2013540267944336,835083
4023,2010-01-25,1.2436549663543701,1.2774959802627563,1.2182739973068237,1.2267340421676636,950328
4024,2010-01-22,1.2351950407028198,1.2774959802627563,1.2098139524459839,1.2098139524459839,966049
4025,2010-01-21,1.3536380529403687,1.3536380529403687,1.2267340421676636,1.25211501121521,1571705
4026,2010-01-20,1.3705580234527588,1.3874789476394653,1.3113369941711426,1.3536380529403687,1589672
4027,2010-01-19,1.3197970390319824,1.379019021987915,1.3197970390319824,1.379019021987915,1118527
4028,2010-01-15,1.362097978591919,1.3705580234527588,1.2774959802627563,1.2859560251235962,899147
4029,2010-01-14,1.269036054611206,1.3705580234527588,1.2351950407028198,1.3536380529403687,1859877
4030,2010-01-13,1.25211501121521,1.269036054611206,1.2351950407028198,1.2605750560760498,548921
4031,2010-01-12,1.2267340421676636,1.2774959802627563,1.2267340421676636,1.2351950407028198,817826
4032,2010-01-11,1.3028759956359863,1.3113369941711426,1.2267340421676636,1.25211501121521,836265
4033,2010-01-08,1.3113369941711426,1.3113369941711426,1.2351950407028198,1.2605750560760498,429775
4034,2010-01-07,1.269036054611206,1.2859560251235962,1.1928930282592773,1.269036054611206,570906
4035,2010-01-06,1.3113369941711426,1.3197970390319824,1.2351950407028198,1.2436549663543701,1371356
4036,2010-01-05,1.1082910299301147,1.269036054611206,1.0913710594177246,1.269036054611206,2187882
4037,2010-01-04,1.1082910299301147,1.116750955581665,1.0744500160217285,1.0913710594177246,1536009
4038,2009-12-31,1.0913710594177246,1.099830985069275,1.0406090021133423,1.0744500160217285,498331
4039,2009-12-30,1.0406090021133423,1.0744500160217285,1.0321489572525024,1.0406090021133423,916641
4040,2009-12-29,1.0659899711608887,1.1252119541168213,1.0490690469741821,1.0659899711608887,1313438
4041,2009-12-28,1.099830985069275,1.116750955581665,1.0490690469741821,1.0490690469741821,703408
4042,2009-12-24,1.099830985069275,1.142132043838501,1.099830985069275,1.116750955581665,857659
4043,2009-12-23,0.9729269742965698,1.099830985069275,0.9560070037841797,1.0913710594177246,1668866
4044,2009-12-22,0.998308002948761,0.998308002948761,0.9560070037841797,0.9560070037841797,930589
4045,2009-12-21,0.9560070037841797,0.998308002948761,0.9560070037841797,0.9813870191574097,920305
4046,2009-12-18,0.9729269742965698,0.9898480176925659,0.9475470185279846,0.9729269742965698,1236963
4047,2009-12-17,1.015228033065796,1.015228033065796,0.9475470185279846,0.998308002948761,1218051
4048,2009-12-16,1.0744500160217285,1.0829099416732788,1.006767988204956,1.0236890316009521,1263558
4049,2009-12-15,1.116750955581665,1.116750955581665,1.0575300455093384,1.0575300455093384,653055
4050,2009-12-14,1.142132043838501,1.142132043838501,1.099830985069275,1.1082910299301147,463580
4051,2009-12-11,1.1082910299301147,1.142132043838501,1.1082910299301147,1.116750955581665,628588
4052,2009-12-10,1.1252119541168213,1.1505919694900513,1.099830985069275,1.1252119541168213,444787
4053,2009-12-09,1.1336719989776611,1.1336719989776611,1.0829099416732788,1.1252119541168213,710146
4054,2009-12-08,1.1252119541168213,1.1336719989776611,1.116750955581665,1.1252119541168213,361456
4055,2009-12-07,1.1590520143508911,1.1675130128860474,1.1336719989776611,1.1336719989776611,861678
4056,2009-12-04,1.1252119541168213,1.1675130128860474,1.1252119541168213,1.1590520143508911,627051
4057,2009-12-03,1.1590520143508911,1.1844329833984375,1.142132043838501,1.142132043838501,815344
4058,2009-12-02,1.2098139524459839,1.2098139524459839,1.1590520143508911,1.1675130128860474,523862
4059,2009-12-01,1.1675130128860474,1.2013540267944336,1.1675130128860474,1.1844329833984375,520080
4060,2009-11-30,1.1759730577468872,1.1844329833984375,1.1590520143508911,1.1759730577468872,550221
4061,2009-11-27,1.142132043838501,1.1928930282592773,1.142132043838501,1.1759730577468872,392306
4062,2009-11-25,1.1505919694900513,1.2182739973068237,1.1505919694900513,1.2098139524459839,792058
4063,2009-11-24,1.1928930282592773,1.1928930282592773,1.1590520143508911,1.1590520143508911,329778
4064,2009-11-23,1.2182739973068237,1.2182739973068237,1.1759730577468872,1.1844329833984375,596792
4065,2009-11-20,1.1759730577468872,1.2013540267944336,1.1675130128860474,1.2013540267944336,706245
4066,2009-11-19,1.1759730577468872,1.2182739973068237,1.1590520143508911,1.1590520143508911,449633
4067,2009-11-18,1.2436549663543701,1.25211501121521,1.2098139524459839,1.2182739973068237,671021
4068,2009-11-17,1.2774959802627563,1.2774959802627563,1.2267340421676636,1.2267340421676636,568778
4069,2009-11-16,1.2267340421676636,1.3028759956359863,1.2182739973068237,1.25211501121521,1261549
4070,2009-11-13,1.2436549663543701,1.2436549663543701,1.1675130128860474,1.2098139524459839,1368165
4071,2009-11-12,1.2774959802627563,1.2944159507751465,1.116750955581665,1.1844329833984375,2590826
4072,2009-11-11,1.3113369941711426,1.3197970390319824,1.2859560251235962,1.3113369941711426,547266
4073,2009-11-10,1.269036054611206,1.3113369941711426,1.2605750560760498,1.2859560251235962,669485
4074,2009-11-09,1.269036054611206,1.3028759956359863,1.2605750560760498,1.2605750560760498,1073729
4075,2009-11-06,1.269036054611206,1.3028759956359863,1.2267340421676636,1.2351950407028198,1290035
4076,2009-11-05,1.2944159507751465,1.3367170095443726,1.269036054611206,1.2859560251235962,621968
4077,2009-11-04,1.2774959802627563,1.3451780080795288,1.2774959802627563,1.2944159507751465,720784
4078,2009-11-03,1.1844329833984375,1.3113369941711426,1.1844329833984375,1.2859560251235962,860969
4079,2009-11-02,1.269036054611206,1.3028759956359863,1.2182739973068237,1.2267340421676636,1236136
4080,2009-10-30,1.379019021987915,1.379019021987915,1.2267340421676636,1.2605750560760498,964394
4081,2009-10-29,1.2605750560760498,1.3451780080795288,1.2605750560760498,1.2774959802627563,932007
4082,2009-10-28,1.2859560251235962,1.3028759956359863,1.2013540267944336,1.2267340421676636,1907039
4083,2009-10-27,1.3705580234527588,1.3705580234527588,1.2944159507751465,1.3028759956359863,1191338
4084,2009-10-26,1.4805409908294678,1.4805409908294678,1.3282569646835327,1.3451780080795288,2597327
4085,2009-10-23,1.5397629737854004,1.5397629737854004,1.4128600358963013,1.4213199615478516,2056562
4086,2009-10-22,1.4636210203170776,1.4974620342254639,1.4551609754562378,1.4636210203170776,1495112
4087,2009-10-21,1.5482230186462402,1.5482230186462402,1.4551609754562378,1.472080945968628,2489292
4088,2009-10-20,1.4382400512695312,1.5905250310897827,1.4382400512695312,1.5228430032730103,6083518
4089,2009-10-19,1.489001989364624,1.4974620342254639,1.4382400512695312,1.4382400512695312,1293344
4090,2009-10-16,1.4636210203170776,1.4974620342254639,1.4382400512695312,1.489001989364624,1346889
4091,2009-10-15,1.4551609754562378,1.489001989364624,1.4382400512695312,1.4551609754562378,1876661
4092,2009-10-14,1.5482230186462402,1.5736039876937866,1.4805409908294678,1.489001989364624,3676966
4093,2009-10-13,1.6074450016021729,1.6159050464630127,1.514382004737854,1.5397629737854004,1895219
4094,2009-10-12,1.624364972114563,1.751268982887268,1.5228430032730103,1.6751270294189453,3578860
4095,2009-10-09,1.5651439428329468,1.598984956741333,1.514382004737854,1.514382004737854,1078693
4096,2009-10-08,1.5482230186462402,1.6074450016021729,1.5397629737854004,1.5482230186462402,1925123
4097,2009-10-07,1.4382400512695312,1.5482230186462402,1.4382400512695312,1.53130304813385,1429747
4098,2009-10-06,1.4974620342254639,1.514382004737854,1.404399037361145,1.4128600358963013,1162852
4099,2009-10-05,1.362097978591919,1.472080945968628,1.362097978591919,1.4467010498046875,878699
4100,2009-10-02,1.3282569646835327,1.4128600358963013,1.2944159507751465,1.3705580234527588,1506695
4101,2009-10-01,1.5820640325546265,1.5820640325546265,1.3959389925003052,1.4128600358963013,2151949
4102,2009-09-30,1.5228430032730103,1.5736039876937866,1.4805409908294678,1.5736039876937866,1216751
4103,2009-09-29,1.6666669845581055,1.6751270294189453,1.5228430032730103,1.5228430032730103,1586835
4104,2009-09-28,1.6497459411621094,1.6666669845581055,1.598984956741333,1.641286015510559,930707
4105,2009-09-25,1.6328259706497192,1.641286015510559,1.5482230186462402,1.6328259706497192,1487429
4106,2009-09-24,1.6835869550704956,1.7089680433273315,1.53130304813385,1.6328259706497192,3845992
4107,2009-09-23,1.7851099967956543,1.8358709812164307,1.7174279689788818,1.7174279689788818,2494493
4108,2009-09-22,1.7935700416564941,1.8189510107040405,1.7089680433273315,1.7766499519348145,5631994
4109,2009-09-21,1.5651439428329468,1.6074450016021729,1.4974620342254639,1.6074450016021729,1286962
4110,2009-09-18,1.4974620342254639,1.6159050464630127,1.4382400512695312,1.5820640325546265,1398188
4111,2009-09-17,1.5736039876937866,1.6497459411621094,1.4382400512695312,1.4636210203170776,3255464
4112,2009-09-16,1.4382400512695312,1.5736039876937866,1.404399037361145,1.5397629737854004,4422098
4113,2009-09-15,1.3113369941711426,1.3874789476394653,1.2605750560760498,1.379019021987915,1101979
4114,2009-09-14,1.269036054611206,1.2859560251235962,1.25211501121521,1.2605750560760498,459916
4115,2009-09-11,1.3197970390319824,1.3282569646835327,1.269036054611206,1.2859560251235962,676813
4116,2009-09-10,1.3282569646835327,1.3282569646835327,1.2774959802627563,1.3028759956359863,568897
4117,2009-09-09,1.269036054611206,1.3197970390319824,1.269036054611206,1.3113369941711426,594664
4118,2009-09-08,1.269036054611206,1.3113369941711426,1.269036054611206,1.2774959802627563,1007537
4119,2009-09-04,1.1928930282592773,1.2605750560760498,1.1928930282592773,1.2436549663543701,841229
4120,2009-09-03,1.2013540267944336,1.25211501121521,1.1759730577468872,1.2013540267944336,979996
4121,2009-09-02,1.116750955581665,1.1759730577468872,1.0575300455093384,1.1759730577468872,1169234
4122,2009-09-01,1.1252119541168213,1.1590520143508911,1.1082910299301147,1.1252119541168213,1178809
4123,2009-08-31,1.1675130128860474,1.1675130128860474,1.116750955581665,1.1252119541168213,794068
4124,2009-08-28,1.1759730577468872,1.1759730577468872,1.1505919694900513,1.1759730577468872,669367
4125,2009-08-27,1.2098139524459839,1.25211501121521,1.1252119541168213,1.1759730577468872,1057654
4126,2009-08-26,1.2944159507751465,1.2944159507751465,1.1759730577468872,1.1928930282592773,1661183
4127,2009-08-25,1.3197970390319824,1.3536380529403687,1.2351950407028198,1.2436549663543701,1086613
4128,2009-08-24,1.3959389925003052,1.3959389925003052,1.3282569646835327,1.3367170095443726,605657
4129,2009-08-21,1.3451780080795288,1.3705580234527588,1.3367170095443726,1.3705580234527588,418310
4130,2009-08-20,1.3451780080795288,1.3451780080795288,1.3113369941711426,1.3367170095443726,467954
4131,2009-08-19,1.3451780080795288,1.3451780080795288,1.2944159507751465,1.3113369941711426,490530
4132,2009-08-18,1.2859560251235962,1.3367170095443726,1.2859560251235962,1.3197970390319824,248102
4133,2009-08-17,1.3197970390319824,1.379019021987915,1.2944159507751465,1.3197970390319824,849503
4134,2009-08-14,1.4636210203170776,1.4636210203170776,1.379019021987915,1.3874789476394653,680596
4135,2009-08-13,1.4382400512695312,1.4382400512695312,1.3874789476394653,1.404399037361145,432967
4136,2009-08-12,1.3536380529403687,1.4128600358963013,1.3536380529403687,1.3874789476394653,334742
4137,2009-08-11,1.3705580234527588,1.3874789476394653,1.3367170095443726,1.379019021987915,481310
4138,2009-08-10,1.4636210203170776,1.4636210203170776,1.3959389925003052,1.3959389925003052,495613
4139,2009-08-07,1.4297800064086914,1.4636210203170776,1.4213199615478516,1.4297800064086914,534146
4140,2009-08-06,1.4805409908294678,1.4805409908294678,1.4213199615478516,1.4551609754562378,394315
4141,2009-08-05,1.489001989364624,1.489001989364624,1.4213199615478516,1.4636210203170776,414764
4142,2009-08-04,1.5482230186462402,1.5482230186462402,1.4213199615478516,1.4297800064086914,1610593
4143,2009-08-03,1.4467010498046875,1.5482230186462402,1.4467010498046875,1.4974620342254639,798914
4144,2009-07-31,1.3959389925003052,1.4636210203170776,1.3959389925003052,1.4382400512695312,507669
4145,2009-07-30,1.3959389925003052,1.4297800064086914,1.3536380529403687,1.4213199615478516,649154
4146,2009-07-29,1.4551609754562378,1.4551609754562378,1.3536380529403687,1.3705580234527588,790049
4147,2009-07-28,1.5397629737854004,1.5566840171813965,1.4297800064086914,1.4551609754562378,1828081
4148,2009-07-27,1.489001989364624,1.598984956741333,1.489001989364624,1.53130304813385,800923
4149,2009-07-24,1.472080945968628,1.5228430032730103,1.472080945968628,1.5059219598770142,714046
4150,2009-07-23,1.4467010498046875,1.514382004737854,1.4297800064086914,1.4297800064086914,501050
4151,2009-07-22,1.4382400512695312,1.4636210203170776,1.3959389925003052,1.4636210203170776,460507
4152,2009-07-21,1.4805409908294678,1.5228430032730103,1.4467010498046875,1.4551609754562378,476464
4153,2009-07-20,1.4636210203170776,1.5059219598770142,1.4636210203170776,1.472080945968628,836620
4154,2009-07-17,1.489001989364624,1.4974620342254639,1.4551609754562378,1.4551609754562378,438995
4155,2009-07-16,1.4974620342254639,1.514382004737854,1.472080945968628,1.514382004737854,547502
4156,2009-07-15,1.4297800064086914,1.5228430032730103,1.4297800064086914,1.514382004737854,1226207
4157,2009-07-14,1.3113369941711426,1.4213199615478516,1.3113369941711426,1.3705580234527588,990634
4158,2009-07-13,1.2944159507751465,1.2944159507751465,1.2013540267944336,1.2774959802627563,595255
4159,2009-07-10,1.2182739973068237,1.25211501121521,1.1928930282592773,1.2436549663543701,498922
4160,2009-07-09,1.2436549663543701,1.2859560251235962,1.1844329833984375,1.2605750560760498,1831154
4161,2009-07-08,1.269036054611206,1.269036054611206,1.1336719989776611,1.1675130128860474,1061436
4162,2009-07-07,1.269036054611206,1.3451780080795288,1.2351950407028198,1.25211501121521,682487
4163,2009-07-06,1.4213199615478516,1.4213199615478516,1.2859560251235962,1.3197970390319824,1086967
4164,2009-07-02,1.3874789476394653,1.4213199615478516,1.3451780080795288,1.404399037361145,869597
4165,2009-07-01,1.3536380529403687,1.4297800064086914,1.3451780080795288,1.3874789476394653,375876
4166,2009-06-30,1.3959389925003052,1.4805409908294678,1.3367170095443726,1.3705580234527588,1257057
4167,2009-06-29,1.4636210203170776,1.4636210203170776,1.3874789476394653,1.4213199615478516,615231
4168,2009-06-26,1.4128600358963013,1.4636210203170776,1.3874789476394653,1.3874789476394653,681423
4169,2009-06-25,1.4213199615478516,1.4382400512695312,1.3367170095443726,1.4297800064086914,633670
4170,2009-06-24,1.3367170095443726,1.3959389925003052,1.3028759956359863,1.3874789476394653,756480
4171,2009-06-23,1.3113369941711426,1.3536380529403687,1.2182739973068237,1.3113369941711426,794777
4172,2009-06-22,1.4551609754562378,1.4551609754562378,1.25211501121521,1.3113369941711426,1268641
4173,2009-06-19,1.489001989364624,1.489001989364624,1.4128600358963013,1.4297800064086914,587690
4174,2009-06-18,1.5059219598770142,1.5059219598770142,1.404399037361145,1.404399037361145,1209068
4175,2009-06-17,1.3536380529403687,1.5059219598770142,1.2267340421676636,1.5059219598770142,2168734
4176,2009-06-16,1.514382004737854,1.53130304813385,1.3451780080795288,1.3705580234527588,2251946
4177,2009-06-15,1.53130304813385,1.53130304813385,1.404399037361145,1.5059219598770142,1444995
4178,2009-06-12,1.5820640325546265,1.5820640325546265,1.53130304813385,1.53130304813385,527054
4179,2009-06-11,1.5651439428329468,1.598984956741333,1.5482230186462402,1.5736039876937866,862860
4180,2009-06-10,1.598984956741333,1.598984956741333,1.5397629737854004,1.5566840171813965,635443
4181,2009-06-09,1.5651439428329468,1.5905250310897827,1.5397629737854004,1.5651439428329468,1243700
4182,2009-06-08,1.5397629737854004,1.5736039876937866,1.514382004737854,1.5482230186462402,1093823
4183,2009-06-05,1.6835869550704956,1.6835869550704956,1.5482230186462402,1.5566840171813965,1105879
4184,2009-06-04,1.5566840171813965,1.6666669845581055,1.5566840171813965,1.6666669845581055,985788
4185,2009-06-03,1.6751270294189453,1.6751270294189453,1.5482230186462402,1.5651439428329468,2705243
4186,2009-06-02,1.7089680433273315,1.7089680433273315,1.598984956741333,1.6835869550704956,1636006
4187,2009-06-01,1.6835869550704956,1.734349012374878,1.641286015510559,1.6666669845581055,3311018
4188,2009-05-29,1.5905250310897827,1.6666669845581055,1.5905250310897827,1.6159050464630127,3623066
4189,2009-05-28,1.5482230186462402,1.5905250310897827,1.514382004737854,1.5736039876937866,1052571
4190,2009-05-27,1.624364972114563,1.624364972114563,1.5059219598770142,1.5397629737854004,1240509
4191,2009-05-26,1.641286015510559,1.6497459411621094,1.5651439428329468,1.5905250310897827,1105170
4192,2009-05-22,1.734349012374878,1.734349012374878,1.641286015510559,1.6582059860229492,849503
4193,2009-05-21,1.6159050464630127,1.6835869550704956,1.53130304813385,1.6751270294189453,1328804
4194,2009-05-20,1.6074450016021729,1.759729027748108,1.5651439428329468,1.5820640325546265,1875834
4195,2009-05-19,1.6159050464630127,1.6497459411621094,1.5736039876937866,1.6074450016021729,1174908
4196,2009-05-18,1.53130304813385,1.6751270294189453,1.5059219598770142,1.6751270294189453,1121600
4197,2009-05-15,1.641286015510559,1.641286015510559,1.4467010498046875,1.4974620342254639,1402088
4198,2009-05-14,1.53130304813385,1.6751270294189453,1.489001989364624,1.6074450016021729,1696406
4199,2009-05-13,1.8189510107040405,1.8189510107040405,1.5228430032730103,1.5905250310897827,2564940
4200,2009-05-12,1.9204740524291992,1.954314947128296,1.7681900262832642,1.8189510107040405,1215687
4201,2009-05-11,1.8527920246124268,1.9120140075683594,1.734349012374878,1.8358709812164307,1038387
4202,2009-05-08,1.7935700416564941,1.9120140075683594,1.734349012374878,1.8781729936599731,1806687
4203,2009-05-07,2.0050759315490723,2.0050759315490723,1.7258880138397217,1.759729027748108,2767771
4204,2009-05-06,2.013535976409912,2.0727579593658447,1.9120140075683594,1.9458539485931396,2668838
4205,2009-05-05,2.174280881881714,2.3265650272369385,1.844331979751587,1.996616005897522,4724099
4206,2009-05-04,1.7681900262832642,2.089679002761841,1.7428090572357178,2.0727579593658447,4916647
4207,2009-05-01,1.7174279689788818,1.734349012374878,1.5820640325546265,1.6835869550704956,2594372
4208,2009-04-30,1.5228430032730103,1.759729027748108,1.4974620342254639,1.5820640325546265,4674455
4209,2009-04-29,1.2182739973068237,1.4551609754562378,1.2013540267944336,1.4213199615478516,3716090
4210,2009-04-28,1.2351950407028198,1.2351950407028198,1.142132043838501,1.1590520143508911,1252920
4211,2009-04-27,1.3536380529403687,1.3536380529403687,1.1844329833984375,1.1928930282592773,2689759
4212,2009-04-24,1.1759730577468872,1.269036054611206,1.142132043838501,1.25211501121521,1280342
4213,2009-04-23,1.0236890316009521,1.1928930282592773,1.015228033065796,1.1336719989776611,1177745
4214,2009-04-22,0.9052450060844421,1.0321489572525024,0.9052450060844421,0.998308002948761,580362
4215,2009-04-21,0.9306259751319885,0.9729269742965698,0.9052450060844421,0.9306259751319885,202949
4216,2009-04-20,0.9390860199928284,0.9813870191574097,0.9052450060844421,0.9306259751319885,634616
4217,2009-04-17,0.9221659898757935,1.0575300455093384,0.9221659898757935,0.998308002948761,1293344
4218,2009-04-16,1.099830985069275,1.099830985069275,0.9475470185279846,0.998308002948761,878935
4219,2009-04-15,1.116750955581665,1.142132043838501,1.0236890316009521,1.0406090021133423,1151386
4220,2009-04-14,0.9306259751319885,1.0913710594177246,0.9306259751319885,1.0575300455093384,2568013
4221,2009-04-13,0.8037229776382446,0.9306259751319885,0.8037229776382446,0.8967850208282471,1912003
4222,2009-04-09,0.7952619791030884,0.8206430077552795,0.7952619791030884,0.8037229776382446,556604
4223,2009-04-08,0.7360410094261169,0.7868019938468933,0.6852790117263794,0.7868019938468933,524926
4224,2009-04-07,0.8460239768028259,0.8460239768028259,0.744500994682312,0.7614210247993469,780829
4225,2009-04-06,0.6768190264701843,0.8375629782676697,0.6598979830741882,0.8375629782676697,1359182
4226,2009-04-03,0.634518027305603,0.6852790117263794,0.6091369986534119,0.6598979830741882,1010610
4227,2009-04-02,0.6006770133972168,0.6260579824447632,0.5752959847450256,0.6260579824447632,686269
4228,2009-04-01,0.6175969839096069,0.6429780125617981,0.5668359994888306,0.5752959847450256,884018
4229,2009-03-31,0.6768190264701843,0.6768190264701843,0.6091369986534119,0.6091369986534119,245620
4230,2009-03-30,0.6683589816093445,0.6683589816093445,0.6260579824447632,0.6429780125617981,396916
4231,2009-03-27,0.6514379978179932,0.6683589816093445,0.634518027305603,0.6683589816093445,421383
4232,2009-03-26,0.6683589816093445,0.6852790117263794,0.6429780125617981,0.6514379978179932,546557
4233,2009-03-25,0.6091369986534119,0.6598979830741882,0.6091369986534119,0.6514379978179932,830591
4234,2009-03-24,0.634518027305603,0.6429780125617981,0.5922170281410217,0.6091369986534119,1049380
4235,2009-03-23,0.6514379978179932,0.6683589816093445,0.6091369986534119,0.634518027305603,2298635
4236,2009-03-20,0.744500994682312,0.744500994682312,0.6598979830741882,0.6768190264701843,1404925
4237,2009-03-19,0.9221659898757935,0.9221659898757935,0.5752959847450256,0.7275800108909607,4375409
4238,2009-03-18,0.9137060046195984,0.9306259751319885,0.8544840216636658,0.9137060046195984,365947
4239,2009-03-17,0.8967850208282471,0.9475470185279846,0.8544840216636658,0.9137060046195984,301292
4240,2009-03-16,0.9306259751319885,0.9813870191574097,0.8460239768028259,0.8714039921760559,422801
4241,2009-03-13,0.8883249759674072,0.9644669890403748,0.8798649907112122,0.9306259751319885,473982
4242,2009-03-12,0.8121830224990845,0.8714039921760559,0.8121830224990845,0.8714039921760559,410154
4243,2009-03-11,0.8291029930114746,0.8375629782676697,0.7868019938468933,0.8121830224990845,518189
4244,2009-03-10,0.8121830224990845,0.8206430077552795,0.7783420085906982,0.7952619791030884,462871
4245,2009-03-09,0.7868019938468933,0.8121830224990845,0.7614210247993469,0.7783420085906982,296918
4246,2009-03-06,0.8883249759674072,0.9052450060844421,0.7952619791030884,0.8206430077552795,326350
4247,2009-03-05,0.9898480176925659,0.9898480176925659,0.8291029930114746,0.8544840216636658,452233
4248,2009-03-04,0.8375629782676697,0.9475470185279846,0.8375629782676697,0.9306259751319885,509678
4249,2009-03-03,0.8206430077552795,0.8714039921760559,0.7698820233345032,0.8206430077552795,456252
4250,2009-03-02,0.9052450060844421,0.9052450060844421,0.7698820233345032,0.7783420085906982,807306
4251,2009-02-27,0.8714039921760559,0.9729269742965698,0.8714039921760559,0.9221659898757935,589582
4252,2009-02-26,0.9644669890403748,1.0236890316009521,0.9475470185279846,0.9475470185279846,644190
4253,2009-02-25,0.8629440069198608,0.9729269742965698,0.8544840216636658,0.9221659898757935,718774
4254,2009-02-24,0.8460239768028259,0.8967850208282471,0.8375629782676697,0.8629440069198608,760499
4255,2009-02-23,0.8629440069198608,0.8714039921760559,0.8460239768028259,0.8460239768028259,983188
4256,2009-02-20,0.9221659898757935,0.9390860199928284,0.8460239768028259,0.8544840216636658,719129
4257,2009-02-19,0.9306259751319885,0.9729269742965698,0.9052450060844421,0.9052450060844421,381431
4258,2009-02-18,0.9137060046195984,1.006767988204956,0.9052450060844421,0.9306259751319885,499513
4259,2009-02-17,1.0490690469741821,1.0490690469741821,0.9137060046195984,0.9221659898757935,464644
4260,2009-02-13,0.9644669890403748,1.0236890316009521,0.9644669890403748,0.9813870191574097,688751
4261,2009-02-12,1.0321489572525024,1.0321489572525024,0.9475470185279846,0.9729269742965698,363583
4262,2009-02-11,0.9813870191574097,1.0406090021133423,0.9644669890403748,0.998308002948761,528709
4263,2009-02-10,1.1082910299301147,1.1336719989776611,0.9644669890403748,0.9898480176925659,729885
4264,2009-02-09,1.099830985069275,1.1505919694900513,1.0659899711608887,1.099830985069275,743478
4265,2009-02-06,1.006767988204956,1.0744500160217285,0.9898480176925659,1.0744500160217285,645963
4266,2009-02-05,0.9644669890403748,1.006767988204956,0.9644669890403748,0.998308002948761,448805
4267,2009-02-04,0.8967850208282471,1.015228033065796,0.8967850208282471,0.9560070037841797,904230
4268,2009-02-03,0.9390860199928284,0.9813870191574097,0.9052450060844421,0.9306259751319885,671376
4269,2009-02-02,1.0575300455093384,1.0575300455093384,0.9306259751319885,0.9390860199928284,792531
4270,2009-01-30,1.0575300455093384,1.099830985069275,1.0406090021133423,1.0575300455093384,522917
4271,2009-01-29,1.0744500160217285,1.1252119541168213,1.0575300455093384,1.0744500160217285,320204
4272,2009-01-28,1.0913710594177246,1.1252119541168213,1.0490690469741821,1.0913710594177246,489348
4273,2009-01-27,1.099830985069275,1.1336719989776611,1.0744500160217285,1.0744500160217285,372803
4274,2009-01-26,1.1505919694900513,1.1844329833984375,1.0744500160217285,1.116750955581665,706481
4275,2009-01-23,1.1505919694900513,1.1505919694900513,1.0490690469741821,1.099830985069275,589818
4276,2009-01-22,1.0913710594177246,1.1252119541168213,1.0659899711608887,1.0744500160217285,576934
4277,2009-01-21,1.0829099416732788,1.1336719989776611,1.015228033065796,1.015228033065796,626578
4278,2009-01-20,1.1252119541168213,1.2267340421676636,1.0490690469741821,1.0575300455093384,2165306
4279,2009-01-16,1.015228033065796,1.0575300455093384,0.9560070037841797,1.0575300455093384,1111316
4280,2009-01-15,0.9729269742965698,0.998308002948761,0.8544840216636658,0.9560070037841797,873498
4281,2009-01-14,1.099830985069275,1.099830985069275,0.9306259751319885,0.9729269742965698,844421
4282,2009-01-13,0.9813870191574097,1.099830985069275,0.9390860199928284,1.0829099416732788,751752
4283,2009-01-12,1.1844329833984375,1.2267340421676636,0.998308002948761,1.0406090021133423,971013
4284,2009-01-09,1.2098139524459839,1.2098139524459839,1.1336719989776611,1.1675130128860474,727403
4285,2009-01-08,1.1928930282592773,1.2013540267944336,1.1082910299301147,1.1928930282592773,789694
4286,2009-01-07,1.269036054611206,1.269036054611206,1.1252119541168213,1.142132043838501,1221715
4287,2009-01-06,1.2944159507751465,1.2944159507751465,1.142132043838501,1.2098139524459839,2393432
4288,2009-01-05,1.4382400512695312,1.5059219598770142,1.2267340421676636,1.3113369941711426,3775663
4289,2009-01-02,1.0490690469741821,1.5820640325546265,1.015228033065796,1.4382400512695312,5935058
4290,2008-12-31,0.8291029930114746,1.0490690469741821,0.8121830224990845,0.998308002948761,2093440
4291,2008-12-30,0.6683589816093445,0.8206430077552795,0.6683589816093445,0.8121830224990845,1605156
4292,2008-12-29,0.6091369986534119,0.6683589816093445,0.5922170281410217,0.6598979830741882,1060254
4293,2008-12-26,0.5752959847450256,0.5922170281410217,0.516074001789093,0.5668359994888306,388996
4294,2008-12-24,0.5922170281410217,0.5922170281410217,0.5499150156974792,0.5752959847450256,563223
4295,2008-12-23,0.5837560296058655,0.6091369986534119,0.5583760142326355,0.5668359994888306,537101
4296,2008-12-22,0.6260579824447632,0.6260579824447632,0.507614016532898,0.5583760142326355,796195
4297,2008-12-19,0.5583760142326355,0.6091369986534119,0.4737730026245117,0.4737730026245117,1250083
4298,2008-12-18,0.6683589816093445,0.6768190264701843,0.5752959847450256,0.5837560296058655,1074911
4299,2008-12-17,0.6006770133972168,0.7360410094261169,0.6006770133972168,0.6768190264701843,1164388
4300,2008-12-16,0.6260579824447632,0.6514379978179932,0.5837560296058655,0.6260579824447632,718420
4301,2008-12-15,0.6260579824447632,0.6683589816093445,0.5668359994888306,0.5922170281410217,1190038
4302,2008-12-12,0.6175969839096069,0.6429780125617981,0.5837560296058655,0.6260579824447632,493249
4303,2008-12-11,0.5668359994888306,0.6598979830741882,0.5668359994888306,0.6175969839096069,1480810
4304,2008-12-10,0.5922170281410217,0.6091369986534119,0.5583760142326355,0.5668359994888306,1341688
4305,2008-12-09,0.5414549708366394,0.5752959847450256,0.5245350003242493,0.5499150156974792,959075
4306,2008-12-08,0.5414549708366394,0.5837560296058655,0.507614016532898,0.516074001789093,1159306
4307,2008-12-05,0.5245350003242493,0.5499150156974792,0.4568530023097992,0.48223400115966797,1523834
4308,2008-12-04,0.6175969839096069,0.6429780125617981,0.5329949855804443,0.5499150156974792,693007
4309,2008-12-03,0.6768190264701843,0.6768190264701843,0.634518027305603,0.634518027305603,393370
4310,2008-12-02,0.6429780125617981,0.744500994682312,0.634518027305603,0.6683589816093445,337697
4311,2008-12-01,0.6768190264701843,0.6768190264701843,0.634518027305603,0.634518027305603,562750
4312,2008-11-28,0.7106599807739258,0.7106599807739258,0.6683589816093445,0.6768190264701843,341243
4313,2008-11-26,0.7106599807739258,0.7614210247993469,0.5922170281410217,0.6768190264701843,1482464
4314,2008-11-25,0.9644669890403748,1.015228033065796,0.6429780125617981,0.7106599807739258,2103960
4315,2008-11-24,0.9475470185279846,0.998308002948761,0.8460239768028259,0.9137060046195984,933071
4316,2008-11-21,0.8037229776382446,0.9306259751319885,0.7106599807739258,0.8037229776382446,1053044
4317,2008-11-20,0.9221659898757935,0.9221659898757935,0.7614210247993469,0.7698820233345032,1023848
4318,2008-11-19,0.9644669890403748,0.9813870191574097,0.8714039921760559,0.8714039921760559,529300
4319,2008-11-18,0.9729269742965698,0.9729269742965698,0.9137060046195984,0.9560070037841797,394670
4320,2008-11-17,0.998308002948761,1.006767988204956,0.9137060046195984,0.9390860199928284,433203
4321,2008-11-14,1.099830985069275,1.099830985069275,0.9390860199928284,0.998308002948761,670667
4322,2008-11-13,0.8883249759674072,1.1505919694900513,0.8460239768028259,1.1336719989776611,975386
4323,2008-11-12,0.9898480176925659,0.9898480176925659,0.8883249759674072,0.9137060046195984,560859
4324,2008-11-11,0.9813870191574097,1.0490690469741821,0.9052450060844421,0.9813870191574097,515707
4325,2008-11-10,1.0829099416732788,1.2267340421676636,0.998308002948761,1.015228033065796,625278
4326,2008-11-07,1.1844329833984375,1.1844329833984375,0.998308002948761,0.998308002948761,1246655
4327,2008-11-06,1.25211501121521,1.25211501121521,1.0575300455093384,1.0659899711608887,638516
4328,2008-11-05,1.3197970390319824,1.404399037361145,1.2267340421676636,1.2605750560760498,755180
4329,2008-11-04,1.2013540267944336,1.5228430032730103,1.2013540267944336,1.3705580234527588,1797586
4330,2008-11-03,1.1505919694900513,1.2098139524459839,1.099830985069275,1.1336719989776611,843475
4331,2008-10-31,1.2859560251235962,1.3028759956359863,1.0490690469741821,1.0659899711608887,2809614
4332,2008-10-30,1.0744500160217285,1.472080945968628,1.0406090021133423,1.1844329833984375,1764135
4333,2008-10-29,0.9137060046195984,1.116750955581665,0.9137060046195984,1.0406090021133423,1571469
4334,2008-10-28,0.8714039921760559,0.9475470185279846,0.7783420085906982,0.8883249759674072,1063091
4335,2008-10-27,1.0490690469741821,1.0490690469741821,0.8798649907112122,0.8798649907112122,576343
4336,2008-10-24,0.9306259751319885,1.0490690469741821,0.8883249759674072,1.0406090021133423,836856
4337,2008-10-23,1.116750955581665,1.142132043838501,0.9644669890403748,1.0575300455093384,1046188
4338,2008-10-22,1.2436549663543701,1.2436549663543701,1.0659899711608887,1.099830985069275,798086
4339,2008-10-21,1.2859560251235962,1.3282569646835327,1.1928930282592773,1.2098139524459839,717592
4340,2008-10-20,1.2774959802627563,1.379019021987915,1.2351950407028198,1.3113369941711426,1002809
4341,2008-10-17,1.142132043838501,1.269036054611206,1.116750955581665,1.2098139524459839,1328804
4342,2008-10-16,1.3536380529403687,1.4213199615478516,1.0829099416732788,1.1590520143508911,1455278
4343,2008-10-15,1.4805409908294678,1.53130304813385,1.2436549663543701,1.2774959802627563,694307
4344,2008-10-14,1.9035530090332031,1.9035530090332031,1.3959389925003052,1.404399037361145,1377385
4345,2008-10-13,1.3705580234527588,1.734349012374878,1.3282569646835327,1.6835869550704956,850449
4346,2008-10-10,1.1844329833984375,1.4805409908294678,1.0913710594177246,1.25211501121521,1287080
4347,2008-10-09,1.5820640325546265,1.624364972114563,1.269036054611206,1.2944159507751465,941581
4348,2008-10-08,1.489001989364624,1.6074450016021729,1.3705580234527588,1.379019021987915,993471
4349,2008-10-07,1.8358709812164307,1.8950929641723633,1.5736039876937866,1.5820640325546265,911086
4350,2008-10-06,2.047377109527588,2.047377109527588,1.5397629737854004,1.8189510107040405,1290389
4351,2008-10-03,2.140439987182617,2.3011839389801025,1.996616005897522,2.047377109527588,624451
4352,2008-10-02,2.4196279048919678,2.4196279048919678,1.9712350368499756,2.0812180042266846,871961
4353,2008-10-01,2.5549919605255127,2.614212989807129,2.3434860706329346,2.385787010192871,458734
4354,2008-09-30,2.6226730346679688,2.7918779850006104,2.50423002243042,2.5126900672912598,628588
4355,2008-09-29,3.0203049182891846,3.0203049182891846,2.4280879497528076,2.521151065826416,1102451
4356,2008-09-26,3.172589063644409,3.172589063644409,2.876481056213379,3.045685052871704,494194
4357,2008-09-25,3.1895089149475098,3.1895089149475098,3.0372250080108643,3.1641290187835693,268196
4358,2008-09-24,3.2487308979034424,3.2994918823242188,3.045685052871704,3.0541460514068604,359683
4359,2008-09-23,3.5617599487304688,3.5617599487304688,3.1218268871307373,3.1472079753875732,536392
4360,2008-09-22,3.6802029609680176,3.6802029609680176,3.392554998397827,3.510998010635376,824445
4361,2008-09-19,3.181049108505249,3.392554998397827,3.0541460514068604,3.3756349086761475,896192
4362,2008-09-18,2.7918779850006104,3.0033841133117676,2.6649749279022217,2.8680200576782227,764045
4363,2008-09-17,2.986464023590088,3.079525947570801,2.749577045440674,2.7664968967437744,1082239
4364,2008-09-16,3.0287649631500244,3.1302878856658936,2.9187819957733154,3.1049070358276367,1081294
4365,2008-09-15,3.3840949535369873,3.3840949535369873,3.1302878856658936,3.1472079753875732,517834
4366,2008-09-12,3.206429958343506,3.5956010818481445,3.206429958343506,3.5956010818481445,665702
4367,2008-09-11,3.265650987625122,3.3502540588378906,3.0033841133117676,3.1387479305267334,547148
4368,2008-09-10,3.206429958343506,3.367173910140991,3.0626060962677,3.341794013977051,1054935
4369,2008-09-09,3.74788498878479,3.75634503364563,3.1049070358276367,3.1218268871307373,1681631
4370,2008-09-08,4.1455159187316895,4.221658229827881,3.722503900527954,3.8071069717407227,523153
4371,2008-09-05,4.060914039611816,4.103215217590332,3.7055840492248535,3.976310968399048,701753
4372,2008-09-04,4.399322986602783,4.399322986602783,4.018612861633301,4.086294174194336,825036
4373,2008-09-03,4.543147087097168,4.560068130493164,4.2301177978515625,4.373941898345947,986261
4374,2008-09-02,4.8223347663879395,4.8223347663879395,4.475464820861816,4.543147087097168,491239
4375,2008-08-29,4.890017032623291,4.898477077484131,4.653130054473877,4.8223347663879395,434149
4376,2008-08-28,5.01692008972168,5.033841133117676,4.780034065246582,4.839254856109619,557077
4377,2008-08-27,4.788494110107422,5.01692008972168,4.788494110107422,5.01692008972168,276470
4378,2008-08-26,4.940777778625488,4.9492387771606445,4.695431232452393,4.796954154968262,402707
4379,2008-08-25,4.915398120880127,4.915398120880127,4.763113021850586,4.796954154968262,257085
4380,2008-08-22,5.093062877655029,5.093062877655029,4.746192932128906,4.898477077484131,401053
4381,2008-08-21,4.847715854644775,5.118443012237549,4.644670009613037,5.059222221374512,572206
4382,2008-08-20,4.543147087097168,4.661591053009033,4.534687042236328,4.636209964752197,387696
4383,2008-08-19,4.373941898345947,4.627749919891357,4.373941898345947,4.551607131958008,574452
4384,2008-08-18,4.576988220214844,4.619288921356201,4.3824028968811035,4.458545207977295,277415
4385,2008-08-15,4.754652976989746,4.754652976989746,4.348561763763428,4.4923858642578125,368784
4386,2008-08-14,4.932318210601807,4.974618911743164,4.610828876495361,4.661591053009033,722793
4387,2008-08-13,4.153975963592529,5.2876482009887695,4.153975963592529,5.033841133117676,1455278
4388,2008-08-12,4.187817096710205,4.31472110748291,4.153975963592529,4.255498886108398,633788
4389,2008-08-11,4.33164119720459,4.424704074859619,4.153975963592529,4.247038841247559,604593
4390,2008-08-08,4.551607131958008,4.551607131958008,4.2724199295043945,4.365481853485107,596674
4391,2008-08-07,4.780034065246582,4.780034065246582,4.424704074859619,4.560068130493164,831655
4392,2008-08-06,4.830794811248779,4.864635944366455,4.568528175354004,4.737732887268066,853759
4393,2008-08-05,5.245347023010254,5.245347023010254,4.644670009613037,4.7123517990112305,1265213
4394,2008-08-04,5.296107769012451,5.414552211761475,5.253807067871094,5.296107769012451,551285
4395,2008-08-01,5.592216968536377,5.592216968536377,5.2876482009887695,5.456852912902832,792767
4396,2008-07-31,5.8798651695251465,5.8798651695251465,5.66835880279541,5.710659980773926,257676
4397,2008-07-30,5.524535179138184,5.8375630378723145,5.473773002624512,5.803722858428955,575398
4398,2008-07-29,5.66835880279541,5.66835880279541,5.516074180603027,5.592216968536377,328714
4399,2008-07-28,5.634518146514893,5.795261859893799,5.414552211761475,5.651438236236572,315239
4400,2008-07-25,5.524535179138184,5.778341770172119,5.439931869506836,5.558375835418701,614167
4401,2008-07-24,5.896784782409668,6.006768226623535,5.465312957763672,5.583755970001221,1090277
4402,2008-07-23,6.252114772796631,6.252114772796631,5.803722858428955,5.8798651695251465,782602
4403,2008-07-22,6.395938873291016,6.4467010498046875,5.939085960388184,6.13367223739624,671612
4404,2008-07-21,6.285955905914307,6.5143818855285645,6.285955905914307,6.429780006408691,438286
4405,2008-07-18,6.336717128753662,6.5143818855285645,6.201354026794434,6.285955905914307,550576
4406,2008-07-17,6.802030086517334,6.903553009033203,6.2944159507751465,6.421319961547852,514052
4407,2008-07-16,7.368865966796875,7.48730993270874,6.5566840171813965,6.759728908538818,634379
4408,2008-07-15,7.267343044281006,7.377326965332031,6.937394142150879,7.309645175933838,545020
4409,2008-07-14,6.6666669845581055,7.275804042816162,6.6666669845581055,7.191201210021973,699980
4410,2008-07-11,6.759728908538818,6.852791786193848,6.5143818855285645,6.6666669845581055,318313
4411,2008-07-10,6.759728908538818,7.258882999420166,6.624364852905273,6.708968162536621,285335
4412,2008-07-09,6.675127029418945,6.903553009033203,6.598985195159912,6.658205986022949,456252
4413,2008-07-08,6.759728908538818,6.759728908538818,6.463621139526367,6.582064151763916,465826
4414,2008-07-07,6.979694843292236,7.148900032043457,6.759728908538818,6.8612518310546875,914868
4415,2008-07-03,7.174281120300293,7.174281120300293,6.4467010498046875,6.928934097290039,880826
4416,2008-07-02,7.411168098449707,7.614212989807129,6.895092964172363,7.199662208557129,804706
4417,2008-07-01,7.49576997756958,7.78341817855835,7.106598854064941,7.335024833679199,742060
4418,2008-06-30,7.301184177398682,7.478848934173584,7.0812177658081055,7.428088188171387,701990
4419,2008-06-27,7.021996974945068,7.250422954559326,6.878172874450684,7.191201210021973,893947
4420,2008-06-26,6.937394142150879,7.0812177658081055,6.717428207397461,6.979694843292236,696198
4421,2008-06-25,6.979694843292236,6.979694843292236,6.429780006408691,6.937394142150879,771373
4422,2008-06-24,6.167512893676758,6.83587121963501,6.167512893676758,6.83587121963501,1381876
4423,2008-06-23,5.812182903289795,6.243655204772949,5.778341770172119,6.1844329833984375,426347
4424,2008-06-20,6.209814071655273,6.429780006408691,5.66835880279541,5.795261859893799,653528
4425,2008-06-19,6.108291149139404,6.260574817657471,6.0744500160217285,6.167512893676758,171035
4426,2008-06-18,6.362098217010498,6.37055778503418,6.0998311042785645,6.159051895141602,291127
4427,2008-06-17,6.438240051269531,6.54822301864624,6.260574817657471,6.319797039031982,344317
4428,2008-06-16,6.108291149139404,6.81895112991333,6.108291149139404,6.455161094665527,344553
4429,2008-06-13,6.277495861053467,6.311336994171143,6.0998311042785645,6.252114772796631,213942
4430,2008-06-12,6.387478828430176,6.438240051269531,6.277495861053467,6.302875995635986,212287
4431,2008-06-11,6.345178127288818,6.472081184387207,6.302875995635986,6.319797039031982,243492
4432,2008-06-10,6.472081184387207,6.5397629737854,6.285955905914307,6.328257083892822,494076
4433,2008-06-09,6.912014007568359,7.0812177658081055,6.429780006408691,6.5397629737854,496440
4434,2008-06-06,6.63282585144043,6.878172874450684,6.63282585144043,6.852791786193848,518307
4435,2008-06-05,6.311336994171143,6.590525150299072,6.302875995635986,6.565144062042236,512633
4436,2008-06-04,6.768189907073975,6.768189907073975,6.302875995635986,6.4043989181518555,607193
4437,2008-06-03,6.852791786193848,6.878172874450684,6.658205986022949,6.7512688636779785,815225
4438,2008-06-02,7.030457019805908,7.055838108062744,6.768189907073975,6.844332218170166,724684
4439,2008-05-30,6.988155841827393,7.131979942321777,6.82741117477417,7.089678764343262,440177
4440,2008-05-29,7.106598854064941,7.174281120300293,6.912014007568359,6.979694843292236,685678
4441,2008-05-28,7.605752944946289,7.605752944946289,6.895092964172363,7.106598854064941,302947
4442,2008-05-27,7.098138809204102,7.174281120300293,6.852791786193848,7.089678764343262,483438
4443,2008-05-23,7.335024833679199,7.335024833679199,6.658205986022949,7.030457019805908,1052335
4444,2008-05-22,7.597292900085449,7.690354824066162,7.275804042816162,7.318105220794678,893237
4445,2008-05-21,7.402707099914551,7.749577045440674,7.275804042816162,7.49576997756958,1339442
4446,2008-05-20,7.005075931549072,7.402707099914551,6.903553009033203,7.360405921936035,829291
4447,2008-05-19,6.725887775421143,7.021996974945068,6.708968162536621,6.878172874450684,952928
4448,2008-05-16,6.226734161376953,6.725887775421143,6.218274116516113,6.683587074279785,873498
4449,2008-05-15,5.86294412612915,6.235195159912109,5.803722858428955,6.159051895141602,374221
4450,2008-05-14,6.336717128753662,6.336717128753662,5.94754695892334,5.972927093505859,272451
4451,2008-05-13,6.472081184387207,6.472081184387207,6.065989971160889,6.226734161376953,355664
4452,2008-05-12,6.5397629737854,6.5397629737854,6.209814071655273,6.218274116516113,464408
4453,2008-05-09,6.768189907073975,6.83587121963501,6.302875995635986,6.5566840171813965,545375
4454,2008-05-08,5.9644670486450195,6.379018783569336,5.9644670486450195,6.362098217010498,673622
4455,2008-05-07,5.846024036407471,6.057529926300049,5.8375630378723145,5.913705825805664,337343
4456,2008-05-06,5.710659980773926,6.006768226623535,5.67681884765625,5.896784782409668,581426
4457,2008-05-05,5.549914836883545,5.7275800704956055,5.549914836883545,5.651438236236572,197158
4458,2008-05-02,5.600677013397217,5.600677013397217,5.414552211761475,5.566835880279541,565469
4459,2008-05-01,5.786801815032959,5.786801815032959,5.372250080108643,5.516074180603027,432730
4460,2008-04-30,5.431471824645996,5.795261859893799,5.372250080108643,5.7275800704956055,382259
4461,2008-04-29,5.8798651695251465,5.8798651695251465,5.329948902130127,5.499154090881348,581071
4462,2008-04-28,5.829102993011475,5.87140417098999,5.626058101654053,5.66835880279541,218906
4463,2008-04-25,5.752961158752441,5.846024036407471,5.66835880279541,5.829102993011475,299637
4464,2008-04-24,6.023688793182373,6.049068927764893,5.66835880279541,5.744501113891602,574925
4465,2008-04-23,6.032148838043213,6.2944159507751465,6.006768226623535,6.023688793182373,286162
4466,2008-04-22,6.319797039031982,6.345178127288818,6.091371059417725,6.091371059417725,301174
4467,2008-04-21,6.345178127288818,6.429780006408691,6.218274116516113,6.328257083892822,270442
4468,2008-04-18,6.472081184387207,6.590525150299072,6.328257083892822,6.328257083892822,234745
4469,2008-04-17,6.218274116516113,6.582064151763916,6.218274116516113,6.497461795806885,367129
4470,2008-04-16,6.412859916687012,6.412859916687012,6.209814071655273,6.269035816192627,315712
4471,2008-04-15,5.9898481369018555,6.108291149139404,5.896784782409668,6.040608882904053,339116
4472,2008-04-14,6.243655204772949,6.345178127288818,5.913705825805664,6.006768226623535,396679
4473,2008-04-11,6.412859916687012,6.412859916687012,6.0998311042785645,6.142131805419922,653882
4474,2008-04-10,6.040608882904053,6.429780006408691,5.922165870666504,6.362098217010498,732131
4475,2008-04-09,5.744501113891602,5.9644670486450195,5.626058101654053,5.939085960388184,329778
4476,2008-04-08,5.66835880279541,5.820642948150635,5.566835880279541,5.651438236236572,234627
4477,2008-04-07,5.896784782409668,6.057529926300049,5.69373893737793,5.710659980773926,422447
4478,2008-04-04,5.710659980773926,5.87140417098999,5.626058101654053,5.744501113891602,354600
4479,2008-04-03,5.609137058258057,5.69373893737793,5.431471824645996,5.659897804260254,615231
4480,2008-04-02,5.583755970001221,5.659897804260254,5.346869945526123,5.549914836883545,632725
4481,2008-04-01,5.482234001159668,5.524535179138184,5.211505889892578,5.482234001159668,429066
4482,2008-03-31,5.651438236236572,5.651438236236572,5.194584846496582,5.321488857269287,536983
4483,2008-03-28,5.8798651695251465,5.8798651695251465,5.5076141357421875,5.592216968536377,361219
4484,2008-03-27,6.065989971160889,6.065989971160889,5.752961158752441,5.87140417098999,430012
4485,2008-03-26,5.972927093505859,6.065989971160889,5.913705825805664,6.023688793182373,335688
4486,2008-03-25,6.159051895141602,6.218274116516113,6.015227794647217,6.049068927764893,422683
4487,2008-03-24,6.37055778503418,6.37055778503418,5.922165870666504,6.0744500160217285,381550
4488,2008-03-20,6.395938873291016,6.395938873291016,5.778341770172119,6.13367223739624,860023
4489,2008-03-19,7.402707099914551,7.402707099914551,6.4467010498046875,6.5143818855285645,993826
4490,2008-03-18,7.275804042816162,7.318105220794678,7.064298152923584,7.157360076904297,279661
4491,2008-03-17,7.2081217765808105,7.318105220794678,6.895092964172363,7.2335028648376465,399161
4492,2008-03-14,7.681894779205322,7.910321235656738,7.402707099914551,7.49576997756958,318904
4493,2008-03-13,7.673435211181641,7.690354824066162,7.22504186630249,7.6565141677856445,308975
4494,2008-03-12,6.979694843292236,7.7664971351623535,6.979694843292236,7.51269006729126,465826
4495,2008-03-11,6.844332218170166,7.098138809204102,6.83587121963501,7.021996974945068,365356
4496,2008-03-10,7.115058898925781,7.335024833679199,6.768189907073975,6.81049108505249,482965
4497,2008-03-07,7.529611110687256,7.614212989807129,7.2335028648376465,7.275804042816162,481783
4498,2008-03-06,7.800337791442871,7.800337791442871,7.5465312004089355,7.580371856689453,291836
4499,2008-03-05,7.48730993270874,7.817258834838867,7.419628143310547,7.749577045440674,313112
4500,2008-03-04,8.206430435180664,8.206430435180664,7.301184177398682,7.529611110687256,450697
4501,2008-03-03,7.78341817855835,7.901861190795898,7.106598854064941,7.884941101074219,646909
4502,2008-02-29,8.240270614624023,8.316412925720215,7.724195957183838,7.808798789978027,862978
4503,2008-02-28,7.690354824066162,8.240270614624023,7.614212989807129,8.214889526367188,1108243
4504,2008-02-27,7.749577045440674,7.78341817855835,7.48730993270874,7.698815822601318,904348
4505,2008-02-26,7.4534687995910645,7.664975166320801,7.047377109527588,7.4534687995910645,1092759
4506,2008-02-25,6.7766499519348145,7.377326965332031,6.7766499519348145,7.360405921936035,1279397
4507,2008-02-22,6.5397629737854,6.675127029418945,6.235195159912109,6.6666669845581055,548921
4508,2008-02-21,6.1252121925354,6.582064151763916,5.930625915527344,6.345178127288818,778583
4509,2008-02-20,5.752961158752441,5.8798651695251465,5.575295925140381,5.87140417098999,371857
4510,2008-02-19,6.209814071655273,6.209814071655273,5.710659980773926,5.710659980773926,393606
4511,2008-02-15,5.913705825805664,6.006768226623535,5.592216968536377,5.702199935913086,292545
4512,2008-02-14,6.277495861053467,6.277495861053467,5.820642948150635,5.905244827270508,603766
4513,2008-02-13,5.532995223999023,5.778341770172119,5.532995223999023,5.778341770172119,314176
4514,2008-02-12,5.659897804260254,5.67681884765625,5.406091213226318,5.532995223999023,263113
4515,2008-02-11,5.245347023010254,5.499154090881348,5.143824100494385,5.372250080108643,262404
4516,2008-02-08,5.194584846496582,5.2876482009887695,5.1776652336120605,5.211505889892578,291836
4517,2008-02-07,5.456852912902832,5.482234001159668,5.160745143890381,5.186124801635742,327650
4518,2008-02-06,5.575295925140381,5.761421203613281,5.456852912902832,5.482234001159668,265714
4519,2008-02-05,5.922165870666504,6.032148838043213,5.532995223999023,5.532995223999023,285217
4520,2008-02-04,5.95600700378418,6.116751194000244,5.752961158752441,6.040608882904053,271269
4521,2008-02-01,5.5076141357421875,5.8798651695251465,5.5076141357421875,5.846024036407471,250229
4522,2008-01-31,5.465312957763672,5.69373893737793,5.406091213226318,5.642978191375732,245501
4523,2008-01-30,5.634518146514893,5.68527889251709,5.456852912902832,5.558375835418701,336634
4524,2008-01-29,6.0744500160217285,6.0744500160217285,5.583755970001221,5.592216968536377,161225
4525,2008-01-28,5.583755970001221,5.786801815032959,5.499154090881348,5.651438236236572,336043
4526,2008-01-25,6.040608882904053,6.159051895141602,5.626058101654053,5.634518146514893,303065
4527,2008-01-24,5.9898481369018555,6.015227794647217,5.795261859893799,5.930625915527344,748797
4528,2008-01-23,5.389171123504639,5.626058101654053,5.160745143890381,5.532995223999023,683669
4529,2008-01-22,5.194584846496582,5.736041069030762,4.103215217590332,5.541454792022705,1131056
4530,2008-01-18,6.252114772796631,6.565144062042236,6.049068927764893,6.167512893676758,655419
4531,2008-01-17,6.759728908538818,6.759728908538818,6.218274116516113,6.345178127288818,582608
4532,2008-01-16,6.886632919311523,6.928934097290039,6.5143818855285645,6.675127029418945,481901
4533,2008-01-15,7.148900032043457,7.148900032043457,6.852791786193848,6.903553009033203,535682
4534,2008-01-14,6.937394142150879,7.191201210021973,6.937394142150879,7.174281120300293,403771
4535,2008-01-11,7.089678764343262,7.089678764343262,6.937394142150879,6.962775230407715,639226
4536,2008-01-10,7.072758197784424,7.22504186630249,6.962775230407715,7.199662208557129,436513
4537,2008-01-09,7.445007801055908,7.521151065826416,7.115058898925781,7.267343044281006,425047
4538,2008-01-08,7.419628143310547,7.77495813369751,7.368865966796875,7.461928844451904,254366
4539,2008-01-07,7.622673034667969,7.758037090301514,7.368865966796875,7.445007801055908,482847
4540,2008-01-04,7.868020057678223,7.935701847076416,7.445007801055908,7.7918782234191895,328241
4541,2008-01-03,7.681894779205322,8.138748168945312,7.681894779205322,7.952622890472412,425638
4542,2008-01-02,7.538071155548096,7.698815822601318,7.538071155548096,7.681894779205322,258976
4543,2007-12-31,7.614212989807129,7.698815822601318,7.529611110687256,7.5465312004089355,230490
4544,2007-12-28,7.639594078063965,7.78341817855835,7.597292900085449,7.631134033203125,200467
4545,2007-12-27,8.020304679870605,8.020304679870605,7.605752944946289,7.631134033203125,406608
4546,2007-12-26,7.698815822601318,7.986464023590088,7.588831901550293,7.935701847076416,247511
4547,2007-12-24,7.6565141677856445,7.800337791442871,7.48730993270874,7.588831901550293,381077
4548,2007-12-21,7.2335028648376465,7.571911811828613,7.191201210021973,7.48730993270874,447742
4549,2007-12-20,7.055838108062744,7.2081217765808105,6.996615886688232,7.191201210021973,413582
4550,2007-12-19,7.318105220794678,7.318105220794678,6.945854187011719,7.021996974945068,323750
4551,2007-12-18,6.962775230407715,7.157360076904297,6.793570041656494,7.005075931549072,519725
4552,2007-12-17,7.106598854064941,7.258882999420166,6.8612518310546875,6.9712347984313965,515943
4553,2007-12-14,7.48730993270874,7.50423002243042,7.241962909698486,7.318105220794678,209569
4554,2007-12-13,7.521151065826416,7.681894779205322,7.411168098449707,7.554992198944092,229781
4555,2007-12-12,8.01184368133545,8.138748168945312,7.6565141677856445,7.7664971351623535,237937
4556,2007-12-11,8.121827125549316,8.164129257202148,7.741117000579834,7.884941101074219,259094
4557,2007-12-10,8.130288124084473,8.333333015441895,8.045684814453125,8.121827125549316,197039
4558,2007-12-07,8.138748168945312,8.206430435180664,7.868020057678223,8.028764724731445,897020
4559,2007-12-06,7.639594078063965,8.028764724731445,7.554992198944092,8.020304679870605,249638
4560,2007-12-05,7.402707099914551,7.664975166320801,7.402707099914551,7.563451766967773,313112
4561,2007-12-04,7.78341817855835,7.78341817855835,7.326564788818359,7.360405921936035,333797
4562,2007-12-03,7.614212989807129,7.800337791442871,7.614212989807129,7.6565141677856445,283562
4563,2007-11-30,8.037224769592285,8.2741117477417,7.614212989807129,7.825718879699707,253303
4564,2007-11-29,8.054145812988281,8.333333015441895,7.927241802215576,8.037224769592285,230726
4565,2007-11-28,7.51269006729126,8.172589302062988,7.51269006729126,8.028764724731445,338879
4566,2007-11-27,7.859560012817383,7.859560012817383,7.470388889312744,7.580371856689453,527999
4567,2007-11-26,9.060914039611816,9.060914039611816,7.825718879699707,7.901861190795898,380840
4568,2007-11-23,7.7664971351623535,8.333333015441895,7.7664971351623535,8.316412925720215,155669
4569,2007-11-21,8.231809616088867,8.248730659484863,7.78341817855835,7.834178924560547,340889
4570,2007-11-20,8.705583572387695,8.705583572387695,8.00338363647461,8.223349571228027,371384
4571,2007-11-19,8.714043617248535,8.730963706970215,8.121827125549316,8.172589302062988,358028
4572,2007-11-16,8.705583572387695,8.815567016601562,8.333333015441895,8.680203437805176,393370
4573,2007-11-15,9.069374084472656,9.069374084472656,8.333333015441895,8.544838905334473,534028
4574,2007-11-14,9.30626106262207,9.382403373718262,8.866328239440918,8.900169372558594,291245
4575,2007-11-13,9.060914039611816,9.31472110748291,8.832487106323242,9.145516395568848,360510
4576,2007-11-12,10.194584846496582,10.194584846496582,8.908629417419434,9.137056350708008,616649
4577,2007-11-09,10.490694046020508,10.490694046020508,9.737732887268066,10.101523399353027,356728
4578,2007-11-08,11.522843360900879,11.522843360900879,9.940777778625488,10.499154090881348,494431
4579,2007-11-07,11.226734161376953,11.421319961547852,10.846023559570312,10.905244827270508,346090
4580,2007-11-06,11.539763450622559,11.624364852905273,11.142131805419922,11.226734161376953,347035
4581,2007-11-05,11.928934097290039,11.928934097290039,11.167512893676758,11.252115249633789,284271
4582,2007-11-02,11.928934097290039,11.928934097290039,11.34517765045166,11.531303405761719,353300
4583,2007-11-01,11.700508117675781,11.903553009033203,11.64974594116211,11.683587074279785,446441
4584,2007-10-31,11.928934097290039,12.021997451782227,11.446701049804688,11.971235275268555,548803
4585,2007-10-30,11.675127029418945,11.785110473632812,11.252115249633789,11.480541229248047,354718
4586,2007-10-29,11.294416427612305,11.928934097290039,10.702199935913086,11.895092964172363,574452
4587,2007-10-26,10.913705825805664,10.97292709350586,10.786802291870117,10.939085960388184,349399
4588,2007-10-25,10.617596626281738,10.744501113891602,10.355330467224121,10.736041069030762,179900
4589,2007-10-24,10.5668363571167,10.702199935913086,10.236886978149414,10.473773002624512,261104
4590,2007-10-23,10.499154090881348,10.600676536560059,10.076142311096191,10.516074180603027,408972
4591,2007-10-22,9.560068130493164,9.923857688903809,9.534687042236328,9.898476600646973,358855
4592,2007-10-19,10.28764820098877,10.28764820098877,9.796954154968262,10.084602355957031,317485
4593,2007-10-18,9.856176376342773,10.194584846496582,9.746192932128906,10.11844253540039,290890
4594,2007-10-17,10.152283668518066,10.152283668518066,9.805415153503418,9.940777778625488,249875
4595,2007-10-16,9.71235179901123,10.067682266235352,9.33164119720459,9.949238777160645,350818
4596,2007-10-15,9.382403373718262,9.771574020385742,9.382403373718262,9.70389175415039,583081
4597,2007-10-12,8.824027061462402,9.390863418579102,8.815567016601562,9.31472110748291,240655
4598,2007-10-11,9.094755172729492,9.179356575012207,8.900169372558594,8.900169372558594,375521
4599,2007-10-10,9.280879974365234,9.289340019226074,8.908629417419434,9.060914039611816,296800
4600,2007-10-09,9.213197708129883,9.263958930969238,8.959390640258789,9.263958930969238,339943
4601,2007-10-08,9.162437438964844,9.390863418579102,8.967850685119629,9.263958930969238,109690
4602,2007-10-05,8.798645973205566,9.247038841247559,8.75634479522705,9.196276664733887,349045
4603,2007-10-04,8.527918815612793,8.798645973205566,8.502537727355957,8.75634479522705,129193
4604,2007-10-03,9.001691818237305,9.001691818237305,8.502537727355957,8.587140083312988,249047
4605,2007-10-02,8.976310729980469,9.077834129333496,8.722503662109375,8.959390640258789,301883
4606,2007-10-01,9.416243553161621,9.416243553161621,9.060914039611816,9.213197708129883,288053
4607,2007-09-28,9.526226997375488,9.653129577636719,9.424703598022461,9.517765998840332,277770
4608,2007-09-27,9.382403373718262,9.653129577636719,9.221657752990723,9.348562240600586,236636
4609,2007-09-26,8.76480484008789,9.213197708129883,8.714043617248535,9.179356575012207,252830
4610,2007-09-25,8.747884750366211,8.849408149719238,8.6463623046875,8.790185928344727,241837
4611,2007-09-24,9.086294174194336,9.162437438964844,8.773265838623047,8.849408149719238,264059
4612,2007-09-21,8.561759948730469,8.95093059539795,8.561759948730469,8.95093059539795,176118
4613,2007-09-20,8.6463623046875,8.747884750366211,8.544838905334473,8.671743392944336,140658
4614,2007-09-19,8.824027061462402,8.883249282836914,8.460236549377441,8.578680038452148,279307
4615,2007-09-18,8.510997772216797,8.747884750366211,8.434856414794922,8.714043617248535,232972
4616,2007-09-17,8.282571792602539,8.63790225982666,8.2741117477417,8.426396369934082,286399
4617,2007-09-14,8.037224769592285,8.494077682495117,7.927241802215576,8.316412925720215,281671
4618,2007-09-13,7.6565141677856445,8.291031837463379,7.588831901550293,8.020304679870605,345853
4619,2007-09-12,7.48730993270874,7.614212989807129,7.3434858322143555,7.571911811828613,335924
4620,2007-09-11,7.258882999420166,7.445007801055908,7.072758197784424,7.402707099914551,209450
4621,2007-09-10,7.275804042816162,7.275804042816162,6.945854187011719,7.072758197784424,181673
4622,2007-09-07,7.360405921936035,7.402707099914551,7.2335028648376465,7.292724132537842,186638
4623,2007-09-06,7.445007801055908,7.49576997756958,7.241962909698486,7.49576997756958,291481
4624,2007-09-05,7.385787010192871,7.50423002243042,7.318105220794678,7.402707099914551,234154
4625,2007-09-04,7.309645175933838,7.681894779205322,7.309645175933838,7.580371856689453,173163
4626,2007-08-31,7.284264087677002,7.360405921936035,7.182741165161133,7.309645175933838,142195
4627,2007-08-30,7.267343044281006,7.436548233032227,6.945854187011719,7.072758197784424,182737
4628,2007-08-29,7.191201210021973,7.360405921936035,7.030457019805908,7.360405921936035,680477
4629,2007-08-28,7.588831901550293,7.622673034667969,7.013535976409912,7.055838108062744,284862
4630,2007-08-27,7.800337791442871,7.994924068450928,7.664975166320801,7.7664971351623535,140776
4631,2007-08-24,7.800337791442871,7.800337791442871,7.597292900085449,7.715735912322998,153778
4632,2007-08-23,7.876481056213379,7.901861190795898,7.49576997756958,7.673435211181641,433676
4633,2007-08-22,6.852791786193848,7.470388889312744,6.852791786193848,7.402707099914551,309802
4634,2007-08-21,6.793570041656494,6.852791786193848,6.590525150299072,6.793570041656494,170444
4635,2007-08-20,6.742808818817139,7.021996974945068,6.717428207397461,6.725887775421143,549394
4636,2007-08-17,7.021996974945068,7.326564788818359,6.5143818855285645,6.573604106903076,489230
4637,2007-08-16,6.7766499519348145,6.878172874450684,6.0998311042785645,6.54822301864624,1184246
4638,2007-08-15,7.021996974945068,7.140439987182617,6.768189907073975,6.988155841827393,625278
4639,2007-08-14,7.961082935333252,7.994924068450928,7.461928844451904,7.538071155548096,226353
4640,2007-08-13,7.9187822341918945,8.206430435180664,7.597292900085449,8.08798599243164,677522
4641,2007-08-10,7.681894779205322,7.681894779205322,7.318105220794678,7.597292900085449,466063
4642,2007-08-09,7.876481056213379,8.00338363647461,7.698815822601318,7.842639923095703,380604
4643,2007-08-08,7.994924068450928,8.409475326538086,7.994924068450928,8.333333015441895,640053
4644,2007-08-07,7.978003025054932,8.121827125549316,7.851099967956543,8.037224769592285,416891
4645,2007-08-06,8.189509391784668,8.189509391784668,7.22504186630249,7.978003025054932,350699
4646,2007-08-03,8.384095191955566,8.527918815612793,8.223349571228027,8.324872970581055,383086
4647,2007-08-02,8.671743392944336,8.807106971740723,8.189509391784668,8.544838905334473,290181
4648,2007-08-01,8.604061126708984,8.671743392944336,8.502537727355957,8.63790225982666,253421
4649,2007-07-31,8.984771728515625,9.128596305847168,8.680203437805176,8.739424705505371,210396
4650,2007-07-30,8.815567016601562,8.815567016601562,8.35871410369873,8.75634479522705,270442
4651,2007-07-27,8.722503662109375,9.02707290649414,8.510997772216797,8.75634479522705,400107
4652,2007-07-26,8.65482234954834,8.824027061462402,8.35871410369873,8.6886625289917,609912
4653,2007-07-25,9.59390926361084,9.59390926361084,8.883249282836914,9.0186128616333,466890
4654,2007-07-24,9.771574020385742,9.873096466064453,9.4331636428833,9.60236930847168,325996
4655,2007-07-23,10.152283668518066,10.186124801635742,9.822335243225098,10.109983444213867,163943
4656,2007-07-20,10.101523399353027,10.152283668518066,9.940777778625488,10.152283668518066,129784
4657,2007-07-19,10.29610824584961,10.363789558410645,10.059222221374512,10.109983444213867,157442
4658,2007-07-18,9.780034065246582,10.143823623657227,9.60236930847168,10.084602355957031,190066
4659,2007-07-17,10.152283668518066,10.236886978149414,9.805415153503418,9.923857688903809,403298
4660,2007-07-16,10.905244827270508,10.905244827270508,10.109983444213867,10.473773002624512,368429
4661,2007-07-13,11.032149314880371,11.08290958404541,10.829103469848633,10.879864692687988,186283
4662,2007-07-12,10.516074180603027,11.116750717163086,10.423011779785156,11.032149314880371,736504
4663,2007-07-11,9.856176376342773,10.245347023010254,9.813875198364258,10.203045845031738,181555
4664,2007-07-10,10.253807067871094,10.253807067871094,9.796954154968262,9.906936645507812,206377
4665,2007-07-09,9.940777778625488,10.27072811126709,9.940777778625488,10.253807067871094,564996
4666,2007-07-06,9.771574020385742,9.940777778625488,9.72081184387207,9.915397644042969,265595
4667,2007-07-05,9.686970710754395,9.88155746459961,9.576988220214844,9.72927188873291,214415
4668,2007-07-03,9.59390926361084,9.653129577636719,9.467004776000977,9.653129577636719,250702
4669,2007-07-02,10.0,10.109983444213867,9.390863418579102,9.475464820861816,508851
4670,2007-06-29,10.126903533935547,10.228425979614258,10.076142311096191,10.135363578796387,130375
4671,2007-06-28,10.5668363571167,10.5668363571167,10.126903533935547,10.126903533935547,139358
4672,2007-06-27,9.99153995513916,10.448392868041992,9.746192932128906,10.448392868041992,416891
4673,2007-06-26,10.659897804260254,10.67681884765625,9.830795288085938,10.101523399353027,808488
4674,2007-06-25,10.905244827270508,10.922165870666504,10.66835880279541,10.829103469848633,486275
4675,2007-06-22,11.260575294494629,11.36209774017334,11.04906940460205,11.133671760559082,121391
4676,2007-06-21,11.23519515991211,11.387478828430176,10.9813871383667,11.319796562194824,274933
4677,2007-06-20,11.514382362365723,11.717428207397461,11.175972938537598,11.624364852905273,305192
4678,2007-06-19,11.412859916687012,11.666666984558105,11.379018783569336,11.548222541809082,277888
4679,2007-06-18,11.607444763183594,11.607444763183594,11.336716651916504,11.3536376953125,267132
4680,2007-06-15,11.150591850280762,11.63282585144043,11.08290958404541,11.63282585144043,579771
4681,2007-06-14,11.04906940460205,11.438240051269531,10.930625915527344,11.099830627441406,317603
4682,2007-06-13,11.015228271484375,11.209814071655273,10.989848136901855,11.08290958404541,162052
4683,2007-06-12,11.150591850280762,11.328256607055664,11.006768226623535,11.08290958404541,177773
4684,2007-06-11,11.108290672302246,11.387478828430176,11.099830627441406,11.277496337890625,200113
4685,2007-06-08,10.67681884765625,11.133671760559082,10.575296401977539,10.9813871383667,549157
4686,2007-06-07,11.192893028259277,11.277496337890625,10.829103469848633,10.913705825805664,301174
4687,2007-06-06,11.099830627441406,11.260575294494629,10.9813871383667,11.260575294494629,238528
4688,2007-06-05,11.455161094665527,11.590524673461914,11.260575294494629,11.37055778503418,238291
4689,2007-06-04,11.412859916687012,11.742809295654297,11.269036293029785,11.429780006408691,406017
4690,2007-06-01,11.08290958404541,11.556683540344238,11.040609359741211,11.252115249633789,320204
4691,2007-05-31,11.209814071655273,11.269036293029785,10.913705825805664,11.006768226623535,484620
4692,2007-05-30,10.617596626281738,11.167512893676758,10.541455268859863,11.006768226623535,435803
4693,2007-05-29,10.96446704864502,11.167512893676758,10.719120025634766,10.795262336730957,290299
4694,2007-05-25,10.913705825805664,11.116750717163086,10.812183380126953,10.96446704864502,463344
4695,2007-05-24,11.269036293029785,11.37055778503418,10.744501113891602,10.761421203613281,543129
4696,2007-05-23,11.675127029418945,11.895092964172363,11.319796562194824,11.36209774017334,542774
4697,2007-05-22,12.064297676086426,12.208122253417969,11.37055778503418,11.590524673461914,775628
4698,2007-05-21,11.802029609680176,12.68189525604248,11.7258882522583,12.648054122924805,919241
4699,2007-05-18,11.133671760559082,11.717428207397461,10.998308181762695,11.63282585144043,547266
4700,2007-05-17,11.201354026794434,11.23519515991211,10.66835880279541,11.133671760559082,620668
4701,2007-05-16,11.514382362365723,11.852791786193848,11.218274116516113,11.505922317504883,559441
4702,2007-05-15,11.531303405761719,12.115058898925781,11.285956382751465,11.624364852905273,419255
4703,2007-05-14,12.267342567443848,12.343485832214355,11.573603630065918,11.708968162536621,758844
4704,2007-05-11,12.182741165161133,12.419628143310547,11.818950653076172,12.055837631225586,650100
4705,2007-05-10,12.512689590454102,12.521150588989258,11.861251831054688,12.115058898925781,676222
4706,2007-05-09,11.675127029418945,12.698816299438477,11.675127029418945,12.563451766967773,1117108
4707,2007-05-08,11.302876472473145,11.751269340515137,11.08290958404541,11.63282585144043,1002691
4708,2007-05-07,10.66835880279541,11.675127029418945,10.516074180603027,11.548222541809082,1002454
4709,2007-05-04,10.532995223999023,10.66835880279541,10.363789558410645,10.482234001159668,360746
4710,2007-05-03,10.253807067871094,10.541455268859863,10.11844253540039,10.532995223999023,317840
4711,2007-05-02,9.678510665893555,10.363789558410645,9.670050621032715,10.28764820098877,439468
4712,2007-05-01,10.160744667053223,10.160744667053223,9.695430755615234,9.771574020385742,357319
4713,2007-04-30,10.27918815612793,10.490694046020508,10.203045845031738,10.219965934753418,429421
4714,2007-04-27,10.29610824584961,10.29610824584961,10.194584846496582,10.27918815612793,200940
4715,2007-04-26,10.363789558410645,10.456852912902832,10.27918815612793,10.28764820098877,182146
4716,2007-04-25,10.160744667053223,10.541455268859863,10.152283668518066,10.507614135742188,338170
4717,2007-04-24,10.329949378967285,10.39763069152832,10.059222221374512,10.152283668518066,484738
4718,2007-04-23,10.490694046020508,10.634517669677734,10.304569244384766,10.38071060180664,287344
4719,2007-04-20,10.067682266235352,10.516074180603027,9.99153995513916,10.473773002624512,837211
4720,2007-04-19,9.949238777160645,10.253807067871094,9.788494110107422,9.856176376342773,577762
4721,2007-04-18,10.439931869506836,10.626057624816895,10.152283668518066,10.439931869506836,212051
4722,2007-04-17,10.69373893737793,11.218274116516113,10.575296401977539,10.69373893737793,180610
4723,2007-04-16,11.23519515991211,11.294416427612305,10.930625915527344,11.23519515991211,193021
4724,2007-04-13,10.854483604431152,11.040609359741211,10.69373893737793,10.854483604431152,88414
4725,2007-04-12,11.04906940460205,11.08290958404541,10.896784782409668,11.04906940460205,42197
4726,2007-04-11,11.04906940460205,11.3113374710083,10.905244827270508,11.04906940460205,75648
4727,2007-04-10,10.905244827270508,11.412859916687012,10.820643424987793,10.905244827270508,122692
4728,2007-04-09,11.269036293029785,11.412859916687012,11.006768226623535,11.269036293029785,192075
4729,2007-04-05,11.226734161376953,11.480541229248047,9.407782554626465,11.226734161376953,74939
4730,2007-04-04,11.218274116516113,11.23519515991211,10.913705825805664,11.218274116516113,83922
4731,2007-04-03,10.96446704864502,11.159051895141602,10.659897804260254,10.96446704864502,133684
4732,2007-04-02,10.659897804260254,10.659897804260254,10.245347023010254,10.659897804260254,164771
4733,2007-03-30,10.329949378967285,10.507614135742188,10.27072811126709,10.329949378967285,50353
4734,2007-03-29,10.228425979614258,10.236886978149414,9.949238777160645,10.228425979614258,227062
4735,2007-03-28,9.98307991027832,10.0,9.670050621032715,9.98307991027832,90659
4736,2007-03-27,9.856176376342773,9.88155746459961,9.670050621032715,9.856176376342773,84158
4737,2007-03-26,9.830795288085938,10.00846004486084,9.72927188873291,9.830795288085938,116072
4738,2007-03-23,9.560068130493164,9.805415153503418,9.509305953979492,9.771574020385742,101297
4739,2007-03-22,9.560068130493164,9.70389175415039,9.424703598022461,9.560068130493164,52126
4740,2007-03-21,9.534687042236328,9.644669532775879,9.4331636428833,9.534687042236328,67847
4741,2007-03-20,9.61082935333252,9.957698822021484,9.560068130493164,9.61082935333252,45271
4742,2007-03-19,9.763113021850586,9.805415153503418,9.644669532775879,9.763113021850586,75175
4743,2007-03-16,9.60236930847168,9.864636421203613,9.450084686279297,9.60236930847168,68674
4744,2007-03-15,9.839255332946777,9.98307991027832,9.653129577636719,9.839255332946777,59218
4745,2007-03-14,9.72927188873291,9.72927188873291,8.908629417419434,9.72927188873291,102716
4746,2007-03-13,9.365482330322266,10.084602355957031,9.357022285461426,9.365482330322266,107798
4747,2007-03-12,10.084602355957031,10.084602355957031,9.746192932128906,10.084602355957031,118791
4748,2007-03-09,9.898476600646973,10.372249603271484,9.822335243225098,9.898476600646973,72338
4749,2007-03-08,10.109983444213867,10.583756446838379,10.00846004486084,10.109983444213867,112999
4750,2007-03-07,10.211505889892578,10.423011779785156,8.502537727355957,10.211505889892578,141249
4751,2007-03-06,9.932317733764648,9.932317733764648,9.221657752990723,9.932317733764648,150587
4752,2007-03-05,8.570219993591309,8.934009552001953,8.426396369934082,8.570219993591309,228599
4753,2007-03-02,9.213197708129883,9.822335243225098,9.02707290649414,9.213197708129883,324932
4754,2007-03-01,10.00846004486084,10.059222221374512,9.467004776000977,10.00846004486084,180846
4755,2007-02-28,10.253807067871094,10.456852912902832,9.932317733764648,10.253807067871094,150823
4756,2007-02-27,10.363789558410645,11.057530403137207,10.033841133117676,10.363789558410645,238055
4757,2007-02-26,11.336716651916504,11.852791786193848,11.277496337890625,11.336716651916504,170090
4758,2007-02-23,11.209814071655273,11.3113374710083,10.659897804260254,11.209814071655273,154369
4759,2007-02-22,10.617596626281738,10.736041069030762,9.915397644042969,10.617596626281738,169735
4760,2007-02-21,10.042301177978516,10.27918815612793,9.813875198364258,10.042301177978516,111108
4761,2007-02-20,10.236886978149414,10.236886978149414,9.949238777160645,10.236886978149414,191839
4762,2007-02-16,10.236886978149414,10.304569244384766,9.33164119720459,10.236886978149414,272215
4763,2007-02-15,9.340102195739746,9.517765998840332,8.92555046081543,9.340102195739746,79430
4764,2007-02-14,8.874788284301758,9.010151863098145,8.663283348083496,8.874788284301758,117845
4765,2007-02-13,8.697123527526855,8.747884750366211,8.510997772216797,8.697123527526855,67374
4766,2007-02-12,8.460236549377441,8.65482234954834,8.460236549377441,8.460236549377441,128483
4767,2007-02-09,8.502537727355957,8.620981216430664,8.434856414794922,8.502537727355957,67492
4768,2007-02-08,8.536378860473633,8.536378860473633,8.291031837463379,8.536378860473633,50944
4769,2007-02-07,8.36717414855957,8.401015281677246,7.969542980194092,8.36717414855957,88532
4770,2007-02-06,8.028764724731445,8.147208213806152,7.9187822341918945,8.028764724731445,66192
4771,2007-02-05,8.138748168945312,8.138748168945312,8.138748168945312,8.138748168945312,0
4772,2007-02-02,8.138748168945312,8.392555236816406,8.08798599243164,8.138748168945312,58036
4773,2007-02-01,8.375635147094727,8.519458770751953,8.316412925720215,8.375635147094727,121982
4774,2007-01-31,8.316412925720215,8.434856414794922,8.214889526367188,8.316412925720215,123046
4775,2007-01-30,8.248730659484863,8.36717414855957,8.231809616088867,8.248730659484863,49880
4776,2007-01-29,8.257190704345703,8.299491882324219,8.071065902709961,8.257190704345703,106144
4777,2007-01-26,8.189509391784668,8.197970390319824,7.978003025054932,8.189509391784668,87232
4778,2007-01-25,8.104907035827637,8.494077682495117,7.986464023590088,8.104907035827637,68438
4779,2007-01-24,8.316412925720215,8.375635147094727,8.130288124084473,8.316412925720215,74111
4780,2007-01-23,8.307952880859375,8.316412925720215,7.749577045440674,8.307952880859375,197039
4781,2007-01-22,7.800337791442871,7.944161891937256,7.597292900085449,7.800337791442871,156970
4782,2007-01-19,7.78341817855835,7.834178924560547,7.385787010192871,7.78341817855835,66310
4783,2007-01-18,7.461928844451904,8.967850685119629,7.411168098449707,7.461928844451904,128011
4784,2007-01-17,7.681894779205322,7.910321235656738,7.622673034667969,7.681894779205322,56027
4785,2007-01-16,7.910321235656738,8.08798599243164,7.78341817855835,7.910321235656738,116900
4786,2007-01-12,8.054145812988281,9.086294174194336,7.445007801055908,8.054145812988281,162170
4787,2007-01-11,7.377326965332031,7.707275867462158,7.318105220794678,7.377326965332031,122101
4788,2007-01-10,7.48730993270874,7.664975166320801,7.309645175933838,7.48730993270874,276352
4789,2007-01-09,7.639594078063965,7.715735912322998,7.250422954559326,7.639594078063965,79430
4790,2007-01-08,7.698815822601318,7.986464023590088,7.690354824066162,7.698815822601318,136757
4791,2007-01-05,7.808798789978027,7.859560012817383,7.605752944946289,7.808798789978027,139949
4792,2007-01-04,7.758037090301514,8.054145812988281,7.741117000579834,7.758037090301514,136521
4793,2007-01-03,8.231809616088867,8.6886625289917,8.164129257202148,8.231809616088867,233090
4794,2006-12-29,8.620981216430664,8.722503662109375,8.468696594238281,8.620981216430664,67965
4795,2006-12-28,8.730963706970215,8.747884750366211,8.401015281677246,8.730963706970215,134393
4796,2006-12-27,8.519458770751953,8.747884750366211,8.460236549377441,8.519458770751953,349754
4797,2006-12-26,8.6463623046875,8.6463623046875,8.6463623046875,8.6463623046875,0
4798,2006-12-22,8.6463623046875,8.747884750366211,8.494077682495117,8.6463623046875,30850
4799,2006-12-21,8.553298950195312,8.891709327697754,8.502537727355957,8.553298950195312,81203
4800,2006-12-20,8.934009552001953,9.010151863098145,8.510997772216797,8.934009552001953,98697
4801,2006-12-19,8.840948104858398,8.976310729980469,8.62944221496582,8.840948104858398,65246
4802,2006-12-18,8.697123527526855,8.790185928344727,8.104907035827637,8.697123527526855,263113
4803,2006-12-15,8.062605857849121,8.299491882324219,7.859560012817383,8.062605857849121,210987
4804,2006-12-14,8.36717414855957,8.714043617248535,8.096446990966797,8.36717414855957,121155
4805,2006-12-13,8.714043617248535,9.02707290649414,7.893401145935059,8.714043617248535,160516
4806,2006-12-12,9.04399299621582,9.407782554626465,8.993231773376465,9.04399299621582,163352
4807,2006-12-11,9.0186128616333,9.196276664733887,8.807106971740723,9.0186128616333,114181
4808,2006-12-08,8.663283348083496,8.781725883483887,8.045684814453125,8.663283348083496,85104
4809,2006-12-07,8.544838905334473,8.561759948730469,7.969542980194092,7.969542980194092,54608
4810,2006-12-06,7.9402852058410645,7.963785171508789,7.775780200958252,7.9402852058410645,50382
4811,2006-12-05,7.9402852058410645,7.952034950256348,7.617150783538818,7.9402852058410645,34722
4812,2006-12-04,7.473208904266357,7.473208904266357,7.305767059326172,7.473208904266357,80338
4813,2006-12-01,7.382143974304199,7.402707099914551,7.153013229370117,7.382143974304199,81700
