,date,open,high,low,close,volume
0,2026-01-22,17.844999313354492,18.459999084472656,17.65999984741211,17.81999969482422,5248492
1,2026-01-21,17.674999237060547,18.170000076293945,15.609999656677246,17.530000686645508,27902900
2,2026-01-20,16.530000686645508,18.559999465942383,16.510000228881836,17.31999969482422,27827700
3,2026-01-16,17.110000610351562,18.149999618530273,16.719999313354492,17.450000762939453,20390300
4,2026-01-15,17.510000228881836,18.229999542236328,16.84000015258789,16.8799991607666,23699000
5,2026-01-14,15.96500015258789,17.594999313354492,15.60200023651123,17.299999237060547,38665300
6,2026-01-13,16.584999084472656,17.760000228881836,16.200000762939453,16.81999969482422,30497800
7,2026-01-12,15.279999732971191,17.149999618530273,15.180000305175781,16.1299991607666,29107300
8,2026-01-09,14.279999732971191,15.494999885559082,13.989999771118164,15.279999732971191,23201500
9,2026-01-08,13.90999984741211,14.729999542236328,13.75,14.020000457763672,14029200
10,2026-01-07,14.329999923706055,15.039999961853027,13.829999923706055,13.979999542236328,18621600
11,2026-01-06,13.510000228881836,14.225000381469727,13.359999656677246,14.149999618530273,14680000
12,2026-01-05,13.284000396728516,13.760000228881836,12.899999618530273,13.460000038146973,13011400
13,2026-01-02,11.6899995803833,13.119999885559082,11.630000114440918,12.970000267028809,15219500
14,2025-12-31,11.329999923706055,11.5,11.173999786376953,11.460000038146973,8863300
15,2025-12-30,11.34000015258789,11.609999656677246,11.329999923706055,11.350000381469727,9264100
16,2025-12-29,11.510000228881836,11.895999908447266,11.305000305175781,11.350000381469727,11335300
17,2025-12-26,12.079999923706055,12.079999923706055,11.6899995803833,11.850000381469727,8845400
18,2025-12-24,12.074999809265137,12.09000015258789,11.75,12.020000457763672,6957800
19,2025-12-23,12.520000457763672,12.710000038146973,11.869999885559082,11.960000038146973,16865800
20,2025-12-22,13.4350004196167,13.491999626159668,12.755000114440918,12.890000343322754,12806000
21,2025-12-19,12.449999809265137,13.289999961853027,12.449999809265137,13.069999694824219,15529400
22,2025-12-18,12.699999809265137,13.15999984741211,12.220000267028809,12.3100004196167,13986100
23,2025-12-17,13.449999809265137,13.630000114440918,12.204999923706055,12.270000457763672,15269500
24,2025-12-16,13.4399995803833,13.739999771118164,12.854999542236328,13.300000190734863,13005200
25,2025-12-15,15.09000015258789,15.100000381469727,13.510000228881836,13.630000114440918,15717500
26,2025-12-12,16.31999969482422,16.360000610351562,14.420000076293945,14.84000015258789,20998000
27,2025-12-11,14.5600004196167,16.489999771118164,13.829999923706055,16.440000534057617,20815400
28,2025-12-10,14.975000381469727,15.279999732971191,14.40999984741211,14.789999961853027,13660400
29,2025-12-09,15.329999923706055,15.770000457763672,14.760000228881836,14.949999809265137,16283700
30,2025-12-08,15.119999885559082,15.449999809265137,14.329999923706055,15.430000305175781,14472400
31,2025-12-05,15.430000305175781,15.520000457763672,14.829999923706055,14.989999771118164,15554300
32,2025-12-04,13.40999984741211,16.045000076293945,13.222999572753906,15.59000015258789,28314000
33,2025-12-03,12.770000457763672,13.59000015258789,12.369999885559082,13.550000190734863,10536800
34,2025-12-02,13.640000343322754,13.829999923706055,12.729999542236328,12.779999732971191,18794300
35,2025-12-01,14.5600004196167,14.74899959564209,13.585000038146973,13.604999542236328,17210700
36,2025-11-28,14.460000038146973,15.274999618530273,14.199999809265137,15.050000190734863,9281200
37,2025-11-26,13.5,14.359999656677246,13.319999694824219,14.210000038146973,13455400
38,2025-11-25,13.180000305175781,13.449999809265137,12.600000381469727,13.399999618530273,19471100
39,2025-11-24,12.664999961853027,13.53499984741211,12.630000114440918,13.119999885559082,21612500
40,2025-11-21,12.979999542236328,13.239999771118164,11.579999923706055,12.359999656677246,30915500
41,2025-11-20,13.34000015258789,14.239999771118164,12.569999694824219,12.880000114440918,45095500
42,2025-11-19,12.524999618530273,13.649999618530273,12.229999542236328,12.779999732971191,53510200
43,2025-11-18,12.663999557495117,14.0649995803833,12.210000038146973,13.479999542236328,26556400
44,2025-11-17,13.510000228881836,14.0,12.75,13.0,25882500
45,2025-11-14,14.229999542236328,15.300000190734863,13.729999542236328,13.800000190734863,24320400
46,2025-11-13,17.09000015258789,17.360000610351562,14.760000228881836,15.204999923706055,21895500
47,2025-11-12,19.05500030517578,19.649999618530273,16.040000915527344,17.270000457763672,34302800
48,2025-11-11,18.979999542236328,19.280000686645508,18.01799964904785,18.520000457763672,22800500
49,2025-11-10,18.274999618530273,19.860000610351562,17.26099967956543,19.190000534057617,42409500
50,2025-11-07,14.729999542236328,18.340999603271484,14.199999809265137,18.260000228881836,41867900
51,2025-11-06,15.800000190734863,16.110000610351562,14.520000457763672,15.289999961853027,36335700
52,2025-11-05,14.399999618530273,15.380000114440918,13.890000343322754,14.859999656677246,16463300
53,2025-11-04,14.739999771118164,15.010000228881836,13.989999771118164,14.100000381469727,17362100
54,2025-11-03,16.09000015258789,16.600000381469727,15.520000457763672,15.619999885559082,16526200
55,2025-10-31,14.649999618530273,16.290000915527344,14.529999732971191,16.030000686645508,24103600
56,2025-10-30,13.255000114440918,14.770000457763672,13.149999618530273,14.319999694824219,24661100
57,2025-10-29,14.829999923706055,15.460000038146973,13.899999618530273,14.369999885559082,20825600
58,2025-10-28,15.199999809265137,16.040000915527344,14.640000343322754,15.010000228881836,16255800
59,2025-10-27,16.239999771118164,16.950000762939453,15.234999656677246,15.380000114440918,21176500
60,2025-10-24,15.050000190734863,16.360000610351562,14.960000038146973,16.059999465942383,21352000
61,2025-10-23,15.194999694824219,15.899999618530273,14.319999694824219,14.359999656677246,16645300
62,2025-10-22,15.600000381469727,16.34000015258789,14.192000389099121,15.0600004196167,27469600
63,2025-10-21,17.024999618530273,17.329999923706055,15.640000343322754,16.299999237060547,50357400
64,2025-10-20,16.198999404907227,16.198999404907227,14.59000015258789,15.010000228881836,14600200
65,2025-10-17,15.140000343322754,15.489999771118164,14.5,15.039999961853027,20353600
66,2025-10-16,18.100000381469727,18.209999084472656,15.34000015258789,15.449999809265137,31587700
67,2025-10-15,18.280000686645508,19.045000076293945,16.940000534057617,18.280000686645508,32574700
68,2025-10-14,16.610000610351562,17.809999465942383,16.100000381469727,16.979999542236328,34127300
69,2025-10-13,15.104000091552734,17.360000610351562,14.940999984741211,17.049999237060547,41966000
70,2025-10-10,14.6899995803833,14.6899995803833,13.539999961853027,13.819999694824219,22062700
71,2025-10-09,15.050000190734863,15.09000015258789,14.380000114440918,14.640000343322754,17324500
72,2025-10-08,13.550000190734863,15.34000015258789,13.3100004196167,14.819999694824219,27538300
73,2025-10-07,14.199999809265137,14.5600004196167,13.569999694824219,13.65999984741211,19129100
74,2025-10-06,14.4350004196167,15.1899995803833,13.550000190734863,13.859999656677246,35332600
75,2025-10-03,12.470000267028809,13.505000114440918,12.293000221252441,12.600000381469727,24711400
76,2025-10-02,12.954999923706055,13.126999855041504,12.180000305175781,12.359999656677246,27124600
77,2025-10-01,11.369999885559082,12.399999618530273,11.119999885559082,12.369999885559082,20342200
78,2025-09-30,11.0,11.569000244140625,10.800000190734863,11.390000343322754,14085300
79,2025-09-29,10.432999610900879,11.449999809265137,10.22599983215332,11.170000076293945,23838400
80,2025-09-26,10.5,10.607999801635742,9.829999923706055,10.119999885559082,12632100
81,2025-09-25,10.119999885559082,10.704999923706055,9.770000457763672,10.489999771118164,22783400
82,2025-09-24,10.270000457763672,11.354999542236328,10.210000038146973,10.649999618530273,32690800
83,2025-09-23,10.300000190734863,10.604999542236328,9.930000305175781,10.15999984741211,21212900
84,2025-09-22,10.460000038146973,10.479999542236328,9.850000381469727,10.239999771118164,30620700
85,2025-09-19,9.225000381469727,10.154999732971191,9.170000076293945,9.760000228881836,36023500
86,2025-09-18,8.774999618530273,9.25,8.4399995803833,9.0,21845700
87,2025-09-17,8.270000457763672,8.739999771118164,8.119999885559082,8.5,14132600
88,2025-09-16,8.324999809265137,8.404999732971191,7.929999828338623,8.289999961853027,11235600
89,2025-09-15,8.4399995803833,8.545000076293945,8.210000038146973,8.279999732971191,15747200
90,2025-09-12,7.239999771118164,8.239999771118164,7.171000003814697,8.199999809265137,19132800
91,2025-09-11,6.809999942779541,7.28000020980835,6.71999979019165,7.21999979019165,8507400
92,2025-09-10,7.050000190734863,7.369999885559082,6.800000190734863,6.869999885559082,12893900
93,2025-09-09,6.925000190734863,7.045000076293945,6.659999847412109,6.980000019073486,9915900
94,2025-09-08,7.199999809265137,7.46999979019165,6.809999942779541,6.869999885559082,14809300
95,2025-09-05,7.539999961853027,7.619999885559082,7.0,7.210000038146973,12937400
96,2025-09-04,7.619999885559082,7.670000076293945,7.039999961853027,7.340000152587891,12364800
97,2025-09-03,7.670000076293945,8.085000038146973,7.550000190734863,7.619999885559082,16714500
98,2025-09-02,6.710000038146973,7.599999904632568,6.510000228881836,7.510000228881836,19824500
99,2025-08-29,7.130000114440918,7.210000038146973,6.760000228881836,6.900000095367432,8689500
100,2025-08-28,7.269000053405762,7.340000152587891,6.864999771118164,7.130000114440918,11205600
101,2025-08-27,6.949999809265137,7.139999866485596,6.800000190734863,7.119999885559082,11215700
102,2025-08-26,6.34499979019165,6.940000057220459,6.309999942779541,6.920000076293945,15722200
103,2025-08-25,6.320000171661377,6.380000114440918,6.144999980926514,6.269999980926514,5349800
104,2025-08-22,6.03000020980835,6.380000114440918,5.960000038146973,6.320000171661377,8341800
105,2025-08-21,5.940000057220459,6.03000020980835,5.840000152587891,6.019999980926514,4582900
106,2025-08-20,5.909999847412109,6.010000228881836,5.769999980926514,5.989999771118164,7629900
107,2025-08-19,6.25,6.269999980926514,5.949999809265137,6.050000190734863,7951300
108,2025-08-18,5.960000038146973,6.400000095367432,5.925000190734863,6.329999923706055,13499800
109,2025-08-15,6.349999904632568,6.349999904632568,5.829999923706055,5.860000133514404,15502000
110,2025-08-14,6.119999885559082,6.605000019073486,6.099999904632568,6.329999923706055,9905100
111,2025-08-13,6.139999866485596,6.349999904632568,5.840000152587891,6.340000152587891,15201500
112,2025-08-12,6.210000038146973,6.26200008392334,6.0,6.110000133514404,11758200
113,2025-08-11,6.369999885559082,6.539999961853027,6.289999961853027,6.349999904632568,8545300
114,2025-08-08,6.599999904632568,6.690000057220459,6.195000171661377,6.369999885559082,11401600
115,2025-08-07,6.565000057220459,6.909999847412109,6.510000228881836,6.559999942779541,15975100
116,2025-08-06,6.510000228881836,6.758999824523926,6.300000190734863,6.460000038146973,13892200
117,2025-08-05,6.204999923706055,6.539999961853027,6.059999942779541,6.510000228881836,16632500
118,2025-08-04,5.670000076293945,6.349999904632568,5.644999980926514,6.210000038146973,15657700
119,2025-08-01,5.46999979019165,5.639999866485596,5.269999980926514,5.510000228881836,13993300
120,2025-07-31,5.46999979019165,6.550000190734863,5.409999847412109,5.699999809265137,24980300
121,2025-07-30,5.925000190734863,6.300000190734863,5.909999847412109,5.920000076293945,15768200
122,2025-07-29,6.289999961853027,6.309999942779541,5.789999961853027,5.954999923706055,10232500
123,2025-07-28,6.449999809265137,6.539999961853027,6.045000076293945,6.179999828338623,10380000
124,2025-07-25,6.260000228881836,6.659999847412109,6.179999828338623,6.369999885559082,11904900
125,2025-07-24,6.230000019073486,6.519999980926514,6.119999885559082,6.360000133514404,13469600
126,2025-07-23,6.25,6.449999809265137,5.909999847412109,6.239999771118164,16759900
127,2025-07-22,5.945000171661377,6.119999885559082,5.659999847412109,6.03000020980835,14708500
128,2025-07-21,6.110000133514404,6.230000019073486,5.849999904632568,6.0,24322500
129,2025-07-18,5.949999809265137,6.5,5.760000228881836,5.869999885559082,42044200
130,2025-07-17,5.099999904632568,5.349999904632568,4.900000095367432,5.300000190734863,17475000
131,2025-07-16,5.28000020980835,5.389999866485596,4.820000171661377,5.070000171661377,11798900
132,2025-07-15,5.440000057220459,5.480000019073486,5.079999923706055,5.170000076293945,16080800
133,2025-07-14,4.650000095367432,5.380000114440918,4.590000152587891,5.369999885559082,16646500
134,2025-07-11,4.599999904632568,4.639999866485596,4.449999809265137,4.630000114440918,7954900
135,2025-07-10,4.619999885559082,4.670000076293945,4.519999980926514,4.650000095367432,7960700
136,2025-07-09,4.840000152587891,4.861000061035156,4.559999942779541,4.659999847412109,10250700
137,2025-07-08,5.150000095367432,5.184999942779541,4.769999980926514,4.789999961853027,15759600
138,2025-07-07,5.204999923706055,5.480000019073486,5.079999923706055,5.150000095367432,15159200
139,2025-07-03,4.960000038146973,5.110000133514404,4.929999828338623,5.079999923706055,5747500
140,2025-07-02,5.224999904632568,5.28000020980835,4.860000133514404,4.900000095367432,14822300
141,2025-07-01,5.03000020980835,5.050000190734863,4.710000038146973,4.869999885559082,13262500
142,2025-06-30,4.510000228881836,5.230000019073486,4.504000186920166,5.119999885559082,18495800
143,2025-06-27,4.590000152587891,4.599999904632568,4.28000020980835,4.409999847412109,44729600
144,2025-06-26,4.25,4.590000152587891,4.215000152587891,4.539999961853027,9260700
145,2025-06-25,4.420000076293945,4.440000057220459,4.199999809265137,4.210000038146973,7293200
146,2025-06-24,4.239999771118164,4.429999828338623,4.210000038146973,4.369999885559082,8160400
147,2025-06-23,4.389999866485596,4.570000171661377,4.179999828338623,4.190000057220459,13319600
148,2025-06-20,4.789999961853027,4.864999771118164,4.480000019073486,4.489999771118164,13016800
149,2025-06-18,4.46999979019165,4.78000020980835,4.429999828338623,4.579999923706055,9195800
150,2025-06-17,4.550000190734863,4.744999885559082,4.389999866485596,4.429999828338623,9533400
151,2025-06-16,4.199999809265137,4.659999847412109,4.195000171661377,4.630000114440918,21377200
152,2025-06-13,4.039999961853027,4.159999847412109,3.9600000381469727,4.03000020980835,9493200
153,2025-06-12,4.039999961853027,4.289999961853027,4.0,4.159999847412109,10136000
154,2025-06-11,4.079999923706055,4.135000228881836,3.880000114440918,4.010000228881836,8419400
155,2025-06-10,4.239999771118164,4.329999923706055,4.034999847412109,4.070000171661377,12979200
156,2025-06-09,3.940000057220459,4.349999904632568,3.9200000762939453,4.179999828338623,21946500
157,2025-06-06,3.940000057220459,4.03000020980835,3.805000066757202,3.8399999141693115,9926800
158,2025-06-05,3.819999933242798,4.050000190734863,3.7799999713897705,3.9200000762939453,17606500
159,2025-06-04,3.9100000858306885,3.930000066757202,3.690000057220459,3.799999952316284,18372800
160,2025-06-03,4.179999828338623,4.179999828338623,3.809999942779541,3.859999895095825,25292700
161,2025-06-02,4.170000076293945,4.210000038146973,4.03000020980835,4.150000095367432,19209100
162,2025-05-30,4.28000020980835,4.289999961853027,4.03000020980835,4.159999847412109,60776600
163,2025-05-29,5.050000190734863,5.360000133514404,4.510000228881836,4.514999866485596,60604300
164,2025-05-28,5.900000095367432,6.110000133514404,5.579999923706055,5.994999885559082,7923200
165,2025-05-27,5.985000133514404,6.005000114440918,5.565000057220459,5.889999866485596,19378200
166,2025-05-23,5.849999904632568,6.505000114440918,5.829999923706055,6.380000114440918,8818400
167,2025-05-22,5.760000228881836,6.09499979019165,5.550000190734863,6.0,6971100
168,2025-05-21,6.070000171661377,6.25,5.849999904632568,5.929999828338623,9350700
169,2025-05-20,6.46999979019165,6.590000152587891,6.144999980926514,6.199999809265137,5382500
170,2025-05-19,6.71999979019165,6.748000144958496,6.349999904632568,6.510000228881836,8909600
171,2025-05-16,7.114999771118164,7.114999771118164,6.724999904632568,6.980000019073486,11005600
172,2025-05-15,6.900000095367432,7.360000133514404,6.75,7.110000133514404,12626000
173,2025-05-14,6.800000190734863,7.050000190734863,6.639999866485596,6.940000057220459,8391700
174,2025-05-13,6.460000038146973,7.059999942779541,6.449999809265137,6.800000190734863,15203200
175,2025-05-12,6.460000038146973,6.730000019073486,6.239999771118164,6.329999923706055,7884800
176,2025-05-09,6.059999942779541,6.275000095367432,5.789999961853027,6.210000038146973,7109800
177,2025-05-08,6.446000099182129,6.495999813079834,5.909999847412109,6.0,12887500
178,2025-05-07,5.360000133514404,6.889999866485596,5.340000152587891,6.670000076293945,37138600
179,2025-05-06,4.929999828338623,5.099999904632568,4.860000133514404,5.039999961853027,7250500
180,2025-05-05,5.269999980926514,5.289000034332275,5.019999980926514,5.059999942779541,4289300
181,2025-05-02,5.239999771118164,5.420000076293945,5.175000190734863,5.329999923706055,4730100
182,2025-05-01,5.329999923706055,5.375999927520752,5.119999885559082,5.139999866485596,4018900
183,2025-04-30,5.179999828338623,5.230000019073486,4.980000019073486,5.21999979019165,4681700
184,2025-04-29,5.409999847412109,5.4670000076293945,5.150000095367432,5.420000076293945,4248900
185,2025-04-28,5.300000190734863,5.578999996185303,5.179999828338623,5.480000019073486,6681400
186,2025-04-25,4.84499979019165,5.239999771118164,4.78000020980835,5.21999979019165,5407100
187,2025-04-24,4.869999885559082,5.085000038146973,4.769999980926514,4.880000114440918,5235900
188,2025-04-23,4.869999885559082,5.090000152587891,4.769999980926514,4.860000133514404,6166100
189,2025-04-22,4.679999828338623,4.895999908447266,4.610000133514404,4.650000095367432,5273500
190,2025-04-21,4.630000114440918,4.710000038146973,4.409999847412109,4.519999980926514,4424800
191,2025-04-17,4.960000038146973,5.204999923706055,4.715000152587891,4.739999771118164,5611100
192,2025-04-16,4.929999828338623,5.090000152587891,4.760000228881836,4.889999866485596,5884500
193,2025-04-15,4.429999828338623,5.090000152587891,4.429999828338623,5.050000190734863,13178300
194,2025-04-14,4.320000171661377,4.420000076293945,4.110000133514404,4.21999979019165,4615300
195,2025-04-11,3.859999895095825,4.25,3.755000114440918,4.230000019073486,7588000
196,2025-04-10,3.7899999618530273,3.869999885559082,3.4700000286102295,3.869999885559082,5287700
197,2025-04-09,3.25,3.940000057220459,3.069999933242798,3.859999895095825,9726800
198,2025-04-08,3.7799999713897705,3.799999952316284,3.140000104904175,3.299999952316284,7665200
199,2025-04-07,3.5,3.984999895095825,3.4600000381469727,3.5399999618530273,9304100
200,2025-04-04,3.7799999713897705,3.8550000190734863,3.3499999046325684,3.819999933242798,6504900
201,2025-04-03,3.7200000286102295,4.0,3.7200000286102295,3.9700000286102295,4494900
202,2025-04-02,3.9100000858306885,4.164999961853027,3.9000000953674316,3.990000009536743,2793000
203,2025-04-01,3.740000009536743,4.014999866485596,3.700000047683716,4.010000228881836,4460900
204,2025-03-31,3.7799999713897705,3.865000009536743,3.621999979019165,3.7799999713897705,4229500
205,2025-03-28,3.9600000381469727,4.010000228881836,3.8399999141693115,3.940000057220459,3686200
206,2025-03-27,4.079999923706055,4.099999904632568,3.930000066757202,4.039999961853027,2797400
207,2025-03-26,4.179999828338623,4.210000038146973,4.019999980926514,4.119999885559082,3165900
208,2025-03-25,4.329999923706055,4.369999885559082,4.179999828338623,4.190000057220459,2536400
209,2025-03-24,4.5,4.579999923706055,4.340000152587891,4.349999904632568,3281500
210,2025-03-21,4.170000076293945,4.427000045776367,4.090000152587891,4.389999866485596,3668100
211,2025-03-20,4.400000095367432,4.579999923706055,4.25,4.260000228881836,3875700
212,2025-03-19,4.114999771118164,4.539999961853027,4.114999771118164,4.440000057220459,5178900
213,2025-03-18,4.119999885559082,4.15500020980835,3.930000066757202,4.099999904632568,2698500
214,2025-03-17,4.139999866485596,4.260000228881836,4.085000038146973,4.159999847412109,2807900
215,2025-03-14,4.070000171661377,4.199999809265137,4.039999961853027,4.130000114440918,3435300
216,2025-03-13,4.110000133514404,4.210000038146973,3.8399999141693115,3.950000047683716,3939900
217,2025-03-12,4.119999885559082,4.176000118255615,4.0,4.110000133514404,4838800
218,2025-03-11,3.940000057220459,4.059999942779541,3.799999952316284,3.950000047683716,4562100
219,2025-03-10,4.440000057220459,4.440000057220459,3.8399999141693115,3.940000057220459,8266500
220,2025-03-07,4.510000228881836,4.699999809265137,4.260000228881836,4.599999904632568,5707500
221,2025-03-06,4.724999904632568,4.900000095367432,4.440000057220459,4.53000020980835,7290200
222,2025-03-05,4.199999809265137,4.980000019073486,4.139999866485596,4.96999979019165,13082300
223,2025-03-04,3.8399999141693115,4.079999923706055,3.6600000858306885,3.940000057220459,6998700
224,2025-03-03,4.449999809265137,4.480000019073486,3.9000000953674316,3.984999895095825,6734300
225,2025-02-28,3.9700000286102295,4.474999904632568,3.9200000762939453,4.369999885559082,5902600
226,2025-02-27,4.309999942779541,4.34499979019165,4.070000171661377,4.070000171661377,3066300
227,2025-02-26,4.119999885559082,4.46999979019165,4.099999904632568,4.28000020980835,5691700
228,2025-02-25,4.210000038146973,4.239999771118164,3.859999895095825,4.090000152587891,9055300
229,2025-02-24,4.46999979019165,4.480000019073486,4.125,4.260000228881836,6582500
230,2025-02-21,4.784999847412109,4.829999923706055,4.46999979019165,4.480000019073486,4967100
231,2025-02-20,4.630000114440918,4.804999828338623,4.380000114440918,4.75,8242800
232,2025-02-19,5.019999980926514,5.110000133514404,4.78000020980835,4.820000171661377,5355800
233,2025-02-18,4.8979997634887695,5.010000228881836,4.679999828338623,4.980000019073486,5568500
234,2025-02-14,5.255000114440918,5.263000011444092,4.892000198364258,4.900000095367432,4032000
235,2025-02-13,5.005000114440918,5.28000020980835,4.909999847412109,5.230000019073486,4302300
236,2025-02-12,4.699999809265137,5.090000152587891,4.599999904632568,4.96999979019165,6987600
237,2025-02-11,5.210000038146973,5.420000076293945,4.809999942779541,4.909999847412109,12411400
238,2025-02-10,5.329999923706055,5.59499979019165,5.139999866485596,5.400000095367432,5977000
239,2025-02-07,5.480000019073486,5.71999979019165,5.300000190734863,5.329999923706055,4760300
240,2025-02-06,5.510000228881836,5.630000114440918,5.340000152587891,5.460000038146973,4531500
241,2025-02-05,5.96999979019165,6.079999923706055,5.329999923706055,5.389999866485596,8054600
242,2025-02-04,5.610000133514404,6.114999771118164,5.429999828338623,5.940000057220459,7367200
243,2025-02-03,5.360000133514404,5.800000190734863,5.289999961853027,5.610000133514404,4934900
244,2025-01-31,5.860000133514404,6.198999881744385,5.730000019073486,5.739999771118164,6094700
245,2025-01-30,5.539999961853027,6.28000020980835,5.539999961853027,5.809999942779541,11750100
246,2025-01-29,5.650000095367432,5.860000133514404,5.320000171661377,5.440000057220459,4876000
247,2025-01-28,5.885000228881836,5.989999771118164,5.264999866485596,5.679999828338623,8908300
248,2025-01-27,5.840000152587891,6.15500020980835,5.670000076293945,5.849999904632568,6663500
249,2025-01-24,6.25,6.639999866485596,5.96999979019165,6.079999923706055,7668700
250,2025-01-23,5.880000114440918,6.230000019073486,5.71999979019165,6.190000057220459,7878000
251,2025-01-22,5.769999980926514,5.909999847412109,5.580999851226807,5.840000152587891,5473700
252,2025-01-21,6.079999923706055,6.139999866485596,5.099999904632568,5.739999771118164,14775400
253,2025-01-17,6.139999866485596,6.46999979019165,5.920000076293945,6.019999980926514,9392600
254,2025-01-16,5.289999961853027,6.34499979019165,5.090000152587891,6.159999847412109,17837800
255,2025-01-15,4.679999828338623,5.264999866485596,4.65500020980835,5.199999809265137,9536100
256,2025-01-14,4.869999885559082,4.949999809265137,4.460000038146973,4.599999904632568,6435000
257,2025-01-13,4.75,4.789999961853027,4.494999885559082,4.739999771118164,8323900
258,2025-01-10,5.059999942779541,5.170000076293945,4.760000228881836,4.960000038146973,7841800
259,2025-01-08,5.300000190734863,5.389999866485596,4.960000038146973,5.179999828338623,9789700
260,2025-01-07,5.559999942779541,5.699999809265137,5.355000019073486,5.389999866485596,6291500
261,2025-01-06,5.789999961853027,6.010000228881836,5.480000019073486,5.519999980926514,10333500
262,2025-01-03,5.53000020980835,5.820000171661377,5.284999847412109,5.670000076293945,9043800
263,2025-01-02,4.980000019073486,5.699999809265137,4.940999984741211,5.53000020980835,13367200
264,2024-12-31,5.119999885559082,5.150000095367432,4.735000133514404,4.860000133514404,9691300
265,2024-12-30,5.079999923706055,5.269999980926514,4.869999885559082,5.139999866485596,8140700
266,2024-12-27,5.300000190734863,5.420000076293945,5.065000057220459,5.170000076293945,11800600
267,2024-12-26,4.5,5.300000190734863,4.46999979019165,5.170000076293945,14564900
268,2024-12-24,4.670000076293945,4.690000057220459,4.420000076293945,4.559999942779541,4092100
269,2024-12-23,4.599999904632568,4.804999828338623,4.420000076293945,4.639999866485596,9380200
270,2024-12-20,4.210999965667725,4.679999828338623,4.079999923706055,4.570000171661377,14939100
271,2024-12-19,4.239999771118164,4.5,4.019999980926514,4.320000171661377,11440900
272,2024-12-18,4.329999923706055,4.599999904632568,4.0,4.039999961853027,17434600
273,2024-12-17,3.9800000190734863,4.090000152587891,3.7300000190734863,3.9100000858306885,11843700
274,2024-12-16,3.4100000858306885,4.150000095367432,3.359999895095825,4.039999961853027,21304600
275,2024-12-13,3.240000009536743,3.4049999713897705,3.2200000286102295,3.4000000953674316,4907400
276,2024-12-12,3.2200000286102295,3.4049999713897705,3.1600000858306885,3.25,5843000
277,2024-12-11,3.109999895095825,3.25,2.990000009536743,3.2200000286102295,4941300
278,2024-12-10,3.2799999713897705,3.2799999713897705,3.049999952316284,3.069999933242798,5623000
279,2024-12-09,3.259999990463257,3.4200000762939453,3.2200000286102295,3.319999933242798,6177000
280,2024-12-06,3.119999885559082,3.2699999809265137,3.0999999046325684,3.2100000381469727,8418200
281,2024-12-05,2.9800000190734863,3.200000047683716,2.9000000953674316,3.069999933242798,8293900
282,2024-12-04,2.940000057220459,3.1500000953674316,2.8949999809265137,2.9700000286102295,7641300
283,2024-12-03,3.299999952316284,3.444999933242798,2.9000000953674316,2.930000066757202,15926900
284,2024-12-02,2.9700000286102295,2.9800000190734863,2.819999933242798,2.890000104904175,4237200
285,2024-11-29,2.7300000190734863,3.0,2.7300000190734863,2.950000047683716,5469900
286,2024-11-27,2.7300000190734863,2.8499999046325684,2.640000104904175,2.700000047683716,3864100
287,2024-11-26,2.799999952316284,2.815000057220459,2.6600000858306885,2.680000066757202,3447800
288,2024-11-25,2.7300000190734863,2.8499999046325684,2.5899999141693115,2.7899999618530273,8531900
289,2024-11-22,2.509999990463257,2.740000009536743,2.4600000381469727,2.700000047683716,5642800
290,2024-11-21,2.2799999713897705,2.609999895095825,2.2300000190734863,2.509999990463257,6944300
291,2024-11-20,2.319999933242798,2.3550000190734863,2.2200000286102295,2.2799999713897705,4118700
292,2024-11-19,2.109999895095825,2.359999895095825,2.069999933242798,2.309999942779541,6024800
293,2024-11-18,2.2100000381469727,2.2200000286102295,2.059999942779541,2.1500000953674316,6453600
294,2024-11-15,2.2300000190734863,2.305000066757202,2.1549999713897705,2.190000057220459,16398200
295,2024-11-14,2.319999933242798,2.3499999046325684,2.2200000286102295,2.2300000190734863,5342500
296,2024-11-13,2.359999895095825,2.5199999809265137,2.299999952316284,2.309999942779541,6187700
297,2024-11-12,2.450000047683716,2.450000047683716,2.319999933242798,2.380000114440918,6976200
298,2024-11-11,2.5999999046325684,2.615000009536743,2.424999952316284,2.5,7186900
299,2024-11-08,2.7799999713897705,2.799999952316284,2.5910000801086426,2.6700000762939453,6568000
300,2024-11-07,2.6500000953674316,2.869999885559082,2.5799999237060547,2.759999990463257,8772200
301,2024-11-06,2.6700000762939453,2.7799999713897705,2.2300000190734863,2.549999952316284,22213100
302,2024-11-05,2.990000009536743,3.200000047683716,2.9200000762939453,3.180000066757202,7658300
303,2024-11-04,3.119999885559082,3.1600000858306885,2.9100000858306885,2.9200000762939453,6285300
304,2024-11-01,3.380000114440918,3.5,3.130000114440918,3.1500000953674316,6916100
305,2024-10-31,3.380000114440918,3.4200000762939453,3.0199999809265137,3.109999895095825,11263000
306,2024-10-30,3.450000047683716,3.555000066757202,3.3429999351501465,3.440000057220459,4082900
307,2024-10-29,3.4749999046325684,3.5799999237060547,3.3499999046325684,3.450000047683716,5234100
308,2024-10-28,3.380000114440918,3.5799999237060547,3.359999895095825,3.450000047683716,5143000
309,2024-10-25,3.1700000762939453,3.4049999713897705,3.0999999046325684,3.3399999141693115,4597500
310,2024-10-24,3.0899999141693115,3.2200000286102295,3.009999990463257,3.130000114440918,4897300
311,2024-10-23,3.0899999141693115,3.180000066757202,2.9700000286102295,3.069999933242798,4983600
312,2024-10-22,3.200000047683716,3.2699999809265137,3.059999942779541,3.0950000286102295,3885400
313,2024-10-21,3.200000047683716,3.25,3.058000087738037,3.2100000381469727,5046900
314,2024-10-18,3.2899999618530273,3.3550000190734863,3.240000009536743,3.240000009536743,4425700
315,2024-10-17,3.4000000953674316,3.549999952316284,2.9100000858306885,3.319999933242798,15257400
316,2024-10-16,3.5199999809265137,3.6600000858306885,3.359999895095825,3.450000047683716,10304400
317,2024-10-15,3.1500000953674316,3.359999895095825,3.130000114440918,3.359999895095825,6502400
318,2024-10-14,3.109999895095825,3.1700000762939453,3.0399999618530273,3.1600000858306885,3590500
319,2024-10-11,2.819999933242798,3.180000066757202,2.819999933242798,3.140000104904175,4398900
320,2024-10-10,2.940000057220459,2.9749999046325684,2.7899999618530273,2.9000000953674316,5481100
321,2024-10-09,3.180000066757202,3.2300000190734863,2.9200000762939453,2.9700000286102295,6568100
322,2024-10-08,3.25,3.2699999809265137,3.0799999237060547,3.1500000953674316,4249500
323,2024-10-07,3.0899999141693115,3.299999952316284,3.009999990463257,3.259999990463257,7025700
324,2024-10-04,3.180000066757202,3.2699999809265137,3.0899999141693115,3.130000114440918,5887400
325,2024-10-03,2.950000047683716,3.200000047683716,2.869999885559082,3.180000066757202,8264000
326,2024-10-02,2.9200000762939453,2.997999906539917,2.809999942779541,2.9600000381469727,4960000
327,2024-10-01,2.9600000381469727,3.069999933242798,2.759999990463257,2.890000104904175,12181800
328,2024-09-30,2.619999885559082,2.9800000190734863,2.569999933242798,2.9700000286102295,10733300
329,2024-09-27,2.619999885559082,2.700000047683716,2.569999933242798,2.619999885559082,7662300
330,2024-09-26,2.5,2.619999885559082,2.4609999656677246,2.5899999141693115,4124400
331,2024-09-25,2.5899999141693115,2.630000114440918,2.450000047683716,2.4800000190734863,3967100
332,2024-09-24,2.5299999713897705,2.6500000953674316,2.369999885559082,2.5799999237060547,6303700
333,2024-09-23,2.4200000762939453,2.5199999809265137,2.3299999237060547,2.4700000286102295,4046100
334,2024-09-20,2.3499999046325684,2.4100000858306885,2.2799999713897705,2.390000104904175,8382900
335,2024-09-19,2.5299999713897705,2.5399999618530273,2.369999885559082,2.4000000953674316,5925200
336,2024-09-18,2.509999990463257,2.609999895095825,2.430000066757202,2.450000047683716,5499800
337,2024-09-17,2.75,2.7699999809265137,2.4700000286102295,2.5299999713897705,8181400
338,2024-09-16,2.7200000286102295,2.7899999618530273,2.5299999713897705,2.75,7749100
339,2024-09-13,2.6600000858306885,2.7799999713897705,2.5799999237060547,2.7300000190734863,6622000
340,2024-09-12,2.619999885559082,2.6500000953674316,2.5,2.6500000953674316,5157400
341,2024-09-11,2.4200000762939453,2.5899999141693115,2.309999942779541,2.5799999237060547,5889700
342,2024-09-10,2.130000114440918,2.450000047683716,2.1050000190734863,2.390000104904175,6200800
343,2024-09-09,2.180000066757202,2.2899999618530273,2.0999999046325684,2.130000114440918,4643800
344,2024-09-06,2.299999952316284,2.369999885559082,2.1600000858306885,2.1700000762939453,5698300
345,2024-09-05,2.440000057220459,2.509999990463257,2.309999942779541,2.3299999237060547,5084000
346,2024-09-04,2.450000047683716,2.569999933242798,2.359999895095825,2.440000057220459,5429300
347,2024-09-03,2.640000104904175,2.7049999237060547,2.4100000858306885,2.4600000381469727,8338700
348,2024-08-30,2.759999990463257,2.809999942779541,2.5450000762939453,2.6700000762939453,11200200
349,2024-08-29,2.319999933242798,2.809999942779541,2.2799999713897705,2.7699999809265137,24764300
350,2024-08-28,2.2899999618530273,2.309999942779541,2.1600000858306885,2.190000057220459,3912000
351,2024-08-27,2.2799999713897705,2.315000057220459,2.1600000858306885,2.299999952316284,6241900
352,2024-08-26,2.359999895095825,2.4149999618530273,2.2750000953674316,2.3399999141693115,4792100
353,2024-08-23,2.4100000858306885,2.509999990463257,2.3399999141693115,2.359999895095825,6457100
354,2024-08-22,2.359999895095825,2.549999952316284,2.2699999809265137,2.4200000762939453,10674900
355,2024-08-21,1.9800000190734863,2.430000066757202,1.9700000286102295,2.390000104904175,20088500
356,2024-08-20,1.9900000095367432,2.0199999809265137,1.8200000524520874,1.8899999856948853,4697300
357,2024-08-19,1.9199999570846558,2.0399999618530273,1.899999976158142,1.9800000190734863,3819900
358,2024-08-16,1.9049999713897705,2.0299999713897705,1.8799999952316284,1.9299999475479126,5678600
359,2024-08-15,1.7999999523162842,1.899999976158142,1.7699999809265137,1.8799999952316284,4780900
360,2024-08-14,1.809999942779541,1.8300000429153442,1.715000033378601,1.7999999523162842,4213900
361,2024-08-13,1.6699999570846558,1.7799999713897705,1.6200000047683716,1.7799999713897705,4334900
362,2024-08-12,1.5800000429153442,1.7079999446868896,1.5399999618530273,1.6799999475479126,7466800
363,2024-08-09,1.409999966621399,1.5299999713897705,1.399999976158142,1.5199999809265137,5131000
364,2024-08-08,1.4800000190734863,1.4800000190734863,1.3949999809265137,1.409999966621399,6425300
365,2024-08-07,1.649999976158142,1.7200000286102295,1.440000057220459,1.4450000524520874,12193200
366,2024-08-06,1.7799999713897705,1.8200000524520874,1.7300000190734863,1.7799999713897705,3713000
367,2024-08-05,1.6100000143051147,1.809999942779541,1.5149999856948853,1.7899999618530273,7763500
368,2024-08-02,1.7200000286102295,1.850000023841858,1.6399999856948853,1.8300000429153442,5474200
369,2024-08-01,2.049999952316284,2.049999952316284,1.75,1.8200000524520874,8607000
370,2024-07-31,1.8300000429153442,2.0199999809265137,1.815000057220459,1.9700000286102295,5709300
371,2024-07-30,1.75,1.8890000581741333,1.75,1.8300000429153442,3248100
372,2024-07-29,1.7999999523162842,1.8300000429153442,1.7300000190734863,1.7899999618530273,3000200
373,2024-07-26,1.7599999904632568,1.8600000143051147,1.7519999742507935,1.7999999523162842,3735200
374,2024-07-25,1.850000023841858,1.9700000286102295,1.7200000286102295,1.7400000095367432,8818900
375,2024-07-24,1.7100000381469727,1.8600000143051147,1.649999976158142,1.850000023841858,8615300
376,2024-07-23,1.850000023841858,1.8650000095367432,1.7050000429153442,1.7200000286102295,9350900
377,2024-07-22,1.909999966621399,1.9500000476837158,1.7999999523162842,1.8700000047683716,6033300
378,2024-07-19,1.8600000143051147,1.934999942779541,1.7699999809265137,1.899999976158142,5467800
379,2024-07-18,1.9450000524520874,2.049999952316284,1.7949999570846558,1.8600000143051147,9398100
380,2024-07-17,1.850000023841858,2.0399999618530273,1.840000033378601,1.9600000381469727,8798000
381,2024-07-16,2.0199999809265137,2.174999952316284,1.7599999904632568,1.9500000476837158,20154600
382,2024-07-15,2.4000000953674316,2.4100000858306885,2.0299999713897705,2.059999942779541,12751900
383,2024-07-12,2.119999885559082,2.3299999237060547,2.119999885559082,2.309999942779541,9958300
384,2024-07-11,2.125,2.2200000286102295,2.0799999237060547,2.119999885559082,8749200
385,2024-07-10,1.9199999570846558,2.059999942779541,1.8600000143051147,2.059999942779541,8430500
386,2024-07-09,1.899999976158142,1.9600000381469727,1.7699999809265137,1.9199999570846558,8288600
387,2024-07-08,2.0399999618530273,2.0799999237060547,1.840000033378601,1.940000057220459,13708000
388,2024-07-05,1.7999999523162842,2.0299999713897705,1.7599999904632568,1.9199999570846558,18580600
389,2024-07-03,1.600000023841858,1.784999966621399,1.5609999895095825,1.7699999809265137,7525200
390,2024-07-02,1.5099999904632568,1.6200000047683716,1.399999976158142,1.5499999523162842,10556200
391,2024-07-01,1.3700000047683716,1.5399999618530273,1.3700000047683716,1.4600000381469727,14133900
392,2024-06-28,1.3680000305175781,1.409999966621399,1.2699999809265137,1.2699999809265137,20424000
393,2024-06-27,1.2899999618530273,1.3700000047683716,1.149999976158142,1.3600000143051147,16326100
394,2024-06-26,1.340000033378601,1.4900000095367432,1.2799999713897705,1.2799999713897705,13357200
395,2024-06-25,1.0499999523162842,1.340000033378601,1.0,1.3200000524520874,17596400
396,2024-06-24,0.9800000190734863,1.159999966621399,0.9599999785423279,1.0499999523162842,43377600
397,2024-06-21,0.9150000214576721,0.9539999961853027,0.8510000109672546,0.8560000061988831,11271000
398,2024-06-20,0.7900000214576721,0.9300000071525574,0.7720000147819519,0.9150000214576721,6164100
399,2024-06-18,0.7900000214576721,0.8190000057220459,0.7599999904632568,0.7879999876022339,4449600
400,2024-06-17,0.8159999847412109,0.828000009059906,0.7400000095367432,0.7639999985694885,8609600
401,2024-06-14,0.9380000233650208,0.9380000233650208,0.8009999990463257,0.8140000104904175,5231500
402,2024-06-13,0.9399999976158142,0.9480000138282776,0.8899999856948853,0.9390000104904175,2790300
403,2024-06-12,0.9200000166893005,0.9900000095367432,0.8700000047683716,0.9200000166893005,9837600
404,2024-06-11,0.7900000214576721,0.9190000295639038,0.7609999775886536,0.8899999856948853,7352700
405,2024-06-10,0.699999988079071,0.800000011920929,0.6850000023841858,0.7919999957084656,7045000
406,2024-06-07,0.6899999976158142,0.7009999752044678,0.675000011920929,0.6850000023841858,2059400
407,2024-06-06,0.6859999895095825,0.7049999833106995,0.6579999923706055,0.6899999976158142,3529800
408,2024-06-05,0.7099999785423279,0.7110000252723694,0.6909999847412109,0.7020000219345093,2593300
409,2024-06-04,0.7300000190734863,0.7300000190734863,0.6949999928474426,0.7039999961853027,5107200
410,2024-06-03,0.7310000061988831,0.7670000195503235,0.699999988079071,0.7369999885559082,5239000
411,2024-05-31,0.7300000190734863,0.7440000176429749,0.6990000009536743,0.7120000123977661,5875400
412,2024-05-30,0.7099999785423279,0.75,0.7009999752044678,0.7319999933242798,4821900
413,2024-05-29,0.699999988079071,0.7139999866485596,0.6819999814033508,0.7020000219345093,3670300
414,2024-05-28,0.7129999995231628,0.7279999852180481,0.699999988079071,0.699999988079071,4203200
415,2024-05-24,0.699999988079071,0.7200000286102295,0.6899999976158142,0.7089999914169312,3065300
416,2024-05-23,0.7210000157356262,0.7279999852180481,0.6859999895095825,0.6940000057220459,3697500
417,2024-05-22,0.7070000171661377,0.7490000128746033,0.6919999718666077,0.7279999852180481,5251400
418,2024-05-21,0.7129999995231628,0.7260000109672546,0.6899999976158142,0.7009999752044678,2498700
419,2024-05-20,0.7110000252723694,0.7369999885559082,0.6809999942779541,0.7170000076293945,4470600
420,2024-05-17,0.7329999804496765,0.781000018119812,0.6909999847412109,0.7139999866485596,19244900
421,2024-05-16,0.7400000095367432,0.7749999761581421,0.7020000219345093,0.7059999704360962,4557300
422,2024-05-15,0.8149999976158142,0.8199999928474426,0.7229999899864197,0.7229999899864197,8522400
423,2024-05-14,0.75,0.8700000047683716,0.75,0.8199999928474426,11381400
424,2024-05-13,0.7379999756813049,0.753000020980835,0.7020000219345093,0.7200000286102295,6156100
425,2024-05-10,0.6830000281333923,0.7379999756813049,0.6510000228881836,0.7250000238418579,8860600
426,2024-05-09,0.6460000276565552,0.6859999895095825,0.6200000047683716,0.6779999732971191,3731800
427,2024-05-08,0.6600000262260437,0.6620000004768372,0.6100000143051147,0.6449999809265137,6515200
428,2024-05-07,0.7229999899864197,0.734000027179718,0.6600000262260437,0.6610000133514404,4706600
429,2024-05-06,0.7599999904632568,0.777999997138977,0.7120000123977661,0.7300000190734863,3703800
430,2024-05-03,0.7310000061988831,0.7599999904632568,0.699999988079071,0.7440000176429749,6484300
431,2024-05-02,0.6819999814033508,0.7179999947547913,0.6579999923706055,0.6909999847412109,6426000
432,2024-05-01,0.7649999856948853,0.7799999713897705,0.6430000066757202,0.6549999713897705,10360000
433,2024-04-30,0.7919999957084656,0.7919999957084656,0.7409999966621399,0.7730000019073486,2510400
434,2024-04-29,0.8100000023841858,0.8650000095367432,0.7459999918937683,0.7900000214576721,3950300
435,2024-04-26,0.75,0.8299999833106995,0.7200000286102295,0.8059999942779541,3297200
436,2024-04-25,0.7429999709129333,0.7699999809265137,0.7049999833106995,0.7480000257492065,4050000
437,2024-04-24,0.7900000214576721,0.7900000214576721,0.7009999752044678,0.7599999904632568,4143600
438,2024-04-23,0.7519999742507935,0.8389999866485596,0.7210000157356262,0.7670000195503235,5519600
439,2024-04-22,0.7519999742507935,0.7799999713897705,0.699999988079071,0.7710000276565552,5548500
440,2024-04-19,0.7699999809265137,0.796999990940094,0.7300000190734863,0.7400000095367432,4525200
441,2024-04-18,0.8399999737739563,0.8399999737739563,0.7609999775886536,0.7699999809265137,3529400
442,2024-04-17,0.8299999833106995,0.8410000205039978,0.7950000166893005,0.8240000009536743,3373200
443,2024-04-16,0.8479999899864197,0.8560000061988831,0.800000011920929,0.8109999895095825,4400900
444,2024-04-15,0.8809999823570251,0.9100000262260437,0.7910000085830688,0.8320000171661377,6690100
445,2024-04-12,0.9160000085830688,0.9549999833106995,0.8510000109672546,0.8830000162124634,7620300
446,2024-04-11,0.9200000166893005,0.9589999914169312,0.8999999761581421,0.9210000038146973,7140100
447,2024-04-10,0.9300000071525574,0.9459999799728394,0.8799999952316284,0.9100000262260437,5308800
448,2024-04-09,0.9890000224113464,1.0199999809265137,0.9110000133514404,0.9369999766349792,6429100
449,2024-04-08,1.0099999904632568,1.0390000343322754,0.9710000157356262,0.9950000047683716,3239300
450,2024-04-05,1.0,1.0099999904632568,0.9559999704360962,1.0099999904632568,3326400
451,2024-04-04,0.9599999785423279,1.0099999904632568,0.9399999976158142,0.984000027179718,5288700
452,2024-04-03,0.9779999852180481,0.9800000190734863,0.9399999976158142,0.9629999995231628,3522700
453,2024-04-02,0.9700000286102295,1.0099999904632568,0.9300000071525574,0.9860000014305115,3926800
454,2024-04-01,1.0950000286102295,1.1200000047683716,0.9760000109672546,0.9940000176429749,10579800
455,2024-03-28,1.0199999809265137,1.090000033378601,1.0149999856948853,1.0299999713897705,3635900
456,2024-03-27,0.9879999756813049,1.059999942779541,0.9829999804496765,1.0299999713897705,6240900
457,2024-03-26,0.9900000095367432,1.0099999904632568,0.9509999752044678,0.9710000157356262,3378600
458,2024-03-25,0.9900000095367432,1.0199999809265137,0.9800000190734863,0.9959999918937683,2658300
459,2024-03-22,1.059999942779541,1.059999942779541,0.9909999966621399,1.0,3602800
460,2024-03-21,1.0,1.0800000429153442,0.9810000061988831,1.0399999618530273,5496200
461,2024-03-20,1.0,1.034999966621399,0.9700000286102295,1.0199999809265137,3583200
462,2024-03-19,0.9570000171661377,1.0299999713897705,0.9559999704360962,0.9980000257492065,4931500
463,2024-03-18,1.0299999713897705,1.0299999713897705,0.9399999976158142,0.9649999737739563,4216000
464,2024-03-15,0.9900000095367432,1.0800000429153442,0.9900000095367432,0.9959999918937683,8669100
465,2024-03-14,1.0,1.0199999809265137,0.9620000123977661,0.9950000047683716,5017700
466,2024-03-13,1.0,1.059999942779541,0.9810000061988831,1.0,3338300
467,2024-03-12,0.972000002861023,1.0199999809265137,0.9300000071525574,1.0,3888400
468,2024-03-11,1.0499999523162842,1.100000023841858,0.9369999766349792,0.9559999704360962,6163400
469,2024-03-08,1.100000023841858,1.159999966621399,1.0199999809265137,1.0399999618530273,5479200
470,2024-03-07,1.1399999856948853,1.1449999809265137,1.0499999523162842,1.0700000524520874,3623500
471,2024-03-06,1.100000023841858,1.1699999570846558,1.0700000524520874,1.1100000143051147,5573500
472,2024-03-05,1.0399999618530273,1.2200000286102295,1.0299999713897705,1.0800000429153442,12554400
473,2024-03-04,1.0499999523162842,1.0700000524520874,1.0,1.0099999904632568,5221500
474,2024-03-01,0.9760000109672546,1.0399999618530273,0.9409999847412109,1.0199999809265137,3713500
475,2024-02-29,1.0,1.0299999713897705,0.9399999976158142,0.9520000219345093,3550500
476,2024-02-28,0.984000027179718,1.0099999904632568,0.9520000219345093,0.9940000176429749,2748200
477,2024-02-27,1.0,1.0199999809265137,0.9599999785423279,0.9879999756813049,3055300
478,2024-02-26,0.9779999852180481,1.0199999809265137,0.949999988079071,0.9769999980926514,4623900
479,2024-02-23,0.8999999761581421,0.9589999914169312,0.8619999885559082,0.9399999976158142,4087600
480,2024-02-22,0.9269999861717224,0.9419999718666077,0.8500000238418579,0.8999999761581421,5362500
481,2024-02-21,0.9800000190734863,0.9800000190734863,0.9210000038146973,0.9279999732971191,3889300
482,2024-02-20,0.9589999914169312,0.996999979019165,0.9409999847412109,0.9610000252723694,7107200
483,2024-02-16,1.0299999713897705,1.0399999618530273,0.9150000214576721,0.9549999833106995,11587500
484,2024-02-15,1.0299999713897705,1.059999942779541,1.0,1.0299999713897705,3288100
485,2024-02-14,1.0499999523162842,1.0499999523162842,0.9850000143051147,1.0199999809265137,5425800
486,2024-02-13,1.0800000429153442,1.1200000047683716,0.9800000190734863,0.9879999756813049,8511900
487,2024-02-12,1.159999966621399,1.2100000381469727,1.1100000143051147,1.1299999952316284,5029800
488,2024-02-09,1.25,1.25,1.149999976158142,1.159999966621399,3086000
489,2024-02-08,1.159999966621399,1.25,1.149999976158142,1.2200000286102295,4999300
490,2024-02-07,1.2000000476837158,1.2300000190734863,1.1299999952316284,1.1399999856948853,3327300
491,2024-02-06,1.1699999570846558,1.2100000381469727,1.149999976158142,1.1799999475479126,2020200
492,2024-02-05,1.2200000286102295,1.2450000047683716,1.1299999952316284,1.1799999475479126,5504700
493,2024-02-02,1.2300000190734863,1.2599999904632568,1.1699999570846558,1.2100000381469727,4865000
494,2024-02-01,1.1399999856948853,1.2699999809265137,1.100000023841858,1.25,8607800
495,2024-01-31,1.1399999856948853,1.2000000476837158,1.100000023841858,1.1100000143051147,8131200
496,2024-01-30,1.1399999856948853,1.1699999570846558,1.0800000429153442,1.149999976158142,3851000
497,2024-01-29,1.0499999523162842,1.1399999856948853,1.0149999856948853,1.1399999856948853,4198900
498,2024-01-26,1.0800000429153442,1.1399999856948853,1.0299999713897705,1.0399999618530273,2847300
499,2024-01-25,0.984000027179718,1.0800000429153442,0.9700000286102295,1.0800000429153442,3056400
500,2024-01-24,1.100000023841858,1.100000023841858,0.9700000286102295,0.9909999966621399,4463900
501,2024-01-23,1.0800000429153442,1.100000023841858,1.0399999618530273,1.0800000429153442,3715700
502,2024-01-22,0.9610000252723694,1.090000033378601,0.9330000281333923,1.0499999523162842,6218100
503,2024-01-19,0.8849999904632568,0.9300000071525574,0.8510000109672546,0.921999990940094,4213800
504,2024-01-18,0.9200000166893005,0.949999988079071,0.8309999704360962,0.8880000114440918,3708800
505,2024-01-17,0.8009999990463257,0.8949999809265137,0.7250000238418579,0.8880000114440918,12177300
506,2024-01-16,0.800000011920929,0.8100000023841858,0.7599999904632568,0.7720000147819519,4587100
507,2024-01-12,0.890999972820282,0.8980000019073486,0.7879999876022339,0.7889999747276306,8364300
508,2024-01-11,0.9300000071525574,0.9300000071525574,0.8600000143051147,0.8709999918937683,6951700
509,2024-01-10,0.9639999866485596,0.9639999866485596,0.9110000133514404,0.9259999990463257,3853100
510,2024-01-09,1.0,1.00600004196167,0.9300000071525574,0.949999988079071,4245000
511,2024-01-08,0.949999988079071,0.9990000128746033,0.9100000262260437,0.9980000257492065,4143000
512,2024-01-05,0.9649999737739563,1.0099999904632568,0.921999990940094,0.9409999847412109,5723800
513,2024-01-04,1.0,1.0199999809265137,0.9399999976158142,0.949999988079071,8771100
514,2024-01-03,1.0499999523162842,1.065000057220459,0.949999988079071,0.9950000047683716,15331200
515,2024-01-02,1.1100000143051147,1.1399999856948853,1.0399999618530273,1.0499999523162842,4928100
516,2023-12-29,1.1399999856948853,1.2100000381469727,1.0700000524520874,1.090000033378601,8395900
517,2023-12-28,1.159999966621399,1.190000057220459,1.1200000047683716,1.1549999713897705,9393500
518,2023-12-27,1.2100000381469727,1.2200000286102295,1.1200000047683716,1.1299999952316284,6830300
519,2023-12-26,1.1799999475479126,1.2699999809265137,1.1799999475479126,1.2100000381469727,4923000
520,2023-12-22,1.100000023841858,1.2100000381469727,1.0950000286102295,1.1699999570846558,8149700
521,2023-12-21,1.1399999856948853,1.2000000476837158,1.100000023841858,1.1100000143051147,5910900
522,2023-12-20,1.1200000047683716,1.149999976158142,1.0700000524520874,1.100000023841858,6641700
523,2023-12-19,1.1200000047683716,1.149999976158142,1.090000033378601,1.1299999952316284,6194600
524,2023-12-18,1.1299999952316284,1.1299999952316284,1.100000023841858,1.1200000047683716,7460400
525,2023-12-15,1.1299999952316284,1.1399999856948853,1.0099999904632568,1.1299999952316284,43376500
526,2023-12-14,1.5299999713897705,1.7599999904632568,1.5299999713897705,1.6799999475479126,11425000
527,2023-12-13,1.1799999475479126,1.5299999713897705,1.149999976158142,1.4800000190734863,16782600
528,2023-12-12,1.2000000476837158,1.2000000476837158,0.925000011920929,1.1200000047683716,12818900
529,2023-12-11,1.2400000095367432,1.309999942779541,1.1150000095367432,1.2000000476837158,9074700
530,2023-12-08,1.090000033378601,1.2400000095367432,1.059999942779541,1.2200000286102295,4375300
531,2023-12-07,1.0800000429153442,1.125,1.0700000524520874,1.0950000286102295,2631600
532,2023-12-06,1.149999976158142,1.159999966621399,0.9700000286102295,1.100000023841858,9353100
533,2023-12-05,1.25,1.2999999523162842,1.1200000047683716,1.1399999856948853,6651100
534,2023-12-04,1.1100000143051147,1.2599999904632568,1.100000023841858,1.190000057220459,4573500
535,2023-12-01,1.100000023841858,1.1699999570846558,1.059999942779541,1.159999966621399,5435200
536,2023-11-30,1.1299999952316284,1.1399999856948853,1.059999942779541,1.100000023841858,2432400
537,2023-11-29,1.0199999809265137,1.1299999952316284,1.0199999809265137,1.1100000143051147,4471200
538,2023-11-28,1.0800000429153442,1.090000033378601,1.0,1.0199999809265137,3564600
539,2023-11-27,1.1100000143051147,1.1200000047683716,1.059999942779541,1.0800000429153442,2182400
540,2023-11-24,1.0800000429153442,1.159999966621399,1.0420000553131104,1.100000023841858,1947900
541,2023-11-22,1.1100000143051147,1.1399999856948853,1.0399999618530273,1.059999942779541,2958900
542,2023-11-21,1.1399999856948853,1.149999976158142,1.0700000524520874,1.1100000143051147,3647000
543,2023-11-20,1.1699999570846558,1.2100000381469727,1.1399999856948853,1.149999976158142,3173900
544,2023-11-17,1.2200000286102295,1.2300000190734863,1.1399999856948853,1.1699999570846558,5226800
545,2023-11-16,1.2000000476837158,1.2599999904632568,1.1299999952316284,1.2100000381469727,3542000
546,2023-11-15,1.2599999904632568,1.3600000143051147,1.190000057220459,1.2000000476837158,5844000
547,2023-11-14,1.2000000476837158,1.340000033378601,1.1699999570846558,1.2200000286102295,7929000
548,2023-11-13,1.2899999618530273,1.2899999618530273,1.1699999570846558,1.1799999475479126,4213500
549,2023-11-10,1.340000033378601,1.350000023841858,1.2300000190734863,1.2799999713897705,3172200
550,2023-11-09,1.309999942779541,1.4900000095367432,1.2649999856948853,1.3550000190734863,6858800
551,2023-11-08,1.2799999713897705,1.350000023841858,1.1200000047683716,1.2899999618530273,10981000
552,2023-11-07,1.7599999904632568,1.7599999904632568,1.2549999952316284,1.340000033378601,14186100
553,2023-11-06,2.0899999141693115,2.0899999141693115,1.6799999475479126,1.7899999618530273,4985000
554,2023-11-03,1.9299999475479126,2.0899999141693115,1.9199999570846558,1.9700000286102295,4670800
555,2023-11-02,1.75,1.899999976158142,1.75,1.850000023841858,4221500
556,2023-11-01,1.7599999904632568,1.7999999523162842,1.6299999952316284,1.7000000476837158,2951500
557,2023-10-31,1.600000023841858,1.7799999713897705,1.5700000524520874,1.7599999904632568,3921600
558,2023-10-30,1.5800000429153442,1.625,1.5,1.590000033378601,3532700
559,2023-10-27,1.6299999952316284,1.7100000381469727,1.5299999713897705,1.5499999523162842,3110700
560,2023-10-26,1.559999942779541,1.6699999570846558,1.559999942779541,1.6299999952316284,3726800
561,2023-10-25,1.5499999523162842,1.6699999570846558,1.5149999856948853,1.5800000429153442,4502300
562,2023-10-24,1.600000023841858,1.690000057220459,1.5199999809265137,1.5800000429153442,4746200
563,2023-10-23,1.6200000047683716,1.690000057220459,1.4900000095367432,1.600000023841858,5242100
564,2023-10-20,1.649999976158142,1.7400000095367432,1.559999942779541,1.649999976158142,6680100
565,2023-10-19,1.7999999523162842,1.7999999523162842,1.680999994277954,1.7200000286102295,4895000
566,2023-10-18,1.9299999475479126,1.9299999475479126,1.7450000047683716,1.7799999713897705,5551300
567,2023-10-17,1.75,2.0250000953674316,1.75,1.9199999570846558,6414100
568,2023-10-16,1.8200000524520874,1.8600000143051147,1.7200000286102295,1.7899999618530273,5135300
569,2023-10-13,1.9199999570846558,1.9500000476837158,1.8200000524520874,1.8200000524520874,3876500
570,2023-10-12,2.119999885559082,2.130000114440918,1.8899999856948853,1.9049999713897705,4613700
571,2023-10-11,2.200000047683716,2.259999990463257,2.0799999237060547,2.140000104904175,3502600
572,2023-10-10,2.1500000953674316,2.2699999809265137,2.0959999561309814,2.1700000762939453,7271400
573,2023-10-09,2.0199999809265137,2.200000047683716,1.9600000381469727,2.049999952316284,5134700
574,2023-10-06,1.8899999856948853,2.1449999809265137,1.850000023841858,2.069999933242798,4687700
575,2023-10-05,2.119999885559082,2.1700000762939453,1.850000023841858,1.9299999475479126,7490600
576,2023-10-04,2.2100000381469727,2.2300000190734863,2.0299999713897705,2.130000114440918,4964200
577,2023-10-03,2.1700000762939453,2.302999973297119,2.1500000953674316,2.2100000381469727,3890600
578,2023-10-02,2.190000057220459,2.2300000190734863,2.109999895095825,2.2200000286102295,4049200
579,2023-09-29,2.2200000286102295,2.319999933242798,2.0899999141693115,2.1500000953674316,5201900
580,2023-09-28,2.190000057220459,2.2899999618530273,2.119999885559082,2.240000009536743,6752400
581,2023-09-27,2.359999895095825,2.430000066757202,2.0999999046325684,2.2049999237060547,6204800
582,2023-09-26,2.3299999237060547,2.5250000953674316,2.299999952316284,2.3399999141693115,7194500
583,2023-09-25,2.2699999809265137,2.430000066757202,2.25,2.359999895095825,6247700
584,2023-09-22,2.240000009536743,2.359999895095825,2.0999999046325684,2.2699999809265137,12205600
585,2023-09-21,2.0299999713897705,2.359999895095825,2.0,2.240000009536743,11266000
586,2023-09-20,2.390000104904175,2.4000000953674316,2.130000114440918,2.140000104904175,9114700
587,2023-09-19,2.299999952316284,2.7049999237060547,2.2799999713897705,2.4000000953674316,15950100
588,2023-09-18,2.5799999237060547,2.5799999237060547,2.240000009536743,2.2799999713897705,10259200
589,2023-09-15,2.630000114440918,2.7300000190734863,2.4800000190734863,2.5899999141693115,8149900
590,2023-09-14,2.5399999618530273,2.75,2.5,2.5999999046325684,6487100
591,2023-09-13,2.6500000953674316,2.694999933242798,2.5,2.5199999809265137,7203200
592,2023-09-12,2.690000057220459,2.7799999713897705,2.561000108718872,2.640000104904175,5277600
593,2023-09-11,2.7699999809265137,2.937999963760376,2.6500000953674316,2.740000009536743,12144700
594,2023-09-08,3.1500000953674316,3.1619999408721924,2.640000104904175,2.759999990463257,15898200
595,2023-09-07,2.759999990463257,2.8450000286102295,2.430000066757202,2.809999942779541,11927800
596,2023-09-06,3.390000104904175,3.509999990463257,2.5999999046325684,2.6700000762939453,16841500
597,2023-09-05,3.7100000381469727,4.184999942779541,3.299999952316284,3.4000000953674316,15138100
598,2023-09-01,4.789999961853027,4.809999942779541,3.619999885559082,3.8499999046325684,56183700
599,2023-08-31,3.359999895095825,3.5199999809265137,3.25,3.25,14037800
600,2023-08-30,3.740000009536743,3.7899999618530273,3.2899999618530273,3.369999885559082,6546000
601,2023-08-29,3.5399999618530273,3.75,3.2300000190734863,3.680000066757202,6158300
602,2023-08-28,3.5,3.8299999237060547,3.3499999046325684,3.5399999618530273,8835400
603,2023-08-25,3.1500000953674316,3.5299999713897705,3.049999952316284,3.509999990463257,6349300
604,2023-08-24,3.5299999713897705,3.6700000762939453,2.950000047683716,3.0899999141693115,11760600
605,2023-08-23,3.119999885559082,3.490000009536743,3.0799999237060547,3.2799999713897705,9631800
606,2023-08-22,3.2200000286102295,3.2699999809265137,2.9549999237060547,3.109999895095825,6201500
607,2023-08-21,3.309999942779541,3.3499999046325684,2.950000047683716,3.180000066757202,13827700
608,2023-08-18,2.5899999141693115,3.0399999618530273,2.5299999713897705,2.990000009536743,10301800
609,2023-08-17,2.7799999713897705,2.890000104904175,2.5899999141693115,2.630000114440918,6795600
610,2023-08-16,2.7200000286102295,3.1989998817443848,2.680000066757202,2.700000047683716,10259600
611,2023-08-15,2.450000047683716,2.9200000762939453,2.244999885559082,2.7799999713897705,12476300
612,2023-08-14,2.4100000858306885,2.440000057220459,2.240000009536743,2.380000114440918,5027000
613,2023-08-11,2.2200000286102295,2.440000057220459,2.180000066757202,2.390000104904175,4175600
614,2023-08-10,2.299999952316284,2.369999885559082,2.2300000190734863,2.25,3241500
615,2023-08-09,2.3499999046325684,2.3499999046325684,2.200000047683716,2.319999933242798,3615800
616,2023-08-08,2.2200000286102295,2.3399999141693115,2.1600000858306885,2.309999942779541,4099900
617,2023-08-07,2.4600000381469727,2.4600000381469727,2.2200000286102295,2.25,5551500
618,2023-08-04,2.509999990463257,2.5899999141693115,2.4200000762939453,2.4600000381469727,4013300
619,2023-08-03,2.5999999046325684,2.7880001068115234,2.5250000953674316,2.549999952316284,5131900
620,2023-08-02,2.5399999618530273,2.6600000858306885,2.450000047683716,2.6500000953674316,6169600
621,2023-08-01,2.4100000858306885,2.5799999237060547,2.309999942779541,2.559999942779541,5990400
622,2023-07-31,2.7200000286102295,2.890000104904175,2.440000057220459,2.4600000381469727,14818900
623,2023-07-28,2.240000009536743,2.4100000858306885,2.0299999713897705,2.259999990463257,16476100
624,2023-07-27,3.5899999141693115,3.640000104904175,1.2400000095367432,2.6500000953674316,55814400
625,2023-07-26,3.140000104904175,3.5399999618530273,3.130000114440918,3.4800000190734863,5602800
626,2023-07-25,3.109999895095825,3.2750000953674316,3.0999999046325684,3.180000066757202,4359000
627,2023-07-24,3.130000114440918,3.450000047683716,3.0,3.119999885559082,5412000
628,2023-07-21,3.180000066757202,3.305000066757202,2.9800000190734863,3.1500000953674316,6961900
629,2023-07-20,3.309999942779541,3.569999933242798,3.0999999046325684,3.1600000858306885,6883400
630,2023-07-19,3.5,3.8499999046325684,3.190000057220459,3.2799999713897705,13079300
631,2023-07-18,3.5999999046325684,4.139999866485596,3.509999990463257,3.5299999713897705,7780200
632,2023-07-17,3.509999990463257,3.734999895095825,3.369999885559082,3.5799999237060547,6255900
633,2023-07-14,3.8499999046325684,4.03000020980835,3.515000104904175,3.5999999046325684,8785400
634,2023-07-13,4.199999809265137,4.260000228881836,3.7799999713897705,3.869999885559082,9535600
635,2023-07-12,4.75,5.050000190734863,4.105000019073486,4.139999866485596,9140300
636,2023-07-11,4.809999942779541,4.809999942779541,4.190000057220459,4.650000095367432,6910900
637,2023-07-10,4.650000095367432,5.01800012588501,4.650000095367432,4.900000095367432,5990500
638,2023-07-07,4.050000190734863,4.610000133514404,4.019999980926514,4.539999961853027,7622700
639,2023-07-06,4.159999847412109,4.170000076293945,3.8499999046325684,4.019999980926514,7681200
640,2023-07-05,4.25,4.510000228881836,4.059999942779541,4.260000228881836,5334300
641,2023-07-03,4.420000076293945,4.559999942779541,4.159999847412109,4.340000152587891,4046700
642,2023-06-30,4.784999847412109,4.820000171661377,3.8399999141693115,4.340000152587891,15380900
643,2023-06-29,5.139999866485596,5.664999961853027,4.829999923706055,4.929999828338623,15724200
644,2023-06-28,4.610000133514404,5.139999866485596,4.570000171661377,5.03000020980835,12684000
645,2023-06-27,4.079999923706055,4.690000057220459,4.059999942779541,4.539999961853027,10930800
646,2023-06-26,3.5,4.21999979019165,3.359999895095825,4.059999942779541,9978000
647,2023-06-23,3.5799999237060547,3.805000066757202,3.2799999713897705,3.509999990463257,23768900
648,2023-06-22,3.4600000381469727,3.75,3.2850000858306885,3.5999999046325684,6287600
649,2023-06-21,3.240000009536743,3.5399999618530273,3.2100000381469727,3.509999990463257,6590200
650,2023-06-20,3.25,3.309999942779541,2.9700000286102295,3.259999990463257,6790100
651,2023-06-16,3.190000057220459,3.4700000286102295,3.1500000953674316,3.3399999141693115,11935800
652,2023-06-15,3.0799999237060547,3.2799999713897705,3.049999952316284,3.2200000286102295,4445000
653,2023-06-14,3.240000009536743,3.2699999809265137,2.880000114440918,3.1500000953674316,7157800
654,2023-06-13,3.049999952316284,3.2899999618530273,3.0,3.200000047683716,6857100
655,2023-06-12,2.819999933242798,3.2200000286102295,2.799999952316284,2.990000009536743,11300500
656,2023-06-09,2.8499999046325684,2.890000104904175,2.7049999237060547,2.7100000381469727,4186600
657,2023-06-08,2.740000009536743,2.9000000953674316,2.630000114440918,2.8399999141693115,5242000
658,2023-06-07,2.5999999046325684,2.930000066757202,2.5810000896453857,2.799999952316284,5403800
659,2023-06-06,2.4200000762939453,2.615000009536743,2.2899999618530273,2.5899999141693115,4143400
660,2023-06-05,2.430000066757202,2.5799999237060547,2.375,2.430000066757202,4244400
661,2023-06-02,2.319999933242798,2.444999933242798,2.119999885559082,2.430000066757202,5689300
662,2023-06-01,2.2300000190734863,2.4000000953674316,2.140000104904175,2.309999942779541,5550200
663,2023-05-31,2.140000104904175,2.2200000286102295,2.0199999809265137,2.2100000381469727,4438700
664,2023-05-30,1.9800000190734863,2.130000114440918,1.9700000286102295,2.0799999237060547,3749300
665,2023-05-26,1.899999976158142,1.975000023841858,1.7699999809265137,1.8899999856948853,3372700
666,2023-05-25,2.0,2.0,1.840000033378601,1.8899999856948853,5923200
667,2023-05-24,2.0999999046325684,2.119999885559082,1.940000057220459,1.9900000095367432,5379700
668,2023-05-23,2.109999895095825,2.2950000762939453,2.069999933242798,2.0799999237060547,5259100
669,2023-05-22,2.240000009536743,2.240000009536743,2.049999952316284,2.109999895095825,5442500
670,2023-05-19,2.319999933242798,2.4549999237060547,2.140000104904175,2.2100000381469727,15938300
671,2023-05-18,2.119999885559082,2.4200000762939453,2.0199999809265137,2.319999933242798,9773400
672,2023-05-17,2.130000114440918,2.200000047683716,2.069999933242798,2.1500000953674316,4737800
673,2023-05-16,2.299999952316284,2.4600000381469727,2.1500000953674316,2.180000066757202,5378300
674,2023-05-15,2.0799999237060547,2.490000009536743,2.069999933242798,2.309999942779541,12578900
675,2023-05-12,2.180000066757202,2.5199999809265137,2.130000114440918,2.440000057220459,7329300
676,2023-05-11,2.0999999046325684,2.2139999866485596,2.009999990463257,2.1700000762939453,5528000
677,2023-05-10,1.9500000476837158,2.190000057220459,1.899999976158142,2.1500000953674316,7645400
678,2023-05-09,1.9199999570846558,1.9199999570846558,1.7699999809265137,1.7999999523162842,2768800
679,2023-05-08,2.049999952316284,2.059999942779541,1.8200000524520874,1.9199999570846558,3748600
680,2023-05-05,1.940000057220459,2.069999933242798,1.899999976158142,2.0299999713897705,4989300
681,2023-05-04,1.7400000095367432,1.8869999647140503,1.6699999570846558,1.840000033378601,5314100
682,2023-05-03,1.590000033378601,1.7549999952316284,1.5199999809265137,1.7200000286102295,4915100
683,2023-05-02,1.7300000190734863,1.7400000095367432,1.5399999618530273,1.5800000429153442,4590500
684,2023-05-01,1.690000057220459,1.850000023841858,1.6699999570846558,1.7100000381469727,3938500
685,2023-04-28,1.75,1.75,1.559999942779541,1.690000057220459,4962900
686,2023-04-27,1.7699999809265137,1.8650000095367432,1.690000057220459,1.75,6458400
687,2023-04-26,1.9199999570846558,1.9199999570846558,1.75,1.7799999713897705,4816800
688,2023-04-25,2.0899999141693115,2.0899999141693115,1.75,1.899999976158142,8292500
689,2023-04-24,2.3499999046325684,2.3499999046325684,2.0,2.109999895095825,8568400
690,2023-04-21,2.4000000953674316,2.424999952316284,2.2799999713897705,2.3399999141693115,2961800
691,2023-04-20,2.5799999237060547,2.6600000858306885,2.359999895095825,2.4100000858306885,5841000
692,2023-04-19,2.7699999809265137,2.799999952316284,2.5,2.680000066757202,5402000
693,2023-04-18,2.9800000190734863,3.009999990463257,2.7750000953674316,2.859999895095825,3352000
694,2023-04-17,2.6700000762939453,2.940000057220459,2.609999895095825,2.930000066757202,5087500
695,2023-04-14,2.759999990463257,2.8399999141693115,2.5799999237060547,2.619999885559082,5937200
696,2023-04-13,2.799999952316284,2.940000057220459,2.559999942779541,2.759999990463257,5064000
697,2023-04-12,3.240000009536743,3.2899999618530273,2.5999999046325684,2.609999895095825,9839500
698,2023-04-11,2.75,3.2300000190734863,2.6500000953674316,3.130000114440918,6352500
699,2023-04-10,2.559999942779541,3.2200000286102295,2.549999952316284,3.0799999237060547,8126800
700,2023-04-06,2.4800000190734863,2.5,2.319999933242798,2.4700000286102295,2145100
701,2023-04-05,2.6600000858306885,2.680000066757202,2.4100000858306885,2.5199999809265137,2202400
702,2023-04-04,2.7799999713897705,2.7799999713897705,2.549999952316284,2.700000047683716,3113700
703,2023-04-03,2.619999885559082,2.7799999713897705,2.562000036239624,2.759999990463257,4053400
704,2023-03-31,2.384999990463257,2.619999885559082,2.359999895095825,2.569999933242798,2566600
705,2023-03-30,2.1500000953674316,2.5,2.1500000953674316,2.3499999046325684,3468100
706,2023-03-29,2.0,2.140000104904175,1.8799999952316284,2.0999999046325684,3076800
707,2023-03-28,2.009999990463257,2.069999933242798,1.9500000476837158,1.9500000476837158,2413000
708,2023-03-27,2.390000104904175,2.390000104904175,2.009999990463257,2.0199999809265137,3339400
709,2023-03-24,2.3499999046325684,2.369999885559082,2.130000114440918,2.359999895095825,2468500
710,2023-03-23,2.5399999618530273,2.6700000762939453,2.299999952316284,2.369999885559082,3181300
711,2023-03-22,2.4200000762939453,2.7100000381469727,2.3399999141693115,2.490000009536743,3809100
712,2023-03-21,2.25,2.5799999237060547,2.1600000858306885,2.4200000762939453,3939300
713,2023-03-20,2.1600000858306885,2.25,2.059999942779541,2.25,1932000
714,2023-03-17,2.140000104904175,2.3399999141693115,2.0850000381469727,2.240000009536743,5222700
715,2023-03-16,1.7300000190734863,2.140000104904175,1.7300000190734863,2.109999895095825,3569900
716,2023-03-15,1.7999999523162842,2.009999990463257,1.7000000476837158,1.7999999523162842,2016300
717,2023-03-14,1.8200000524520874,1.8799999952316284,1.784999966621399,1.8700000047683716,1791100
718,2023-03-13,1.6799999475479126,1.8700000047683716,1.600000023841858,1.8600000143051147,2835500
719,2023-03-10,1.7999999523162842,1.8600000143051147,1.7000000476837158,1.75,1532100
720,2023-03-09,1.8799999952316284,1.9500000476837158,1.7799999713897705,1.8300000429153442,1357600
721,2023-03-08,2.0,2.0199999809265137,1.8200000524520874,1.8600000143051147,2512800
722,2023-03-07,1.899999976158142,2.049999952316284,1.8700000047683716,2.049999952316284,2419800
723,2023-03-06,1.8799999952316284,2.0299999713897705,1.8700000047683716,1.909999966621399,2670400
724,2023-03-03,1.7300000190734863,1.940000057220459,1.7300000190734863,1.8600000143051147,2836800
725,2023-03-02,1.690000057220459,1.75,1.659999966621399,1.7000000476837158,2292800
726,2023-03-01,2.059999942779541,2.0899999141693115,1.5399999618530273,1.7599999904632568,8477600
727,2023-02-28,2.3499999046325684,2.3499999046325684,2.0899999141693115,2.190000057220459,2413800
728,2023-02-27,2.1700000762939453,2.390000104904175,2.1500000953674316,2.2799999713897705,4933800
729,2023-02-24,1.8600000143051147,2.140000104904175,1.8200000524520874,2.059999942779541,3641800
730,2023-02-23,2.0,2.0399999618530273,1.8300000429153442,1.9199999570846558,2187100
731,2023-02-22,2.1500000953674316,2.184999942779541,1.850000023841858,2.0,4792400
732,2023-02-21,2.234999895095825,2.25,1.909999966621399,2.2200000286102295,9509300
733,2023-02-17,1.690000057220459,2.0899999141693115,1.6100000143051147,1.9500000476837158,13108300
734,2023-02-16,1.3600000143051147,1.715000033378601,1.3600000143051147,1.5299999713897705,6109200
735,2023-02-15,1.309999942779541,1.409999966621399,1.309999942779541,1.409999966621399,1298800
736,2023-02-14,1.2899999618530273,1.3600000143051147,1.2899999618530273,1.350000023841858,538700
737,2023-02-13,1.350000023841858,1.371999979019165,1.2899999618530273,1.3200000524520874,728000
738,2023-02-10,1.3300000429153442,1.3300000429153442,1.2899999618530273,1.3300000429153442,947700
739,2023-02-09,1.3600000143051147,1.409999966621399,1.3200000524520874,1.3300000429153442,1314300
740,2023-02-08,1.309999942779541,1.3600000143051147,1.2699999809265137,1.350000023841858,1005700
741,2023-02-07,1.3600000143051147,1.3700000047683716,1.2949999570846558,1.3200000524520874,931400
742,2023-02-06,1.350000023841858,1.3700000047683716,1.309999942779541,1.350000023841858,1941100
743,2023-02-03,1.3200000524520874,1.3799999952316284,1.309999942779541,1.3799999952316284,1230500
744,2023-02-02,1.4600000381469727,1.5700000524520874,1.309999942779541,1.3300000429153442,4874800
745,2023-02-01,1.4500000476837158,1.5,1.350000023841858,1.4600000381469727,1745300
746,2023-01-31,1.399999976158142,1.5,1.3799999952316284,1.4700000286102295,1207700
747,2023-01-30,1.350000023841858,1.4199999570846558,1.2799999713897705,1.399999976158142,975100
748,2023-01-27,1.2699999809265137,1.3899999856948853,1.25,1.350000023841858,1369300
749,2023-01-26,1.3899999856948853,1.3899999856948853,1.2400000095367432,1.2699999809265137,1569000
750,2023-01-25,1.3899999856948853,1.409999966621399,1.2799999713897705,1.3600000143051147,1157800
751,2023-01-24,1.4900000095367432,1.496999979019165,1.3799999952316284,1.3899999856948853,1105700
752,2023-01-23,1.5199999809265137,1.5700000524520874,1.440000057220459,1.5,2007000
753,2023-01-20,1.3600000143051147,1.5549999475479126,1.3200000524520874,1.5199999809265137,2759200
754,2023-01-19,1.3600000143051147,1.3700000047683716,1.2799999713897705,1.3600000143051147,1494900
755,2023-01-18,1.5199999809265137,1.5700000524520874,1.350000023841858,1.3700000047683716,2612600
756,2023-01-17,1.659999966621399,1.690000057220459,1.5,1.5099999904632568,1654100
757,2023-01-13,1.7100000381469727,1.8170000314712524,1.600000023841858,1.659999966621399,2508400
758,2023-01-12,1.590000033378601,1.7300000190734863,1.5299999713897705,1.6699999570846558,2445100
759,2023-01-11,1.4700000286102295,1.590000033378601,1.409999966621399,1.5800000429153442,1932100
760,2023-01-10,1.4500000476837158,1.5,1.4199999570846558,1.5,1501800
761,2023-01-09,1.440000057220459,1.4700000286102295,1.3799999952316284,1.4199999570846558,1552200
762,2023-01-06,1.4500000476837158,1.527999997138977,1.3799999952316284,1.4800000190734863,1817700
763,2023-01-05,1.4600000381469727,1.4600000381469727,1.3600000143051147,1.409999966621399,2305700
764,2023-01-04,1.3799999952316284,1.6399999856948853,1.3300000429153442,1.4900000095367432,3180800
765,2023-01-03,1.399999976158142,1.4249999523162842,1.3300000429153442,1.3600000143051147,2589900
766,2022-12-30,1.1799999475479126,1.4900000095367432,1.1699999570846558,1.4800000190734863,6857200
767,2022-12-29,1.0700000524520874,1.2100000381469727,1.065000057220459,1.1699999570846558,6497600
768,2022-12-28,1.1299999952316284,1.149999976158142,1.059999942779541,1.0800000429153442,1836900
769,2022-12-27,1.0499999523162842,1.149999976158142,1.0499999523162842,1.1299999952316284,2247900
770,2022-12-23,1.059999942779541,1.0800000429153442,1.0410000085830688,1.0800000429153442,1220200
771,2022-12-22,1.090000033378601,1.090000033378601,1.0299999713897705,1.0499999523162842,2944000
772,2022-12-21,1.100000023841858,1.1200000047683716,1.0399999618530273,1.100000023841858,887800
773,2022-12-20,1.0800000429153442,1.1299999952316284,1.0499999523162842,1.0800000429153442,1389600
774,2022-12-19,1.149999976158142,1.149999976158142,1.0800000429153442,1.0800000429153442,1082200
775,2022-12-16,1.0700000524520874,1.1699999570846558,1.0399999618530273,1.149999976158142,1856300
776,2022-12-15,1.059999942779541,1.1799999475479126,1.0499999523162842,1.0800000429153442,3458700
777,2022-12-14,1.0,1.1299999952316284,0.9599999785423279,1.0800000429153442,3861500
778,2022-12-13,1.0099999904632568,1.0299999713897705,0.972000002861023,0.9900000095367432,1762700
779,2022-12-12,1.0099999904632568,1.0399999618530273,0.9599999785423279,0.9700000286102295,3388800
780,2022-12-09,1.090000033378601,1.1100000143051147,1.0199999809265137,1.0299999713897705,2670600
781,2022-12-08,1.149999976158142,1.159999966621399,1.0700000524520874,1.1299999952316284,2617500
782,2022-12-07,1.0700000524520874,1.1699999570846558,1.0549999475479126,1.149999976158142,2112800
783,2022-12-06,1.149999976158142,1.1749999523162842,1.0299999713897705,1.0800000429153442,3965200
784,2022-12-05,1.149999976158142,1.2400000095367432,1.1100000143051147,1.149999976158142,6998900
785,2022-12-02,1.1200000047683716,1.2200000286102295,1.090000033378601,1.149999976158142,20705700
786,2022-12-01,1.0700000524520874,1.0700000524520874,1.0,1.0399999618530273,1126100
787,2022-11-30,1.0099999904632568,1.059999942779541,0.9549999833106995,1.059999942779541,1794200
788,2022-11-29,1.0399999618530273,1.059999942779541,1.0,1.0299999713897705,921700
789,2022-11-28,1.0399999618530273,1.0499999523162842,1.0099999904632568,1.0399999618530273,849900
790,2022-11-25,1.0499999523162842,1.0800000429153442,1.0449999570846558,1.0800000429153442,463000
791,2022-11-23,1.090000033378601,1.090000033378601,1.0199999809265137,1.059999942779541,867600
792,2022-11-22,1.0499999523162842,1.0950000286102295,1.0099999904632568,1.059999942779541,830400
793,2022-11-21,1.190000057220459,1.190000057220459,1.0099999904632568,1.0499999523162842,1710300
794,2022-11-18,1.2000000476837158,1.2000000476837158,1.0700000524520874,1.1100000143051147,1300100
795,2022-11-17,1.1799999475479126,1.2300000190734863,1.1299999952316284,1.159999966621399,1493200
796,2022-11-16,1.2999999523162842,1.2999999523162842,1.190000057220459,1.2100000381469727,1284000
797,2022-11-15,1.25,1.340000033378601,1.2400000095367432,1.3200000524520874,2096800
798,2022-11-14,1.2200000286102295,1.25,1.1699999570846558,1.1799999475479126,1605800
799,2022-11-11,1.25,1.350000023841858,1.1799999475479126,1.2000000476837158,1530500
800,2022-11-10,1.2200000286102295,1.3200000524520874,1.1299999952316284,1.2899999618530273,2120600
801,2022-11-09,1.2300000190734863,1.2649999856948853,1.159999966621399,1.1699999570846558,1367500
802,2022-11-08,1.6100000143051147,1.6100000143051147,1.1799999475479126,1.2699999809265137,4719400
803,2022-11-07,1.5499999523162842,1.659999966621399,1.4700000286102295,1.6299999952316284,1168400
804,2022-11-04,1.5,1.5499999523162842,1.4600000381469727,1.5299999713897705,1156700
805,2022-11-03,1.4800000190734863,1.5700000524520874,1.4500000476837158,1.4600000381469727,746000
806,2022-11-02,1.5499999523162842,1.590000033378601,1.4600000381469727,1.4700000286102295,559300
807,2022-11-01,1.6100000143051147,1.6399999856948853,1.5299999713897705,1.559999942779541,787100
808,2022-10-31,1.4199999570846558,1.565000057220459,1.3899999856948853,1.5499999523162842,1216800
809,2022-10-28,1.4800000190734863,1.5099999904632568,1.399999976158142,1.4199999570846558,854700
810,2022-10-27,1.5299999713897705,1.559999942779541,1.4500000476837158,1.4600000381469727,657900
811,2022-10-26,1.409999966621399,1.6950000524520874,1.409999966621399,1.4900000095367432,1469600
812,2022-10-25,1.3799999952316284,1.559999942779541,1.3700000047683716,1.5399999618530273,1731600
813,2022-10-24,1.440000057220459,1.4500000476837158,1.2799999713897705,1.3899999856948853,1994800
814,2022-10-21,1.409999966621399,1.4500000476837158,1.350000023841858,1.4299999475479126,1310400
815,2022-10-20,1.5800000429153442,1.6050000190734863,1.4199999570846558,1.4299999475479126,1111900
816,2022-10-19,1.440000057220459,1.6449999809265137,1.399999976158142,1.6200000047683716,2832400
817,2022-10-18,1.4700000286102295,1.5399999618530273,1.4199999570846558,1.4800000190734863,777400
818,2022-10-17,1.434999942779541,1.4620000123977661,1.3899999856948853,1.4199999570846558,662800
819,2022-10-14,1.4600000381469727,1.5299999713897705,1.350000023841858,1.3799999952316284,658800
820,2022-10-13,1.3300000429153442,1.4800000190734863,1.3200000524520874,1.440000057220459,1082600
821,2022-10-12,1.440000057220459,1.440000057220459,1.3550000190734863,1.399999976158142,841000
822,2022-10-11,1.4800000190734863,1.5299999713897705,1.399999976158142,1.4500000476837158,1412300
823,2022-10-10,1.690000057220459,1.7000000476837158,1.4500000476837158,1.5099999904632568,2227500
824,2022-10-07,1.75,1.7699999809265137,1.6430000066757202,1.6699999570846558,1004900
825,2022-10-06,1.899999976158142,1.9800000190734863,1.7549999952316284,1.7999999523162842,1024200
826,2022-10-05,1.8899999856948853,1.909999966621399,1.8049999475479126,1.8799999952316284,777500
827,2022-10-04,1.809999942779541,1.940000057220459,1.809999942779541,1.9299999475479126,1669500
828,2022-10-03,1.75,1.7799999713897705,1.649999976158142,1.7400000095367432,681900
829,2022-09-30,1.649999976158142,1.8200000524520874,1.6200000047683716,1.6699999570846558,1392200
830,2022-09-29,1.7100000381469727,1.7100000381469727,1.600000023841858,1.6699999570846558,2427500
831,2022-09-28,1.6799999475479126,1.809999942779541,1.6200000047683716,1.7799999713897705,1892200
832,2022-09-27,1.7000000476837158,1.7799999713897705,1.6299999952316284,1.649999976158142,940200
833,2022-09-26,1.7699999809265137,1.875,1.600000023841858,1.6399999856948853,2417900
834,2022-09-23,1.7999999523162842,1.850000023841858,1.7300000190734863,1.7799999713897705,1640500
835,2022-09-22,2.0199999809265137,2.0789999961853027,1.7999999523162842,1.909999966621399,2972000
836,2022-09-21,2.0999999046325684,2.2100000381469727,1.9850000143051147,2.0899999141693115,2298900
837,2022-09-20,2.2200000286102295,2.25,2.009999990463257,2.0299999713897705,2423100
838,2022-09-19,2.3399999141693115,2.4100000858306885,2.134999990463257,2.240000009536743,3770200
839,2022-09-16,2.4000000953674316,2.5190000534057617,2.299999952316284,2.3399999141693115,5012800
840,2022-09-15,2.5,2.7890000343322754,2.4600000381469727,2.4800000190734863,9727200
841,2022-09-14,2.3499999046325684,2.8499999046325684,2.309999942779541,2.5,27720100
842,2022-09-13,2.0999999046325684,2.2899999618530273,2.009999990463257,2.180000066757202,2943100
843,2022-09-12,2.359999895095825,2.359999895095825,2.1700000762939453,2.2200000286102295,1519500
844,2022-09-09,2.2100000381469727,2.4000000953674316,2.193000078201294,2.3299999237060547,2688300
845,2022-09-08,2.0399999618530273,2.194999933242798,2.009999990463257,2.1700000762939453,1143800
846,2022-09-07,1.8600000143051147,2.125,1.8600000143051147,2.0899999141693115,1133600
847,2022-09-06,1.9299999475479126,1.9700000286102295,1.8300000429153442,1.8799999952316284,717500
848,2022-09-02,1.9600000381469727,1.9800000190734863,1.850000023841858,1.8799999952316284,856100
849,2022-09-01,2.0199999809265137,2.0299999713897705,1.8550000190734863,1.940000057220459,1481400
850,2022-08-31,2.0299999713897705,2.109999895095825,2.0199999809265137,2.059999942779541,763700
851,2022-08-30,2.119999885559082,2.1500000953674316,1.9500000476837158,2.009999990463257,1054900
852,2022-08-29,2.049999952316284,2.1700000762939453,2.049999952316284,2.0799999237060547,902000
853,2022-08-26,2.25,2.309999942779541,2.049999952316284,2.109999895095825,1423100
854,2022-08-25,2.200000047683716,2.319999933242798,2.200000047683716,2.2699999809265137,1956200
855,2022-08-24,2.049999952316284,2.180000066757202,2.049999952316284,2.180000066757202,2113200
856,2022-08-23,2.140000104904175,2.180000066757202,1.9800000190734863,2.009999990463257,1389900
857,2022-08-22,1.7999999523162842,2.0999999046325684,1.7400000095367432,2.059999942779541,1999300
858,2022-08-19,1.9500000476837158,2.0,1.850000023841858,1.8700000047683716,1154700
859,2022-08-18,1.9299999475479126,2.249000072479248,1.8899999856948853,2.059999942779541,2526100
860,2022-08-17,1.909999966621399,2.009000062942505,1.7999999523162842,1.8799999952316284,2154100
861,2022-08-16,2.2799999713897705,2.2850000858306885,1.940000057220459,1.9600000381469727,4805900
862,2022-08-15,2.4600000381469727,2.490000009536743,2.299999952316284,2.309999942779541,2533500
863,2022-08-12,2.380000114440918,2.630000114440918,2.309999942779541,2.569999933242798,2595900
864,2022-08-11,2.7899999618530273,2.7899999618530273,2.259999990463257,2.3299999237060547,3524800
865,2022-08-10,2.930000066757202,2.930000066757202,2.5799999237060547,2.680000066757202,2186100
866,2022-08-09,2.9600000381469727,2.9600000381469727,2.5899999141693115,2.7699999809265137,2138500
867,2022-08-08,3.140000104904175,3.25,2.9100000858306885,3.0399999618530273,2353200
868,2022-08-05,2.6600000858306885,3.1449999809265137,2.609999895095825,3.109999895095825,3630400
869,2022-08-04,2.609999895095825,2.7699999809265137,2.609999895095825,2.6500000953674316,2182000
870,2022-08-03,2.700000047683716,2.799999952316284,2.609999895095825,2.6500000953674316,2476700
871,2022-08-02,2.7699999809265137,2.9000000953674316,2.559999942779541,2.700000047683716,4596600
872,2022-08-01,3.240000009536743,3.4000000953674316,3.009999990463257,3.0399999618530273,4596400
873,2022-07-29,2.680000066757202,3.2799999713897705,2.5950000286102295,3.1700000762939453,6331100
874,2022-07-28,2.6500000953674316,2.8299999237060547,2.5409998893737793,2.690000057220459,2968700
875,2022-07-27,2.0999999046325684,2.430000066757202,2.0899999141693115,2.4000000953674316,2295400
876,2022-07-26,2.119999885559082,2.200000047683716,2.0299999713897705,2.0999999046325684,1309900
877,2022-07-25,2.25,2.309999942779541,2.0,2.1700000762939453,2422400
878,2022-07-22,2.8299999237060547,2.9149999618530273,2.309999942779541,2.3399999141693115,3256500
879,2022-07-21,2.8399999141693115,3.049999952316284,2.799999952316284,2.9000000953674316,2252000
880,2022-07-20,2.6500000953674316,3.0899999141693115,2.515000104904175,2.940000057220459,5226300
881,2022-07-19,2.119999885559082,2.700000047683716,2.0899999141693115,2.6500000953674316,11472700
882,2022-07-18,1.9700000286102295,2.109999895095825,1.9700000286102295,2.0799999237060547,1297900
883,2022-07-15,2.0299999713897705,2.049999952316284,1.8799999952316284,1.9700000286102295,1145300
884,2022-07-14,2.0999999046325684,2.2200000286102295,1.9800000190734863,2.0399999618530273,1877100
885,2022-07-13,2.015000104904175,2.240000009536743,1.9299999475479126,2.190000057220459,3156400
886,2022-07-12,1.7899999618530273,2.200000047683716,1.7699999809265137,2.130000114440918,3757500
887,2022-07-11,1.7799999713897705,1.9500000476837158,1.5950000286102295,1.7899999618530273,3219700
888,2022-07-08,1.5,1.809999942779541,1.4900000095367432,1.7799999713897705,4311300
889,2022-07-07,1.3799999952316284,1.5750000476837158,1.3300000429153442,1.559999942779541,4857000
890,2022-07-06,1.5800000429153442,1.7400000095367432,1.409999966621399,1.4299999475479126,48263900
891,2022-07-05,1.2300000190734863,1.2699999809265137,1.159999966621399,1.2599999904632568,931800
892,2022-07-01,1.2200000286102295,1.25,1.159999966621399,1.190000057220459,608900
893,2022-06-30,1.2400000095367432,1.2799999713897705,1.190000057220459,1.2100000381469727,920100
894,2022-06-29,1.4500000476837158,1.4900000095367432,1.2699999809265137,1.2899999618530273,1368900
895,2022-06-28,1.5099999904632568,1.5399999618530273,1.3849999904632568,1.3899999856948853,924500
896,2022-06-27,1.4600000381469727,1.5089999437332153,1.3700000047683716,1.4600000381469727,907500
897,2022-06-24,1.4500000476837158,1.5499999523162842,1.4199999570846558,1.4299999475479126,6047600
898,2022-06-23,1.4199999570846558,1.4700000286102295,1.3300000429153442,1.4299999475479126,1722500
899,2022-06-22,1.3899999856948853,1.5,1.3799999952316284,1.399999976158142,974700
900,2022-06-21,1.5800000429153442,1.5800000429153442,1.4199999570846558,1.4500000476837158,1223300
901,2022-06-17,1.3200000524520874,1.4900000095367432,1.2899999618530273,1.4199999570846558,2894500
902,2022-06-16,1.5,1.5700000524520874,1.2999999523162842,1.340000033378601,2601600
903,2022-06-15,1.600000023841858,1.7000000476837158,1.5099999904632568,1.590000033378601,1482700
904,2022-06-14,1.75,1.7999999523162842,1.4149999618530273,1.5800000429153442,2395200
905,2022-06-13,1.75,1.8799999952316284,1.5499999523162842,1.7799999713897705,2240300
906,2022-06-10,1.9600000381469727,2.0199999809265137,1.7699999809265137,1.909999966621399,1854000
907,2022-06-09,2.180000066757202,2.190000057220459,1.9900000095367432,2.0799999237060547,2199200
908,2022-06-08,1.8700000047683716,2.200000047683716,1.850000023841858,2.1500000953674316,3674700
909,2022-06-07,1.8200000524520874,2.140000104904175,1.7999999523162842,1.7999999523162842,3602100
910,2022-06-06,1.649999976158142,1.899999976158142,1.6200000047683716,1.8799999952316284,3493900
911,2022-06-03,1.399999976158142,1.6200000047683716,1.3799999952316284,1.600000023841858,2119100
912,2022-06-02,1.2999999523162842,1.5199999809265137,1.2790000438690186,1.4600000381469727,3160500
913,2022-06-01,1.409999966621399,1.4500000476837158,1.2400000095367432,1.25,1869800
914,2022-05-31,1.5099999904632568,1.5449999570846558,1.3799999952316284,1.3799999952316284,3354000
915,2022-05-27,1.4600000381469727,1.559999942779541,1.399999976158142,1.5,2804200
916,2022-05-26,1.2400000095367432,1.4299999475479126,1.2000000476837158,1.3799999952316284,2777200
917,2022-05-25,1.149999976158142,1.3200000524520874,1.1100000143051147,1.2400000095367432,3894000
918,2022-05-24,1.0700000524520874,1.149999976158142,1.0700000524520874,1.1399999856948853,2889700
919,2022-05-23,1.0199999809265137,1.190000057220459,1.0199999809265137,1.159999966621399,4225300
920,2022-05-20,1.190000057220459,1.2300000190734863,1.0,1.1200000047683716,9338400
921,2022-05-19,1.3600000143051147,1.3600000143051147,1.1299999952316284,1.1799999475479126,6340900
922,2022-05-18,1.7419999837875366,1.8300000429153442,1.409999966621399,1.4199999570846558,8813900
923,2022-05-17,1.409999966621399,2.3499999046325684,1.2899999618530273,1.899999976158142,38511600
924,2022-05-16,1.399999976158142,1.4700000286102295,1.2999999523162842,1.340000033378601,2310900
925,2022-05-13,1.5199999809265137,1.649999976158142,1.3799999952316284,1.399999976158142,3462900
926,2022-05-12,1.3899999856948853,1.5549999475479126,1.350000023841858,1.3700000047683716,1686600
927,2022-05-11,1.5800000429153442,1.6200000047683716,1.3300000429153442,1.3799999952316284,2028100
928,2022-05-10,2.059999942779541,2.059999942779541,1.4600000381469727,1.6299999952316284,2544800
929,2022-05-09,2.0280001163482666,2.069999933242798,1.8700000047683716,1.909999966621399,1085800
930,2022-05-06,2.0799999237060547,2.180000066757202,2.0299999713897705,2.0899999141693115,1123800
931,2022-05-05,2.4800000190734863,2.4800000190734863,2.049999952316284,2.119999885559082,1382200
932,2022-05-04,2.200000047683716,2.640000104904175,2.0299999713897705,2.5399999618530273,2377200
933,2022-05-03,2.1500000953674316,2.234999895095825,2.059999942779541,2.1600000858306885,1040300
934,2022-05-02,2.0899999141693115,2.1500000953674316,2.0399999618530273,2.130000114440918,1259500
935,2022-04-29,2.299999952316284,2.359999895095825,2.0899999141693115,2.119999885559082,1523900
936,2022-04-28,2.200000047683716,2.3550000190734863,2.009999990463257,2.2799999713897705,1042300
937,2022-04-27,2.200000047683716,2.3299999237060547,2.140000104904175,2.1500000953674316,896400
938,2022-04-26,2.4200000762939453,2.4690001010894775,2.2200000286102295,2.2300000190734863,991900
939,2022-04-25,2.3499999046325684,2.549999952316284,2.299999952316284,2.4600000381469727,1107400
940,2022-04-22,2.4800000190734863,2.5199999809265137,2.3350000381469727,2.4000000953674316,1033900
941,2022-04-21,2.5799999237060547,2.619999885559082,2.4110000133514404,2.4700000286102295,1150400
942,2022-04-20,2.799999952316284,2.809999942779541,2.5399999618530273,2.549999952316284,1164300
943,2022-04-19,2.869999885559082,2.9200000762939453,2.740000009536743,2.7699999809265137,1228600
944,2022-04-18,2.9000000953674316,2.924999952316284,2.7750000953674316,2.8399999141693115,967100
945,2022-04-14,3.200000047683716,3.2100000381469727,2.9200000762939453,2.940000057220459,938100
946,2022-04-13,3.2699999809265137,3.3499999046325684,3.130000114440918,3.190000057220459,891600
947,2022-04-12,3.299999952316284,3.490000009536743,3.200000047683716,3.2300000190734863,841500
948,2022-04-11,3.5,3.5199999809265137,3.2699999809265137,3.319999933242798,841400
949,2022-04-08,3.799999952316284,3.818000078201294,3.559999942779541,3.609999895095825,750300
950,2022-04-07,3.9000000953674316,3.947999954223633,3.5299999713897705,3.809999942779541,915000
951,2022-04-06,4.090000152587891,4.150000095367432,3.7200000286102295,3.9100000858306885,1236200
952,2022-04-05,4.349999904632568,4.349999904632568,4.090000152587891,4.170000076293945,936100
953,2022-04-04,4.019999980926514,4.414999961853027,4.0,4.300000190734863,986800
954,2022-04-01,4.159999847412109,4.21999979019165,3.871000051498413,4.010000228881836,1012400
955,2022-03-31,4.21999979019165,4.369999885559082,3.9700000286102295,4.179999828338623,1499500
956,2022-03-30,4.110000133514404,4.590000152587891,3.990000009536743,4.210000038146973,3682000
957,2022-03-29,4.099999904632568,4.199999809265137,3.944999933242798,4.099999904632568,1109100
958,2022-03-28,4.360000133514404,4.369999885559082,3.930000066757202,4.039999961853027,1472300
959,2022-03-25,4.590000152587891,4.644999980926514,4.139999866485596,4.360000133514404,1703200
960,2022-03-24,4.5,4.96999979019165,4.409999847412109,4.610000133514404,2568500
961,2022-03-23,4.670000076293945,4.960000038146973,4.28000020980835,4.340000152587891,2692800
962,2022-03-22,4.039999961853027,4.699999809265137,4.014999866485596,4.679999828338623,2416200
963,2022-03-21,4.079999923706055,4.210000038146973,3.809999942779541,4.059999942779541,1463500
964,2022-03-18,3.7699999809265137,4.230000019073486,3.75,4.110000133514404,3810000
965,2022-03-17,3.009999990463257,3.8499999046325684,2.990000009536743,3.8399999141693115,3402800
966,2022-03-16,3.0899999141693115,3.0899999141693115,2.9000000953674316,3.0399999618530273,1391200
967,2022-03-15,2.859999895095825,2.9800000190734863,2.7200000286102295,2.9600000381469727,1178600
968,2022-03-14,3.140000104904175,3.180000066757202,2.799999952316284,2.859999895095825,1742100
969,2022-03-11,3.569999933242798,3.630000114440918,3.130000114440918,3.140000104904175,1719000
970,2022-03-10,3.2699999809265137,3.694999933242798,3.010999917984009,3.690000057220459,4401800
971,2022-03-09,4.28000020980835,4.389999866485596,3.2899999618530273,3.4000000953674316,17274200
972,2022-03-08,2.990000009536743,3.75,2.9800000190734863,3.380000114440918,5079300
973,2022-03-07,2.940000057220459,3.305000066757202,2.9000000953674316,2.9700000286102295,3076800
974,2022-03-04,3.140000104904175,3.4800000190734863,2.9200000762939453,3.369999885559082,5871300
975,2022-03-03,2.9700000286102295,3.8299999237060547,2.859999895095825,3.119999885559082,23775800
976,2022-03-02,2.759999990463257,2.759999990463257,2.555000066757202,2.619999885559082,937800
977,2022-03-01,2.9200000762939453,2.9200000762939453,2.5999999046325684,2.7200000286102295,1313100
978,2022-02-28,2.9800000190734863,2.9800000190734863,2.799999952316284,2.9000000953674316,1261000
979,2022-02-25,3.0999999046325684,3.299999952316284,3.0799999237060547,3.0999999046325684,1476600
980,2022-02-24,2.680000066757202,3.180000066757202,2.640000104904175,3.119999885559082,799800
981,2022-02-23,3.0,3.059999942779541,2.799999952316284,2.8299999237060547,553400
982,2022-02-22,3.059999942779541,3.0899999141693115,2.9000000953674316,2.950000047683716,445600
983,2022-02-18,3.240000009536743,3.369999885559082,3.055000066757202,3.0899999141693115,440100
984,2022-02-17,3.359999895095825,3.4000000953674316,3.240000009536743,3.2799999713897705,396600
985,2022-02-16,3.2799999713897705,3.444000005722046,3.240000009536743,3.390000104904175,469400
986,2022-02-15,3.140000104904175,3.2950000762939453,3.0,3.2799999713897705,452500
987,2022-02-14,3.2100000381469727,3.25,3.009999990463257,3.069999933242798,442100
988,2022-02-11,3.4000000953674316,3.4000000953674316,3.065000057220459,3.109999895095825,670000
989,2022-02-10,3.4100000858306885,3.7799999713897705,3.3299999237060547,3.4000000953674316,532300
990,2022-02-09,3.4800000190734863,3.5450000762939453,3.309999942779541,3.4600000381469727,1236100
991,2022-02-08,3.3299999237060547,3.5299999713897705,3.1700000762939453,3.4200000762939453,704300
992,2022-02-07,3.4000000953674316,3.5799999237060547,3.2699999809265137,3.319999933242798,539500
993,2022-02-04,3.4200000762939453,3.4600000381469727,3.299999952316284,3.390000104904175,261200
994,2022-02-03,3.640000104904175,3.680000066757202,3.359999895095825,3.430000066757202,477000
995,2022-02-02,4.119999885559082,4.119999885559082,3.700000047683716,3.75,345300
996,2022-02-01,4.239999771118164,4.289999961853027,3.9200000762939453,4.110000133514404,622200
997,2022-01-31,3.8499999046325684,4.269999980926514,3.7300000190734863,4.139999866485596,765900
998,2022-01-28,3.759999990463257,3.8299999237060547,3.440000057220459,3.7100000381469727,724400
999,2022-01-27,4.28000020980835,4.380000114440918,3.630000114440918,3.740000009536743,1068400
1000,2022-01-26,4.400000095367432,4.710000038146973,4.190000057220459,4.230000019073486,519100
1001,2022-01-25,4.449999809265137,4.570000171661377,4.239999771118164,4.449999809265137,585100
1002,2022-01-24,4.349999904632568,4.590000152587891,4.150000095367432,4.590000152587891,577300
1003,2022-01-21,4.610000133514404,4.699999809265137,4.340000152587891,4.559999942779541,696500
1004,2022-01-20,5.099999904632568,5.239999771118164,4.690000057220459,4.699999809265137,604700
1005,2022-01-19,5.210000038146973,5.329999923706055,4.960000038146973,5.019999980926514,716600
1006,2022-01-18,5.599999904632568,5.599999904632568,5.170000076293945,5.25,760400
1007,2022-01-14,5.809999942779541,5.869999885559082,5.505000114440918,5.690000057220459,410100
1008,2022-01-13,6.25,6.260000228881836,5.820000171661377,5.909999847412109,399000
1009,2022-01-12,6.429999828338623,6.570000171661377,6.199999809265137,6.25,297900
1010,2022-01-11,6.039999961853027,6.440000057220459,5.929999828338623,6.380000114440918,543600
1011,2022-01-10,6.440000057220459,6.5,5.980000019073486,6.090000152587891,652600
1012,2022-01-07,6.570000171661377,6.71999979019165,6.369999885559082,6.510000228881836,391800
1013,2022-01-06,6.820000171661377,6.820000171661377,6.360000133514404,6.579999923706055,504100
1014,2022-01-05,7.110000133514404,7.119999885559082,6.860000133514404,6.869999885559082,367800
1015,2022-01-04,7.610000133514404,7.610000133514404,6.840000152587891,7.059999942779541,844000
1016,2022-01-03,7.579999923706055,7.920000076293945,7.420000076293945,7.599999904632568,412800
1017,2021-12-31,7.659999847412109,7.815000057220459,7.5,7.519999980926514,447600
1018,2021-12-30,7.630000114440918,8.15999984741211,7.630000114440918,7.699999809265137,1496800
1019,2021-12-29,8.15999984741211,8.170000076293945,7.539999961853027,7.650000095367432,625000
1020,2021-12-28,8.350000381469727,8.640000343322754,7.960000038146973,8.069999694824219,515100
1021,2021-12-27,8.550000190734863,8.680000305175781,8.1899995803833,8.369999885559082,393600
1022,2021-12-23,8.670000076293945,8.779999732971191,8.420000076293945,8.569999694824219,467900
1023,2021-12-22,8.399999618530273,8.630000114440918,8.222000122070312,8.550000190734863,442500
1024,2021-12-21,8.199999809265137,8.5,8.1899995803833,8.4399995803833,621300
1025,2021-12-20,7.789999961853027,8.229999542236328,7.429999828338623,8.130000114440918,676500
1026,2021-12-17,7.900000095367432,8.199999809265137,7.670000076293945,8.0,1682800
1027,2021-12-16,8.130000114440918,8.369999885559082,7.679999828338623,7.889999866485596,778900
1028,2021-12-15,7.5,8.0600004196167,7.5,7.929999828338623,759300
1029,2021-12-14,7.800000190734863,7.960000038146973,7.559999942779541,7.809999942779541,514200
1030,2021-12-13,7.980000019073486,8.050000190734863,7.809999942779541,7.849999904632568,826000
1031,2021-12-10,8.449999809265137,8.600000381469727,7.829999923706055,7.900000095367432,527700
1032,2021-12-09,8.579999923706055,8.800000190734863,8.359999656677246,8.479999542236328,373200
1033,2021-12-08,8.399999618530273,8.890000343322754,8.229999542236328,8.65999984741211,449200
1034,2021-12-07,8.369999885559082,8.704999923706055,8.3100004196167,8.380000114440918,441900
1035,2021-12-06,8.1899995803833,8.460000038146973,7.760000228881836,8.239999771118164,791600
1036,2021-12-03,8.970000267028809,8.979999542236328,8.220000267028809,8.3100004196167,652500
1037,2021-12-02,9.020000457763672,9.140000343322754,8.729999542236328,8.989999771118164,516900
1038,2021-12-01,10.220000267028809,10.220000267028809,9.039999961853027,9.0600004196167,562800
1039,2021-11-30,9.609999656677246,9.989999771118164,9.4399995803833,9.949999809265137,558400
1040,2021-11-29,9.8100004196167,9.880000114440918,9.460000038146973,9.789999961853027,428800
1041,2021-11-26,9.5,10.15999984741211,9.442999839782715,9.670000076293945,539400
1042,2021-11-24,9.729999542236328,10.109999656677246,9.260000228881836,9.699999809265137,1283400
1043,2021-11-23,9.720000267028809,9.789999961853027,8.989999771118164,9.25,668700
1044,2021-11-22,10.0,10.15999984741211,9.300000190734863,9.770000457763672,710500
1045,2021-11-19,9.779999732971191,10.123000144958496,9.680000305175781,9.699999809265137,892200
1046,2021-11-18,10.579999923706055,10.579999923706055,9.630000114440918,9.880000114440918,561000
1047,2021-11-17,10.930000305175781,11.119999885559082,10.434000015258789,10.510000228881836,359500
1048,2021-11-16,10.920000076293945,11.100000381469727,10.84000015258789,10.960000038146973,458100
1049,2021-11-15,10.779999732971191,11.0,10.479999542236328,10.989999771118164,634400
1050,2021-11-12,10.979999542236328,11.130000114440918,10.399999618530273,10.649999618530273,790700
1051,2021-11-11,10.90999984741211,11.050000190734863,10.154999732971191,10.970000267028809,440500
1052,2021-11-10,11.25,11.949999809265137,10.680000305175781,10.90999984741211,889100
1053,2021-11-09,11.899999618530273,11.899999618530273,10.720000267028809,11.0,520700
1054,2021-11-08,11.510000228881836,12.0,11.475000381469727,11.890000343322754,607600
1055,2021-11-05,11.140000343322754,11.550000190734863,10.899999618530273,11.289999961853027,318000
1056,2021-11-04,11.829999923706055,11.9399995803833,10.871000289916992,11.079999923706055,404000
1057,2021-11-03,11.40999984741211,11.800000190734863,11.020000457763672,11.630000114440918,368700
1058,2021-11-02,11.460000038146973,11.640000343322754,11.130000114440918,11.489999771118164,331800
1059,2021-11-01,10.600000381469727,12.119999885559082,10.600000381469727,11.510000228881836,773500
1060,2021-10-29,11.199999809265137,11.270000457763672,10.460000038146973,10.550000190734863,483400
1061,2021-10-28,10.4399995803833,11.140000343322754,10.359999656677246,11.119999885559082,458700
1062,2021-10-27,11.220000267028809,11.5,10.329999923706055,10.460000038146973,505600
1063,2021-10-26,10.470000267028809,11.210000038146973,10.350000381469727,11.180000305175781,649000
1064,2021-10-25,10.949999809265137,10.949999809265137,10.380000114440918,10.470000267028809,343200
1065,2021-10-22,11.0,11.039999961853027,10.619999885559082,10.869999885559082,286200
1066,2021-10-21,11.0,11.24899959564209,10.920000076293945,11.029999732971191,230500
1067,2021-10-20,11.579999923706055,11.579999923706055,11.0,11.109999656677246,332400
1068,2021-10-19,11.640000343322754,11.817999839782715,11.34000015258789,11.510000228881836,282500
1069,2021-10-18,12.260000228881836,12.390000343322754,11.420000076293945,11.670000076293945,378900
1070,2021-10-15,12.850000381469727,12.850000381469727,12.229999542236328,12.5600004196167,196300
1071,2021-10-14,12.729999542236328,12.850000381469727,12.239999771118164,12.6899995803833,232600
1072,2021-10-13,12.25,12.670000076293945,12.010000228881836,12.630000114440918,264500
1073,2021-10-12,11.300000190734863,12.229999542236328,11.300000190734863,12.1899995803833,326700
1074,2021-10-11,10.949999809265137,11.520000457763672,10.869999885559082,11.430000305175781,283300
1075,2021-10-08,11.8100004196167,11.937999725341797,10.880000114440918,10.989999771118164,550800
1076,2021-10-07,12.109999656677246,12.630000114440918,11.859999656677246,11.869999885559082,384200
1077,2021-10-06,12.8100004196167,12.925000190734863,11.899999618530273,11.960000038146973,325800
1078,2021-10-05,13.390000343322754,13.5,12.920000076293945,12.989999771118164,366300
1079,2021-10-04,14.130000114440918,14.130000114440918,13.055999755859375,13.40999984741211,404700
1080,2021-10-01,14.180000305175781,14.470000267028809,13.819999694824219,14.199999809265137,361300
1081,2021-09-30,14.029999732971191,14.515000343322754,13.989999771118164,14.029999732971191,396200
1082,2021-09-29,13.9399995803833,14.369999885559082,13.680000305175781,14.010000228881836,611300
1083,2021-09-28,14.119999885559082,14.1899995803833,13.359999656677246,13.930000305175781,315400
1084,2021-09-27,13.449999809265137,14.739999771118164,13.40999984741211,14.0600004196167,620300
1085,2021-09-24,13.970000267028809,14.270000457763672,13.239999771118164,13.430000305175781,371700
1086,2021-09-23,13.989999771118164,14.380000114440918,13.579999923706055,14.229999542236328,408800
1087,2021-09-22,13.010000228881836,13.760000228881836,12.699999809265137,13.720000267028809,258700
1088,2021-09-21,12.479999542236328,12.914999961853027,12.15999984741211,12.899999618530273,307200
1089,2021-09-20,12.600000381469727,12.9399995803833,11.779999732971191,12.350000381469727,547400
1090,2021-09-17,13.609999656677246,13.989999771118164,12.989999771118164,13.069999694824219,3555600
1091,2021-09-16,12.779999732971191,13.270000457763672,12.539999961853027,13.09000015258789,420000
1092,2021-09-15,12.699999809265137,13.399999618530273,12.5,12.930000305175781,492800
1093,2021-09-14,13.100000381469727,13.520000457763672,12.350000381469727,12.699999809265137,491800
1094,2021-09-13,13.15999984741211,13.279999732971191,12.600000381469727,13.0,397200
1095,2021-09-10,13.399999618530273,13.529999732971191,12.899999618530273,12.949999809265137,440200
1096,2021-09-09,13.40999984741211,13.84000015258789,12.829999923706055,13.199999809265137,361300
1097,2021-09-08,13.539999961853027,13.65999984741211,12.600000381469727,13.359999656677246,391200
1098,2021-09-07,13.699999809265137,14.359999656677246,13.510000228881836,13.569999694824219,553600
1099,2021-09-03,13.3100004196167,13.75,13.079999923706055,13.6899995803833,507500
1100,2021-09-02,13.649999618530273,14.071999549865723,13.140000343322754,13.279999732971191,372500
1101,2021-09-01,12.920000076293945,13.949999809265137,12.8100004196167,13.609999656677246,645000
1102,2021-08-31,13.140000343322754,13.4399995803833,12.619999885559082,12.920000076293945,308200
1103,2021-08-30,14.0,14.199999809265137,12.75,12.890000343322754,352400
1104,2021-08-27,14.0,14.260000228881836,13.635000228881836,13.899999618530273,391300
1105,2021-08-26,13.1899995803833,14.270000457763672,13.1899995803833,13.729999542236328,415000
1106,2021-08-25,13.619999885559082,13.84000015258789,13.029999732971191,13.34000015258789,345300
1107,2021-08-24,13.399999618530273,14.710000038146973,13.300000190734863,13.5,728900
1108,2021-08-23,11.890000343322754,13.630000114440918,11.890000343322754,13.40999984741211,770200
1109,2021-08-20,10.899999618530273,11.600000381469727,10.855999946594238,11.529999732971191,204100
1110,2021-08-19,12.149999618530273,12.149999618530273,11.0,11.050000190734863,344400
1111,2021-08-18,11.90999984741211,12.25,11.331000328063965,12.050000190734863,422600
1112,2021-08-17,13.609999656677246,13.795000076293945,11.6850004196167,11.760000228881836,496900
1113,2021-08-16,14.0,14.289999961853027,13.5,13.739999771118164,338000
1114,2021-08-13,14.449999809265137,14.449999809265137,13.59000015258789,14.09000015258789,170600
1115,2021-08-12,14.829999923706055,14.829999923706055,13.40999984741211,14.420000076293945,493800
1116,2021-08-11,14.729999542236328,15.239999771118164,12.510000228881836,15.010000228881836,1256900
1117,2021-08-10,16.25,16.25,15.289999961853027,15.550000190734863,237800
1118,2021-08-09,15.420000076293945,16.170000076293945,14.652000427246094,15.869999885559082,298300
1119,2021-08-06,15.40999984741211,15.888999938964844,14.890000343322754,15.050000190734863,226800
1120,2021-08-05,15.010000228881836,15.496999740600586,14.779999732971191,15.270000457763672,162300
1121,2021-08-04,15.199999809265137,15.520000457763672,14.541000366210938,14.829999923706055,246400
1122,2021-08-03,14.949999809265137,15.359999656677246,14.600000381469727,15.319999694824219,245800
1123,2021-08-02,15.6899995803833,15.6899995803833,14.850000381469727,14.979999542236328,158000
1124,2021-07-30,16.049999237060547,16.719999313354492,15.270000457763672,15.520000457763672,188100
1125,2021-07-29,15.949999809265137,16.290000915527344,15.430000305175781,16.06999969482422,208700
1126,2021-07-28,16.059999465942383,16.309999465942383,15.670000076293945,15.770000457763672,198800
1127,2021-07-27,16.459999084472656,16.459999084472656,15.619999885559082,15.960000038146973,235900
1128,2021-07-26,16.670000076293945,17.190000534057617,16.25,16.469999313354492,146400
1129,2021-07-23,17.649999618530273,17.649999618530273,16.280000686645508,16.649999618530273,231800
1130,2021-07-22,17.989999771118164,18.25,17.200000762939453,17.690000534057617,158300
1131,2021-07-21,17.299999237060547,18.15999984741211,17.28700065612793,17.969999313354492,182500
1132,2021-07-20,16.850000381469727,17.09000015258789,16.420000076293945,17.079999923706055,209600
1133,2021-07-19,16.649999618530273,17.3799991607666,16.059999465942383,16.59000015258789,259100
1134,2021-07-16,19.020000457763672,19.170000076293945,17.075000762939453,17.15999984741211,396700
1135,2021-07-15,18.41900062561035,19.100000381469727,18.079999923706055,18.979999542236328,342900
1136,2021-07-14,18.540000915527344,18.979999542236328,17.809999465942383,18.1200008392334,325000
1137,2021-07-13,17.15999984741211,18.450000762939453,17.139999389648438,18.399999618530273,326700
1138,2021-07-12,17.860000610351562,17.860000610351562,17.09000015258789,17.389999389648438,220100
1139,2021-07-09,18.100000381469727,18.31999969482422,17.889999389648438,17.940000534057617,206900
1140,2021-07-08,17.600000381469727,17.950000762939453,17.200000762939453,17.81999969482422,405600
1141,2021-07-07,18.5,19.81999969482422,17.520000457763672,17.959999084472656,1481400
1142,2021-07-06,17.579999923706055,17.920000076293945,16.8799991607666,17.25,364400
1143,2021-07-02,17.850000381469727,17.924999237060547,17.381999969482422,17.6200008392334,114000
1144,2021-07-01,18.020000457763672,18.104999542236328,17.5,17.8700008392334,168900
1145,2021-06-30,17.899999618530273,18.280000686645508,17.549999237060547,17.959999084472656,463300
1146,2021-06-29,18.100000381469727,18.280000686645508,17.799999237060547,17.799999237060547,411400
1147,2021-06-28,17.989999771118164,18.110000610351562,17.299999237060547,17.950000762939453,283200
1148,2021-06-25,17.850000381469727,18.76799964904785,17.850000381469727,18.020000457763672,2442700
1149,2021-06-24,18.459999084472656,18.68000030517578,17.84000015258789,17.84000015258789,478200
1150,2021-06-23,18.3799991607666,18.704999923706055,17.8700008392334,17.93000030517578,504700
1151,2021-06-22,18.420000076293945,18.520000457763672,17.860000610351562,18.149999618530273,340900
1152,2021-06-21,19.459999084472656,19.889999389648438,18.010000228881836,18.15999984741211,548000
1153,2021-06-18,19.469999313354492,20.094999313354492,18.6200008392334,19.389999389648438,1654400
1154,2021-06-17,19.90999984741211,20.420000076293945,19.110000610351562,19.940000534057617,402200
1155,2021-06-16,19.219999313354492,20.163999557495117,19.219999313354492,19.920000076293945,389700
1156,2021-06-15,19.040000915527344,19.420000076293945,18.360000610351562,19.31999969482422,256400
1157,2021-06-14,19.790000915527344,20.290000915527344,18.829999923706055,19.1299991607666,332500
1158,2021-06-11,19.489999771118164,20.6299991607666,19.489999771118164,19.8799991607666,473100
1159,2021-06-10,18.68000030517578,19.459999084472656,18.440000534057617,19.350000381469727,246300
1160,2021-06-09,21.260000228881836,21.260000228881836,18.450000762939453,18.790000915527344,787400
1161,2021-06-08,20.43000030517578,21.229999542236328,20.33799934387207,21.100000381469727,751200
1162,2021-06-07,20.010000228881836,20.649999618530273,19.34000015258789,20.479999542236328,638200
1163,2021-06-04,19.270000457763672,20.489999771118164,19.079999923706055,20.0,716000
1164,2021-06-03,18.92300033569336,21.799999237060547,18.81999969482422,19.06999969482422,1534500
1165,2021-06-02,17.75,19.709999084472656,17.719999313354492,19.510000228881836,935400
1166,2021-06-01,20.219999313354492,20.59000015258789,17.450000762939453,17.75,884700
1167,2021-05-28,20.790000915527344,21.600000381469727,18.81999969482422,20.280000686645508,1359500
1168,2021-05-27,18.579999923706055,21.34000015258789,18.350000381469727,21.209999084472656,1943900
1169,2021-05-26,17.329999923706055,18.350000381469727,16.520000457763672,18.329999923706055,1267100
1170,2021-05-25,16.209999084472656,17.329999923706055,15.75,16.950000762939453,547900
1171,2021-05-24,15.130000114440918,16.489999771118164,14.850000381469727,16.229999542236328,460800
1172,2021-05-21,15.34000015258789,16.649999618530273,14.84000015258789,15.170000076293945,3057400
1173,2021-05-20,13.300000190734863,15.140000343322754,13.300000190734863,15.029999732971191,1412000
1174,2021-05-19,13.149999618530273,13.720000267028809,12.710000038146973,13.260000228881836,532400
1175,2021-05-18,12.140000343322754,13.670000076293945,12.0600004196167,13.3100004196167,1193400
1176,2021-05-17,11.65999984741211,12.395000457763672,11.65999984741211,12.029999732971191,914300
1177,2021-05-14,10.970000267028809,12.100000381469727,10.789999961853027,11.914999961853027,642100
1178,2021-05-13,11.029999732971191,11.350000381469727,10.180000305175781,10.600000381469727,651600
1179,2021-05-12,11.390000343322754,11.869999885559082,10.6899995803833,10.949999809265137,604300
1180,2021-05-11,10.822999954223633,12.020000457763672,10.819999694824219,11.640000343322754,670300
1181,2021-05-10,11.279999732971191,11.5,10.729999542236328,11.329999923706055,707000
1182,2021-05-07,11.899999618530273,11.960000038146973,11.079999923706055,11.460000038146973,412000
1183,2021-05-06,12.0600004196167,12.0600004196167,11.100000381469727,11.65999984741211,709800
1184,2021-05-05,12.739999771118164,12.989999771118164,12.07699966430664,12.119999885559082,454200
1185,2021-05-04,13.199999809265137,13.25,12.0600004196167,12.65999984741211,864100
1186,2021-05-03,13.180000305175781,13.859999656677246,13.180000305175781,13.420000076293945,375600
1187,2021-04-30,14.25,14.25,12.824999809265137,13.149999618530273,632200
1188,2021-04-29,14.4399995803833,14.600000381469727,13.920000076293945,14.25,151000
1189,2021-04-28,14.199999809265137,14.539999961853027,13.9399995803833,14.279999732971191,267600
1190,2021-04-27,14.5,14.539999961853027,13.859999656677246,14.34000015258789,251600
1191,2021-04-26,13.885000228881836,14.569999694824219,13.420000076293945,14.329999923706055,295800
1192,2021-04-23,13.770000457763672,14.1899995803833,13.3100004196167,13.710000038146973,478500
1193,2021-04-22,13.5600004196167,13.699999809265137,12.90999984741211,13.350000381469727,567300
1194,2021-04-21,12.600000381469727,13.199999809265137,12.100000381469727,13.109999656677246,732600
1195,2021-04-20,13.300000190734863,13.350000381469727,12.130000114440918,12.729999542236328,1088200
1196,2021-04-19,14.5,14.539999961853027,13.329999923706055,13.390000343322754,758500
1197,2021-04-16,14.90999984741211,15.140000343322754,14.210000038146973,14.34000015258789,502300
1198,2021-04-15,15.600000381469727,15.880000114440918,14.619999885559082,14.739999771118164,737900
1199,2021-04-14,16.0,16.499000549316406,15.380000114440918,15.600000381469727,645300
1200,2021-04-13,16.34000015258789,16.84600067138672,15.425000190734863,15.470000267028809,503600
1201,2021-04-12,17.219999313354492,17.23699951171875,16.184999465942383,16.40999984741211,309700
1202,2021-04-09,16.75,17.239999771118164,16.56999969482422,17.149999618530273,209300
1203,2021-04-08,17.09000015258789,17.100000381469727,16.40999984741211,16.739999771118164,881200
1204,2021-04-07,17.450000762939453,17.690000534057617,16.860000610351562,16.959999084472656,815400
1205,2021-04-06,18.709999084472656,19.15999984741211,17.350000381469727,17.450000762939453,939000
1206,2021-04-05,18.15999984741211,19.190000534057617,18.15999984741211,18.860000610351562,527200
1207,2021-04-01,19.84000015258789,20.040000915527344,17.729999542236328,18.139999389648438,641400
1208,2021-03-31,18.729999542236328,19.920000076293945,18.459999084472656,19.719999313354492,487700
1209,2021-03-30,17.799999237060547,18.46500015258789,16.8700008392334,18.309999465942383,1458400
1210,2021-03-29,17.739999771118164,18.5,17.719999313354492,18.100000381469727,503800
1211,2021-03-26,17.799999237060547,18.90999984741211,17.770000457763672,18.0,727600
1212,2021-03-25,18.270000457763672,18.459999084472656,16.850000381469727,17.459999084472656,1562500
1213,2021-03-24,18.989999771118164,19.190000534057617,18.530000686645508,18.93000030517578,1100400
1214,2021-03-23,20.190000534057617,20.295000076293945,18.579999923706055,18.790000915527344,1091900
1215,2021-03-22,21.6200008392334,21.989999771118164,19.979999542236328,20.219999313354492,1200700
1216,2021-03-19,20.0,22.079999923706055,19.753000259399414,21.90999984741211,2793500
1217,2021-03-18,21.25,21.329999923706055,19.360000610351562,19.75,877400
1218,2021-03-17,19.100000381469727,21.56999969482422,19.0,21.520000457763672,888900
1219,2021-03-16,19.68000030517578,21.200000762939453,19.40999984741211,20.06999969482422,901800
1220,2021-03-15,19.15999984741211,20.3700008392334,19.0,19.899999618530273,643400
1221,2021-03-12,18.5,19.049999237060547,17.899999618530273,18.979999542236328,318200
1222,2021-03-11,17.610000610351562,19.049999237060547,17.41200065612793,19.0,512500
1223,2021-03-10,16.329999923706055,17.5,16.049999237060547,17.34000015258789,1135700
1224,2021-03-09,16.5,17.25,15.734999656677246,15.850000381469727,655200
1225,2021-03-08,17.600000381469727,17.90999984741211,15.220000267028809,15.5,989100
1226,2021-03-05,17.969999313354492,18.0,15.0,17.6200008392334,1409200
1227,2021-03-04,19.510000228881836,20.280000686645508,16.219999313354492,18.1299991607666,1708100
1228,2021-03-03,22.149999618530273,22.149999618530273,19.700000762939453,19.8700008392334,740000
1229,2021-03-02,21.149999618530273,22.3700008392334,20.639999389648438,21.969999313354492,477100
1230,2021-03-01,22.299999237060547,22.450000762939453,20.767000198364258,21.079999923706055,641300
1231,2021-02-26,19.760000228881836,21.600000381469727,19.06999969482422,21.260000228881836,1190700
1232,2021-02-25,22.299999237060547,22.424999237060547,19.0,19.18000030517578,1153100
1233,2021-02-24,22.90999984741211,23.170000076293945,21.510000228881836,21.93000030517578,695300
1234,2021-02-23,22.5,22.884000778198242,20.299999237060547,22.260000228881836,1266000
1235,2021-02-22,24.479999542236328,25.15999984741211,22.600000381469727,23.06999969482422,873100
1236,2021-02-19,23.90999984741211,23.989999771118164,23.260000228881836,23.56999969482422,520700
1237,2021-02-18,23.579999923706055,24.190000534057617,22.399999618530273,23.170000076293945,1121400
1238,2021-02-17,24.25,24.649999618530273,23.25,23.829999923706055,510000
1239,2021-02-16,26.190000534057617,26.469999313354492,23.8799991607666,24.309999465942383,759000
1240,2021-02-12,25.923999786376953,26.8799991607666,25.40999984741211,25.489999771118164,366400
1241,2021-02-11,25.0,26.479999542236328,23.084999084472656,26.239999771118164,1283200
1242,2021-02-10,25.488000869750977,25.75,24.049999237060547,24.809999465942383,671500
1243,2021-02-09,24.010000228881836,25.729999542236328,23.610000610351562,24.729999542236328,684400
1244,2021-02-08,25.260000228881836,25.84000015258789,23.899999618530273,24.440000534057617,548700
1245,2021-02-05,25.239999771118164,26.0,24.114999771118164,25.09000015258789,325500
1246,2021-02-04,25.510000228881836,26.299999237060547,24.996999740600586,25.530000686645508,421500
1247,2021-02-03,24.530000686645508,25.489999771118164,24.143999099731445,25.170000076293945,406500
1248,2021-02-02,23.209999084472656,24.899999618530273,23.209999084472656,24.56999969482422,719700
1249,2021-02-01,22.469999313354492,23.90999984741211,22.1200008392334,23.219999313354492,660100
1250,2021-01-29,23.469999313354492,23.829999923706055,21.809999465942383,22.350000381469727,700500
1251,2021-01-28,22.579999923706055,23.84000015258789,22.5,23.450000762939453,691200
1252,2021-01-27,22.190000534057617,23.719999313354492,21.69099998474121,22.56999969482422,907900
1253,2021-01-26,22.469999313354492,24.34000015258789,21.961000442504883,23.110000610351562,1280200
1254,2021-01-25,23.049999237060547,23.149999618530273,21.56999969482422,21.899999618530273,1667700
1255,2021-01-22,22.92099952697754,24.520000457763672,22.8439998626709,23.479999542236328,1255900
1256,2021-01-21,26.290000915527344,26.358999252319336,24.600000381469727,24.950000762939453,843500
1257,2021-01-20,25.25,27.75,25.079999923706055,26.549999237060547,1208100
1258,2021-01-19,24.0,26.290000915527344,23.5,26.200000762939453,1578400
1259,2021-01-15,24.100000381469727,24.979999542236328,21.100000381469727,23.030000686645508,3135200
1260,2021-01-14,28.570999145507812,29.489999771118164,22.280000686645508,24.559999465942383,4886700
1261,2021-01-13,31.84000015258789,31.95199966430664,28.100000381469727,28.40999984741211,1156900
1262,2021-01-12,30.979999542236328,31.68000030517578,29.799999237060547,30.440000534057617,838100
1263,2021-01-11,28.0,31.764999389648438,26.5,30.219999313354492,1382400
1264,2021-01-08,27.200000762939453,31.030000686645508,25.690000534057617,28.829999923706055,1960400
1265,2021-01-07,24.586000442504883,26.899999618530273,24.1299991607666,26.559999465942383,1143800
1266,2021-01-06,23.850000381469727,26.277000427246094,22.90999984741211,23.1299991607666,1448900
1267,2021-01-05,22.329999923706055,23.639999389648438,21.510000228881836,23.09000015258789,1177000
1268,2021-01-04,22.489999771118164,24.200000762939453,20.420000076293945,23.899999618530273,2007700
1269,2020-12-31,22.940000534057617,23.790000915527344,20.81999969482422,20.84000015258789,1590300
1270,2020-12-30,23.170000076293945,25.799999237060547,22.09000015258789,23.149999618530273,4440500
1271,2020-12-29,22.040000915527344,23.9950008392334,19.5,23.739999771118164,2018400
1272,2020-12-28,20.170000076293945,23.149999618530273,20.170000076293945,22.469999313354492,2581900
1273,2020-12-24,21.170000076293945,21.844999313354492,18.700000762939453,19.229999542236328,1751100
1274,2020-12-23,15.75,23.5,15.65999984741211,23.1299991607666,4930200
1275,2020-12-22,16.200000762939453,16.200000762939453,15.289999961853027,16.0,1853500
1276,2020-12-21,14.050000190734863,15.25,14.020000457763672,15.109999656677246,1083000
1277,2020-12-18,14.5600004196167,14.729999542236328,13.90999984741211,14.5600004196167,858200
1278,2020-12-17,14.40999984741211,14.723999977111816,14.149999618530273,14.5600004196167,718800
1279,2020-12-16,14.630000114440918,15.130000114440918,14.420000076293945,14.619999885559082,802000
1280,2020-12-15,14.550000190734863,15.0,14.329999923706055,14.779999732971191,630300
1281,2020-12-14,14.649999618530273,14.960000038146973,14.020000457763672,14.630000114440918,460400
1282,2020-12-11,15.0600004196167,15.300000190734863,14.449999809265137,14.649999618530273,725100
1283,2020-12-10,14.970000267028809,15.470000267028809,14.4399995803833,15.399999618530273,757600
1284,2020-12-09,15.180000305175781,16.239999771118164,14.109999656677246,14.65999984741211,1283200
1285,2020-12-08,14.890000343322754,15.130000114440918,13.859999656677246,14.430000305175781,1204900
1286,2020-12-07,14.979999542236328,15.550000190734863,14.699999809265137,15.350000381469727,1132500
1287,2020-12-04,15.020000457763672,15.109999656677246,13.649999618530273,14.5600004196167,994200
1288,2020-12-03,13.869999885559082,15.0,13.550000190734863,14.449999809265137,889600
1289,2020-12-02,13.62600040435791,14.5,12.824999809265137,13.8100004196167,981100
1290,2020-12-01,14.970000267028809,15.229999542236328,13.260000228881836,13.770000457763672,1724300
1291,2020-11-30,15.149999618530273,15.428000450134277,13.819999694824219,15.069999694824219,1145300
1292,2020-11-27,15.84000015258789,15.979999542236328,14.717000007629395,14.989999771118164,1367400
1293,2020-11-25,14.5,15.829999923706055,14.300000190734863,15.0,2068200
1294,2020-11-24,16.09000015258789,16.280000686645508,13.649999618530273,14.130000114440918,2280300
1295,2020-11-23,14.649999618530273,16.110000610351562,14.354999542236328,15.449999809265137,2146600
