,date,open,high,low,close,volume
0,2026-01-21,11.0600004196167,11.199999809265137,11.020000457763672,11.149999618530273,116322
1,2026-01-20,10.399999618530273,10.5,10.3100004196167,10.380000114440918,499500
2,2026-01-16,10.460000038146973,10.989999771118164,10.460000038146973,10.739999771118164,713000
3,2026-01-15,10.460000038146973,10.510000228881836,10.25,10.300000190734863,506800
4,2026-01-14,10.449999809265137,10.640000343322754,10.359999656677246,10.640000343322754,678600
5,2026-01-13,10.300000190734863,10.300000190734863,10.180000305175781,10.229999542236328,369800
6,2026-01-12,10.100000381469727,10.1899995803833,10.010000228881836,10.15999984741211,419900
7,2026-01-09,9.630000114440918,9.850000381469727,9.539999961853027,9.789999961853027,622700
8,2026-01-08,9.739999771118164,9.850000381469727,9.619999885559082,9.649999618530273,515100
9,2026-01-07,10.119999885559082,10.300000190734863,10.119999885559082,10.25,728200
10,2026-01-06,8.90999984741211,9.220000267028809,8.880000114440918,9.180000305175781,864200
11,2026-01-05,8.880000114440918,9.199999809265137,8.850000381469727,9.010000228881836,689600
12,2026-01-02,8.270000457763672,8.510000228881836,8.239999771118164,8.449999809265137,457200
13,2025-12-31,8.1899995803833,8.380000114440918,8.15999984741211,8.270000457763672,242100
14,2025-12-30,8.5,8.510000228881836,8.369999885559082,8.399999618530273,336000
15,2025-12-29,8.390000343322754,8.399999618530273,8.270000457763672,8.289999961853027,293900
16,2025-12-26,8.380000114440918,8.75,8.380000114440918,8.420000076293945,307000
17,2025-12-24,8.399999618530273,8.609999656677246,8.380000114440918,8.520000457763672,187500
18,2025-12-23,8.489999771118164,8.489999771118164,8.369999885559082,8.4399995803833,399200
19,2025-12-22,8.300000190734863,8.470000267028809,8.300000190734863,8.390000343322754,389000
20,2025-12-19,8.199999809265137,8.319999694824219,8.119999885559082,8.220000267028809,370100
21,2025-12-18,8.149999618530273,8.350000381469727,8.079999923706055,8.350000381469727,323700
22,2025-12-17,8.15999984741211,8.319999694824219,8.109999656677246,8.170000076293945,435700
23,2025-12-16,8.199999809265137,8.390000343322754,8.130000114440918,8.350000381469727,407200
24,2025-12-15,8.449999809265137,8.449999809265137,8.289999961853027,8.289999961853027,487700
25,2025-12-12,8.649999618530273,8.800000190734863,8.390000343322754,8.399999618530273,383200
26,2025-12-11,8.380000114440918,8.65999984741211,8.369999885559082,8.640000343322754,503500
27,2025-12-10,8.5,8.649999618530273,8.430000305175781,8.609999656677246,379300
28,2025-12-09,8.600000381469727,8.739999771118164,8.569999694824219,8.640000343322754,540000
29,2025-12-08,9.180000305175781,9.180000305175781,8.979999542236328,9.0600004196167,339700
30,2025-12-05,9.489999771118164,9.579999923706055,9.25,9.390000343322754,395400
31,2025-12-04,9.399999618530273,9.600000381469727,9.199999809265137,9.569999694824219,863500
32,2025-12-03,9.739999771118164,9.770000457763672,9.569999694824219,9.609999656677246,441400
33,2025-12-02,9.800000190734863,10.020000457763672,9.800000190734863,10.0,347500
34,2025-12-01,9.630000114440918,9.699999809265137,9.609999656677246,9.649999618530273,399700
35,2025-11-28,9.529999732971191,9.649999618530273,9.5,9.600000381469727,246100
36,2025-11-26,9.84000015258789,9.989999771118164,9.779999732971191,9.989999771118164,349700
37,2025-11-25,9.789999961853027,9.880000114440918,9.649999618530273,9.789999961853027,481900
38,2025-11-24,9.670000076293945,10.149999618530273,9.609999656677246,10.119999885559082,796400
39,2025-11-21,9.600000381469727,9.600000381469727,9.25,9.489999771118164,425600
40,2025-11-20,10.449999809265137,10.449999809265137,9.609999656677246,9.65999984741211,555100
41,2025-11-19,10.170000076293945,10.350000381469727,10.050000190734863,10.069999694824219,257000
42,2025-11-18,9.59000015258789,9.880000114440918,9.479999542236328,9.800000190734863,636600
43,2025-11-17,9.630000114440918,9.960000038146973,9.5600004196167,9.710000038146973,370800
44,2025-11-14,9.09000015258789,9.430000305175781,9.010000228881836,9.319999694824219,408500
45,2025-11-13,9.25,9.489999771118164,9.010000228881836,9.140000343322754,608400
46,2025-11-12,9.1899995803833,9.1899995803833,8.949999809265137,8.960000038146973,606300
47,2025-11-11,9.350000381469727,9.479999542236328,9.300000190734863,9.300000190734863,330600
48,2025-11-10,9.369999885559082,9.59000015258789,9.3100004196167,9.59000015258789,509400
49,2025-11-07,8.569999694824219,8.9399995803833,8.550000190734863,8.899999618530273,699200
50,2025-11-06,8.539999961853027,8.739999771118164,8.260000228881836,8.399999618530273,863400
51,2025-11-05,8.640000343322754,8.789999961853027,8.600000381469727,8.6899995803833,495800
52,2025-11-04,8.800000190734863,8.949999809265137,8.760000228881836,8.789999961853027,625100
53,2025-11-03,9.350000381469727,9.430000305175781,8.880000114440918,8.930000305175781,1005700
54,2025-10-31,10.050000190734863,10.069999694824219,9.760000228881836,9.890000343322754,515900
55,2025-10-30,10.0,10.09000015258789,9.75,9.819999694824219,675900
56,2025-10-29,10.25,10.399999618530273,10.0600004196167,10.25,619400
57,2025-10-28,10.65999984741211,10.670000076293945,9.949999809265137,10.0600004196167,1502900
58,2025-10-27,12.100000381469727,12.399999618530273,11.170000076293945,11.260000228881836,2115800
59,2025-10-24,12.100000381469727,12.649999618530273,12.100000381469727,12.630000114440918,547100
60,2025-10-23,12.40999984741211,12.760000228881836,12.319999694824219,12.539999961853027,684300
61,2025-10-22,11.5600004196167,11.989999771118164,11.300000190734863,11.819999694824219,1122900
62,2025-10-21,12.770000457763672,12.800000190734863,11.979999542236328,11.989999771118164,1924800
63,2025-10-20,13.800000190734863,14.15999984741211,13.430000305175781,13.84000015258789,1796000
64,2025-10-17,11.850000381469727,12.220000267028809,11.850000381469727,12.210000038146973,977900
65,2025-10-16,13.199999809265137,13.399999618530273,12.0,12.329999923706055,1791000
66,2025-10-15,14.300000190734863,14.300000190734863,13.289999961853027,13.449999809265137,2064900
67,2025-10-14,15.130000114440918,15.15999984741211,13.770000457763672,14.119999885559082,3262900
68,2025-10-13,14.140000343322754,16.18000030517578,14.100000381469727,15.239999771118164,3286200
69,2025-10-10,13.25,14.350000381469727,13.069999694824219,13.850000381469727,883700
70,2025-10-09,13.800000190734863,13.800000190734863,13.40999984741211,13.550000190734863,402800
71,2025-10-08,12.720000267028809,13.319999694824219,12.720000267028809,13.279999732971191,264500
72,2025-10-07,12.75,12.9399995803833,12.5600004196167,12.619999885559082,529900
73,2025-10-06,13.25,13.279999732971191,13.0,13.050000190734863,431900
74,2025-10-03,11.850000381469727,12.350000381469727,11.710000038146973,12.319999694824219,353800
75,2025-10-02,11.40999984741211,11.649999618530273,11.399999618530273,11.479999542236328,240400
76,2025-10-01,11.199999809265137,11.350000381469727,11.15999984741211,11.329999923706055,152300
77,2025-09-30,11.300000190734863,11.300000190734863,11.09000015258789,11.140000343322754,177000
78,2025-09-29,11.020000457763672,11.09000015258789,11.0,11.079999923706055,185100
79,2025-09-26,11.470000267028809,11.470000267028809,10.970000267028809,11.050000190734863,299900
80,2025-09-25,11.319999694824219,11.550000190734863,11.100000381469727,11.329999923706055,437300
81,2025-09-24,11.100000381469727,11.319999694824219,10.930000305175781,11.319999694824219,414800
82,2025-09-23,11.199999809265137,11.199999809265137,10.899999618530273,10.949999809265137,418200
83,2025-09-22,10.010000228881836,10.470000267028809,10.010000228881836,10.229999542236328,257000
84,2025-09-19,9.739999771118164,9.989999771118164,9.5,9.970000267028809,534500
85,2025-09-18,9.6899995803833,9.770000457763672,9.649999618530273,9.760000228881836,205200
86,2025-09-17,9.640000343322754,9.6899995803833,9.479999542236328,9.520000457763672,185100
87,2025-09-16,9.680000305175781,9.680000305175781,9.420000076293945,9.5,283600
88,2025-09-15,9.5,9.6899995803833,9.470000267028809,9.5600004196167,214900
89,2025-09-12,9.25,9.5600004196167,9.25,9.460000038146973,115600
90,2025-09-11,9.25,9.569999694824219,9.0600004196167,9.569999694824219,164400
91,2025-09-10,9.449999809265137,9.479999542236328,9.369999885559082,9.40999984741211,256700
92,2025-09-09,9.65999984741211,9.770000457763672,9.65999984741211,9.729999542236328,183800
93,2025-09-08,9.350000381469727,9.539999961853027,9.350000381469727,9.449999809265137,152000
94,2025-09-05,9.399999618530273,9.449999809265137,9.279999732971191,9.350000381469727,215400
95,2025-09-04,9.430000305175781,9.630000114440918,9.430000305175781,9.600000381469727,216600
96,2025-09-03,9.350000381469727,9.420000076293945,9.3100004196167,9.380000114440918,133200
97,2025-09-02,9.199999809265137,9.489999771118164,9.199999809265137,9.399999618530273,318400
98,2025-08-29,9.0,9.300000190734863,8.800000190734863,9.029999732971191,689700
99,2025-08-28,9.699999809265137,9.699999809265137,9.699999809265137,9.699999809265137,0
100,2025-08-27,9.319999694824219,9.75,9.319999694824219,9.699999809265137,160400
101,2025-08-26,9.59000015258789,9.619999885559082,9.380000114440918,9.600000381469727,244300
102,2025-08-25,9.449999809265137,9.829999923706055,9.449999809265137,9.680000305175781,406300
103,2025-08-22,9.300000190734863,9.350000381469727,9.020000457763672,9.34000015258789,274900
104,2025-08-21,9.399999618530273,9.399999618530273,9.210000038146973,9.34000015258789,329900
105,2025-08-20,8.869999885559082,8.989999771118164,8.75,8.789999961853027,1186000
106,2025-08-19,9.739999771118164,9.859999656677246,9.6899995803833,9.720000267028809,497800
107,2025-08-18,9.75,9.75,9.550000190734863,9.670000076293945,463800
108,2025-08-15,9.449999809265137,9.5,9.270000457763672,9.399999618530273,368400
109,2025-08-14,9.0600004196167,9.100000381469727,8.970000267028809,9.0,314700
110,2025-08-13,8.850000381469727,9.020000457763672,8.779999732971191,8.989999771118164,600300
111,2025-08-12,8.640000343322754,8.760000228881836,8.550000190734863,8.760000228881836,432200
112,2025-08-11,8.520000457763672,8.569999694824219,8.420000076293945,8.5,487300
113,2025-08-08,8.550000190734863,8.550000190734863,8.0,8.359999656677246,732100
114,2025-08-07,8.0,8.029999732971191,7.940000057220459,8.0,563800
115,2025-08-06,7.889999866485596,7.889999866485596,7.800000190734863,7.860000133514404,356100
116,2025-08-05,7.909999847412109,7.920000076293945,7.5,7.789999961853027,397800
117,2025-08-04,7.460000038146973,7.5,7.420000076293945,7.480000019073486,468600
118,2025-08-01,7.0,7.170000076293945,6.900000095367432,7.079999923706055,416800
119,2025-07-31,6.800000190734863,6.860000133514404,6.710000038146973,6.860000133514404,382600
120,2025-07-30,7.0,7.199999809265137,6.889999866485596,6.920000076293945,193000
121,2025-07-29,7.239999771118164,7.309999942779541,7.0,7.090000152587891,175000
122,2025-07-28,7.320000171661377,7.320000171661377,7.0,7.070000171661377,208300
123,2025-07-25,7.139999866485596,7.309999942779541,7.0,7.139999866485596,375300
124,2025-07-24,7.099999904632568,7.230000019073486,7.0,7.230000019073486,551500
125,2025-07-23,6.929999828338623,6.929999828338623,6.710000038146973,6.800000190734863,399400
126,2025-07-22,6.849999904632568,6.849999904632568,6.650000095367432,6.679999828338623,269600
127,2025-07-21,6.800000190734863,6.860000133514404,6.659999847412109,6.670000076293945,304700
128,2025-07-18,6.489999771118164,6.579999923706055,6.429999828338623,6.579999923706055,401200
129,2025-07-17,6.46999979019165,6.480000019073486,6.320000171661377,6.420000076293945,458500
130,2025-07-16,6.550000190734863,6.699999809265137,6.539999961853027,6.630000114440918,728100
131,2025-07-15,6.78000020980835,7.090000152587891,6.699999809265137,6.949999809265137,1016500
132,2025-07-14,6.769999980926514,6.829999923706055,6.570000171661377,6.679999828338623,498100
133,2025-07-11,6.5,6.5,6.150000095367432,6.429999828338623,785000
134,2025-07-10,5.889999866485596,6.090000152587891,5.809999942779541,5.949999809265137,759000
135,2025-07-09,5.510000228881836,5.510000228881836,5.429999828338623,5.449999809265137,40700
136,2025-07-08,5.28000020980835,5.449999809265137,5.260000228881836,5.409999847412109,66500
137,2025-07-07,5.449999809265137,5.489999771118164,5.28000020980835,5.300000190734863,163700
138,2025-07-03,5.639999866485596,5.639999866485596,5.400000095367432,5.489999771118164,54600
139,2025-07-02,5.550000190734863,5.550000190734863,5.480000019073486,5.5,142900
140,2025-07-01,5.510000228881836,5.75,5.510000228881836,5.539999961853027,160300
141,2025-06-30,5.800000190734863,5.800000190734863,5.5,5.690000057220459,165600
142,2025-06-27,5.989999771118164,5.989999771118164,5.800000190734863,5.840000152587891,263600
143,2025-06-26,6.0,6.119999885559082,5.940000057220459,6.119999885559082,172300
144,2025-06-25,6.099999904632568,6.099999904632568,5.800000190734863,5.949999809265137,196600
145,2025-06-24,6.110000133514404,6.150000095367432,5.900000095367432,5.949999809265137,171500
146,2025-06-23,6.139999866485596,6.139999866485596,5.869999885559082,5.889999866485596,494900
147,2025-06-20,6.0,6.25,6.0,6.099999904632568,536200
148,2025-06-18,6.25,6.309999942779541,5.96999979019165,6.28000020980835,239600
149,2025-06-17,6.369999885559082,6.400000095367432,6.199999809265137,6.25,214300
150,2025-06-16,5.900000095367432,6.199999809265137,5.900000095367432,6.179999828338623,419600
151,2025-06-13,6.010000228881836,6.010000228881836,5.699999809265137,5.869999885559082,137200
152,2025-06-12,5.679999828338623,5.860000133514404,5.550000190734863,5.760000228881836,187900
153,2025-06-11,5.650000095367432,5.800000190734863,5.489999771118164,5.559999942779541,420800
154,2025-06-10,6.199999809265137,6.199999809265137,6.010000228881836,6.090000152587891,160400
155,2025-06-09,5.909999847412109,5.96999979019165,5.849999904632568,5.949999809265137,337200
156,2025-06-06,6.059999942779541,6.059999942779541,5.840000152587891,5.880000114440918,543800
157,2025-06-05,5.920000076293945,6.130000114440918,5.760000228881836,6.059999942779541,834800
158,2025-06-04,5.389999866485596,5.5,5.269999980926514,5.480000019073486,345500
159,2025-06-03,5.230000019073486,5.340000152587891,5.179999828338623,5.260000228881836,117100
160,2025-06-02,5.239999771118164,5.429999828338623,5.21999979019165,5.329999923706055,228500
161,2025-05-30,5.099999904632568,5.260000228881836,5.0,5.159999847412109,201100
162,2025-05-29,5.139999866485596,5.139999866485596,5.0,5.019999980926514,90000
163,2025-05-28,5.170000076293945,5.199999809265137,5.119999885559082,5.139999866485596,45400
164,2025-05-27,5.329999923706055,5.329999923706055,5.130000114440918,5.170000076293945,165400
165,2025-05-23,5.199999809265137,5.269999980926514,5.110000133514404,5.25,123900
166,2025-05-22,5.369999885559082,5.369999885559082,5.139999866485596,5.179999828338623,153500
167,2025-05-21,5.079999923706055,5.079999923706055,4.809999942779541,4.820000171661377,176200
168,2025-05-20,5.0,5.0,4.849999904632568,4.889999866485596,135700
169,2025-05-19,4.900000095367432,5.0,4.800000190734863,4.889999866485596,246000
170,2025-05-16,4.869999885559082,5.0,4.800000190734863,4.849999904632568,139600
171,2025-05-15,4.679999828338623,4.800000190734863,4.679999828338623,4.760000228881836,122800
172,2025-05-14,4.699999809265137,4.869999885559082,4.699999809265137,4.71999979019165,148000
173,2025-05-13,4.849999904632568,4.889999866485596,4.650000095367432,4.710000038146973,268100
174,2025-05-12,5.179999828338623,5.179999828338623,4.809999942779541,4.809999942779541,498400
175,2025-05-09,5.099999904632568,5.099999904632568,4.940000057220459,4.96999979019165,194900
176,2025-05-08,5.269999980926514,5.269999980926514,5.099999904632568,5.119999885559082,88600
177,2025-05-07,5.179999828338623,5.369999885559082,5.150000095367432,5.170000076293945,221500
178,2025-05-06,5.579999923706055,5.579999923706055,5.389999866485596,5.420000076293945,58100
179,2025-05-05,5.260000228881836,5.579999923706055,5.21999979019165,5.429999828338623,98300
180,2025-05-02,5.480000019073486,5.480000019073486,5.28000020980835,5.300000190734863,138700
181,2025-05-01,5.5,5.5,5.289999961853027,5.329999923706055,174800
182,2025-04-30,5.579999923706055,5.690000057220459,5.440000057220459,5.550000190734863,110400
183,2025-04-29,5.610000133514404,5.610000133514404,5.550000190734863,5.579999923706055,182100
184,2025-04-28,5.550000190734863,5.610000133514404,5.480000019073486,5.610000133514404,327300
185,2025-04-25,5.539999961853027,5.539999961853027,5.420000076293945,5.46999979019165,248200
186,2025-04-24,5.400000095367432,5.5,5.320000171661377,5.449999809265137,221500
187,2025-04-23,5.849999904632568,5.849999904632568,5.269999980926514,5.320000171661377,912500
188,2025-04-22,5.849999904632568,5.849999904632568,5.739999771118164,5.800000190734863,293800
189,2025-04-21,5.800000190734863,5.800000190734863,5.679999828338623,5.730000019073486,481900
190,2025-04-17,5.849999904632568,5.849999904632568,5.559999942779541,5.739999771118164,612800
191,2025-04-16,5.480000019073486,5.539999961853027,5.369999885559082,5.53000020980835,1743100
192,2025-04-15,5.300000190734863,5.300000190734863,5.130000114440918,5.130000114440918,488300
193,2025-04-14,5.300000190734863,5.300000190734863,5.0,5.190000057220459,709800
194,2025-04-11,4.900000095367432,4.949999809265137,4.789999961853027,4.949999809265137,153900
195,2025-04-10,4.880000114440918,4.880000114440918,4.630000114440918,4.739999771118164,428300
196,2025-04-09,4.5,5.079999923706055,4.5,5.0,251400
197,2025-04-08,4.820000171661377,4.929999828338623,4.429999828338623,4.429999828338623,249700
198,2025-04-07,4.46999979019165,4.75,4.46999979019165,4.590000152587891,185100
199,2025-04-04,4.769999980926514,4.769999980926514,4.300000190734863,4.340000152587891,323800
200,2025-04-03,4.639999866485596,4.639999866485596,4.400000095367432,4.400000095367432,173800
201,2025-04-02,4.71999979019165,4.71999979019165,4.349999904632568,4.360000133514404,150900
202,2025-04-01,4.619999885559082,4.619999885559082,4.400000095367432,4.480000019073486,83200
203,2025-03-31,4.429999828338623,4.519999980926514,4.199999809265137,4.400000095367432,267000
204,2025-03-28,4.599999904632568,4.599999904632568,4.489999771118164,4.489999771118164,41200
205,2025-03-27,4.539999961853027,4.570000171661377,4.53000020980835,4.53000020980835,30800
206,2025-03-26,4.599999904632568,4.599999904632568,4.460000038146973,4.480000019073486,23400
207,2025-03-25,4.739999771118164,4.739999771118164,4.570000171661377,4.610000133514404,34400
208,2025-03-24,4.460000038146973,4.630000114440918,4.460000038146973,4.519999980926514,86800
209,2025-03-21,4.71999979019165,4.71999979019165,4.550000190734863,4.590000152587891,78100
210,2025-03-20,4.739999771118164,4.889999866485596,4.619999885559082,4.639999866485596,61400
211,2025-03-19,4.809999942779541,4.869999885559082,4.800000190734863,4.829999923706055,48500
212,2025-03-18,5.0,5.0,4.809999942779541,4.849999904632568,38800
213,2025-03-17,4.75,4.849999904632568,4.699999809265137,4.849999904632568,95700
214,2025-03-14,4.559999942779541,4.670000076293945,4.559999942779541,4.659999847412109,85300
215,2025-03-13,4.449999809265137,4.53000020980835,4.409999847412109,4.5,54100
216,2025-03-12,4.559999942779541,4.559999942779541,4.380000114440918,4.420000076293945,29100
217,2025-03-11,4.400000095367432,4.510000228881836,4.289999961853027,4.340000152587891,61100
218,2025-03-10,4.5,4.5,4.329999923706055,4.369999885559082,225900
219,2025-03-07,4.349999904632568,4.53000020980835,4.349999904632568,4.510000228881836,28900
220,2025-03-06,4.510000228881836,4.699999809265137,4.440000057220459,4.440000057220459,53900
221,2025-03-05,4.5,4.550000190734863,4.389999866485596,4.510000228881836,145100
222,2025-03-04,4.389999866485596,4.389999866485596,4.25,4.300000190734863,165000
223,2025-03-03,4.25,4.25,4.110000133514404,4.190000057220459,218700
224,2025-02-28,4.099999904632568,4.230000019073486,4.099999904632568,4.170000076293945,111400
225,2025-02-27,4.170000076293945,4.28000020980835,4.170000076293945,4.210000038146973,96300
226,2025-02-26,4.300000190734863,4.300000190734863,4.230000019073486,4.230000019073486,52600
227,2025-02-25,4.369999885559082,4.369999885559082,4.309999942779541,4.349999904632568,25900
228,2025-02-24,4.349999904632568,4.349999904632568,4.300000190734863,4.329999923706055,34800
229,2025-02-21,4.269999980926514,4.409999847412109,4.269999980926514,4.360000133514404,105400
230,2025-02-20,4.400000095367432,4.46999979019165,4.400000095367432,4.440000057220459,194200
231,2025-02-19,4.389999866485596,4.389999866485596,4.139999866485596,4.159999847412109,66500
232,2025-02-18,4.449999809265137,4.449999809265137,4.269999980926514,4.269999980926514,78300
233,2025-02-14,4.489999771118164,4.5,4.199999809265137,4.230000019073486,73000
234,2025-02-13,4.320000171661377,4.389999866485596,4.309999942779541,4.320000171661377,66500
235,2025-02-12,4.300000190734863,4.329999923706055,4.25,4.309999942779541,50400
236,2025-02-11,4.190000057220459,4.53000020980835,4.190000057220459,4.320000171661377,48700
237,2025-02-10,4.590000152587891,4.590000152587891,4.300000190734863,4.420000076293945,99900
238,2025-02-07,4.179999828338623,4.360000133514404,4.179999828338623,4.300000190734863,140600
239,2025-02-06,3.930000066757202,4.110000133514404,3.930000066757202,4.059999942779541,113900
240,2025-02-05,4.0,4.059999942779541,4.0,4.059999942779541,44400
241,2025-02-04,4.070000171661377,4.070000171661377,3.9200000762939453,3.990000009536743,95900
242,2025-02-03,3.869999885559082,4.090000152587891,3.869999885559082,4.079999923706055,202100
243,2025-01-31,3.8499999046325684,3.930000066757202,3.8499999046325684,3.859999895095825,72300
244,2025-01-30,3.8299999237060547,3.890000104904175,3.809999942779541,3.8499999046325684,155900
245,2025-01-29,3.9100000858306885,3.950000047683716,3.9000000953674316,3.9200000762939453,61400
246,2025-01-28,4.0,4.010000228881836,3.930000066757202,3.9700000286102295,176100
247,2025-01-27,4.099999904632568,4.099999904632568,4.039999961853027,4.039999961853027,66300
248,2025-01-24,4.190000057220459,4.190000057220459,4.070000171661377,4.099999904632568,67300
249,2025-01-23,4.309999942779541,4.309999942779541,4.099999904632568,4.139999866485596,39000
250,2025-01-22,4.119999885559082,4.21999979019165,4.110000133514404,4.170000076293945,74900
251,2025-01-21,4.349999904632568,4.349999904632568,4.070000171661377,4.090000152587891,1243400
252,2025-01-17,4.409999847412109,4.409999847412109,4.329999923706055,4.349999904632568,247000
253,2025-01-16,4.449999809265137,4.449999809265137,4.369999885559082,4.409999847412109,81800
254,2025-01-15,4.460000038146973,4.46999979019165,4.429999828338623,4.460000038146973,61100
255,2025-01-14,4.349999904632568,4.46999979019165,4.349999904632568,4.460000038146973,115900
256,2025-01-13,4.309999942779541,4.400000095367432,4.25,4.369999885559082,36100
257,2025-01-10,4.159999847412109,4.289999961853027,4.159999847412109,4.260000228881836,37500
258,2025-01-08,4.28000020980835,4.309999942779541,4.25,4.289999961853027,43800
259,2025-01-07,4.329999923706055,4.449999809265137,4.329999923706055,4.369999885559082,43500
260,2025-01-06,4.289999961853027,4.320000171661377,4.159999847412109,4.28000020980835,136400
261,2025-01-03,3.950000047683716,4.110000133514404,3.950000047683716,4.090000152587891,109900
262,2025-01-02,3.930000066757202,4.070000171661377,3.930000066757202,4.039999961853027,78500
263,2024-12-31,3.9600000381469727,3.9700000286102295,3.9200000762939453,3.950000047683716,48400
264,2024-12-30,4.0,4.099999904632568,3.9200000762939453,3.9700000286102295,78700
265,2024-12-27,3.9600000381469727,4.019999980926514,3.9600000381469727,4.010000228881836,85400
266,2024-12-26,3.9800000190734863,4.099999904632568,3.9800000190734863,4.039999961853027,52200
267,2024-12-24,3.869999885559082,4.019999980926514,3.869999885559082,4.010000228881836,43700
268,2024-12-23,3.9600000381469727,4.0,3.930000066757202,3.9800000190734863,82500
269,2024-12-20,3.7899999618530273,4.090000152587891,3.7899999618530273,3.9800000190734863,81500
270,2024-12-19,3.9800000190734863,4.050000190734863,3.9800000190734863,4.010000228881836,61900
271,2024-12-18,4.320000171661377,4.320000171661377,4.0,4.0,122800
272,2024-12-17,4.199999809265137,4.369999885559082,4.150000095367432,4.179999828338623,82300
273,2024-12-16,4.309999942779541,4.309999942779541,4.25,4.260000228881836,99700
274,2024-12-13,4.300000190734863,4.360000133514404,4.300000190734863,4.329999923706055,62200
275,2024-12-12,4.489999771118164,4.489999771118164,4.400000095367432,4.400000095367432,96300
276,2024-12-11,4.5,4.5,4.420000076293945,4.449999809265137,34600
277,2024-12-10,4.599999904632568,4.599999904632568,4.429999828338623,4.429999828338623,81700
278,2024-12-09,4.300000190734863,4.619999885559082,4.300000190734863,4.559999942779541,136900
279,2024-12-06,4.409999847412109,4.599999904632568,4.400000095367432,4.429999828338623,103300
280,2024-12-05,4.75,4.78000020980835,4.570000171661377,4.579999923706055,173100
281,2024-12-04,4.840000152587891,4.849999904632568,4.699999809265137,4.699999809265137,414200
282,2024-12-03,4.519999980926514,4.699999809265137,4.519999980926514,4.619999885559082,276700
283,2024-12-02,4.599999904632568,4.710000038146973,4.349999904632568,4.519999980926514,56900
284,2024-11-29,4.480000019073486,4.480000019073486,4.420000076293945,4.429999828338623,24500
285,2024-11-27,4.289999961853027,4.590000152587891,4.28000020980835,4.449999809265137,39400
286,2024-11-26,4.260000228881836,4.380000114440918,4.260000228881836,4.380000114440918,30100
287,2024-11-25,4.300000190734863,4.369999885559082,4.300000190734863,4.340000152587891,50400
288,2024-11-22,4.409999847412109,4.460000038146973,4.369999885559082,4.369999885559082,53200
289,2024-11-21,4.409999847412109,4.480000019073486,4.409999847412109,4.46999979019165,39100
290,2024-11-20,4.409999847412109,4.510000228881836,4.409999847412109,4.460000038146973,30300
291,2024-11-19,4.699999809265137,4.699999809265137,4.46999979019165,4.510000228881836,25000
292,2024-11-18,4.519999980926514,4.619999885559082,4.440000057220459,4.619999885559082,51500
293,2024-11-15,4.800000190734863,4.800000190734863,4.550000190734863,4.550000190734863,56200
294,2024-11-14,4.920000076293945,4.920000076293945,4.650000095367432,4.670000076293945,131600
295,2024-11-13,4.940000057220459,4.949999809265137,4.869999885559082,4.889999866485596,34200
296,2024-11-12,5.0,5.139999866485596,4.940000057220459,4.949999809265137,50000
297,2024-11-11,5.260000228881836,5.300000190734863,5.130000114440918,5.130000114440918,53200
298,2024-11-08,5.400000095367432,5.420000076293945,5.239999771118164,5.260000228881836,66400
299,2024-11-07,5.110000133514404,5.400000095367432,5.110000133514404,5.400000095367432,51900
300,2024-11-06,5.0,5.159999847412109,5.0,5.150000095367432,41400
301,2024-11-05,5.139999866485596,5.179999828338623,5.110000133514404,5.179999828338623,75500
302,2024-11-04,5.300000190734863,5.300000190734863,5.070000171661377,5.090000152587891,84200
303,2024-11-01,5.099999904632568,5.150000095367432,4.949999809265137,5.079999923706055,27800
304,2024-10-31,5.170000076293945,5.170000076293945,4.840000152587891,4.920000076293945,43300
305,2024-10-30,4.829999923706055,5.150000095367432,4.760000228881836,4.920000076293945,35500
306,2024-10-29,5.159999847412109,5.159999847412109,4.980000019073486,5.019999980926514,31000
307,2024-10-28,4.849999904632568,4.960000038146973,4.789999961853027,4.920000076293945,50100
308,2024-10-25,4.889999866485596,4.920000076293945,4.840000152587891,4.840000152587891,34000
309,2024-10-24,4.909999847412109,4.929999828338623,4.869999885559082,4.869999885559082,21300
310,2024-10-23,5.199999809265137,5.199999809265137,4.900000095367432,4.920000076293945,44000
311,2024-10-22,5.039999961853027,5.070000171661377,5.0,5.070000171661377,48400
312,2024-10-21,5.110000133514404,5.130000114440918,5.039999961853027,5.059999942779541,50700
313,2024-10-18,5.050000190734863,5.150000095367432,5.050000190734863,5.119999885559082,26900
314,2024-10-17,5.130000114440918,5.130000114440918,5.110000133514404,5.130000114440918,40400
315,2024-10-16,5.199999809265137,5.210000038146973,5.130000114440918,5.159999847412109,43000
316,2024-10-15,5.019999980926514,5.179999828338623,5.019999980926514,5.150000095367432,21300
317,2024-10-14,5.260000228881836,5.260000228881836,5.170000076293945,5.190000057220459,31000
318,2024-10-11,5.289999961853027,5.289999961853027,5.199999809265137,5.199999809265137,19500
319,2024-10-10,5.019999980926514,5.139999866485596,5.019999980926514,5.139999866485596,71600
320,2024-10-09,5.050000190734863,5.179999828338623,4.920000076293945,4.960000038146973,44300
321,2024-10-08,5.139999866485596,5.139999866485596,4.960000038146973,5.130000114440918,50100
322,2024-10-07,5.210000038146973,5.25,5.139999866485596,5.150000095367432,39100
323,2024-10-04,5.170000076293945,5.210000038146973,5.0,5.210000038146973,36600
324,2024-10-03,5.489999771118164,5.489999771118164,5.070000171661377,5.210000038146973,37700
325,2024-10-02,5.349999904632568,5.389999866485596,5.170000076293945,5.340000152587891,44000
326,2024-10-01,5.239999771118164,5.440000057220459,5.239999771118164,5.409999847412109,63100
327,2024-09-30,5.449999809265137,5.489999771118164,5.360000133514404,5.480000019073486,45500
328,2024-09-27,5.53000020980835,5.53000020980835,5.349999904632568,5.360000133514404,29800
329,2024-09-26,5.25,5.309999942779541,5.150000095367432,5.309999942779541,53200
330,2024-09-25,5.050000190734863,5.239999771118164,5.050000190734863,5.170000076293945,45200
331,2024-09-24,4.960000038146973,5.039999961853027,4.800000190734863,5.019999980926514,36000
332,2024-09-23,4.699999809265137,4.78000020980835,4.699999809265137,4.78000020980835,55300
333,2024-09-20,4.75,4.75,4.650000095367432,4.699999809265137,32100
334,2024-09-19,4.78000020980835,4.789999961853027,4.739999771118164,4.760000228881836,46300
335,2024-09-18,4.590000152587891,4.599999904632568,4.519999980926514,4.519999980926514,25500
336,2024-09-17,4.579999923706055,4.590000152587891,4.5,4.5,62700
337,2024-09-16,4.679999828338623,4.679999828338623,4.550000190734863,4.579999923706055,37800
338,2024-09-13,4.599999904632568,4.739999771118164,4.550000190734863,4.619999885559082,48800
339,2024-09-12,4.460000038146973,4.670000076293945,4.460000038146973,4.670000076293945,75600
340,2024-09-11,4.699999809265137,4.75,4.510000228881836,4.590000152587891,49100
341,2024-09-10,4.699999809265137,4.75,4.510000228881836,4.659999847412109,80700
342,2024-09-09,4.5,4.690000057220459,4.5,4.679999828338623,62100
343,2024-09-06,4.400000095367432,4.519999980926514,4.380000114440918,4.420000076293945,25500
344,2024-09-05,4.460000038146973,4.710000038146973,4.440000057220459,4.5,48200
345,2024-09-04,4.400000095367432,4.53000020980835,4.400000095367432,4.480000019073486,27000
346,2024-09-03,4.71999979019165,4.809999942779541,4.480000019073486,4.5,38200
347,2024-08-30,4.96999979019165,4.96999979019165,4.619999885559082,4.659999847412109,80800
348,2024-08-29,4.619999885559082,4.760000228881836,4.619999885559082,4.71999979019165,109600
349,2024-08-28,4.599999904632568,4.639999866485596,4.579999923706055,4.610000133514404,59800
350,2024-08-27,4.980000019073486,4.980000019073486,4.25,4.550000190734863,37200
351,2024-08-26,4.590000152587891,4.619999885559082,4.590000152587891,4.599999904632568,18500
352,2024-08-23,4.639999866485596,4.639999866485596,4.5,4.590000152587891,19800
353,2024-08-22,4.650000095367432,4.71999979019165,4.539999961853027,4.570000171661377,159400
354,2024-08-21,4.420000076293945,4.570000171661377,4.420000076293945,4.570000171661377,158400
355,2024-08-20,4.369999885559082,4.369999885559082,4.179999828338623,4.199999809265137,32600
356,2024-08-19,4.050000190734863,4.199999809265137,4.050000190734863,4.190000057220459,64100
357,2024-08-16,3.990000009536743,4.090000152587891,3.990000009536743,4.090000152587891,19600
358,2024-08-15,3.930000066757202,4.090000152587891,3.930000066757202,4.090000152587891,62700
359,2024-08-14,3.930000066757202,4.03000020980835,3.930000066757202,4.03000020980835,34400
360,2024-08-13,3.940000057220459,4.03000020980835,3.9200000762939453,4.03000020980835,98500
361,2024-08-12,3.950000047683716,4.0,3.859999895095825,3.950000047683716,71000
362,2024-08-09,3.950000047683716,3.950000047683716,3.869999885559082,3.9100000858306885,34100
363,2024-08-08,3.7300000190734863,3.9000000953674316,3.7300000190734863,3.9000000953674316,143400
364,2024-08-07,3.759999990463257,3.9000000953674316,3.759999990463257,3.799999952316284,32800
365,2024-08-06,3.7200000286102295,3.7799999713897705,3.690000057220459,3.7699999809265137,83700
366,2024-08-05,3.8299999237060547,3.8499999046325684,3.6600000858306885,3.759999990463257,65600
367,2024-08-02,3.859999895095825,3.950000047683716,3.8299999237060547,3.8499999046325684,35800
368,2024-08-01,3.940000057220459,4.03000020980835,3.9200000762939453,3.940000057220459,83000
369,2024-07-31,4.0,4.079999923706055,4.0,4.039999961853027,97000
370,2024-07-30,3.9000000953674316,3.990000009536743,3.9000000953674316,3.940000057220459,17300
371,2024-07-29,3.9100000858306885,4.0,3.9100000858306885,3.940000057220459,53400
372,2024-07-26,4.0,4.019999980926514,3.9800000190734863,3.990000009536743,41400
373,2024-07-25,3.859999895095825,4.010000228881836,3.859999895095825,3.9600000381469727,44300
374,2024-07-24,3.8399999141693115,3.950000047683716,3.8399999141693115,3.9100000858306885,26700
375,2024-07-23,4.079999923706055,4.079999923706055,3.9000000953674316,3.9000000953674316,65000
376,2024-07-22,3.869999885559082,4.019999980926514,3.869999885559082,4.0,32000
377,2024-07-19,4.019999980926514,4.050000190734863,3.990000009536743,4.010000228881836,27300
378,2024-07-18,4.119999885559082,4.139999866485596,4.090000152587891,4.099999904632568,28200
379,2024-07-17,4.199999809265137,4.210000038146973,4.079999923706055,4.130000114440918,51800
380,2024-07-16,4.210000038146973,4.210000038146973,4.199999809265137,4.210000038146973,57900
381,2024-07-15,4.230000019073486,4.400000095367432,4.150000095367432,4.230000019073486,36500
382,2024-07-12,4.300000190734863,4.360000133514404,4.230000019073486,4.320000171661377,48400
383,2024-07-11,4.170000076293945,4.320000171661377,4.170000076293945,4.300000190734863,33700
384,2024-07-10,4.210000038146973,4.230000019073486,4.199999809265137,4.21999979019165,21500
385,2024-07-09,4.21999979019165,4.320000171661377,4.21999979019165,4.260000228881836,10600
386,2024-07-08,4.349999904632568,4.400000095367432,4.25,4.289999961853027,24400
387,2024-07-05,4.25,4.510000228881836,4.25,4.380000114440918,35600
388,2024-07-03,4.099999904632568,4.300000190734863,4.099999904632568,4.269999980926514,67500
389,2024-07-02,4.150000095367432,4.150000095367432,4.019999980926514,4.050000190734863,79900
390,2024-07-01,4.0,4.110000133514404,4.0,4.059999942779541,102400
391,2024-06-28,3.859999895095825,3.950000047683716,3.799999952316284,3.9000000953674316,30100
392,2024-06-27,4.0,4.0,3.930000066757202,3.930000066757202,29500
393,2024-06-26,3.950000047683716,3.9800000190734863,3.9000000953674316,3.9000000953674316,30800
394,2024-06-25,3.9700000286102295,4.0,3.9700000286102295,3.990000009536743,35800
395,2024-06-24,4.0,4.019999980926514,3.9700000286102295,4.010000228881836,62700
396,2024-06-21,3.990000009536743,3.990000009536743,3.9700000286102295,3.990000009536743,40800
397,2024-06-20,3.950000047683716,4.019999980926514,3.950000047683716,4.0,55700
398,2024-06-18,3.950000047683716,3.990000009536743,3.950000047683716,3.990000009536743,69200
399,2024-06-17,3.9100000858306885,4.03000020980835,3.9100000858306885,4.010000228881836,53300
400,2024-06-14,3.9100000858306885,4.039999961853027,3.9100000858306885,4.010000228881836,72400
401,2024-06-13,4.170000076293945,4.170000076293945,4.03000020980835,4.090000152587891,97900
402,2024-06-12,4.21999979019165,4.400000095367432,4.21999979019165,4.389999866485596,28800
403,2024-06-11,4.380000114440918,4.380000114440918,4.25,4.289999961853027,91400
404,2024-06-10,4.349999904632568,4.349999904632568,4.21999979019165,4.349999904632568,49400
405,2024-06-07,4.389999866485596,4.389999866485596,4.309999942779541,4.309999942779541,27300
406,2024-06-06,4.239999771118164,4.409999847412109,4.239999771118164,4.400000095367432,15900
407,2024-06-05,4.400000095367432,4.480000019073486,4.400000095367432,4.420000076293945,40900
408,2024-06-04,4.349999904632568,4.449999809265137,4.349999904632568,4.400000095367432,72800
409,2024-06-03,4.349999904632568,4.480000019073486,4.349999904632568,4.440000057220459,52600
410,2024-05-31,4.269999980926514,4.429999828338623,4.269999980926514,4.400000095367432,37600
411,2024-05-30,4.360000133514404,4.429999828338623,4.360000133514404,4.420000076293945,16600
412,2024-05-29,4.550000190734863,4.550000190734863,4.360000133514404,4.380000114440918,58400
413,2024-05-28,4.5,4.5,4.389999866485596,4.400000095367432,87200
414,2024-05-24,4.579999923706055,4.579999923706055,4.420000076293945,4.429999828338623,32400
415,2024-05-23,4.670000076293945,4.670000076293945,4.489999771118164,4.489999771118164,62100
416,2024-05-22,4.53000020980835,4.690000057220459,4.53000020980835,4.579999923706055,79400
417,2024-05-21,4.769999980926514,4.769999980926514,4.679999828338623,4.699999809265137,27200
418,2024-05-20,4.670000076293945,4.71999979019165,4.670000076293945,4.699999809265137,39800
419,2024-05-17,4.690000057220459,4.690000057220459,4.619999885559082,4.670000076293945,29500
420,2024-05-16,4.690000057220459,4.690000057220459,4.550000190734863,4.639999866485596,38900
421,2024-05-15,4.550000190734863,4.599999904632568,4.550000190734863,4.590000152587891,84800
422,2024-05-14,4.650000095367432,4.650000095367432,4.53000020980835,4.550000190734863,135800
423,2024-05-13,4.480000019073486,4.599999904632568,4.480000019073486,4.579999923706055,33700
424,2024-05-10,4.360000133514404,4.550000190734863,4.360000133514404,4.510000228881836,97100
425,2024-05-09,4.210000038146973,4.480000019073486,4.210000038146973,4.449999809265137,426300
426,2024-05-08,4.449999809265137,4.449999809265137,4.320000171661377,4.340000152587891,24000
427,2024-05-07,4.320000171661377,4.409999847412109,4.320000171661377,4.369999885559082,41600
428,2024-05-06,4.480000019073486,4.480000019073486,4.139999866485596,4.320000171661377,36000
429,2024-05-03,4.260000228881836,4.349999904632568,4.260000228881836,4.340000152587891,51700
430,2024-05-02,4.210000038146973,4.25,4.159999847412109,4.179999828338623,78900
431,2024-05-01,4.369999885559082,4.369999885559082,4.150000095367432,4.25,52600
432,2024-04-30,4.139999866485596,4.239999771118164,4.139999866485596,4.170000076293945,48500
433,2024-04-29,4.150000095367432,4.230000019073486,4.099999904632568,4.199999809265137,95400
434,2024-04-26,3.9700000286102295,4.059999942779541,3.9700000286102295,4.03000020980835,70600
435,2024-04-25,4.0,4.059999942779541,3.9800000190734863,4.019999980926514,78100
436,2024-04-24,4.079999923706055,4.099999904632568,4.019999980926514,4.070000171661377,40400
437,2024-04-23,4.25,4.25,3.9700000286102295,4.139999866485596,47800
438,2024-04-22,4.110000133514404,4.239999771118164,4.110000133514404,4.150000095367432,63800
439,2024-04-19,4.21999979019165,4.21999979019165,3.950000047683716,4.119999885559082,59000
440,2024-04-18,4.230000019073486,4.25,4.150000095367432,4.199999809265137,180100
441,2024-04-17,4.050000190734863,4.170000076293945,4.050000190734863,4.170000076293945,197900
442,2024-04-16,3.819999933242798,4.0,3.819999933242798,3.8499999046325684,214000
443,2024-04-15,3.8499999046325684,4.050000190734863,3.8499999046325684,3.859999895095825,32900
444,2024-04-12,4.0,4.0,3.869999885559082,3.890000104904175,36300
445,2024-04-11,3.819999933242798,3.9000000953674316,3.819999933242798,3.880000114440918,44400
446,2024-04-10,3.9600000381469727,3.9800000190734863,3.7899999618530273,3.809999942779541,61200
447,2024-04-09,3.799999952316284,3.9800000190734863,3.799999952316284,3.9800000190734863,223200
448,2024-04-08,3.7300000190734863,3.799999952316284,3.6700000762939453,3.7899999618530273,199400
449,2024-04-05,3.7300000190734863,3.7300000190734863,3.6600000858306885,3.6600000858306885,283800
450,2024-04-04,3.7699999809265137,3.799999952316284,3.7100000381469727,3.7300000190734863,158500
451,2024-04-03,3.680000066757202,3.700000047683716,3.5999999046325684,3.6600000858306885,34100
452,2024-04-02,3.609999895095825,3.700000047683716,3.609999895095825,3.6700000762939453,94200
453,2024-04-01,3.5799999237060547,3.700000047683716,3.5799999237060547,3.609999895095825,144500
454,2024-03-28,3.5799999237060547,3.6500000953674316,3.559999942779541,3.6500000953674316,157600
455,2024-03-27,3.5999999046325684,3.6500000953674316,3.549999952316284,3.5999999046325684,177800
456,2024-03-26,3.6500000953674316,3.740000009536743,3.609999895095825,3.609999895095825,73300
457,2024-03-25,3.7799999713897705,3.8499999046325684,3.6500000953674316,3.700000047683716,109600
458,2024-03-22,3.7200000286102295,3.759999990463257,3.7200000286102295,3.7200000286102295,88800
459,2024-03-21,3.8299999237060547,3.8299999237060547,3.75,3.7799999713897705,62600
460,2024-03-20,3.630000114440918,3.8299999237060547,3.630000114440918,3.8299999237060547,101100
461,2024-03-19,3.7799999713897705,3.7799999713897705,3.6600000858306885,3.680000066757202,76900
462,2024-03-18,3.7300000190734863,3.75,3.700000047683716,3.700000047683716,114500
463,2024-03-15,3.700000047683716,3.75,3.700000047683716,3.740000009536743,83000
464,2024-03-14,3.9000000953674316,3.9700000286102295,3.7300000190734863,3.75,79900
465,2024-03-13,3.869999885559082,3.869999885559082,3.7799999713897705,3.799999952316284,63600
466,2024-03-12,3.75,3.9000000953674316,3.75,3.799999952316284,21400
467,2024-03-11,3.75,3.950000047683716,3.75,3.819999933242798,128400
468,2024-03-08,3.8499999046325684,3.9700000286102295,3.8499999046325684,3.9000000953674316,68300
469,2024-03-07,3.9000000953674316,4.010000228881836,3.9000000953674316,3.990000009536743,118400
470,2024-03-06,3.9000000953674316,3.9000000953674316,3.759999990463257,3.8299999237060547,163400
471,2024-03-05,3.990000009536743,3.990000009536743,3.7799999713897705,3.7799999713897705,198700
472,2024-03-04,4.0,4.019999980926514,3.950000047683716,4.010000228881836,136300
473,2024-03-01,3.8299999237060547,3.990000009536743,3.8299999237060547,3.950000047683716,123300
474,2024-02-29,3.75,3.799999952316284,3.7200000286102295,3.7699999809265137,71400
475,2024-02-28,3.740000009536743,3.8499999046325684,3.740000009536743,3.8299999237060547,68800
476,2024-02-27,3.75,3.75,3.680000066757202,3.7200000286102295,144700
477,2024-02-26,3.7100000381469727,3.9000000953674316,3.7100000381469727,3.799999952316284,150900
478,2024-02-23,3.9800000190734863,3.9800000190734863,3.75,3.8399999141693115,66100
479,2024-02-22,3.950000047683716,3.950000047683716,3.869999885559082,3.9000000953674316,171100
480,2024-02-21,3.7799999713897705,3.9000000953674316,3.7799999713897705,3.8499999046325684,75200
481,2024-02-20,3.9000000953674316,3.9000000953674316,3.7200000286102295,3.7300000190734863,144900
482,2024-02-16,3.799999952316284,3.9000000953674316,3.799999952316284,3.8499999046325684,88100
483,2024-02-15,3.8399999141693115,3.8399999141693115,3.700000047683716,3.759999990463257,52700
484,2024-02-14,3.6500000953674316,3.7300000190734863,3.6500000953674316,3.7200000286102295,159300
485,2024-02-13,3.759999990463257,3.799999952316284,3.609999895095825,3.640000104904175,111000
486,2024-02-12,3.8299999237060547,3.8399999141693115,3.75,3.799999952316284,310200
487,2024-02-09,3.859999895095825,3.859999895095825,3.7699999809265137,3.8299999237060547,263900
488,2024-02-08,3.9000000953674316,3.9100000858306885,3.799999952316284,3.8299999237060547,102800
489,2024-02-07,3.8499999046325684,3.9200000762939453,3.8399999141693115,3.9200000762939453,88800
490,2024-02-06,3.759999990463257,3.809999942779541,3.75,3.799999952316284,179400
491,2024-02-05,3.690000057220459,3.690000057220459,3.609999895095825,3.6500000953674316,161000
492,2024-02-02,3.75,3.7799999713897705,3.7200000286102295,3.7699999809265137,181000
493,2024-02-01,3.6700000762939453,3.7200000286102295,3.630000114440918,3.7100000381469727,91800
494,2024-01-31,3.819999933242798,3.8399999141693115,3.7799999713897705,3.7799999713897705,64700
495,2024-01-30,3.9000000953674316,3.9000000953674316,3.799999952316284,3.8299999237060547,52700
496,2024-01-29,3.9000000953674316,3.940000057220459,3.8399999141693115,3.869999885559082,121300
497,2024-01-26,3.990000009536743,4.070000171661377,3.950000047683716,3.950000047683716,75000
498,2024-01-25,3.990000009536743,3.990000009536743,3.930000066757202,3.9600000381469727,72100
499,2024-01-24,4.079999923706055,4.079999923706055,3.930000066757202,3.950000047683716,90700
500,2024-01-23,3.859999895095825,3.859999895095825,3.759999990463257,3.7699999809265137,111500
501,2024-01-22,3.8499999046325684,3.9000000953674316,3.799999952316284,3.809999942779541,146300
502,2024-01-19,3.890000104904175,3.9800000190734863,3.8499999046325684,3.890000104904175,82500
503,2024-01-18,3.9100000858306885,3.950000047683716,3.9100000858306885,3.950000047683716,136500
504,2024-01-17,3.859999895095825,4.010000228881836,3.859999895095825,3.9000000953674316,118200
505,2024-01-16,4.059999942779541,4.119999885559082,4.010000228881836,4.019999980926514,64200
506,2024-01-12,4.21999979019165,4.309999942779541,4.21999979019165,4.21999979019165,86900
507,2024-01-11,4.110000133514404,4.230000019073486,4.110000133514404,4.21999979019165,50300
508,2024-01-10,4.139999866485596,4.210000038146973,4.139999866485596,4.159999847412109,62000
509,2024-01-09,4.400000095367432,4.559999942779541,4.320000171661377,4.349999904632568,62600
510,2024-01-08,4.409999847412109,4.489999771118164,4.389999866485596,4.429999828338623,32100
511,2024-01-05,4.369999885559082,4.519999980926514,4.369999885559082,4.489999771118164,52700
512,2024-01-04,4.599999904632568,4.599999904632568,4.389999866485596,4.480000019073486,103200
513,2024-01-03,4.739999771118164,4.739999771118164,4.570000171661377,4.610000133514404,49900
514,2024-01-02,4.840000152587891,4.840000152587891,4.75,4.760000228881836,36600
515,2023-12-29,4.800000190734863,4.880000114440918,4.800000190734863,4.829999923706055,55200
516,2023-12-28,5.0,5.0,4.829999923706055,4.849999904632568,106500
517,2023-12-27,4.769999980926514,5.0,4.71999979019165,4.869999885559082,59300
518,2023-12-26,4.650000095367432,4.880000114440918,4.53000020980835,4.760000228881836,90200
519,2023-12-22,4.699999809265137,4.800000190734863,4.559999942779541,4.710000038146973,124200
520,2023-12-21,4.409999847412109,4.679999828338623,4.409999847412109,4.610000133514404,150200
521,2023-12-20,4.510000228881836,4.650000095367432,4.510000228881836,4.570000171661377,47300
522,2023-12-19,4.360000133514404,4.550000190734863,4.360000133514404,4.539999961853027,36300
523,2023-12-18,4.400000095367432,4.449999809265137,4.369999885559082,4.409999847412109,59800
524,2023-12-15,4.320000171661377,4.400000095367432,4.320000171661377,4.329999923706055,64900
525,2023-12-14,4.300000190734863,4.300000190734863,4.119999885559082,4.230000019073486,163900
526,2023-12-13,3.9200000762939453,4.019999980926514,3.9100000858306885,4.0,163100
527,2023-12-12,3.819999933242798,4.070000171661377,3.819999933242798,3.9000000953674316,115000
528,2023-12-11,4.119999885559082,4.159999847412109,4.070000171661377,4.070000171661377,190800
529,2023-12-08,4.25,4.25,4.059999942779541,4.139999866485596,69500
530,2023-12-07,4.150000095367432,4.190000057220459,4.130000114440918,4.159999847412109,120500
531,2023-12-06,4.099999904632568,4.389999866485596,4.099999904632568,4.119999885559082,63600
532,2023-12-05,4.230000019073486,4.230000019073486,4.010000228881836,4.050000190734863,113300
533,2023-12-04,4.179999828338623,4.25,4.150000095367432,4.190000057220459,255700
534,2023-12-01,4.25,4.25,4.150000095367432,4.21999979019165,54300
535,2023-11-30,4.409999847412109,4.409999847412109,4.25,4.28000020980835,85900
536,2023-11-29,4.559999942779541,4.559999942779541,4.25,4.300000190734863,173600
537,2023-11-28,4.25,4.360000133514404,4.25,4.360000133514404,53300
538,2023-11-27,4.309999942779541,4.46999979019165,4.130000114440918,4.260000228881836,47900
539,2023-11-24,4.179999828338623,4.429999828338623,4.179999828338623,4.320000171661377,57300
540,2023-11-22,4.400000095367432,4.400000095367432,4.360000133514404,4.380000114440918,65700
541,2023-11-21,4.449999809265137,4.46999979019165,4.429999828338623,4.429999828338623,71900
542,2023-11-20,4.25,4.409999847412109,4.25,4.400000095367432,95200
543,2023-11-17,4.300000190734863,4.5,4.300000190734863,4.369999885559082,76500
544,2023-11-16,4.409999847412109,4.440000057220459,4.380000114440918,4.400000095367432,100000
545,2023-11-15,4.599999904632568,4.599999904632568,4.429999828338623,4.559999942779541,40700
546,2023-11-14,4.400000095367432,4.599999904632568,4.380000114440918,4.579999923706055,93100
547,2023-11-13,4.46999979019165,4.46999979019165,4.360000133514404,4.389999866485596,112700
548,2023-11-10,4.429999828338623,4.46999979019165,4.400000095367432,4.46999979019165,74200
549,2023-11-09,4.449999809265137,4.510000228881836,4.389999866485596,4.429999828338623,110800
550,2023-11-08,4.480000019073486,4.519999980926514,4.46999979019165,4.46999979019165,45400
551,2023-11-07,4.46999979019165,4.5,4.46999979019165,4.480000019073486,61500
552,2023-11-06,4.369999885559082,4.539999961853027,4.369999885559082,4.46999979019165,39100
553,2023-11-03,4.510000228881836,4.659999847412109,4.46999979019165,4.659999847412109,65000
554,2023-11-02,4.769999980926514,4.769999980926514,4.409999847412109,4.599999904632568,68800
555,2023-11-01,4.320000171661377,4.510000228881836,4.320000171661377,4.510000228881836,54700
556,2023-10-31,4.309999942779541,4.5,4.309999942779541,4.449999809265137,45300
557,2023-10-30,4.449999809265137,4.5,4.349999904632568,4.46999979019165,68900
558,2023-10-27,4.380000114440918,4.480000019073486,4.380000114440918,4.409999847412109,59400
559,2023-10-26,4.309999942779541,4.489999771118164,4.309999942779541,4.429999828338623,76300
560,2023-10-25,4.360000133514404,4.46999979019165,4.360000133514404,4.420000076293945,134400
561,2023-10-24,4.199999809265137,4.300000190734863,4.199999809265137,4.28000020980835,86900
562,2023-10-23,3.890000104904175,3.890000104904175,3.75,3.7699999809265137,139700
563,2023-10-20,3.9600000381469727,3.9600000381469727,3.859999895095825,3.890000104904175,99500
564,2023-10-19,3.880000114440918,4.039999961853027,3.880000114440918,3.9800000190734863,182000
565,2023-10-18,4.21999979019165,4.21999979019165,4.070000171661377,4.070000171661377,114600
566,2023-10-17,4.190000057220459,4.239999771118164,4.190000057220459,4.21999979019165,164900
567,2023-10-16,4.150000095367432,4.28000020980835,4.150000095367432,4.230000019073486,146500
568,2023-10-13,4.309999942779541,4.309999942779541,4.210000038146973,4.210000038146973,137000
569,2023-10-12,4.150000095367432,4.269999980926514,4.150000095367432,4.239999771118164,196500
570,2023-10-11,4.289999961853027,4.289999961853027,4.21999979019165,4.239999771118164,89100
571,2023-10-10,4.059999942779541,4.239999771118164,4.059999942779541,4.199999809265137,115400
572,2023-10-09,4.130000114440918,4.130000114440918,4.03000020980835,4.070000171661377,256900
573,2023-10-06,4.239999771118164,4.239999771118164,4.0,4.130000114440918,181300
574,2023-10-05,4.090000152587891,4.130000114440918,4.070000171661377,4.119999885559082,102200
575,2023-10-04,4.019999980926514,4.090000152587891,4.010000228881836,4.090000152587891,175100
576,2023-10-03,4.199999809265137,4.199999809265137,4.019999980926514,4.019999980926514,175100
577,2023-10-02,4.179999828338623,4.300000190734863,4.170000076293945,4.190000057220459,192100
578,2023-09-29,4.239999771118164,4.369999885559082,4.239999771118164,4.28000020980835,136200
579,2023-09-28,4.21999979019165,4.369999885559082,4.21999979019165,4.349999904632568,149800
580,2023-09-27,4.150000095367432,4.239999771118164,4.150000095367432,4.210000038146973,56800
581,2023-09-26,4.260000228881836,4.260000228881836,4.199999809265137,4.21999979019165,52800
582,2023-09-25,4.289999961853027,4.300000190734863,4.21999979019165,4.260000228881836,62700
583,2023-09-22,4.340000152587891,4.429999828338623,4.25,4.340000152587891,62900
584,2023-09-21,4.400000095367432,4.449999809265137,4.21999979019165,4.21999979019165,116300
585,2023-09-20,4.710000038146973,4.710000038146973,4.429999828338623,4.489999771118164,54900
586,2023-09-19,4.599999904632568,4.599999904632568,4.539999961853027,4.570000171661377,73800
587,2023-09-18,4.590000152587891,4.690000057220459,4.53000020980835,4.610000133514404,94400
588,2023-09-15,4.769999980926514,4.769999980926514,4.690000057220459,4.699999809265137,32600
589,2023-09-14,4.75,4.769999980926514,4.610000133514404,4.760000228881836,49600
590,2023-09-13,4.480000019073486,4.619999885559082,4.480000019073486,4.579999923706055,76700
591,2023-09-12,4.679999828338623,4.679999828338623,4.610000133514404,4.610000133514404,74300
592,2023-09-11,4.539999961853027,4.730000019073486,4.539999961853027,4.650000095367432,118400
593,2023-09-08,4.510000228881836,4.510000228881836,4.46999979019165,4.46999979019165,79000
594,2023-09-07,4.75,4.75,4.539999961853027,4.550000190734863,55000
595,2023-09-06,4.650000095367432,4.679999828338623,4.539999961853027,4.570000171661377,57800
596,2023-09-05,4.519999980926514,4.880000114440918,4.519999980926514,4.659999847412109,97900
597,2023-09-01,4.71999979019165,4.71999979019165,4.639999866485596,4.659999847412109,53500
598,2023-08-31,4.710000038146973,4.710000038146973,4.559999942779541,4.579999923706055,21500
599,2023-08-30,4.650000095367432,4.71999979019165,4.550000190734863,4.670000076293945,75300
600,2023-08-29,4.489999771118164,4.650000095367432,4.46999979019165,4.650000095367432,84000
601,2023-08-28,4.53000020980835,4.619999885559082,4.429999828338623,4.460000038146973,75100
602,2023-08-25,4.380000114440918,4.480000019073486,4.380000114440918,4.440000057220459,30600
603,2023-08-24,4.519999980926514,4.599999904632568,4.420000076293945,4.420000076293945,72400
604,2023-08-23,4.369999885559082,4.650000095367432,4.369999885559082,4.579999923706055,98400
605,2023-08-22,4.489999771118164,4.570000171661377,4.489999771118164,4.519999980926514,57000
606,2023-08-21,4.349999904632568,4.480000019073486,4.349999904632568,4.429999828338623,141200
607,2023-08-18,4.190000057220459,4.340000152587891,4.190000057220459,4.329999923706055,73600
608,2023-08-17,4.329999923706055,4.329999923706055,4.25,4.260000228881836,144500
609,2023-08-16,4.420000076293945,4.420000076293945,4.340000152587891,4.340000152587891,79300
610,2023-08-15,4.630000114440918,4.639999866485596,4.409999847412109,4.409999847412109,46700
611,2023-08-14,4.460000038146973,4.659999847412109,4.449999809265137,4.46999979019165,129400
612,2023-08-11,4.5,4.599999904632568,4.46999979019165,4.5,54800
613,2023-08-10,4.480000019073486,4.650000095367432,4.480000019073486,4.550000190734863,93500
614,2023-08-09,4.710000038146973,4.710000038146973,4.449999809265137,4.46999979019165,51300
615,2023-08-08,4.5,4.650000095367432,4.449999809265137,4.5,119300
616,2023-08-07,4.510000228881836,4.590000152587891,4.400000095367432,4.5,112600
617,2023-08-04,4.349999904632568,4.420000076293945,4.340000152587891,4.349999904632568,51100
618,2023-08-03,4.559999942779541,4.559999942779541,4.329999923706055,4.369999885559082,50800
619,2023-08-02,4.5,4.5,4.409999847412109,4.420000076293945,37400
620,2023-08-01,4.75,4.760000228881836,4.409999847412109,4.510000228881836,58600
621,2023-07-31,4.369999885559082,4.53000020980835,4.369999885559082,4.5,63400
622,2023-07-28,4.309999942779541,4.360000133514404,4.309999942779541,4.329999923706055,59600
623,2023-07-27,4.300000190734863,4.46999979019165,4.300000190734863,4.340000152587891,94800
624,2023-07-26,4.460000038146973,4.519999980926514,4.460000038146973,4.5,55000
625,2023-07-25,4.380000114440918,4.670000076293945,4.380000114440918,4.550000190734863,52000
626,2023-07-24,4.5,4.639999866485596,4.360000133514404,4.449999809265137,82200
627,2023-07-21,4.550000190734863,4.590000152587891,4.5,4.510000228881836,61700
628,2023-07-20,4.610000133514404,4.639999866485596,4.590000152587891,4.590000152587891,72300
629,2023-07-19,4.659999847412109,4.659999847412109,4.559999942779541,4.590000152587891,41800
630,2023-07-18,4.579999923706055,4.75,4.579999923706055,4.650000095367432,68200
631,2023-07-17,4.630000114440918,4.800000190734863,4.619999885559082,4.699999809265137,55100
632,2023-07-14,4.900000095367432,4.900000095367432,4.820000171661377,4.860000133514404,26500
633,2023-07-13,5.019999980926514,5.03000020980835,4.800000190734863,4.889999866485596,41200
634,2023-07-12,4.900000095367432,4.900000095367432,4.789999961853027,4.809999942779541,53000
635,2023-07-11,4.710000038146973,4.739999771118164,4.610000133514404,4.739999771118164,110000
636,2023-07-10,4.809999942779541,4.820000171661377,4.559999942779541,4.739999771118164,91800
637,2023-07-07,4.610000133514404,4.809999942779541,4.610000133514404,4.78000020980835,58900
638,2023-07-06,4.78000020980835,4.820000171661377,4.670000076293945,4.690000057220459,110300
639,2023-07-05,4.760000228881836,5.059999942779541,4.760000228881836,4.889999866485596,222300
640,2023-07-03,4.590000152587891,4.630000114440918,4.590000152587891,4.599999904632568,46900
641,2023-06-30,4.480000019073486,4.570000171661377,4.480000019073486,4.559999942779541,59400
642,2023-06-29,4.510000228881836,4.519999980926514,4.46999979019165,4.480000019073486,44400
643,2023-06-28,4.610000133514404,4.659999847412109,4.539999961853027,4.559999942779541,38800
644,2023-06-27,4.630000114440918,4.730000019073486,4.630000114440918,4.730000019073486,29800
645,2023-06-26,4.769999980926514,4.769999980926514,4.610000133514404,4.650000095367432,127400
646,2023-06-23,4.820000171661377,4.849999904632568,4.739999771118164,4.760000228881836,57500
647,2023-06-22,4.800000190734863,4.849999904632568,4.75,4.829999923706055,117200
648,2023-06-21,4.880000114440918,5.0,4.880000114440918,4.989999771118164,38400
649,2023-06-20,4.960000038146973,4.980000019073486,4.889999866485596,4.889999866485596,111100
650,2023-06-16,4.960000038146973,5.070000171661377,4.940000057220459,5.019999980926514,132000
651,2023-06-15,4.929999828338623,4.929999828338623,4.849999904632568,4.909999847412109,116600
652,2023-06-14,5.25,5.320000171661377,5.139999866485596,5.170000076293945,80000
653,2023-06-13,5.210000038146973,5.320000171661377,5.210000038146973,5.289999961853027,74400
654,2023-06-12,5.300000190734863,5.300000190734863,5.150000095367432,5.21999979019165,61900
655,2023-06-09,5.050000190734863,5.199999809265137,5.050000190734863,5.170000076293945,117900
656,2023-06-08,5.25,5.25,5.179999828338623,5.21999979019165,43700
657,2023-06-07,5.25,5.25,5.159999847412109,5.179999828338623,33800
658,2023-06-06,5.159999847412109,5.21999979019165,5.119999885559082,5.21999979019165,85200
659,2023-06-05,5.050000190734863,5.190000057220459,5.050000190734863,5.159999847412109,85200
660,2023-06-02,4.940000057220459,5.179999828338623,4.940000057220459,5.130000114440918,123400
661,2023-06-01,4.739999771118164,4.949999809265137,4.739999771118164,4.920000076293945,125900
662,2023-05-31,4.840000152587891,4.849999904632568,4.769999980926514,4.820000171661377,61600
663,2023-05-30,4.900000095367432,4.940000057220459,4.849999904632568,4.849999904632568,74400
664,2023-05-26,4.71999979019165,4.849999904632568,4.71999979019165,4.849999904632568,104100
665,2023-05-25,4.78000020980835,4.809999942779541,4.730000019073486,4.760000228881836,56000
666,2023-05-24,4.889999866485596,5.0,4.789999961853027,4.789999961853027,98100
667,2023-05-23,4.96999979019165,4.96999979019165,4.769999980926514,4.769999980926514,106700
668,2023-05-22,4.730000019073486,4.980000019073486,4.730000019073486,4.829999923706055,36600
669,2023-05-19,4.900000095367432,4.909999847412109,4.829999923706055,4.860000133514404,109700
670,2023-05-18,4.880000114440918,4.909999847412109,4.880000114440918,4.909999847412109,61800
671,2023-05-17,4.699999809265137,4.860000133514404,4.699999809265137,4.820000171661377,93100
672,2023-05-16,4.829999923706055,4.869999885559082,4.71999979019165,4.730000019073486,68900
673,2023-05-15,5.019999980926514,5.019999980926514,4.760000228881836,4.869999885559082,76200
674,2023-05-12,4.809999942779541,4.960000038146973,4.809999942779541,4.869999885559082,73600
675,2023-05-11,5.059999942779541,5.070000171661377,4.840000152587891,4.909999847412109,91600
676,2023-05-10,5.050000190734863,5.199999809265137,5.03000020980835,5.070000171661377,133500
677,2023-05-09,4.949999809265137,4.960000038146973,4.849999904632568,4.889999866485596,36600
678,2023-05-08,4.869999885559082,4.940000057220459,4.849999904632568,4.920000076293945,184500
679,2023-05-05,4.340000152587891,4.480000019073486,4.300000190734863,4.46999979019165,101800
680,2023-05-04,4.199999809265137,4.269999980926514,4.190000057220459,4.25,100900
681,2023-05-03,4.090000152587891,4.190000057220459,4.079999923706055,4.119999885559082,53400
682,2023-05-02,4.230000019073486,4.230000019073486,4.130000114440918,4.150000095367432,92400
683,2023-05-01,4.210000038146973,4.349999904632568,4.210000038146973,4.21999979019165,82700
684,2023-04-28,4.150000095367432,4.340000152587891,4.150000095367432,4.269999980926514,69400
685,2023-04-27,4.150000095367432,4.349999904632568,4.150000095367432,4.329999923706055,123000
686,2023-04-26,4.400000095367432,4.400000095367432,4.320000171661377,4.349999904632568,206400
687,2023-04-25,4.449999809265137,4.510000228881836,4.409999847412109,4.420000076293945,107900
688,2023-04-24,4.519999980926514,4.539999961853027,4.460000038146973,4.480000019073486,104400
689,2023-04-21,4.53000020980835,4.550000190734863,4.5,4.539999961853027,86500
690,2023-04-20,4.480000019073486,4.510000228881836,4.260000228881836,4.360000133514404,104300
691,2023-04-19,4.539999961853027,4.539999961853027,4.409999847412109,4.510000228881836,76900
692,2023-04-18,4.519999980926514,4.53000020980835,4.46999979019165,4.5,125500
693,2023-04-17,4.369999885559082,4.5,4.369999885559082,4.460000038146973,93000
694,2023-04-14,4.46999979019165,4.480000019073486,4.380000114440918,4.389999866485596,178300
695,2023-04-13,4.289999961853027,4.349999904632568,4.269999980926514,4.329999923706055,197500
696,2023-04-12,4.21999979019165,4.28000020980835,4.21999979019165,4.239999771118164,85100
697,2023-04-11,4.130000114440918,4.199999809265137,4.119999885559082,4.190000057220459,204600
698,2023-04-10,4.070000171661377,4.110000133514404,4.019999980926514,4.039999961853027,212900
699,2023-04-06,4.119999885559082,4.119999885559082,4.010000228881836,4.050000190734863,234300
700,2023-04-05,4.179999828338623,4.25,4.070000171661377,4.179999828338623,1008900
701,2023-04-04,4.46999979019165,4.46999979019165,4.300000190734863,4.369999885559082,231000
702,2023-04-03,4.400000095367432,4.46999979019165,4.400000095367432,4.449999809265137,232800
703,2023-03-31,4.349999904632568,4.349999904632568,4.230000019073486,4.239999771118164,83500
704,2023-03-30,4.269999980926514,4.309999942779541,4.150000095367432,4.239999771118164,181500
705,2023-03-29,4.349999904632568,4.349999904632568,4.300000190734863,4.320000171661377,139100
706,2023-03-28,4.25,4.429999828338623,4.25,4.340000152587891,216100
707,2023-03-27,4.190000057220459,4.230000019073486,4.119999885559082,4.21999979019165,230200
708,2023-03-24,4.099999904632568,4.199999809265137,4.099999904632568,4.190000057220459,164500
709,2023-03-23,4.28000020980835,4.28000020980835,4.130000114440918,4.150000095367432,127500
710,2023-03-22,4.28000020980835,4.360000133514404,4.269999980926514,4.269999980926514,78000
711,2023-03-21,4.25,4.320000171661377,4.25,4.28000020980835,134100
712,2023-03-20,4.25,4.25,4.110000133514404,4.239999771118164,130900
713,2023-03-17,4.369999885559082,4.369999885559082,4.300000190734863,4.329999923706055,260500
714,2023-03-16,4.300000190734863,4.300000190734863,4.099999904632568,4.289999961853027,1329500
715,2023-03-15,4.25,4.380000114440918,4.190000057220459,4.239999771118164,309800
716,2023-03-14,4.349999904632568,4.519999980926514,4.349999904632568,4.449999809265137,358100
717,2023-03-13,4.599999904632568,4.599999904632568,4.460000038146973,4.53000020980835,221000
718,2023-03-10,4.800000190734863,4.800000190734863,4.679999828338623,4.690000057220459,141000
719,2023-03-09,4.860000133514404,4.980000019073486,4.860000133514404,4.889999866485596,103500
720,2023-03-08,4.940000057220459,4.949999809265137,4.849999904632568,4.889999866485596,134300
721,2023-03-07,4.989999771118164,5.03000020980835,4.909999847412109,4.929999828338623,219200
722,2023-03-06,5.050000190734863,5.050000190734863,4.980000019073486,4.989999771118164,225800
723,2023-03-03,5.289999961853027,5.389999866485596,5.239999771118164,5.309999942779541,265300
724,2023-03-02,5.309999942779541,5.320000171661377,5.199999809265137,5.289999961853027,219200
725,2023-03-01,5.550000190734863,5.769999980926514,5.550000190734863,5.71999979019165,42000
726,2023-02-28,5.5,5.559999942779541,5.369999885559082,5.46999979019165,57500
727,2023-02-27,5.5,5.519999980926514,5.449999809265137,5.449999809265137,165600
728,2023-02-24,5.650000095367432,5.710000038146973,5.630000114440918,5.690000057220459,31000
729,2023-02-23,5.880000114440918,5.880000114440918,5.699999809265137,5.75,49200
730,2023-02-22,5.539999961853027,5.710000038146973,5.539999961853027,5.630000114440918,81000
731,2023-02-21,5.889999866485596,5.889999866485596,5.769999980926514,5.789999961853027,71900
732,2023-02-17,5.710000038146973,5.75,5.650000095367432,5.730000019073486,48500
733,2023-02-16,5.75,5.789999961853027,5.670000076293945,5.730000019073486,85200
734,2023-02-15,5.739999771118164,5.739999771118164,5.550000190734863,5.710000038146973,140200
735,2023-02-14,5.980000019073486,5.980000019073486,5.800000190734863,5.880000114440918,97000
736,2023-02-13,5.920000076293945,5.929999828338623,5.800000190734863,5.900000095367432,130300
737,2023-02-10,6.0,6.210000038146973,6.0,6.099999904632568,79900
738,2023-02-09,6.239999771118164,6.400000095367432,6.239999771118164,6.269999980926514,119600
739,2023-02-08,6.429999828338623,6.440000057220459,6.349999904632568,6.349999904632568,76700
740,2023-02-07,6.380000114440918,6.440000057220459,6.300000190734863,6.429999828338623,75900
741,2023-02-06,6.380000114440918,6.550000190734863,6.380000114440918,6.409999847412109,65500
742,2023-02-03,6.670000076293945,6.670000076293945,6.5,6.519999980926514,41000
743,2023-02-02,6.940000057220459,6.940000057220459,6.71999979019165,6.75,95200
744,2023-02-01,6.789999961853027,6.960000038146973,6.789999961853027,6.929999828338623,105100
745,2023-01-31,6.760000228881836,6.760000228881836,6.599999904632568,6.679999828338623,87800
746,2023-01-30,6.78000020980835,6.849999904632568,6.699999809265137,6.789999961853027,175300
747,2023-01-27,6.449999809265137,6.489999771118164,6.429999828338623,6.460000038146973,69600
748,2023-01-26,6.320000171661377,6.5,6.320000171661377,6.420000076293945,49000
749,2023-01-25,6.300000190734863,6.449999809265137,6.28000020980835,6.340000152587891,87800
750,2023-01-24,6.150000095367432,6.340000152587891,6.150000095367432,6.320000171661377,78200
751,2023-01-23,6.0,6.179999828338623,6.0,6.170000076293945,49300
752,2023-01-20,5.889999866485596,6.090000152587891,5.889999866485596,6.079999923706055,58400
753,2023-01-19,5.900000095367432,5.980000019073486,5.800000190734863,5.889999866485596,41000
754,2023-01-18,5.949999809265137,6.010000228881836,5.900000095367432,5.909999847412109,64400
755,2023-01-17,5.949999809265137,5.949999809265137,5.880000114440918,5.929999828338623,76200
756,2023-01-13,6.010000228881836,6.039999961853027,5.909999847412109,6.03000020980835,75900
757,2023-01-12,5.880000114440918,6.059999942779541,5.860000133514404,6.010000228881836,66600
758,2023-01-11,5.800000190734863,5.889999866485596,5.800000190734863,5.880000114440918,65000
759,2023-01-10,5.809999942779541,5.809999942779541,5.550000190734863,5.699999809265137,104300
760,2023-01-09,5.800000190734863,6.0,5.800000190734863,5.909999847412109,95300
761,2023-01-06,5.5,5.789999961853027,5.400000095367432,5.78000020980835,96900
762,2023-01-05,5.489999771118164,5.5,5.360000133514404,5.380000114440918,202800
763,2023-01-04,5.28000020980835,5.420000076293945,5.28000020980835,5.349999904632568,134900
764,2023-01-03,5.150000095367432,5.28000020980835,5.010000228881836,5.159999847412109,64000
765,2022-12-30,5.300000190734863,5.300000190734863,5.230000019073486,5.260000228881836,97200
766,2022-12-29,5.130000114440918,5.300000190734863,5.039999961853027,5.289999961853027,60300
767,2022-12-28,5.289999961853027,5.289999961853027,5.139999866485596,5.139999866485596,52100
768,2022-12-27,5.489999771118164,5.489999771118164,5.340000152587891,5.349999904632568,41300
769,2022-12-23,5.090000152587891,5.340000152587891,5.090000152587891,5.320000171661377,86700
770,2022-12-22,5.420000076293945,5.420000076293945,5.25,5.320000171661377,72800
771,2022-12-21,5.289999961853027,5.420000076293945,5.289999961853027,5.400000095367432,186700
772,2022-12-20,5.449999809265137,5.449999809265137,5.300000190734863,5.309999942779541,271600
773,2022-12-19,5.289999961853027,5.519999980926514,5.289999961853027,5.480000019073486,78500
774,2022-12-16,5.369999885559082,5.510000228881836,5.340000152587891,5.380000114440918,52300
775,2022-12-15,5.449999809265137,5.739999771118164,5.349999904632568,5.409999847412109,85400
776,2022-12-14,5.639999866485596,5.690000057220459,5.550000190734863,5.610000133514404,56400
777,2022-12-13,5.860000133514404,5.860000133514404,5.630000114440918,5.650000095367432,65600
778,2022-12-12,5.690000057220459,5.690000057220459,5.449999809265137,5.599999904632568,111800
779,2022-12-09,5.730000019073486,5.800000190734863,5.730000019073486,5.760000228881836,101900
780,2022-12-08,5.650000095367432,5.789999961853027,5.650000095367432,5.760000228881836,48700
781,2022-12-07,5.590000152587891,5.860000133514404,5.590000152587891,5.800000190734863,31100
782,2022-12-06,5.760000228881836,5.820000171661377,5.71999979019165,5.789999961853027,67400
783,2022-12-05,6.119999885559082,6.119999885559082,5.710000038146973,5.710000038146973,202300
784,2022-12-02,6.099999904632568,6.190000057220459,6.079999923706055,6.170000076293945,70900
785,2022-12-01,5.800000190734863,6.0,5.800000190734863,5.989999771118164,137000
786,2022-11-30,5.539999961853027,5.949999809265137,5.539999961853027,5.920000076293945,56900
787,2022-11-29,5.650000095367432,5.739999771118164,5.650000095367432,5.71999979019165,24100
788,2022-11-28,5.789999961853027,5.829999923706055,5.550000190734863,5.570000171661377,86600
789,2022-11-25,5.78000020980835,5.800000190734863,5.71999979019165,5.739999771118164,21800
790,2022-11-23,5.739999771118164,5.840000152587891,5.739999771118164,5.840000152587891,30000
791,2022-11-22,5.5,5.739999771118164,5.5,5.690000057220459,89700
792,2022-11-21,5.650000095367432,5.71999979019165,5.550000190734863,5.599999904632568,93800
793,2022-11-18,5.460000038146973,5.78000020980835,5.460000038146973,5.650000095367432,47500
794,2022-11-17,5.590000152587891,5.889999866485596,5.590000152587891,5.800000190734863,187000
795,2022-11-16,5.699999809265137,6.0,5.699999809265137,5.860000133514404,121300
796,2022-11-15,5.800000190734863,5.800000190734863,5.590000152587891,5.650000095367432,124900
797,2022-11-14,6.25,6.25,6.050000190734863,6.050000190734863,132300
798,2022-11-11,6.179999828338623,6.28000020980835,6.099999904632568,6.25,126000
799,2022-11-10,5.960000038146973,6.099999904632568,5.710000038146973,6.099999904632568,139600
800,2022-11-09,5.829999923706055,5.900000095367432,5.730000019073486,5.739999771118164,71000
801,2022-11-08,5.800000190734863,5.869999885559082,5.769999980926514,5.829999923706055,120800
802,2022-11-07,6.0,6.0,5.510000228881836,5.769999980926514,148300
803,2022-11-04,5.599999904632568,5.730000019073486,5.5,5.679999828338623,107600
804,2022-11-03,5.300000190734863,5.449999809265137,5.300000190734863,5.420000076293945,84700
805,2022-11-02,5.809999942779541,5.809999942779541,5.449999809265137,5.449999809265137,86900
806,2022-11-01,5.429999828338623,5.619999885559082,5.420000076293945,5.550000190734863,168100
807,2022-10-31,5.25,5.369999885559082,5.25,5.360000133514404,199800
808,2022-10-28,5.340000152587891,5.340000152587891,5.25,5.309999942779541,71500
809,2022-10-27,5.5,5.570000171661377,5.360000133514404,5.400000095367432,207600
810,2022-10-26,5.119999885559082,5.230000019073486,5.099999904632568,5.170000076293945,93900
811,2022-10-25,5.190000057220459,5.190000057220459,5.010000228881836,5.110000133514404,174200
812,2022-10-24,4.929999828338623,5.039999961853027,4.849999904632568,5.0,136200
813,2022-10-21,4.71999979019165,4.880000114440918,4.590000152587891,4.869999885559082,112000
814,2022-10-20,4.829999923706055,4.840000152587891,4.710000038146973,4.710000038146973,123000
815,2022-10-19,4.949999809265137,4.949999809265137,4.829999923706055,4.860000133514404,149800
816,2022-10-18,4.75,4.900000095367432,4.739999771118164,4.820000171661377,114800
817,2022-10-17,4.760000228881836,4.760000228881836,4.559999942779541,4.71999979019165,175800
818,2022-10-14,4.880000114440918,4.880000114440918,4.590000152587891,4.590000152587891,198800
819,2022-10-13,4.670000076293945,4.909999847412109,4.619999885559082,4.900000095367432,198600
820,2022-10-12,4.699999809265137,4.880000114440918,4.699999809265137,4.78000020980835,75200
821,2022-10-11,4.739999771118164,4.980000019073486,4.71999979019165,4.889999866485596,146600
822,2022-10-10,4.900000095367432,4.949999809265137,4.800000190734863,4.820000171661377,124300
823,2022-10-07,5.0,5.099999904632568,4.880000114440918,4.909999847412109,107600
824,2022-10-06,5.190000057220459,5.190000057220459,5.079999923706055,5.099999904632568,93100
825,2022-10-05,5.300000190734863,5.329999923706055,5.099999904632568,5.130000114440918,82100
826,2022-10-04,5.019999980926514,5.269999980926514,5.019999980926514,5.269999980926514,163600
827,2022-10-03,4.980000019073486,5.019999980926514,4.840000152587891,4.96999979019165,164400
828,2022-09-30,4.699999809265137,4.949999809265137,4.699999809265137,4.820000171661377,158000
829,2022-09-29,5.050000190734863,5.050000190734863,4.840000152587891,4.889999866485596,160400
830,2022-09-28,4.769999980926514,4.889999866485596,4.599999904632568,4.880000114440918,218100
831,2022-09-27,4.78000020980835,4.940000057220459,4.78000020980835,4.820000171661377,153000
832,2022-09-26,4.800000190734863,4.929999828338623,4.710000038146973,4.760000228881836,345900
833,2022-09-23,5.329999923706055,5.329999923706055,4.960000038146973,5.039999961853027,159300
834,2022-09-22,5.170000076293945,5.420000076293945,5.170000076293945,5.289999961853027,94200
835,2022-09-21,5.550000190734863,5.550000190734863,5.309999942779541,5.380000114440918,43200
836,2022-09-20,5.360000133514404,5.559999942779541,5.320000171661377,5.329999923706055,180200
837,2022-09-19,5.139999866485596,5.300000190734863,5.139999866485596,5.28000020980835,188600
838,2022-09-16,5.320000171661377,5.320000171661377,5.199999809265137,5.289999961853027,201300
839,2022-09-15,5.710000038146973,5.710000038146973,5.5,5.5,112200
840,2022-09-14,5.699999809265137,5.789999961853027,5.599999904632568,5.630000114440918,143100
841,2022-09-13,6.010000228881836,6.139999866485596,5.739999771118164,5.739999771118164,166700
842,2022-09-12,6.139999866485596,6.190000057220459,6.139999866485596,6.150000095367432,60000
843,2022-09-09,5.920000076293945,6.179999828338623,5.900000095367432,6.170000076293945,126400
844,2022-09-08,5.889999866485596,5.949999809265137,5.75,5.829999923706055,86900
845,2022-09-07,5.630000114440918,5.840000152587891,5.610000133514404,5.840000152587891,115200
846,2022-09-06,5.849999904632568,5.909999847412109,5.5,5.690000057220459,209900
847,2022-09-02,5.800000190734863,5.820000171661377,5.659999847412109,5.710000038146973,155800
848,2022-09-01,6.050000190734863,6.050000190734863,5.880000114440918,5.940000057220459,120600
849,2022-08-31,5.900000095367432,6.119999885559082,5.900000095367432,6.050000190734863,69900
850,2022-08-30,6.090000152587891,6.170000076293945,5.829999923706055,5.880000114440918,197400
851,2022-08-29,6.190000057220459,6.190000057220459,6.0,6.170000076293945,119600
852,2022-08-26,6.590000152587891,6.590000152587891,6.130000114440918,6.139999866485596,163900
853,2022-08-25,6.230000019073486,6.340000152587891,6.199999809265137,6.329999923706055,98300
854,2022-08-24,6.199999809265137,6.199999809265137,6.130000114440918,6.170000076293945,165600
855,2022-08-23,6.25,6.260000228881836,6.170000076293945,6.230000019073486,199900
856,2022-08-22,6.400000095367432,6.489999771118164,6.269999980926514,6.289999961853027,231700
857,2022-08-19,6.840000152587891,6.840000152587891,6.650000095367432,6.659999847412109,221400
858,2022-08-18,6.949999809265137,6.960000038146973,6.849999904632568,6.920000076293945,421000
859,2022-08-17,7.159999847412109,7.159999847412109,7.019999980926514,7.050000190734863,367700
860,2022-08-16,7.0,7.179999828338623,7.0,7.150000095367432,1052500
861,2022-08-15,6.909999847412109,7.0,6.869999885559082,6.980000019073486,53400
862,2022-08-12,7.139999866485596,7.139999866485596,6.860000133514404,6.949999809265137,47400
863,2022-08-11,6.78000020980835,7.139999866485596,6.78000020980835,7.010000228881836,74200
864,2022-08-10,6.900000095367432,7.059999942779541,6.900000095367432,7.039999961853027,62100
865,2022-08-09,6.900000095367432,6.900000095367432,6.809999942779541,6.840000152587891,33500
866,2022-08-08,6.510000228881836,6.800000190734863,6.510000228881836,6.78000020980835,153000
867,2022-08-05,6.5,6.5,6.349999904632568,6.409999847412109,161100
868,2022-08-04,6.460000038146973,6.480000019073486,6.190000057220459,6.46999979019165,80800
869,2022-08-03,6.599999904632568,6.679999828338623,6.590000152587891,6.670000076293945,109800
870,2022-08-02,6.300000190734863,6.309999942779541,6.119999885559082,6.130000114440918,83400
871,2022-08-01,6.21999979019165,6.400000095367432,6.21999979019165,6.320000171661377,100700
872,2022-07-29,6.300000190734863,6.300000190734863,5.989999771118164,6.099999904632568,164300
873,2022-07-28,6.0,6.139999866485596,6.0,6.139999866485596,173900
874,2022-07-27,5.659999847412109,6.019999980926514,5.659999847412109,5.980000019073486,87400
875,2022-07-26,5.949999809265137,5.949999809265137,5.840000152587891,5.849999904632568,81900
876,2022-07-25,5.610000133514404,5.929999828338623,5.610000133514404,5.769999980926514,105100
877,2022-07-22,5.539999961853027,5.800000190734863,5.539999961853027,5.690000057220459,38700
878,2022-07-21,5.699999809265137,5.730000019073486,5.630000114440918,5.730000019073486,64400
879,2022-07-20,5.650000095367432,5.800000190734863,5.650000095367432,5.710000038146973,49900
880,2022-07-19,5.449999809265137,5.599999904632568,5.349999904632568,5.590000152587891,89800
881,2022-07-18,5.739999771118164,5.739999771118164,5.449999809265137,5.449999809265137,79100
882,2022-07-15,5.269999980926514,5.53000020980835,5.269999980926514,5.489999771118164,156400
883,2022-07-14,5.230000019073486,5.360000133514404,5.199999809265137,5.360000133514404,228900
884,2022-07-13,5.269999980926514,5.269999980926514,5.03000020980835,5.119999885559082,87500
885,2022-07-12,5.070000171661377,5.199999809265137,5.0,5.019999980926514,251500
886,2022-07-11,5.150000095367432,5.400000095367432,5.150000095367432,5.329999923706055,183200
887,2022-07-08,5.5,5.75,5.5,5.699999809265137,87200
888,2022-07-07,5.5,5.550000190734863,5.460000038146973,5.510000228881836,205200
889,2022-07-06,5.579999923706055,5.809999942779541,5.579999923706055,5.78000020980835,253300
890,2022-07-05,6.03000020980835,6.119999885559082,5.800000190734863,5.96999979019165,224000
891,2022-07-01,6.0,6.199999809265137,6.0,6.199999809265137,75700
892,2022-06-30,5.900000095367432,6.039999961853027,5.889999866485596,6.0,57600
893,2022-06-29,6.179999828338623,6.300000190734863,6.0,6.019999980926514,93000
894,2022-06-28,6.309999942779541,6.5,6.28000020980835,6.340000152587891,36000
895,2022-06-27,6.28000020980835,6.380000114440918,6.269999980926514,6.369999885559082,99400
896,2022-06-24,5.889999866485596,6.150000095367432,5.849999904632568,6.150000095367432,128600
897,2022-06-23,5.78000020980835,5.860000133514404,5.679999828338623,5.789999961853027,107800
898,2022-06-22,5.940000057220459,5.940000057220459,5.75,5.800000190734863,196700
899,2022-06-21,5.949999809265137,6.190000057220459,5.949999809265137,6.090000152587891,127700
900,2022-06-17,5.809999942779541,6.039999961853027,5.809999942779541,5.909999847412109,102500
901,2022-06-16,6.179999828338623,6.340000152587891,5.920000076293945,6.010000228881836,124800
902,2022-06-15,6.010000228881836,6.239999771118164,5.960000038146973,6.199999809265137,262200
903,2022-06-14,5.699999809265137,5.860000133514404,5.659999847412109,5.730000019073486,764900
904,2022-06-13,5.679999828338623,5.849999904632568,5.489999771118164,5.489999771118164,251100
905,2022-06-10,6.070000171661377,6.070000171661377,5.820000171661377,5.880000114440918,136300
906,2022-06-09,6.25,6.610000133514404,6.25,6.360000133514404,63800
907,2022-06-08,6.849999904632568,6.96999979019165,6.849999904632568,6.869999885559082,36300
908,2022-06-07,6.679999828338623,6.940000057220459,6.679999828338623,6.940000057220459,61000
909,2022-06-06,6.900000095367432,6.900000095367432,6.659999847412109,6.71999979019165,35200
910,2022-06-03,6.820000171661377,6.869999885559082,6.769999980926514,6.789999961853027,41700
911,2022-06-02,6.599999904632568,6.78000020980835,6.590000152587891,6.78000020980835,75400
912,2022-06-01,6.769999980926514,6.769999980926514,6.449999809265137,6.559999942779541,104600
913,2022-05-31,7.059999942779541,7.179999828338623,6.940000057220459,6.960000038146973,222500
914,2022-05-27,6.800000190734863,6.849999904632568,6.789999961853027,6.829999923706055,47000
915,2022-05-26,6.650000095367432,6.769999980926514,6.650000095367432,6.739999771118164,41400
916,2022-05-25,6.53000020980835,6.639999866485596,6.460000038146973,6.579999923706055,79400
917,2022-05-24,6.599999904632568,6.760000228881836,6.599999904632568,6.760000228881836,40900
918,2022-05-23,6.75,6.789999961853027,6.699999809265137,6.769999980926514,89700
919,2022-05-20,6.699999809265137,6.809999942779541,6.619999885559082,6.75,70200
920,2022-05-19,6.440000057220459,6.670000076293945,6.440000057220459,6.630000114440918,48100
921,2022-05-18,6.989999771118164,6.989999771118164,6.610000133514404,6.610000133514404,110200
922,2022-05-17,6.539999961853027,6.760000228881836,6.539999961853027,6.730000019073486,86000
923,2022-05-16,6.099999904632568,6.210000038146973,6.099999904632568,6.159999847412109,57000
924,2022-05-13,5.849999904632568,6.039999961853027,5.849999904632568,6.039999961853027,69700
925,2022-05-12,5.840000152587891,6.0,5.670000076293945,5.829999923706055,130000
926,2022-05-11,5.820000171661377,6.110000133514404,5.820000171661377,5.880000114440918,192600
927,2022-05-10,5.849999904632568,5.849999904632568,5.599999904632568,5.71999979019165,134400
928,2022-05-09,5.960000038146973,5.96999979019165,5.710000038146973,5.730000019073486,244600
929,2022-05-06,6.53000020980835,6.53000020980835,6.199999809265137,6.289999961853027,142700
930,2022-05-05,6.71999979019165,6.71999979019165,6.340000152587891,6.380000114440918,68900
931,2022-05-04,6.349999904632568,6.550000190734863,6.28000020980835,6.550000190734863,90500
932,2022-05-03,6.329999923706055,6.440000057220459,6.329999923706055,6.380000114440918,100800
933,2022-05-02,6.179999828338623,6.349999904632568,6.179999828338623,6.309999942779541,125200
934,2022-04-29,6.440000057220459,6.53000020980835,6.320000171661377,6.320000171661377,146300
935,2022-04-28,6.400000095367432,6.480000019073486,6.320000171661377,6.409999847412109,88500
936,2022-04-27,6.130000114440918,6.420000076293945,6.110000133514404,6.340000152587891,124900
937,2022-04-26,6.25,6.550000190734863,6.230000019073486,6.25,159800
938,2022-04-25,6.650000095367432,6.670000076293945,6.480000019073486,6.599999904632568,290300
939,2022-04-22,6.849999904632568,6.880000114440918,6.650000095367432,6.690000057220459,134800
940,2022-04-21,7.170000076293945,7.199999809265137,6.940000057220459,6.989999771118164,105100
941,2022-04-20,6.989999771118164,7.099999904632568,6.989999771118164,7.039999961853027,87600
942,2022-04-19,6.610000133514404,6.96999979019165,6.599999904632568,6.949999809265137,186600
943,2022-04-18,6.920000076293945,7.010000228881836,6.900000095367432,6.980000019073486,117100
944,2022-04-14,6.960000038146973,7.090000152587891,6.920000076293945,6.989999771118164,102700
945,2022-04-13,7.25,7.300000190734863,7.0,7.159999847412109,109900
946,2022-04-12,7.400000095367432,7.489999771118164,7.25,7.25,129000
947,2022-04-11,7.25,7.449999809265137,7.25,7.329999923706055,94800
948,2022-04-08,7.389999866485596,7.489999771118164,7.389999866485596,7.449999809265137,72400
949,2022-04-07,7.5,7.659999847412109,7.389999866485596,7.5,144900
950,2022-04-06,7.820000171661377,7.820000171661377,7.510000228881836,7.579999923706055,112800
951,2022-04-05,8.050000190734863,8.300000190734863,8.050000190734863,8.109999656677246,282400
952,2022-04-04,8.380000114440918,8.729999542236328,8.3100004196167,8.609999656677246,250600
953,2022-04-01,8.100000381469727,8.5,8.100000381469727,8.329999923706055,101200
954,2022-03-31,8.09000015258789,8.100000381469727,7.980000019073486,7.989999771118164,92100
955,2022-03-30,7.849999904632568,8.420000076293945,7.849999904632568,8.100000381469727,82800
956,2022-03-29,8.0,8.279999732971191,8.0,8.260000228881836,208700
957,2022-03-28,7.909999847412109,7.989999771118164,7.849999904632568,7.929999828338623,278300
958,2022-03-25,7.889999866485596,7.889999866485596,7.699999809265137,7.789999961853027,67500
959,2022-03-24,7.5,7.699999809265137,7.5,7.670000076293945,46600
960,2022-03-23,7.949999809265137,8.0,7.670000076293945,7.710000038146973,57900
961,2022-03-22,8.0600004196167,8.0600004196167,7.690000057220459,7.909999847412109,64200
962,2022-03-21,7.599999904632568,7.699999809265137,7.429999828338623,7.639999866485596,40600
963,2022-03-18,7.5,7.650000095367432,7.429999828338623,7.53000020980835,58600
964,2022-03-17,7.420000076293945,7.420000076293945,7.079999923706055,7.179999828338623,85600
965,2022-03-16,7.230000019073486,7.230000019073486,6.739999771118164,7.139999866485596,78000
966,2022-03-15,7.0,7.010000228881836,6.53000020980835,6.809999942779541,115200
967,2022-03-14,7.449999809265137,7.650000095367432,7.21999979019165,7.260000228881836,194900
968,2022-03-11,7.449999809265137,7.650000095367432,7.449999809265137,7.480000019073486,50000
969,2022-03-10,7.25,7.559999942779541,7.25,7.460000038146973,102600
970,2022-03-09,7.050000190734863,7.369999885559082,7.050000190734863,7.320000171661377,125400
971,2022-03-08,7.0,7.230000019073486,6.829999923706055,6.980000019073486,161200
972,2022-03-07,7.5,7.5,7.210000038146973,7.21999979019165,232100
973,2022-03-04,8.029999732971191,8.029999732971191,7.670000076293945,7.849999904632568,159200
974,2022-03-03,8.100000381469727,8.100000381469727,7.869999885559082,7.960000038146973,183200
975,2022-03-02,8.210000038146973,8.210000038146973,7.929999828338623,8.079999923706055,238200
976,2022-03-01,7.699999809265137,7.730000019073486,7.460000038146973,7.659999847412109,91900
977,2022-02-28,7.300000190734863,7.550000190734863,7.300000190734863,7.460000038146973,235100
978,2022-02-25,7.0,7.090000152587891,6.909999847412109,7.079999923706055,351300
979,2022-02-24,6.389999866485596,6.5,6.199999809265137,6.409999847412109,122300
980,2022-02-23,6.400000095367432,6.599999904632568,6.400000095367432,6.409999847412109,136900
981,2022-02-22,6.099999904632568,6.329999923706055,6.059999942779541,6.230000019073486,150300
982,2022-02-18,6.170000076293945,6.409999847412109,6.170000076293945,6.300000190734863,68900
983,2022-02-17,6.699999809265137,6.71999979019165,6.409999847412109,6.409999847412109,85800
984,2022-02-16,6.449999809265137,6.699999809265137,6.449999809265137,6.690000057220459,99100
985,2022-02-15,6.110000133514404,6.380000114440918,6.110000133514404,6.369999885559082,117500
986,2022-02-14,6.5,6.579999923706055,6.150000095367432,6.179999828338623,257600
987,2022-02-11,6.849999904632568,6.869999885559082,6.53000020980835,6.559999942779541,161500
988,2022-02-10,6.550000190734863,6.949999809265137,6.550000190734863,6.809999942779541,185700
989,2022-02-09,6.610000133514404,6.869999885559082,6.510000228881836,6.860000133514404,153600
990,2022-02-08,6.5,6.679999828338623,6.320000171661377,6.610000133514404,147400
991,2022-02-07,6.610000133514404,6.610000133514404,6.460000038146973,6.5,157100
992,2022-02-04,6.210000038146973,6.300000190734863,6.170000076293945,6.300000190734863,134600
993,2022-02-03,6.489999771118164,6.489999771118164,6.21999979019165,6.21999979019165,216700
994,2022-02-02,6.360000133514404,6.78000020980835,6.360000133514404,6.539999961853027,226400
995,2022-02-01,6.559999942779541,6.559999942779541,6.300000190734863,6.400000095367432,223200
996,2022-01-31,6.159999847412109,6.409999847412109,6.159999847412109,6.409999847412109,206600
997,2022-01-28,6.269999980926514,6.309999942779541,6.059999942779541,6.210000038146973,375100
998,2022-01-27,6.329999923706055,6.630000114440918,6.300000190734863,6.309999942779541,216200
999,2022-01-26,6.849999904632568,6.929999828338623,6.5,6.639999866485596,223200
1000,2022-01-25,6.5,6.670000076293945,6.420000076293945,6.610000133514404,301100
1001,2022-01-24,6.610000133514404,6.71999979019165,6.239999771118164,6.690000057220459,543700
1002,2022-01-21,7.389999866485596,7.409999847412109,7.150000095367432,7.210000038146973,664100
1003,2022-01-20,8.199999809265137,8.210000038146973,8.010000228881836,8.029999732971191,199500
1004,2022-01-19,7.949999809265137,8.0600004196167,7.929999828338623,7.989999771118164,160300
1005,2022-01-18,8.119999885559082,8.180000305175781,7.920000076293945,7.940000057220459,285300
1006,2022-01-14,8.0,8.180000305175781,8.0,8.079999923706055,173500
1007,2022-01-13,8.270000457763672,8.430000305175781,8.0600004196167,8.09000015258789,135100
1008,2022-01-12,8.029999732971191,8.170000076293945,7.940000057220459,8.15999984741211,136800
1009,2022-01-11,8.050000190734863,8.050000190734863,7.800000190734863,8.020000457763672,184500
1010,2022-01-10,8.050000190734863,8.050000190734863,7.630000114440918,7.929999828338623,165900
1011,2022-01-07,8.050000190734863,8.050000190734863,7.800000190734863,7.900000095367432,126600
1012,2022-01-06,7.96999979019165,8.010000228881836,7.71999979019165,7.769999980926514,198700
1013,2022-01-05,8.0,8.15999984741211,7.909999847412109,8.0,135700
1014,2022-01-04,7.789999961853027,8.140000343322754,7.789999961853027,8.0600004196167,240400
1015,2022-01-03,7.400000095367432,7.639999866485596,7.349999904632568,7.409999847412109,117400
1016,2021-12-31,7.550000190734863,7.550000190734863,7.409999847412109,7.429999828338623,72100
1017,2021-12-30,7.5,7.53000020980835,7.449999809265137,7.46999979019165,231100
1018,2021-12-29,7.46999979019165,7.46999979019165,7.329999923706055,7.380000114440918,159600
1019,2021-12-28,7.119999885559082,7.199999809265137,7.050000190734863,7.150000095367432,111800
1020,2021-12-27,7.079999923706055,7.119999885559082,6.929999828338623,7.110000133514404,153500
1021,2021-12-23,6.900000095367432,6.949999809265137,6.690000057220459,6.929999828338623,123400
1022,2021-12-22,6.670000076293945,6.78000020980835,6.650000095367432,6.769999980926514,92900
1023,2021-12-21,6.28000020980835,6.440000057220459,6.28000020980835,6.429999828338623,110900
1024,2021-12-20,6.28000020980835,6.289999961853027,6.150000095367432,6.260000228881836,232700
1025,2021-12-17,6.53000020980835,6.53000020980835,6.360000133514404,6.360000133514404,124800
1026,2021-12-16,6.889999866485596,6.889999866485596,6.460000038146973,6.610000133514404,85000
1027,2021-12-15,6.5,6.550000190734863,6.400000095367432,6.53000020980835,102600
1028,2021-12-14,6.5,6.599999904632568,6.5,6.559999942779541,97100
1029,2021-12-13,6.340000152587891,6.599999904632568,6.340000152587891,6.400000095367432,131400
1030,2021-12-10,6.599999904632568,6.739999771118164,6.590000152587891,6.590000152587891,77000
1031,2021-12-09,6.880000114440918,6.880000114440918,6.630000114440918,6.659999847412109,114000
1032,2021-12-08,6.849999904632568,6.849999904632568,6.449999809265137,6.760000228881836,164000
1033,2021-12-07,6.550000190734863,6.550000190734863,6.400000095367432,6.480000019073486,173200
1034,2021-12-06,6.400000095367432,6.599999904632568,6.400000095367432,6.570000171661377,161400
1035,2021-12-03,6.53000020980835,6.789999961853027,6.380000114440918,6.449999809265137,118700
1036,2021-12-02,6.420000076293945,6.559999942779541,6.420000076293945,6.539999961853027,167900
1037,2021-12-01,6.300000190734863,6.610000133514404,6.300000190734863,6.409999847412109,235800
1038,2021-11-30,6.349999904632568,6.349999904632568,6.159999847412109,6.230000019073486,142800
1039,2021-11-29,5.880000114440918,6.289999961853027,5.860000133514404,6.110000133514404,125300
1040,2021-11-26,6.179999828338623,6.179999828338623,5.760000228881836,5.920000076293945,88800
1041,2021-11-24,6.199999809265137,6.25,6.139999866485596,6.25,100900
1042,2021-11-23,6.170000076293945,6.230000019073486,6.130000114440918,6.199999809265137,91100
1043,2021-11-22,5.989999771118164,6.269999980926514,5.980000019073486,6.190000057220459,103400
1044,2021-11-19,5.710000038146973,6.03000020980835,5.710000038146973,5.940000057220459,81000
1045,2021-11-18,5.889999866485596,6.21999979019165,5.889999866485596,6.010000228881836,161200
1046,2021-11-17,5.900000095367432,5.909999847412109,5.840000152587891,5.889999866485596,50000
1047,2021-11-16,6.139999866485596,6.139999866485596,5.78000020980835,5.78000020980835,163600
1048,2021-11-15,5.75,5.960000038146973,5.75,5.889999866485596,196300
1049,2021-11-12,5.75,5.909999847412109,5.670000076293945,5.900000095367432,249900
1050,2021-11-11,5.650000095367432,5.75,5.639999866485596,5.730000019073486,69300
1051,2021-11-10,5.920000076293945,5.920000076293945,5.599999904632568,5.610000133514404,58500
1052,2021-11-09,5.590000152587891,5.800000190734863,5.590000152587891,5.699999809265137,171700
1053,2021-11-08,5.170000076293945,5.380000114440918,5.170000076293945,5.349999904632568,108900
1054,2021-11-05,5.179999828338623,5.380000114440918,5.179999828338623,5.349999904632568,51400
1055,2021-11-04,5.449999809265137,5.449999809265137,5.349999904632568,5.380000114440918,171200
1056,2021-11-03,5.340000152587891,5.400000095367432,5.340000152587891,5.369999885559082,68100
1057,2021-11-02,5.349999904632568,5.349999904632568,5.239999771118164,5.309999942779541,121400
1058,2021-11-01,5.550000190734863,5.590000152587891,5.420000076293945,5.559999942779541,101200
1059,2021-10-29,5.449999809265137,5.5,5.449999809265137,5.46999979019165,56500
1060,2021-10-28,5.449999809265137,5.449999809265137,5.389999866485596,5.420000076293945,46200
1061,2021-10-27,5.440000057220459,5.449999809265137,5.429999828338623,5.449999809265137,71500
1062,2021-10-26,5.269999980926514,5.449999809265137,5.269999980926514,5.389999866485596,88700
1063,2021-10-25,5.059999942779541,5.300000190734863,5.059999942779541,5.269999980926514,69500
1064,2021-10-22,5.199999809265137,5.25,4.980000019073486,5.039999961853027,216900
1065,2021-10-21,5.539999961853027,5.550000190734863,5.489999771118164,5.510000228881836,118900
1066,2021-10-20,5.539999961853027,5.599999904632568,5.460000038146973,5.539999961853027,66100
1067,2021-10-19,5.400000095367432,5.590000152587891,5.400000095367432,5.5,95200
1068,2021-10-18,5.199999809265137,5.570000171661377,5.199999809265137,5.380000114440918,65100
1069,2021-10-15,5.28000020980835,5.28000020980835,5.110000133514404,5.130000114440918,106200
1070,2021-10-14,4.849999904632568,5.090000152587891,4.849999904632568,5.059999942779541,123200
1071,2021-10-13,4.800000190734863,4.800000190734863,4.760000228881836,4.789999961853027,66000
1072,2021-10-12,4.75,4.820000171661377,4.75,4.809999942779541,75600
1073,2021-10-11,4.71999979019165,4.880000114440918,4.71999979019165,4.789999961853027,66700
1074,2021-10-08,4.760000228881836,4.929999828338623,4.71999979019165,4.760000228881836,42100
1075,2021-10-07,4.590000152587891,4.800000190734863,4.590000152587891,4.769999980926514,109300
1076,2021-10-06,4.619999885559082,4.619999885559082,4.53000020980835,4.570000171661377,132200
1077,2021-10-05,4.599999904632568,4.78000020980835,4.599999904632568,4.760000228881836,94800
1078,2021-10-04,4.71999979019165,4.760000228881836,4.639999866485596,4.659999847412109,136200
1079,2021-10-01,4.53000020980835,4.820000171661377,4.53000020980835,4.800000190734863,121000
1080,2021-09-30,4.75,4.96999979019165,4.690000057220459,4.760000228881836,93800
1081,2021-09-29,4.659999847412109,5.019999980926514,4.659999847412109,4.880000114440918,168800
1082,2021-09-28,5.21999979019165,5.21999979019165,5.059999942779541,5.090000152587891,188000
1083,2021-09-27,5.099999904632568,5.289999961853027,5.099999904632568,5.25,107600
1084,2021-09-24,5.159999847412109,5.159999847412109,5.010000228881836,5.019999980926514,144200
1085,2021-09-23,5.03000020980835,5.179999828338623,4.900000095367432,5.139999866485596,153900
1086,2021-09-22,5.0,5.190000057220459,4.980000019073486,5.159999847412109,70200
1087,2021-09-21,4.809999942779541,4.980000019073486,4.760000228881836,4.96999979019165,123800
1088,2021-09-20,4.909999847412109,4.909999847412109,4.670000076293945,4.739999771118164,408300
1089,2021-09-17,5.599999904632568,5.659999847412109,5.449999809265137,5.449999809265137,112100
1090,2021-09-16,5.800000190734863,5.800000190734863,5.639999866485596,5.639999866485596,163000
1091,2021-09-15,5.619999885559082,5.75,5.46999979019165,5.75,126800
1092,2021-09-14,5.550000190734863,5.610000133514404,5.539999961853027,5.579999923706055,181100
1093,2021-09-13,5.519999980926514,5.559999942779541,5.420000076293945,5.519999980926514,144900
1094,2021-09-10,5.269999980926514,5.309999942779541,5.099999904632568,5.230000019073486,232400
1095,2021-09-09,5.199999809265137,5.199999809265137,5.010000228881836,5.050000190734863,68400
1096,2021-09-08,5.360000133514404,5.360000133514404,5.139999866485596,5.150000095367432,137800
1097,2021-09-07,5.409999847412109,5.409999847412109,5.230000019073486,5.230000019073486,91300
1098,2021-09-03,5.210000038146973,5.480000019073486,5.210000038146973,5.289999961853027,77500
1099,2021-09-02,5.21999979019165,5.21999979019165,5.03000020980835,5.110000133514404,120500
1100,2021-09-01,5.150000095367432,5.150000095367432,4.989999771118164,5.039999961853027,351500
1101,2021-08-31,5.190000057220459,5.190000057220459,4.820000171661377,5.010000228881836,104900
1102,2021-08-30,4.75,5.0,4.75,4.889999866485596,61200
1103,2021-08-27,4.820000171661377,4.820000171661377,4.650000095367432,4.769999980926514,154100
1104,2021-08-26,5.0,5.0,4.800000190734863,4.869999885559082,107300
1105,2021-08-25,4.760000228881836,5.03000020980835,4.760000228881836,5.019999980926514,128300
1106,2021-08-24,4.739999771118164,4.800000190734863,4.710000038146973,4.71999979019165,77100
1107,2021-08-23,4.599999904632568,4.769999980926514,4.599999904632568,4.71999979019165,99400
1108,2021-08-20,4.650000095367432,4.650000095367432,4.460000038146973,4.510000228881836,243100
1109,2021-08-19,4.860000133514404,5.0,4.829999923706055,4.829999923706055,94100
1110,2021-08-18,4.880000114440918,5.039999961853027,4.860000133514404,4.929999828338623,131500
1111,2021-08-17,5.190000057220459,5.190000057220459,4.920000076293945,4.929999828338623,370100
1112,2021-08-16,5.670000076293945,5.670000076293945,5.349999904632568,5.510000228881836,342400
1113,2021-08-13,5.75,5.75,5.610000133514404,5.71999979019165,113300
1114,2021-08-12,5.46999979019165,5.670000076293945,5.440000057220459,5.659999847412109,106000
1115,2021-08-11,5.679999828338623,5.679999828338623,5.550000190734863,5.590000152587891,224000
1116,2021-08-10,5.699999809265137,5.710000038146973,5.610000133514404,5.699999809265137,91400
1117,2021-08-09,5.539999961853027,5.630000114440918,5.539999961853027,5.619999885559082,56400
1118,2021-08-06,5.630000114440918,5.630000114440918,5.550000190734863,5.599999904632568,101700
1119,2021-08-05,5.639999866485596,5.639999866485596,5.550000190734863,5.619999885559082,69700
1120,2021-08-04,5.699999809265137,5.699999809265137,5.610000133514404,5.639999866485596,155100
1121,2021-08-03,5.599999904632568,5.730000019073486,5.579999923706055,5.710000038146973,343300
1122,2021-08-02,5.5,5.5,5.409999847412109,5.5,284600
1123,2021-07-30,5.360000133514404,5.440000057220459,5.300000190734863,5.380000114440918,168500
1124,2021-07-29,5.300000190734863,5.349999904632568,5.210000038146973,5.25,224000
1125,2021-07-28,5.119999885559082,5.230000019073486,5.039999961853027,5.210000038146973,210600
1126,2021-07-27,5.190000057220459,5.199999809265137,5.099999904632568,5.110000133514404,218400
1127,2021-07-26,5.070000171661377,5.289999961853027,5.070000171661377,5.199999809265137,441900
1128,2021-07-23,4.78000020980835,4.800000190734863,4.710000038146973,4.739999771118164,143600
1129,2021-07-22,4.75,4.78000020980835,4.670000076293945,4.730000019073486,163300
1130,2021-07-21,4.340000152587891,4.429999828338623,4.320000171661377,4.420000076293945,86600
1131,2021-07-20,4.289999961853027,4.340000152587891,4.25,4.300000190734863,114300
1132,2021-07-19,4.409999847412109,4.440000057220459,4.28000020980835,4.289999961853027,233900
1133,2021-07-16,4.519999980926514,4.610000133514404,4.5,4.590000152587891,100000
1134,2021-07-15,4.5,4.619999885559082,4.5,4.510000228881836,85300
1135,2021-07-14,4.690000057220459,4.690000057220459,4.519999980926514,4.550000190734863,169700
1136,2021-07-13,4.909999847412109,4.909999847412109,4.760000228881836,4.789999961853027,139000
1137,2021-07-12,4.909999847412109,4.909999847412109,4.489999771118164,4.760000228881836,194700
1138,2021-07-09,4.599999904632568,4.699999809265137,4.480000019073486,4.699999809265137,192700
1139,2021-07-08,4.460000038146973,4.5,4.389999866485596,4.480000019073486,182300
1140,2021-07-07,4.489999771118164,4.489999771118164,4.300000190734863,4.440000057220459,249200
1141,2021-07-06,4.360000133514404,4.360000133514404,4.260000228881836,4.269999980926514,152400
1142,2021-07-02,4.380000114440918,4.380000114440918,4.260000228881836,4.320000171661377,250200
1143,2021-07-01,4.309999942779541,4.440000057220459,4.309999942779541,4.389999866485596,131800
1144,2021-06-30,4.380000114440918,4.380000114440918,4.320000171661377,4.340000152587891,297600
1145,2021-06-29,4.409999847412109,4.409999847412109,4.199999809265137,4.369999885559082,521800
1146,2021-06-28,4.309999942779541,4.309999942779541,4.210000038146973,4.21999979019165,964800
1147,2021-06-25,4.329999923706055,4.449999809265137,4.28000020980835,4.400000095367432,1886500
1148,2021-06-24,4.099999904632568,4.190000057220459,4.099999904632568,4.139999866485596,66900
1149,2021-06-23,4.050000190734863,4.159999847412109,4.03000020980835,4.099999904632568,52200
1150,2021-06-22,4.050000190734863,4.070000171661377,4.0,4.050000190734863,66500
1151,2021-06-21,4.059999942779541,4.090000152587891,4.0,4.059999942779541,94600
1152,2021-06-18,4.019999980926514,4.150000095367432,4.019999980926514,4.099999904632568,82100
1153,2021-06-17,4.150000095367432,4.199999809265137,4.110000133514404,4.110000133514404,114500
1154,2021-06-16,4.300000190734863,4.300000190734863,4.159999847412109,4.199999809265137,29600
1155,2021-06-15,4.269999980926514,4.46999979019165,4.269999980926514,4.289999961853027,39900
1156,2021-06-14,4.480000019073486,4.480000019073486,4.400000095367432,4.409999847412109,62200
1157,2021-06-11,4.570000171661377,4.570000171661377,4.239999771118164,4.429999828338623,132700
1158,2021-06-10,4.25,4.260000228881836,4.179999828338623,4.210000038146973,78300
1159,2021-06-09,4.170000076293945,4.25,4.099999904632568,4.199999809265137,88400
1160,2021-06-08,4.239999771118164,4.239999771118164,4.099999904632568,4.170000076293945,65900
1161,2021-06-07,4.0,4.269999980926514,4.0,4.090000152587891,74500
1162,2021-06-04,4.03000020980835,4.260000228881836,4.03000020980835,4.21999979019165,52700
1163,2021-06-03,4.159999847412109,4.25,4.050000190734863,4.190000057220459,69900
1164,2021-06-02,4.010000228881836,4.210000038146973,4.010000228881836,4.110000133514404,62100
1165,2021-06-01,4.0,4.199999809265137,4.0,4.130000114440918,245700
1166,2021-05-28,4.329999923706055,4.340000152587891,4.25,4.300000190734863,60400
1167,2021-05-27,4.260000228881836,4.349999904632568,4.179999828338623,4.309999942779541,87800
1168,2021-05-26,4.059999942779541,4.210000038146973,4.059999942779541,4.170000076293945,56700
1169,2021-05-25,4.019999980926514,4.199999809265137,4.019999980926514,4.170000076293945,45700
1170,2021-05-24,4.150000095367432,4.150000095367432,4.090000152587891,4.139999866485596,83600
1171,2021-05-21,4.239999771118164,4.239999771118164,4.059999942779541,4.090000152587891,81500
1172,2021-05-20,4.110000133514404,4.199999809265137,4.110000133514404,4.130000114440918,69600
1173,2021-05-19,4.210000038146973,4.210000038146973,4.010000228881836,4.110000133514404,95800
1174,2021-05-18,4.21999979019165,4.309999942779541,4.210000038146973,4.269999980926514,58400
1175,2021-05-17,4.050000190734863,4.349999904632568,4.050000190734863,4.300000190734863,112200
1176,2021-05-14,4.349999904632568,4.349999904632568,4.239999771118164,4.309999942779541,214900
1177,2021-05-13,4.340000152587891,4.46999979019165,4.340000152587891,4.440000057220459,240200
1178,2021-05-12,4.679999828338623,4.679999828338623,4.409999847412109,4.429999828338623,147000
1179,2021-05-11,4.829999923706055,4.829999923706055,4.599999904632568,4.639999866485596,147700
1180,2021-05-10,4.829999923706055,4.829999923706055,4.619999885559082,4.690000057220459,148000
1181,2021-05-07,4.539999961853027,4.599999904632568,4.46999979019165,4.590000152587891,166500
1182,2021-05-06,4.340000152587891,4.599999904632568,4.340000152587891,4.460000038146973,154100
1183,2021-05-05,4.369999885559082,4.5,4.369999885559082,4.460000038146973,158200
1184,2021-05-04,4.519999980926514,4.519999980926514,4.25,4.309999942779541,210800
1185,2021-05-03,4.440000057220459,4.440000057220459,4.130000114440918,4.349999904632568,331800
1186,2021-04-30,4.230000019073486,4.340000152587891,4.199999809265137,4.199999809265137,41400
1187,2021-04-29,4.050000190734863,4.320000171661377,4.050000190734863,4.199999809265137,213500
1188,2021-04-28,4.070000171661377,4.079999923706055,4.0,4.010000228881836,262900
1189,2021-04-27,4.110000133514404,4.329999923706055,4.110000133514404,4.21999979019165,85100
1190,2021-04-26,4.099999904632568,4.440000057220459,4.099999904632568,4.320000171661377,58200
1191,2021-04-23,4.369999885559082,4.369999885559082,4.070000171661377,4.309999942779541,119800
1192,2021-04-22,4.139999866485596,4.230000019073486,4.0,4.059999942779541,128600
1193,2021-04-21,4.119999885559082,4.190000057220459,4.010000228881836,4.170000076293945,513100
1194,2021-04-20,4.679999828338623,4.679999828338623,4.409999847412109,4.460000038146973,196500
1195,2021-04-19,4.760000228881836,5.050000190734863,4.760000228881836,4.900000095367432,113900
1196,2021-04-16,4.869999885559082,4.869999885559082,4.599999904632568,4.789999961853027,48100
1197,2021-04-15,4.659999847412109,4.880000114440918,4.659999847412109,4.860000133514404,77500
1198,2021-04-14,4.78000020980835,4.820000171661377,4.78000020980835,4.800000190734863,34100
1199,2021-04-13,4.619999885559082,4.809999942779541,4.619999885559082,4.78000020980835,30300
1200,2021-04-12,4.880000114440918,4.880000114440918,4.75,4.769999980926514,76200
1201,2021-04-09,4.949999809265137,4.949999809265137,4.789999961853027,4.789999961853027,59100
1202,2021-04-08,4.960000038146973,4.960000038146973,4.820000171661377,4.960000038146973,103500
1203,2021-04-07,4.900000095367432,4.900000095367432,4.809999942779541,4.889999866485596,100700
1204,2021-04-06,4.889999866485596,4.889999866485596,4.800000190734863,4.820000171661377,77200
1205,2021-04-05,4.699999809265137,4.869999885559082,4.699999809265137,4.829999923706055,66000
1206,2021-04-01,4.760000228881836,4.760000228881836,4.670000076293945,4.699999809265137,127600
1207,2021-03-31,4.880000114440918,4.880000114440918,4.599999904632568,4.690000057220459,127600
1208,2021-03-30,4.829999923706055,4.829999923706055,4.630000114440918,4.650000095367432,99600
1209,2021-03-29,4.789999961853027,4.789999961853027,4.550000190734863,4.630000114440918,134500
1210,2021-03-26,4.329999923706055,4.539999961853027,4.329999923706055,4.480000019073486,75500
1211,2021-03-25,4.349999904632568,4.349999904632568,4.099999904632568,4.21999979019165,78300
1212,2021-03-24,4.349999904632568,4.349999904632568,4.110000133514404,4.119999885559082,309200
1213,2021-03-23,4.900000095367432,4.900000095367432,4.619999885559082,4.659999847412109,254000
1214,2021-03-22,4.860000133514404,4.980000019073486,4.849999904632568,4.909999847412109,111700
1215,2021-03-19,4.909999847412109,4.940000057220459,4.710000038146973,4.849999904632568,225900
1216,2021-03-18,4.929999828338623,4.949999809265137,4.869999885559082,4.880000114440918,113700
1217,2021-03-17,4.889999866485596,4.949999809265137,4.809999942779541,4.940000057220459,87100
1218,2021-03-16,4.949999809265137,5.130000114440918,4.849999904632568,4.900000095367432,235300
1219,2021-03-15,5.059999942779541,5.059999942779541,4.900000095367432,4.989999771118164,295600
1220,2021-03-12,4.849999904632568,5.099999904632568,4.849999904632568,5.019999980926514,290200
1221,2021-03-11,4.75,4.75,4.650000095367432,4.730000019073486,189600
1222,2021-03-10,4.829999923706055,4.829999923706055,4.46999979019165,4.610000133514404,125600
1223,2021-03-09,4.699999809265137,4.699999809265137,4.590000152587891,4.670000076293945,134000
1224,2021-03-08,4.639999866485596,4.75,4.510000228881836,4.570000171661377,145800
1225,2021-03-05,4.550000190734863,4.71999979019165,4.449999809265137,4.610000133514404,395900
1226,2021-03-04,5.260000228881836,5.260000228881836,4.75,4.78000020980835,387400
1227,2021-03-03,5.369999885559082,5.369999885559082,5.099999904632568,5.230000019073486,974900
1228,2021-03-02,5.099999904632568,5.099999904632568,4.949999809265137,4.949999809265137,192700
1229,2021-03-01,4.659999847412109,4.900000095367432,4.659999847412109,4.869999885559082,247600
1230,2021-02-26,4.5,4.869999885559082,4.5,4.679999828338623,181900
1231,2021-02-25,4.71999979019165,4.75,4.5,4.579999923706055,377400
1232,2021-02-24,4.900000095367432,4.900000095367432,4.559999942779541,4.769999980926514,390400
1233,2021-02-23,4.849999904632568,4.849999904632568,4.5,4.690000057220459,558500
1234,2021-02-22,4.800000190734863,5.059999942779541,4.670000076293945,5.059999942779541,357300
1235,2021-02-19,4.690000057220459,4.789999961853027,4.550000190734863,4.75,294300
1236,2021-02-18,4.510000228881836,4.900000095367432,4.510000228881836,4.690000057220459,790200
1237,2021-02-17,4.559999942779541,4.920000076293945,4.559999942779541,4.909999847412109,479100
1238,2021-02-16,4.25,4.5,4.199999809265137,4.420000076293945,344400
1239,2021-02-12,3.9200000762939453,3.990000009536743,3.9200000762939453,3.9600000381469727,66900
1240,2021-02-11,4.079999923706055,4.079999923706055,3.9000000953674316,3.9200000762939453,96600
1241,2021-02-10,4.150000095367432,4.150000095367432,4.0,4.03000020980835,360700
1242,2021-02-09,4.159999847412109,4.199999809265137,4.110000133514404,4.150000095367432,320300
1243,2021-02-08,4.0,4.320000171661377,3.8499999046325684,4.289999961853027,376000
1244,2021-02-05,3.869999885559082,3.869999885559082,3.799999952316284,3.8499999046325684,141300
1245,2021-02-04,3.7699999809265137,3.940000057220459,3.7699999809265137,3.869999885559082,156800
1246,2021-02-03,3.990000009536743,4.0,3.9200000762939453,4.0,256300
1247,2021-02-02,3.930000066757202,3.9600000381469727,3.880000114440918,3.950000047683716,189800
1248,2021-02-01,3.6700000762939453,4.070000171661377,3.6700000762939453,4.039999961853027,404000
1249,2021-01-29,3.8499999046325684,3.8499999046325684,3.609999895095825,3.6700000762939453,205000
1250,2021-01-28,3.990000009536743,3.990000009536743,3.819999933242798,3.869999885559082,270900
1251,2021-01-27,3.869999885559082,4.239999771118164,3.869999885559082,4.039999961853027,391700
1252,2021-01-26,4.010000228881836,4.239999771118164,4.010000228881836,4.21999979019165,110900
1253,2021-01-25,4.489999771118164,4.489999771118164,4.159999847412109,4.239999771118164,421300
1254,2021-01-22,4.190000057220459,4.5,4.190000057220459,4.5,420500
1255,2021-01-21,3.930000066757202,3.930000066757202,3.5999999046325684,3.7699999809265137,257800
1256,2021-01-20,3.809999942779541,3.809999942779541,3.5,3.5299999713897705,498800
1257,2021-01-19,3.309999942779541,3.569999933242798,3.309999942779541,3.569999933242798,178100
1258,2021-01-15,3.4100000858306885,3.5,3.2799999713897705,3.309999942779541,162800
1259,2021-01-14,3.450000047683716,3.490000009536743,3.4100000858306885,3.4700000286102295,50800
1260,2021-01-13,3.4200000762939453,3.4700000286102295,3.4100000858306885,3.450000047683716,46700
1261,2021-01-12,3.5399999618530273,3.5399999618530273,3.4200000762939453,3.4800000190734863,108200
1262,2021-01-11,3.640000104904175,3.640000104904175,3.5399999618530273,3.5399999618530273,185500
1263,2021-01-08,3.4200000762939453,3.8399999141693115,3.4200000762939453,3.75,235400
1264,2021-01-07,3.450000047683716,3.6500000953674316,3.450000047683716,3.609999895095825,174000
1265,2021-01-06,3.450000047683716,3.490000009536743,3.200000047683716,3.450000047683716,153100
1266,2021-01-05,3.309999942779541,3.450000047683716,3.1600000858306885,3.4200000762939453,249700
1267,2021-01-04,3.190000057220459,3.2300000190734863,3.140000104904175,3.1500000953674316,221900
1268,2020-12-31,3.130000114440918,3.130000114440918,2.9000000953674316,3.0399999618530273,53500
1269,2020-12-30,3.0199999809265137,3.049999952316284,3.0,3.009999990463257,57100
1270,2020-12-29,3.130000114440918,3.130000114440918,3.0,3.0,80300
1271,2020-12-28,2.9000000953674316,3.0,2.9000000953674316,3.0,60400
1272,2020-12-24,2.9800000190734863,2.9800000190734863,2.940000057220459,2.950000047683716,13000
1273,2020-12-23,3.0199999809265137,3.0199999809265137,2.8499999046325684,2.930000066757202,50800
1274,2020-12-22,3.009999990463257,3.009999990463257,2.930000066757202,2.940000057220459,126600
1275,2020-12-21,3.049999952316284,3.049999952316284,2.990000009536743,3.0199999809265137,138200
1276,2020-12-18,3.0,3.049999952316284,2.9800000190734863,3.0399999618530273,100700
1277,2020-12-17,2.9600000381469727,3.0,2.9100000858306885,3.0,99700
1278,2020-12-16,2.8499999046325684,2.940000057220459,2.7899999618530273,2.890000104904175,143300
1279,2020-12-15,2.930000066757202,2.930000066757202,2.700000047683716,2.75,92000
1280,2020-12-14,2.7699999809265137,2.8499999046325684,2.740000009536743,2.75,123300
1281,2020-12-11,2.9700000286102295,2.9700000286102295,2.819999933242798,2.8499999046325684,137500
1282,2020-12-10,3.109999895095825,3.109999895095825,2.950000047683716,2.990000009536743,155900
1283,2020-12-09,3.259999990463257,3.259999990463257,3.119999885559082,3.130000114440918,198300
1284,2020-12-08,3.200000047683716,3.200000047683716,3.1500000953674316,3.1600000858306885,135900
1285,2020-12-07,3.119999885559082,3.119999885559082,3.049999952316284,3.119999885559082,98500
1286,2020-12-04,3.049999952316284,3.0799999237060547,3.049999952316284,3.049999952316284,110300
1287,2020-12-03,3.0,3.049999952316284,2.9800000190734863,3.0399999618530273,151100
1288,2020-12-02,2.880000114440918,3.1600000858306885,2.880000114440918,2.9800000190734863,199600
1289,2020-12-01,2.869999885559082,2.869999885559082,2.740000009536743,2.7699999809265137,158400
1290,2020-11-30,2.930000066757202,2.940000057220459,2.740000009536743,2.8499999046325684,123400
1291,2020-11-27,2.7799999713897705,2.7799999713897705,2.75,2.7799999713897705,44400
1292,2020-11-25,2.809999942779541,2.950000047683716,2.680000066757202,2.7200000286102295,68100
1293,2020-11-24,2.7300000190734863,2.7300000190734863,2.6500000953674316,2.6600000858306885,90000
1294,2020-11-23,2.630000114440918,2.740000009536743,2.569999933242798,2.7300000190734863,81200
1295,2020-11-20,2.559999942779541,2.559999942779541,2.5,2.509999990463257,140000
1296,2020-11-19,2.4000000953674316,2.559999942779541,2.4000000953674316,2.5199999809265137,73200
1297,2020-11-18,2.5999999046325684,2.5999999046325684,2.5,2.5399999618530273,77500
1298,2020-11-17,2.450000047683716,2.5399999618530273,2.450000047683716,2.509999990463257,122900
1299,2020-11-16,2.4000000953674316,2.5,2.4000000953674316,2.5,106700
1300,2020-11-13,2.259999990463257,2.4200000762939453,2.259999990463257,2.390000104904175,71900
1301,2020-11-12,2.369999885559082,2.4100000858306885,2.2899999618530273,2.369999885559082,44000
1302,2020-11-11,2.25,2.259999990463257,2.2200000286102295,2.259999990463257,75200
1303,2020-11-10,2.390000104904175,2.390000104904175,2.240000009536743,2.3299999237060547,88600
1304,2020-11-09,2.490000009536743,2.490000009536743,2.369999885559082,2.4200000762939453,122000
1305,2020-11-06,2.180000066757202,2.2799999713897705,2.1700000762939453,2.259999990463257,175200
1306,2020-11-05,2.1500000953674316,2.190000057220459,2.1500000953674316,2.180000066757202,130000
1307,2020-11-04,2.0999999046325684,2.140000104904175,2.0899999141693115,2.140000104904175,62000
1308,2020-11-03,2.0,2.069999933242798,2.0,2.059999942779541,44000
1309,2020-11-02,1.9199999570846558,1.9900000095367432,1.9199999570846558,1.9700000286102295,38500
1310,2020-10-30,2.049999952316284,2.049999952316284,1.9299999475479126,1.9800000190734863,74000
1311,2020-10-29,2.0,2.0,1.9800000190734863,1.9900000095367432,26400
1312,2020-10-28,2.049999952316284,2.049999952316284,1.9199999570846558,1.9199999570846558,41200
1313,2020-10-27,2.0999999046325684,2.0999999046325684,1.9600000381469727,1.9700000286102295,61200
1314,2020-10-26,2.0399999618530273,2.059999942779541,2.009999990463257,2.0299999713897705,51000
1315,2020-10-23,2.119999885559082,2.119999885559082,2.0,2.0199999809265137,41100
1316,2020-10-22,2.119999885559082,2.119999885559082,2.009999990463257,2.009999990463257,97100
1317,2020-10-21,2.0,2.0999999046325684,2.0,2.0999999046325684,118600
1318,2020-10-20,1.940000057220459,2.0,1.909999966621399,1.9900000095367432,26600
1319,2020-10-19,1.909999966621399,1.9800000190734863,1.909999966621399,1.9600000381469727,52500
1320,2020-10-16,1.8700000047683716,1.8899999856948853,1.809999942779541,1.8600000143051147,37900
1321,2020-10-15,1.7899999618530273,1.909999966621399,1.7899999618530273,1.8700000047683716,22100
1322,2020-10-14,2.0,2.0,1.8600000143051147,1.899999976158142,39900
1323,2020-10-13,1.8300000429153442,1.9299999475479126,1.8300000429153442,1.909999966621399,50400
1324,2020-10-12,2.0,2.0,1.9199999570846558,1.940000057220459,51100
1325,2020-10-09,1.899999976158142,1.9199999570846558,1.8899999856948853,1.909999966621399,78100
1326,2020-10-08,1.899999976158142,1.899999976158142,1.8600000143051147,1.8899999856948853,69700
1327,2020-10-07,1.9500000476837158,1.9500000476837158,1.8200000524520874,1.850000023841858,66900
1328,2020-10-06,1.8300000429153442,1.840000033378601,1.809999942779541,1.8200000524520874,77200
1329,2020-10-05,1.7699999809265137,1.8200000524520874,1.7699999809265137,1.8200000524520874,63600
1330,2020-10-02,1.6699999570846558,1.7699999809265137,1.6699999570846558,1.7400000095367432,59600
1331,2020-10-01,1.7100000381469727,1.7799999713897705,1.7100000381469727,1.7699999809265137,65700
1332,2020-09-30,1.649999976158142,1.690000057220459,1.649999976158142,1.659999966621399,40900
1333,2020-09-29,1.75,1.75,1.649999976158142,1.649999976158142,46900
1334,2020-09-28,1.649999976158142,1.7200000286102295,1.649999976158142,1.6799999475479126,55900
1335,2020-09-25,1.6799999475479126,1.6799999475479126,1.659999966621399,1.6699999570846558,45300
1336,2020-09-24,1.7200000286102295,1.7300000190734863,1.659999966621399,1.6699999570846558,46200
1337,2020-09-23,1.7000000476837158,1.809999942779541,1.7000000476837158,1.75,54800
1338,2020-09-22,1.690000057220459,1.7699999809265137,1.690000057220459,1.7699999809265137,39000
1339,2020-09-21,1.7999999523162842,1.7999999523162842,1.7200000286102295,1.7699999809265137,42600
1340,2020-09-18,1.7599999904632568,1.840000033378601,1.7599999904632568,1.8200000524520874,63300
1341,2020-09-17,1.8200000524520874,1.8200000524520874,1.7300000190734863,1.7300000190734863,25900
1342,2020-09-16,1.9299999475479126,1.9299999475479126,1.7699999809265137,1.7899999618530273,55300
1343,2020-09-15,1.7200000286102295,1.7799999713897705,1.7200000286102295,1.7699999809265137,80300
1344,2020-09-14,1.7300000190734863,1.7300000190734863,1.649999976158142,1.6699999570846558,19900
1345,2020-09-11,1.7200000286102295,1.7200000286102295,1.659999966621399,1.6799999475479126,16100
1346,2020-09-10,1.690000057220459,1.690000057220459,1.6699999570846558,1.6799999475479126,38900
1347,2020-09-09,1.649999976158142,1.75,1.649999976158142,1.6799999475479126,54200
1348,2020-09-08,1.6399999856948853,1.7300000190734863,1.6399999856948853,1.6799999475479126,33300
1349,2020-09-04,1.6100000143051147,1.6699999570846558,1.6100000143051147,1.649999976158142,27000
1350,2020-09-03,1.840000033378601,1.840000033378601,1.659999966621399,1.6699999570846558,56300
1351,2020-09-02,1.6699999570846558,1.7100000381469727,1.6699999570846558,1.7000000476837158,57500
1352,2020-09-01,1.7200000286102295,1.7200000286102295,1.6699999570846558,1.6799999475479126,64000
1353,2020-08-31,1.7000000476837158,1.7999999523162842,1.7000000476837158,1.7000000476837158,84100
1354,2020-08-28,1.659999966621399,1.690000057220459,1.659999966621399,1.6799999475479126,66600
1355,2020-08-27,1.649999976158142,1.7000000476837158,1.649999976158142,1.6799999475479126,89300
1356,2020-08-26,1.649999976158142,1.7699999809265137,1.649999976158142,1.6699999570846558,98800
1357,2020-08-25,1.8600000143051147,1.8600000143051147,1.7300000190734863,1.7599999904632568,43100
1358,2020-08-24,1.7699999809265137,1.840000033378601,1.7699999809265137,1.7799999713897705,113800
1359,2020-08-21,1.8300000429153442,1.8300000429153442,1.7200000286102295,1.7300000190734863,185700
1360,2020-08-20,1.7999999523162842,1.8200000524520874,1.7799999713897705,1.7899999618530273,46200
1361,2020-08-19,1.899999976158142,1.9299999475479126,1.7999999523162842,1.809999942779541,174900
1362,2020-08-18,1.8700000047683716,1.8700000047683716,1.8700000047683716,1.8700000047683716,0
1363,2020-08-17,1.8700000047683716,1.8700000047683716,1.8700000047683716,1.8700000047683716,0
1364,2020-08-14,1.840000033378601,1.8799999952316284,1.840000033378601,1.8700000047683716,44300
1365,2020-08-13,1.7599999904632568,1.8899999856948853,1.7599999904632568,1.8200000524520874,68500
1366,2020-08-12,1.8799999952316284,1.8799999952316284,1.7999999523162842,1.809999942779541,43000
1367,2020-08-11,1.8799999952316284,1.8799999952316284,1.809999942779541,1.840000033378601,55400
1368,2020-08-10,1.940000057220459,1.940000057220459,1.840000033378601,1.8600000143051147,75900
1369,2020-08-07,1.850000023841858,1.850000023841858,1.7799999713897705,1.7799999713897705,54100
1370,2020-08-06,1.7999999523162842,1.7999999523162842,1.7200000286102295,1.7999999523162842,55900
1371,2020-08-05,1.809999942779541,1.809999942779541,1.7799999713897705,1.7799999713897705,104500
1372,2020-08-04,1.7999999523162842,1.7999999523162842,1.7300000190734863,1.7799999713897705,91700
1373,2020-08-03,1.6299999952316284,1.7300000190734863,1.6299999952316284,1.7200000286102295,95800
1374,2020-07-31,1.6299999952316284,1.6399999856948853,1.600000023841858,1.6299999952316284,44400
1375,2020-07-30,1.6100000143051147,1.7100000381469727,1.6100000143051147,1.6299999952316284,57800
1376,2020-07-29,1.7400000095367432,1.7400000095367432,1.659999966621399,1.7000000476837158,153900
1377,2020-07-28,1.7999999523162842,1.7999999523162842,1.7300000190734863,1.7599999904632568,347300
1378,2020-07-27,1.7599999904632568,1.8200000524520874,1.6200000047683716,1.8200000524520874,414500
1379,2020-07-24,1.6299999952316284,1.6299999952316284,1.5,1.559999942779541,111100
1380,2020-07-23,1.6100000143051147,1.6100000143051147,1.5299999713897705,1.5299999713897705,100500
1381,2020-07-22,1.5800000429153442,1.5800000429153442,1.4500000476837158,1.5299999713897705,142800
1382,2020-07-21,1.3799999952316284,1.5,1.3799999952316284,1.5,115900
1383,2020-07-20,1.350000023841858,1.3899999856948853,1.350000023841858,1.350000023841858,38300
1384,2020-07-17,1.3799999952316284,1.3799999952316284,1.350000023841858,1.350000023841858,25400
1385,2020-07-16,1.3799999952316284,1.3799999952316284,1.3200000524520874,1.350000023841858,64800
1386,2020-07-15,1.2999999523162842,1.350000023841858,1.2999999523162842,1.340000033378601,42300
1387,2020-07-14,1.3600000143051147,1.3600000143051147,1.3300000429153442,1.340000033378601,23600
1388,2020-07-13,1.399999976158142,1.399999976158142,1.3300000429153442,1.340000033378601,55700
1389,2020-07-10,1.3300000429153442,1.340000033378601,1.3300000429153442,1.3300000429153442,19600
1390,2020-07-09,1.309999942779541,1.3300000429153442,1.309999942779541,1.3300000429153442,55200
1391,2020-07-08,1.399999976158142,1.399999976158142,1.2999999523162842,1.309999942779541,34600
1392,2020-07-07,1.2799999713897705,1.340000033378601,1.25,1.3300000429153442,34400
1393,2020-07-06,1.309999942779541,1.3700000047683716,1.309999942779541,1.3600000143051147,81400
1394,2020-07-02,1.399999976158142,1.399999976158142,1.2799999713897705,1.309999942779541,62500
1395,2020-07-01,1.399999976158142,1.399999976158142,1.2799999713897705,1.309999942779541,42200
1396,2020-06-30,1.2599999904632568,1.3700000047683716,1.2599999904632568,1.2999999523162842,60900
1397,2020-06-29,1.1699999570846558,1.340000033378601,1.1699999570846558,1.2599999904632568,41900
1398,2020-06-26,1.25,1.2999999523162842,1.2300000190734863,1.2699999809265137,35900
1399,2020-06-25,1.2999999523162842,1.3300000429153442,1.2699999809265137,1.2699999809265137,60500
1400,2020-06-24,1.25,1.3600000143051147,1.25,1.340000033378601,38600
1401,2020-06-23,1.3200000524520874,1.3899999856948853,1.3200000524520874,1.3700000047683716,23200
1402,2020-06-22,1.340000033378601,1.350000023841858,1.2999999523162842,1.3300000429153442,23700
1403,2020-06-19,1.399999976158142,1.399999976158142,1.3300000429153442,1.3300000429153442,69700
1404,2020-06-18,1.25,1.3200000524520874,1.25,1.2999999523162842,23900
1405,2020-06-17,1.409999966621399,1.409999966621399,1.2899999618530273,1.2999999523162842,31700
1406,2020-06-16,1.2699999809265137,1.3799999952316284,1.2699999809265137,1.3300000429153442,67400
1407,2020-06-15,1.2699999809265137,1.2999999523162842,1.25,1.2699999809265137,68200
1408,2020-06-12,1.25,1.2999999523162842,1.25,1.2899999618530273,65000
1409,2020-06-11,1.3300000429153442,1.4500000476837158,1.3300000429153442,1.3300000429153442,89700
1410,2020-06-10,1.4700000286102295,1.5399999618530273,1.399999976158142,1.4299999475479126,26200
1411,2020-06-09,1.5800000429153442,1.5800000429153442,1.4500000476837158,1.4600000381469727,12100
1412,2020-06-08,1.5199999809265137,1.5199999809265137,1.4500000476837158,1.4700000286102295,128800
1413,2020-06-05,1.5800000429153442,1.5800000429153442,1.4800000190734863,1.4800000190734863,107300
1414,2020-06-04,1.3700000047683716,1.5099999904632568,1.3700000047683716,1.4900000095367432,134800
1415,2020-06-03,1.5299999713897705,1.5299999713897705,1.440000057220459,1.4800000190734863,67100
1416,2020-06-02,1.4800000190734863,1.4800000190734863,1.4500000476837158,1.4600000381469727,43800
1417,2020-06-01,1.4900000095367432,1.4900000095367432,1.4199999570846558,1.4700000286102295,101800
1418,2020-05-29,1.4600000381469727,1.4600000381469727,1.3600000143051147,1.4199999570846558,56200
1419,2020-05-28,1.4500000476837158,1.4500000476837158,1.399999976158142,1.4299999475479126,45200
1420,2020-05-27,1.4900000095367432,1.4900000095367432,1.3700000047683716,1.4299999475479126,61700
1421,2020-05-26,1.3799999952316284,1.4800000190734863,1.3300000429153442,1.4199999570846558,92800
1422,2020-05-22,1.2599999904632568,1.3899999856948853,1.2599999904632568,1.350000023841858,95000
1423,2020-05-21,1.2799999713897705,1.3700000047683716,1.2799999713897705,1.3700000047683716,99900
1424,2020-05-20,1.2999999523162842,1.2999999523162842,1.190000057220459,1.2899999618530273,162300
1425,2020-05-19,1.2400000095367432,1.25,1.2000000476837158,1.2300000190734863,36700
1426,2020-05-18,1.2200000286102295,1.2599999904632568,1.190000057220459,1.2400000095367432,80800
1427,2020-05-15,1.149999976158142,1.1699999570846558,1.149999976158142,1.159999966621399,96200
1428,2020-05-14,1.100000023841858,1.1799999475479126,1.100000023841858,1.1399999856948853,65100
1429,2020-05-13,1.100000023841858,1.190000057220459,1.100000023841858,1.149999976158142,48000
1430,2020-05-12,1.149999976158142,1.2000000476837158,1.149999976158142,1.1699999570846558,50500
1431,2020-05-11,1.2200000286102295,1.2200000286102295,1.159999966621399,1.2000000476837158,82900
1432,2020-05-08,1.2200000286102295,1.2200000286102295,1.159999966621399,1.1699999570846558,29700
1433,2020-05-07,1.190000057220459,1.2000000476837158,1.1299999952316284,1.159999966621399,102700
1434,2020-05-06,1.2300000190734863,1.2300000190734863,1.149999976158142,1.1799999475479126,48300
1435,2020-05-05,1.1100000143051147,1.1799999475479126,1.1100000143051147,1.1799999475479126,55300
1436,2020-05-04,1.0800000429153442,1.159999966621399,1.0800000429153442,1.1100000143051147,76400
1437,2020-05-01,1.1799999475479126,1.1799999475479126,1.1200000047683716,1.1399999856948853,48100
1438,2020-04-30,1.149999976158142,1.1799999475479126,1.090000033378601,1.1799999475479126,229600
1439,2020-04-29,1.1100000143051147,1.1100000143051147,1.0499999523162842,1.090000033378601,111100
1440,2020-04-28,1.100000023841858,1.100000023841858,1.0299999713897705,1.059999942779541,171100
1441,2020-04-27,1.059999942779541,1.0800000429153442,1.0399999618530273,1.0499999523162842,171600
1442,2020-04-24,1.0399999618530273,1.059999942779541,0.9900000095367432,1.0399999618530273,112300
1443,2020-04-23,1.1200000047683716,1.1200000047683716,1.0199999809265137,1.090000033378601,97500
1444,2020-04-22,0.9200000166893005,1.1399999856948853,0.8999999761581421,1.1200000047683716,211200
1445,2020-04-21,0.9700000286102295,0.9700000286102295,0.8500000238418579,0.8999999761581421,28900
1446,2020-04-20,1.0,1.0,0.9300000071525574,0.9700000286102295,74300
1447,2020-04-17,0.9900000095367432,1.0,0.9599999785423279,0.9700000286102295,71500
1448,2020-04-16,1.0,1.0,0.9100000262260437,0.9599999785423279,56700
1449,2020-04-15,1.0700000524520874,1.0700000524520874,0.9900000095367432,1.0399999618530273,76300
1450,2020-04-14,0.9100000262260437,1.0199999809265137,0.9100000262260437,1.0,184300
1451,2020-04-13,0.9100000262260437,0.9100000262260437,0.8799999952316284,0.8999999761581421,39600
1452,2020-04-09,0.9200000166893005,0.9200000166893005,0.8500000238418579,0.8999999761581421,46800
1453,2020-04-08,0.7699999809265137,0.8700000047683716,0.7599999904632568,0.8700000047683716,42500
1454,2020-04-07,0.8799999952316284,0.8799999952316284,0.7599999904632568,0.8100000023841858,82200
1455,2020-04-06,0.7900000214576721,0.8600000143051147,0.7900000214576721,0.8600000143051147,15500
1456,2020-04-03,0.8100000023841858,0.8100000023841858,0.75,0.7900000214576721,17400
1457,2020-04-02,0.8399999737739563,0.8500000238418579,0.8299999833106995,0.8500000238418579,18000
1458,2020-04-01,0.9200000166893005,0.9200000166893005,0.8500000238418579,0.8600000143051147,12900
1459,2020-03-31,0.8899999856948853,0.9200000166893005,0.8899999856948853,0.8899999856948853,12700
1460,2020-03-30,0.75,0.8500000238418579,0.75,0.8299999833106995,35500
1461,2020-03-27,0.8100000023841858,0.8299999833106995,0.75,0.75,34400
1462,2020-03-26,0.8600000143051147,0.8600000143051147,0.7699999809265137,0.8500000238418579,79100
1463,2020-03-25,0.75,0.8600000143051147,0.75,0.8199999928474426,77000
1464,2020-03-24,0.75,0.800000011920929,0.7200000286102295,0.7200000286102295,30100
1465,2020-03-23,0.6499999761581421,0.6800000071525574,0.6299999952316284,0.6800000071525574,32500
1466,2020-03-20,0.699999988079071,0.7900000214576721,0.699999988079071,0.7599999904632568,98700
1467,2020-03-19,0.5600000023841858,0.7099999785423279,0.5600000023841858,0.6499999761581421,70200
1468,2020-03-18,0.6800000071525574,0.6800000071525574,0.5600000023841858,0.6000000238418579,49900
1469,2020-03-17,0.6200000047683716,0.7200000286102295,0.6200000047683716,0.6499999761581421,187900
1470,2020-03-16,0.550000011920929,0.7099999785423279,0.550000011920929,0.6200000047683716,142000
1471,2020-03-13,0.7599999904632568,0.8399999737739563,0.7599999904632568,0.7699999809265137,86100
1472,2020-03-12,0.8799999952316284,0.8799999952316284,0.7599999904632568,0.7699999809265137,150000
1473,2020-03-11,1.0,1.0,0.8999999761581421,0.9300000071525574,23600
1474,2020-03-10,0.8899999856948853,1.0,0.8899999856948853,0.949999988079071,30800
1475,2020-03-09,0.9399999976158142,0.949999988079071,0.8799999952316284,0.949999988079071,127500
1476,2020-03-06,1.0800000429153442,1.1399999856948853,1.0800000429153442,1.1100000143051147,30700
1477,2020-03-05,1.159999966621399,1.159999966621399,1.1100000143051147,1.159999966621399,23800
1478,2020-03-04,1.190000057220459,1.190000057220459,1.1799999475479126,1.1799999475479126,13600
1479,2020-03-03,1.1799999475479126,1.2200000286102295,1.1200000047683716,1.149999976158142,53500
1480,2020-03-02,1.2200000286102295,1.2400000095367432,1.1299999952316284,1.2200000286102295,39700
1481,2020-02-28,1.2400000095367432,1.2400000095367432,1.1299999952316284,1.1799999475479126,139100
1482,2020-02-27,1.2899999618530273,1.3200000524520874,1.2599999904632568,1.2599999904632568,34300
1483,2020-02-26,1.2899999618530273,1.2899999618530273,1.2400000095367432,1.25,73400
1484,2020-02-25,1.350000023841858,1.3700000047683716,1.2999999523162842,1.309999942779541,43500
1485,2020-02-24,1.3300000429153442,1.4500000476837158,1.3300000429153442,1.3899999856948853,50300
1486,2020-02-21,1.4900000095367432,1.4900000095367432,1.440000057220459,1.4700000286102295,12600
1487,2020-02-20,1.409999966621399,1.4600000381469727,1.409999966621399,1.4500000476837158,13100
1488,2020-02-19,1.4600000381469727,1.5,1.409999966621399,1.4299999475479126,65000
1489,2020-02-18,1.4800000190734863,1.4800000190734863,1.4199999570846558,1.4700000286102295,77200
1490,2020-02-14,1.5299999713897705,1.5299999713897705,1.4700000286102295,1.5199999809265137,83700
1491,2020-02-13,1.5199999809265137,1.5800000429153442,1.4600000381469727,1.5800000429153442,97700
1492,2020-02-12,1.3600000143051147,1.4900000095367432,1.3600000143051147,1.4600000381469727,62400
1493,2020-02-11,1.350000023841858,1.4900000095367432,1.350000023841858,1.4600000381469727,41300
1494,2020-02-10,1.5,1.5,1.4600000381469727,1.4700000286102295,19300
1495,2020-02-07,1.5099999904632568,1.5099999904632568,1.4700000286102295,1.5099999904632568,31100
1496,2020-02-06,1.5499999523162842,1.5499999523162842,1.5199999809265137,1.5199999809265137,41100
1497,2020-02-05,1.5199999809265137,1.5199999809265137,1.4700000286102295,1.5199999809265137,40800
1498,2020-02-04,1.4600000381469727,1.5,1.4600000381469727,1.4600000381469727,40600
1499,2020-02-03,1.4700000286102295,1.4800000190734863,1.4500000476837158,1.4700000286102295,43500
1500,2020-01-31,1.4199999570846558,1.4700000286102295,1.4199999570846558,1.4700000286102295,25800
1501,2020-01-30,1.5099999904632568,1.5099999904632568,1.4500000476837158,1.4800000190734863,48000
1502,2020-01-29,1.5499999523162842,1.5499999523162842,1.5399999618530273,1.5499999523162842,22600
1503,2020-01-28,1.5499999523162842,1.5800000429153442,1.5299999713897705,1.5499999523162842,51500
1504,2020-01-27,1.5199999809265137,1.6200000047683716,1.5199999809265137,1.6200000047683716,35600
1505,2020-01-24,1.5499999523162842,1.6299999952316284,1.5499999523162842,1.6200000047683716,37800
1506,2020-01-23,1.559999942779541,1.6100000143051147,1.559999942779541,1.600000023841858,25700
1507,2020-01-22,1.6399999856948853,1.690000057220459,1.6100000143051147,1.6200000047683716,30500
1508,2020-01-21,1.7100000381469727,1.7100000381469727,1.600000023841858,1.6299999952316284,49400
1509,2020-01-17,1.690000057220459,1.690000057220459,1.6699999570846558,1.690000057220459,39500
1510,2020-01-16,1.75,1.75,1.659999966621399,1.6799999475479126,28600
1511,2020-01-15,1.7000000476837158,1.7000000476837158,1.649999976158142,1.649999976158142,27700
1512,2020-01-14,1.6399999856948853,1.6799999475479126,1.6399999856948853,1.6699999570846558,7900
1513,2020-01-13,1.6699999570846558,1.690000057220459,1.6299999952316284,1.6399999856948853,44100
1514,2020-01-10,1.659999966621399,1.6799999475479126,1.659999966621399,1.6699999570846558,23800
1515,2020-01-09,1.5800000429153442,1.6799999475479126,1.5800000429153442,1.659999966621399,49600
1516,2020-01-08,1.649999976158142,1.649999976158142,1.6100000143051147,1.6299999952316284,36400
1517,2020-01-07,1.649999976158142,1.6699999570846558,1.6200000047683716,1.649999976158142,76300
1518,2020-01-06,1.6699999570846558,1.6699999570846558,1.600000023841858,1.659999966621399,79900
1519,2020-01-03,1.7000000476837158,1.7000000476837158,1.6100000143051147,1.6299999952316284,70100
1520,2020-01-02,1.6100000143051147,1.690000057220459,1.6100000143051147,1.6799999475479126,69300
1521,2019-12-31,1.7000000476837158,1.7100000381469727,1.6100000143051147,1.690000057220459,70200
1522,2019-12-30,1.7400000095367432,1.7400000095367432,1.7000000476837158,1.7300000190734863,86700
1523,2019-12-27,1.7100000381469727,1.7200000286102295,1.659999966621399,1.7000000476837158,41500
1524,2019-12-26,1.649999976158142,1.690000057220459,1.6299999952316284,1.659999966621399,138700
1525,2019-12-24,1.649999976158142,1.659999966621399,1.6299999952316284,1.659999966621399,55800
1526,2019-12-23,1.6699999570846558,1.690000057220459,1.6200000047683716,1.6699999570846558,73600
1527,2019-12-20,1.7100000381469727,1.7100000381469727,1.659999966621399,1.7000000476837158,77500
1528,2019-12-19,1.6200000047683716,1.7000000476837158,1.6200000047683716,1.6699999570846558,69900
1529,2019-12-18,1.690000057220459,1.7100000381469727,1.6699999570846558,1.6799999475479126,151200
1530,2019-12-17,1.7100000381469727,1.7699999809265137,1.7000000476837158,1.75,200400
1531,2019-12-16,1.8200000524520874,1.8899999856948853,1.809999942779541,1.8700000047683716,154200
1532,2019-12-13,1.8300000429153442,1.8300000429153442,1.7100000381469727,1.809999942779541,120600
1533,2019-12-12,1.690000057220459,1.7100000381469727,1.559999942779541,1.7100000381469727,94100
1534,2019-12-11,1.5099999904632568,1.5499999523162842,1.4700000286102295,1.5499999523162842,97300
1535,2019-12-10,1.4900000095367432,1.4900000095367432,1.4299999475479126,1.4600000381469727,32500
1536,2019-12-09,1.440000057220459,1.4700000286102295,1.399999976158142,1.4700000286102295,18300
1537,2019-12-06,1.399999976158142,1.4199999570846558,1.399999976158142,1.409999966621399,32500
1538,2019-12-05,1.4500000476837158,1.4600000381469727,1.399999976158142,1.4199999570846558,71600
1539,2019-12-04,1.4500000476837158,1.4600000381469727,1.440000057220459,1.4600000381469727,38700
1540,2019-12-03,1.4500000476837158,1.4700000286102295,1.399999976158142,1.4500000476837158,36900
1541,2019-12-02,1.4700000286102295,1.5299999713897705,1.4500000476837158,1.5,55000
1542,2019-11-29,1.5299999713897705,1.5299999713897705,1.4700000286102295,1.5299999713897705,7000
1543,2019-11-27,1.5299999713897705,1.559999942779541,1.5,1.5299999713897705,23500
1544,2019-11-26,1.5499999523162842,1.5700000524520874,1.5,1.5499999523162842,19400
1545,2019-11-25,1.590000033378601,1.600000023841858,1.559999942779541,1.5800000429153442,25400
1546,2019-11-22,1.5800000429153442,1.6200000047683716,1.5700000524520874,1.6100000143051147,34900
1547,2019-11-21,1.5299999713897705,1.5800000429153442,1.5099999904632568,1.5499999523162842,26400
1548,2019-11-20,1.5800000429153442,1.6100000143051147,1.5399999618530273,1.600000023841858,13300
1549,2019-11-19,1.600000023841858,1.649999976158142,1.600000023841858,1.6200000047683716,48200
1550,2019-11-18,1.6100000143051147,1.6200000047683716,1.5399999618530273,1.600000023841858,26800
1551,2019-11-15,1.6100000143051147,1.6200000047683716,1.559999942779541,1.6200000047683716,30900
1552,2019-11-14,1.600000023841858,1.6399999856948853,1.600000023841858,1.6299999952316284,21400
1553,2019-11-13,1.649999976158142,1.649999976158142,1.6200000047683716,1.6200000047683716,49300
1554,2019-11-12,1.659999966621399,1.7000000476837158,1.6299999952316284,1.6699999570846558,51300
1555,2019-11-11,1.7400000095367432,1.7400000095367432,1.7000000476837158,1.7100000381469727,40900
1556,2019-11-08,1.75,1.75,1.7100000381469727,1.7200000286102295,60100
1557,2019-11-07,1.6799999475479126,1.7999999523162842,1.6799999475479126,1.7599999904632568,49200
1558,2019-11-06,1.7200000286102295,1.7799999713897705,1.7200000286102295,1.7699999809265137,51400
1559,2019-11-05,1.8200000524520874,1.8200000524520874,1.7899999618530273,1.7999999523162842,76700
1560,2019-11-04,1.7999999523162842,1.850000023841858,1.75,1.850000023841858,94500
1561,2019-11-01,1.7699999809265137,1.809999942779541,1.7599999904632568,1.7999999523162842,90300
1562,2019-10-31,1.7300000190734863,1.809999942779541,1.7300000190734863,1.7599999904632568,58800
1563,2019-10-30,1.7999999523162842,1.7999999523162842,1.7599999904632568,1.7799999713897705,154400
1564,2019-10-29,1.659999966621399,1.840000033378601,1.659999966621399,1.8200000524520874,280700
1565,2019-10-28,1.7400000095367432,1.75,1.7400000095367432,1.7400000095367432,11400
1566,2019-10-25,1.7799999713897705,1.7799999713897705,1.7400000095367432,1.7400000095367432,5900
1567,2019-10-24,1.7100000381469727,1.7599999904632568,1.7100000381469727,1.7599999904632568,36200
1568,2019-10-23,1.7799999713897705,1.7799999713897705,1.7400000095367432,1.75,32400
1569,2019-10-22,1.809999942779541,1.809999942779541,1.7599999904632568,1.7899999618530273,2700
1570,2019-10-21,1.7400000095367432,1.8600000143051147,1.7400000095367432,1.809999942779541,70100
1571,2019-10-18,1.7599999904632568,1.7599999904632568,1.7000000476837158,1.7300000190734863,21000
1572,2019-10-17,1.7999999523162842,1.8300000429153442,1.7599999904632568,1.7899999618530273,33500
1573,2019-10-16,1.8700000047683716,1.8700000047683716,1.7699999809265137,1.840000033378601,25800
1574,2019-10-15,1.7400000095367432,1.8600000143051147,1.7400000095367432,1.840000033378601,134000
1575,2019-10-14,1.809999942779541,1.8200000524520874,1.7400000095367432,1.7400000095367432,15600
1576,2019-10-11,1.7400000095367432,1.7899999618530273,1.7400000095367432,1.7899999618530273,37600
1577,2019-10-10,1.7300000190734863,1.7300000190734863,1.7000000476837158,1.7200000286102295,66000
1578,2019-10-09,1.809999942779541,1.809999942779541,1.7100000381469727,1.7300000190734863,15500
1579,2019-10-08,1.7999999523162842,1.7999999523162842,1.6799999475479126,1.7000000476837158,20800
1580,2019-10-07,1.7300000190734863,1.7300000190734863,1.7200000286102295,1.7200000286102295,400
1581,2019-10-04,1.7400000095367432,1.7899999618530273,1.7200000286102295,1.7400000095367432,4500
1582,2019-10-03,1.7000000476837158,1.7400000095367432,1.7000000476837158,1.7200000286102295,18400
1583,2019-10-02,1.7400000095367432,1.7599999904632568,1.7400000095367432,1.75,16800
1584,2019-10-01,1.7699999809265137,1.7899999618530273,1.7699999809265137,1.7699999809265137,6100
1585,2019-09-30,1.850000023841858,1.8700000047683716,1.7899999618530273,1.7899999618530273,39900
1586,2019-09-27,1.8300000429153442,1.8300000429153442,1.75,1.7599999904632568,19100
1587,2019-09-26,1.7300000190734863,1.75,1.7300000190734863,1.75,1500
1588,2019-09-25,1.7899999618530273,1.7999999523162842,1.7400000095367432,1.75,32300
1589,2019-09-24,1.75,1.7899999618530273,1.75,1.7799999713897705,7100
1590,2019-09-23,1.7400000095367432,1.7599999904632568,1.7100000381469727,1.75,24100
1591,2019-09-20,1.7999999523162842,1.7999999523162842,1.7599999904632568,1.7699999809265137,11900
1592,2019-09-19,1.7400000095367432,1.7999999523162842,1.7100000381469727,1.75,16100
1593,2019-09-18,1.7200000286102295,1.7200000286102295,1.7000000476837158,1.7000000476837158,1700
1594,2019-09-17,1.7999999523162842,1.7999999523162842,1.7000000476837158,1.7000000476837158,4300
1595,2019-09-16,1.7799999713897705,1.7799999713897705,1.75,1.75,32700
1596,2019-09-13,1.7200000286102295,1.7200000286102295,1.7000000476837158,1.7200000286102295,25200
1597,2019-09-12,1.7699999809265137,1.7899999618530273,1.7100000381469727,1.7200000286102295,21800
1598,2019-09-11,1.690000057220459,1.7699999809265137,1.690000057220459,1.7200000286102295,43600
1599,2019-09-10,1.649999976158142,1.6799999475479126,1.6399999856948853,1.649999976158142,9800
1600,2019-09-09,1.649999976158142,1.7300000190734863,1.649999976158142,1.649999976158142,13700
1601,2019-09-06,1.649999976158142,1.7100000381469727,1.649999976158142,1.659999966621399,37600
1602,2019-09-05,1.6799999475479126,1.6799999475479126,1.600000023841858,1.649999976158142,55700
1603,2019-09-04,1.7200000286102295,1.7200000286102295,1.649999976158142,1.659999966621399,7500
1604,2019-09-03,1.5700000524520874,1.690000057220459,1.5700000524520874,1.649999976158142,23100
1605,2019-08-30,1.5299999713897705,1.6799999475479126,1.5299999713897705,1.649999976158142,25200
1606,2019-08-29,1.690000057220459,1.690000057220459,1.6299999952316284,1.6399999856948853,21100
1607,2019-08-28,1.600000023841858,1.6299999952316284,1.590000033378601,1.6299999952316284,31700
1608,2019-08-27,1.659999966621399,1.659999966621399,1.6200000047683716,1.6399999856948853,73000
1609,2019-08-26,1.649999976158142,1.649999976158142,1.5700000524520874,1.6200000047683716,42200
1610,2019-08-23,1.600000023841858,1.600000023841858,1.559999942779541,1.5800000429153442,70500
1611,2019-08-22,1.6799999475479126,1.6799999475479126,1.6299999952316284,1.6399999856948853,60500
1612,2019-08-21,1.659999966621399,1.75,1.659999966621399,1.7200000286102295,51900
1613,2019-08-20,1.7999999523162842,1.7999999523162842,1.7599999904632568,1.7699999809265137,19200
1614,2019-08-19,1.8300000429153442,1.8300000429153442,1.75,1.8300000429153442,33300
1615,2019-08-16,1.7999999523162842,1.8300000429153442,1.75,1.809999942779541,41600
1616,2019-08-15,1.7400000095367432,1.75,1.6299999952316284,1.7100000381469727,117100
1617,2019-08-14,1.9199999570846558,1.9199999570846558,1.840000033378601,1.8700000047683716,41800
1618,2019-08-13,1.9600000381469727,2.0,1.9600000381469727,1.9600000381469727,17400
1619,2019-08-12,1.9900000095367432,2.0,1.9500000476837158,1.9700000286102295,45100
1620,2019-08-09,2.049999952316284,2.049999952316284,1.9500000476837158,2.0,78300
1621,2019-08-08,1.8899999856948853,1.9199999570846558,1.8600000143051147,1.909999966621399,71200
1622,2019-08-07,1.940000057220459,1.940000057220459,1.8200000524520874,1.8899999856948853,21500
1623,2019-08-06,1.7999999523162842,1.8600000143051147,1.7400000095367432,1.7999999523162842,62200
1624,2019-08-05,1.7699999809265137,1.7899999618530273,1.7000000476837158,1.7699999809265137,39600
1625,2019-08-02,1.8600000143051147,1.8600000143051147,1.8200000524520874,1.840000033378601,16000
1626,2019-08-01,1.7799999713897705,1.8899999856948853,1.7599999904632568,1.7699999809265137,211200
1627,2019-07-31,1.7100000381469727,1.7799999713897705,1.7000000476837158,1.7699999809265137,16300
1628,2019-07-30,1.6799999475479126,1.7699999809265137,1.6699999570846558,1.7000000476837158,59900
1629,2019-07-29,1.840000033378601,1.840000033378601,1.7400000095367432,1.7799999713897705,40100
1630,2019-07-26,1.850000023841858,1.850000023841858,1.7699999809265137,1.7999999523162842,135100
1631,2019-07-25,1.909999966621399,1.9800000190734863,1.850000023841858,1.8600000143051147,116100
1632,2019-07-24,1.9500000476837158,1.9500000476837158,1.899999976158142,1.9299999475479126,20100
1633,2019-07-23,1.9500000476837158,1.9600000381469727,1.9500000476837158,1.9500000476837158,16500
1634,2019-07-22,1.9199999570846558,1.9600000381469727,1.9199999570846558,1.9500000476837158,10100
1635,2019-07-19,2.0399999618530273,2.0399999618530273,1.9600000381469727,1.9800000190734863,104600
1636,2019-07-18,1.8799999952316284,1.940000057220459,1.8799999952316284,1.9199999570846558,20700
1637,2019-07-17,1.8700000047683716,1.899999976158142,1.8700000047683716,1.8799999952316284,6100
1638,2019-07-16,1.8600000143051147,1.940000057220459,1.8600000143051147,1.8700000047683716,116000
1639,2019-07-15,2.0299999713897705,2.0299999713897705,1.9500000476837158,1.9500000476837158,28400
1640,2019-07-12,1.909999966621399,1.9600000381469727,1.909999966621399,1.9500000476837158,11200
1641,2019-07-11,1.9500000476837158,1.9500000476837158,1.899999976158142,1.9199999570846558,12000
1642,2019-07-10,1.899999976158142,1.9500000476837158,1.899999976158142,1.9500000476837158,95800
1643,2019-07-09,1.8899999856948853,1.8899999856948853,1.840000033378601,1.850000023841858,32500
1644,2019-07-08,1.9199999570846558,1.9199999570846558,1.8600000143051147,1.8899999856948853,7800
1645,2019-07-05,1.850000023841858,1.9500000476837158,1.850000023841858,1.909999966621399,73400
1646,2019-07-03,1.8200000524520874,1.850000023841858,1.7999999523162842,1.8300000429153442,11700
1647,2019-07-02,1.8200000524520874,1.850000023841858,1.7999999523162842,1.8200000524520874,58800
1648,2019-07-01,1.7999999523162842,1.8600000143051147,1.7799999713897705,1.8200000524520874,68700
1649,2019-06-28,1.8300000429153442,1.8700000047683716,1.7999999523162842,1.840000033378601,56000
1650,2019-06-27,1.909999966621399,1.909999966621399,1.7999999523162842,1.840000033378601,35400
1651,2019-06-26,1.8200000524520874,1.8600000143051147,1.7999999523162842,1.8200000524520874,61300
1652,2019-06-25,1.7799999713897705,1.850000023841858,1.7699999809265137,1.8300000429153442,72100
1653,2019-06-24,1.7899999618530273,1.7899999618530273,1.75,1.7899999618530273,24100
1654,2019-06-21,1.7699999809265137,1.7999999523162842,1.7599999904632568,1.7999999523162842,10200
1655,2019-06-20,1.7999999523162842,1.7999999523162842,1.7699999809265137,1.7999999523162842,65800
1656,2019-06-19,1.7899999618530273,1.840000033378601,1.75,1.8200000524520874,21200
1657,2019-06-18,1.809999942779541,1.8700000047683716,1.7899999618530273,1.7899999618530273,82600
1658,2019-06-17,1.8700000047683716,1.8700000047683716,1.8200000524520874,1.850000023841858,32100
1659,2019-06-14,1.8799999952316284,1.9500000476837158,1.840000033378601,1.8899999856948853,94500
1660,2019-06-13,1.9700000286102295,2.0,1.940000057220459,1.9700000286102295,114500
1661,2019-06-12,1.940000057220459,2.0,1.9299999475479126,2.0,114500
1662,2019-06-11,1.9700000286102295,1.9800000190734863,1.899999976158142,1.9299999475479126,91200
1663,2019-06-10,2.0299999713897705,2.0999999046325684,2.0,2.0799999237060547,66700
1664,2019-06-07,1.9299999475479126,2.049999952316284,1.9199999570846558,2.009999990463257,85700
1665,2019-06-06,1.9299999475479126,1.9299999475479126,1.8899999856948853,1.909999966621399,58200
1666,2019-06-05,1.8600000143051147,1.9299999475479126,1.8600000143051147,1.8700000047683716,66200
1667,2019-06-04,1.850000023841858,1.8799999952316284,1.7999999523162842,1.8200000524520874,243400
1668,2019-06-03,2.0999999046325684,2.140000104904175,2.0199999809265137,2.0299999713897705,233500
1669,2019-05-31,2.1700000762939453,2.2200000286102295,2.109999895095825,2.1700000762939453,285000
1670,2019-05-30,2.0999999046325684,2.200000047683716,1.899999976158142,1.9299999475479126,402600
1671,2019-05-29,1.9900000095367432,2.3299999237060547,1.9800000190734863,2.1500000953674316,817500
1672,2019-05-28,1.5800000429153442,1.7300000190734863,1.5800000429153442,1.7200000286102295,56700
1673,2019-05-24,1.6699999570846558,1.6699999570846558,1.6299999952316284,1.6299999952316284,60500
1674,2019-05-23,1.7100000381469727,1.7100000381469727,1.659999966621399,1.6799999475479126,56300
1675,2019-05-22,1.7799999713897705,1.7799999713897705,1.6699999570846558,1.7000000476837158,153800
1676,2019-05-21,1.7000000476837158,1.899999976158142,1.6299999952316284,1.8300000429153442,248900
1677,2019-05-20,1.399999976158142,1.590000033378601,1.399999976158142,1.590000033378601,243500
1678,2019-05-17,1.4199999570846558,1.4199999570846558,1.4199999570846558,1.4199999570846558,2200
1679,2019-05-16,1.3899999856948853,1.4500000476837158,1.3899999856948853,1.4500000476837158,16400
1680,2019-05-15,1.309999942779541,1.309999942779541,1.2599999904632568,1.309999942779541,3300
1681,2019-05-14,1.2999999523162842,1.309999942779541,1.2999999523162842,1.309999942779541,6700
1682,2019-05-13,1.309999942779541,1.309999942779541,1.25,1.25,13900
1683,2019-05-10,1.309999942779541,1.309999942779541,1.309999942779541,1.309999942779541,1000
1684,2019-05-09,1.2799999713897705,1.2999999523162842,1.2699999809265137,1.2999999523162842,8400
1685,2019-05-08,1.2300000190734863,1.2699999809265137,1.2300000190734863,1.2400000095367432,3400
1686,2019-05-07,1.2699999809265137,1.3300000429153442,1.25,1.2699999809265137,4200
1687,2019-05-06,1.2200000286102295,1.2999999523162842,1.2200000286102295,1.2999999523162842,27900
1688,2019-05-03,1.340000033378601,1.340000033378601,1.340000033378601,1.340000033378601,3200
1689,2019-05-02,1.4199999570846558,1.4199999570846558,1.350000023841858,1.350000023841858,700
1690,2019-05-01,1.3899999856948853,1.3899999856948853,1.3700000047683716,1.3700000047683716,1200
1691,2019-04-30,1.4299999475479126,1.4299999475479126,1.340000033378601,1.4199999570846558,3800
1692,2019-04-29,1.3799999952316284,1.3799999952316284,1.350000023841858,1.350000023841858,7200
1693,2019-04-26,1.340000033378601,1.4299999475479126,1.340000033378601,1.3700000047683716,6300
1694,2019-04-25,1.3899999856948853,1.440000057220459,1.3600000143051147,1.399999976158142,6700
1695,2019-04-24,1.4800000190734863,1.4800000190734863,1.399999976158142,1.4500000476837158,15200
1696,2019-04-23,1.3899999856948853,1.3899999856948853,1.3899999856948853,1.3899999856948853,4000
1697,2019-04-22,1.3700000047683716,1.3899999856948853,1.3700000047683716,1.3899999856948853,2400
1698,2019-04-18,1.399999976158142,1.399999976158142,1.3799999952316284,1.3899999856948853,11400
1699,2019-04-17,1.409999966621399,1.409999966621399,1.399999976158142,1.409999966621399,4100
1700,2019-04-16,1.409999966621399,1.440000057220459,1.399999976158142,1.399999976158142,5100
1701,2019-04-15,1.4600000381469727,1.4600000381469727,1.4299999475479126,1.4299999475479126,12600
1702,2019-04-12,1.4800000190734863,1.4800000190734863,1.4299999475479126,1.4500000476837158,5800
1703,2019-04-11,1.5,1.5,1.4299999475479126,1.440000057220459,8100
1704,2019-04-10,1.5399999618530273,1.5399999618530273,1.4700000286102295,1.4900000095367432,38200
1705,2019-04-09,1.4800000190734863,1.5399999618530273,1.4800000190734863,1.5399999618530273,3100
1706,2019-04-08,1.4500000476837158,1.4600000381469727,1.4199999570846558,1.4500000476837158,56400
1707,2019-04-05,1.5,1.5299999713897705,1.440000057220459,1.4700000286102295,42500
1708,2019-04-04,1.5399999618530273,1.5399999618530273,1.4800000190734863,1.4900000095367432,17000
1709,2019-04-03,1.5700000524520874,1.5700000524520874,1.5299999713897705,1.5399999618530273,34700
1710,2019-04-02,1.5499999523162842,1.5499999523162842,1.5199999809265137,1.5299999713897705,43100
1711,2019-04-01,1.559999942779541,1.559999942779541,1.4800000190734863,1.5199999809265137,32200
1712,2019-03-29,1.4800000190734863,1.4800000190734863,1.4500000476837158,1.4700000286102295,43100
1713,2019-03-28,1.4800000190734863,1.4800000190734863,1.4299999475479126,1.4700000286102295,94700
1714,2019-03-27,1.4500000476837158,1.4700000286102295,1.4199999570846558,1.440000057220459,68500
1715,2019-03-26,1.4299999475479126,1.440000057220459,1.3700000047683716,1.409999966621399,177700
1716,2019-03-25,1.100000023841858,1.1100000143051147,1.0700000524520874,1.100000023841858,26200
1717,2019-03-22,1.1399999856948853,1.1399999856948853,1.1200000047683716,1.1200000047683716,5000
1718,2019-03-21,1.1399999856948853,1.149999976158142,1.1399999856948853,1.149999976158142,1400
1719,2019-03-20,1.1399999856948853,1.1699999570846558,1.1399999856948853,1.1699999570846558,6600
1720,2019-03-19,1.1399999856948853,1.1399999856948853,1.1399999856948853,1.1399999856948853,0
1721,2019-03-18,1.1799999475479126,1.1799999475479126,1.1299999952316284,1.1399999856948853,11400
1722,2019-03-15,1.1799999475479126,1.1799999475479126,1.1299999952316284,1.1299999952316284,3100
1723,2019-03-14,1.1299999952316284,1.159999966621399,1.1299999952316284,1.1399999856948853,14800
1724,2019-03-13,1.1100000143051147,1.1100000143051147,1.100000023841858,1.1100000143051147,15200
1725,2019-03-12,1.100000023841858,1.1100000143051147,1.100000023841858,1.1100000143051147,5700
1726,2019-03-11,1.1299999952316284,1.1299999952316284,1.1100000143051147,1.1100000143051147,3300
1727,2019-03-08,1.1299999952316284,1.1299999952316284,1.1200000047683716,1.1299999952316284,4400
1728,2019-03-07,1.0800000429153442,1.1399999856948853,1.0800000429153442,1.1399999856948853,3200
1729,2019-03-06,1.159999966621399,1.159999966621399,1.159999966621399,1.159999966621399,5000
1730,2019-03-05,1.090000033378601,1.100000023841858,1.090000033378601,1.100000023841858,8900
1731,2019-03-04,1.100000023841858,1.149999976158142,1.0800000429153442,1.1299999952316284,52800
1732,2019-03-01,1.1399999856948853,1.159999966621399,1.1399999856948853,1.159999966621399,27600
1733,2019-02-28,1.2400000095367432,1.2400000095367432,1.1799999475479126,1.2400000095367432,17700
1734,2019-02-27,1.2599999904632568,1.2599999904632568,1.2300000190734863,1.2300000190734863,6900
1735,2019-02-26,1.2200000286102295,1.2699999809265137,1.2200000286102295,1.2699999809265137,21900
1736,2019-02-25,1.190000057220459,1.2400000095367432,1.190000057220459,1.190000057220459,12100
1737,2019-02-22,1.2000000476837158,1.2400000095367432,1.2000000476837158,1.2100000381469727,2300
1738,2019-02-21,1.2400000095367432,1.2400000095367432,1.2000000476837158,1.2000000476837158,2400
1739,2019-02-20,1.25,1.2899999618530273,1.25,1.2599999904632568,4100
1740,2019-02-19,1.309999942779541,1.309999942779541,1.2599999904632568,1.2699999809265137,39300
1741,2019-02-15,1.2400000095367432,1.2999999523162842,1.2400000095367432,1.2999999523162842,16100
1742,2019-02-14,1.190000057220459,1.2000000476837158,1.1799999475479126,1.2000000476837158,51100
1743,2019-02-13,1.1200000047683716,1.1799999475479126,1.1200000047683716,1.1799999475479126,26900
1744,2019-02-12,1.1399999856948853,1.1399999856948853,1.1100000143051147,1.1200000047683716,2300
1745,2019-02-11,1.1799999475479126,1.190000057220459,1.100000023841858,1.1100000143051147,20000
1746,2019-02-08,1.159999966621399,1.1799999475479126,1.1200000047683716,1.1299999952316284,4000
1747,2019-02-07,1.190000057220459,1.190000057220459,1.190000057220459,1.190000057220459,3000
1748,2019-02-06,1.2000000476837158,1.2000000476837158,1.1799999475479126,1.1799999475479126,2400
1749,2019-02-05,1.1799999475479126,1.190000057220459,1.1799999475479126,1.190000057220459,10600
1750,2019-02-04,1.1399999856948853,1.190000057220459,1.1399999856948853,1.1399999856948853,3800
1751,2019-02-01,1.2200000286102295,1.2200000286102295,1.1299999952316284,1.1399999856948853,7400
1752,2019-01-31,1.190000057220459,1.190000057220459,1.1399999856948853,1.149999976158142,21400
1753,2019-01-30,1.0800000429153442,1.149999976158142,1.0800000429153442,1.149999976158142,8500
1754,2019-01-29,1.0700000524520874,1.100000023841858,1.059999942779541,1.0800000429153442,12500
1755,2019-01-28,1.1399999856948853,1.1399999856948853,1.0499999523162842,1.0499999523162842,26200
1756,2019-01-25,1.090000033378601,1.1200000047683716,1.090000033378601,1.100000023841858,21100
1757,2019-01-24,1.0800000429153442,1.1200000047683716,1.0800000429153442,1.1200000047683716,6600
1758,2019-01-23,1.149999976158142,1.1699999570846558,1.1399999856948853,1.1699999570846558,28500
1759,2019-01-22,1.159999966621399,1.159999966621399,1.149999976158142,1.149999976158142,8900
1760,2019-01-18,1.1699999570846558,1.2000000476837158,1.1699999570846558,1.190000057220459,2600
1761,2019-01-17,1.159999966621399,1.159999966621399,1.149999976158142,1.149999976158142,15200
1762,2019-01-16,1.1699999570846558,1.2000000476837158,1.1699999570846558,1.2000000476837158,4600
1763,2019-01-15,1.190000057220459,1.190000057220459,1.159999966621399,1.159999966621399,4300
1764,2019-01-14,1.190000057220459,1.190000057220459,1.1799999475479126,1.190000057220459,7200
1765,2019-01-11,1.190000057220459,1.190000057220459,1.1799999475479126,1.190000057220459,4200
1766,2019-01-10,1.2200000286102295,1.2300000190734863,1.2200000286102295,1.2200000286102295,1000
1767,2019-01-09,1.2200000286102295,1.2200000286102295,1.159999966621399,1.1699999570846558,41000
1768,2019-01-08,1.190000057220459,1.190000057220459,1.149999976158142,1.190000057220459,6700
1769,2019-01-07,1.1299999952316284,1.1699999570846558,1.1299999952316284,1.149999976158142,4200
1770,2019-01-04,1.100000023841858,1.100000023841858,1.059999942779541,1.0800000429153442,8300
1771,2019-01-03,1.100000023841858,1.1299999952316284,1.100000023841858,1.1299999952316284,500
1772,2019-01-02,1.100000023841858,1.100000023841858,1.059999942779541,1.100000023841858,9300
1773,2018-12-31,1.100000023841858,1.1299999952316284,1.100000023841858,1.1200000047683716,19200
1774,2018-12-28,1.090000033378601,1.1299999952316284,1.059999942779541,1.100000023841858,31800
1775,2018-12-27,1.1399999856948853,1.1399999856948853,1.0800000429153442,1.0800000429153442,13200
1776,2018-12-26,1.1100000143051147,1.1200000047683716,1.1100000143051147,1.1100000143051147,4100
1777,2018-12-24,1.0800000429153442,1.1299999952316284,1.0800000429153442,1.1100000143051147,22300
1778,2018-12-21,1.100000023841858,1.1100000143051147,1.100000023841858,1.100000023841858,14800
1779,2018-12-20,1.059999942779541,1.1200000047683716,1.059999942779541,1.1100000143051147,24200
1780,2018-12-19,1.2000000476837158,1.2000000476837158,1.190000057220459,1.190000057220459,15100
1781,2018-12-18,1.2000000476837158,1.2200000286102295,1.2000000476837158,1.2200000286102295,5300
1782,2018-12-17,1.159999966621399,1.2000000476837158,1.149999976158142,1.190000057220459,20500
1783,2018-12-14,1.159999966621399,1.1799999475479126,1.1399999856948853,1.159999966621399,33000
1784,2018-12-13,1.190000057220459,1.190000057220459,1.190000057220459,1.190000057220459,4000
1785,2018-12-12,1.149999976158142,1.190000057220459,1.149999976158142,1.1799999475479126,35800
1786,2018-12-11,1.2000000476837158,1.2200000286102295,1.159999966621399,1.159999966621399,24900
1787,2018-12-10,1.2300000190734863,1.2300000190734863,1.149999976158142,1.1799999475479126,18800
1788,2018-12-07,1.2100000381469727,1.2300000190734863,1.1699999570846558,1.1799999475479126,11100
1789,2018-12-06,1.2100000381469727,1.2200000286102295,1.1299999952316284,1.149999976158142,64200
1790,2018-12-04,1.5299999713897705,1.5399999618530273,1.350000023841858,1.3600000143051147,102400
1791,2018-12-03,1.6299999952316284,1.649999976158142,1.6299999952316284,1.6299999952316284,27100
1792,2018-11-30,1.5199999809265137,1.5199999809265137,1.5099999904632568,1.5099999904632568,15800
1793,2018-11-29,1.5,1.5,1.5,1.5,400
1794,2018-11-28,1.4900000095367432,1.559999942779541,1.4900000095367432,1.559999942779541,25000
1795,2018-11-27,1.4600000381469727,1.4800000190734863,1.4600000381469727,1.4800000190734863,21900
1796,2018-11-26,1.5199999809265137,1.5199999809265137,1.440000057220459,1.4600000381469727,9100
1797,2018-11-23,1.5800000429153442,1.5800000429153442,1.5299999713897705,1.5499999523162842,7900
1798,2018-11-21,1.5499999523162842,1.6100000143051147,1.5499999523162842,1.600000023841858,18800
1799,2018-11-20,1.659999966621399,1.659999966621399,1.600000023841858,1.6399999856948853,31500
1800,2018-11-19,1.659999966621399,1.7400000095367432,1.659999966621399,1.659999966621399,33600
1801,2018-11-16,1.6699999570846558,1.7000000476837158,1.6699999570846558,1.7000000476837158,4800
1802,2018-11-15,1.6799999475479126,1.7000000476837158,1.659999966621399,1.659999966621399,10600
1803,2018-11-14,1.559999942779541,1.649999976158142,1.5499999523162842,1.649999976158142,12800
1804,2018-11-13,1.6299999952316284,1.6299999952316284,1.6299999952316284,1.6299999952316284,17100
1805,2018-11-12,1.6399999856948853,1.6799999475479126,1.6399999856948853,1.6799999475479126,13800
1806,2018-11-09,1.5399999618530273,1.5399999618530273,1.5199999809265137,1.5299999713897705,11500
1807,2018-11-08,1.590000033378601,1.590000033378601,1.5800000429153442,1.5800000429153442,6900
1808,2018-11-07,1.5499999523162842,1.5499999523162842,1.4800000190734863,1.5499999523162842,7400
1809,2018-11-06,1.5399999618530273,1.5399999618530273,1.4800000190734863,1.5199999809265137,12500
1810,2018-11-05,1.4700000286102295,1.5,1.4700000286102295,1.5,2600
1811,2018-11-02,1.5199999809265137,1.5499999523162842,1.4800000190734863,1.4800000190734863,13900
1812,2018-11-01,1.5499999523162842,1.5499999523162842,1.4600000381469727,1.5,18300
1813,2018-10-31,1.4199999570846558,1.5399999618530273,1.4199999570846558,1.5299999713897705,13200
1814,2018-10-30,1.399999976158142,1.4199999570846558,1.3600000143051147,1.4199999570846558,1500
1815,2018-10-29,1.2899999618530273,1.3600000143051147,1.2699999809265137,1.340000033378601,48200
1816,2018-10-26,1.2000000476837158,1.2799999713897705,1.2000000476837158,1.25,37900
1817,2018-10-25,1.1699999570846558,1.2400000095367432,1.1699999570846558,1.2200000286102295,10600
1818,2018-10-24,1.1399999856948853,1.159999966621399,1.1200000047683716,1.1200000047683716,58200
1819,2018-10-23,1.149999976158142,1.149999976158142,1.1299999952316284,1.1399999856948853,9400
1820,2018-10-22,1.149999976158142,1.159999966621399,1.149999976158142,1.149999976158142,7100
1821,2018-10-19,1.1699999570846558,1.1699999570846558,1.149999976158142,1.149999976158142,200
1822,2018-10-18,1.2000000476837158,1.2200000286102295,1.1699999570846558,1.1699999570846558,7000
1823,2018-10-17,1.2400000095367432,1.2400000095367432,1.2000000476837158,1.2200000286102295,11700
1824,2018-10-16,1.2699999809265137,1.2799999713897705,1.2699999809265137,1.2799999713897705,17700
1825,2018-10-15,1.2899999618530273,1.2899999618530273,1.2300000190734863,1.2699999809265137,34900
1826,2018-10-12,1.2100000381469727,1.309999942779541,1.2100000381469727,1.2999999523162842,22800
1827,2018-10-11,1.149999976158142,1.190000057220459,1.149999976158142,1.1699999570846558,21700
1828,2018-10-10,1.2300000190734863,1.2300000190734863,1.1799999475479126,1.2000000476837158,16300
1829,2018-10-09,1.25,1.2799999713897705,1.2300000190734863,1.2699999809265137,14400
1830,2018-10-08,1.2599999904632568,1.2999999523162842,1.2599999904632568,1.2999999523162842,28200
1831,2018-10-05,1.149999976158142,1.2699999809265137,1.149999976158142,1.2699999809265137,44100
1832,2018-10-04,1.190000057220459,1.190000057220459,1.149999976158142,1.149999976158142,19600
1833,2018-10-03,1.2200000286102295,1.2200000286102295,1.2200000286102295,1.2200000286102295,18700
1834,2018-10-02,1.2100000381469727,1.2100000381469727,1.1699999570846558,1.2000000476837158,4500
1835,2018-10-01,1.2200000286102295,1.2200000286102295,1.159999966621399,1.159999966621399,19700
1836,2018-09-28,1.149999976158142,1.190000057220459,1.149999976158142,1.1699999570846558,23600
1837,2018-09-27,1.2100000381469727,1.2100000381469727,1.149999976158142,1.2000000476837158,80300
1838,2018-09-26,1.190000057220459,1.2100000381469727,1.149999976158142,1.2000000476837158,56500
1839,2018-09-25,1.1399999856948853,1.2000000476837158,1.1399999856948853,1.190000057220459,46900
1840,2018-09-24,1.5199999809265137,1.5499999523162842,1.2000000476837158,1.2400000095367432,52000
1841,2018-09-21,1.5199999809265137,1.5499999523162842,1.4700000286102295,1.5499999523162842,14900
1842,2018-09-20,1.4800000190734863,1.5199999809265137,1.4500000476837158,1.5099999904632568,3900
1843,2018-09-19,1.350000023841858,1.440000057220459,1.350000023841858,1.4199999570846558,10200
1844,2018-09-18,1.350000023841858,1.350000023841858,1.2899999618530273,1.3300000429153442,9600
1845,2018-09-17,1.399999976158142,1.399999976158142,1.2999999523162842,1.350000023841858,6400
1846,2018-09-14,1.399999976158142,1.409999966621399,1.3300000429153442,1.3899999856948853,1700
1847,2018-09-13,1.2799999713897705,1.3600000143051147,1.2799999713897705,1.3200000524520874,15400
1848,2018-09-12,1.2400000095367432,1.2899999618530273,1.2400000095367432,1.2599999904632568,8500
1849,2018-09-11,1.2799999713897705,1.2999999523162842,1.2699999809265137,1.2799999713897705,8800
1850,2018-09-10,1.350000023841858,1.350000023841858,1.2699999809265137,1.2799999713897705,15800
1851,2018-09-07,1.340000033378601,1.3899999856948853,1.309999942779541,1.3899999856948853,23900
1852,2018-09-06,1.3899999856948853,1.399999976158142,1.3300000429153442,1.3600000143051147,32100
1853,2018-09-05,1.5199999809265137,1.5199999809265137,1.440000057220459,1.4500000476837158,36300
1854,2018-09-04,1.4900000095367432,1.590000033378601,1.4900000095367432,1.5700000524520874,5700
1855,2018-08-31,1.600000023841858,1.6200000047683716,1.600000023841858,1.6200000047683716,1200
1856,2018-08-30,1.590000033378601,1.649999976158142,1.5700000524520874,1.6399999856948853,4800
1857,2018-08-29,1.649999976158142,1.649999976158142,1.590000033378601,1.590000033378601,5700
1858,2018-08-28,1.590000033378601,1.659999966621399,1.5800000429153442,1.6399999856948853,11500
1859,2018-08-27,1.5299999713897705,1.6299999952316284,1.5299999713897705,1.600000023841858,11900
1860,2018-08-24,1.5499999523162842,1.559999942779541,1.5499999523162842,1.5499999523162842,12100
1861,2018-08-23,1.590000033378601,1.590000033378601,1.559999942779541,1.559999942779541,1200
1862,2018-08-22,1.5700000524520874,1.6699999570846558,1.5700000524520874,1.6399999856948853,24000
1863,2018-08-21,1.559999942779541,1.6399999856948853,1.559999942779541,1.6399999856948853,5600
1864,2018-08-20,1.5700000524520874,1.659999966621399,1.5700000524520874,1.659999966621399,5500
1865,2018-08-17,1.559999942779541,1.649999976158142,1.559999942779541,1.590000033378601,17700
1866,2018-08-16,1.559999942779541,1.6699999570846558,1.559999942779541,1.6699999570846558,1100
1867,2018-08-15,1.5700000524520874,1.600000023841858,1.5700000524520874,1.5700000524520874,3800
1868,2018-08-14,1.600000023841858,1.690000057220459,1.600000023841858,1.690000057220459,3300
1869,2018-08-13,1.590000033378601,1.6299999952316284,1.590000033378601,1.600000023841858,10700
1870,2018-08-10,1.6299999952316284,1.7200000286102295,1.6299999952316284,1.7200000286102295,2200
1871,2018-08-09,1.809999942779541,1.809999942779541,1.7000000476837158,1.7899999618530273,12700
1872,2018-08-08,1.600000023841858,1.7100000381469727,1.600000023841858,1.6200000047683716,21200
1873,2018-08-07,1.5800000429153442,1.6100000143051147,1.5800000429153442,1.6100000143051147,8300
1874,2018-08-06,1.649999976158142,1.649999976158142,1.649999976158142,1.649999976158142,200
1875,2018-08-03,1.6200000047683716,1.6200000047683716,1.5199999809265137,1.5399999618530273,26600
1876,2018-08-02,1.7100000381469727,1.7100000381469727,1.600000023841858,1.7000000476837158,6200
1877,2018-08-01,1.6299999952316284,1.7200000286102295,1.6299999952316284,1.6799999475479126,9700
1878,2018-07-31,1.7100000381469727,1.7300000190734863,1.7000000476837158,1.7200000286102295,10200
1879,2018-07-30,1.7200000286102295,1.7200000286102295,1.649999976158142,1.6699999570846558,12200
1880,2018-07-27,1.75,1.75,1.7400000095367432,1.75,18900
1881,2018-07-26,1.7899999618530273,1.809999942779541,1.7200000286102295,1.75,17200
1882,2018-07-25,1.7799999713897705,1.7999999523162842,1.75,1.75,3800
1883,2018-07-24,1.7100000381469727,1.7799999713897705,1.7000000476837158,1.7000000476837158,20200
1884,2018-07-23,1.6100000143051147,1.6100000143051147,1.5299999713897705,1.600000023841858,4300
1885,2018-07-20,1.5299999713897705,1.5299999713897705,1.4500000476837158,1.5199999809265137,46300
1886,2018-07-19,1.5299999713897705,1.6100000143051147,1.5299999713897705,1.5700000524520874,11700
1887,2018-07-18,1.4900000095367432,1.4900000095367432,1.4600000381469727,1.4900000095367432,48000
1888,2018-07-17,1.5199999809265137,1.5299999713897705,1.4700000286102295,1.4900000095367432,29500
1889,2018-07-16,1.559999942779541,1.559999942779541,1.5,1.5499999523162842,37000
1890,2018-07-13,1.590000033378601,1.590000033378601,1.5,1.5299999713897705,17400
1891,2018-07-12,1.559999942779541,1.559999942779541,1.5,1.5499999523162842,49000
1892,2018-07-11,1.600000023841858,1.600000023841858,1.5,1.600000023841858,29900
1893,2018-07-10,1.590000033378601,1.6799999475479126,1.590000033378601,1.6799999475479126,8100
1894,2018-07-09,1.5800000429153442,1.6399999856948853,1.5800000429153442,1.6399999856948853,7400
1895,2018-07-06,1.5499999523162842,1.590000033378601,1.5199999809265137,1.5499999523162842,48900
1896,2018-07-05,1.6200000047683716,1.6200000047683716,1.5499999523162842,1.600000023841858,66400
1897,2018-07-03,1.7200000286102295,1.7400000095367432,1.7000000476837158,1.7100000381469727,4800
1898,2018-07-02,1.75,1.75,1.690000057220459,1.7200000286102295,5800
1899,2018-06-29,1.649999976158142,1.7699999809265137,1.649999976158142,1.7000000476837158,21800
1900,2018-06-28,1.6799999475479126,1.7100000381469727,1.6699999570846558,1.7100000381469727,20400
1901,2018-06-27,1.6799999475479126,1.7000000476837158,1.6799999475479126,1.7000000476837158,2100
1902,2018-06-26,1.7400000095367432,1.7400000095367432,1.6699999570846558,1.7100000381469727,2100
1903,2018-06-25,1.7200000286102295,1.7400000095367432,1.659999966621399,1.690000057220459,27400
1904,2018-06-22,1.7999999523162842,1.7999999523162842,1.7300000190734863,1.7300000190734863,19800
1905,2018-06-21,1.7400000095367432,1.7599999904632568,1.7400000095367432,1.75,12100
1906,2018-06-20,1.7999999523162842,1.850000023841858,1.7599999904632568,1.7899999618530273,6900
1907,2018-06-19,1.8700000047683716,1.8700000047683716,1.7599999904632568,1.7599999904632568,9100
1908,2018-06-18,1.899999976158142,1.9199999570846558,1.850000023841858,1.850000023841858,5100
1909,2018-06-15,1.899999976158142,1.899999976158142,1.850000023841858,1.8799999952316284,6700
1910,2018-06-14,1.8300000429153442,1.840000033378601,1.8300000429153442,1.8300000429153442,23600
1911,2018-06-13,1.8300000429153442,1.840000033378601,1.7999999523162842,1.7999999523162842,6500
1912,2018-06-12,1.8600000143051147,1.9199999570846558,1.8600000143051147,1.8700000047683716,23900
1913,2018-06-11,1.850000023841858,1.8899999856948853,1.8200000524520874,1.8799999952316284,8500
1914,2018-06-08,1.8300000429153442,1.899999976158142,1.809999942779541,1.8899999856948853,5200
1915,2018-06-07,1.8600000143051147,1.9199999570846558,1.8600000143051147,1.9199999570846558,13800
1916,2018-06-06,1.809999942779541,1.840000033378601,1.809999942779541,1.8300000429153442,12600
1917,2018-06-05,1.7799999713897705,1.7799999713897705,1.7599999904632568,1.7599999904632568,14500
1918,2018-06-04,1.7899999618530273,1.7999999523162842,1.7699999809265137,1.7799999713897705,18400
1919,2018-06-01,1.840000033378601,1.840000033378601,1.8200000524520874,1.8200000524520874,1300
1920,2018-05-31,1.7699999809265137,1.8700000047683716,1.7699999809265137,1.840000033378601,26000
1921,2018-05-30,1.7899999618530273,1.7899999618530273,1.7400000095367432,1.7400000095367432,15300
1922,2018-05-29,1.7300000190734863,1.8200000524520874,1.7300000190734863,1.75,22300
1923,2018-05-25,1.6299999952316284,1.690000057220459,1.6299999952316284,1.6799999475479126,2400
1924,2018-05-24,1.7100000381469727,1.7100000381469727,1.7000000476837158,1.7000000476837158,1300
1925,2018-05-23,1.690000057220459,1.690000057220459,1.6299999952316284,1.649999976158142,17600
1926,2018-05-22,1.7300000190734863,1.7599999904632568,1.7200000286102295,1.7200000286102295,5400
1927,2018-05-21,1.8300000429153442,1.8300000429153442,1.7300000190734863,1.7400000095367432,23400
1928,2018-05-18,1.7799999713897705,1.7899999618530273,1.690000057220459,1.7200000286102295,11200
1929,2018-05-17,1.7000000476837158,1.7300000190734863,1.7000000476837158,1.7300000190734863,9300
1930,2018-05-16,1.7799999713897705,1.7799999713897705,1.7000000476837158,1.7000000476837158,57600
1931,2018-05-15,1.75,1.7999999523162842,1.7000000476837158,1.7400000095367432,88900
1932,2018-05-14,1.899999976158142,1.899999976158142,1.75,1.7999999523162842,111200
1933,2018-05-11,2.059999942779541,2.059999942779541,1.9600000381469727,2.009999990463257,46500
1934,2018-05-10,2.0799999237060547,2.0799999237060547,2.0,2.0299999713897705,48000
1935,2018-05-09,2.0999999046325684,2.1500000953674316,2.0999999046325684,2.119999885559082,12100
1936,2018-05-08,2.200000047683716,2.200000047683716,2.0799999237060547,2.130000114440918,20800
1937,2018-05-07,2.0899999141693115,2.190000057220459,2.0899999141693115,2.119999885559082,19700
1938,2018-05-04,1.9900000095367432,2.0299999713897705,1.9900000095367432,2.0199999809265137,22800
1939,2018-05-03,2.0,2.0,1.9700000286102295,1.9800000190734863,12400
1940,2018-05-02,1.9500000476837158,1.9800000190734863,1.9500000476837158,1.9600000381469727,12200
1941,2018-05-01,1.9500000476837158,1.9500000476837158,1.899999976158142,1.899999976158142,7800
1942,2018-04-30,1.8799999952316284,1.9600000381469727,1.8799999952316284,1.940000057220459,11600
1943,2018-04-27,1.9800000190734863,1.9800000190734863,1.8799999952316284,1.8799999952316284,8300
1944,2018-04-26,1.899999976158142,1.9600000381469727,1.899999976158142,1.9299999475479126,3400
1945,2018-04-25,2.0,2.0,1.899999976158142,1.940000057220459,22100
1946,2018-04-24,1.9500000476837158,2.0,1.9500000476837158,1.9900000095367432,6400
1947,2018-04-23,2.009999990463257,2.009999990463257,1.9500000476837158,1.9600000381469727,16300
1948,2018-04-20,2.049999952316284,2.069999933242798,1.9900000095367432,1.9900000095367432,16000
1949,2018-04-19,1.9600000381469727,2.049999952316284,1.9500000476837158,2.0,34300
1950,2018-04-18,1.9299999475479126,1.9700000286102295,1.9299999475479126,1.9500000476837158,11300
1951,2018-04-17,2.0399999618530273,2.0399999618530273,1.9199999570846558,1.9199999570846558,15500
1952,2018-04-16,2.0299999713897705,2.0299999713897705,1.9700000286102295,1.9700000286102295,26900
1953,2018-04-13,1.9800000190734863,1.9800000190734863,1.9700000286102295,1.9700000286102295,6300
1954,2018-04-12,2.0,2.0,1.9299999475479126,1.9800000190734863,12700
1955,2018-04-11,2.0199999809265137,2.0199999809265137,1.8899999856948853,1.9600000381469727,9100
1956,2018-04-10,1.8600000143051147,1.9299999475479126,1.8600000143051147,1.9299999475479126,8100
1957,2018-04-09,1.8700000047683716,1.9199999570846558,1.850000023841858,1.8799999952316284,39500
1958,2018-04-06,1.850000023841858,1.909999966621399,1.850000023841858,1.8700000047683716,52100
1959,2018-04-05,1.9299999475479126,1.9299999475479126,1.8300000429153442,1.850000023841858,26400
1960,2018-04-04,1.9199999570846558,1.9199999570846558,1.7999999523162842,1.840000033378601,97200
1961,2018-04-03,1.8899999856948853,1.9500000476837158,1.8799999952316284,1.909999966621399,24900
1962,2018-04-02,1.899999976158142,1.9299999475479126,1.8700000047683716,1.899999976158142,23700
1963,2018-03-29,1.9299999475479126,1.9299999475479126,1.8899999856948853,1.899999976158142,29200
1964,2018-03-28,1.9800000190734863,1.9800000190734863,1.9299999475479126,1.9500000476837158,77500
1965,2018-03-27,1.8799999952316284,2.0,1.8799999952316284,2.0,42600
1966,2018-03-26,1.899999976158142,1.899999976158142,1.840000033378601,1.8899999856948853,60700
1967,2018-03-23,1.8700000047683716,1.9500000476837158,1.8700000047683716,1.8899999856948853,14200
1968,2018-03-22,1.9900000095367432,1.9900000095367432,1.8799999952316284,1.8799999952316284,67300
1969,2018-03-21,1.9700000286102295,1.9900000095367432,1.9700000286102295,1.9800000190734863,13200
1970,2018-03-20,1.909999966621399,1.9900000095367432,1.909999966621399,1.9700000286102295,20700
1971,2018-03-19,1.9299999475479126,1.9700000286102295,1.9299999475479126,1.9700000286102295,20000
1972,2018-03-16,1.9900000095367432,2.0,1.8799999952316284,1.9299999475479126,72500
1973,2018-03-15,1.9600000381469727,1.9600000381469727,1.8799999952316284,1.9299999475479126,6900
1974,2018-03-14,1.8899999856948853,1.940000057220459,1.8899999856948853,1.940000057220459,52400
1975,2018-03-13,1.9600000381469727,1.9600000381469727,1.840000033378601,1.8700000047683716,50700
1976,2018-03-12,1.9500000476837158,2.0,1.9500000476837158,1.9600000381469727,48800
1977,2018-03-09,1.9500000476837158,1.9500000476837158,1.8600000143051147,1.909999966621399,73700
1978,2018-03-08,1.899999976158142,1.909999966621399,1.850000023841858,1.8600000143051147,44800
1979,2018-03-07,1.850000023841858,1.909999966621399,1.840000033378601,1.850000023841858,100900
1980,2018-03-06,1.75,1.850000023841858,1.7400000095367432,1.840000033378601,51300
1981,2018-03-05,1.7400000095367432,1.75,1.7000000476837158,1.7400000095367432,94500
1982,2018-03-02,1.6799999475479126,1.7000000476837158,1.649999976158142,1.6699999570846558,87000
1983,2018-03-01,1.6799999475479126,1.7000000476837158,1.649999976158142,1.6799999475479126,101400
1984,2018-02-28,1.7100000381469727,1.75,1.6699999570846558,1.7200000286102295,139000
1985,2018-02-27,1.7100000381469727,1.7100000381469727,1.6399999856948853,1.659999966621399,29500
1986,2018-02-26,1.6699999570846558,1.6699999570846558,1.6299999952316284,1.6699999570846558,59100
1987,2018-02-23,1.590000033378601,1.6299999952316284,1.590000033378601,1.6299999952316284,48300
1988,2018-02-22,1.6200000047683716,1.6399999856948853,1.590000033378601,1.6299999952316284,102800
1989,2018-02-21,1.6100000143051147,1.6299999952316284,1.5700000524520874,1.6100000143051147,54400
1990,2018-02-20,1.6200000047683716,1.659999966621399,1.5800000429153442,1.6399999856948853,95900
1991,2018-02-16,1.4700000286102295,1.5399999618530273,1.4700000286102295,1.5399999618530273,11700
1992,2018-02-15,1.440000057220459,1.5399999618530273,1.440000057220459,1.5299999713897705,13100
1993,2018-02-14,1.409999966621399,1.440000057220459,1.409999966621399,1.440000057220459,12400
1994,2018-02-13,1.4199999570846558,1.440000057220459,1.4199999570846558,1.4299999475479126,3300
1995,2018-02-12,1.440000057220459,1.440000057220459,1.409999966621399,1.4299999475479126,6700
1996,2018-02-09,1.440000057220459,1.440000057220459,1.3799999952316284,1.440000057220459,24600
1997,2018-02-08,1.4800000190734863,1.4800000190734863,1.4299999475479126,1.4299999475479126,4700
1998,2018-02-07,1.5399999618530273,1.5399999618530273,1.4500000476837158,1.5,3400
1999,2018-02-06,1.4500000476837158,1.5,1.3799999952316284,1.4900000095367432,25500
2000,2018-02-05,1.5299999713897705,1.6299999952316284,1.5299999713897705,1.600000023841858,33800
2001,2018-02-02,1.7100000381469727,1.7100000381469727,1.6399999856948853,1.6699999570846558,10200
2002,2018-02-01,1.6399999856948853,1.7100000381469727,1.6399999856948853,1.7000000476837158,3900
2003,2018-01-31,1.7400000095367432,1.7400000095367432,1.659999966621399,1.7200000286102295,1600
2004,2018-01-30,1.7200000286102295,1.7400000095367432,1.7000000476837158,1.7000000476837158,27300
2005,2018-01-29,1.7400000095367432,1.7400000095367432,1.6799999475479126,1.6799999475479126,17600
2006,2018-01-26,1.7400000095367432,1.7400000095367432,1.7200000286102295,1.7400000095367432,6400
2007,2018-01-25,1.7400000095367432,1.7400000095367432,1.7200000286102295,1.7400000095367432,2600
2008,2018-01-24,1.6799999475479126,1.7400000095367432,1.649999976158142,1.7400000095367432,15300
2009,2018-01-23,1.7200000286102295,1.7400000095367432,1.7000000476837158,1.7200000286102295,27700
2010,2018-01-22,1.659999966621399,1.659999966621399,1.6200000047683716,1.6399999856948853,13600
2011,2018-01-19,1.649999976158142,1.649999976158142,1.600000023841858,1.6100000143051147,9900
2012,2018-01-18,1.6799999475479126,1.6799999475479126,1.6200000047683716,1.6200000047683716,11700
2013,2018-01-17,1.7400000095367432,1.8200000524520874,1.6699999570846558,1.7400000095367432,7900
2014,2018-01-16,1.7999999523162842,1.7999999523162842,1.75,1.7799999713897705,19800
2015,2018-01-12,1.7799999713897705,1.809999942779541,1.7100000381469727,1.7699999809265137,4500
2016,2018-01-11,1.7100000381469727,1.75,1.7100000381469727,1.7300000190734863,7900
2017,2018-01-10,1.7200000286102295,1.7699999809265137,1.690000057220459,1.7300000190734863,11900
2018,2018-01-09,1.8600000143051147,1.8600000143051147,1.6799999475479126,1.7200000286102295,29200
2019,2018-01-08,1.809999942779541,1.8200000524520874,1.75,1.7999999523162842,11200
2020,2018-01-05,1.850000023841858,1.8600000143051147,1.8200000524520874,1.8300000429153442,8800
2021,2018-01-04,1.809999942779541,1.850000023841858,1.809999942779541,1.850000023841858,15600
2022,2018-01-03,1.75,2.0,1.75,1.7999999523162842,33900
2023,2018-01-02,1.7000000476837158,1.75,1.7000000476837158,1.7000000476837158,4300
2024,2017-12-29,1.649999976158142,1.7100000381469727,1.6200000047683716,1.7100000381469727,11200
2025,2017-12-28,1.7400000095367432,1.7400000095367432,1.6399999856948853,1.649999976158142,6600
2026,2017-12-27,1.6100000143051147,1.6100000143051147,1.5700000524520874,1.6100000143051147,34500
2027,2017-12-26,1.600000023841858,1.600000023841858,1.5199999809265137,1.600000023841858,11800
2028,2017-12-22,1.6100000143051147,1.6100000143051147,1.5199999809265137,1.600000023841858,11500
2029,2017-12-21,1.5499999523162842,1.6100000143051147,1.5399999618530273,1.5800000429153442,5300
2030,2017-12-20,1.5700000524520874,1.5700000524520874,1.5,1.5499999523162842,2400
2031,2017-12-19,1.4199999570846558,1.4800000190734863,1.399999976158142,1.4500000476837158,24600
2032,2017-12-18,1.3300000429153442,1.350000023841858,1.2999999523162842,1.3200000524520874,71100
2033,2017-12-15,1.350000023841858,1.350000023841858,1.2599999904632568,1.3300000429153442,3000
2034,2017-12-14,1.2799999713897705,1.350000023841858,1.2300000190734863,1.3300000429153442,9300
2035,2017-12-13,1.3200000524520874,1.3200000524520874,1.2000000476837158,1.2799999713897705,61200
2036,2017-12-12,1.350000023841858,1.5,1.350000023841858,1.399999976158142,30900
2037,2017-12-11,1.4500000476837158,1.590000033378601,1.4500000476837158,1.5099999904632568,17400
2038,2017-12-08,1.3899999856948853,1.6200000047683716,1.350000023841858,1.4700000286102295,28400
2039,2017-12-07,1.3799999952316284,1.5,1.3799999952316284,1.4900000095367432,30500
2040,2017-12-06,1.340000033378601,1.649999976158142,1.2799999713897705,1.6200000047683716,15000
2041,2017-12-05,1.4199999570846558,1.7000000476837158,1.309999942779541,1.649999976158142,7000
2042,2017-12-04,1.2999999523162842,1.2999999523162842,0.550000011920929,0.550000011920929,3500
2043,2017-12-01,1.7999999523162842,1.899999976158142,1.7000000476837158,1.899999976158142,45090
2044,2017-11-30,1.2999999523162842,1.7999999523162842,1.2000000476837158,1.7999999523162842,32260
2045,2017-11-29,1.600000023841858,1.600000023841858,1.600000023841858,1.600000023841858,4380
2046,2017-11-28,1.600000023841858,1.600000023841858,1.600000023841858,1.600000023841858,7950
2047,2017-11-27,1.600000023841858,1.7000000476837158,1.399999976158142,1.600000023841858,31700
2048,2017-11-24,1.600000023841858,1.600000023841858,1.600000023841858,1.600000023841858,2990
2049,2017-11-22,1.600000023841858,1.600000023841858,1.5,1.600000023841858,19770
2050,2017-11-21,1.600000023841858,1.600000023841858,1.5,1.600000023841858,18190
2051,2017-11-20,1.600000023841858,1.600000023841858,1.5,1.600000023841858,5430
2052,2017-11-17,1.5,1.600000023841858,1.5,1.600000023841858,3910
2053,2017-11-16,1.600000023841858,1.600000023841858,1.5,1.600000023841858,10580
2054,2017-11-15,1.600000023841858,1.600000023841858,1.5,1.600000023841858,6400
2055,2017-11-14,1.600000023841858,1.7000000476837158,1.5,1.600000023841858,20240
2056,2017-11-13,1.5,1.5,1.5,1.5,1540
2057,2017-11-10,1.5,1.5,1.5,1.5,3370
2058,2017-11-09,1.5,1.5,1.5,1.5,4770
2059,2017-11-08,1.399999976158142,1.5,1.399999976158142,1.5,14350
2060,2017-11-07,1.399999976158142,1.5,1.399999976158142,1.399999976158142,11090
2061,2017-11-06,1.399999976158142,1.5,1.399999976158142,1.399999976158142,11390
2062,2017-11-03,1.5,1.5,1.399999976158142,1.399999976158142,8620
2063,2017-11-02,1.5,1.5,1.399999976158142,1.5,5620
2064,2017-11-01,1.399999976158142,1.5,1.399999976158142,1.5,4330
2065,2017-10-31,1.2999999523162842,1.399999976158142,1.2999999523162842,1.399999976158142,17120
2066,2017-10-30,1.399999976158142,1.5,1.399999976158142,1.5,26880
2067,2017-10-27,1.5,1.600000023841858,1.399999976158142,1.5,76200
2068,2017-10-26,1.600000023841858,1.600000023841858,1.5,1.5,36490
2069,2017-10-25,1.600000023841858,1.600000023841858,1.600000023841858,1.600000023841858,52420
2070,2017-10-24,1.600000023841858,1.600000023841858,1.600000023841858,1.600000023841858,8400
2071,2017-10-23,1.600000023841858,1.600000023841858,1.600000023841858,1.600000023841858,41250
2072,2017-10-20,1.600000023841858,1.7000000476837158,1.600000023841858,1.7000000476837158,10100
2073,2017-10-19,1.7000000476837158,1.7000000476837158,1.600000023841858,1.7000000476837158,20620
2074,2017-10-18,1.7000000476837158,1.7999999523162842,1.7000000476837158,1.7999999523162842,3300
2075,2017-10-17,1.7000000476837158,1.7999999523162842,1.7000000476837158,1.7999999523162842,30640
2076,2017-10-16,1.7000000476837158,1.7000000476837158,1.7000000476837158,1.7000000476837158,27960
2077,2017-10-13,1.600000023841858,1.7000000476837158,1.600000023841858,1.7000000476837158,16800
2078,2017-10-12,1.7999999523162842,1.7999999523162842,1.7999999523162842,1.7999999523162842,44790
2079,2017-10-11,1.7999999523162842,1.7999999523162842,1.7000000476837158,1.7999999523162842,78420
2080,2017-10-10,1.7999999523162842,1.7999999523162842,1.7999999523162842,1.7999999523162842,87010
2081,2017-10-09,1.7000000476837158,1.7999999523162842,1.7000000476837158,1.7999999523162842,14700
2082,2017-10-06,1.600000023841858,1.7000000476837158,1.600000023841858,1.7000000476837158,21830
2083,2017-10-05,1.7000000476837158,1.7000000476837158,1.600000023841858,1.600000023841858,14630
2084,2017-10-04,1.600000023841858,1.600000023841858,1.600000023841858,1.600000023841858,10100
2085,2017-10-03,1.7000000476837158,1.7000000476837158,1.600000023841858,1.600000023841858,42070
2086,2017-10-02,1.7000000476837158,1.7000000476837158,1.600000023841858,1.600000023841858,37530
2087,2017-09-29,1.7000000476837158,1.7000000476837158,1.600000023841858,1.7000000476837158,88840
2088,2017-09-28,1.600000023841858,1.600000023841858,1.600000023841858,1.600000023841858,40890
2089,2017-09-27,1.399999976158142,1.600000023841858,1.399999976158142,1.5,135040
2090,2017-09-26,1.5,1.600000023841858,1.5,1.600000023841858,20480
2091,2017-09-25,1.399999976158142,1.600000023841858,1.399999976158142,1.600000023841858,15650
2092,2017-09-22,1.7000000476837158,1.7000000476837158,1.5,1.600000023841858,27510
2093,2017-09-21,1.5,1.5,1.5,1.5,9730
2094,2017-09-20,1.600000023841858,1.600000023841858,1.600000023841858,1.600000023841858,42990
2095,2017-09-19,1.600000023841858,1.7999999523162842,1.600000023841858,1.600000023841858,21520
2096,2017-09-18,1.7999999523162842,1.7999999523162842,1.7000000476837158,1.7000000476837158,33660
2097,2017-09-15,1.600000023841858,1.7000000476837158,1.600000023841858,1.7000000476837158,36320
2098,2017-09-14,1.7000000476837158,1.7000000476837158,1.600000023841858,1.600000023841858,33330
2099,2017-09-13,1.600000023841858,1.7000000476837158,1.600000023841858,1.7000000476837158,38870
2100,2017-09-12,1.7000000476837158,1.7000000476837158,1.600000023841858,1.7000000476837158,55690
2101,2017-09-11,1.7000000476837158,1.7999999523162842,1.7000000476837158,1.7999999523162842,84270
2102,2017-09-08,1.7999999523162842,1.7999999523162842,1.7000000476837158,1.7000000476837158,121900
2103,2017-09-07,1.7000000476837158,1.7000000476837158,1.600000023841858,1.7000000476837158,276140
2104,2017-09-06,1.399999976158142,1.7000000476837158,1.399999976158142,1.7000000476837158,216420
2105,2017-09-05,1.399999976158142,1.5,1.2999999523162842,1.399999976158142,27010
2106,2017-09-01,1.2999999523162842,1.399999976158142,1.2999999523162842,1.2999999523162842,4870
2107,2017-08-31,1.2000000476837158,1.2000000476837158,1.2000000476837158,1.2000000476837158,2180
2108,2017-08-30,1.2000000476837158,1.2000000476837158,1.2000000476837158,1.2000000476837158,2580
2109,2017-08-29,1.2000000476837158,1.2000000476837158,1.2000000476837158,1.2000000476837158,3210
2110,2017-08-28,1.2000000476837158,1.2000000476837158,1.100000023841858,1.2000000476837158,43570
2111,2017-08-25,1.2999999523162842,1.2999999523162842,1.2000000476837158,1.2000000476837158,10740
2112,2017-08-24,1.2999999523162842,1.2999999523162842,1.2999999523162842,1.2999999523162842,550
2113,2017-08-23,1.2999999523162842,1.399999976158142,1.2999999523162842,1.2999999523162842,5650
2114,2017-08-22,1.2000000476837158,1.2999999523162842,1.2000000476837158,1.2999999523162842,5990
2115,2017-08-21,1.2000000476837158,1.2000000476837158,1.2000000476837158,1.2000000476837158,1810
2116,2017-08-18,1.2000000476837158,1.2000000476837158,1.2000000476837158,1.2000000476837158,6280
2117,2017-08-17,1.100000023841858,1.2000000476837158,1.100000023841858,1.2000000476837158,7280
2118,2017-08-16,1.2999999523162842,1.2999999523162842,1.2000000476837158,1.2000000476837158,13090
2119,2017-08-15,1.2000000476837158,1.2000000476837158,1.100000023841858,1.2000000476837158,7980
2120,2017-08-14,1.2999999523162842,1.2999999523162842,1.2000000476837158,1.2000000476837158,4530
2121,2017-08-11,1.2999999523162842,1.2999999523162842,1.2000000476837158,1.2999999523162842,8900
2122,2017-08-10,1.2999999523162842,1.2999999523162842,1.100000023841858,1.2999999523162842,7200
2123,2017-08-09,1.2999999523162842,1.2999999523162842,1.2000000476837158,1.2000000476837158,11290
2124,2017-08-08,1.2999999523162842,1.2999999523162842,1.2999999523162842,1.2999999523162842,8470
2125,2017-08-07,1.2000000476837158,1.2999999523162842,1.2000000476837158,1.2999999523162842,24290
2126,2017-08-04,1.2000000476837158,1.2000000476837158,1.100000023841858,1.2000000476837158,7070
2127,2017-08-03,1.2999999523162842,1.2999999523162842,1.2000000476837158,1.2000000476837158,14220
2128,2017-08-02,1.2999999523162842,1.2999999523162842,1.2000000476837158,1.2999999523162842,15480
2129,2017-08-01,1.100000023841858,1.2000000476837158,1.100000023841858,1.100000023841858,26140
2130,2017-07-31,1.2999999523162842,1.2999999523162842,1.100000023841858,1.2000000476837158,16810
2131,2017-07-28,1.100000023841858,1.2000000476837158,1.100000023841858,1.2000000476837158,22550
2132,2017-07-27,1.0,1.0,1.0,1.0,16000
2133,2017-07-26,1.0,1.0,1.0,1.0,1810
2134,2017-07-25,0.8999999761581421,1.0,0.8999999761581421,1.0,1860
2135,2017-07-24,0.8999999761581421,0.8999999761581421,0.8999999761581421,0.8999999761581421,1500
2136,2017-07-21,0.8999999761581421,0.8999999761581421,0.8999999761581421,0.8999999761581421,900
2137,2017-07-20,0.8999999761581421,1.0,0.8999999761581421,1.0,10920
2138,2017-07-19,1.0,1.0,1.0,1.0,100
2139,2017-07-18,0.8999999761581421,0.8999999761581421,0.8999999761581421,0.8999999761581421,6460
2140,2017-07-17,0.8999999761581421,0.8999999761581421,0.8999999761581421,0.8999999761581421,6300
2141,2017-07-14,0.8999999761581421,0.8999999761581421,0.8999999761581421,0.8999999761581421,50
2142,2017-07-13,0.8999999761581421,0.8999999761581421,0.8999999761581421,0.8999999761581421,8530
2143,2017-07-12,0.8999999761581421,1.0,0.8999999761581421,0.8999999761581421,9820
2144,2017-07-11,0.8999999761581421,1.0,0.8999999761581421,1.0,7810
2145,2017-07-10,0.8999999761581421,1.0,0.8999999761581421,1.0,13850
2146,2017-07-07,0.8999999761581421,1.0,0.800000011920929,0.8999999761581421,6790
2147,2017-07-06,0.8999999761581421,0.8999999761581421,0.8999999761581421,0.8999999761581421,4050
2148,2017-07-05,0.8999999761581421,1.0,0.8999999761581421,0.8999999761581421,31560
2149,2017-07-03,0.699999988079071,0.8999999761581421,0.699999988079071,0.8999999761581421,6040
2150,2017-06-30,0.800000011920929,0.800000011920929,0.699999988079071,0.800000011920929,6240
2151,2017-06-29,0.699999988079071,0.800000011920929,0.699999988079071,0.800000011920929,400
2152,2017-06-28,0.699999988079071,0.699999988079071,0.699999988079071,0.699999988079071,350
2153,2017-06-27,0.699999988079071,0.699999988079071,0.699999988079071,0.699999988079071,100
2154,2017-06-26,0.800000011920929,0.800000011920929,0.699999988079071,0.699999988079071,3280
2155,2017-06-23,0.800000011920929,0.800000011920929,0.699999988079071,0.800000011920929,4120
2156,2017-06-22,0.699999988079071,0.699999988079071,0.699999988079071,0.699999988079071,1800
2157,2017-06-21,0.699999988079071,0.699999988079071,0.699999988079071,0.699999988079071,610
2158,2017-06-20,0.6000000238418579,0.800000011920929,0.6000000238418579,0.699999988079071,1090
2159,2017-06-19,0.6000000238418579,0.699999988079071,0.6000000238418579,0.699999988079071,70
2160,2017-06-16,0.699999988079071,0.699999988079071,0.699999988079071,0.699999988079071,50
2161,2017-06-15,0.699999988079071,0.699999988079071,0.699999988079071,0.699999988079071,340
2162,2017-06-14,0.699999988079071,0.699999988079071,0.699999988079071,0.699999988079071,110
2163,2017-06-13,0.699999988079071,0.699999988079071,0.699999988079071,0.699999988079071,1000
2164,2017-06-12,0.699999988079071,0.699999988079071,0.699999988079071,0.699999988079071,4710
2165,2017-06-09,0.699999988079071,0.699999988079071,0.699999988079071,0.699999988079071,50
2166,2017-06-08,0.699999988079071,0.699999988079071,0.699999988079071,0.699999988079071,6000
2167,2017-06-07,0.6000000238418579,0.699999988079071,0.6000000238418579,0.699999988079071,4460
2168,2017-06-06,0.699999988079071,0.699999988079071,0.6000000238418579,0.699999988079071,4720
2169,2017-06-05,0.6000000238418579,0.699999988079071,0.6000000238418579,0.699999988079071,230
2170,2017-06-02,0.699999988079071,0.699999988079071,0.5,0.6000000238418579,25330
2171,2017-06-01,0.800000011920929,0.800000011920929,0.800000011920929,0.800000011920929,0
2172,2017-05-31,0.699999988079071,0.800000011920929,0.6000000238418579,0.800000011920929,1250
2173,2017-05-30,0.699999988079071,0.699999988079071,0.699999988079071,0.699999988079071,2350
2174,2017-05-26,0.6000000238418579,0.6000000238418579,0.6000000238418579,0.6000000238418579,1200
2175,2017-05-25,0.699999988079071,0.699999988079071,0.6000000238418579,0.699999988079071,4170
2176,2017-05-24,0.6000000238418579,0.699999988079071,0.6000000238418579,0.699999988079071,1420
2177,2017-05-23,0.6000000238418579,0.6000000238418579,0.6000000238418579,0.6000000238418579,70
2178,2017-05-22,0.6000000238418579,0.6000000238418579,0.6000000238418579,0.6000000238418579,380
2179,2017-05-19,0.699999988079071,0.699999988079071,0.6000000238418579,0.6000000238418579,16200
2180,2017-05-18,0.699999988079071,0.699999988079071,0.699999988079071,0.699999988079071,3230
2181,2017-05-17,0.699999988079071,0.699999988079071,0.699999988079071,0.699999988079071,1000
2182,2017-05-16,0.699999988079071,0.699999988079071,0.699999988079071,0.699999988079071,200
2183,2017-05-15,0.699999988079071,0.699999988079071,0.699999988079071,0.699999988079071,610
2184,2017-05-12,0.699999988079071,0.699999988079071,0.699999988079071,0.699999988079071,1550
2185,2017-05-11,0.699999988079071,0.699999988079071,0.699999988079071,0.699999988079071,0
2186,2017-05-10,0.699999988079071,0.699999988079071,0.699999988079071,0.699999988079071,150
2187,2017-05-09,0.699999988079071,0.699999988079071,0.699999988079071,0.699999988079071,7050
2188,2017-05-08,0.699999988079071,0.699999988079071,0.6000000238418579,0.699999988079071,13130
2189,2017-05-05,0.699999988079071,0.699999988079071,0.699999988079071,0.699999988079071,21700
2190,2017-05-04,0.699999988079071,0.699999988079071,0.699999988079071,0.699999988079071,5050
2191,2017-05-03,0.699999988079071,0.699999988079071,0.699999988079071,0.699999988079071,0
2192,2017-05-02,0.699999988079071,0.699999988079071,0.699999988079071,0.699999988079071,4610
2193,2017-05-01,0.699999988079071,0.800000011920929,0.699999988079071,0.699999988079071,16310
2194,2017-04-28,0.800000011920929,0.800000011920929,0.699999988079071,0.699999988079071,11350
2195,2017-04-27,0.699999988079071,0.800000011920929,0.699999988079071,0.699999988079071,18770
2196,2017-04-26,0.699999988079071,0.800000011920929,0.699999988079071,0.800000011920929,19510
2197,2017-04-25,0.699999988079071,0.699999988079071,0.699999988079071,0.699999988079071,7350
2198,2017-04-24,0.800000011920929,0.800000011920929,0.699999988079071,0.699999988079071,2700
2199,2017-04-21,0.699999988079071,0.699999988079071,0.699999988079071,0.699999988079071,8440
2200,2017-04-20,0.699999988079071,0.699999988079071,0.699999988079071,0.699999988079071,2000
2201,2017-04-19,0.699999988079071,0.699999988079071,0.699999988079071,0.699999988079071,970
2202,2017-04-18,0.699999988079071,0.699999988079071,0.699999988079071,0.699999988079071,9450
2203,2017-04-17,0.699999988079071,0.699999988079071,0.699999988079071,0.699999988079071,400
2204,2017-04-13,0.699999988079071,0.699999988079071,0.699999988079071,0.699999988079071,2100
2205,2017-04-12,0.699999988079071,0.699999988079071,0.699999988079071,0.699999988079071,250
2206,2017-04-11,0.699999988079071,0.800000011920929,0.699999988079071,0.800000011920929,24080
2207,2017-04-10,0.800000011920929,0.800000011920929,0.800000011920929,0.800000011920929,0
2208,2017-04-07,0.800000011920929,0.800000011920929,0.800000011920929,0.800000011920929,1190
2209,2017-04-06,0.699999988079071,0.800000011920929,0.699999988079071,0.800000011920929,14190
2210,2017-04-05,0.800000011920929,0.800000011920929,0.800000011920929,0.800000011920929,50
2211,2017-04-04,0.699999988079071,0.800000011920929,0.699999988079071,0.800000011920929,4050
2212,2017-04-03,0.699999988079071,0.800000011920929,0.699999988079071,0.800000011920929,3450
2213,2017-03-31,0.800000011920929,0.800000011920929,0.699999988079071,0.800000011920929,1300
2214,2017-03-30,0.699999988079071,0.800000011920929,0.699999988079071,0.800000011920929,1350
2215,2017-03-29,0.699999988079071,0.699999988079071,0.699999988079071,0.699999988079071,150
2216,2017-03-28,0.800000011920929,0.800000011920929,0.699999988079071,0.800000011920929,1300
2217,2017-03-27,0.800000011920929,0.800000011920929,0.800000011920929,0.800000011920929,300
2218,2017-03-24,0.800000011920929,0.800000011920929,0.800000011920929,0.800000011920929,1110
2219,2017-03-23,0.800000011920929,0.800000011920929,0.699999988079071,0.800000011920929,3490
2220,2017-03-22,0.800000011920929,0.800000011920929,0.800000011920929,0.800000011920929,0
2221,2017-03-21,0.800000011920929,0.800000011920929,0.800000011920929,0.800000011920929,5370
2222,2017-03-20,0.5,0.800000011920929,0.5,0.800000011920929,750
2223,2017-03-17,0.699999988079071,0.699999988079071,0.699999988079071,0.699999988079071,0
2224,2017-03-16,0.699999988079071,0.699999988079071,0.699999988079071,0.699999988079071,200
2225,2017-03-15,0.699999988079071,0.699999988079071,0.699999988079071,0.699999988079071,140
2226,2017-03-14,0.699999988079071,0.699999988079071,0.699999988079071,0.699999988079071,2860
2227,2017-03-13,0.699999988079071,0.800000011920929,0.699999988079071,0.699999988079071,9870
2228,2017-03-10,0.699999988079071,0.800000011920929,0.699999988079071,0.800000011920929,3710
2229,2017-03-09,0.699999988079071,0.699999988079071,0.699999988079071,0.699999988079071,2500
2230,2017-03-08,0.699999988079071,0.800000011920929,0.6000000238418579,0.699999988079071,38150
2231,2017-03-07,0.8999999761581421,0.8999999761581421,0.699999988079071,0.800000011920929,9730
2232,2017-03-06,0.8999999761581421,0.8999999761581421,0.8999999761581421,0.8999999761581421,8430
2233,2017-03-03,0.8999999761581421,0.8999999761581421,0.8999999761581421,0.8999999761581421,760
2234,2017-03-02,0.8999999761581421,0.8999999761581421,0.8999999761581421,0.8999999761581421,28510
2235,2017-03-01,0.8999999761581421,0.8999999761581421,0.8999999761581421,0.8999999761581421,12500
2236,2017-02-28,1.0,1.0,1.0,1.0,0
2237,2017-02-27,0.8999999761581421,1.0,0.8999999761581421,1.0,2500
2238,2017-02-24,1.0,1.0,0.8999999761581421,1.0,7960
2239,2017-02-23,1.0,1.0,0.8999999761581421,0.8999999761581421,1720
2240,2017-02-22,0.8999999761581421,0.8999999761581421,0.8999999761581421,0.8999999761581421,2940
2241,2017-02-21,1.0,1.100000023841858,0.8999999761581421,0.8999999761581421,45480
2242,2017-02-17,1.0,1.2000000476837158,1.0,1.100000023841858,16660
2243,2017-02-16,1.0,1.0,1.0,1.0,2350
2244,2017-02-15,0.8999999761581421,1.0,0.8999999761581421,1.0,25770
2245,2017-02-14,0.8999999761581421,1.0,0.8999999761581421,0.8999999761581421,27860
2246,2017-02-13,0.800000011920929,0.8999999761581421,0.800000011920929,0.8999999761581421,6430
2247,2017-02-10,0.8999999761581421,0.8999999761581421,0.800000011920929,0.800000011920929,10410
2248,2017-02-09,0.8999999761581421,0.8999999761581421,0.800000011920929,0.800000011920929,2960
2249,2017-02-08,0.8999999761581421,0.8999999761581421,0.800000011920929,0.8999999761581421,17420
2250,2017-02-07,0.800000011920929,0.8999999761581421,0.800000011920929,0.800000011920929,4830
2251,2017-02-06,0.800000011920929,0.8999999761581421,0.800000011920929,0.800000011920929,63920
2252,2017-02-03,0.800000011920929,0.800000011920929,0.800000011920929,0.800000011920929,19210
2253,2017-02-02,0.699999988079071,0.699999988079071,0.699999988079071,0.699999988079071,0
2254,2017-02-01,0.699999988079071,0.699999988079071,0.699999988079071,0.699999988079071,10500
2255,2017-01-31,0.699999988079071,0.800000011920929,0.699999988079071,0.800000011920929,16900
2256,2017-01-30,0.800000011920929,0.800000011920929,0.699999988079071,0.699999988079071,10850
2257,2017-01-27,0.800000011920929,0.800000011920929,0.699999988079071,0.699999988079071,10770
2258,2017-01-26,0.6000000238418579,0.800000011920929,0.6000000238418579,0.800000011920929,42230
2259,2017-01-25,0.6000000238418579,0.6000000238418579,0.6000000238418579,0.6000000238418579,2280
2260,2017-01-24,0.6000000238418579,0.6000000238418579,0.5,0.6000000238418579,33350
2261,2017-01-23,0.6000000238418579,0.6000000238418579,0.6000000238418579,0.6000000238418579,9160
2262,2017-01-20,0.6000000238418579,0.6000000238418579,0.5,0.5,3630
2263,2017-01-19,0.5,0.6000000238418579,0.5,0.6000000238418579,6870
2264,2017-01-18,0.6000000238418579,0.6000000238418579,0.6000000238418579,0.6000000238418579,2600
2265,2017-01-17,0.6000000238418579,0.6000000238418579,0.6000000238418579,0.6000000238418579,350
2266,2017-01-13,0.6000000238418579,0.6000000238418579,0.6000000238418579,0.6000000238418579,0
2267,2017-01-12,0.699999988079071,0.699999988079071,0.6000000238418579,0.6000000238418579,3900
2268,2017-01-11,0.6000000238418579,0.6000000238418579,0.6000000238418579,0.6000000238418579,500
2269,2017-01-10,0.6000000238418579,0.6000000238418579,0.6000000238418579,0.6000000238418579,7710
2270,2017-01-09,0.6000000238418579,0.6000000238418579,0.6000000238418579,0.6000000238418579,1200
2271,2017-01-06,0.6000000238418579,0.6000000238418579,0.5,0.5,5710
2272,2017-01-05,0.6000000238418579,0.6000000238418579,0.5,0.6000000238418579,3980
2273,2017-01-04,0.5,0.6000000238418579,0.5,0.5,320
2274,2017-01-03,0.6000000238418579,0.6000000238418579,0.6000000238418579,0.6000000238418579,500
2275,2016-12-30,0.5,0.6000000238418579,0.5,0.5,11930
2276,2016-12-29,0.5,0.5,0.5,0.5,0
2277,2016-12-28,0.6000000238418579,0.6000000238418579,0.5,0.5,15880
2278,2016-12-27,0.6000000238418579,0.6000000238418579,0.5,0.6000000238418579,3320
2279,2016-12-23,0.6000000238418579,0.6000000238418579,0.6000000238418579,0.6000000238418579,2620
2280,2016-12-22,0.5,0.6000000238418579,0.5,0.6000000238418579,11040
2281,2016-12-21,0.5,0.5,0.5,0.5,760
2282,2016-12-20,0.6000000238418579,0.6000000238418579,0.5,0.5,48270
2283,2016-12-19,0.5,0.6000000238418579,0.5,0.5,33340
2284,2016-12-16,0.5,0.5,0.5,0.5,0
2285,2016-12-15,0.5,0.5,0.5,0.5,6580
2286,2016-12-14,0.4000000059604645,0.5,0.4000000059604645,0.5,13180
2287,2016-12-13,0.6000000238418579,0.6000000238418579,0.4000000059604645,0.4000000059604645,3920
2288,2016-12-12,0.5,0.5,0.5,0.5,0
2289,2016-12-09,0.5,0.5,0.4000000059604645,0.5,7430
2290,2016-12-08,0.4000000059604645,0.5,0.4000000059604645,0.5,860
2291,2016-12-07,0.5,0.5,0.5,0.5,1000
2292,2016-12-06,0.5,0.5,0.5,0.5,1230
2293,2016-12-05,0.5,0.5,0.5,0.5,500
2294,2016-12-02,0.5,0.5,0.5,0.5,100
2295,2016-12-01,0.5,0.5,0.5,0.5,1340
2296,2016-11-30,0.5,0.5,0.5,0.5,2050
2297,2016-11-29,0.5,0.5,0.5,0.5,3580
2298,2016-11-28,0.6000000238418579,0.6000000238418579,0.5,0.5,3090
2299,2016-11-25,0.5,0.5,0.5,0.5,2960
2300,2016-11-23,0.5,0.5,0.4000000059604645,0.4000000059604645,3070
2301,2016-11-22,0.5,0.5,0.4000000059604645,0.5,1580
2302,2016-11-21,0.4000000059604645,0.5,0.4000000059604645,0.5,1500
2303,2016-11-18,0.5,0.5,0.5,0.5,3000
2304,2016-11-17,0.5,0.5,0.4000000059604645,0.5,4450
2305,2016-11-16,0.5,0.5,0.5,0.5,800
2306,2016-11-15,0.5,0.6000000238418579,0.4000000059604645,0.5,19090
2307,2016-11-14,0.5,0.5,0.4000000059604645,0.5,1870
2308,2016-11-11,0.4000000059604645,0.4000000059604645,0.4000000059604645,0.4000000059604645,2820
2309,2016-11-10,0.4000000059604645,0.5,0.4000000059604645,0.5,4300
2310,2016-11-09,0.4000000059604645,0.5,0.4000000059604645,0.5,3950
2311,2016-11-08,0.5,0.5,0.5,0.5,0
2312,2016-11-07,0.4000000059604645,0.5,0.4000000059604645,0.5,1120
2313,2016-11-04,0.5,0.5,0.4000000059604645,0.4000000059604645,690
2314,2016-11-03,0.5,0.5,0.4000000059604645,0.4000000059604645,460
2315,2016-11-02,0.5,0.5,0.4000000059604645,0.5,4200
2316,2016-11-01,0.5,0.5,0.5,0.5,0
2317,2016-10-31,0.4000000059604645,0.5,0.4000000059604645,0.5,1180
2318,2016-10-28,0.6000000238418579,0.6000000238418579,0.6000000238418579,0.6000000238418579,150
2319,2016-10-27,0.5,0.5,0.5,0.5,230
2320,2016-10-26,0.5,0.6000000238418579,0.5,0.5,17130
2321,2016-10-25,0.4000000059604645,0.4000000059604645,0.4000000059604645,0.4000000059604645,0
2322,2016-10-24,0.4000000059604645,0.4000000059604645,0.4000000059604645,0.4000000059604645,80
2323,2016-10-21,0.4000000059604645,0.4000000059604645,0.4000000059604645,0.4000000059604645,0
2324,2016-10-20,0.4000000059604645,0.4000000059604645,0.4000000059604645,0.4000000059604645,0
2325,2016-10-19,0.4000000059604645,0.4000000059604645,0.4000000059604645,0.4000000059604645,3090
2326,2016-10-18,0.4000000059604645,0.4000000059604645,0.4000000059604645,0.4000000059604645,890
2327,2016-10-17,0.4000000059604645,0.4000000059604645,0.4000000059604645,0.4000000059604645,160
2328,2016-10-14,0.4000000059604645,0.4000000059604645,0.4000000059604645,0.4000000059604645,290
2329,2016-10-13,0.4000000059604645,0.4000000059604645,0.4000000059604645,0.4000000059604645,740
2330,2016-10-12,0.4000000059604645,0.4000000059604645,0.4000000059604645,0.4000000059604645,150
2331,2016-10-11,0.4000000059604645,0.4000000059604645,0.4000000059604645,0.4000000059604645,3000
2332,2016-10-10,0.4000000059604645,0.4000000059604645,0.4000000059604645,0.4000000059604645,0
2333,2016-10-07,0.4000000059604645,0.4000000059604645,0.4000000059604645,0.4000000059604645,3480
2334,2016-10-06,0.4000000059604645,0.4000000059604645,0.4000000059604645,0.4000000059604645,1300
2335,2016-10-05,0.4000000059604645,0.4000000059604645,0.4000000059604645,0.4000000059604645,1330
2336,2016-10-04,0.4000000059604645,0.4000000059604645,0.4000000059604645,0.4000000059604645,50
2337,2016-10-03,0.4000000059604645,0.5,0.4000000059604645,0.4000000059604645,27750
2338,2016-09-30,0.5,0.5,0.4000000059604645,0.4000000059604645,1750
2339,2016-09-29,0.4000000059604645,0.4000000059604645,0.4000000059604645,0.4000000059604645,5610
2340,2016-09-28,0.5,0.5,0.4000000059604645,0.5,390
2341,2016-09-27,0.4000000059604645,0.4000000059604645,0.4000000059604645,0.4000000059604645,0
2342,2016-09-26,0.5,0.5,0.4000000059604645,0.4000000059604645,4100
2343,2016-09-23,0.4000000059604645,0.5,0.4000000059604645,0.5,1550
2344,2016-09-22,0.4000000059604645,0.4000000059604645,0.4000000059604645,0.4000000059604645,0
2345,2016-09-21,0.5,0.5,0.4000000059604645,0.4000000059604645,9860
2346,2016-09-20,0.4000000059604645,0.5,0.4000000059604645,0.5,2540
2347,2016-09-19,0.5,0.5,0.4000000059604645,0.5,480
2348,2016-09-16,0.5,0.5,0.4000000059604645,0.5,2510
2349,2016-09-15,0.4000000059604645,0.5,0.4000000059604645,0.5,2450
2350,2016-09-14,0.5,0.5,0.4000000059604645,0.5,1070
2351,2016-09-13,0.4000000059604645,0.5,0.4000000059604645,0.5,780
2352,2016-09-12,0.5,0.5,0.5,0.5,0
2353,2016-09-09,0.5,0.5,0.5,0.5,130
2354,2016-09-08,0.5,0.5,0.5,0.5,0
2355,2016-09-07,0.4000000059604645,0.5,0.4000000059604645,0.5,1700
2356,2016-09-06,0.5,0.5,0.5,0.5,4790
2357,2016-09-02,0.5,0.5,0.5,0.5,4000
2358,2016-09-01,0.5,0.5,0.5,0.5,1000
2359,2016-08-31,0.5,0.5,0.5,0.5,4100
2360,2016-08-30,0.5,0.5,0.5,0.5,4140
2361,2016-08-29,0.5,0.5,0.5,0.5,1300
2362,2016-08-26,0.5,0.5,0.5,0.5,9420
2363,2016-08-25,0.5,0.5,0.5,0.5,20
2364,2016-08-24,0.5,0.5,0.5,0.5,1290
2365,2016-08-23,0.5,0.5,0.5,0.5,1070
2366,2016-08-22,0.5,0.5,0.5,0.5,2270
2367,2016-08-19,0.5,0.5,0.5,0.5,4210
2368,2016-08-18,0.5,0.6000000238418579,0.5,0.6000000238418579,7640
2369,2016-08-17,0.5,0.5,0.5,0.5,2340
2370,2016-08-16,0.5,0.5,0.5,0.5,2300
2371,2016-08-15,0.5,0.6000000238418579,0.5,0.5,8000
2372,2016-08-12,0.5,0.5,0.5,0.5,1410
2373,2016-08-11,0.5,0.5,0.5,0.5,1000
2374,2016-08-10,0.5,0.6000000238418579,0.5,0.6000000238418579,2880
2375,2016-08-09,0.5,0.5,0.5,0.5,0
2376,2016-08-08,0.5,0.5,0.5,0.5,1500
2377,2016-08-05,0.5,0.5,0.5,0.5,630
2378,2016-08-04,0.4000000059604645,0.6000000238418579,0.4000000059604645,0.5,8380
2379,2016-08-03,0.6000000238418579,0.6000000238418579,0.6000000238418579,0.6000000238418579,10000
2380,2016-08-02,0.6000000238418579,0.6000000238418579,0.6000000238418579,0.6000000238418579,16200
2381,2016-08-01,0.6000000238418579,0.6000000238418579,0.5,0.6000000238418579,6160
2382,2016-07-29,0.6000000238418579,0.6000000238418579,0.6000000238418579,0.6000000238418579,250
2383,2016-07-28,0.6000000238418579,0.6000000238418579,0.6000000238418579,0.6000000238418579,0
2384,2016-07-27,0.5,0.6000000238418579,0.5,0.6000000238418579,1660
2385,2016-07-26,0.5,0.5,0.5,0.5,2330
2386,2016-07-25,0.6000000238418579,0.6000000238418579,0.6000000238418579,0.6000000238418579,17790
2387,2016-07-22,0.6000000238418579,0.6000000238418579,0.6000000238418579,0.6000000238418579,730
2388,2016-07-21,0.6000000238418579,0.6000000238418579,0.6000000238418579,0.6000000238418579,1870
2389,2016-07-20,0.6000000238418579,0.6000000238418579,0.6000000238418579,0.6000000238418579,5520
2390,2016-07-19,0.6000000238418579,0.6000000238418579,0.6000000238418579,0.6000000238418579,16990
2391,2016-07-18,0.6000000238418579,0.6000000238418579,0.6000000238418579,0.6000000238418579,3050
2392,2016-07-15,0.6000000238418579,0.6000000238418579,0.6000000238418579,0.6000000238418579,1300
2393,2016-07-14,0.5,0.5,0.5,0.5,0
2394,2016-07-13,0.5,0.5,0.5,0.5,2230
2395,2016-07-12,0.4000000059604645,0.5,0.4000000059604645,0.5,11450
2396,2016-07-11,0.4000000059604645,0.5,0.4000000059604645,0.5,17730
2397,2016-07-08,0.5,0.5,0.5,0.5,4010
2398,2016-07-07,0.5,0.6000000238418579,0.5,0.6000000238418579,19070
2399,2016-07-06,0.5,0.5,0.5,0.5,6420
2400,2016-07-05,0.4000000059604645,0.4000000059604645,0.4000000059604645,0.4000000059604645,250
2401,2016-07-01,0.4000000059604645,0.4000000059604645,0.4000000059604645,0.4000000059604645,0
2402,2016-06-30,0.30000001192092896,0.4000000059604645,0.30000001192092896,0.4000000059604645,2650
2403,2016-06-29,0.4000000059604645,0.4000000059604645,0.4000000059604645,0.4000000059604645,4200
2404,2016-06-28,0.4000000059604645,0.4000000059604645,0.4000000059604645,0.4000000059604645,0
2405,2016-06-27,0.5,0.5,0.4000000059604645,0.4000000059604645,3440
2406,2016-06-24,0.5,0.5,0.5,0.5,110
2407,2016-06-23,0.5,0.5,0.5,0.5,500
2408,2016-06-22,0.5,0.5,0.5,0.5,6810
2409,2016-06-21,0.5,0.5,0.5,0.5,0
2410,2016-06-20,0.5,0.5,0.5,0.5,0
2411,2016-06-17,0.5,0.5,0.5,0.5,30
2412,2016-06-16,0.5,0.5,0.5,0.5,100
2413,2016-06-15,0.5,0.5,0.5,0.5,0
2414,2016-06-14,0.5,0.5,0.5,0.5,2100
2415,2016-06-13,0.5,0.5,0.5,0.5,0
2416,2016-06-10,0.5,0.5,0.5,0.5,2870
2417,2016-06-09,0.5,0.5,0.5,0.5,1370
2418,2016-06-08,0.5,0.5,0.5,0.5,16630
2419,2016-06-07,0.5,0.5,0.5,0.5,1960
2420,2016-06-06,0.4000000059604645,0.4000000059604645,0.4000000059604645,0.4000000059604645,150
2421,2016-06-03,0.4000000059604645,0.5,0.4000000059604645,0.4000000059604645,6600
2422,2016-06-02,0.5,0.5,0.4000000059604645,0.4000000059604645,2020
2423,2016-06-01,0.5,0.5,0.5,0.5,1000
2424,2016-05-31,0.5,0.5,0.5,0.5,2000
2425,2016-05-27,0.5,0.5,0.5,0.5,900
2426,2016-05-26,0.5,0.6000000238418579,0.5,0.6000000238418579,6200
2427,2016-05-25,0.5,0.6000000238418579,0.5,0.6000000238418579,3000
2428,2016-05-24,0.5,0.5,0.4000000059604645,0.4000000059604645,20350
2429,2016-05-23,0.5,0.5,0.5,0.5,500
2430,2016-05-20,0.4000000059604645,0.4000000059604645,0.4000000059604645,0.4000000059604645,13000
2431,2016-05-19,0.5,0.5,0.5,0.5,640
2432,2016-05-18,0.6000000238418579,0.6000000238418579,0.4000000059604645,0.5,6760
2433,2016-05-17,0.5,0.5,0.4000000059604645,0.4000000059604645,3330
2434,2016-05-16,0.4000000059604645,0.5,0.4000000059604645,0.4000000059604645,1460
2435,2016-05-13,0.4000000059604645,0.6000000238418579,0.4000000059604645,0.6000000238418579,500
2436,2016-05-12,0.5,0.5,0.4000000059604645,0.4000000059604645,20130
2437,2016-05-11,0.4000000059604645,0.5,0.4000000059604645,0.5,6950
2438,2016-05-10,0.5,0.5,0.4000000059604645,0.5,4680
2439,2016-05-09,0.5,0.5,0.5,0.5,2150
2440,2016-05-06,0.5,0.5,0.5,0.5,5160
2441,2016-05-05,0.5,0.5,0.5,0.5,750
2442,2016-05-04,0.4000000059604645,0.5,0.4000000059604645,0.5,32370
2443,2016-05-03,0.5,0.5,0.5,0.5,17690
2444,2016-05-02,0.6000000238418579,0.6000000238418579,0.6000000238418579,0.6000000238418579,0
2445,2016-04-29,0.6000000238418579,0.6000000238418579,0.6000000238418579,0.6000000238418579,0
2446,2016-04-28,0.6000000238418579,0.6000000238418579,0.6000000238418579,0.6000000238418579,20990
2447,2016-04-27,0.6000000238418579,0.6000000238418579,0.6000000238418579,0.6000000238418579,5670
2448,2016-04-26,0.6000000238418579,0.6000000238418579,0.6000000238418579,0.6000000238418579,1230
2449,2016-04-25,0.6000000238418579,0.6000000238418579,0.5,0.5,1080
2450,2016-04-22,0.6000000238418579,0.6000000238418579,0.5,0.5,1320
2451,2016-04-21,0.6000000238418579,0.6000000238418579,0.6000000238418579,0.6000000238418579,1800
2452,2016-04-20,0.6000000238418579,0.6000000238418579,0.5,0.5,4470
2453,2016-04-19,0.6000000238418579,0.6000000238418579,0.6000000238418579,0.6000000238418579,8730
2454,2016-04-18,0.6000000238418579,0.6000000238418579,0.5,0.5,1260
2455,2016-04-15,0.6000000238418579,0.6000000238418579,0.6000000238418579,0.6000000238418579,1000
2456,2016-04-14,0.6000000238418579,0.6000000238418579,0.5,0.5,6290
2457,2016-04-13,0.5,0.6000000238418579,0.5,0.6000000238418579,8340
2458,2016-04-12,0.5,0.5,0.5,0.5,550
2459,2016-04-11,0.5,0.6000000238418579,0.5,0.6000000238418579,6390
2460,2016-04-08,0.6000000238418579,0.6000000238418579,0.6000000238418579,0.6000000238418579,1700
2461,2016-04-07,0.6000000238418579,0.6000000238418579,0.6000000238418579,0.6000000238418579,1100
2462,2016-04-06,0.6000000238418579,0.6000000238418579,0.6000000238418579,0.6000000238418579,4120
2463,2016-04-05,0.5,0.6000000238418579,0.5,0.6000000238418579,900
2464,2016-04-04,0.6000000238418579,0.6000000238418579,0.5,0.5,1870
2465,2016-04-01,0.6000000238418579,0.6000000238418579,0.5,0.5,4530
2466,2016-03-31,0.5,0.6000000238418579,0.5,0.5,2160
2467,2016-03-30,0.6000000238418579,0.6000000238418579,0.5,0.5,5050
2468,2016-03-29,0.6000000238418579,0.6000000238418579,0.5,0.5,2570
2469,2016-03-28,0.5,0.5,0.5,0.5,5880
2470,2016-03-24,0.5,0.5,0.5,0.5,20
2471,2016-03-23,0.5,0.5,0.5,0.5,80
2472,2016-03-22,0.5,0.5,0.5,0.5,3200
2473,2016-03-21,0.6000000238418579,0.6000000238418579,0.5,0.5,6860
2474,2016-03-18,0.6000000238418579,0.6000000238418579,0.6000000238418579,0.6000000238418579,0
2475,2016-03-17,0.6000000238418579,0.6000000238418579,0.6000000238418579,0.6000000238418579,490
2476,2016-03-16,0.6000000238418579,0.6000000238418579,0.6000000238418579,0.6000000238418579,8820
2477,2016-03-15,0.6000000238418579,0.6000000238418579,0.6000000238418579,0.6000000238418579,2000
2478,2016-03-14,0.6000000238418579,0.6000000238418579,0.5,0.5,1020
2479,2016-03-11,0.6000000238418579,0.6000000238418579,0.5,0.6000000238418579,11840
2480,2016-03-10,0.6000000238418579,0.6000000238418579,0.6000000238418579,0.6000000238418579,6000
2481,2016-03-09,0.5,0.699999988079071,0.5,0.5,2090
2482,2016-03-08,0.6000000238418579,0.6000000238418579,0.5,0.5,2250
2483,2016-03-07,0.6000000238418579,0.6000000238418579,0.6000000238418579,0.6000000238418579,17600
2484,2016-03-04,0.6000000238418579,0.6000000238418579,0.6000000238418579,0.6000000238418579,20410
2485,2016-03-03,0.6000000238418579,0.6000000238418579,0.6000000238418579,0.6000000238418579,11120
2486,2016-03-02,0.6000000238418579,0.6000000238418579,0.5,0.5,1700
2487,2016-03-01,0.5,0.6000000238418579,0.5,0.6000000238418579,31110
2488,2016-02-29,0.6000000238418579,0.6000000238418579,0.5,0.6000000238418579,14230
2489,2016-02-26,0.5,0.6000000238418579,0.5,0.6000000238418579,11220
2490,2016-02-25,0.5,0.6000000238418579,0.5,0.6000000238418579,3360
2491,2016-02-24,0.6000000238418579,0.6000000238418579,0.6000000238418579,0.6000000238418579,680
2492,2016-02-23,0.6000000238418579,0.6000000238418579,0.6000000238418579,0.6000000238418579,3700
2493,2016-02-22,0.6000000238418579,0.6000000238418579,0.6000000238418579,0.6000000238418579,2010
2494,2016-02-19,0.6000000238418579,0.6000000238418579,0.6000000238418579,0.6000000238418579,2100
2495,2016-02-18,0.6000000238418579,0.6000000238418579,0.6000000238418579,0.6000000238418579,10
2496,2016-02-17,0.5,0.6000000238418579,0.5,0.6000000238418579,9400
2497,2016-02-16,0.5,0.5,0.5,0.5,660
2498,2016-02-12,0.5,0.5,0.5,0.5,7300
2499,2016-02-11,0.6000000238418579,0.6000000238418579,0.6000000238418579,0.6000000238418579,7010
2500,2016-02-10,0.5,0.6000000238418579,0.5,0.6000000238418579,730
2501,2016-02-09,0.5,0.5,0.5,0.5,22720
2502,2016-02-08,0.6000000238418579,0.6000000238418579,0.5,0.5,55110
2503,2016-02-05,0.699999988079071,0.699999988079071,0.699999988079071,0.699999988079071,6810
2504,2016-02-04,0.699999988079071,0.699999988079071,0.699999988079071,0.699999988079071,16180
2505,2016-02-03,0.699999988079071,0.699999988079071,0.699999988079071,0.699999988079071,250
2506,2016-02-02,0.6000000238418579,0.699999988079071,0.6000000238418579,0.699999988079071,130
2507,2016-02-01,0.699999988079071,0.699999988079071,0.699999988079071,0.699999988079071,8510
2508,2016-01-29,0.699999988079071,0.699999988079071,0.6000000238418579,0.699999988079071,2180
2509,2016-01-28,0.699999988079071,0.699999988079071,0.699999988079071,0.699999988079071,4300
2510,2016-01-27,0.699999988079071,0.699999988079071,0.699999988079071,0.699999988079071,10160
2511,2016-01-26,0.699999988079071,0.699999988079071,0.699999988079071,0.699999988079071,8090
2512,2016-01-25,0.6000000238418579,0.699999988079071,0.6000000238418579,0.699999988079071,3800
2513,2016-01-22,0.699999988079071,0.699999988079071,0.6000000238418579,0.6000000238418579,8490
2514,2016-01-21,0.5,0.699999988079071,0.5,0.699999988079071,28560
2515,2016-01-20,0.699999988079071,0.699999988079071,0.699999988079071,0.699999988079071,5810
2516,2016-01-19,0.6000000238418579,0.800000011920929,0.6000000238418579,0.699999988079071,16860
2517,2016-01-15,0.800000011920929,0.800000011920929,0.699999988079071,0.699999988079071,19560
2518,2016-01-14,0.699999988079071,0.800000011920929,0.699999988079071,0.800000011920929,31960
2519,2016-01-13,0.699999988079071,0.699999988079071,0.699999988079071,0.699999988079071,19530
2520,2016-01-12,0.699999988079071,0.699999988079071,0.699999988079071,0.699999988079071,4160
2521,2016-01-11,0.699999988079071,0.800000011920929,0.699999988079071,0.800000011920929,7540
2522,2016-01-08,0.6000000238418579,0.699999988079071,0.6000000238418579,0.699999988079071,11540
2523,2016-01-07,0.699999988079071,0.699999988079071,0.6000000238418579,0.699999988079071,34650
2524,2016-01-06,0.800000011920929,0.800000011920929,0.699999988079071,0.800000011920929,4950
2525,2016-01-05,0.699999988079071,0.699999988079071,0.699999988079071,0.699999988079071,3050
2526,2016-01-04,0.699999988079071,0.699999988079071,0.699999988079071,0.699999988079071,12150
2527,2015-12-31,0.699999988079071,0.699999988079071,0.699999988079071,0.699999988079071,2710
2528,2015-12-30,0.699999988079071,0.699999988079071,0.699999988079071,0.699999988079071,5570
2529,2015-12-29,0.6000000238418579,0.699999988079071,0.6000000238418579,0.699999988079071,5680
2530,2015-12-28,0.6000000238418579,0.699999988079071,0.6000000238418579,0.699999988079071,20300
2531,2015-12-24,0.699999988079071,0.699999988079071,0.699999988079071,0.699999988079071,2800
2532,2015-12-23,0.6000000238418579,0.699999988079071,0.6000000238418579,0.6000000238418579,2310
2533,2015-12-22,0.6000000238418579,0.699999988079071,0.6000000238418579,0.699999988079071,9550
2534,2015-12-21,0.6000000238418579,0.6000000238418579,0.6000000238418579,0.6000000238418579,2180
2535,2015-12-18,0.5,0.5,0.5,0.5,28150
2536,2015-12-17,0.6000000238418579,0.6000000238418579,0.6000000238418579,0.6000000238418579,14480
2537,2015-12-16,0.6000000238418579,0.6000000238418579,0.6000000238418579,0.6000000238418579,5200
2538,2015-12-15,0.699999988079071,0.699999988079071,0.6000000238418579,0.699999988079071,10750
2539,2015-12-14,0.800000011920929,0.8999999761581421,0.800000011920929,0.8999999761581421,6910
2540,2015-12-11,0.800000011920929,0.8999999761581421,0.800000011920929,0.8999999761581421,5440
2541,2015-12-10,0.8999999761581421,0.8999999761581421,0.800000011920929,0.8999999761581421,16420
2542,2015-12-09,0.800000011920929,0.8999999761581421,0.800000011920929,0.8999999761581421,19220
2543,2015-12-08,0.800000011920929,0.8999999761581421,0.800000011920929,0.8999999761581421,5450
2544,2015-12-07,0.8999999761581421,1.0,0.8999999761581421,0.8999999761581421,5590
2545,2015-12-04,0.8999999761581421,0.8999999761581421,0.8999999761581421,0.8999999761581421,8150
2546,2015-12-03,1.0,1.0,0.8999999761581421,1.0,12640
2547,2015-12-02,0.800000011920929,0.8999999761581421,0.800000011920929,0.8999999761581421,27000
2548,2015-12-01,0.800000011920929,0.800000011920929,0.800000011920929,0.800000011920929,4360
2549,2015-11-30,0.800000011920929,0.8999999761581421,0.800000011920929,0.8999999761581421,23830
2550,2015-11-27,0.8999999761581421,0.8999999761581421,0.8999999761581421,0.8999999761581421,20840
2551,2015-11-25,0.8999999761581421,1.0,0.8999999761581421,1.0,43240
2552,2015-11-24,0.800000011920929,0.800000011920929,0.699999988079071,0.800000011920929,23760
2553,2015-11-23,0.699999988079071,0.699999988079071,0.699999988079071,0.699999988079071,21550
2554,2015-11-20,0.699999988079071,0.800000011920929,0.699999988079071,0.699999988079071,28240
2555,2015-11-19,0.699999988079071,0.699999988079071,0.6000000238418579,0.699999988079071,1510
2556,2015-11-18,0.6000000238418579,0.699999988079071,0.6000000238418579,0.699999988079071,9860
2557,2015-11-17,0.699999988079071,0.699999988079071,0.6000000238418579,0.699999988079071,4620
2558,2015-11-16,0.6000000238418579,0.6000000238418579,0.6000000238418579,0.6000000238418579,2310
2559,2015-11-13,0.6000000238418579,0.6000000238418579,0.6000000238418579,0.6000000238418579,730
2560,2015-11-12,0.6000000238418579,0.6000000238418579,0.6000000238418579,0.6000000238418579,39040
2561,2015-11-11,0.6000000238418579,0.6000000238418579,0.6000000238418579,0.6000000238418579,5830
2562,2015-11-10,0.6000000238418579,0.6000000238418579,0.6000000238418579,0.6000000238418579,15250
2563,2015-11-09,0.6000000238418579,0.6000000238418579,0.6000000238418579,0.6000000238418579,44930
2564,2015-11-06,0.5,0.6000000238418579,0.5,0.6000000238418579,26290
2565,2015-11-05,0.5,0.5,0.5,0.5,6950
2566,2015-11-04,0.5,0.5,0.5,0.5,12150
2567,2015-11-03,0.5,0.5,0.4000000059604645,0.4000000059604645,24980
2568,2015-11-02,0.5,0.5,0.4000000059604645,0.5,6870
2569,2015-10-30,0.5,0.5,0.5,0.5,20760
2570,2015-10-29,0.5,0.5,0.5,0.5,8100
2571,2015-10-28,0.5,0.5,0.5,0.5,11760
2572,2015-10-27,0.4000000059604645,0.5,0.4000000059604645,0.5,5260
2573,2015-10-26,0.5,0.5,0.5,0.5,2900
2574,2015-10-23,0.5,0.5,0.4000000059604645,0.5,58320
2575,2015-10-22,0.4000000059604645,0.5,0.4000000059604645,0.5,69560
2576,2015-10-21,0.4000000059604645,0.4000000059604645,0.4000000059604645,0.4000000059604645,43480
2577,2015-10-20,0.4000000059604645,0.4000000059604645,0.30000001192092896,0.4000000059604645,9540
2578,2015-10-19,0.30000001192092896,0.4000000059604645,0.30000001192092896,0.4000000059604645,12280
2579,2015-10-16,0.30000001192092896,0.4000000059604645,0.30000001192092896,0.4000000059604645,1890
2580,2015-10-15,0.4000000059604645,0.4000000059604645,0.4000000059604645,0.4000000059604645,29400
2581,2015-10-14,0.4000000059604645,0.4000000059604645,0.4000000059604645,0.4000000059604645,31750
2582,2015-10-13,0.4000000059604645,0.5,0.4000000059604645,0.4000000059604645,5010
2583,2015-10-12,0.4000000059604645,0.4000000059604645,0.4000000059604645,0.4000000059604645,2270
2584,2015-10-09,0.4000000059604645,0.4000000059604645,0.4000000059604645,0.4000000059604645,6300
2585,2015-10-08,0.4000000059604645,0.4000000059604645,0.4000000059604645,0.4000000059604645,2500
2586,2015-10-07,0.30000001192092896,0.30000001192092896,0.30000001192092896,0.30000001192092896,2000
2587,2015-10-06,0.30000001192092896,0.30000001192092896,0.30000001192092896,0.30000001192092896,7590
2588,2015-10-05,0.30000001192092896,0.30000001192092896,0.30000001192092896,0.30000001192092896,2890
2589,2015-10-02,0.30000001192092896,0.30000001192092896,0.30000001192092896,0.30000001192092896,1000
2590,2015-10-01,0.30000001192092896,0.30000001192092896,0.30000001192092896,0.30000001192092896,14250
2591,2015-09-30,0.30000001192092896,0.30000001192092896,0.30000001192092896,0.30000001192092896,0
2592,2015-09-29,0.30000001192092896,0.30000001192092896,0.30000001192092896,0.30000001192092896,1850
2593,2015-09-28,0.30000001192092896,0.30000001192092896,0.30000001192092896,0.30000001192092896,200
2594,2015-09-25,0.30000001192092896,0.30000001192092896,0.30000001192092896,0.30000001192092896,8360
2595,2015-09-24,0.30000001192092896,0.30000001192092896,0.30000001192092896,0.30000001192092896,300
2596,2015-09-23,0.30000001192092896,0.30000001192092896,0.30000001192092896,0.30000001192092896,3440
2597,2015-09-22,0.30000001192092896,0.30000001192092896,0.30000001192092896,0.30000001192092896,50
2598,2015-09-21,0.30000001192092896,0.30000001192092896,0.30000001192092896,0.30000001192092896,11500
2599,2015-09-18,0.4000000059604645,0.4000000059604645,0.30000001192092896,0.30000001192092896,5900
2600,2015-09-17,0.4000000059604645,0.4000000059604645,0.4000000059604645,0.4000000059604645,430
2601,2015-09-16,0.4000000059604645,0.4000000059604645,0.4000000059604645,0.4000000059604645,41170
2602,2015-09-15,0.4000000059604645,0.4000000059604645,0.4000000059604645,0.4000000059604645,0
2603,2015-09-14,0.4000000059604645,0.4000000059604645,0.4000000059604645,0.4000000059604645,2000
2604,2015-09-11,0.4000000059604645,0.4000000059604645,0.4000000059604645,0.4000000059604645,24700
2605,2015-09-10,0.4000000059604645,0.4000000059604645,0.4000000059604645,0.4000000059604645,2560
2606,2015-09-09,0.4000000059604645,0.4000000059604645,0.30000001192092896,0.4000000059604645,33040
2607,2015-09-08,0.30000001192092896,0.4000000059604645,0.30000001192092896,0.4000000059604645,3160
2608,2015-09-04,0.30000001192092896,0.30000001192092896,0.30000001192092896,0.30000001192092896,6160
2609,2015-09-03,0.30000001192092896,0.30000001192092896,0.30000001192092896,0.30000001192092896,4770
2610,2015-09-02,0.30000001192092896,0.30000001192092896,0.30000001192092896,0.30000001192092896,30400
2611,2015-09-01,0.30000001192092896,0.30000001192092896,0.30000001192092896,0.30000001192092896,15190
2612,2015-08-31,0.30000001192092896,0.30000001192092896,0.30000001192092896,0.30000001192092896,12180
2613,2015-08-28,0.30000001192092896,0.30000001192092896,0.30000001192092896,0.30000001192092896,0
2614,2015-08-27,0.30000001192092896,0.30000001192092896,0.30000001192092896,0.30000001192092896,1320
2615,2015-08-26,0.30000001192092896,0.30000001192092896,0.30000001192092896,0.30000001192092896,2280
2616,2015-08-25,0.30000001192092896,0.30000001192092896,0.30000001192092896,0.30000001192092896,2440
2617,2015-08-24,0.30000001192092896,0.30000001192092896,0.30000001192092896,0.30000001192092896,11450
2618,2015-08-21,0.30000001192092896,0.30000001192092896,0.30000001192092896,0.30000001192092896,60
2619,2015-08-20,0.4000000059604645,0.4000000059604645,0.30000001192092896,0.30000001192092896,660
2620,2015-08-19,0.30000001192092896,0.30000001192092896,0.30000001192092896,0.30000001192092896,2250
2621,2015-08-18,0.30000001192092896,0.30000001192092896,0.30000001192092896,0.30000001192092896,4680
2622,2015-08-17,0.30000001192092896,0.30000001192092896,0.20000000298023224,0.30000001192092896,19660
2623,2015-08-14,0.30000001192092896,0.30000001192092896,0.30000001192092896,0.30000001192092896,400
2624,2015-08-13,0.30000001192092896,0.30000001192092896,0.30000001192092896,0.30000001192092896,0
2625,2015-08-12,0.30000001192092896,0.30000001192092896,0.30000001192092896,0.30000001192092896,2250
2626,2015-08-11,0.30000001192092896,0.30000001192092896,0.30000001192092896,0.30000001192092896,500
2627,2015-08-10,0.30000001192092896,0.30000001192092896,0.30000001192092896,0.30000001192092896,11000
2628,2015-08-07,0.30000001192092896,0.30000001192092896,0.30000001192092896,0.30000001192092896,20400
2629,2015-08-06,0.30000001192092896,0.30000001192092896,0.30000001192092896,0.30000001192092896,1800
2630,2015-08-05,0.30000001192092896,0.30000001192092896,0.30000001192092896,0.30000001192092896,1280
2631,2015-08-04,0.30000001192092896,0.30000001192092896,0.30000001192092896,0.30000001192092896,2800
2632,2015-08-03,0.30000001192092896,0.30000001192092896,0.20000000298023224,0.20000000298023224,2650
2633,2015-07-31,0.30000001192092896,0.30000001192092896,0.30000001192092896,0.30000001192092896,1600
2634,2015-07-30,0.30000001192092896,0.30000001192092896,0.30000001192092896,0.30000001192092896,1950
2635,2015-07-29,0.30000001192092896,0.30000001192092896,0.30000001192092896,0.30000001192092896,8910
2636,2015-07-28,0.30000001192092896,0.30000001192092896,0.30000001192092896,0.30000001192092896,1420
2637,2015-07-27,0.30000001192092896,0.30000001192092896,0.30000001192092896,0.30000001192092896,15060
2638,2015-07-24,0.20000000298023224,0.30000001192092896,0.20000000298023224,0.30000001192092896,11200
2639,2015-07-23,0.30000001192092896,0.30000001192092896,0.20000000298023224,0.20000000298023224,49390
2640,2015-07-22,0.30000001192092896,0.30000001192092896,0.30000001192092896,0.30000001192092896,4400
2641,2015-07-21,0.30000001192092896,0.30000001192092896,0.30000001192092896,0.30000001192092896,6770
2642,2015-07-20,0.30000001192092896,0.30000001192092896,0.30000001192092896,0.30000001192092896,1020
2643,2015-07-17,0.30000001192092896,0.30000001192092896,0.30000001192092896,0.30000001192092896,1300
2644,2015-07-16,0.30000001192092896,0.30000001192092896,0.30000001192092896,0.30000001192092896,30040
2645,2015-07-15,0.30000001192092896,0.30000001192092896,0.20000000298023224,0.20000000298023224,8240
2646,2015-07-14,0.30000001192092896,0.30000001192092896,0.20000000298023224,0.20000000298023224,52880
2647,2015-07-13,0.30000001192092896,0.30000001192092896,0.20000000298023224,0.30000001192092896,11980
2648,2015-07-10,0.30000001192092896,0.30000001192092896,0.20000000298023224,0.30000001192092896,27590
2649,2015-07-09,0.30000001192092896,0.30000001192092896,0.30000001192092896,0.30000001192092896,37060
2650,2015-07-08,0.30000001192092896,0.30000001192092896,0.30000001192092896,0.30000001192092896,1040
2651,2015-07-07,0.30000001192092896,0.30000001192092896,0.30000001192092896,0.30000001192092896,5810
2652,2015-07-06,0.30000001192092896,0.30000001192092896,0.30000001192092896,0.30000001192092896,400
2653,2015-07-02,0.30000001192092896,0.30000001192092896,0.30000001192092896,0.30000001192092896,3580
2654,2015-07-01,0.30000001192092896,0.30000001192092896,0.30000001192092896,0.30000001192092896,910
2655,2015-06-30,0.30000001192092896,0.30000001192092896,0.30000001192092896,0.30000001192092896,300
2656,2015-06-29,0.30000001192092896,0.30000001192092896,0.30000001192092896,0.30000001192092896,4270
2657,2015-06-26,0.4000000059604645,0.4000000059604645,0.30000001192092896,0.30000001192092896,840
2658,2015-06-25,0.30000001192092896,0.4000000059604645,0.30000001192092896,0.30000001192092896,6410
2659,2015-06-24,0.30000001192092896,0.30000001192092896,0.30000001192092896,0.30000001192092896,10860
2660,2015-06-23,0.30000001192092896,0.30000001192092896,0.30000001192092896,0.30000001192092896,40900
2661,2015-06-22,0.30000001192092896,0.30000001192092896,0.30000001192092896,0.30000001192092896,750
2662,2015-06-19,0.4000000059604645,0.4000000059604645,0.4000000059604645,0.4000000059604645,500
2663,2015-06-18,0.4000000059604645,0.4000000059604645,0.4000000059604645,0.4000000059604645,0
2664,2015-06-17,0.30000001192092896,0.4000000059604645,0.30000001192092896,0.4000000059604645,11760
2665,2015-06-16,0.4000000059604645,0.4000000059604645,0.4000000059604645,0.4000000059604645,1350
2666,2015-06-15,0.4000000059604645,0.4000000059604645,0.4000000059604645,0.4000000059604645,7410
2667,2015-06-12,0.30000001192092896,0.4000000059604645,0.30000001192092896,0.4000000059604645,9160
2668,2015-06-11,0.4000000059604645,0.4000000059604645,0.4000000059604645,0.4000000059604645,1000
2669,2015-06-10,0.4000000059604645,0.4000000059604645,0.4000000059604645,0.4000000059604645,2520
2670,2015-06-09,0.4000000059604645,0.4000000059604645,0.4000000059604645,0.4000000059604645,20
2671,2015-06-08,0.4000000059604645,0.4000000059604645,0.4000000059604645,0.4000000059604645,1100
2672,2015-06-05,0.4000000059604645,0.4000000059604645,0.4000000059604645,0.4000000059604645,400
2673,2015-06-04,0.4000000059604645,0.4000000059604645,0.4000000059604645,0.4000000059604645,6220
2674,2015-06-03,0.4000000059604645,0.4000000059604645,0.4000000059604645,0.4000000059604645,2900
2675,2015-06-02,0.4000000059604645,0.4000000059604645,0.4000000059604645,0.4000000059604645,1540
2676,2015-06-01,0.4000000059604645,0.4000000059604645,0.4000000059604645,0.4000000059604645,12750
2677,2015-05-29,0.4000000059604645,0.4000000059604645,0.4000000059604645,0.4000000059604645,710
2678,2015-05-28,0.4000000059604645,0.4000000059604645,0.4000000059604645,0.4000000059604645,11020
2679,2015-05-27,0.4000000059604645,0.4000000059604645,0.4000000059604645,0.4000000059604645,1340
2680,2015-05-26,0.4000000059604645,0.4000000059604645,0.4000000059604645,0.4000000059604645,410
2681,2015-05-22,0.4000000059604645,0.4000000059604645,0.4000000059604645,0.4000000059604645,3100
2682,2015-05-21,0.4000000059604645,0.4000000059604645,0.4000000059604645,0.4000000059604645,7740
2683,2015-05-20,0.4000000059604645,0.4000000059604645,0.4000000059604645,0.4000000059604645,5000
2684,2015-05-19,0.4000000059604645,0.4000000059604645,0.4000000059604645,0.4000000059604645,14000
2685,2015-05-18,0.4000000059604645,0.4000000059604645,0.4000000059604645,0.4000000059604645,5100
2686,2015-05-15,0.4000000059604645,0.4000000059604645,0.4000000059604645,0.4000000059604645,2770
2687,2015-05-14,0.4000000059604645,0.4000000059604645,0.4000000059604645,0.4000000059604645,9690
2688,2015-05-13,0.4000000059604645,0.4000000059604645,0.4000000059604645,0.4000000059604645,16700
2689,2015-05-12,0.4000000059604645,0.4000000059604645,0.4000000059604645,0.4000000059604645,1830
2690,2015-05-11,0.4000000059604645,0.4000000059604645,0.4000000059604645,0.4000000059604645,6370
2691,2015-05-08,0.4000000059604645,0.4000000059604645,0.4000000059604645,0.4000000059604645,2800
2692,2015-05-07,0.4000000059604645,0.4000000059604645,0.4000000059604645,0.4000000059604645,300
2693,2015-05-06,0.4000000059604645,0.4000000059604645,0.4000000059604645,0.4000000059604645,1470
2694,2015-05-05,0.4000000059604645,0.4000000059604645,0.4000000059604645,0.4000000059604645,5130
2695,2015-05-04,0.4000000059604645,0.5,0.4000000059604645,0.4000000059604645,13070
2696,2015-05-01,0.4000000059604645,0.4000000059604645,0.4000000059604645,0.4000000059604645,90
2697,2015-04-30,0.4000000059604645,0.4000000059604645,0.4000000059604645,0.4000000059604645,2060
2698,2015-04-29,0.4000000059604645,0.4000000059604645,0.4000000059604645,0.4000000059604645,1200
2699,2015-04-28,0.4000000059604645,0.4000000059604645,0.4000000059604645,0.4000000059604645,4000
2700,2015-04-27,0.4000000059604645,0.4000000059604645,0.4000000059604645,0.4000000059604645,27310
2701,2015-04-24,0.4000000059604645,0.5,0.4000000059604645,0.4000000059604645,82020
2702,2015-04-23,0.4000000059604645,0.4000000059604645,0.4000000059604645,0.4000000059604645,4170
2703,2015-04-22,0.4000000059604645,0.4000000059604645,0.4000000059604645,0.4000000059604645,11850
2704,2015-04-21,0.4000000059604645,0.4000000059604645,0.4000000059604645,0.4000000059604645,540
2705,2015-04-20,0.4000000059604645,0.4000000059604645,0.4000000059604645,0.4000000059604645,2220
2706,2015-04-17,0.4000000059604645,0.4000000059604645,0.30000001192092896,0.4000000059604645,6960
2707,2015-04-16,0.4000000059604645,0.4000000059604645,0.4000000059604645,0.4000000059604645,5290
2708,2015-04-15,0.30000001192092896,0.4000000059604645,0.30000001192092896,0.4000000059604645,870
2709,2015-04-14,0.4000000059604645,0.4000000059604645,0.4000000059604645,0.4000000059604645,7720
2710,2015-04-13,0.4000000059604645,0.4000000059604645,0.4000000059604645,0.4000000059604645,1000
2711,2015-04-10,0.4000000059604645,0.4000000059604645,0.4000000059604645,0.4000000059604645,3920
2712,2015-04-09,0.4000000059604645,0.4000000059604645,0.4000000059604645,0.4000000059604645,2050
2713,2015-04-08,0.4000000059604645,0.4000000059604645,0.4000000059604645,0.4000000059604645,13720
2714,2015-04-07,0.4000000059604645,0.4000000059604645,0.4000000059604645,0.4000000059604645,2940
2715,2015-04-06,0.4000000059604645,0.4000000059604645,0.4000000059604645,0.4000000059604645,250
2716,2015-04-02,0.4000000059604645,0.4000000059604645,0.4000000059604645,0.4000000059604645,9980
2717,2015-04-01,0.4000000059604645,0.4000000059604645,0.30000001192092896,0.4000000059604645,17240
2718,2015-03-31,0.4000000059604645,0.4000000059604645,0.4000000059604645,0.4000000059604645,50
2719,2015-03-30,0.4000000059604645,0.4000000059604645,0.4000000059604645,0.4000000059604645,8000
2720,2015-03-27,0.4000000059604645,0.4000000059604645,0.4000000059604645,0.4000000059604645,11540
2721,2015-03-26,0.4000000059604645,0.4000000059604645,0.4000000059604645,0.4000000059604645,7790
2722,2015-03-25,0.4000000059604645,0.4000000059604645,0.30000001192092896,0.4000000059604645,15300
2723,2015-03-24,0.30000001192092896,0.30000001192092896,0.30000001192092896,0.30000001192092896,500
2724,2015-03-23,0.30000001192092896,0.4000000059604645,0.30000001192092896,0.4000000059604645,6830
2725,2015-03-20,0.30000001192092896,0.4000000059604645,0.30000001192092896,0.30000001192092896,59950
2726,2015-03-19,0.4000000059604645,0.4000000059604645,0.4000000059604645,0.4000000059604645,6650
2727,2015-03-18,0.30000001192092896,0.4000000059604645,0.30000001192092896,0.4000000059604645,18110
2728,2015-03-17,0.4000000059604645,0.4000000059604645,0.4000000059604645,0.4000000059604645,11350
2729,2015-03-16,0.4000000059604645,0.4000000059604645,0.4000000059604645,0.4000000059604645,7900
2730,2015-03-13,0.5,0.5,0.4000000059604645,0.4000000059604645,12760
2731,2015-03-12,0.5,0.5,0.4000000059604645,0.5,12080
2732,2015-03-11,0.4000000059604645,0.5,0.4000000059604645,0.5,4080
2733,2015-03-10,0.4000000059604645,0.4000000059604645,0.4000000059604645,0.4000000059604645,5850
2734,2015-03-09,0.5,0.5,0.5,0.5,3090
2735,2015-03-06,0.5,0.5,0.5,0.5,3940
2736,2015-03-05,0.5,0.5,0.5,0.5,11250
2737,2015-03-04,0.4000000059604645,0.5,0.4000000059604645,0.5,6840
2738,2015-03-03,0.4000000059604645,0.5,0.4000000059604645,0.5,2130
2739,2015-03-02,0.4000000059604645,0.5,0.4000000059604645,0.5,1000
2740,2015-02-27,0.5,0.5,0.5,0.5,1770
2741,2015-02-26,0.5,0.5,0.5,0.5,3130
2742,2015-02-25,0.4000000059604645,0.5,0.4000000059604645,0.5,29740
2743,2015-02-24,0.4000000059604645,0.5,0.4000000059604645,0.4000000059604645,2670
2744,2015-02-23,0.5,0.5,0.5,0.5,850
2745,2015-02-20,0.4000000059604645,0.5,0.4000000059604645,0.5,63190
2746,2015-02-19,0.4000000059604645,0.5,0.4000000059604645,0.5,4970
2747,2015-02-18,0.4000000059604645,0.5,0.4000000059604645,0.4000000059604645,10130
2748,2015-02-17,0.4000000059604645,0.5,0.4000000059604645,0.5,11480
2749,2015-02-13,0.4000000059604645,0.5,0.4000000059604645,0.4000000059604645,12690
2750,2015-02-12,0.4000000059604645,0.4000000059604645,0.4000000059604645,0.4000000059604645,330
2751,2015-02-11,0.4000000059604645,0.4000000059604645,0.4000000059604645,0.4000000059604645,7760
2752,2015-02-10,0.4000000059604645,0.4000000059604645,0.4000000059604645,0.4000000059604645,0
2753,2015-02-09,0.4000000059604645,0.4000000059604645,0.4000000059604645,0.4000000059604645,170
2754,2015-02-06,0.4000000059604645,0.4000000059604645,0.4000000059604645,0.4000000059604645,200
2755,2015-02-05,0.4000000059604645,0.4000000059604645,0.4000000059604645,0.4000000059604645,1800
2756,2015-02-04,0.4000000059604645,0.4000000059604645,0.4000000059604645,0.4000000059604645,3130
2757,2015-02-03,0.30000001192092896,0.4000000059604645,0.30000001192092896,0.4000000059604645,8280
2758,2015-02-02,0.4000000059604645,0.4000000059604645,0.4000000059604645,0.4000000059604645,22080
2759,2015-01-30,0.4000000059604645,0.4000000059604645,0.4000000059604645,0.4000000059604645,9310
2760,2015-01-29,0.4000000059604645,0.4000000059604645,0.4000000059604645,0.4000000059604645,6820
2761,2015-01-28,0.4000000059604645,0.4000000059604645,0.4000000059604645,0.4000000059604645,2360
2762,2015-01-27,0.5,0.5,0.4000000059604645,0.4000000059604645,72520
2763,2015-01-26,0.6000000238418579,0.6000000238418579,0.5,0.5,17240
2764,2015-01-23,0.5,0.6000000238418579,0.5,0.6000000238418579,3110
2765,2015-01-22,0.5,0.5,0.5,0.5,3680
2766,2015-01-21,0.4000000059604645,0.5,0.4000000059604645,0.5,5200
2767,2015-01-20,0.5,0.5,0.4000000059604645,0.4000000059604645,30640
2768,2015-01-16,0.5,0.5,0.5,0.5,10130
2769,2015-01-15,0.5,0.5,0.5,0.5,7050
2770,2015-01-14,0.5,0.5,0.5,0.5,0
2771,2015-01-13,0.5,0.5,0.5,0.5,2880
2772,2015-01-12,0.5,0.5,0.5,0.5,4100
2773,2015-01-09,0.5,0.6000000238418579,0.5,0.6000000238418579,14290
2774,2015-01-08,0.5,0.5,0.5,0.5,5790
2775,2015-01-07,0.5,0.5,0.5,0.5,7930
2776,2015-01-06,0.6000000238418579,0.6000000238418579,0.4000000059604645,0.4000000059604645,1230
2777,2015-01-05,0.6000000238418579,0.6000000238418579,0.5,0.5,1650
2778,2015-01-02,0.6000000238418579,0.6000000238418579,0.6000000238418579,0.6000000238418579,10690
2779,2014-12-31,0.5,0.5,0.5,0.5,26390
2780,2014-12-30,0.4000000059604645,0.5,0.4000000059604645,0.5,17140
2781,2014-12-29,0.4000000059604645,0.5,0.4000000059604645,0.5,11820
2782,2014-12-26,0.5,0.5,0.5,0.5,8310
2783,2014-12-24,0.5,0.5,0.5,0.5,1150
2784,2014-12-23,0.5,0.5,0.5,0.5,4780
2785,2014-12-22,0.5,0.6000000238418579,0.5,0.5,29840
2786,2014-12-19,0.4000000059604645,0.5,0.4000000059604645,0.5,14980
2787,2014-12-18,0.4000000059604645,0.5,0.4000000059604645,0.4000000059604645,3840
2788,2014-12-17,0.4000000059604645,0.4000000059604645,0.4000000059604645,0.4000000059604645,10700
2789,2014-12-16,0.4000000059604645,0.4000000059604645,0.4000000059604645,0.4000000059604645,1990
2790,2014-12-15,0.5,0.5,0.4000000059604645,0.4000000059604645,10490
2791,2014-12-12,0.4000000059604645,0.5,0.4000000059604645,0.4000000059604645,34770
2792,2014-12-11,0.5,0.5,0.4000000059604645,0.4000000059604645,11220
2793,2014-12-10,0.4000000059604645,0.6000000238418579,0.4000000059604645,0.5,8190
2794,2014-12-09,0.5,0.5,0.5,0.5,17800
2795,2014-12-08,0.6000000238418579,0.6000000238418579,0.5,0.5,5590
2796,2014-12-05,0.5,0.5,0.5,0.5,14720
2797,2014-12-04,0.5,0.699999988079071,0.5,0.5,10770
2798,2014-12-03,0.6000000238418579,0.6000000238418579,0.5,0.5,1910
2799,2014-12-02,0.5,0.5,0.5,0.5,2590
2800,2014-12-01,0.6000000238418579,0.6000000238418579,0.6000000238418579,0.6000000238418579,17150
2801,2014-11-28,0.6000000238418579,0.6000000238418579,0.6000000238418579,0.6000000238418579,3800
2802,2014-11-26,0.6000000238418579,0.6000000238418579,0.5,0.6000000238418579,26110
2803,2014-11-25,0.6000000238418579,0.6000000238418579,0.6000000238418579,0.6000000238418579,2240
2804,2014-11-24,0.6000000238418579,0.6000000238418579,0.5,0.5,19250
2805,2014-11-21,0.5,0.6000000238418579,0.5,0.6000000238418579,9460
2806,2014-11-20,0.6000000238418579,0.6000000238418579,0.5,0.6000000238418579,5870
2807,2014-11-19,0.5,0.6000000238418579,0.5,0.5,5480
2808,2014-11-18,0.800000011920929,0.800000011920929,0.6000000238418579,0.6000000238418579,10190
2809,2014-11-17,0.6000000238418579,0.6000000238418579,0.5,0.6000000238418579,650
2810,2014-11-14,0.6000000238418579,0.6000000238418579,0.5,0.5,2710
2811,2014-11-13,0.6000000238418579,0.6000000238418579,0.5,0.5,4110
2812,2014-11-12,0.6000000238418579,0.6000000238418579,0.5,0.6000000238418579,6750
2813,2014-11-11,0.6000000238418579,0.6000000238418579,0.5,0.6000000238418579,3650
2814,2014-11-10,0.5,0.5,0.5,0.5,3020
2815,2014-11-07,0.6000000238418579,0.6000000238418579,0.5,0.6000000238418579,24670
2816,2014-11-06,0.6000000238418579,0.6000000238418579,0.5,0.6000000238418579,11270
2817,2014-11-05,0.699999988079071,0.800000011920929,0.6000000238418579,0.6000000238418579,24650
2818,2014-11-04,0.6000000238418579,0.699999988079071,0.6000000238418579,0.699999988079071,21010
2819,2014-11-03,0.800000011920929,0.800000011920929,0.699999988079071,0.699999988079071,7540
2820,2014-10-31,0.699999988079071,0.699999988079071,0.699999988079071,0.699999988079071,500
2821,2014-10-30,0.699999988079071,0.800000011920929,0.699999988079071,0.699999988079071,6960
2822,2014-10-29,0.699999988079071,0.800000011920929,0.699999988079071,0.800000011920929,1050
2823,2014-10-28,0.800000011920929,0.800000011920929,0.699999988079071,0.699999988079071,15600
2824,2014-10-27,0.699999988079071,0.8999999761581421,0.699999988079071,0.8999999761581421,3280
2825,2014-10-24,0.800000011920929,0.800000011920929,0.800000011920929,0.800000011920929,1160
2826,2014-10-23,1.2000000476837158,1.2000000476837158,0.800000011920929,0.800000011920929,24880
2827,2014-10-22,0.8999999761581421,1.100000023841858,0.8999999761581421,1.100000023841858,2510
2828,2014-10-21,0.8999999761581421,0.8999999761581421,0.8999999761581421,0.8999999761581421,690
2829,2014-10-20,0.800000011920929,1.0,0.800000011920929,0.800000011920929,1400
2830,2014-10-17,0.699999988079071,1.100000023841858,0.699999988079071,0.8999999761581421,18830
2831,2014-10-16,1.0,1.0,0.800000011920929,0.8999999761581421,3140
2832,2014-10-15,0.699999988079071,1.100000023841858,0.699999988079071,0.8999999761581421,7800
2833,2014-10-14,0.800000011920929,1.0,0.800000011920929,0.800000011920929,6520
2834,2014-10-13,0.800000011920929,1.2000000476837158,0.699999988079071,1.2000000476837158,6500
2835,2014-10-10,0.8999999761581421,0.8999999761581421,0.800000011920929,0.800000011920929,2220
2836,2014-10-09,0.800000011920929,0.8999999761581421,0.800000011920929,0.8999999761581421,4420
2837,2014-10-08,0.8999999761581421,1.2999999523162842,0.800000011920929,0.800000011920929,15900
2838,2014-10-07,0.800000011920929,1.0,0.800000011920929,0.800000011920929,1520
2839,2014-10-06,0.800000011920929,0.800000011920929,0.800000011920929,0.800000011920929,14340
2840,2014-10-03,0.699999988079071,1.2000000476837158,0.699999988079071,0.800000011920929,4480
2841,2014-10-02,0.699999988079071,0.800000011920929,0.699999988079071,0.800000011920929,9440
2842,2014-10-01,0.699999988079071,0.800000011920929,0.699999988079071,0.800000011920929,5660
2843,2014-09-30,0.699999988079071,0.800000011920929,0.699999988079071,0.800000011920929,9570
2844,2014-09-29,0.800000011920929,0.8999999761581421,0.800000011920929,0.800000011920929,16160
2845,2014-09-26,1.100000023841858,1.2000000476837158,1.100000023841858,1.2000000476837158,500
2846,2014-09-25,1.100000023841858,1.2999999523162842,1.100000023841858,1.100000023841858,1490
2847,2014-09-24,1.2000000476837158,1.2000000476837158,1.0,1.2000000476837158,12610
2848,2014-09-23,1.0,1.100000023841858,1.0,1.100000023841858,6530
2849,2014-09-22,1.100000023841858,1.100000023841858,1.0,1.0,8180
2850,2014-09-19,1.2000000476837158,1.2000000476837158,1.100000023841858,1.100000023841858,17640
2851,2014-09-18,1.100000023841858,1.100000023841858,1.100000023841858,1.100000023841858,6250
2852,2014-09-17,1.100000023841858,1.100000023841858,1.100000023841858,1.100000023841858,18730
2853,2014-09-16,1.100000023841858,1.2000000476837158,1.100000023841858,1.2000000476837158,31150
2854,2014-09-15,1.2999999523162842,1.2999999523162842,1.2000000476837158,1.2999999523162842,9500
2855,2014-09-12,1.399999976158142,1.399999976158142,1.399999976158142,1.399999976158142,1870
2856,2014-09-11,1.399999976158142,1.399999976158142,1.399999976158142,1.399999976158142,1290
2857,2014-09-10,1.399999976158142,1.399999976158142,1.399999976158142,1.399999976158142,1210
2858,2014-09-09,1.5,1.5,1.399999976158142,1.399999976158142,7760
2859,2014-09-08,1.5,1.600000023841858,1.5,1.600000023841858,990
2860,2014-09-05,1.5,1.600000023841858,1.5,1.5,3990
2861,2014-09-04,1.600000023841858,1.600000023841858,1.600000023841858,1.600000023841858,3790
2862,2014-09-03,1.7000000476837158,1.7000000476837158,1.7000000476837158,1.7000000476837158,200
2863,2014-09-02,1.5,1.7000000476837158,1.5,1.7000000476837158,5000
2864,2014-08-29,1.5,1.600000023841858,1.5,1.600000023841858,3600
2865,2014-08-28,1.600000023841858,1.600000023841858,1.600000023841858,1.600000023841858,170
2866,2014-08-27,1.5,1.5,1.5,1.5,1500
2867,2014-08-26,1.5,1.5,1.5,1.5,1510
2868,2014-08-25,1.600000023841858,1.600000023841858,1.5,1.5,1300
2869,2014-08-22,1.5,1.600000023841858,1.5,1.600000023841858,1630
2870,2014-08-21,1.7000000476837158,1.7000000476837158,1.5,1.7000000476837158,890
2871,2014-08-20,1.5,1.600000023841858,1.5,1.5,10520
2872,2014-08-19,1.5,1.5,1.5,1.5,50
2873,2014-08-18,1.5,1.5,1.5,1.5,2690
2874,2014-08-15,1.5,1.5,1.5,1.5,100
2875,2014-08-14,1.2999999523162842,1.2999999523162842,1.2999999523162842,1.2999999523162842,0
2876,2014-08-13,1.2999999523162842,1.399999976158142,1.2999999523162842,1.2999999523162842,1970
2877,2014-08-12,1.399999976158142,1.399999976158142,1.2999999523162842,1.2999999523162842,2400
2878,2014-08-11,1.2999999523162842,1.399999976158142,1.2999999523162842,1.399999976158142,1220
2879,2014-08-08,1.2999999523162842,1.2999999523162842,1.2999999523162842,1.2999999523162842,2410
2880,2014-08-07,1.399999976158142,1.399999976158142,1.399999976158142,1.399999976158142,10450
2881,2014-08-06,1.399999976158142,1.399999976158142,1.399999976158142,1.399999976158142,20
2882,2014-08-05,1.399999976158142,1.399999976158142,1.399999976158142,1.399999976158142,7750
2883,2014-08-04,1.399999976158142,1.399999976158142,1.399999976158142,1.399999976158142,6690
2884,2014-08-01,1.399999976158142,1.399999976158142,1.399999976158142,1.399999976158142,4940
2885,2014-07-31,1.7000000476837158,1.7000000476837158,1.100000023841858,1.399999976158142,27340
2886,2014-07-30,2.0999999046325684,2.0999999046325684,1.899999976158142,2.0,19790
2887,2014-07-29,1.899999976158142,2.0999999046325684,1.899999976158142,2.0999999046325684,7590
2888,2014-07-28,1.7999999523162842,1.899999976158142,1.7999999523162842,1.899999976158142,6140
2889,2014-07-25,1.7999999523162842,1.7999999523162842,1.7999999523162842,1.7999999523162842,1540
2890,2014-07-24,1.899999976158142,1.899999976158142,1.7999999523162842,1.7999999523162842,7120
2891,2014-07-23,1.7000000476837158,1.899999976158142,1.7000000476837158,1.899999976158142,33820
2892,2014-07-22,1.600000023841858,1.600000023841858,1.5,1.600000023841858,4650
2893,2014-07-21,1.399999976158142,1.5,1.399999976158142,1.399999976158142,9480
2894,2014-07-18,1.2999999523162842,1.2999999523162842,1.2999999523162842,1.2999999523162842,11200
2895,2014-07-17,1.2999999523162842,1.2999999523162842,1.2999999523162842,1.2999999523162842,2680
2896,2014-07-16,1.2999999523162842,1.2999999523162842,1.2000000476837158,1.2000000476837158,2030
2897,2014-07-15,1.2000000476837158,1.2000000476837158,1.2000000476837158,1.2000000476837158,220
2898,2014-07-14,1.2000000476837158,1.2999999523162842,1.2000000476837158,1.2999999523162842,300
2899,2014-07-11,1.2999999523162842,1.2999999523162842,1.2000000476837158,1.2999999523162842,3470
2900,2014-07-10,1.2999999523162842,1.2999999523162842,1.2999999523162842,1.2999999523162842,0
2901,2014-07-09,1.2999999523162842,1.2999999523162842,1.2000000476837158,1.2999999523162842,9680
2902,2014-07-08,1.2000000476837158,1.2000000476837158,1.2000000476837158,1.2000000476837158,750
2903,2014-07-07,1.2999999523162842,1.2999999523162842,1.2000000476837158,1.2999999523162842,2740
2904,2014-07-03,1.2999999523162842,1.2999999523162842,1.2000000476837158,1.2999999523162842,7770
2905,2014-07-02,1.2000000476837158,1.2999999523162842,1.2000000476837158,1.2000000476837158,15030
2906,2014-07-01,1.2000000476837158,1.2999999523162842,1.2000000476837158,1.2999999523162842,80
2907,2014-06-30,1.2999999523162842,1.2999999523162842,1.2000000476837158,1.2999999523162842,122060
2908,2014-06-27,1.399999976158142,1.399999976158142,1.2999999523162842,1.399999976158142,6800
2909,2014-06-26,1.2000000476837158,1.399999976158142,1.2000000476837158,1.2999999523162842,7020
2910,2014-06-25,1.2999999523162842,1.2999999523162842,1.2000000476837158,1.2999999523162842,6980
2911,2014-06-24,1.2000000476837158,1.2000000476837158,1.2000000476837158,1.2000000476837158,3810
2912,2014-06-23,1.2000000476837158,1.2000000476837158,1.2000000476837158,1.2000000476837158,1980
2913,2014-06-20,1.2000000476837158,1.2999999523162842,1.2000000476837158,1.2999999523162842,2960
2914,2014-06-19,1.2999999523162842,1.2999999523162842,1.2999999523162842,1.2999999523162842,8090
2915,2014-06-18,1.2000000476837158,1.2999999523162842,1.2000000476837158,1.2000000476837158,11660
2916,2014-06-17,1.2999999523162842,1.2999999523162842,1.2999999523162842,1.2999999523162842,800
2917,2014-06-16,1.2999999523162842,1.2999999523162842,1.2000000476837158,1.2999999523162842,4170
2918,2014-06-13,1.399999976158142,1.399999976158142,1.2999999523162842,1.2999999523162842,4100
2919,2014-06-12,1.2999999523162842,1.2999999523162842,1.2999999523162842,1.2999999523162842,100
2920,2014-06-11,1.2999999523162842,1.399999976158142,1.2999999523162842,1.399999976158142,2530
2921,2014-06-10,1.399999976158142,1.399999976158142,1.2999999523162842,1.399999976158142,3140
2922,2014-06-09,1.399999976158142,1.5,1.399999976158142,1.5,11350
2923,2014-06-06,1.399999976158142,1.399999976158142,1.399999976158142,1.399999976158142,4940
2924,2014-06-05,1.399999976158142,1.5,1.399999976158142,1.5,14500
2925,2014-06-04,1.600000023841858,1.600000023841858,1.5,1.5,1740
2926,2014-06-03,1.5,1.7000000476837158,1.5,1.7000000476837158,6960
2927,2014-06-02,1.399999976158142,1.399999976158142,1.399999976158142,1.399999976158142,8640
2928,2014-05-30,1.2999999523162842,1.399999976158142,1.2999999523162842,1.2999999523162842,6610
2929,2014-05-29,1.2999999523162842,1.2999999523162842,1.2999999523162842,1.2999999523162842,0
2930,2014-05-28,1.600000023841858,1.600000023841858,1.2999999523162842,1.2999999523162842,7870
2931,2014-05-27,1.7000000476837158,1.7000000476837158,1.5,1.600000023841858,10880
2932,2014-05-23,1.2999999523162842,1.2999999523162842,1.2999999523162842,1.2999999523162842,4700
2933,2014-05-22,1.100000023841858,1.2999999523162842,1.100000023841858,1.2999999523162842,11670
2934,2014-05-21,1.100000023841858,1.100000023841858,1.0,1.0,2770
2935,2014-05-20,1.100000023841858,1.2000000476837158,1.100000023841858,1.100000023841858,7250
2936,2014-05-19,1.100000023841858,1.100000023841858,1.100000023841858,1.100000023841858,2120
2937,2014-05-16,1.2000000476837158,1.2000000476837158,1.2000000476837158,1.2000000476837158,4030
2938,2014-05-15,1.2000000476837158,1.2999999523162842,1.100000023841858,1.2999999523162842,4060
2939,2014-05-14,1.2999999523162842,1.2999999523162842,1.2999999523162842,1.2999999523162842,42230
2940,2014-05-13,1.2999999523162842,1.2999999523162842,1.2999999523162842,1.2999999523162842,8650
2941,2014-05-12,1.2999999523162842,1.2999999523162842,1.2000000476837158,1.2999999523162842,9550
2942,2014-05-09,1.2999999523162842,1.2999999523162842,1.2000000476837158,1.2999999523162842,19800
2943,2014-05-08,1.2000000476837158,1.2999999523162842,1.2000000476837158,1.2999999523162842,480
2944,2014-05-07,1.2999999523162842,1.2999999523162842,1.2000000476837158,1.2000000476837158,11540
2945,2014-05-06,1.2999999523162842,1.399999976158142,1.2999999523162842,1.399999976158142,16560
2946,2014-05-05,1.600000023841858,1.600000023841858,1.100000023841858,1.2999999523162842,37880
2947,2014-05-02,1.600000023841858,1.600000023841858,1.399999976158142,1.600000023841858,5700
2948,2014-05-01,1.600000023841858,1.600000023841858,1.5,1.5,1360
2949,2014-04-30,1.600000023841858,1.600000023841858,1.600000023841858,1.600000023841858,10000
2950,2014-04-29,1.5,1.600000023841858,1.5,1.600000023841858,5400
2951,2014-04-28,1.600000023841858,1.600000023841858,1.600000023841858,1.600000023841858,2920
2952,2014-04-25,1.7000000476837158,1.7000000476837158,1.7000000476837158,1.7000000476837158,2960
2953,2014-04-24,1.7000000476837158,1.7000000476837158,1.600000023841858,1.600000023841858,10750
2954,2014-04-23,1.7000000476837158,1.7000000476837158,1.600000023841858,1.600000023841858,7400
2955,2014-04-22,1.7000000476837158,1.7000000476837158,1.7000000476837158,1.7000000476837158,1050
2956,2014-04-21,1.7000000476837158,1.7000000476837158,1.7000000476837158,1.7000000476837158,4000
2957,2014-04-17,1.7999999523162842,1.7999999523162842,1.7000000476837158,1.7000000476837158,640
2958,2014-04-16,1.7999999523162842,1.7999999523162842,1.7000000476837158,1.7999999523162842,2720
2959,2014-04-15,1.7999999523162842,1.7999999523162842,1.7999999523162842,1.7999999523162842,500
2960,2014-04-14,1.899999976158142,1.899999976158142,1.899999976158142,1.899999976158142,1370
2961,2014-04-11,1.899999976158142,1.899999976158142,1.899999976158142,1.899999976158142,760
2962,2014-04-10,1.899999976158142,1.899999976158142,1.899999976158142,1.899999976158142,2600
2963,2014-04-09,1.7999999523162842,1.7999999523162842,1.7999999523162842,1.7999999523162842,970
2964,2014-04-08,1.7999999523162842,1.7999999523162842,1.7999999523162842,1.7999999523162842,2440
2965,2014-04-07,1.7999999523162842,1.7999999523162842,1.7999999523162842,1.7999999523162842,690
2966,2014-04-04,1.899999976158142,1.899999976158142,1.7999999523162842,1.7999999523162842,8170
2967,2014-04-03,1.7999999523162842,1.7999999523162842,1.7999999523162842,1.7999999523162842,2100
2968,2014-04-02,1.899999976158142,1.899999976158142,1.7999999523162842,1.7999999523162842,5100
2969,2014-04-01,1.7999999523162842,1.899999976158142,1.7999999523162842,1.899999976158142,9560
2970,2014-03-31,1.899999976158142,1.899999976158142,1.7999999523162842,1.7999999523162842,9020
2971,2014-03-28,1.899999976158142,2.0,1.899999976158142,1.899999976158142,13630
2972,2014-03-27,1.899999976158142,1.899999976158142,1.7999999523162842,1.7999999523162842,7340
2973,2014-03-26,1.600000023841858,1.600000023841858,1.399999976158142,1.600000023841858,57410
2974,2014-03-25,1.899999976158142,1.899999976158142,1.600000023841858,1.7000000476837158,22500
2975,2014-03-24,2.0,2.0,1.899999976158142,1.899999976158142,7000
2976,2014-03-21,2.0,2.0,1.899999976158142,1.899999976158142,6630
2977,2014-03-20,2.0,2.0,1.899999976158142,2.0,15470
2978,2014-03-19,2.0,2.0,2.0,2.0,6550
2979,2014-03-18,2.0999999046325684,2.0999999046325684,1.899999976158142,2.0,78760
2980,2014-03-17,2.0999999046325684,2.0999999046325684,2.0,2.0999999046325684,22330
2981,2014-03-14,2.0999999046325684,2.0999999046325684,2.0,2.0999999046325684,7410
2982,2014-03-13,2.0999999046325684,2.200000047683716,2.0999999046325684,2.0999999046325684,11290
2983,2014-03-12,2.0999999046325684,2.200000047683716,2.0999999046325684,2.200000047683716,9610
2984,2014-03-11,2.5,2.5,2.200000047683716,2.299999952316284,36790
2985,2014-03-10,2.5999999046325684,2.700000047683716,2.5999999046325684,2.700000047683716,240
2986,2014-03-07,2.5999999046325684,2.5999999046325684,2.5999999046325684,2.5999999046325684,5700
2987,2014-03-06,2.5999999046325684,2.700000047683716,2.5999999046325684,2.5999999046325684,5510
2988,2014-03-05,2.5,2.700000047683716,2.5,2.700000047683716,4250
2989,2014-03-04,2.5,2.5999999046325684,2.5,2.5,5710
2990,2014-03-03,2.700000047683716,2.700000047683716,2.5999999046325684,2.5999999046325684,3580
2991,2014-02-28,2.700000047683716,2.799999952316284,2.700000047683716,2.700000047683716,8730
2992,2014-02-27,2.700000047683716,2.799999952316284,2.700000047683716,2.700000047683716,4260
2993,2014-02-26,2.700000047683716,2.799999952316284,2.700000047683716,2.700000047683716,3370
2994,2014-02-25,2.700000047683716,2.799999952316284,2.700000047683716,2.799999952316284,1290
2995,2014-02-24,2.700000047683716,2.799999952316284,2.5999999046325684,2.799999952316284,7700
2996,2014-02-21,2.700000047683716,2.700000047683716,2.5,2.700000047683716,3460
2997,2014-02-20,2.5999999046325684,2.700000047683716,2.5999999046325684,2.700000047683716,3140
2998,2014-02-19,2.5999999046325684,2.700000047683716,2.5999999046325684,2.700000047683716,1090
2999,2014-02-18,2.5999999046325684,2.5999999046325684,2.5,2.5999999046325684,5510
3000,2014-02-14,2.5,2.5999999046325684,2.5,2.5999999046325684,5380
3001,2014-02-13,2.5,2.5999999046325684,2.5,2.5999999046325684,4350
3002,2014-02-12,2.5,2.5,2.5,2.5,800
3003,2014-02-11,2.5,2.5,2.4000000953674316,2.5,4740
3004,2014-02-10,2.5,2.5,2.5,2.5,3020
3005,2014-02-07,2.299999952316284,2.5999999046325684,2.299999952316284,2.5999999046325684,1500
3006,2014-02-06,2.4000000953674316,2.5999999046325684,2.4000000953674316,2.5999999046325684,2770
3007,2014-02-05,2.5,2.5,2.4000000953674316,2.4000000953674316,2650
3008,2014-02-04,2.299999952316284,2.5,2.299999952316284,2.5,1040
3009,2014-02-03,2.4000000953674316,2.5,2.4000000953674316,2.5,28720
3010,2014-01-31,2.5,2.5999999046325684,2.5,2.5999999046325684,31140
3011,2014-01-30,2.799999952316284,2.799999952316284,2.700000047683716,2.799999952316284,2030
3012,2014-01-29,2.700000047683716,2.700000047683716,2.700000047683716,2.700000047683716,1150
3013,2014-01-28,2.799999952316284,2.799999952316284,2.700000047683716,2.799999952316284,9640
3014,2014-01-27,2.9000000953674316,2.9000000953674316,2.799999952316284,2.9000000953674316,1050
3015,2014-01-24,2.799999952316284,2.9000000953674316,2.799999952316284,2.9000000953674316,1250
3016,2014-01-23,2.799999952316284,3.0,2.799999952316284,2.799999952316284,1540
3017,2014-01-22,2.799999952316284,2.9000000953674316,2.799999952316284,2.9000000953674316,760
3018,2014-01-21,2.9000000953674316,2.9000000953674316,2.799999952316284,2.799999952316284,9600
3019,2014-01-17,3.0,3.0,2.9000000953674316,2.9000000953674316,520
3020,2014-01-16,3.0,3.0,3.0,3.0,3850
3021,2014-01-15,2.9000000953674316,3.0,2.9000000953674316,3.0,3830
3022,2014-01-14,2.799999952316284,2.799999952316284,2.799999952316284,2.799999952316284,3530
3023,2014-01-13,2.9000000953674316,2.9000000953674316,2.700000047683716,2.799999952316284,4180
3024,2014-01-10,2.700000047683716,2.9000000953674316,2.700000047683716,2.799999952316284,24460
3025,2014-01-09,2.700000047683716,2.700000047683716,2.700000047683716,2.700000047683716,1740
3026,2014-01-08,2.700000047683716,2.700000047683716,2.700000047683716,2.700000047683716,9620
3027,2014-01-07,2.799999952316284,2.9000000953674316,2.799999952316284,2.9000000953674316,1110
3028,2014-01-06,2.799999952316284,3.0,2.799999952316284,2.799999952316284,33350
3029,2014-01-03,2.700000047683716,2.799999952316284,2.700000047683716,2.700000047683716,12170
3030,2014-01-02,2.5,2.799999952316284,2.5,2.799999952316284,4720
3031,2013-12-31,2.5,2.799999952316284,2.5,2.5999999046325684,23440
3032,2013-12-30,2.5999999046325684,2.799999952316284,2.5999999046325684,2.700000047683716,9360
3033,2013-12-27,2.700000047683716,2.9000000953674316,2.700000047683716,2.799999952316284,3210
3034,2013-12-26,2.700000047683716,2.799999952316284,2.700000047683716,2.799999952316284,6720
3035,2013-12-24,2.700000047683716,2.700000047683716,2.700000047683716,2.700000047683716,6280
3036,2013-12-23,2.5,2.700000047683716,2.5,2.700000047683716,17820
3037,2013-12-20,2.4000000953674316,2.5999999046325684,2.4000000953674316,2.5,16360
3038,2013-12-19,2.299999952316284,2.5,2.299999952316284,2.5,13040
3039,2013-12-18,2.4000000953674316,2.5,2.299999952316284,2.5,7460
3040,2013-12-17,2.4000000953674316,2.5,2.299999952316284,2.4000000953674316,9440
3041,2013-12-16,2.4000000953674316,2.5999999046325684,2.4000000953674316,2.4000000953674316,12590
3042,2013-12-13,2.4000000953674316,2.5999999046325684,2.4000000953674316,2.5999999046325684,920
3043,2013-12-12,2.5,2.700000047683716,2.5,2.5999999046325684,1870
3044,2013-12-11,2.5,2.799999952316284,2.5,2.5999999046325684,3210
3045,2013-12-10,2.700000047683716,2.700000047683716,2.5,2.700000047683716,6800
3046,2013-12-09,2.5,2.799999952316284,2.5,2.700000047683716,3760
3047,2013-12-06,2.700000047683716,2.799999952316284,2.700000047683716,2.700000047683716,12610
3048,2013-12-05,2.5,2.5999999046325684,2.4000000953674316,2.5999999046325684,10700
3049,2013-12-04,2.5999999046325684,2.5999999046325684,2.299999952316284,2.5999999046325684,8560
3050,2013-12-03,2.5999999046325684,2.700000047683716,2.5,2.5999999046325684,7730
3051,2013-12-02,2.799999952316284,2.9000000953674316,2.799999952316284,2.799999952316284,8710
3052,2013-11-29,2.9000000953674316,2.9000000953674316,2.799999952316284,2.9000000953674316,8030
3053,2013-11-27,3.0,3.0,2.9000000953674316,3.0,4590
3054,2013-11-26,2.9000000953674316,3.0999999046325684,2.9000000953674316,3.0,3310
3055,2013-11-25,3.200000047683716,3.200000047683716,2.9000000953674316,3.0,5920
3056,2013-11-22,2.9000000953674316,3.0,2.9000000953674316,3.0,32340
3057,2013-11-21,3.0,3.0,2.700000047683716,2.9000000953674316,8470
3058,2013-11-20,3.0,3.0999999046325684,3.0,3.0,1870
3059,2013-11-19,3.0999999046325684,3.0999999046325684,3.0999999046325684,3.0999999046325684,1480
3060,2013-11-18,3.0,3.200000047683716,3.0,3.0,6450
3061,2013-11-15,3.0999999046325684,3.200000047683716,3.0999999046325684,3.0999999046325684,1640
3062,2013-11-14,3.0,3.200000047683716,3.0,3.0999999046325684,9560
3063,2013-11-13,3.200000047683716,3.200000047683716,3.0,3.0999999046325684,9190
3064,2013-11-12,3.299999952316284,3.299999952316284,3.0999999046325684,3.0999999046325684,770
3065,2013-11-11,3.299999952316284,3.299999952316284,3.0,3.200000047683716,10710
3066,2013-11-08,3.0999999046325684,3.5,3.0999999046325684,3.5,3810
3067,2013-11-07,3.0999999046325684,3.5,3.0999999046325684,3.5,3160
3068,2013-11-06,3.299999952316284,3.5999999046325684,3.299999952316284,3.5,4710
3069,2013-11-05,3.299999952316284,3.4000000953674316,3.200000047683716,3.4000000953674316,4220
3070,2013-11-04,3.0,3.299999952316284,3.0,3.299999952316284,4860
3071,2013-11-01,3.299999952316284,3.4000000953674316,3.200000047683716,3.200000047683716,1870
3072,2013-10-31,3.0999999046325684,3.4000000953674316,3.0999999046325684,3.4000000953674316,4070
3073,2013-10-30,3.4000000953674316,3.4000000953674316,3.200000047683716,3.299999952316284,22140
3074,2013-10-29,3.299999952316284,3.5,3.299999952316284,3.4000000953674316,2980
3075,2013-10-28,3.4000000953674316,3.5,3.4000000953674316,3.4000000953674316,8210
3076,2013-10-25,3.5,3.5,3.4000000953674316,3.5,1390
3077,2013-10-24,3.4000000953674316,3.5999999046325684,3.4000000953674316,3.5,1500
3078,2013-10-23,3.4000000953674316,3.5999999046325684,3.4000000953674316,3.5,15660
3079,2013-10-22,3.4000000953674316,3.700000047683716,3.299999952316284,3.4000000953674316,1490
3080,2013-10-21,3.700000047683716,3.700000047683716,3.4000000953674316,3.4000000953674316,2800
3081,2013-10-18,3.5999999046325684,3.799999952316284,3.5999999046325684,3.799999952316284,2730
3082,2013-10-17,3.700000047683716,3.700000047683716,3.5999999046325684,3.5999999046325684,8660
3083,2013-10-16,3.5999999046325684,3.700000047683716,3.5999999046325684,3.700000047683716,2360
3084,2013-10-15,3.5999999046325684,3.700000047683716,3.5999999046325684,3.700000047683716,8580
3085,2013-10-14,3.4000000953674316,3.5999999046325684,3.4000000953674316,3.5,900
3086,2013-10-11,3.5999999046325684,3.5999999046325684,3.4000000953674316,3.5,1540
3087,2013-10-10,3.5999999046325684,3.5999999046325684,3.5999999046325684,3.5999999046325684,20
3088,2013-10-09,3.4000000953674316,3.5999999046325684,3.4000000953674316,3.5999999046325684,200
3089,2013-10-08,3.5,3.5999999046325684,3.4000000953674316,3.5999999046325684,930
3090,2013-10-07,3.4000000953674316,3.5999999046325684,3.4000000953674316,3.5999999046325684,2130
3091,2013-10-04,3.5,3.799999952316284,3.5,3.799999952316284,1100
3092,2013-10-03,3.799999952316284,3.799999952316284,3.5,3.799999952316284,6070
3093,2013-10-02,3.5999999046325684,3.700000047683716,3.5,3.700000047683716,5860
3094,2013-10-01,3.700000047683716,3.9000000953674316,3.5999999046325684,3.700000047683716,5700
3095,2013-09-30,4.0,4.0,3.5999999046325684,3.5999999046325684,5370
3096,2013-09-27,3.5999999046325684,3.9000000953674316,3.5999999046325684,3.799999952316284,1700
3097,2013-09-26,3.9000000953674316,4.0,3.5999999046325684,3.5999999046325684,3770
3098,2013-09-25,3.9000000953674316,4.0,3.700000047683716,3.9000000953674316,6640
3099,2013-09-24,3.799999952316284,3.9000000953674316,3.799999952316284,3.9000000953674316,6400
3100,2013-09-23,3.700000047683716,3.799999952316284,3.700000047683716,3.700000047683716,3480
3101,2013-09-20,3.5999999046325684,3.9000000953674316,3.5,3.5999999046325684,8550
3102,2013-09-19,3.5999999046325684,4.099999904632568,3.5999999046325684,3.799999952316284,2960
3103,2013-09-18,3.9000000953674316,4.0,3.799999952316284,4.0,2780
3104,2013-09-17,3.9000000953674316,3.9000000953674316,3.799999952316284,3.9000000953674316,1810
3105,2013-09-16,3.799999952316284,4.300000190734863,3.799999952316284,3.9000000953674316,3060
3106,2013-09-13,3.5,3.9000000953674316,3.5,3.9000000953674316,1110
3107,2013-09-12,4.0,4.0,3.700000047683716,3.9000000953674316,1110
3108,2013-09-11,3.700000047683716,3.9000000953674316,3.700000047683716,3.9000000953674316,9550
3109,2013-09-10,3.799999952316284,3.9000000953674316,3.700000047683716,3.700000047683716,4560
3110,2013-09-09,3.5,3.700000047683716,3.5,3.5999999046325684,1350
3111,2013-09-06,3.5999999046325684,3.700000047683716,3.5999999046325684,3.5999999046325684,520
3112,2013-09-05,3.5,3.799999952316284,3.5,3.700000047683716,4670
3113,2013-09-04,3.5999999046325684,3.799999952316284,3.5999999046325684,3.799999952316284,1770
3114,2013-09-03,3.5999999046325684,3.799999952316284,3.5999999046325684,3.5999999046325684,8190
3115,2013-08-30,3.5999999046325684,3.5999999046325684,3.4000000953674316,3.5999999046325684,840
3116,2013-08-29,3.5999999046325684,3.5999999046325684,3.4000000953674316,3.4000000953674316,3440
3117,2013-08-28,3.4000000953674316,3.5999999046325684,3.4000000953674316,3.4000000953674316,5840
3118,2013-08-27,3.5,3.700000047683716,3.5,3.700000047683716,3250
3119,2013-08-26,3.5,3.700000047683716,3.4000000953674316,3.5999999046325684,2490
3120,2013-08-23,3.700000047683716,3.700000047683716,3.4000000953674316,3.5999999046325684,2000
3121,2013-08-22,3.700000047683716,3.700000047683716,3.5,3.5999999046325684,4120
3122,2013-08-21,3.5,3.799999952316284,3.4000000953674316,3.5,6100
3123,2013-08-20,3.5999999046325684,3.700000047683716,3.4000000953674316,3.5999999046325684,5030
3124,2013-08-19,3.9000000953674316,3.9000000953674316,3.9000000953674316,3.9000000953674316,500
3125,2013-08-16,3.9000000953674316,3.9000000953674316,3.799999952316284,3.9000000953674316,810
3126,2013-08-15,3.9000000953674316,3.9000000953674316,3.5999999046325684,3.9000000953674316,760
3127,2013-08-14,3.9000000953674316,3.9000000953674316,3.9000000953674316,3.9000000953674316,1790
3128,2013-08-13,4.0,4.0,3.5999999046325684,3.9000000953674316,3940
3129,2013-08-12,3.799999952316284,3.799999952316284,3.799999952316284,3.799999952316284,2750
3130,2013-08-09,3.9000000953674316,3.9000000953674316,3.5,3.5999999046325684,5300
3131,2013-08-08,3.5999999046325684,3.5999999046325684,3.5,3.5,3480
3132,2013-08-07,3.5,3.5,3.5,3.5,11860
3133,2013-08-06,3.5999999046325684,3.700000047683716,3.5,3.700000047683716,1140
3134,2013-08-05,3.5999999046325684,3.700000047683716,3.5,3.5999999046325684,12070
3135,2013-08-02,3.5999999046325684,3.700000047683716,3.5,3.5999999046325684,17930
3136,2013-08-01,3.5999999046325684,3.799999952316284,3.5,3.5,11370
3137,2013-07-31,3.4000000953674316,3.799999952316284,3.4000000953674316,3.700000047683716,7860
3138,2013-07-30,3.799999952316284,3.9000000953674316,3.799999952316284,3.9000000953674316,8550
3139,2013-07-29,3.9000000953674316,4.099999904632568,3.799999952316284,4.0,5220
3140,2013-07-26,4.099999904632568,4.099999904632568,4.099999904632568,4.099999904632568,300
3141,2013-07-25,4.199999809265137,4.199999809265137,4.0,4.099999904632568,2390
3142,2013-07-24,4.300000190734863,4.300000190734863,4.0,4.099999904632568,8700
3143,2013-07-23,4.0,4.400000095367432,4.0,4.400000095367432,3720
3144,2013-07-22,4.0,4.099999904632568,3.9000000953674316,4.099999904632568,3370
3145,2013-07-19,3.9000000953674316,4.099999904632568,3.9000000953674316,4.099999904632568,2400
3146,2013-07-18,3.799999952316284,4.0,3.799999952316284,3.799999952316284,10220
3147,2013-07-17,4.0,4.0,3.700000047683716,4.0,6680
3148,2013-07-16,4.099999904632568,4.199999809265137,4.099999904632568,4.199999809265137,6810
3149,2013-07-15,3.9000000953674316,4.199999809265137,3.799999952316284,4.099999904632568,11240
3150,2013-07-12,3.9000000953674316,4.400000095367432,3.9000000953674316,4.0,9100
3151,2013-07-11,4.099999904632568,4.5,4.0,4.5,19560
3152,2013-07-10,3.9000000953674316,3.9000000953674316,3.5999999046325684,3.799999952316284,4250
3153,2013-07-09,3.5,3.799999952316284,3.5,3.799999952316284,8870
3154,2013-07-08,3.700000047683716,3.700000047683716,3.700000047683716,3.700000047683716,350
3155,2013-07-05,3.700000047683716,3.700000047683716,3.5999999046325684,3.5999999046325684,5840
3156,2013-07-03,3.799999952316284,3.799999952316284,3.5999999046325684,3.5999999046325684,3060
3157,2013-07-02,3.5999999046325684,3.9000000953674316,3.5999999046325684,3.9000000953674316,1800
3158,2013-07-01,3.200000047683716,3.700000047683716,3.200000047683716,3.5999999046325684,8090
3159,2013-06-28,3.700000047683716,3.700000047683716,3.4000000953674316,3.700000047683716,3640
3160,2013-06-27,3.4000000953674316,3.5999999046325684,3.4000000953674316,3.5999999046325684,5250
3161,2013-06-26,3.5,3.700000047683716,3.5,3.700000047683716,1660
3162,2013-06-25,3.700000047683716,3.700000047683716,3.4000000953674316,3.5,3170
3163,2013-06-24,3.799999952316284,3.799999952316284,3.0,3.5,20270
3164,2013-06-21,3.799999952316284,3.9000000953674316,3.700000047683716,3.9000000953674316,16180
3165,2013-06-20,3.9000000953674316,3.9000000953674316,3.700000047683716,3.799999952316284,11300
3166,2013-06-19,4.0,4.199999809265137,3.9000000953674316,4.0,7270
3167,2013-06-18,4.300000190734863,4.300000190734863,4.099999904632568,4.300000190734863,3220
3168,2013-06-17,4.300000190734863,4.5,4.099999904632568,4.099999904632568,15260
3169,2013-06-14,4.599999904632568,4.599999904632568,4.599999904632568,4.599999904632568,1860
3170,2013-06-13,4.599999904632568,4.599999904632568,4.199999809265137,4.599999904632568,14670
3171,2013-06-12,4.599999904632568,4.900000095367432,4.599999904632568,4.599999904632568,3490
3172,2013-06-11,4.900000095367432,4.900000095367432,4.900000095367432,4.900000095367432,2040
3173,2013-06-10,5.0,5.0,4.599999904632568,5.0,4060
3174,2013-06-07,5.0,5.0,5.0,5.0,3550
3175,2013-06-06,5.0,5.099999904632568,5.0,5.0,2980
3176,2013-06-05,5.0,5.199999809265137,5.0,5.199999809265137,2870
3177,2013-06-04,5.400000095367432,5.400000095367432,5.199999809265137,5.199999809265137,2090
3178,2013-06-03,5.199999809265137,5.400000095367432,5.199999809265137,5.400000095367432,1530
3179,2013-05-31,5.199999809265137,5.5,5.199999809265137,5.400000095367432,8000
3180,2013-05-30,5.5,5.5,5.199999809265137,5.400000095367432,8260
3181,2013-05-29,5.199999809265137,5.199999809265137,5.0,5.099999904632568,17170
3182,2013-05-28,5.199999809265137,5.400000095367432,5.0,5.099999904632568,12170
3183,2013-05-24,5.599999904632568,5.699999809265137,5.5,5.5,3610
3184,2013-05-23,5.599999904632568,5.599999904632568,5.300000190734863,5.5,6740
3185,2013-05-22,5.800000190734863,6.0,5.599999904632568,5.599999904632568,6590
3186,2013-05-21,6.0,6.0,6.0,6.0,4200
3187,2013-05-20,6.099999904632568,6.300000190734863,5.699999809265137,6.199999809265137,3380
3188,2013-05-17,5.800000190734863,6.0,5.699999809265137,6.0,4860
3189,2013-05-16,6.099999904632568,6.199999809265137,5.800000190734863,6.0,15680
3190,2013-05-15,6.300000190734863,6.300000190734863,6.0,6.199999809265137,2380
3191,2013-05-14,6.599999904632568,6.599999904632568,6.199999809265137,6.400000095367432,10300
3192,2013-05-13,6.800000190734863,7.199999809265137,6.800000190734863,6.900000095367432,9670
3193,2013-05-10,6.5,6.699999809265137,6.400000095367432,6.699999809265137,12820
3194,2013-05-09,6.099999904632568,6.5,5.900000095367432,6.400000095367432,15340
3195,2013-05-08,5.699999809265137,6.099999904632568,5.699999809265137,6.0,6920
3196,2013-05-07,5.800000190734863,5.900000095367432,5.5,5.800000190734863,7380
3197,2013-05-06,5.300000190734863,6.0,5.300000190734863,5.900000095367432,16170
3198,2013-05-03,4.900000095367432,5.0,4.900000095367432,5.0,8030
3199,2013-05-02,4.900000095367432,4.900000095367432,4.699999809265137,4.900000095367432,6860
3200,2013-05-01,4.599999904632568,4.900000095367432,4.599999904632568,4.900000095367432,11400
3201,2013-04-30,5.0,5.0,4.900000095367432,4.900000095367432,137860
3202,2013-04-29,5.099999904632568,5.099999904632568,4.800000190734863,4.800000190734863,20780
3203,2013-04-26,5.0,5.099999904632568,4.800000190734863,5.099999904632568,2320
3204,2013-04-25,5.0,5.099999904632568,5.0,5.099999904632568,5430
3205,2013-04-24,4.900000095367432,5.0,4.800000190734863,4.800000190734863,2760
3206,2013-04-23,4.800000190734863,5.099999904632568,4.800000190734863,4.900000095367432,2120
3207,2013-04-22,4.800000190734863,4.900000095367432,4.800000190734863,4.900000095367432,250
3208,2013-04-19,4.900000095367432,5.099999904632568,4.900000095367432,4.900000095367432,6330
3209,2013-04-18,5.0,5.0,4.800000190734863,4.800000190734863,3870
3210,2013-04-17,5.099999904632568,5.099999904632568,5.0,5.0,4010
3211,2013-04-16,5.099999904632568,5.099999904632568,5.0,5.099999904632568,5250
3212,2013-04-15,5.5,5.5,5.0,5.199999809265137,2470
3213,2013-04-12,5.400000095367432,5.5,5.400000095367432,5.400000095367432,4270
3214,2013-04-11,5.300000190734863,5.300000190734863,5.199999809265137,5.300000190734863,2530
3215,2013-04-10,5.400000095367432,5.400000095367432,5.199999809265137,5.400000095367432,15280
3216,2013-04-09,5.099999904632568,5.400000095367432,5.099999904632568,5.400000095367432,2960
3217,2013-04-08,5.5,5.5,5.0,5.400000095367432,5020
3218,2013-04-05,5.099999904632568,5.300000190734863,5.0,5.0,5220
3219,2013-04-04,5.400000095367432,5.400000095367432,5.0,5.099999904632568,6530
3220,2013-04-03,5.300000190734863,5.300000190734863,4.699999809265137,5.0,10180
3221,2013-04-02,5.699999809265137,5.900000095367432,5.300000190734863,5.300000190734863,24050
3222,2013-04-01,5.900000095367432,6.0,5.900000095367432,5.900000095367432,2080
3223,2013-03-28,6.0,6.0,5.900000095367432,6.0,13140
3224,2013-03-27,6.099999904632568,6.099999904632568,6.0,6.099999904632568,6950
3225,2013-03-26,6.0,6.099999904632568,6.0,6.0,6030
3226,2013-03-25,6.099999904632568,6.099999904632568,6.0,6.0,12170
3227,2013-03-22,6.099999904632568,6.300000190734863,6.099999904632568,6.099999904632568,1530
3228,2013-03-21,6.300000190734863,6.300000190734863,6.099999904632568,6.099999904632568,2150
3229,2013-03-20,6.0,6.300000190734863,6.0,6.199999809265137,1460
3230,2013-03-19,6.099999904632568,6.099999904632568,6.0,6.0,1890
3231,2013-03-18,6.099999904632568,6.199999809265137,6.0,6.0,3390
3232,2013-03-15,6.0,6.300000190734863,6.0,6.300000190734863,1320
3233,2013-03-14,6.199999809265137,6.400000095367432,6.099999904632568,6.099999904632568,3630
3234,2013-03-13,6.199999809265137,6.199999809265137,6.099999904632568,6.199999809265137,4510
3235,2013-03-12,6.199999809265137,6.199999809265137,6.0,6.199999809265137,5510
3236,2013-03-11,6.400000095367432,6.400000095367432,6.199999809265137,6.199999809265137,3010
3237,2013-03-08,6.199999809265137,6.300000190734863,6.099999904632568,6.300000190734863,1790
3238,2013-03-07,6.0,6.199999809265137,6.0,6.099999904632568,950
3239,2013-03-06,6.0,6.199999809265137,6.0,6.199999809265137,3280
3240,2013-03-05,6.199999809265137,6.199999809265137,6.099999904632568,6.099999904632568,10920
3241,2013-03-04,6.099999904632568,6.099999904632568,6.0,6.099999904632568,8550
3242,2013-03-01,6.0,6.199999809265137,6.0,6.0,4230
3243,2013-02-28,6.599999904632568,6.599999904632568,6.0,6.199999809265137,17700
3244,2013-02-27,6.199999809265137,6.5,6.199999809265137,6.400000095367432,15890
3245,2013-02-26,6.099999904632568,6.099999904632568,6.0,6.099999904632568,5420
3246,2013-02-25,5.900000095367432,6.400000095367432,5.900000095367432,6.199999809265137,3820
3247,2013-02-22,6.0,6.0,6.0,6.0,900
3248,2013-02-21,6.0,6.099999904632568,6.0,6.0,6280
3249,2013-02-20,6.5,6.5,6.0,6.0,23950
3250,2013-02-19,6.199999809265137,6.5,6.199999809265137,6.5,8670
3251,2013-02-15,6.400000095367432,6.599999904632568,6.199999809265137,6.199999809265137,10160
3252,2013-02-14,6.5,6.5,6.400000095367432,6.400000095367432,2590
3253,2013-02-13,6.599999904632568,6.599999904632568,6.300000190734863,6.300000190734863,5920
3254,2013-02-12,6.300000190734863,6.300000190734863,6.099999904632568,6.199999809265137,9500
3255,2013-02-11,6.599999904632568,6.599999904632568,6.099999904632568,6.199999809265137,5220
3256,2013-02-08,6.300000190734863,6.5,6.199999809265137,6.400000095367432,1210
3257,2013-02-07,6.300000190734863,6.300000190734863,6.199999809265137,6.199999809265137,4860
3258,2013-02-06,6.199999809265137,6.5,6.199999809265137,6.5,4670
3259,2013-02-05,6.300000190734863,6.599999904632568,6.300000190734863,6.5,18200
3260,2013-02-04,6.699999809265137,6.699999809265137,6.199999809265137,6.599999904632568,11650
3261,2013-02-01,7.099999904632568,7.099999904632568,6.699999809265137,6.900000095367432,5400
3262,2013-01-31,6.900000095367432,7.0,6.5,6.900000095367432,2040
3263,2013-01-30,6.5,7.199999809265137,6.5,7.0,2070
3264,2013-01-29,7.099999904632568,7.099999904632568,6.5,7.0,7980
3265,2013-01-28,6.699999809265137,6.800000190734863,6.699999809265137,6.800000190734863,6320
3266,2013-01-25,6.900000095367432,6.900000095367432,6.800000190734863,6.800000190734863,1150
3267,2013-01-24,6.900000095367432,7.0,6.900000095367432,7.0,1610
3268,2013-01-23,6.900000095367432,7.300000190734863,6.800000190734863,6.800000190734863,10110
3269,2013-01-22,6.5,6.900000095367432,6.5,6.699999809265137,7880
3270,2013-01-18,6.800000190734863,6.900000095367432,6.599999904632568,6.699999809265137,3600
3271,2013-01-17,6.800000190734863,7.0,6.800000190734863,7.0,6190
3272,2013-01-16,6.800000190734863,6.900000095367432,6.800000190734863,6.800000190734863,2730
3273,2013-01-15,6.900000095367432,7.0,6.800000190734863,6.800000190734863,7510
3274,2013-01-14,7.0,7.0,6.900000095367432,7.0,6370
3275,2013-01-11,6.699999809265137,7.099999904632568,6.699999809265137,6.900000095367432,2580
3276,2013-01-10,6.900000095367432,7.599999904632568,6.900000095367432,7.400000095367432,8200
3277,2013-01-09,7.400000095367432,7.599999904632568,7.400000095367432,7.599999904632568,3480
3278,2013-01-08,6.900000095367432,7.5,6.900000095367432,7.400000095367432,6330
3279,2013-01-07,7.0,7.5,7.0,7.300000190734863,23830
3280,2013-01-04,6.5,6.599999904632568,6.400000095367432,6.5,3560
3281,2013-01-03,6.300000190734863,6.5,6.300000190734863,6.5,5230
3282,2013-01-02,6.5,6.5,6.099999904632568,6.199999809265137,13480
3283,2012-12-31,5.699999809265137,5.900000095367432,5.699999809265137,5.900000095367432,15960
3284,2012-12-28,5.800000190734863,5.900000095367432,5.800000190734863,5.800000190734863,7190
3285,2012-12-27,5.900000095367432,6.099999904632568,5.900000095367432,5.900000095367432,3260
3286,2012-12-26,6.400000095367432,6.400000095367432,5.900000095367432,6.0,6250
3287,2012-12-24,6.199999809265137,6.199999809265137,6.0,6.199999809265137,2440
3288,2012-12-21,6.5,6.5,6.0,6.199999809265137,5960
3289,2012-12-20,6.099999904632568,6.300000190734863,6.099999904632568,6.099999904632568,2820
3290,2012-12-19,6.099999904632568,6.5,6.099999904632568,6.199999809265137,16490
3291,2012-12-18,5.900000095367432,6.300000190734863,5.900000095367432,6.199999809265137,18520
3292,2012-12-17,5.900000095367432,6.0,5.800000190734863,5.800000190734863,4780
3293,2012-12-14,5.900000095367432,6.0,5.900000095367432,5.900000095367432,20580
3294,2012-12-13,5.800000190734863,6.400000095367432,5.800000190734863,6.099999904632568,5280
3295,2012-12-12,6.300000190734863,6.400000095367432,6.199999809265137,6.400000095367432,5870
3296,2012-12-11,6.099999904632568,6.699999809265137,6.099999904632568,6.300000190734863,18080
3297,2012-12-10,6.300000190734863,6.5,6.300000190734863,6.300000190734863,16490
3298,2012-12-07,6.300000190734863,6.5,6.300000190734863,6.5,1500
3299,2012-12-06,6.699999809265137,6.699999809265137,6.300000190734863,6.400000095367432,3460
3300,2012-12-05,6.099999904632568,6.599999904632568,6.099999904632568,6.5,7930
3301,2012-12-04,6.0,6.599999904632568,6.0,6.599999904632568,75480
3302,2012-12-03,6.800000190734863,6.900000095367432,6.599999904632568,6.699999809265137,8450
3303,2012-11-30,7.0,7.0,6.800000190734863,7.0,15740
3304,2012-11-29,6.599999904632568,7.0,6.599999904632568,6.900000095367432,3410
3305,2012-11-28,6.800000190734863,7.300000190734863,6.800000190734863,7.099999904632568,1910
3306,2012-11-27,7.800000190734863,7.800000190734863,7.199999809265137,7.199999809265137,13650
3307,2012-11-26,7.300000190734863,7.300000190734863,6.699999809265137,6.699999809265137,10380
3308,2012-11-23,7.400000095367432,7.5,7.300000190734863,7.400000095367432,9000
3309,2012-11-21,6.800000190734863,6.900000095367432,6.400000095367432,6.699999809265137,7390
3310,2012-11-20,6.900000095367432,7.0,6.800000190734863,6.800000190734863,4190
3311,2012-11-19,6.099999904632568,6.699999809265137,6.099999904632568,6.699999809265137,14460
3312,2012-11-16,6.099999904632568,6.099999904632568,5.699999809265137,5.900000095367432,26870
3313,2012-11-15,6.199999809265137,6.599999904632568,6.0,6.099999904632568,17720
3314,2012-11-14,7.400000095367432,7.5,6.800000190734863,6.800000190734863,6250
3315,2012-11-13,6.699999809265137,7.0,6.699999809265137,6.900000095367432,7130
3316,2012-11-12,7.300000190734863,7.699999809265137,7.300000190734863,7.5,5200
3317,2012-11-09,7.5,7.900000095367432,7.5,7.699999809265137,19550
3318,2012-11-08,7.900000095367432,8.399999618530273,7.900000095367432,8.399999618530273,17990
3319,2012-11-07,7.599999904632568,7.599999904632568,7.300000190734863,7.400000095367432,13080
3320,2012-11-06,7.400000095367432,7.5,7.199999809265137,7.199999809265137,8670
3321,2012-11-05,7.300000190734863,7.300000190734863,7.199999809265137,7.199999809265137,8010
3322,2012-11-02,7.400000095367432,7.400000095367432,7.300000190734863,7.300000190734863,3960
3323,2012-11-01,7.400000095367432,7.400000095367432,7.199999809265137,7.400000095367432,14470
3324,2012-10-31,7.5,7.599999904632568,7.099999904632568,7.5,16110
3325,2012-10-26,6.900000095367432,7.0,6.5,6.800000190734863,11850
3326,2012-10-25,6.800000190734863,7.0,6.800000190734863,6.800000190734863,10850
3327,2012-10-24,6.599999904632568,7.0,6.599999904632568,6.800000190734863,7590
3328,2012-10-23,6.800000190734863,6.800000190734863,6.5,6.800000190734863,2090
3329,2012-10-22,6.599999904632568,7.0,6.599999904632568,6.900000095367432,5500
3330,2012-10-19,7.099999904632568,7.199999809265137,6.699999809265137,7.0,11360
3331,2012-10-18,6.5,6.800000190734863,6.5,6.800000190734863,15730
3332,2012-10-17,6.599999904632568,6.699999809265137,6.199999809265137,6.400000095367432,19020
3333,2012-10-16,6.599999904632568,6.800000190734863,6.599999904632568,6.699999809265137,10910
3334,2012-10-15,7.400000095367432,7.400000095367432,6.699999809265137,6.800000190734863,15200
3335,2012-10-12,7.699999809265137,7.699999809265137,6.900000095367432,7.0,18830
3336,2012-10-11,7.800000190734863,7.800000190734863,7.099999904632568,7.400000095367432,24690
3337,2012-10-10,7.900000095367432,8.300000190734863,7.199999809265137,7.300000190734863,42520
3338,2012-10-09,8.800000190734863,8.800000190734863,8.399999618530273,8.399999618530273,10600
3339,2012-10-08,8.199999809265137,8.899999618530273,8.199999809265137,8.800000190734863,2220
3340,2012-10-05,8.300000190734863,9.0,8.300000190734863,8.5,6180
3341,2012-10-04,8.699999809265137,8.800000190734863,8.199999809265137,8.600000381469727,5940
3342,2012-10-03,8.899999618530273,9.0,8.5,8.899999618530273,3130
3343,2012-10-02,8.399999618530273,8.800000190734863,8.399999618530273,8.800000190734863,5480
3344,2012-10-01,8.100000381469727,8.600000381469727,8.100000381469727,8.600000381469727,2530
3345,2012-09-28,8.5,8.5,8.199999809265137,8.300000190734863,6980
3346,2012-09-27,8.800000190734863,8.800000190734863,8.0,8.5,7320
3347,2012-09-26,8.199999809265137,8.199999809265137,7.5,7.699999809265137,7710
3348,2012-09-25,8.800000190734863,8.800000190734863,8.0,8.0,24390
3349,2012-09-24,8.699999809265137,9.199999809265137,8.699999809265137,9.100000381469727,3020
3350,2012-09-21,8.699999809265137,9.699999809265137,8.699999809265137,9.199999809265137,2640
3351,2012-09-20,9.0,9.600000381469727,8.699999809265137,9.0,5360
3352,2012-09-19,8.899999618530273,9.800000190734863,8.899999618530273,9.800000190734863,5950
3353,2012-09-18,8.800000190734863,9.5,8.800000190734863,9.199999809265137,6160
3354,2012-09-17,9.800000190734863,9.800000190734863,9.0,9.199999809265137,8030
3355,2012-09-14,9.800000190734863,10.0,9.5,10.0,15310
3356,2012-09-13,9.0,9.600000381469727,9.0,9.399999618530273,11110
3357,2012-09-12,8.800000190734863,9.100000381469727,8.699999809265137,8.699999809265137,13340
3358,2012-09-11,8.800000190734863,8.800000190734863,8.199999809265137,8.5,9410
3359,2012-09-10,8.199999809265137,8.5,8.199999809265137,8.399999618530273,7660
3360,2012-09-07,9.0,9.0,8.100000381469727,8.5,8410
3361,2012-09-06,9.399999618530273,9.5,8.399999618530273,8.600000381469727,37070
3362,2012-09-05,8.399999618530273,9.5,8.199999809265137,8.5,84570
3363,2012-09-04,6.300000190734863,6.300000190734863,5.800000190734863,5.900000095367432,17570
3364,2012-08-31,6.5,6.599999904632568,6.400000095367432,6.400000095367432,5200
3365,2012-08-30,7.0,7.099999904632568,6.599999904632568,6.599999904632568,13810
3366,2012-08-29,7.099999904632568,7.300000190734863,7.099999904632568,7.300000190734863,9270
3367,2012-08-28,6.599999904632568,6.800000190734863,6.599999904632568,6.800000190734863,12590
3368,2012-08-27,7.199999809265137,7.199999809265137,6.599999904632568,6.599999904632568,8150
3369,2012-08-24,6.400000095367432,6.599999904632568,6.300000190734863,6.599999904632568,10650
3370,2012-08-23,6.5,6.599999904632568,6.300000190734863,6.400000095367432,21570
3371,2012-08-22,6.699999809265137,6.800000190734863,6.199999809265137,6.400000095367432,38050
3372,2012-08-21,7.0,7.199999809265137,6.800000190734863,6.800000190734863,14990
3373,2012-08-20,7.099999904632568,7.300000190734863,7.0,7.099999904632568,17240
3374,2012-08-17,7.800000190734863,7.800000190734863,7.300000190734863,7.300000190734863,19680
3375,2012-08-16,7.900000095367432,7.900000095367432,7.599999904632568,7.800000190734863,2090
3376,2012-08-15,7.599999904632568,7.800000190734863,7.599999904632568,7.800000190734863,3460
3377,2012-08-14,8.0,8.0,7.599999904632568,7.900000095367432,180
3378,2012-08-13,7.699999809265137,8.0,7.699999809265137,7.699999809265137,3880
3379,2012-08-10,7.800000190734863,8.100000381469727,7.699999809265137,7.699999809265137,10800
3380,2012-08-09,8.100000381469727,8.100000381469727,7.900000095367432,8.0,6820
3381,2012-08-08,7.699999809265137,8.100000381469727,7.699999809265137,8.100000381469727,2760
3382,2012-08-07,8.300000190734863,8.300000190734863,7.699999809265137,7.900000095367432,7410
3383,2012-08-06,8.300000190734863,8.300000190734863,7.699999809265137,7.699999809265137,9710
3384,2012-08-03,8.199999809265137,8.399999618530273,8.100000381469727,8.100000381469727,9170
3385,2012-08-02,8.5,8.5,8.199999809265137,8.399999618530273,10460
3386,2012-08-01,8.300000190734863,8.600000381469727,8.300000190734863,8.300000190734863,3400
3387,2012-07-31,8.0,8.5,8.0,8.300000190734863,4850
3388,2012-07-30,7.699999809265137,7.900000095367432,7.5,7.5,13290
3389,2012-07-27,8.199999809265137,8.199999809265137,7.699999809265137,7.800000190734863,14910
3390,2012-07-26,8.5,8.5,8.0,8.100000381469727,5900
3391,2012-07-25,7.800000190734863,8.300000190734863,7.800000190734863,8.199999809265137,4410
3392,2012-07-24,8.0,8.199999809265137,8.0,8.0,8120
3393,2012-07-23,8.0,8.699999809265137,8.0,8.300000190734863,9350
3394,2012-07-20,8.800000190734863,8.899999618530273,8.800000190734863,8.800000190734863,5930
3395,2012-07-19,9.100000381469727,9.100000381469727,8.800000190734863,8.800000190734863,6020
3396,2012-07-18,8.800000190734863,8.800000190734863,8.600000381469727,8.800000190734863,3840
3397,2012-07-17,8.800000190734863,8.899999618530273,8.5,8.800000190734863,4550
3398,2012-07-16,8.600000381469727,8.600000381469727,8.300000190734863,8.600000381469727,1880
3399,2012-07-13,8.199999809265137,8.699999809265137,8.199999809265137,8.600000381469727,3360
3400,2012-07-12,8.899999618530273,8.899999618530273,8.100000381469727,8.5,4580
3401,2012-07-11,8.699999809265137,9.0,8.699999809265137,8.899999618530273,16700
3402,2012-07-10,8.5,8.5,8.100000381469727,8.300000190734863,5340
3403,2012-07-09,8.0,8.600000381469727,8.0,8.199999809265137,8750
3404,2012-07-06,8.399999618530273,8.600000381469727,8.399999618530273,8.600000381469727,4790
3405,2012-07-05,8.800000190734863,8.899999618530273,8.5,8.600000381469727,4460
3406,2012-07-03,8.699999809265137,8.800000190734863,8.600000381469727,8.800000190734863,1740
3407,2012-07-02,8.699999809265137,8.699999809265137,8.5,8.600000381469727,9910
3408,2012-06-29,8.199999809265137,8.800000190734863,8.199999809265137,8.600000381469727,36080
3409,2012-06-28,8.600000381469727,8.600000381469727,8.0,8.0,71770
3410,2012-06-27,8.600000381469727,8.699999809265137,8.199999809265137,8.699999809265137,19910
3411,2012-06-26,8.600000381469727,9.399999618530273,8.600000381469727,9.100000381469727,3560
3412,2012-06-25,8.800000190734863,9.600000381469727,8.800000190734863,9.199999809265137,25150
3413,2012-06-22,9.699999809265137,9.699999809265137,9.399999618530273,9.5,8590
3414,2012-06-21,10.199999809265137,10.199999809265137,9.199999809265137,9.300000190734863,18690
3415,2012-06-20,10.399999618530273,10.699999809265137,9.899999618530273,10.600000381469727,12290
3416,2012-06-19,9.800000190734863,10.800000190734863,9.800000190734863,10.800000190734863,26320
3417,2012-06-18,9.800000190734863,9.800000190734863,9.199999809265137,9.199999809265137,7440
3418,2012-06-15,9.300000190734863,9.699999809265137,9.100000381469727,9.699999809265137,15130
3419,2012-06-14,8.600000381469727,9.199999809265137,8.600000381469727,9.100000381469727,5400
3420,2012-06-13,9.0,9.600000381469727,9.0,9.399999618530273,3230
3421,2012-06-12,9.399999618530273,9.699999809265137,9.399999618530273,9.600000381469727,12600
3422,2012-06-11,9.199999809265137,10.0,9.199999809265137,9.399999618530273,4190
3423,2012-06-08,9.300000190734863,9.5,9.0,9.300000190734863,7210
3424,2012-06-07,10.199999809265137,10.199999809265137,9.800000190734863,9.800000190734863,4280
3425,2012-06-06,9.899999618530273,10.199999809265137,9.899999618530273,9.899999618530273,4480
3426,2012-06-05,9.699999809265137,10.0,9.699999809265137,9.899999618530273,2690
3427,2012-06-04,9.600000381469727,9.699999809265137,9.0,9.399999618530273,3870
3428,2012-06-01,9.5,9.899999618530273,9.300000190734863,9.600000381469727,4320
3429,2012-05-31,9.699999809265137,9.899999618530273,9.699999809265137,9.800000190734863,3860
3430,2012-05-30,9.800000190734863,10.300000190734863,9.699999809265137,9.899999618530273,18680
3431,2012-05-29,10.199999809265137,10.5,10.199999809265137,10.300000190734863,13930
3432,2012-05-25,9.0,9.0,8.600000381469727,9.0,19000
3433,2012-05-24,8.399999618530273,8.699999809265137,8.300000190734863,8.699999809265137,6360
3434,2012-05-23,8.899999618530273,8.899999618530273,8.199999809265137,8.399999618530273,6490
3435,2012-05-22,9.199999809265137,9.199999809265137,8.600000381469727,8.699999809265137,28600
3436,2012-05-21,8.600000381469727,9.100000381469727,8.5,9.100000381469727,22670
3437,2012-05-18,8.600000381469727,9.199999809265137,8.600000381469727,8.800000190734863,10900
3438,2012-05-17,8.800000190734863,9.399999618530273,8.600000381469727,8.600000381469727,12070
3439,2012-05-16,9.100000381469727,9.399999618530273,8.699999809265137,8.899999618530273,20220
3440,2012-05-15,10.0,10.0,9.300000190734863,9.600000381469727,15750
3441,2012-05-14,9.899999618530273,10.199999809265137,9.800000190734863,9.899999618530273,7220
3442,2012-05-11,9.5,10.0,9.5,9.899999618530273,42050
3443,2012-05-10,9.699999809265137,9.699999809265137,9.5,9.699999809265137,17010
3444,2012-05-09,9.800000190734863,9.800000190734863,9.300000190734863,9.699999809265137,19380
3445,2012-05-08,10.5,10.5,9.899999618530273,10.0,16790
3446,2012-05-07,10.0,10.5,10.0,10.300000190734863,7590
3447,2012-05-04,11.300000190734863,11.300000190734863,10.199999809265137,10.399999618530273,16070
3448,2012-05-03,11.0,11.300000190734863,10.699999809265137,10.899999618530273,10990
3449,2012-05-02,11.0,11.300000190734863,11.0,11.100000381469727,3090
3450,2012-05-01,11.300000190734863,11.300000190734863,11.0,11.300000190734863,14390
3451,2012-04-30,11.399999618530273,11.399999618530273,11.100000381469727,11.300000190734863,10940
3452,2012-04-27,11.300000190734863,11.300000190734863,11.199999809265137,11.199999809265137,5200
3453,2012-04-26,11.199999809265137,11.5,11.100000381469727,11.300000190734863,13020
3454,2012-04-25,11.800000190734863,11.800000190734863,11.199999809265137,11.399999618530273,4870
3455,2012-04-24,11.100000381469727,11.399999618530273,11.100000381469727,11.300000190734863,4920
3456,2012-04-23,11.0,11.0,10.600000381469727,10.699999809265137,3990
3457,2012-04-20,11.300000190734863,11.699999809265137,11.300000190734863,11.399999618530273,20230
3458,2012-04-19,11.600000381469727,11.600000381469727,11.5,11.5,1360
3459,2012-04-18,12.100000381469727,12.100000381469727,11.300000190734863,11.600000381469727,10870
3460,2012-04-17,11.600000381469727,12.399999618530273,11.399999618530273,11.800000190734863,8580
3461,2012-04-16,11.5,11.5,11.100000381469727,11.399999618530273,3350
3462,2012-04-13,11.300000190734863,11.5,10.600000381469727,10.800000190734863,110500
3463,2012-04-12,11.5,11.699999809265137,11.100000381469727,11.199999809265137,57670
3464,2012-04-11,10.399999618530273,10.600000381469727,10.300000190734863,10.5,4360
3465,2012-04-10,10.399999618530273,10.699999809265137,10.300000190734863,10.300000190734863,17430
3466,2012-04-09,10.899999618530273,10.899999618530273,10.5,10.699999809265137,4870
3467,2012-04-05,10.399999618530273,11.100000381469727,10.399999618530273,10.800000190734863,2680
3468,2012-04-04,10.800000190734863,11.0,10.399999618530273,10.399999618530273,14020
3469,2012-04-03,11.199999809265137,11.199999809265137,10.600000381469727,11.0,24420
3470,2012-04-02,11.300000190734863,11.399999618530273,10.899999618530273,11.199999809265137,15650
3471,2012-03-30,11.600000381469727,11.600000381469727,11.0,11.399999618530273,34270
3472,2012-03-29,11.300000190734863,11.399999618530273,10.899999618530273,11.100000381469727,10420
3473,2012-03-28,11.5,11.5,11.199999809265137,11.399999618530273,7400
3474,2012-03-27,11.300000190734863,11.399999618530273,11.300000190734863,11.300000190734863,13680
3475,2012-03-26,11.399999618530273,11.399999618530273,11.199999809265137,11.399999618530273,7510
3476,2012-03-23,11.399999618530273,11.399999618530273,11.100000381469727,11.300000190734863,3830
3477,2012-03-22,11.800000190734863,11.800000190734863,11.399999618530273,11.399999618530273,9180
3478,2012-03-21,12.0,12.0,11.800000190734863,12.0,4550
3479,2012-03-20,12.5,12.600000381469727,12.0,12.0,6180
3480,2012-03-19,12.600000381469727,12.699999809265137,12.5,12.600000381469727,3910
3481,2012-03-16,12.699999809265137,12.899999618530273,12.699999809265137,12.899999618530273,1950
3482,2012-03-15,12.600000381469727,12.899999618530273,12.600000381469727,12.800000190734863,3160
3483,2012-03-14,13.0,13.199999809265137,13.0,13.0,12500
3484,2012-03-13,12.600000381469727,13.300000190734863,12.600000381469727,13.100000381469727,8010
3485,2012-03-12,12.600000381469727,12.600000381469727,12.100000381469727,12.199999809265137,8720
3486,2012-03-09,12.199999809265137,12.699999809265137,12.199999809265137,12.5,21750
3487,2012-03-08,11.699999809265137,11.800000190734863,11.5,11.600000381469727,9680
3488,2012-03-07,11.300000190734863,11.800000190734863,11.300000190734863,11.699999809265137,5300
3489,2012-03-06,12.0,12.0,11.199999809265137,11.399999618530273,12580
3490,2012-03-05,11.800000190734863,12.0,11.800000190734863,11.899999618530273,4480
3491,2012-03-02,12.199999809265137,12.300000190734863,11.899999618530273,12.0,9510
3492,2012-03-01,12.699999809265137,12.699999809265137,12.300000190734863,12.300000190734863,23530
3493,2012-02-29,12.899999618530273,13.199999809265137,12.5,12.600000381469727,9000
3494,2012-02-28,13.5,13.5,12.699999809265137,12.699999809265137,9460
3495,2012-02-27,13.100000381469727,13.300000190734863,12.699999809265137,12.699999809265137,5130
3496,2012-02-24,13.399999618530273,13.899999618530273,13.199999809265137,13.399999618530273,15100
3497,2012-02-23,13.100000381469727,13.100000381469727,12.399999618530273,12.899999618530273,66150
3498,2012-02-22,13.800000190734863,13.800000190734863,13.199999809265137,13.399999618530273,17660
3499,2012-02-21,13.5,13.899999618530273,13.5,13.600000381469727,6500
3500,2012-02-17,12.800000190734863,13.199999809265137,12.800000190734863,13.199999809265137,9010
3501,2012-02-16,13.300000190734863,13.300000190734863,12.699999809265137,13.0,18930
3502,2012-02-15,13.199999809265137,13.5,13.199999809265137,13.300000190734863,9880
3503,2012-02-14,14.100000381469727,14.199999809265137,13.199999809265137,13.199999809265137,15430
3504,2012-02-13,14.5,14.899999618530273,14.199999809265137,14.399999618530273,16370
3505,2012-02-10,15.199999809265137,15.199999809265137,13.800000190734863,14.0,135990
3506,2012-02-09,15.600000381469727,15.600000381469727,14.800000190734863,15.300000190734863,12820
3507,2012-02-08,16.0,16.600000381469727,15.5,15.800000190734863,8500
3508,2012-02-07,15.199999809265137,15.199999809265137,14.5,15.199999809265137,12300
3509,2012-02-06,15.699999809265137,15.699999809265137,15.0,15.300000190734863,8550
3510,2012-02-03,16.200000762939453,16.200000762939453,15.300000190734863,16.100000381469727,24160
3511,2012-02-02,17.299999237060547,17.299999237060547,16.600000381469727,17.100000381469727,14760
3512,2012-02-01,15.300000190734863,16.899999618530273,15.199999809265137,16.5,48950
3513,2012-01-31,13.899999618530273,14.5,13.800000190734863,13.899999618530273,4740
3514,2012-01-30,13.800000190734863,14.0,13.199999809265137,14.0,18310
3515,2012-01-27,14.600000381469727,14.600000381469727,13.100000381469727,13.699999809265137,18960
3516,2012-01-26,13.800000190734863,15.0,13.800000190734863,14.399999618530273,9340
3517,2012-01-25,13.699999809265137,14.300000190734863,13.699999809265137,14.100000381469727,14190
3518,2012-01-24,13.5,13.5,12.5,13.0,28880
3519,2012-01-23,14.199999809265137,14.199999809265137,12.399999618530273,12.5,89480
3520,2012-01-20,13.199999809265137,14.0,12.899999618530273,13.800000190734863,34720
3521,2012-01-19,12.199999809265137,12.199999809265137,11.300000190734863,12.100000381469727,14770
3522,2012-01-18,11.300000190734863,11.5,10.800000190734863,11.300000190734863,8860
3523,2012-01-17,11.199999809265137,11.199999809265137,10.300000190734863,10.899999618530273,15020
3524,2012-01-13,11.0,11.0,10.399999618530273,10.399999618530273,19820
3525,2012-01-12,10.800000190734863,11.0,10.600000381469727,10.600000381469727,21220
3526,2012-01-11,11.199999809265137,11.199999809265137,10.5,10.800000190734863,7530
3527,2012-01-10,10.100000381469727,11.199999809265137,10.100000381469727,11.199999809265137,9730
3528,2012-01-09,11.0,11.0,10.5,10.5,9290
3529,2012-01-06,11.100000381469727,11.100000381469727,10.600000381469727,11.0,18000
3530,2012-01-05,11.0,11.199999809265137,10.699999809265137,10.899999618530273,20060
3531,2012-01-04,12.100000381469727,12.100000381469727,10.899999618530273,11.199999809265137,19190
3532,2012-01-03,11.399999618530273,11.5,10.800000190734863,11.399999618530273,18140
3533,2011-12-30,10.100000381469727,10.5,10.0,10.300000190734863,10160
3534,2011-12-29,10.199999809265137,10.699999809265137,10.199999809265137,10.5,13110
3535,2011-12-28,11.199999809265137,11.199999809265137,10.5,10.600000381469727,31870
3536,2011-12-27,11.5,11.600000381469727,11.199999809265137,11.300000190734863,19510
3537,2011-12-23,11.199999809265137,11.5,11.199999809265137,11.399999618530273,15650
3538,2011-12-22,11.5,11.699999809265137,10.800000190734863,11.399999618530273,32030
3539,2011-12-21,11.300000190734863,11.899999618530273,11.300000190734863,11.5,12970
3540,2011-12-20,11.5,12.0,11.5,11.699999809265137,24520
3541,2011-12-19,11.0,11.699999809265137,10.899999618530273,10.899999618530273,10390
3542,2011-12-16,11.100000381469727,12.0,11.100000381469727,11.100000381469727,6910
3543,2011-12-15,11.199999809265137,11.699999809265137,11.0,11.100000381469727,30860
3544,2011-12-14,12.800000190734863,12.800000190734863,11.199999809265137,11.699999809265137,20830
3545,2011-12-13,12.800000190734863,12.899999618530273,12.399999618530273,12.899999618530273,4430
3546,2011-12-12,13.199999809265137,13.199999809265137,12.399999618530273,12.899999618530273,8840
3547,2011-12-09,13.300000190734863,13.300000190734863,12.5,13.300000190734863,7310
3548,2011-12-08,13.699999809265137,13.699999809265137,12.5,12.600000381469727,4620
3549,2011-12-07,13.199999809265137,13.5,13.100000381469727,13.5,4730
3550,2011-12-06,13.300000190734863,13.399999618530273,12.5,12.899999618530273,10620
3551,2011-12-05,13.199999809265137,13.699999809265137,13.199999809265137,13.5,18870
3552,2011-12-02,13.0,13.0,12.399999618530273,12.800000190734863,1070
3553,2011-12-01,13.0,13.399999618530273,12.899999618530273,13.0,7680
3554,2011-11-30,13.0,13.0,11.899999618530273,12.699999809265137,19630
3555,2011-11-29,11.899999618530273,12.0,11.5,11.600000381469727,8850
3556,2011-11-28,11.0,12.0,11.0,11.899999618530273,8750
3557,2011-11-25,10.199999809265137,11.199999809265137,10.199999809265137,11.0,7460
3558,2011-11-23,10.600000381469727,11.100000381469727,10.199999809265137,10.300000190734863,16100
3559,2011-11-22,11.100000381469727,11.300000190734863,11.100000381469727,11.300000190734863,21140
3560,2011-11-21,12.0,12.0,11.100000381469727,11.300000190734863,15530
3561,2011-11-18,11.899999618530273,12.300000190734863,11.899999618530273,12.199999809265137,11820
3562,2011-11-17,11.800000190734863,12.699999809265137,11.800000190734863,12.0,13060
3563,2011-11-16,11.699999809265137,12.100000381469727,11.699999809265137,11.699999809265137,5710
3564,2011-11-15,12.0,12.300000190734863,12.0,12.199999809265137,7860
3565,2011-11-14,12.300000190734863,12.300000190734863,12.0,12.199999809265137,4660
3566,2011-11-11,11.899999618530273,12.300000190734863,11.699999809265137,12.300000190734863,11870
3567,2011-11-10,11.699999809265137,11.899999618530273,11.699999809265137,11.899999618530273,2860
3568,2011-11-09,11.800000190734863,12.0,11.399999618530273,11.5,5390
3569,2011-11-08,11.5,12.300000190734863,11.5,12.199999809265137,2590
3570,2011-11-07,12.399999618530273,12.399999618530273,11.5,12.300000190734863,5810
3571,2011-11-04,12.5,12.5,12.100000381469727,12.399999618530273,5980
3572,2011-11-03,12.300000190734863,12.399999618530273,12.100000381469727,12.399999618530273,7390
3573,2011-11-02,12.399999618530273,12.399999618530273,12.0,12.100000381469727,2830
3574,2011-11-01,12.399999618530273,12.399999618530273,11.899999618530273,11.899999618530273,7560
3575,2011-10-31,12.5,12.899999618530273,12.399999618530273,12.600000381469727,10860
3576,2011-10-28,14.300000190734863,14.300000190734863,13.5,13.699999809265137,1720
3577,2011-10-27,13.699999809265137,13.800000190734863,13.5,13.800000190734863,21230
3578,2011-10-26,12.300000190734863,12.800000190734863,12.100000381469727,12.5,4510
3579,2011-10-25,12.899999618530273,12.899999618530273,12.0,12.5,3810
3580,2011-10-24,12.0,13.0,12.0,12.899999618530273,4080
3581,2011-10-21,11.800000190734863,11.800000190734863,11.0,11.5,4210
3582,2011-10-20,12.199999809265137,12.199999809265137,11.199999809265137,11.600000381469727,12500
3583,2011-10-19,12.300000190734863,12.300000190734863,11.100000381469727,11.5,14290
3584,2011-10-18,12.199999809265137,13.0,12.199999809265137,12.899999618530273,7850
3585,2011-10-17,13.899999618530273,13.899999618530273,12.899999618530273,12.899999618530273,8400
3586,2011-10-14,13.5,13.5,13.0,13.199999809265137,9600
3587,2011-10-13,13.5,13.5,12.399999618530273,12.800000190734863,13190
3588,2011-10-12,11.899999618530273,12.899999618530273,11.899999618530273,12.699999809265137,10010
3589,2011-10-11,12.399999618530273,12.399999618530273,11.800000190734863,12.0,10840
3590,2011-10-10,11.699999809265137,12.800000190734863,11.699999809265137,12.5,30310
3591,2011-10-07,11.5,11.699999809265137,11.199999809265137,11.399999618530273,7600
3592,2011-10-06,10.5,11.399999618530273,10.5,11.100000381469727,12760
3593,2011-10-05,9.899999618530273,10.100000381469727,9.300000190734863,10.0,33500
3594,2011-10-04,8.699999809265137,9.399999618530273,8.199999809265137,9.399999618530273,78640
3595,2011-10-03,10.0,10.0,9.100000381469727,9.5,27430
3596,2011-09-30,10.899999618530273,10.899999618530273,10.300000190734863,10.699999809265137,34600
3597,2011-09-29,10.5,11.399999618530273,10.5,10.899999618530273,21110
3598,2011-09-28,11.600000381469727,11.899999618530273,11.0,11.0,29920
3599,2011-09-27,11.699999809265137,13.0,11.100000381469727,12.5,39780
3600,2011-09-26,10.0,10.199999809265137,9.199999809265137,9.899999618530273,67600
3601,2011-09-23,10.399999618530273,11.399999618530273,10.0,11.300000190734863,14610
3602,2011-09-22,10.100000381469727,11.5,10.100000381469727,10.199999809265137,51980
3603,2011-09-21,14.199999809265137,14.199999809265137,12.600000381469727,13.100000381469727,27920
3604,2011-09-20,15.199999809265137,15.5,14.300000190734863,14.600000381469727,28830
3605,2011-09-19,15.100000381469727,16.0,15.0,15.5,22070
3606,2011-09-16,16.700000762939453,17.200000762939453,16.600000381469727,17.0,7190
3607,2011-09-15,15.199999809265137,16.399999618530273,15.199999809265137,16.399999618530273,9610
3608,2011-09-14,16.0,16.5,15.5,16.0,15850
3609,2011-09-13,16.5,17.200000762939453,16.5,16.899999618530273,5720
3610,2011-09-12,16.5,17.5,16.5,17.200000762939453,14460
3611,2011-09-09,18.100000381469727,18.200000762939453,17.600000381469727,17.799999237060547,3960
3612,2011-09-08,17.600000381469727,19.100000381469727,17.600000381469727,18.299999237060547,5240
3613,2011-09-07,19.0,19.0,18.0,18.5,5950
3614,2011-09-06,17.299999237060547,18.5,17.299999237060547,18.100000381469727,7650
3615,2011-09-02,19.5,19.5,18.100000381469727,18.399999618530273,5750
3616,2011-09-01,19.299999237060547,19.5,19.0,19.0,6130
3617,2011-08-31,19.5,19.5,19.299999237060547,19.5,8110
3618,2011-08-30,18.700000762939453,19.5,18.700000762939453,19.399999618530273,6150
3619,2011-08-29,18.899999618530273,19.799999237060547,18.899999618530273,19.600000381469727,7630
3620,2011-08-26,17.399999618530273,18.399999618530273,17.399999618530273,18.0,11390
3621,2011-08-25,17.5,18.899999618530273,17.299999237060547,17.700000762939453,10380
3622,2011-08-24,18.200000762939453,18.200000762939453,17.5,18.0,10330
3623,2011-08-23,18.5,18.600000381469727,18.100000381469727,18.299999237060547,13500
3624,2011-08-22,18.0,18.799999237060547,18.0,18.0,29900
3625,2011-08-19,17.700000762939453,18.799999237060547,17.700000762939453,18.299999237060547,8240
3626,2011-08-18,20.100000381469727,20.100000381469727,18.399999618530273,18.799999237060547,16440
3627,2011-08-17,20.700000762939453,20.899999618530273,20.200000762939453,20.5,7330
3628,2011-08-16,21.0,21.0,20.100000381469727,20.899999618530273,6110
3629,2011-08-15,21.0,21.299999237060547,20.899999618530273,21.200000762939453,9650
3630,2011-08-12,21.0,21.0,20.600000381469727,20.799999237060547,5580
3631,2011-08-11,19.399999618530273,20.899999618530273,19.200000762939453,20.799999237060547,9830
3632,2011-08-10,19.0,19.5,18.600000381469727,19.299999237060547,15800
3633,2011-08-09,20.100000381469727,20.100000381469727,18.200000762939453,20.0,40240
3634,2011-08-08,19.100000381469727,19.299999237060547,17.899999618530273,17.899999618530273,46960
3635,2011-08-05,19.200000762939453,20.5,18.899999618530273,20.100000381469727,38130
3636,2011-08-04,21.399999618530273,22.0,20.100000381469727,20.399999618530273,23120
3637,2011-08-03,22.899999618530273,22.899999618530273,21.100000381469727,21.799999237060547,17430
3638,2011-08-02,23.899999618530273,23.899999618530273,22.0,22.0,18660
3639,2011-08-01,24.100000381469727,24.200000762939453,23.600000381469727,23.799999237060547,12000
3640,2011-07-29,23.600000381469727,23.600000381469727,22.700000762939453,22.899999618530273,14800
3641,2011-07-28,23.299999237060547,23.600000381469727,23.0,23.200000762939453,14950
3642,2011-07-27,23.700000762939453,23.700000762939453,22.5,22.5,23320
3643,2011-07-26,23.0,23.700000762939453,23.0,23.600000381469727,22460
3644,2011-07-25,21.899999618530273,23.0,21.899999618530273,22.799999237060547,13030
3645,2011-07-22,21.299999237060547,22.200000762939453,21.299999237060547,22.200000762939453,22610
3646,2011-07-21,20.899999618530273,21.399999618530273,20.899999618530273,21.399999618530273,11220
3647,2011-07-20,20.899999618530273,20.899999618530273,20.600000381469727,20.799999237060547,1680
3648,2011-07-19,20.899999618530273,20.899999618530273,20.0,20.5,9270
3649,2011-07-18,20.600000381469727,20.600000381469727,19.5,20.200000762939453,18060
3650,2011-07-15,20.200000762939453,20.5,20.200000762939453,20.299999237060547,6780
3651,2011-07-14,21.0,21.200000762939453,20.200000762939453,20.399999618530273,9710
3652,2011-07-13,20.200000762939453,21.399999618530273,20.200000762939453,21.399999618530273,6380
3653,2011-07-12,20.0,20.700000762939453,20.0,20.399999618530273,8770
3654,2011-07-11,21.5,21.5,20.299999237060547,20.299999237060547,19240
3655,2011-07-08,21.100000381469727,21.600000381469727,20.799999237060547,21.399999618530273,7730
3656,2011-07-07,20.299999237060547,21.200000762939453,20.299999237060547,21.100000381469727,23840
3657,2011-07-06,20.200000762939453,20.200000762939453,19.799999237060547,19.799999237060547,8550
3658,2011-07-05,20.0,20.200000762939453,19.899999618530273,20.200000762939453,25910
3659,2011-07-01,18.299999237060547,19.399999618530273,18.200000762939453,19.299999237060547,25990
3660,2011-06-30,17.5,19.5,17.5,19.0,80230
3661,2011-06-29,20.5,21.200000762939453,20.100000381469727,20.899999618530273,11200
3662,2011-06-28,20.600000381469727,20.600000381469727,19.899999618530273,20.0,12640
3663,2011-06-27,21.200000762939453,21.200000762939453,20.299999237060547,20.5,10660
3664,2011-06-24,21.700000762939453,21.700000762939453,21.299999237060547,21.5,4810
3665,2011-06-23,21.299999237060547,21.299999237060547,20.700000762939453,21.200000762939453,10470
3666,2011-06-22,20.799999237060547,21.700000762939453,20.799999237060547,21.100000381469727,15350
3667,2011-06-21,20.5,21.299999237060547,20.200000762939453,20.899999618530273,25600
3668,2011-06-20,19.200000762939453,20.200000762939453,18.899999618530273,20.0,23890
3669,2011-06-17,19.200000762939453,20.0,18.899999618530273,18.899999618530273,39350
3670,2011-06-16,20.0,21.100000381469727,20.0,20.299999237060547,19960
3671,2011-06-15,21.700000762939453,21.700000762939453,21.0,21.600000381469727,8720
3672,2011-06-14,21.100000381469727,21.700000762939453,21.100000381469727,21.700000762939453,5890
3673,2011-06-13,21.399999618530273,22.0,21.200000762939453,21.200000762939453,8090
3674,2011-06-10,22.200000762939453,22.200000762939453,21.100000381469727,21.700000762939453,10360
3675,2011-06-09,21.600000381469727,22.5,21.600000381469727,22.5,16480
3676,2011-06-08,22.200000762939453,22.299999237060547,21.5,21.600000381469727,22620
3677,2011-06-07,21.799999237060547,23.399999618530273,21.799999237060547,22.299999237060547,14850
3678,2011-06-06,23.600000381469727,23.600000381469727,22.200000762939453,22.600000381469727,16010
3679,2011-06-03,24.799999237060547,24.799999237060547,22.700000762939453,23.5,16400
3680,2011-06-02,24.799999237060547,24.899999618530273,24.100000381469727,24.899999618530273,7000
3681,2011-06-01,26.0,26.0,24.5,24.5,10330
3682,2011-05-31,25.0,30.0,24.700000762939453,25.700000762939453,17780
3683,2011-05-27,24.399999618530273,24.520000457763672,24.200000762939453,24.450000762939453,13800
3684,2011-05-26,24.100000381469727,24.579999923706055,24.100000381469727,24.579999923706055,11400
3685,2011-05-25,23.5,24.149999618530273,23.5,24.0,42500
3686,2011-05-24,23.75,24.170000076293945,23.75,23.950000762939453,12600
3687,2011-05-23,22.549999237060547,22.950000762939453,22.25,22.75,38800
3688,2011-05-20,24.450000762939453,24.719999313354492,24.149999618530273,24.600000381469727,16200
3689,2011-05-19,24.100000381469727,24.479999542236328,24.049999237060547,24.200000762939453,19800
3690,2011-05-18,22.950000762939453,24.100000381469727,22.950000762939453,23.850000381469727,45100
3691,2011-05-17,22.5,22.649999618530273,22.200000762939453,22.450000762939453,13700
3692,2011-05-16,21.899999618530273,22.1299991607666,21.850000381469727,21.950000762939453,14800
3693,2011-05-13,22.649999618530273,22.979999542236328,21.899999618530273,21.899999618530273,40100
3694,2011-05-12,22.399999618530273,22.520000457763672,22.0,22.520000457763672,67100
3695,2011-05-11,24.049999237060547,24.049999237060547,23.479999542236328,23.649999618530273,27800
3696,2011-05-10,23.299999237060547,23.299999237060547,22.850000381469727,23.18000030517578,30700
3697,2011-05-09,23.5,23.610000610351562,23.450000762939453,23.549999237060547,21200
3698,2011-05-06,23.850000381469727,24.25,23.75,23.75,36000
3699,2011-05-05,23.100000381469727,23.450000762939453,22.440000534057617,22.440000534057617,68600
3700,2011-05-04,22.450000762939453,22.450000762939453,21.149999618530273,21.440000534057617,68800
3701,2011-05-03,22.299999237060547,22.899999618530273,22.100000381469727,22.790000915527344,60100
3702,2011-05-02,23.200000762939453,23.700000762939453,23.200000762939453,23.200000762939453,30800
3703,2011-04-29,23.219999313354492,23.219999313354492,22.850000381469727,22.850000381469727,21700
3704,2011-04-28,23.850000381469727,23.8799991607666,23.459999084472656,23.6299991607666,27700
3705,2011-04-27,24.25,24.899999618530273,23.899999618530273,24.700000762939453,105400
3706,2011-04-26,25.450000762939453,25.450000762939453,25.0,25.25,18600
3707,2011-04-25,26.049999237060547,26.049999237060547,25.049999237060547,25.200000762939453,38300
3708,2011-04-21,25.950000762939453,26.049999237060547,25.5,25.600000381469727,47100
3709,2011-04-20,25.950000762939453,26.0,25.350000381469727,25.600000381469727,67000
3710,2011-04-19,24.0,24.0,23.450000762939453,23.799999237060547,57100
3711,2011-04-18,25.350000381469727,25.75,24.5,25.200000762939453,82400
3712,2011-04-15,26.90999984741211,26.90999984741211,26.450000762939453,26.540000915527344,35600
3713,2011-04-14,26.700000762939453,27.0,26.520000457763672,27.0,25400
3714,2011-04-13,26.600000381469727,26.799999237060547,26.469999313354492,26.799999237060547,21900
3715,2011-04-12,27.100000381469727,27.100000381469727,25.649999618530273,26.799999237060547,66600
3716,2011-04-11,27.450000762939453,28.450000762939453,27.25,27.649999618530273,76900
3717,2011-04-08,26.700000762939453,27.0,26.450000762939453,26.709999084472656,45600
3718,2011-04-07,24.850000381469727,25.850000381469727,24.6200008392334,25.649999618530273,27600
3719,2011-04-06,24.899999618530273,25.299999237060547,23.18000030517578,25.049999237060547,36900
3720,2011-04-05,25.549999237060547,26.200000762939453,25.549999237060547,25.799999237060547,29300
3721,2011-04-04,24.350000381469727,25.25,24.350000381469727,25.25,99700
3722,2011-04-01,23.450000762939453,23.920000076293945,23.149999618530273,23.530000686645508,30700
3723,2011-03-31,23.049999237060547,23.299999237060547,22.75,23.200000762939453,48500
3724,2011-03-30,22.299999237060547,22.950000762939453,21.649999618530273,22.200000762939453,35300
3725,2011-03-29,21.899999618530273,23.0,21.850000381469727,22.649999618530273,35400
3726,2011-03-28,21.760000228881836,22.0,21.760000228881836,22.0,14300
3727,2011-03-25,21.899999618530273,21.899999618530273,21.399999618530273,21.549999237060547,37500
3728,2011-03-24,21.200000762939453,21.899999618530273,21.010000228881836,21.899999618530273,37700
3729,2011-03-23,20.700000762939453,21.190000534057617,20.700000762939453,20.829999923706055,20200
3730,2011-03-22,20.399999618530273,21.0,20.049999237060547,20.899999618530273,49100
3731,2011-03-21,19.899999618530273,20.270000457763672,19.700000762939453,20.049999237060547,25800
3732,2011-03-18,18.81999969482422,19.350000381469727,18.81999969482422,19.350000381469727,38400
3733,2011-03-17,18.600000381469727,18.799999237060547,18.149999618530273,18.649999618530273,18400
3734,2011-03-16,18.399999618530273,18.799999237060547,17.260000228881836,17.600000381469727,68900
3735,2011-03-15,17.260000228881836,18.790000915527344,15.680000305175781,17.0,249200
3736,2011-03-14,19.350000381469727,19.350000381469727,18.5,19.200000762939453,25200
3737,2011-03-11,19.799999237060547,20.200000762939453,19.5,20.200000762939453,26500
3738,2011-03-10,19.899999618530273,20.299999237060547,18.799999237060547,18.799999237060547,91600
3739,2011-03-09,21.5,21.5,21.100000381469727,21.100000381469727,14700
3740,2011-03-08,21.399999618530273,21.5,21.0,21.5,22700
3741,2011-03-07,22.0,22.0,21.0,21.350000381469727,52900
3742,2011-03-04,22.899999618530273,22.899999618530273,22.100000381469727,22.399999618530273,123400
3743,2011-03-03,22.950000762939453,23.700000762939453,22.75,23.450000762939453,61200
3744,2011-03-02,21.989999771118164,22.809999465942383,21.75,22.809999465942383,75800
3745,2011-03-01,21.100000381469727,21.5,20.799999237060547,21.049999237060547,63700
3746,2011-02-28,19.600000381469727,20.0,19.600000381469727,19.93000030517578,17600
3747,2011-02-25,19.020000457763672,19.25,19.020000457763672,19.229999542236328,14200
3748,2011-02-24,18.639999389648438,18.639999389648438,18.399999618530273,18.5,5400
3749,2011-02-23,18.399999618530273,18.700000762939453,18.399999618530273,18.6299991607666,22700
3750,2011-02-22,18.799999237060547,18.799999237060547,17.850000381469727,17.850000381469727,26300
3751,2011-02-18,19.700000762939453,19.700000762939453,18.899999618530273,18.899999618530273,24100
3752,2011-02-17,19.5,19.8700008392334,19.5,19.600000381469727,21400
3753,2011-02-16,19.549999237060547,19.700000762939453,19.100000381469727,19.329999923706055,26600
3754,2011-02-15,20.0,20.0,19.75,19.799999237060547,13500
3755,2011-02-14,19.600000381469727,19.899999618530273,19.600000381469727,19.899999618530273,24600
3756,2011-02-11,19.200000762939453,19.299999237060547,19.0,19.299999237060547,16700
3757,2011-02-10,19.299999237060547,19.299999237060547,19.100000381469727,19.190000534057617,23400
3758,2011-02-09,19.299999237060547,19.350000381469727,18.899999618530273,19.299999237060547,58700
3759,2011-02-08,18.899999618530273,18.899999618530273,18.600000381469727,18.799999237060547,28900
3760,2011-02-07,18.600000381469727,19.200000762939453,18.600000381469727,19.100000381469727,63000
3761,2011-02-04,18.149999618530273,18.350000381469727,18.059999465942383,18.350000381469727,30000
3762,2011-02-03,17.90999984741211,18.299999237060547,17.600000381469727,18.25,38300
3763,2011-02-02,18.0,18.149999618530273,17.530000686645508,17.90999984741211,123000
3764,2011-02-01,18.299999237060547,19.600000381469727,18.1299991607666,19.5,84200
3765,2011-01-31,17.950000762939453,18.100000381469727,17.559999465942383,17.899999618530273,103300
3766,2011-01-28,18.799999237060547,18.799999237060547,18.030000686645508,18.200000762939453,52000
3767,2011-01-27,19.799999237060547,19.799999237060547,19.309999465942383,19.5,39600
3768,2011-01-26,19.899999618530273,19.899999618530273,19.600000381469727,19.889999389648438,11500
3769,2011-01-25,19.899999618530273,19.950000762939453,19.299999237060547,19.350000381469727,60700
3770,2011-01-24,19.649999618530273,20.25,19.209999084472656,20.0,39800
3771,2011-01-21,19.860000610351562,20.200000762939453,19.700000762939453,19.799999237060547,52100
3772,2011-01-20,19.799999237060547,20.149999618530273,19.299999237060547,20.100000381469727,21800
3773,2011-01-19,20.18000030517578,20.700000762939453,19.950000762939453,20.1200008392334,51700
3774,2011-01-18,19.799999237060547,19.799999237060547,19.25,19.350000381469727,39600
3775,2011-01-14,20.399999618530273,20.600000381469727,19.989999771118164,20.049999237060547,46600
3776,2011-01-13,21.100000381469727,21.229999542236328,20.5,20.510000228881836,37500
3777,2011-01-12,20.5,21.200000762939453,20.5,20.670000076293945,50500
3778,2011-01-11,20.149999618530273,20.350000381469727,19.799999237060547,20.190000534057617,72600
3779,2011-01-10,20.799999237060547,21.25,20.399999618530273,20.950000762939453,70600
3780,2011-01-07,18.5,19.0,18.1299991607666,18.950000762939453,116200
3781,2011-01-06,20.950000762939453,20.950000762939453,19.149999618530273,19.350000381469727,238600
3782,2011-01-05,21.5,21.75,20.600000381469727,21.6200008392334,168700
3783,2011-01-04,24.0,24.100000381469727,22.299999237060547,22.75,200200
3784,2011-01-03,22.450000762939453,23.0,22.299999237060547,22.700000762939453,186300
