,date,open,high,low,close,volume
0,2026-01-22,31371.130859375,31890.619140625,31371.130859375,31746.080078125,0
1,2026-01-21,31749.140625,31749.140625,31200.759765625,31246.369140625,8417100
2,2026-01-20,31584.33984375,31759.990234375,31340.099609375,31759.990234375,7884000
3,2026-01-19,31336.76953125,31827.390625,31285.529296875,31639.2890625,7864700
4,2026-01-16,30844.630859375,31475.220703125,30844.630859375,31408.69921875,7323000
5,2026-01-15,30746.98046875,30877.310546875,30663.869140625,30810.580078125,6569600
6,2026-01-14,30742.529296875,30994.810546875,30742.529296875,30941.779296875,6046100
7,2026-01-13,30630.859375,30973.849609375,30529.330078125,30707.220703125,6687400
8,2026-01-12,30472.69921875,30681.990234375,30472.69921875,30567.2890625,5720700
9,2026-01-09,30370.44921875,30500.419921875,29925.490234375,30288.9609375,6518900
10,2026-01-08,30330.580078125,30593.490234375,30268.359375,30360.55078125,8283300
11,2026-01-07,30412.3203125,30570.259765625,30306.16015625,30435.470703125,8350800
12,2026-01-06,29933.650390625,30576.30078125,29933.650390625,30576.30078125,6867900
13,2026-01-05,29779.69921875,30339.3203125,29779.69921875,30105.0390625,6274000
14,2026-01-02,29016.6796875,29363.4296875,29007.75,29349.810546875,5945900
15,2025-12-31,28723.490234375,29009.810546875,28687.900390625,28963.599609375,5689400
16,2025-12-30,28723.8203125,28833.029296875,28553.640625,28707.130859375,5135300
17,2025-12-29,28662.7890625,28841.640625,28595.349609375,28810.890625,4440500
18,2025-12-26,28443.48046875,28590.91015625,28404.33984375,28556.01953125,4511200
19,2025-12-24,28383.609375,28486.380859375,28280.58984375,28371.98046875,4612900
20,2025-12-23,28253.140625,28350.369140625,28212.83984375,28310.470703125,4559700
21,2025-12-22,27986.66015625,28168.75,27986.66015625,28149.640625,5026500
22,2025-12-19,27685.740234375,27869.779296875,27672.05078125,27696.349609375,5627700
23,2025-12-18,27447.44921875,27569.439453125,27350.76953125,27468.529296875,4799900
24,2025-12-17,27596.1796875,27780.689453125,27469.599609375,27525.169921875,5499500
25,2025-12-16,27721.099609375,27740.66015625,27355.669921875,27536.66015625,5140200
26,2025-12-15,28119.7890625,28119.7890625,27684.869140625,27866.939453125,4157000
27,2025-12-12,28097.5390625,28272.060546875,28071.33984375,28198.01953125,4802600
28,2025-12-11,28385.23046875,28568.01953125,27984.189453125,28024.75,4248000
29,2025-12-10,28190.759765625,28417.08984375,28190.759765625,28400.73046875,4773000
30,2025-12-09,28364.0390625,28390.240234375,28157.26953125,28182.599609375,4898300
31,2025-12-08,28034.0,28303.779296875,28026.390625,28303.779296875,4068700
32,2025-12-05,27796.4296875,27980.890625,27738.5,27980.890625,3817000
33,2025-12-04,27773.419921875,27880.23046875,27636.630859375,27795.7109375,3599700
34,2025-12-03,27605.630859375,27847.669921875,27605.630859375,27793.0390625,3769000
35,2025-12-02,27550.349609375,27741.890625,27477.099609375,27564.26953125,4210100
36,2025-12-01,27674.16015625,27697.060546875,27342.529296875,27342.529296875,3774100
37,2025-11-28,27566.119140625,27796.900390625,27566.119140625,27626.48046875,3953500
38,2025-11-27,27517.240234375,27659.060546875,27436.58984375,27554.529296875,3621100
39,2025-11-26,27063.169921875,27409.5390625,27063.169921875,27409.5390625,4016500
40,2025-11-25,26995.900390625,27118.01953125,26793.7109375,26912.169921875,3724900
41,2025-11-24,26596.029296875,26764.130859375,26482.330078125,26504.240234375,6156100
42,2025-11-21,26821.970703125,26821.970703125,26395.98046875,26434.939453125,4006000
43,2025-11-20,27212.91015625,27493.630859375,27183.029296875,27426.359375,4862100
44,2025-11-19,26708.279296875,26902.970703125,26580.119140625,26580.119140625,4448000
45,2025-11-18,27310.400390625,27310.400390625,26756.119140625,26756.119140625,5433000
46,2025-11-17,27600.740234375,27723.76953125,27447.310546875,27447.310546875,4781900
47,2025-11-14,27816.44921875,27816.44921875,27383.33984375,27397.5,5171300
48,2025-11-13,27867.58984375,28038.240234375,27811.810546875,27903.560546875,6572900
49,2025-11-12,27853.470703125,28071.759765625,27799.919921875,27947.08984375,5291300
50,2025-11-11,28031.5390625,28187.69921875,27784.94921875,27784.94921875,5302400
51,2025-11-10,27805.470703125,27976.890625,27680.509765625,27869.509765625,4157600
52,2025-11-07,27818.5390625,27818.5390625,27621.48046875,27651.41015625,4344700
53,2025-11-06,27906.439453125,28061.529296875,27879.69921875,27899.44921875,4125700
54,2025-11-05,27785.91015625,27799.08984375,27373.05078125,27717.060546875,4085800
55,2025-11-04,28364.759765625,28554.609375,28033.619140625,28116.560546875,4218000
56,2025-11-03,28253.529296875,28494.990234375,28150.44921875,28334.58984375,3968500
57,2025-10-31,28280.470703125,28489.759765625,28233.349609375,28233.349609375,4459700
58,2025-10-30,28350.240234375,28527.6796875,28116.599609375,28287.529296875,5137600
59,2025-10-29,28157.91015625,28395.310546875,28139.650390625,28294.740234375,5040500
60,2025-10-28,28041.009765625,28087.9296875,27885.619140625,27949.109375,5011300
61,2025-10-27,28029.880859375,28196.330078125,27993.630859375,27993.630859375,4954700
62,2025-10-23,27457.0703125,27586.849609375,27371.669921875,27532.259765625,3819800
63,2025-10-22,27614.109375,27725.830078125,27490.890625,27648.91015625,3944200
64,2025-10-21,27742.55078125,27969.05078125,27742.55078125,27752.41015625,4293000
65,2025-10-20,27480.439453125,27768.26953125,27412.44921875,27688.630859375,4283400
66,2025-10-17,27399.91015625,27513.08984375,27302.369140625,27302.369140625,4488400
67,2025-10-16,27337.3203125,27732.779296875,27337.3203125,27647.869140625,4657900
68,2025-10-15,26911.05078125,27275.7109375,26773.150390625,27275.7109375,4438300
69,2025-10-14,27282.099609375,27507.16015625,26764.060546875,26793.150390625,6407700
70,2025-10-13,26762.599609375,26965.720703125,26470.439453125,26923.419921875,4848200
71,2025-10-09,27301.609375,27463.119140625,27253.0703125,27301.919921875,5551400
72,2025-10-08,26999.8203125,27110.4296875,26883.990234375,27063.6796875,4475000
73,2025-10-07,27029.279296875,27301.419921875,27017.080078125,27211.94921875,4714200
74,2025-10-03,26435.099609375,26761.060546875,26410.029296875,26761.060546875,3947400
75,2025-10-02,26392.310546875,26489.7890625,26330.25,26378.390625,4331900
76,2025-10-01,26078.2890625,26325.7890625,25982.91015625,25982.91015625,4127200
77,2025-09-30,25738.310546875,25975.83984375,25738.310546875,25820.5390625,3601000
78,2025-09-26,25998.279296875,25998.279296875,25469.0390625,25580.3203125,4370400
79,2025-09-25,26067.970703125,26247.849609375,26023.849609375,26023.849609375,5318500
80,2025-09-24,26389.16015625,26394.029296875,26045.470703125,26196.73046875,4309500
81,2025-09-23,26121.0,26307.30078125,26041.689453125,26247.369140625,4775000
82,2025-09-22,25599.599609375,25887.689453125,25599.599609375,25880.599609375,4316700
83,2025-09-19,25794.66015625,25864.009765625,25578.369140625,25578.369140625,6041400
84,2025-09-18,25543.169921875,25769.359375,25475.25,25769.359375,4746200
85,2025-09-17,25543.91015625,25632.0703125,25422.9609375,25438.25,4404600
86,2025-09-16,25335.4609375,25664.810546875,25335.4609375,25629.640625,4224500
87,2025-09-15,25494.099609375,25519.939453125,25284.169921875,25357.16015625,3734300
88,2025-09-12,25349.69921875,25492.279296875,25349.69921875,25474.640625,4362700
89,2025-09-11,25509.30078125,25541.439453125,25174.130859375,25215.7109375,5159400
90,2025-09-10,25032.880859375,25272.23046875,25032.880859375,25192.58984375,4503300
91,2025-09-09,24650.4609375,24880.0703125,24650.4609375,24855.1796875,4235300
92,2025-09-08,24610.849609375,24729.9609375,24547.380859375,24547.380859375,4221200
93,2025-09-05,24244.259765625,24494.580078125,24244.259765625,24494.580078125,3935800
94,2025-09-04,24235.26953125,24389.349609375,24168.16015625,24179.849609375,4098500
95,2025-09-03,24036.880859375,24103.23046875,23925.490234375,24100.30078125,3208300
96,2025-09-02,24113.900390625,24295.029296875,23890.330078125,24016.779296875,3621600
97,2025-09-01,24143.369140625,24312.830078125,23885.41015625,24071.73046875,3978800
98,2025-08-29,24438.029296875,24570.150390625,24233.099609375,24233.099609375,4230800
99,2025-08-28,24468.119140625,24502.369140625,24236.44921875,24236.44921875,4093700
100,2025-08-27,24449.810546875,24539.880859375,24410.080078125,24519.900390625,4022200
101,2025-08-26,24237.359375,24382.419921875,24113.029296875,24305.099609375,5104500
102,2025-08-25,24108.810546875,24362.01953125,24108.75,24277.380859375,3818800
103,2025-08-22,24033.01953125,24071.650390625,23764.470703125,23764.470703125,3633100
104,2025-08-21,23739.830078125,24011.5,23739.830078125,23962.130859375,3924400
105,2025-08-20,24309.26953125,24309.26953125,23620.240234375,23625.439453125,4336000
106,2025-08-19,24493.919921875,24551.419921875,24324.2890625,24353.5,4734800
107,2025-08-18,24272.55078125,24515.650390625,24257.30078125,24482.51953125,4745200
108,2025-08-15,24266.23046875,24385.560546875,24164.4296875,24334.48046875,4491700
109,2025-08-14,24258.5,24389.509765625,24198.880859375,24238.099609375,4491700
110,2025-08-13,24232.0390625,24406.939453125,24172.189453125,24370.01953125,4867300
111,2025-08-12,24182.83984375,24263.919921875,24065.4296875,24158.359375,4193700
112,2025-08-11,23980.390625,24249.05078125,23887.25,24135.5,3851900
113,2025-08-08,24026.650390625,24131.4609375,23967.990234375,24021.259765625,3790600
114,2025-08-07,23717.349609375,24050.5390625,23717.349609375,24003.76953125,3487700
115,2025-08-06,23443.359375,23557.490234375,23433.529296875,23447.359375,3264600
116,2025-08-05,23498.400390625,23671.83984375,23498.400390625,23660.58984375,3421400
117,2025-08-04,23260.1796875,23378.939453125,23151.650390625,23378.939453125,3191500
118,2025-08-01,23318.369140625,23484.2109375,23168.26953125,23434.380859375,3402400
119,2025-07-31,23523.58984375,23631.109375,23454.439453125,23542.51953125,3757100
120,2025-07-30,23288.720703125,23461.720703125,23264.640625,23461.720703125,3352200
121,2025-07-29,23414.359375,23422.169921875,23094.669921875,23201.51953125,3565200
122,2025-07-28,23477.099609375,23564.439453125,23350.73046875,23412.98046875,3255000
123,2025-07-25,23454.58984375,23485.560546875,23308.44921875,23364.380859375,2946900
124,2025-07-24,23373.669921875,23455.08984375,23295.310546875,23373.73046875,3659600
125,2025-07-23,23063.5703125,23318.669921875,23063.5703125,23318.669921875,3346500
126,2025-07-22,23301.66015625,23486.080078125,22985.900390625,22987.919921875,3764700
127,2025-07-21,23314.2890625,23403.830078125,23243.7890625,23340.560546875,2784300
128,2025-07-18,23345.720703125,23468.2109375,23276.01953125,23383.130859375,2995200
129,2025-07-17,23042.970703125,23159.5390625,22923.369140625,23113.279296875,3078000
130,2025-07-16,22967.509765625,23106.4296875,22923.119140625,23042.900390625,3171200
131,2025-07-15,22618.4296875,22888.23046875,22588.259765625,22835.939453125,2696000
132,2025-07-14,22679.1796875,22735.23046875,22525.66015625,22614.970703125,2557300
133,2025-07-11,22602.810546875,22770.009765625,22601.94921875,22751.029296875,4446700
134,2025-07-10,22566.509765625,22699.2890625,22513.349609375,22693.25,2829400
135,2025-07-09,22253.169921875,22527.009765625,22211.099609375,22527.009765625,2907300
136,2025-07-08,22375.650390625,22375.650390625,22190.4609375,22362.26953125,2661400
137,2025-07-07,22550.140625,22550.5,22294.109375,22428.720703125,2570300
138,2025-07-04,22756.55078125,22842.75,22500.970703125,22547.5,3270200
139,2025-07-03,22707.41015625,22816.19921875,22700.859375,22712.970703125,3368000
140,2025-07-02,22463.55078125,22577.740234375,22396.259765625,22577.740234375,2897200
141,2025-07-01,22419.740234375,22730.759765625,22401.580078125,22553.720703125,3676400
142,2025-06-30,22508.330078125,22558.94921875,22256.01953125,22256.01953125,3443500
143,2025-06-27,22503.849609375,22580.080078125,22388.58984375,22580.080078125,3454100
144,2025-06-26,22425.390625,22587.669921875,22391.26953125,22492.33984375,3685100
145,2025-06-25,22341.869140625,22444.509765625,22284.51953125,22430.609375,3405900
146,2025-06-24,22001.48046875,22201.05078125,22001.48046875,22188.759765625,3767600
147,2025-06-23,21750.69921875,21801.3203125,21551.580078125,21732.01953125,3015300
148,2025-06-20,21960.509765625,22089.48046875,21779.55078125,22045.740234375,4418300
149,2025-06-19,22238.099609375,22249.400390625,21973.0390625,22003.5,3057900
150,2025-06-18,22135.830078125,22370.25,22104.6796875,22356.73046875,3214600
151,2025-06-17,22172.58984375,22331.689453125,22118.4609375,22211.58984375,3044000
152,2025-06-16,22058.5703125,22094.599609375,21936.380859375,22049.900390625,2521300
153,2025-06-13,22215.5,22228.009765625,21984.359375,22072.94921875,3285000
154,2025-06-12,22362.669921875,22390.169921875,22253.640625,22287.8203125,3060300
155,2025-06-11,22376.369140625,22470.099609375,22294.599609375,22470.099609375,3669800
156,2025-06-10,21921.240234375,22294.859375,21921.240234375,22242.140625,3534000
157,2025-06-09,21773.44921875,21866.26953125,21717.51953125,21790.2890625,3035200
158,2025-06-06,21637.76953125,21702.4609375,21606.69921875,21660.66015625,2964300
159,2025-06-05,21695.9296875,21738.9296875,21626.740234375,21674.4296875,3521900
160,2025-06-04,21341.439453125,21618.08984375,21341.439453125,21618.08984375,4061200
161,2025-06-03,21126.69921875,21303.2109375,21110.630859375,21126.9296875,3739600
162,2025-06-02,21253.970703125,21256.099609375,20940.98046875,21002.7109375,3805400
163,2025-05-29,21531.2890625,21605.259765625,21347.30078125,21347.30078125,5081700
164,2025-05-28,21539.150390625,21634.369140625,21305.73046875,21357.720703125,3647300
165,2025-05-27,21491.650390625,21558.470703125,21310.0,21336.5390625,3512400
166,2025-05-26,21577.640625,21688.44921875,21536.5703125,21536.5703125,3105400
167,2025-05-23,21766.240234375,21798.880859375,21559.779296875,21652.240234375,3065000
168,2025-05-22,21733.8203125,21733.8203125,21585.310546875,21670.9609375,3137400
169,2025-05-21,21603.580078125,21879.240234375,21603.580078125,21803.91015625,3078500
170,2025-05-20,21631.609375,21746.560546875,21517.099609375,21526.029296875,2908900
171,2025-05-19,21786.330078125,21786.330078125,21496.689453125,21523.830078125,3401200
172,2025-05-16,21731.880859375,21854.5,21697.849609375,21843.689453125,3714600
173,2025-05-15,21776.650390625,21821.009765625,21674.3203125,21730.25,3543000
174,2025-05-14,21552.419921875,21782.869140625,21552.419921875,21782.869140625,3656500
175,2025-05-13,21474.01953125,21626.279296875,21330.140625,21330.140625,3601900
176,2025-05-12,20996.94921875,21176.130859375,20996.94921875,21129.5390625,2687300
177,2025-05-09,20690.80078125,20915.0390625,20643.560546875,20915.0390625,2744700
178,2025-05-08,20559.650390625,20747.279296875,20543.400390625,20543.400390625,2348100
179,2025-05-07,20575.150390625,20685.279296875,20418.029296875,20546.490234375,2681400
180,2025-05-06,20353.880859375,20623.849609375,20349.560546875,20522.58984375,3091500
181,2025-05-05,20839.0390625,20885.5390625,20320.80078125,20532.990234375,3929000
182,2025-05-02,20534.080078125,20787.640625,20534.080078125,20787.640625,2779300
183,2025-04-30,20215.390625,20331.890625,20185.310546875,20235.029296875,2806300
184,2025-04-29,20018.3203125,20232.630859375,20007.30078125,20232.630859375,2538500
185,2025-04-28,19972.0703125,20073.75,19972.0703125,20034.41015625,2131000
186,2025-04-25,19861.240234375,20012.26953125,19861.240234375,19872.73046875,2674500
187,2025-04-24,19752.58984375,19752.58984375,19433.369140625,19478.810546875,2418200
188,2025-04-23,19163.609375,19639.140625,19163.609375,19639.140625,2694600
189,2025-04-22,18990.859375,19059.650390625,18793.4296875,18793.4296875,2526000
190,2025-04-21,19321.140625,19359.9609375,19080.599609375,19106.19921875,2325500
191,2025-04-18,19423.98046875,19499.279296875,19376.349609375,19395.029296875,2123700
192,2025-04-17,19389.51953125,19478.0,19196.470703125,19338.73046875,2300500
193,2025-04-16,19737.08984375,19737.08984375,19453.140625,19468.0,2805300
194,2025-04-15,19609.900390625,19895.4296875,19576.150390625,19857.669921875,2866400
195,2025-04-14,19686.6796875,20023.630859375,19508.9296875,19513.08984375,4176300
196,2025-04-11,18772.5,19528.76953125,18418.19921875,19528.76953125,4766500
197,2025-04-10,18256.470703125,19024.470703125,18256.470703125,19000.029296875,2659600
198,2025-04-09,18337.439453125,18371.51953125,17306.970703125,17391.759765625,6177900
199,2025-04-08,19064.470703125,19064.470703125,18180.48046875,18459.94921875,5839900
200,2025-04-07,20153.5703125,20153.5703125,19212.01953125,19232.349609375,1558900
201,2025-04-02,21313.76953125,21390.51953125,21235.990234375,21298.220703125,2300200
202,2025-04-01,20884.529296875,21315.51953125,20884.529296875,21280.169921875,2753300
203,2025-03-31,21254.630859375,21254.630859375,20695.900390625,20695.900390625,4034100
204,2025-03-28,21836.16015625,21836.16015625,21525.05078125,21602.890625,3242700
205,2025-03-27,22093.19921875,22093.19921875,21919.400390625,21951.759765625,2674800
206,2025-03-26,22327.609375,22398.119140625,22235.890625,22260.2890625,2295800
207,2025-03-25,22269.369140625,22414.01953125,22228.6796875,22273.189453125,2553000
208,2025-03-24,22348.380859375,22380.73046875,22106.640625,22106.640625,2651400
209,2025-03-21,22362.380859375,22366.94921875,22200.23046875,22209.099609375,3597700
210,2025-03-20,22171.0,22377.259765625,22171.0,22377.259765625,2626000
211,2025-03-19,22245.419921875,22247.66015625,21942.689453125,21960.830078125,2916300
212,2025-03-18,22204.619140625,22327.099609375,22186.419921875,22271.669921875,2652000
213,2025-03-17,22137.529296875,22306.830078125,22110.080078125,22118.630859375,2961500
214,2025-03-14,21986.810546875,22074.029296875,21895.900390625,21968.05078125,3373300
215,2025-03-13,22403.33984375,22552.4296875,21961.6796875,21961.6796875,3666300
216,2025-03-12,22171.099609375,22391.470703125,22153.609375,22278.359375,3159800
217,2025-03-11,22126.060546875,22140.390625,21769.5703125,22071.08984375,3604700
218,2025-03-10,22548.98046875,22641.25,22407.5703125,22459.150390625,3078100
219,2025-03-07,22696.23046875,22747.109375,22542.080078125,22576.0703125,2987500
220,2025-03-06,22930.109375,22979.970703125,22715.4296875,22715.4296875,2851500
221,2025-03-05,22778.859375,22948.30078125,22757.220703125,22871.900390625,3075000
222,2025-03-04,22508.80078125,22700.939453125,22359.5,22596.880859375,3100900
223,2025-03-03,22734.05078125,22775.01953125,22611.099609375,22756.25,3324900
224,2025-02-27,23446.4609375,23487.73046875,23053.1796875,23053.1796875,5093000
225,2025-02-26,23221.83984375,23431.240234375,23156.01953125,23402.55078125,3362900
226,2025-02-25,23376.419921875,23376.419921875,23209.529296875,23285.720703125,3717900
227,2025-02-24,23573.80078125,23605.220703125,23461.4296875,23565.310546875,3211200
228,2025-02-21,23526.130859375,23732.580078125,23488.419921875,23730.25,3518400
229,2025-02-20,23530.970703125,23576.7109375,23400.75,23487.4609375,3563200
230,2025-02-19,23589.439453125,23683.4609375,23550.990234375,23604.080078125,3534600
231,2025-02-18,23550.5,23666.109375,23454.08984375,23666.109375,3038600
232,2025-02-17,23258.169921875,23510.6796875,23242.83984375,23505.330078125,3408200
233,2025-02-14,23198.390625,23276.240234375,23142.94921875,23152.609375,3818900
234,2025-02-13,23263.279296875,23413.099609375,23206.44921875,23399.41015625,3604700
235,2025-02-12,23449.310546875,23528.609375,23289.75,23289.75,3159400
236,2025-02-11,23321.919921875,23485.509765625,23289.759765625,23384.05078125,2956500
237,2025-02-10,23421.76953125,23448.16015625,23163.849609375,23252.140625,2706000
238,2025-02-07,23289.970703125,23478.26953125,23254.169921875,23478.26953125,2672200
239,2025-02-06,23226.5,23348.419921875,23216.650390625,23316.599609375,2400700
240,2025-02-05,22916.380859375,23249.330078125,22916.380859375,23161.580078125,2482200
241,2025-02-04,22836.26953125,22934.310546875,22720.619140625,22793.9609375,2990000
242,2025-02-03,22796.7109375,22796.7109375,22502.19921875,22694.7109375,3428900
243,2025-01-22,23472.669921875,23642.080078125,23472.669921875,23525.41015625,2695000
244,2025-01-21,23266.8203125,23377.640625,23174.01953125,23300.009765625,0
245,2025-01-20,23203.470703125,23346.640625,23176.4296875,23266.8203125,2168200
246,2025-01-17,23190.119140625,23209.880859375,22905.529296875,23148.080078125,2465000
247,2025-01-16,22817.51953125,23147.689453125,22817.51953125,23025.099609375,2497000
248,2025-01-15,22757.4609375,22777.33984375,22509.650390625,22514.5703125,2359800
249,2025-01-14,22573.9609375,22797.51953125,22542.9296875,22797.51953125,2319000
250,2025-01-13,23070.3203125,23070.3203125,22458.220703125,22488.330078125,3544500
251,2025-01-10,23067.4609375,23202.25,22989.669921875,23011.859375,2979400
252,2025-01-09,23406.720703125,23463.9609375,23081.130859375,23081.130859375,3399500
253,2025-01-08,23522.2890625,23671.279296875,23388.630859375,23407.330078125,2606700
254,2025-01-07,23824.720703125,23943.94921875,23651.26953125,23651.26953125,3207900
255,2025-01-06,23131.7890625,23553.2890625,23131.7890625,23547.7109375,2957500
256,2025-01-03,23018.560546875,23092.0703125,22905.400390625,22908.30078125,2828200
257,2025-01-02,22975.7109375,23038.080078125,22713.630859375,22832.060546875,3148600
258,2024-12-31,23094.0703125,23123.9609375,22972.990234375,23035.099609375,2572400
259,2024-12-30,23274.259765625,23331.669921875,23159.69921875,23190.19921875,2483600
260,2024-12-27,23251.279296875,23335.66015625,23204.349609375,23275.6796875,2416800
261,2024-12-26,23276.080078125,23320.619140625,23241.939453125,23246.939453125,2941300
262,2024-12-25,23226.349609375,23296.359375,23159.359375,23220.130859375,3073700
263,2024-12-24,23260.740234375,23326.25,23120.240234375,23120.240234375,3344300
264,2024-12-23,22811.560546875,23132.25,22811.560546875,23104.5390625,3504100
265,2024-12-20,22798.390625,22845.58984375,22510.25,22510.25,4683900
266,2024-12-19,22947.560546875,22947.560546875,22743.30078125,22932.25,3445900
267,2024-12-18,23014.4296875,23211.169921875,22934.58984375,23168.669921875,3298300
268,2024-12-17,23131.5703125,23223.509765625,23018.009765625,23018.009765625,3429100
269,2024-12-16,23207.2109375,23264.400390625,22959.91015625,23039.900390625,3188400
270,2024-12-13,23002.369140625,23097.51953125,22920.83984375,23020.48046875,3046000
271,2024-12-12,23050.640625,23189.2890625,23030.48046875,23046.80078125,3059200
272,2024-12-11,23108.359375,23108.359375,22880.5703125,22903.630859375,2760300
273,2024-12-10,23228.259765625,23329.009765625,23071.4296875,23125.080078125,2908900
274,2024-12-09,23287.7890625,23325.990234375,23172.220703125,23273.25,3209600
275,2024-12-06,23278.6796875,23361.119140625,23137.619140625,23193.26953125,2954100
276,2024-12-05,23308.2890625,23387.169921875,23225.310546875,23267.939453125,2847600
277,2024-12-04,23126.080078125,23255.330078125,23034.69921875,23255.330078125,2836900
278,2024-12-03,22972.30078125,23144.779296875,22972.30078125,23027.4609375,3099500
279,2024-12-02,22456.5,22802.529296875,22456.5,22736.9296875,2812700
280,2024-11-29,22202.279296875,22429.859375,22055.380859375,22262.5,2801000
281,2024-11-28,22380.44921875,22413.25,22124.310546875,22298.900390625,3123400
282,2024-11-27,22665.580078125,22743.990234375,22334.779296875,22334.779296875,3577000
283,2024-11-26,22789.599609375,22832.109375,22645.130859375,22678.759765625,2985600
284,2024-11-25,22996.05078125,23172.4296875,22948.369140625,22948.369140625,5048900
285,2024-11-22,22799.529296875,23019.0390625,22799.529296875,22904.3203125,3505100
286,2024-11-21,22671.66015625,22708.5703125,22490.279296875,22555.66015625,3395800
287,2024-11-20,22872.91015625,22977.560546875,22622.470703125,22688.359375,3757700
288,2024-11-19,22614.740234375,22906.689453125,22578.75,22848.80078125,3689400
289,2024-11-18,22693.9609375,22781.76953125,22503.689453125,22546.5390625,3431100
290,2024-11-15,22767.109375,22940.80078125,22690.76953125,22742.76953125,3823100
291,2024-11-14,22821.0390625,22893.8203125,22619.7109375,22715.380859375,3593400
292,2024-11-13,22894.91015625,23046.470703125,22860.23046875,22860.23046875,3491500
293,2024-11-12,23276.759765625,23276.759765625,22981.76953125,22981.76953125,3983600
294,2024-11-11,23477.75,23563.80078125,23306.66015625,23529.640625,3158800
295,2024-11-08,23608.109375,23699.69921875,23509.130859375,23553.890625,3635500
296,2024-11-07,23180.009765625,23518.630859375,23132.939453125,23408.8203125,3751300
297,2024-11-06,23112.94921875,23439.390625,23035.30078125,23217.380859375,3163400
298,2024-11-05,22870.109375,23178.80078125,22849.830078125,23106.7890625,2872200
299,2024-11-04,22839.1796875,23020.990234375,22792.76953125,22965.390625,2715900
300,2024-11-01,22438.9296875,22828.98046875,22231.939453125,22780.080078125,3569900
301,2024-10-30,22985.130859375,23116.330078125,22801.44921875,22820.4296875,2981400
302,2024-10-29,23048.44921875,23056.5703125,22711.099609375,22926.58984375,2933400
303,2024-10-28,23455.689453125,23547.119140625,23164.419921875,23198.0703125,2880000
304,2024-10-25,23255.0703125,23388.529296875,23222.76953125,23348.44921875,2744200
305,2024-10-24,23446.640625,23446.640625,23150.76953125,23192.51953125,3322300
306,2024-10-23,23402.240234375,23486.44921875,23318.83984375,23334.759765625,3039000
307,2024-10-22,23428.109375,23535.4296875,23269.859375,23535.4296875,3046700
308,2024-10-21,23602.98046875,23678.509765625,23480.060546875,23542.529296875,3005000
309,2024-10-18,23620.5703125,23713.69921875,23378.359375,23487.26953125,3775600
310,2024-10-17,23114.2109375,23191.7890625,22950.69921875,23053.83984375,3263300
311,2024-10-16,22990.640625,23258.51953125,22866.73046875,23010.98046875,3698000
312,2024-10-15,23083.69921875,23353.91015625,23082.060546875,23292.0390625,3579700
313,2024-10-14,22947.3203125,23015.55078125,22799.140625,22975.2890625,2706500
314,2024-10-11,22726.189453125,23011.109375,22726.189453125,22901.640625,3012500
315,2024-10-09,22637.169921875,22885.94921875,22637.169921875,22659.080078125,3670800
316,2024-10-08,22691.3203125,22691.3203125,22418.380859375,22611.390625,3557200
317,2024-10-07,22479.240234375,22719.0703125,22479.240234375,22702.560546875,3508600
318,2024-10-04,22459.099609375,22493.05078125,22193.5,22302.7109375,3632200
319,2024-10-01,22329.650390625,22446.859375,22311.330078125,22390.390625,2789600
320,2024-09-30,22643.91015625,22691.23046875,22224.5390625,22224.5390625,3569300
321,2024-09-27,22978.970703125,23079.2109375,22806.830078125,22822.7890625,4104100
322,2024-09-26,22841.419921875,22961.76953125,22769.240234375,22858.810546875,3923400
323,2024-09-25,22569.2890625,22785.3203125,22569.2890625,22761.599609375,4014100
324,2024-09-24,22273.7890625,22431.779296875,22154.55078125,22431.779296875,3517800
325,2024-09-23,22170.939453125,22307.4609375,22170.939453125,22285.529296875,3582300
326,2024-09-20,22246.240234375,22354.5390625,22136.529296875,22159.419921875,5085000
327,2024-09-19,21675.400390625,22042.689453125,21656.66015625,22042.689453125,3393700
328,2024-09-18,21813.5390625,21859.16015625,21584.630859375,21678.83984375,3989100
329,2024-09-16,21800.0,21854.740234375,21736.69921875,21850.080078125,2823700
330,2024-09-13,21754.359375,21796.390625,21643.220703125,21759.650390625,2514700
331,2024-09-12,21373.640625,21706.849609375,21373.640625,21653.25,3050300
332,2024-09-11,21089.1796875,21134.05078125,21031.0,21031.0,2863800
333,2024-09-10,21252.5703125,21324.4296875,20977.0,21064.080078125,3118200
334,2024-09-09,21127.810546875,21163.91015625,20922.509765625,21144.439453125,2944600
335,2024-09-06,21255.44921875,21461.7109375,21125.140625,21435.189453125,2587200
336,2024-09-05,21271.08984375,21488.810546875,21150.990234375,21187.7109375,3353700
337,2024-09-04,21574.650390625,21574.650390625,20922.169921875,21092.75,4571100
338,2024-09-03,22240.109375,22303.5,22092.2109375,22092.2109375,2936800
339,2024-09-02,22341.900390625,22439.310546875,22178.0390625,22235.099609375,2928000
340,2024-08-30,22230.0703125,22342.25,22230.0703125,22268.08984375,4245800
341,2024-08-29,22136.310546875,22273.619140625,22010.890625,22201.849609375,3416000
342,2024-08-28,22210.5703125,22370.66015625,22108.859375,22370.66015625,3293800
343,2024-08-27,22179.2109375,22205.109375,22059.509765625,22185.0,3660500
344,2024-08-26,22250.490234375,22449.44921875,22164.529296875,22240.119140625,4880500
345,2024-08-23,22042.58984375,22159.26953125,21935.98046875,22158.05078125,4275900
346,2024-08-22,22254.58984375,22315.919921875,22096.259765625,22148.830078125,3019700
347,2024-08-21,22316.779296875,22358.880859375,22165.8203125,22237.890625,4134900
348,2024-08-20,22464.0703125,22545.890625,22369.25,22429.099609375,3871600
349,2024-08-19,22338.830078125,22485.91015625,22307.169921875,22409.630859375,3122100
350,2024-08-16,22114.720703125,22374.939453125,22114.720703125,22349.330078125,3855200
351,2024-08-15,22005.689453125,22089.0390625,21895.169921875,21895.169921875,3151800
352,2024-08-14,21952.029296875,22155.2890625,21942.220703125,22027.25,3955900
353,2024-08-13,21816.0703125,21866.630859375,21698.470703125,21796.5703125,3389300
354,2024-08-12,21598.9296875,21897.98046875,21598.9296875,21773.259765625,3821500
355,2024-08-09,21212.0,21613.759765625,21212.0,21469.0,4426600
356,2024-08-08,21047.16015625,21074.189453125,20723.259765625,20870.099609375,3746500
357,2024-08-07,20638.279296875,21306.23046875,20638.279296875,21295.279296875,3982300
358,2024-08-06,20344.390625,20751.5,19662.740234375,20501.01953125,6051700
359,2024-08-05,20982.919921875,20982.919921875,19783.5,19830.880859375,6413800
360,2024-08-02,22141.19921875,22141.19921875,21636.220703125,21638.08984375,4570100
361,2024-08-01,22546.400390625,22652.2109375,22465.060546875,22642.099609375,4149100
362,2024-07-31,22088.779296875,22315.310546875,22046.2890625,22199.349609375,3673200
363,2024-07-30,22040.0390625,22276.390625,21833.849609375,22223.5703125,3659100
364,2024-07-29,22321.369140625,22471.400390625,22128.140625,22164.490234375,3920300
365,2024-07-26,22206.9296875,22206.9296875,21889.609375,22119.2109375,4132300
366,2024-07-23,22514.75,22871.83984375,22514.75,22871.83984375,3915800
367,2024-07-22,22818.859375,22818.859375,22130.880859375,22256.990234375,5194300
368,2024-07-19,23228.0390625,23235.8203125,22865.83984375,22869.259765625,5435600
369,2024-07-18,23373.009765625,23450.91015625,23148.740234375,23398.470703125,5618700
370,2024-07-17,23827.26953125,23993.6796875,23650.939453125,23769.8203125,6025100
371,2024-07-16,23880.330078125,24174.1796875,23861.76953125,23997.25,4762100
372,2024-07-15,23927.91015625,24018.310546875,23759.509765625,23879.359375,5209800
373,2024-07-12,23955.669921875,24045.73046875,23774.220703125,23916.9296875,6056600
374,2024-07-11,24242.029296875,24416.669921875,24151.80078125,24390.029296875,5761800
375,2024-07-10,23744.880859375,24040.609375,23682.490234375,24007.080078125,5510500
376,2024-07-09,23888.19921875,24126.66015625,23607.919921875,23900.080078125,6353500
377,2024-07-08,23550.640625,24011.640625,23505.859375,23878.150390625,5644800
378,2024-07-05,23532.009765625,23628.859375,23491.7890625,23556.58984375,5319900
379,2024-07-04,23360.880859375,23571.8203125,23360.880859375,23522.529296875,5361000
380,2024-07-03,23009.8203125,23172.4296875,22994.279296875,23172.4296875,5720700
381,2024-07-02,23012.740234375,23041.900390625,22833.779296875,22879.369140625,5034500
382,2024-07-01,23042.69921875,23187.880859375,23015.169921875,23058.5703125,4294900
383,2024-06-28,22896.720703125,23142.400390625,22896.720703125,23032.25,4348300
384,2024-06-27,22859.9296875,22922.560546875,22765.16015625,22905.98046875,4535700
385,2024-06-26,22938.5703125,23074.740234375,22893.75,22986.689453125,4289300
386,2024-06-25,22695.150390625,22875.970703125,22503.0,22875.970703125,4386700
387,2024-06-24,23124.310546875,23131.6796875,22813.69921875,22813.69921875,5094100
388,2024-06-21,23193.900390625,23351.169921875,23151.150390625,23253.390625,6457400
389,2024-06-20,23196.689453125,23406.099609375,23180.69921875,23406.099609375,4446000
390,2024-06-19,22858.44921875,23275.30078125,22858.44921875,23209.5390625,5033100
391,2024-06-18,22690.33984375,22787.669921875,22642.939453125,22757.4296875,4284500
392,2024-06-17,22468.109375,22567.33984375,22431.259765625,22496.529296875,4253400
393,2024-06-14,22311.9296875,22504.720703125,22252.01953125,22504.720703125,4357100
394,2024-06-13,22217.640625,22440.099609375,22211.080078125,22312.0390625,4207100
395,2024-06-12,21841.810546875,22094.939453125,21841.810546875,22048.9609375,4372000
396,2024-06-11,21984.419921875,22003.7109375,21792.119140625,21792.119140625,5291900
397,2024-06-07,21823.619140625,21920.849609375,21823.619140625,21858.380859375,4981400
398,2024-06-06,21856.130859375,21970.630859375,21847.6796875,21902.69921875,4777500
399,2024-06-05,21385.0,21510.859375,21264.630859375,21484.880859375,4124900
400,2024-06-04,21513.849609375,21529.98046875,21308.970703125,21356.619140625,4858900
401,2024-06-03,21388.7109375,21612.5390625,21372.080078125,21536.759765625,4756500
402,2024-05-31,21400.830078125,21539.029296875,21174.220703125,21174.220703125,7171300
403,2024-05-30,21481.390625,21558.359375,21364.240234375,21364.48046875,4495700
404,2024-05-29,21846.41015625,21906.099609375,21662.5,21662.5,5223800
405,2024-05-28,21812.19921875,21937.400390625,21812.19921875,21858.41015625,4906000
406,2024-05-27,21699.98046875,21871.33984375,21699.98046875,21803.76953125,4877400
407,2024-05-24,21442.669921875,21608.720703125,21381.25,21565.33984375,4233200
408,2024-05-23,21668.83984375,21668.83984375,21475.990234375,21607.4296875,5498400
409,2024-05-22,21248.990234375,21567.48046875,21248.990234375,21551.830078125,5382400
410,2024-05-21,21239.259765625,21307.080078125,21131.619140625,21236.75,4601200
411,2024-05-20,21278.380859375,21338.349609375,21102.1796875,21271.630859375,5277600
412,2024-05-17,21346.75,21346.75,21218.33984375,21258.470703125,5081300
413,2024-05-16,21319.01953125,21515.51953125,21249.880859375,21304.259765625,5601100
414,2024-05-15,20984.69921875,21308.3203125,20984.69921875,21147.2109375,5100000
415,2024-05-14,20835.94921875,20994.529296875,20816.76953125,20985.849609375,5002300
416,2024-05-13,20905.16015625,20933.279296875,20816.419921875,20857.7109375,4809000
417,2024-05-10,20582.119140625,20765.8203125,20574.009765625,20708.83984375,5206400
418,2024-05-09,20710.05078125,20754.609375,20560.76953125,20560.76953125,4326400
419,2024-05-08,20604.1796875,20700.509765625,20547.48046875,20700.509765625,4479700
420,2024-05-07,20634.619140625,20689.189453125,20493.80078125,20653.529296875,4547600
421,2024-05-06,20479.80078125,20639.900390625,20479.80078125,20523.310546875,4590100
422,2024-05-03,20381.98046875,20521.490234375,20272.33984375,20330.3203125,4752500
423,2024-05-02,20360.669921875,20360.669921875,20222.439453125,20222.439453125,4720400
424,2024-04-30,20508.48046875,20559.970703125,20396.599609375,20396.599609375,4326200
425,2024-04-29,20235.9296875,20495.51953125,20235.9296875,20495.51953125,5508500
426,2024-04-26,20094.169921875,20226.2890625,20087.609375,20120.509765625,4713100
427,2024-04-25,20003.0,20003.0,19848.5703125,19857.419921875,3809400
428,2024-04-24,19770.4609375,20165.76953125,19770.4609375,20131.740234375,4696300
429,2024-04-23,19564.380859375,19709.0,19509.740234375,19599.279296875,4097700
430,2024-04-22,19466.439453125,19695.490234375,19395.310546875,19411.220703125,5729000
431,2024-04-19,19992.060546875,19992.060546875,19291.880859375,19527.119140625,7130900
432,2024-04-18,20126.5703125,20363.08984375,20057.810546875,20301.19921875,4862300
433,2024-04-17,19986.619140625,20264.990234375,19986.619140625,20213.330078125,3987800
434,2024-04-16,20365.109375,20365.109375,19844.5390625,19901.9609375,5377200
435,2024-04-15,20586.529296875,20623.76953125,20449.76953125,20449.76953125,4754200
436,2024-04-12,20772.7890625,20825.0390625,20713.869140625,20736.5703125,4725000
437,2024-04-11,20713.25,20770.830078125,20651.880859375,20753.220703125,4546200
438,2024-04-10,20789.419921875,20883.689453125,20763.529296875,20763.529296875,4529300
439,2024-04-09,20521.560546875,20820.810546875,20521.560546875,20796.19921875,4638900
440,2024-04-08,20395.05078125,20487.830078125,20379.830078125,20417.69921875,3597800
441,2024-04-03,20388.83984375,20403.73046875,20269.66015625,20337.599609375,3449300
442,2024-04-02,20359.810546875,20466.5703125,20359.810546875,20466.5703125,3410300
443,2024-04-01,20319.73046875,20387.23046875,20217.580078125,20222.330078125,3144500
444,2024-03-29,20156.33984375,20335.919921875,20156.33984375,20294.44921875,4231500
445,2024-03-28,20213.33984375,20222.19921875,20065.9296875,20146.55078125,4294000
446,2024-03-27,20158.0703125,20255.099609375,20108.9609375,20200.119140625,3865800
447,2024-03-26,20208.880859375,20397.0703125,19977.400390625,20126.490234375,4582900
448,2024-03-25,20228.640625,20285.380859375,20172.80078125,20192.25,3611700
449,2024-03-22,20232.060546875,20296.099609375,20084.310546875,20228.4296875,4690300
450,2024-03-21,19843.80078125,20199.30078125,19843.80078125,20199.08984375,4424400
451,2024-03-20,19879.25,19994.419921875,19728.4296875,19784.44921875,4499200
452,2024-03-19,19798.119140625,19921.25,19762.16015625,19857.19921875,4061600
453,2024-03-18,19706.109375,19879.859375,19706.109375,19879.849609375,3761200
454,2024-03-15,19845.44921875,19888.130859375,19682.5,19682.5,5186200
455,2024-03-14,19920.630859375,19995.509765625,19775.5,19937.919921875,4476200
456,2024-03-13,20024.830078125,20112.810546875,19866.73046875,19928.509765625,4854900
457,2024-03-12,19672.759765625,19917.060546875,19664.7109375,19914.55078125,4044500
458,2024-03-11,19671.900390625,19828.69921875,19649.669921875,19726.080078125,3536700
459,2024-03-08,19966.490234375,20065.5,19638.130859375,19785.3203125,4903500
460,2024-03-07,19678.359375,19794.5703125,19630.7890625,19693.51953125,4581400
461,2024-03-06,19283.609375,19532.30078125,19246.30078125,19499.44921875,3886200
462,2024-03-05,19398.970703125,19453.849609375,19332.73046875,19386.919921875,3826500
463,2024-03-04,18952.689453125,19333.390625,18952.689453125,19305.310546875,4014800
464,2024-03-01,19021.349609375,19041.919921875,18923.4609375,18935.9296875,3350500
465,2024-02-29,18796.5390625,19019.689453125,18794.619140625,18966.76953125,3892000
466,2024-02-27,18964.490234375,19023.009765625,18752.529296875,18854.41015625,3784600
467,2024-02-26,18899.390625,18974.080078125,18854.7109375,18948.05078125,3220600
468,2024-02-23,18950.0703125,19012.380859375,18889.189453125,18889.189453125,3696800
469,2024-02-22,18826.849609375,18881.76953125,18758.150390625,18852.779296875,3580200
470,2024-02-21,18673.490234375,18729.029296875,18645.26953125,18676.310546875,3295300
471,2024-02-20,18610.2109375,18756.330078125,18610.2109375,18753.16015625,3375300
472,2024-02-19,18561.0390625,18663.740234375,18561.0390625,18635.80078125,3839600
473,2024-02-16,18639.66015625,18715.689453125,18585.140625,18607.25,3658600
474,2024-02-15,18664.44921875,18725.470703125,18550.859375,18644.5703125,3727500
475,2024-02-05,18047.400390625,18115.80078125,17992.169921875,18096.0703125,2575800
476,2024-02-02,18016.349609375,18059.9296875,17985.890625,18059.9296875,2697800
477,2024-02-01,17871.26953125,17968.109375,17832.94921875,17968.109375,2620500
478,2024-01-31,17970.41015625,17996.330078125,17874.94921875,17889.560546875,2303000
479,2024-01-30,18083.44921875,18138.740234375,18034.630859375,18034.630859375,2422700
480,2024-01-29,18001.240234375,18119.630859375,17995.109375,18119.630859375,2167700
481,2024-01-26,17985.439453125,18029.849609375,17943.650390625,17995.029296875,2484900
482,2024-01-25,17894.830078125,18014.259765625,17894.830078125,18002.619140625,2496500
483,2024-01-24,17883.619140625,17944.98046875,17856.33984375,17875.830078125,2687500
484,2024-01-23,17840.279296875,17893.73046875,17801.890625,17874.58984375,3182700
485,2024-01-22,17770.779296875,17869.0703125,17765.130859375,17815.099609375,3480100
486,2024-01-19,17546.509765625,17682.970703125,17499.849609375,17681.51953125,3364900
487,2024-01-18,17169.099609375,17300.2890625,17169.099609375,17227.7890625,3027100
488,2024-01-17,17341.580078125,17361.05078125,17151.580078125,17161.7890625,3977500
489,2024-01-16,17523.779296875,17523.779296875,17337.580078125,17346.869140625,3415100
490,2024-01-15,17541.259765625,17632.76953125,17532.98046875,17546.8203125,0
491,2024-01-12,17536.05078125,17570.630859375,17469.869140625,17512.830078125,2596200
492,2024-01-11,17477.880859375,17574.919921875,17476.869140625,17545.3203125,2880100
493,2024-01-10,17495.669921875,17499.4296875,17439.26953125,17465.630859375,2843300
494,2024-01-09,17585.400390625,17694.259765625,17517.55078125,17535.490234375,3213400
495,2024-01-08,17534.51953125,17688.109375,17534.51953125,17572.66015625,3044600
496,2024-01-05,17559.400390625,17606.7890625,17495.390625,17519.140625,3084900
497,2024-01-04,17574.390625,17609.890625,17515.73046875,17549.650390625,3096700
498,2024-01-03,17829.279296875,17829.279296875,17518.189453125,17559.310546875,3095000
499,2024-01-02,17939.7890625,17956.740234375,17784.970703125,17853.759765625,3254000
500,2023-12-29,17893.630859375,17945.69921875,17864.23046875,17930.810546875,2868000
501,2023-12-28,17900.759765625,17928.140625,17841.759765625,17910.369140625,3289700
502,2023-12-27,17766.73046875,17897.16015625,17766.73046875,17891.5,3378000
503,2023-12-26,17619.08984375,17751.73046875,17619.08984375,17751.73046875,2900000
504,2023-12-25,17596.26953125,17663.349609375,17595.26953125,17604.83984375,3027400
505,2023-12-22,17586.16015625,17618.169921875,17567.55078125,17596.630859375,3700300
506,2023-12-21,17531.44921875,17552.900390625,17442.759765625,17543.740234375,4021800
507,2023-12-20,17608.349609375,17657.650390625,17597.48046875,17635.19921875,4182900
508,2023-12-19,17669.83984375,17669.83984375,17497.3203125,17576.55078125,3914800
509,2023-12-18,17637.859375,17665.91015625,17586.880859375,17652.029296875,3975400
510,2023-12-15,17693.330078125,17743.5390625,17642.7890625,17673.869140625,5019300
511,2023-12-14,17482.380859375,17668.349609375,17482.380859375,17653.109375,4072600
512,2023-12-13,17447.509765625,17507.919921875,17438.689453125,17468.9296875,3410000
513,2023-12-12,17429.609375,17528.720703125,17404.880859375,17450.630859375,3356500
514,2023-12-11,17416.9609375,17451.8203125,17372.8203125,17418.33984375,3003300
515,2023-12-08,17309.359375,17465.349609375,17309.359375,17383.990234375,3155300
516,2023-12-07,17356.919921875,17387.939453125,17273.7109375,17278.740234375,3368200
517,2023-12-06,17340.8203125,17439.849609375,17337.470703125,17360.720703125,3307100
518,2023-12-05,17401.58984375,17401.58984375,17252.5703125,17328.009765625,3623500
519,2023-12-04,17450.640625,17516.609375,17398.099609375,17421.48046875,3929200
520,2023-12-01,17422.349609375,17450.130859375,17355.890625,17438.349609375,3399000
521,2023-11-30,17389.19921875,17433.849609375,17313.30078125,17433.849609375,4478400
522,2023-11-29,17352.109375,17441.7890625,17323.26953125,17370.560546875,3414100
523,2023-11-28,17150.30078125,17360.380859375,17145.19921875,17341.25,3435400
524,2023-11-27,17291.23046875,17351.9296875,17133.759765625,17137.419921875,3164500
525,2023-11-24,17304.650390625,17336.130859375,17268.380859375,17287.419921875,3037300
526,2023-11-23,17291.330078125,17343.609375,17228.44921875,17294.55078125,3179200
527,2023-11-22,17325.599609375,17344.529296875,17264.94921875,17310.259765625,3167500
528,2023-11-21,17239.939453125,17421.169921875,17239.939453125,17416.69921875,3727100
529,2023-11-20,17197.8203125,17219.759765625,17151.8203125,17210.470703125,3044800
530,2023-11-17,17155.859375,17253.470703125,17147.560546875,17208.94921875,3186300
531,2023-11-16,17136.51953125,17194.3203125,17089.400390625,17171.1796875,3308400
532,2023-11-15,17039.619140625,17143.880859375,17034.94921875,17128.779296875,3950300
533,2023-11-14,16884.51953125,16946.380859375,16884.51953125,16915.7109375,2619800
534,2023-11-13,16711.529296875,16961.01953125,16711.529296875,16839.2890625,2512400
535,2023-11-10,16725.939453125,16725.939453125,16651.23046875,16682.669921875,2157500
536,2023-11-09,16741.16015625,16759.4296875,16680.91015625,16745.650390625,2433800
537,2023-11-08,16691.3203125,16775.23046875,16665.400390625,16740.830078125,2664300
538,2023-11-07,16650.140625,16684.94921875,16608.099609375,16684.94921875,2180100
539,2023-11-06,16572.560546875,16720.560546875,16572.560546875,16649.359375,2709700
540,2023-11-03,16412.5390625,16520.099609375,16412.5390625,16507.650390625,2809400
541,2023-11-02,16094.259765625,16396.94921875,16094.259765625,16396.94921875,2464200
542,2023-11-01,16027.7197265625,16099.0302734375,15978.259765625,16038.5595703125,2183800
543,2023-10-31,16176.580078125,16215.349609375,15975.91015625,16001.26953125,2703600
544,2023-10-30,16142.0595703125,16203.330078125,16101.240234375,16149.6796875,2250800
545,2023-10-27,16112.75,16200.2998046875,16112.75,16134.6103515625,2142800
546,2023-10-26,16305.16015625,16305.16015625,16073.740234375,16073.740234375,2572100
547,2023-10-25,16320.7099609375,16459.33984375,16320.7099609375,16358.8896484375,2667800
548,2023-10-24,16257.7998046875,16318.76953125,16163.0,16309.759765625,2642000
549,2023-10-23,16391.41015625,16391.41015625,16245.83984375,16251.3603515625,2273100
550,2023-10-20,16434.4296875,16462.560546875,16271.8203125,16440.720703125,3035200
551,2023-10-19,16416.5390625,16479.349609375,16382.400390625,16452.73046875,2608200
552,2023-10-18,16608.01953125,16612.25,16398.759765625,16440.91015625,3844900
553,2023-10-17,16678.279296875,16770.640625,16618.30078125,16642.55078125,2965400
554,2023-10-16,16712.9296875,16712.9296875,16614.099609375,16652.240234375,2843500
555,2023-10-13,16815.91015625,16815.91015625,16726.4296875,16782.5703125,2955800
556,2023-10-12,16698.849609375,16825.91015625,16684.4296875,16825.91015625,2917100
557,2023-10-11,16567.4296875,16729.5,16567.4296875,16672.029296875,3635100
558,2023-10-06,16482.9296875,16539.130859375,16482.9296875,16520.5703125,2296800
559,2023-10-05,16313.8896484375,16477.609375,16313.8896484375,16453.51953125,2503200
560,2023-10-04,16419.48046875,16419.48046875,16203.33984375,16273.3798828125,2624800
561,2023-10-03,16520.240234375,16571.66015625,16453.80078125,16454.33984375,2697100
562,2023-10-02,16382.9599609375,16575.310546875,16382.9599609375,16557.310546875,2669600
563,2023-09-28,16330.7099609375,16411.279296875,16311.41015625,16353.740234375,2477900
564,2023-09-27,16273.83984375,16324.2197265625,16212.8603515625,16310.3603515625,2187900
565,2023-09-26,16440.259765625,16440.259765625,16276.0703125,16276.0703125,2412200
566,2023-09-25,16345.7802734375,16498.380859375,16345.7802734375,16452.23046875,2049400
567,2023-09-22,16267.3203125,16360.9599609375,16202.4296875,16344.48046875,2268200
568,2023-09-21,16475.419921875,16475.419921875,16300.5400390625,16316.669921875,2823600
569,2023-09-20,16626.609375,16665.26953125,16522.380859375,16534.75,2959400
570,2023-09-19,16706.48046875,16762.51953125,16636.3203125,16636.3203125,2872700
571,2023-09-18,16893.970703125,16893.970703125,16698.240234375,16698.240234375,2642300
572,2023-09-15,16809.740234375,16920.919921875,16787.740234375,16920.919921875,4307600
573,2023-09-14,16581.619140625,16807.560546875,16581.619140625,16807.560546875,3031000
574,2023-09-13,16578.130859375,16653.30078125,16542.720703125,16581.509765625,2656800
575,2023-09-12,16433.8203125,16579.859375,16422.91015625,16572.7109375,2744800
576,2023-09-11,16579.830078125,16600.029296875,16398.30078125,16432.94921875,3098400
577,2023-09-08,16609.9296875,16609.9296875,16505.640625,16576.01953125,2492600
578,2023-09-07,16715.44921875,16715.44921875,16609.939453125,16619.140625,2727400
579,2023-09-06,16796.369140625,16841.189453125,16732.689453125,16738.16015625,3123200
580,2023-09-05,16784.119140625,16791.609375,16727.439453125,16791.609375,2626500
581,2023-09-04,16649.669921875,16789.689453125,16648.509765625,16789.689453125,2734900
582,2023-09-01,16640.919921875,16730.130859375,16619.23046875,16644.939453125,3194100
583,2023-08-31,16707.349609375,16712.220703125,16630.669921875,16634.509765625,3812000
584,2023-08-30,16666.330078125,16780.419921875,16666.330078125,16719.8203125,2979300
585,2023-08-29,16528.490234375,16627.69921875,16495.759765625,16623.650390625,2649500
586,2023-08-28,16498.859375,16582.9609375,16498.859375,16509.259765625,3052400
587,2023-08-25,16708.529296875,16708.529296875,16481.580078125,16481.580078125,3217200
588,2023-08-24,16651.029296875,16822.359375,16651.029296875,16770.869140625,3988000
589,2023-08-23,16440.390625,16588.509765625,16440.390625,16576.900390625,3025900
590,2023-08-22,16429.689453125,16535.0703125,16407.830078125,16437.609375,2929100
591,2023-08-21,16414.140625,16485.25,16347.76953125,16381.490234375,2647300
592,2023-08-18,16508.4609375,16583.94921875,16344.2900390625,16381.3095703125,3834000
593,2023-08-17,16411.630859375,16550.109375,16264.650390625,16516.66015625,3718500
594,2023-08-16,16422.19921875,16446.779296875,16304.4404296875,16446.779296875,3521200
595,2023-08-15,16438.630859375,16546.009765625,16437.630859375,16454.80078125,3164800
596,2023-08-14,16585.41015625,16585.41015625,16307.2802734375,16393.66015625,3754700
597,2023-08-11,16644.650390625,16766.83984375,16601.25,16601.25,3143400
598,2023-08-10,16827.109375,16827.109375,16601.169921875,16634.69921875,3822300
599,2023-08-09,16836.640625,16956.73046875,16798.5,16870.939453125,3230500
600,2023-08-08,17006.4609375,17043.560546875,16812.58984375,16877.0703125,3689000
601,2023-08-07,16870.810546875,17032.3203125,16868.740234375,16996.0,3358800
602,2023-08-04,16847.240234375,16887.380859375,16748.509765625,16843.6796875,3836700
603,2023-08-02,17207.220703125,17212.55078125,16844.5703125,16893.73046875,4905400
604,2023-08-01,17141.970703125,17252.3203125,17095.859375,17212.869140625,3848500
605,2023-07-31,17341.0390625,17463.759765625,17081.48046875,17145.4296875,5016000
606,2023-07-28,17244.509765625,17328.2109375,17179.939453125,17292.9296875,4184900
607,2023-07-27,17189.30078125,17282.859375,17189.30078125,17241.8203125,4509600
608,2023-07-26,17205.470703125,17247.01953125,17121.990234375,17162.55078125,4140400
609,2023-07-25,17061.880859375,17270.19921875,17061.880859375,17198.890625,3822600
610,2023-07-24,17036.7890625,17098.73046875,16941.150390625,17033.609375,4044800
611,2023-07-21,17106.2890625,17106.2890625,16859.130859375,17030.69921875,4256500
612,2023-07-20,17104.91015625,17214.41015625,17098.650390625,17164.890625,3659100
613,2023-07-19,17265.380859375,17340.8203125,17082.5390625,17116.439453125,4897100
614,2023-07-18,17368.359375,17401.58984375,17164.919921875,17227.91015625,6165200
615,2023-07-17,17279.109375,17346.66015625,17235.919921875,17334.2890625,4827400
616,2023-07-14,17152.810546875,17287.400390625,17128.0703125,17283.7109375,4457500
617,2023-07-13,16994.58984375,17223.859375,16994.58984375,17061.400390625,4859500
618,2023-07-12,16903.25,16962.029296875,16864.009765625,16962.029296875,4067700
619,2023-07-11,16675.689453125,16898.91015625,16675.689453125,16898.91015625,3940800
620,2023-07-10,16664.2109375,16798.810546875,16635.830078125,16652.80078125,3379500
621,2023-07-07,16762.169921875,16762.390625,16593.83984375,16664.2109375,3783700
622,2023-07-06,17056.4296875,17056.4296875,16749.2890625,16762.169921875,4369600
623,2023-07-05,17140.76953125,17153.169921875,17020.009765625,17056.4296875,4153400
624,2023-07-04,17084.19921875,17154.099609375,17042.599609375,17140.76953125,4436200
625,2023-07-03,16915.5390625,17103.73046875,16915.5390625,17084.19921875,3930600
626,2023-06-30,16870.26953125,16919.94921875,16792.33984375,16915.5390625,3542500
627,2023-06-29,16930.41015625,17077.439453125,16911.380859375,16942.30078125,3357100
628,2023-06-28,16906.23046875,17011.119140625,16903.7109375,16935.630859375,3256100
629,2023-06-27,17022.150390625,17035.490234375,16887.900390625,16887.900390625,4028700
630,2023-06-26,17182.48046875,17182.48046875,17011.279296875,17059.240234375,3970000
631,2023-06-21,17186.720703125,17246.76953125,17131.44921875,17202.400390625,4354900
632,2023-06-20,17233.80078125,17247.16015625,17121.58984375,17184.91015625,4185300
633,2023-06-19,17274.0703125,17306.810546875,17210.869140625,17274.560546875,4654400
634,2023-06-16,17342.859375,17342.859375,17250.7890625,17288.91015625,6203100
635,2023-06-15,17259.369140625,17346.3203125,17259.369140625,17334.98046875,4893200
636,2023-06-14,17190.69921875,17259.23046875,17182.1796875,17238.140625,4290400
637,2023-06-13,17135.83984375,17254.9609375,17129.23046875,17216.599609375,3764800
638,2023-06-12,16899.490234375,16999.720703125,16899.490234375,16955.369140625,3731500
639,2023-06-09,16775.919921875,16895.990234375,16775.919921875,16886.400390625,3598000
640,2023-06-08,16864.1796875,16899.509765625,16694.2109375,16733.689453125,3859300
641,2023-06-07,16771.759765625,16922.48046875,16771.759765625,16922.48046875,3721800
642,2023-06-06,16712.98046875,16793.810546875,16699.830078125,16761.66015625,3861900
643,2023-06-05,16714.48046875,16781.189453125,16703.599609375,16714.4296875,4575100
644,2023-06-02,16525.0,16752.19921875,16525.0,16706.91015625,4585600
645,2023-06-01,16511.0,16555.5,16477.4296875,16512.650390625,3888600
646,2023-05-31,16593.529296875,16636.650390625,16491.900390625,16578.9609375,5023700
647,2023-05-30,16648.76953125,16681.189453125,16579.130859375,16622.740234375,3645500
648,2023-05-29,16610.859375,16683.759765625,16597.380859375,16636.30078125,3879200
649,2023-05-26,16509.140625,16537.7890625,16457.740234375,16505.05078125,3981600
650,2023-05-25,16163.9501953125,16323.76953125,16163.9501953125,16292.0,3551900
651,2023-05-24,16186.6201171875,16186.6201171875,16070.16015625,16159.3203125,2938400
652,2023-05-23,16186.150390625,16239.5,16121.4501953125,16188.0302734375,3041900
653,2023-05-22,16168.740234375,16202.919921875,16131.5498046875,16180.8896484375,3311200
654,2023-05-19,16146.2900390625,16189.8095703125,16099.900390625,16174.919921875,3955600
655,2023-05-18,16060.259765625,16128.7197265625,16015.6201171875,16101.8798828125,3379800
656,2023-05-17,15702.740234375,15961.9697265625,15698.6298828125,15925.2900390625,3099200
657,2023-05-16,15550.5703125,15723.9501953125,15550.5703125,15673.900390625,2617800
658,2023-05-15,15489.1796875,15510.08984375,15434.51953125,15475.0498046875,2444700
659,2023-05-12,15477.1201171875,15545.990234375,15424.419921875,15502.3603515625,2711900
660,2023-05-11,15666.490234375,15675.3701171875,15501.580078125,15514.6396484375,2769100
661,2023-05-10,15708.48046875,15711.3896484375,15579.490234375,15641.759765625,2366700
662,2023-05-09,15702.259765625,15744.26953125,15635.900390625,15727.7001953125,2864700
663,2023-05-08,15648.5400390625,15757.7998046875,15648.5400390625,15699.5703125,2829600
664,2023-05-05,15627.9296875,15673.6201171875,15578.669921875,15626.0703125,2294100
665,2023-05-04,15548.01953125,15622.41015625,15523.5,15609.0302734375,2461600
666,2023-05-03,15629.509765625,15629.509765625,15530.7900390625,15553.41015625,2511600
667,2023-05-02,15588.6796875,15651.23046875,15532.6298828125,15636.48046875,2915700
668,2023-04-28,15477.33984375,15580.6298828125,15477.33984375,15579.1796875,2999300
669,2023-04-27,15374.3896484375,15455.8798828125,15306.6904296875,15411.490234375,2616700
670,2023-04-26,15352.0302734375,15398.400390625,15284.4599609375,15374.6298828125,2745800
671,2023-04-25,15606.830078125,15639.490234375,15353.2197265625,15370.73046875,3449300
672,2023-04-24,15555.099609375,15643.8603515625,15529.3896484375,15626.8701171875,2474500
673,2023-04-21,15776.5400390625,15802.9296875,15592.9599609375,15602.990234375,3512500
674,2023-04-20,15771.4501953125,15804.3798828125,15686.5400390625,15707.51953125,3170900
675,2023-04-19,15874.650390625,15915.3896484375,15756.75,15770.4697265625,3554800
676,2023-04-18,15967.8896484375,15967.8896484375,15851.7099609375,15869.4404296875,3344600
677,2023-04-17,15934.6396484375,15963.5498046875,15894.76953125,15963.5498046875,3396900
678,2023-04-14,15854.25,15973.8203125,15854.25,15929.4296875,3492400
679,2023-04-13,15888.6298828125,15913.2001953125,15800.419921875,15804.759765625,3825100
680,2023-04-12,15914.150390625,15944.3203125,15867.01953125,15932.9697265625,3138100
681,2023-04-11,15886.4599609375,15945.6298828125,15838.099609375,15913.8798828125,2744200
682,2023-04-10,15850.9404296875,15919.759765625,15850.9404296875,15876.169921875,2220400
683,2023-04-07,15856.1904296875,15877.990234375,15811.1904296875,15836.5,2199900
684,2023-04-06,15838.0703125,15838.0703125,15733.2900390625,15810.76953125,2513500
685,2023-03-31,15874.1904296875,15951.7998046875,15857.1904296875,15868.0595703125,2440300
686,2023-03-30,15824.650390625,15885.2099609375,15791.75,15849.4296875,2266900
687,2023-03-29,15766.2900390625,15811.2001953125,15681.099609375,15769.759765625,2376300
688,2023-03-28,15790.7001953125,15846.5400390625,15685.58984375,15701.48046875,2545400
689,2023-03-27,15873.669921875,15902.0595703125,15821.6298828125,15830.3095703125,2706800
690,2023-03-24,15869.83984375,15921.9697265625,15845.990234375,15914.7001953125,2914300
691,2023-03-23,15711.599609375,15882.75,15680.83984375,15863.9501953125,2652800
692,2023-03-22,15535.169921875,15760.4599609375,15535.169921875,15760.4599609375,2773200
693,2023-03-21,15437.9501953125,15547.9697265625,15437.9501953125,15513.4501953125,2773500
694,2023-03-20,15454.75,15488.98046875,15399.0703125,15419.9697265625,2433600
695,2023-03-17,15337.9697265625,15452.9599609375,15337.9697265625,15452.9599609375,3434700
696,2023-03-16,15334.25,15334.25,15186.740234375,15221.1201171875,3443900
697,2023-03-15,15425.990234375,15526.73046875,15387.58984375,15387.58984375,2998000
698,2023-03-14,15517.740234375,15517.740234375,15348.1201171875,15360.419921875,3097800
699,2023-03-13,15514.0302734375,15571.169921875,15349.669921875,15560.490234375,3141600
700,2023-03-10,15729.2900390625,15729.2900390625,15488.7099609375,15526.2001953125,3932200
701,2023-03-09,15827.98046875,15878.75,15770.66015625,15770.66015625,3556200
702,2023-03-08,15819.1796875,15821.490234375,15740.98046875,15818.2001953125,3091600
703,2023-03-07,15763.8701171875,15879.16015625,15749.0400390625,15857.8896484375,2944000
704,2023-03-06,15675.2802734375,15818.8798828125,15675.2802734375,15763.509765625,3095600
705,2023-03-03,15621.3603515625,15713.419921875,15606.849609375,15608.419921875,3025100
706,2023-03-02,15580.2802734375,15618.0595703125,15492.3701171875,15598.7197265625,2664900
707,2023-03-01,15435.3798828125,15617.0302734375,15387.3798828125,15598.490234375,3062600
708,2023-02-24,15669.8798828125,15717.9599609375,15503.7900390625,15503.7900390625,2717600
709,2023-02-23,15463.4599609375,15657.6298828125,15463.4599609375,15615.41015625,3012200
710,2023-02-22,15541.169921875,15541.169921875,15345.9296875,15418.76953125,2881300
711,2023-02-21,15535.6396484375,15567.740234375,15496.73046875,15563.0,2997300
712,2023-02-20,15452.009765625,15575.3203125,15436.66015625,15551.23046875,2994900
713,2023-02-17,15503.75,15503.75,15418.4296875,15479.7001953125,2528300
714,2023-02-16,15474.4599609375,15585.48046875,15474.4599609375,15550.5,2883000
715,2023-02-15,15497.669921875,15553.6796875,15388.849609375,15432.8896484375,2438100
716,2023-02-14,15584.740234375,15669.6298828125,15584.740234375,15654.48046875,2077800
717,2023-02-13,15564.759765625,15569.990234375,15465.5595703125,15544.2802734375,2184300
718,2023-02-10,15627.330078125,15628.2998046875,15546.1103515625,15586.650390625,2483000
719,2023-02-09,15590.0,15617.33984375,15553.83984375,15598.7099609375,2236100
720,2023-02-08,15538.7099609375,15631.2197265625,15520.0498046875,15618.169921875,2514500
721,2023-02-07,15376.1201171875,15462.099609375,15363.650390625,15400.91015625,2251800
722,2023-02-06,15514.7998046875,15514.7998046875,15392.8203125,15392.8203125,2320600
723,2023-02-03,15591.9501953125,15617.73046875,15504.0302734375,15602.66015625,2647300
724,2023-02-02,15508.830078125,15602.08984375,15496.51953125,15595.16015625,3248500
725,2023-02-01,15346.349609375,15420.1298828125,15291.6796875,15420.1298828125,3009800
726,2023-01-31,15419.2099609375,15441.98046875,15265.2001953125,15265.2001953125,3357200
727,2023-01-30,15291.5302734375,15493.8203125,15291.5302734375,15493.8203125,3697500
728,2023-01-17,14922.33984375,14945.23046875,14884.7802734375,14932.9296875,1772600
729,2023-01-16,14895.259765625,14960.919921875,14895.259765625,14927.009765625,1611600
730,2023-01-13,14923.0498046875,14962.3095703125,14822.150390625,14824.1298828125,1786500
731,2023-01-12,14780.580078125,14813.3095703125,14700.73046875,14731.6396484375,1812900
732,2023-01-11,14822.8603515625,14842.740234375,14734.4404296875,14751.4404296875,1986800
733,2023-01-10,14796.26953125,14816.1298828125,14728.5595703125,14802.9599609375,2069800
734,2023-01-09,14504.4697265625,14752.2099609375,14504.4697265625,14752.2099609375,2581100
735,2023-01-06,14278.51953125,14384.919921875,14278.51953125,14373.33984375,1741200
736,2023-01-05,14285.1201171875,14357.599609375,14270.9296875,14301.0498046875,2086500
737,2023-01-04,14186.9501953125,14257.4501953125,14177.9697265625,14199.1298828125,2073800
738,2023-01-03,14108.16015625,14237.9404296875,14001.9697265625,14224.1201171875,1816400
739,2022-12-30,14183.51953125,14248.900390625,14137.6904296875,14137.6904296875,1748100
740,2022-12-29,14097.509765625,14120.5703125,13981.6298828125,14085.01953125,1839200
741,2022-12-28,14249.830078125,14249.830078125,14119.2998046875,14173.099609375,1958900
742,2022-12-27,14310.1904296875,14410.240234375,14310.1904296875,14328.4296875,1821100
743,2022-12-26,14271.2001953125,14301.1103515625,14253.2001953125,14285.1298828125,1574600
744,2022-12-23,14318.1201171875,14318.1201171875,14192.98046875,14271.6298828125,1979800
745,2022-12-22,14323.0400390625,14442.9404296875,14323.0400390625,14442.9404296875,3258800
746,2022-12-21,14205.0595703125,14291.98046875,14197.8603515625,14234.400390625,3230800
747,2022-12-20,14410.75,14451.91015625,14157.990234375,14170.0302734375,3679200
748,2022-12-19,14478.4501953125,14493.7197265625,14411.8095703125,14433.3203125,3207500
749,2022-12-16,14554.2099609375,14568.3095703125,14447.76953125,14528.5498046875,4451200
750,2022-12-15,14692.919921875,14756.3798828125,14649.5400390625,14734.1298828125,2570800
751,2022-12-14,14557.5595703125,14739.3603515625,14557.5595703125,14739.3603515625,2640200
752,2022-12-13,14617.8603515625,14658.7001953125,14515.740234375,14522.9599609375,2730600
753,2022-12-12,14658.4599609375,14658.4599609375,14538.66015625,14612.58984375,2221600
754,2022-12-09,14620.26953125,14742.7900390625,14620.26953125,14705.4296875,2543200
755,2022-12-08,14631.2099609375,14634.16015625,14464.2001953125,14553.0400390625,2428500
756,2022-12-07,14708.080078125,14823.150390625,14630.009765625,14630.009765625,3266900
757,2022-12-06,14955.2900390625,14957.8203125,14728.8798828125,14728.8798828125,3221700
758,2022-12-05,14972.169921875,15088.0595703125,14969.9697265625,14980.740234375,3216700
759,2022-12-02,14933.2001953125,15021.73046875,14921.0595703125,14970.6796875,2999500
760,2022-12-01,15059.919921875,15152.3798828125,14998.0302734375,15012.7998046875,3771700
761,2022-11-30,14678.23046875,14879.5498046875,14678.23046875,14879.5498046875,4457700
762,2022-11-29,14503.7900390625,14716.580078125,14449.0498046875,14709.6396484375,3143000
763,2022-11-28,14636.900390625,14638.1904296875,14503.1201171875,14556.8701171875,2567800
764,2022-11-25,14764.9404296875,14835.66015625,14756.009765625,14778.509765625,2808900
765,2022-11-24,14649.7998046875,14784.0,14649.7998046875,14784.0,2615600
766,2022-11-23,14595.5,14647.98046875,14573.41015625,14608.5400390625,2345700
767,2022-11-22,14404.080078125,14542.7900390625,14371.08984375,14542.2001953125,2281400
768,2022-11-21,14514.7099609375,14530.759765625,14421.650390625,14449.3896484375,2186300
769,2022-11-18,14584.3095703125,14669.98046875,14470.48046875,14504.990234375,2787500
770,2022-11-17,14489.41015625,14545.8896484375,14383.5498046875,14535.23046875,2707100
771,2022-11-16,14637.849609375,14657.66015625,14481.0595703125,14537.349609375,3356100
772,2022-11-15,14325.490234375,14568.509765625,14278.5302734375,14546.3095703125,3441500
773,2022-11-14,14080.91015625,14217.2998046875,14076.9404296875,14174.900390625,3396800
774,2022-11-11,13878.9501953125,14045.509765625,13878.9501953125,14007.5595703125,3988800
775,2022-11-10,13556.509765625,13559.400390625,13463.849609375,13503.759765625,2335900
776,2022-11-09,13410.1904296875,13638.8095703125,13410.1904296875,13638.8095703125,2981300
777,2022-11-08,13274.91015625,13389.25,13274.91015625,13347.759765625,3009500
778,2022-11-07,13109.349609375,13246.58984375,13103.349609375,13223.73046875,2750000
779,2022-11-04,12941.7802734375,13029.9404296875,12868.25,13026.7099609375,2354400
780,2022-11-03,12985.5498046875,12991.3701171875,12905.349609375,12986.599609375,2009100
781,2022-11-02,13033.150390625,13100.169921875,13014.0400390625,13100.169921875,2032900
782,2022-11-01,12933.1201171875,13062.900390625,12907.6103515625,13037.2099609375,2030700
783,2022-10-31,12862.3701171875,12977.6103515625,12826.33984375,12949.75,2003500
784,2022-10-28,12874.830078125,12891.3798828125,12723.98046875,12788.419921875,2112200
785,2022-10-27,12807.6904296875,12954.3203125,12807.6904296875,12926.3701171875,2373300
786,2022-10-26,12666.419921875,12791.9697265625,12635.51953125,12729.0498046875,2218400
787,2022-10-25,12830.2900390625,12843.3095703125,12629.48046875,12666.1201171875,2289400
788,2022-10-24,12913.580078125,13027.83984375,12856.76953125,12856.98046875,2281500
789,2022-10-21,12931.2001953125,12954.01953125,12813.599609375,12819.2001953125,2220400
790,2022-10-20,12912.9296875,12946.099609375,12698.91015625,12946.099609375,3533700
791,2022-10-19,13096.349609375,13155.6201171875,12976.759765625,12976.759765625,2470600
792,2022-10-18,13075.0498046875,13143.150390625,12978.1298828125,13124.6796875,2610300
793,2022-10-17,12988.830078125,12988.830078125,12814.8203125,12966.0498046875,3036700
794,2022-10-14,13023.7099609375,13221.8701171875,13023.7099609375,13128.1201171875,2967500
795,2022-10-13,13108.400390625,13111.3896484375,12809.4296875,12810.73046875,3440400
796,2022-10-12,13076.91015625,13130.73046875,12991.58984375,13081.240234375,2438200
797,2022-10-11,13394.1201171875,13394.1201171875,13106.0302734375,13106.0302734375,2847100
798,2022-10-07,13847.51953125,13847.51953125,13684.2099609375,13702.2802734375,1873700
799,2022-10-06,13865.4501953125,13899.23046875,13814.330078125,13892.0498046875,2151900
800,2022-10-05,13727.2998046875,13902.01953125,13727.2998046875,13801.4296875,2785100
801,2022-10-04,13447.3603515625,13586.9599609375,13447.3603515625,13576.51953125,2392400
802,2022-10-03,13359.259765625,13440.23046875,13273.48046875,13300.48046875,2183300
803,2022-09-30,13409.650390625,13466.8203125,13274.7197265625,13424.580078125,2822000
804,2022-09-29,13550.7001953125,13651.2900390625,13462.5703125,13534.259765625,2992600
805,2022-09-28,13816.7001953125,13854.08984375,13466.0703125,13466.0703125,3481100
806,2022-09-27,13812.990234375,13862.83984375,13732.3203125,13826.58984375,2722800
807,2022-09-26,13993.419921875,13993.419921875,13743.1904296875,13778.1904296875,3149000
808,2022-09-23,14231.0302734375,14277.5302734375,14109.7099609375,14118.3798828125,2584800
809,2022-09-22,14325.669921875,14325.669921875,14151.7998046875,14284.6298828125,3106100
810,2022-09-21,14517.33984375,14525.4599609375,14384.1103515625,14424.51953125,2716200
811,2022-09-20,14474.9501953125,14558.7197265625,14461.3896484375,14549.2998046875,2436500
812,2022-09-19,14567.26953125,14585.0595703125,14424.330078125,14425.6796875,2314800
813,2022-09-16,14602.16015625,14602.16015625,14521.650390625,14561.759765625,3637300
814,2022-09-15,14647.0,14750.2802734375,14624.5498046875,14670.0400390625,2703700
815,2022-09-14,14695.1904296875,14699.7802734375,14522.7001953125,14658.3095703125,2515900
816,2022-09-13,14895.8701171875,14949.5595703125,14856.98046875,14894.41015625,2535400
817,2022-09-12,14711.33984375,14856.23046875,14711.33984375,14807.4296875,2620300
818,2022-09-08,14447.08984375,14583.419921875,14447.08984375,14583.419921875,2349200
819,2022-09-07,14557.8603515625,14557.8603515625,14397.1201171875,14410.0498046875,2439500
820,2022-09-06,14705.16015625,14789.3095703125,14623.2197265625,14677.2001953125,2642400
821,2022-09-05,14670.1796875,14753.0302734375,14632.7900390625,14661.099609375,2643200
822,2022-09-02,14790.2802734375,14817.400390625,14673.0400390625,14673.0400390625,3003400
823,2022-09-01,14981.0,14981.0,14773.1904296875,14801.8603515625,3009700
824,2022-08-31,14912.1201171875,15095.4404296875,14874.330078125,15095.4404296875,3006200
825,2022-08-30,14919.669921875,15027.5,14911.9697265625,14953.6298828125,2729600
826,2022-08-29,15197.1904296875,15197.1904296875,14843.7197265625,14926.1904296875,2973800
827,2022-08-26,15221.5,15337.25,15221.5,15278.4404296875,3192200
828,2022-08-25,15105.3095703125,15244.0595703125,15105.3095703125,15200.0400390625,2502900
829,2022-08-24,15112.150390625,15183.9599609375,15053.51953125,15069.1904296875,2665500
830,2022-08-23,15225.169921875,15225.169921875,15086.4296875,15095.8896484375,2405400
831,2022-08-22,15375.2001953125,15375.2001953125,15229.3603515625,15245.1396484375,2782000
832,2022-08-19,15394.3603515625,15458.4501953125,15346.259765625,15408.7802734375,3252400
833,2022-08-18,15384.73046875,15396.759765625,15311.2197265625,15396.759765625,2635800
834,2022-08-17,15423.4404296875,15475.8896484375,15390.83984375,15465.4501953125,3108600
835,2022-08-16,15435.0400390625,15451.830078125,15392.490234375,15420.5703125,3045100
836,2022-08-15,15332.919921875,15437.23046875,15315.1201171875,15417.349609375,3136600
837,2022-08-12,15203.91015625,15298.419921875,15198.9296875,15288.9697265625,2921300
838,2022-08-11,15087.58984375,15204.7900390625,15087.58984375,15197.849609375,3417400
839,2022-08-10,14940.759765625,14982.330078125,14890.5498046875,14939.01953125,2863700
840,2022-08-09,14965.1201171875,15077.6298828125,14905.23046875,15050.2802734375,2854300
841,2022-08-08,14972.2099609375,15034.8701171875,14908.169921875,15020.41015625,2558700
842,2022-08-05,14802.33984375,15041.41015625,14802.33984375,15036.0400390625,2749400
843,2022-08-04,14741.4697265625,14766.5703125,14545.6904296875,14702.2001953125,2766400
844,2022-08-03,14757.509765625,14777.01953125,14673.349609375,14777.01953125,2649100
845,2022-08-02,14860.9404296875,14860.9404296875,14663.4599609375,14747.23046875,3161000
846,2022-08-01,14982.26953125,14994.3603515625,14886.8095703125,14981.6904296875,2658300
847,2022-07-29,14950.1796875,15035.26953125,14929.490234375,15000.0703125,3117200
848,2022-07-28,14978.9501953125,15031.990234375,14849.9404296875,14891.900390625,2911200
849,2022-07-27,14791.7099609375,14921.58984375,14717.01953125,14921.58984375,2569700
850,2022-07-26,14912.41015625,14912.41015625,14750.7099609375,14806.7802734375,2617400
851,2022-07-25,14902.25,14968.23046875,14851.3701171875,14936.330078125,2629600
852,2022-07-22,14953.26953125,14996.240234375,14902.3203125,14949.3603515625,3674900
853,2022-07-21,14744.169921875,14937.7001953125,14716.01953125,14937.7001953125,3418100
854,2022-07-20,14810.400390625,14906.9501953125,14694.2001953125,14733.2197265625,3539900
855,2022-07-19,14638.4501953125,14720.1298828125,14598.990234375,14694.080078125,2964100
856,2022-07-18,14589.099609375,14719.6396484375,14589.099609375,14719.6396484375,3117300
857,2022-07-15,14483.9599609375,14579.73046875,14378.330078125,14550.6201171875,3025600
858,2022-07-14,14252.01953125,14450.4697265625,14159.3896484375,14438.51953125,2947600
859,2022-07-13,14194.9404296875,14403.509765625,14194.9404296875,14324.6796875,3342700
860,2022-07-12,14235.6298828125,14235.6298828125,13928.66015625,13950.6201171875,3120000
861,2022-07-11,14478.3095703125,14525.0302734375,14313.9404296875,14340.5302734375,2620100
862,2022-07-08,14462.5,14552.419921875,14373.83984375,14464.5302734375,3508600
863,2022-07-07,14052.1796875,14355.150390625,13951.8095703125,14336.26953125,3460100
864,2022-07-06,14289.669921875,14319.3203125,13985.509765625,13985.509765625,3688700
865,2022-07-05,14345.5400390625,14488.7998046875,14100.8896484375,14349.2001953125,3468200
866,2022-07-04,14237.830078125,14412.4697265625,14167.099609375,14217.0595703125,3244400
867,2022-07-01,14812.1298828125,14812.1298828125,14336.0302734375,14343.080078125,4290300
868,2022-06-30,15146.919921875,15147.76953125,14825.73046875,14825.73046875,3673000
869,2022-06-29,15365.5400390625,15365.5400390625,15218.0703125,15240.1298828125,3239700
870,2022-06-28,15519.5595703125,15533.33984375,15375.650390625,15439.919921875,3094700
871,2022-06-27,15409.080078125,15656.349609375,15409.080078125,15548.009765625,3120800
872,2022-06-24,15232.33984375,15424.3701171875,15232.33984375,15303.3203125,3081400
873,2022-06-23,15305.509765625,15380.2802734375,15102.400390625,15176.4404296875,3916600
874,2022-06-22,15687.4599609375,15687.4599609375,15346.9501953125,15347.75,3950300
875,2022-06-21,15427.330078125,15728.6396484375,15427.330078125,15728.6396484375,3553500
876,2022-06-20,15649.2001953125,15667.6796875,15367.580078125,15367.580078125,3998700
877,2022-06-17,15794.16015625,15794.16015625,15573.3798828125,15641.259765625,4373500
878,2022-06-16,16098.2900390625,16209.25,15838.2900390625,15838.6103515625,3636900
879,2022-06-15,16025.83984375,16106.75,15981.5595703125,15999.25,2967000
880,2022-06-14,15975.169921875,16067.7998046875,15869.0595703125,16047.3701171875,3086200
881,2022-06-13,16295.0703125,16295.0703125,16055.8896484375,16070.98046875,3106700
882,2022-06-10,16581.810546875,16581.810546875,16403.330078125,16460.119140625,2373300
883,2022-06-09,16643.94921875,16643.94921875,16557.5390625,16621.33984375,2366400
884,2022-06-08,16538.669921875,16702.990234375,16538.669921875,16670.509765625,2409700
885,2022-06-07,16593.75,16593.75,16465.869140625,16512.880859375,2437900
886,2022-06-06,16570.890625,16654.119140625,16509.009765625,16605.9609375,2873700
887,2022-06-02,16605.4609375,16617.259765625,16540.55078125,16552.5703125,2638200
888,2022-06-01,16718.91015625,16811.0390625,16649.91015625,16675.08984375,3097600
889,2022-05-31,16561.6796875,16807.76953125,16493.0703125,16807.76953125,5523600
890,2022-05-30,16368.9296875,16610.619140625,16368.9296875,16610.619140625,3342400
891,2022-05-27,16075.91015625,16266.2197265625,16075.91015625,16266.2197265625,2951400
892,2022-05-26,16128.2099609375,16179.009765625,15949.6103515625,15968.830078125,3062100
893,2022-05-25,15987.740234375,16169.1796875,15980.900390625,16104.0302734375,3107300
894,2022-05-24,16166.5703125,16219.7998046875,15963.6298828125,15963.6298828125,2961400
895,2022-05-23,16193.919921875,16249.4501953125,16125.4501953125,16156.41015625,3295600
896,2022-05-20,16061.919921875,16181.66015625,16058.2001953125,16144.849609375,2836000
897,2022-05-19,16111.490234375,16111.490234375,15892.73046875,16020.3203125,3423100
898,2022-05-18,16174.7802734375,16316.580078125,16172.7998046875,16296.8603515625,3405600
899,2022-05-17,15915.9296875,16085.849609375,15915.9296875,16056.08984375,2799500
900,2022-05-16,15943.6904296875,16032.849609375,15847.4599609375,15901.0400390625,3298100
901,2022-05-13,15687.150390625,15860.6904296875,15687.150390625,15832.5400390625,3216400
902,2022-05-12,15943.6201171875,15943.6201171875,15616.6796875,15616.6796875,4040900
903,2022-05-11,16053.75,16081.150390625,15953.26953125,16006.25,2938300
904,2022-05-10,15891.400390625,16071.5,15734.4404296875,16061.7001953125,3489400
905,2022-05-09,16345.83984375,16345.83984375,16048.919921875,16048.919921875,3742000
906,2022-05-06,16491.109375,16491.109375,16312.169921875,16408.19921875,3186200
907,2022-05-05,16689.98046875,16783.779296875,16650.810546875,16696.119140625,3215900
908,2022-05-04,16531.369140625,16617.060546875,16514.30078125,16565.830078125,2630000
909,2022-05-03,16593.2109375,16604.869140625,16465.990234375,16498.900390625,2457700
910,2022-04-29,16599.83984375,16663.66015625,16521.939453125,16592.1796875,3416300
911,2022-04-28,16350.7197265625,16455.5703125,16256.8798828125,16419.380859375,3635500
912,2022-04-27,16427.3203125,16427.3203125,16219.41015625,16303.349609375,4261400
913,2022-04-26,16677.83984375,16729.470703125,16582.109375,16644.7890625,3941900
914,2022-04-25,16912.30078125,16912.30078125,16579.890625,16620.900390625,4528800
915,2022-04-22,17088.759765625,17088.759765625,16923.869140625,17025.08984375,4322500
916,2022-04-21,17159.880859375,17213.66015625,17106.369140625,17127.94921875,3952000
917,2022-04-20,17057.130859375,17148.880859375,16983.55078125,17148.880859375,4801300
918,2022-04-19,16926.33984375,17106.259765625,16926.33984375,16993.400390625,3514900
919,2022-04-18,16958.66015625,16999.359375,16845.509765625,16898.869140625,4020900
920,2022-04-15,17139.33984375,17141.330078125,17004.1796875,17004.1796875,4078400
921,2022-04-14,17353.25,17374.140625,17245.650390625,17245.650390625,4429600
922,2022-04-13,17080.400390625,17333.2109375,17080.400390625,17301.650390625,4058700
923,2022-04-12,17005.83984375,17100.849609375,16905.130859375,16990.91015625,4100800
924,2022-04-11,17273.05078125,17316.349609375,17046.669921875,17048.369140625,4584600
925,2022-04-08,17210.400390625,17316.689453125,17210.400390625,17284.5390625,3538700
926,2022-04-07,17430.130859375,17438.599609375,17178.630859375,17178.630859375,4863100
927,2022-04-06,17484.189453125,17528.990234375,17381.0703125,17522.5,4241200
928,2022-04-01,17657.759765625,17657.759765625,17465.609375,17625.58984375,3396600
929,2022-03-31,17754.099609375,17767.810546875,17682.529296875,17693.470703125,3422500
930,2022-03-30,17572.900390625,17770.0703125,17572.900390625,17740.560546875,3739000
931,2022-03-29,17568.3203125,17585.91015625,17493.009765625,17548.66015625,3429900
932,2022-03-28,17510.150390625,17527.150390625,17368.66015625,17520.009765625,3202100
933,2022-03-25,17695.80078125,17747.130859375,17633.859375,17676.94921875,3872300
934,2022-03-24,17711.169921875,17711.169921875,17603.220703125,17699.060546875,3883600
935,2022-03-23,17581.619140625,17738.689453125,17581.619140625,17731.369140625,3950500
936,2022-03-22,17512.41015625,17573.2890625,17468.55078125,17559.7109375,3448800
937,2022-03-21,17503.94921875,17603.990234375,17503.94921875,17560.359375,3703600
938,2022-03-18,17439.91015625,17472.380859375,17359.5,17456.51953125,4984000
939,2022-03-17,17172.810546875,17472.94921875,17172.810546875,17448.220703125,5028900
940,2022-03-16,17007.580078125,17085.76953125,16808.4296875,16940.830078125,4846600
941,2022-03-15,17177.26953125,17177.26953125,16911.94921875,16926.060546875,4138100
942,2022-03-14,17287.900390625,17363.0390625,17217.580078125,17263.0390625,3432300
943,2022-03-11,17373.8203125,17373.900390625,17239.900390625,17264.740234375,3114900
944,2022-03-10,17224.73046875,17478.4296875,17224.73046875,17433.19921875,4493300
945,2022-03-09,16944.080078125,17072.740234375,16944.080078125,17015.359375,3963600
946,2022-03-08,17000.0,17113.669921875,16764.779296875,16825.25,5875900
947,2022-03-07,17581.5703125,17581.5703125,17135.6796875,17178.689453125,5833800
948,2022-03-04,17845.009765625,17845.009765625,17710.5390625,17736.51953125,4422400
949,2022-03-03,17932.150390625,18026.029296875,17906.240234375,17934.400390625,4006800
950,2022-03-02,17864.109375,17918.98046875,17784.640625,17867.599609375,4013600
951,2022-03-01,17657.5,17944.5,17657.5,17898.25,4576900
952,2022-02-25,17617.359375,17737.3203125,17554.970703125,17652.1796875,5029500
953,2022-02-24,17939.529296875,17939.529296875,17561.0703125,17594.55078125,6003200
954,2022-02-23,17954.75,18109.279296875,17954.75,18055.73046875,3709000
955,2022-02-22,18159.509765625,18159.509765625,17840.380859375,17969.2890625,5056200
956,2022-02-21,18196.400390625,18253.099609375,18129.650390625,18221.490234375,4487800
957,2022-02-18,18250.369140625,18262.9609375,18098.51953125,18232.349609375,4870600
958,2022-02-17,18213.30078125,18330.630859375,18190.240234375,18268.5703125,5115800
959,2022-02-16,18109.169921875,18233.7890625,18109.169921875,18231.470703125,3822800
960,2022-02-15,17978.439453125,18085.91015625,17942.6796875,17951.810546875,3611800
961,2022-02-14,18182.73046875,18182.73046875,17965.220703125,17997.669921875,3594200
962,2022-02-11,18258.810546875,18310.939453125,18191.75,18310.939453125,3541200
963,2022-02-10,18217.2890625,18338.05078125,18145.0390625,18338.05078125,3618700
964,2022-02-09,18060.330078125,18168.599609375,18039.23046875,18151.759765625,3901200
965,2022-02-08,17955.94921875,18063.55078125,17955.94921875,17966.560546875,4040800
966,2022-02-07,17750.69921875,17900.30078125,17712.349609375,17900.30078125,0
967,2022-01-26,17657.970703125,17776.419921875,17633.029296875,17674.400390625,2897700
968,2022-01-25,17890.7109375,17890.7109375,17645.66015625,17701.119140625,3506500
969,2022-01-24,17843.330078125,18004.44921875,17682.330078125,17989.0390625,3586500
970,2022-01-21,18113.939453125,18113.939453125,17851.390625,17899.30078125,4160500
971,2022-01-20,18212.259765625,18292.140625,18125.19921875,18218.279296875,3209300
972,2022-01-19,18275.1796875,18359.140625,18199.349609375,18227.4609375,3422100
973,2022-01-18,18492.810546875,18575.41015625,18378.640625,18378.640625,3163500
974,2022-01-17,18512.150390625,18535.419921875,18435.01953125,18525.439453125,3172100
975,2022-01-14,18509.0,18509.0,18213.439453125,18403.330078125,4559700
976,2022-01-13,18356.2109375,18459.73046875,18346.810546875,18436.9296875,4599500
977,2022-01-12,18348.390625,18394.69921875,18255.380859375,18375.400390625,4196200
978,2022-01-11,18266.5390625,18293.529296875,18135.4296875,18288.2109375,4694000
979,2022-01-10,18095.390625,18243.259765625,18043.970703125,18239.380859375,3440300
980,2022-01-07,18388.16015625,18444.119140625,18134.41015625,18169.759765625,4727900
981,2022-01-06,18395.720703125,18427.150390625,18253.8203125,18367.919921875,3411400
982,2022-01-05,18598.130859375,18619.609375,18446.51953125,18499.9609375,4261600
983,2022-01-04,18395.140625,18526.349609375,18395.140625,18526.349609375,4231400
984,2022-01-03,18260.23046875,18379.689453125,18238.470703125,18270.509765625,4309600
985,2021-12-30,18270.0,18291.25,18216.44921875,18218.83984375,4082900
986,2021-12-29,18209.140625,18283.25,18192.859375,18248.279296875,3983900
987,2021-12-28,18099.7109375,18197.359375,18099.7109375,18196.810546875,3899900
988,2021-12-27,17975.41015625,18099.779296875,17975.41015625,18048.939453125,3701200
989,2021-12-24,17966.349609375,18039.849609375,17953.5703125,17961.640625,3834800
990,2021-12-23,17855.779296875,17960.990234375,17855.779296875,17946.66015625,3851000
991,2021-12-22,17805.740234375,17870.16015625,17799.720703125,17826.830078125,3538900
992,2021-12-21,17686.83984375,17825.890625,17652.3203125,17789.26953125,3555900
993,2021-12-20,17812.810546875,17812.810546875,17646.390625,17669.109375,3798200
994,2021-12-17,17744.5390625,17822.740234375,17718.26953125,17812.58984375,5154400
995,2021-12-16,17719.060546875,17814.3203125,17719.060546875,17785.740234375,4322400
996,2021-12-15,17592.869140625,17678.779296875,17556.869140625,17660.099609375,3773800
997,2021-12-14,17754.380859375,17754.380859375,17566.990234375,17599.369140625,4871000
998,2021-12-13,17841.029296875,17919.349609375,17767.599609375,17767.599609375,4799000
999,2021-12-10,17893.2890625,17893.2890625,17767.80078125,17826.259765625,4629000
1000,2021-12-09,17880.41015625,17925.119140625,17807.119140625,17914.119140625,5266100
1001,2021-12-08,17845.060546875,17988.880859375,17832.419921875,17832.419921875,5272600
1002,2021-12-07,17734.189453125,17796.919921875,17642.3203125,17796.919921875,5417700
1003,2021-12-06,17650.669921875,17763.419921875,17585.94921875,17688.2109375,3850100
1004,2021-12-03,17720.9296875,17781.140625,17670.3203125,17697.140625,4400000
1005,2021-12-02,17575.91015625,17741.55078125,17559.439453125,17724.880859375,4988600
1006,2021-12-01,17428.609375,17626.2109375,17374.58984375,17585.990234375,4219800
1007,2021-11-30,17369.7890625,17535.23046875,17369.7890625,17427.759765625,6132900
1008,2021-11-29,17320.009765625,17415.630859375,17167.240234375,17328.08984375,4887500
1009,2021-11-26,17641.7890625,17641.7890625,17330.439453125,17369.390625,5676100
1010,2021-11-25,17686.119140625,17724.5,17609.509765625,17654.189453125,4708400
1011,2021-11-24,17680.16015625,17722.890625,17588.779296875,17642.51953125,4917100
1012,2021-11-23,17797.900390625,17797.900390625,17650.0703125,17666.119140625,5002100
1013,2021-11-22,17828.529296875,17857.73046875,17790.640625,17803.5390625,4908200
1014,2021-11-19,17864.189453125,17986.1796875,17786.05078125,17818.310546875,6246900
1015,2021-11-18,17767.060546875,17841.369140625,17748.2109375,17841.369140625,6803100
1016,2021-11-17,17705.2890625,17764.0390625,17669.580078125,17764.0390625,6399300
1017,2021-11-16,17639.9609375,17708.099609375,17629.80078125,17693.130859375,6220100
1018,2021-11-15,17560.51953125,17683.189453125,17560.51953125,17634.470703125,5366800
1019,2021-11-12,17479.55078125,17602.05078125,17479.55078125,17518.130859375,5532600
1020,2021-11-11,17527.1796875,17527.1796875,17403.48046875,17452.51953125,6146900
1021,2021-11-10,17549.08984375,17575.439453125,17489.869140625,17559.650390625,5804300
1022,2021-11-09,17433.099609375,17581.51953125,17433.099609375,17541.359375,5480400
1023,2021-11-08,17323.390625,17415.30078125,17279.4609375,17415.30078125,5609900
1024,2021-11-05,17097.16015625,17296.900390625,17097.16015625,17296.900390625,4755100
1025,2021-11-04,17158.279296875,17219.650390625,17061.4609375,17078.859375,4495000
1026,2021-11-03,17087.890625,17153.759765625,17080.509765625,17122.16015625,4649400
1027,2021-11-02,17094.419921875,17237.08984375,17026.630859375,17065.970703125,5366000
1028,2021-11-01,17021.76953125,17119.4296875,17021.76953125,17068.240234375,4505300
1029,2021-10-29,17058.0390625,17073.970703125,16920.6796875,16987.41015625,4554900
1030,2021-10-28,17081.169921875,17104.859375,16994.369140625,17041.630859375,4615900
1031,2021-10-27,17037.369140625,17079.599609375,16973.16015625,17074.55078125,3536400
1032,2021-10-26,16909.3203125,17067.150390625,16909.3203125,17034.33984375,3828200
1033,2021-10-25,16879.33984375,16930.98046875,16784.109375,16894.240234375,3360900
1034,2021-10-22,16900.3203125,16932.890625,16800.490234375,16888.740234375,3796200
1035,2021-10-21,16904.4609375,17026.890625,16873.990234375,16889.509765625,4307800
1036,2021-10-20,16936.19921875,16973.859375,16855.810546875,16887.8203125,3633300
1037,2021-10-19,16791.119140625,16916.720703125,16772.150390625,16900.669921875,3873500
1038,2021-10-18,16816.939453125,16862.029296875,16695.890625,16705.4609375,4145800
1039,2021-10-15,16426.759765625,16781.189453125,16426.759765625,16781.189453125,3616300
1040,2021-10-14,16392.509765625,16519.9609375,16347.8798828125,16387.279296875,3823900
1041,2021-10-13,16480.98046875,16543.330078125,16328.4697265625,16347.990234375,3780500
1042,2021-10-12,16589.720703125,16589.720703125,16349.490234375,16462.83984375,3840700
1043,2021-10-08,16742.349609375,16771.7109375,16605.490234375,16640.4296875,3630500
1044,2021-10-07,16465.5703125,16731.580078125,16465.5703125,16713.859375,3979100
1045,2021-10-06,16488.2109375,16568.2109375,16303.6298828125,16393.16015625,3980200
1046,2021-10-05,16362.26953125,16460.75,16162.169921875,16460.75,4344700
1047,2021-10-04,16600.51953125,16680.2890625,16380.0595703125,16408.349609375,4455400
1048,2021-10-01,16883.0,16883.0,16503.740234375,16570.890625,5034000
1049,2021-09-30,16886.5703125,16994.2109375,16767.19921875,16934.76953125,4145900
1050,2021-09-29,17127.859375,17127.859375,16801.779296875,16855.4609375,4613200
1051,2021-09-28,17286.890625,17286.890625,17113.470703125,17181.439453125,3676400
1052,2021-09-27,17278.109375,17335.990234375,17235.6796875,17313.76953125,4368100
1053,2021-09-24,17130.740234375,17273.58984375,17130.740234375,17260.189453125,3963900
1054,2021-09-23,16998.0703125,17145.25,16998.0703125,17078.220703125,3706500
1055,2021-09-22,17196.7890625,17196.7890625,16838.580078125,16925.8203125,4648700
1056,2021-09-17,17279.2890625,17408.7109375,17235.44921875,17276.7890625,4564600
1057,2021-09-16,17332.33984375,17411.369140625,17254.099609375,17278.69921875,3781900
1058,2021-09-15,17434.01953125,17439.75,17316.51953125,17354.0,3839700
1059,2021-09-14,17463.779296875,17529.470703125,17424.5390625,17434.900390625,3725300
1060,2021-09-13,17452.16015625,17482.5703125,17387.5703125,17446.310546875,3675300
1061,2021-09-10,17270.279296875,17474.5703125,17270.279296875,17474.5703125,3450400
1062,2021-09-09,17175.0390625,17319.08984375,17122.94921875,17304.330078125,3138500
1063,2021-09-08,17411.529296875,17447.580078125,17167.080078125,17270.490234375,4088600
1064,2021-09-07,17534.380859375,17559.2109375,17388.369140625,17428.869140625,4347400
1065,2021-09-06,17534.05078125,17633.669921875,17461.0703125,17495.30078125,5068400
1066,2021-09-03,17380.51953125,17540.779296875,17380.51953125,17516.919921875,4494700
1067,2021-09-02,17455.919921875,17523.16015625,17319.759765625,17319.759765625,4558000
1068,2021-09-01,17463.80078125,17503.9296875,17415.51953125,17473.990234375,4520700
1069,2021-08-31,17384.609375,17490.2890625,17207.5703125,17490.2890625,4900300
1070,2021-08-30,17244.619140625,17396.51953125,17244.619140625,17396.51953125,3860100
1071,2021-08-27,17061.099609375,17229.890625,17000.259765625,17209.9296875,4252800
1072,2021-08-26,17177.390625,17201.419921875,16984.689453125,17066.9609375,4595100
1073,2021-08-25,16821.080078125,17045.859375,16821.080078125,17045.859375,4501500
1074,2021-08-24,16830.630859375,16904.30078125,16779.900390625,16818.73046875,5515800
1075,2021-08-23,16459.130859375,16785.2890625,16459.130859375,16741.83984375,4379900
1076,2021-08-20,16426.98046875,16507.109375,16248.080078125,16341.9404296875,4562600
1077,2021-08-19,16777.779296875,16777.779296875,16375.400390625,16375.400390625,5329700
1078,2021-08-18,16630.990234375,16826.26953125,16418.5390625,16826.26953125,5284900
1079,2021-08-17,16841.619140625,16870.55078125,16657.630859375,16661.359375,4136900
1080,2021-08-16,16941.330078125,16983.58984375,16773.5703125,16858.76953125,4958100
1081,2021-08-13,17216.33984375,17216.33984375,16978.109375,16982.109375,5206300
1082,2021-08-12,17221.349609375,17233.109375,17139.2109375,17219.939453125,4227200
1083,2021-08-11,17308.619140625,17327.19921875,17090.25,17227.1796875,5654700
1084,2021-08-10,17492.44921875,17524.91015625,17305.060546875,17323.640625,4788400
1085,2021-08-09,17505.009765625,17510.08984375,17350.150390625,17485.150390625,5189400
1086,2021-08-06,17593.849609375,17593.849609375,17469.6796875,17526.279296875,5686300
1087,2021-08-05,17624.8203125,17643.970703125,17566.720703125,17603.119140625,6348300
1088,2021-08-04,17588.640625,17636.109375,17557.1796875,17623.890625,5817500
1089,2021-08-03,17489.119140625,17553.759765625,17456.19921875,17553.759765625,4533200
1090,2021-08-02,17256.609375,17503.279296875,17231.220703125,17503.279296875,5186900
1091,2021-07-30,17414.76953125,17429.009765625,17237.669921875,17247.41015625,6577000
1092,2021-07-29,17216.580078125,17402.810546875,17190.48046875,17402.810546875,5660700
1093,2021-07-28,17252.869140625,17252.869140625,16893.69921875,17135.220703125,6728900
1094,2021-07-27,17394.76953125,17459.349609375,17264.5,17269.869140625,6079500
1095,2021-07-26,17554.9296875,17637.359375,17403.560546875,17403.560546875,5927200
1096,2021-07-23,17603.94921875,17672.599609375,17511.859375,17572.919921875,6686500
1097,2021-07-22,17482.810546875,17667.380859375,17482.810546875,17572.330078125,6900500
1098,2021-07-21,17593.599609375,17707.560546875,17352.240234375,17458.7890625,7703300
1099,2021-07-20,17724.919921875,17724.919921875,17500.689453125,17528.740234375,6263700
1100,2021-07-19,17854.349609375,17854.349609375,17708.150390625,17789.25,5948000
1101,2021-07-16,17839.580078125,17926.380859375,17779.609375,17895.25,6709700
1102,2021-07-15,17878.779296875,18034.189453125,17878.779296875,18034.189453125,5697300
1103,2021-07-14,17892.509765625,17940.859375,17716.439453125,17845.75,7380100
1104,2021-07-13,17931.470703125,18018.0390625,17786.759765625,17847.51953125,8913100
1105,2021-07-12,17843.30078125,17947.900390625,17759.900390625,17814.330078125,6898800
1106,2021-07-09,17778.119140625,17778.119140625,17597.4609375,17661.48046875,6565500
1107,2021-07-08,17880.900390625,17935.109375,17742.080078125,17866.08984375,8078500
1108,2021-07-07,17901.25,17933.619140625,17756.8203125,17850.689453125,6893400
1109,2021-07-06,17929.220703125,18008.369140625,17895.779296875,17913.0703125,6634400
1110,2021-07-05,17783.80078125,17945.51953125,17783.80078125,17919.330078125,7425200
1111,2021-07-02,17745.689453125,17795.880859375,17676.98046875,17710.150390625,8973200
1112,2021-07-01,17801.189453125,17863.900390625,17644.359375,17713.939453125,9647200
1113,2021-06-30,17648.25,17797.26953125,17648.25,17755.4609375,7979400
1114,2021-06-29,17621.150390625,17713.240234375,17541.140625,17598.189453125,8437900
1115,2021-06-28,17531.8203125,17595.509765625,17481.23046875,17590.970703125,7091900
1116,2021-06-25,17471.0703125,17597.330078125,17471.0703125,17502.990234375,6766700
1117,2021-06-24,17358.5703125,17439.630859375,17319.890625,17407.9609375,6453900
1118,2021-06-23,17127.58984375,17375.7890625,17127.58984375,17336.7109375,8083500
1119,2021-06-22,17162.7109375,17270.470703125,17075.55078125,17075.55078125,8917000
1120,2021-06-21,17305.490234375,17305.490234375,17023.310546875,17062.98046875,7503200
1121,2021-06-18,17384.740234375,17417.5,17318.5390625,17318.5390625,7976600
1122,2021-06-17,17254.83984375,17390.609375,17150.51953125,17390.609375,6398800
1123,2021-06-16,17357.369140625,17398.220703125,17275.01953125,17307.859375,7962000
1124,2021-06-15,17279.69921875,17371.2890625,17279.69921875,17371.2890625,6317500
1125,2021-06-11,17200.44921875,17278.55078125,17193.609375,17213.51953125,6154800
1126,2021-06-10,17024.5390625,17159.220703125,16978.009765625,17159.220703125,6582700
1127,2021-06-09,17082.51953125,17082.51953125,16907.4296875,16966.220703125,6310000
1128,2021-06-08,17094.33984375,17181.51953125,17056.529296875,17076.2109375,5658700
1129,2021-06-07,17176.08984375,17189.23046875,16775.849609375,17083.91015625,8683700
1130,2021-06-04,17225.060546875,17225.060546875,17084.490234375,17147.41015625,8595000
1131,2021-06-03,17201.30078125,17311.279296875,17198.890625,17246.16015625,8355400
1132,2021-06-02,17192.91015625,17274.66015625,17056.419921875,17165.0390625,9368700
1133,2021-06-01,17098.490234375,17184.30078125,17060.44921875,17162.380859375,7821200
1134,2021-05-31,16948.470703125,17113.330078125,16939.91015625,17068.4296875,9490500
1135,2021-05-28,16690.0390625,16889.009765625,16690.0390625,16870.859375,8549300
1136,2021-05-27,16591.69921875,16601.609375,16419.419921875,16601.609375,8532000
1137,2021-05-26,16645.169921875,16706.2890625,16523.23046875,16643.689453125,6816100
1138,2021-05-25,16444.75,16657.599609375,16444.75,16595.669921875,9038500
1139,2021-05-24,16246.51953125,16397.58984375,16136.9697265625,16338.2900390625,7333500
1140,2021-05-21,16136.8603515625,16431.140625,16136.8603515625,16302.0595703125,7531400
1141,2021-05-20,16122.51953125,16154.080078125,15943.4501953125,16042.3603515625,8178100
1142,2021-05-19,16112.2099609375,16273.98046875,16009.759765625,16132.66015625,8707800
1143,2021-05-18,15564.9599609375,16153.76953125,15564.9599609375,16145.98046875,7546900
1144,2021-05-17,15554.990234375,15719.740234375,15159.8603515625,15353.8896484375,9443500
1145,2021-05-14,15819.240234375,16075.48046875,15702.099609375,15827.08984375,9406800
1146,2021-05-13,15668.330078125,16031.9296875,15368.5400390625,15670.099609375,10615100
1147,2021-05-12,16515.880859375,16552.630859375,15165.26953125,15902.3701171875,13913300
1148,2021-05-11,17137.189453125,17137.189453125,16460.869140625,16583.130859375,12909700
1149,2021-05-10,17274.23046875,17304.470703125,17188.150390625,17235.609375,9059300
1150,2021-05-07,17032.23046875,17285.0,17032.23046875,17285.0,8356000
1151,2021-05-06,16925.51953125,17088.73046875,16764.7109375,16994.359375,9028200
1152,2021-05-05,16968.75,17052.19921875,16843.439453125,16843.439453125,8435500
1153,2021-05-04,17249.560546875,17328.55078125,16647.609375,16933.779296875,12968600
1154,2021-05-03,17505.51953125,17546.939453125,17222.349609375,17222.349609375,11037100
1155,2021-04-29,17646.9296875,17709.23046875,17548.30078125,17566.66015625,10991600
1156,2021-04-28,17610.720703125,17628.810546875,17497.740234375,17567.529296875,10510700
1157,2021-04-27,17586.01953125,17630.189453125,17489.7109375,17595.900390625,9687900
1158,2021-04-26,17378.359375,17572.2890625,17378.359375,17572.2890625,9298000
1159,2021-04-23,17117.490234375,17300.26953125,17055.48046875,17300.26953125,9329900
1160,2021-04-22,17302.73046875,17428.150390625,17066.169921875,17096.970703125,14999500
1161,2021-04-21,17282.759765625,17282.759765625,17167.390625,17202.109375,9427000
1162,2021-04-20,17231.580078125,17323.869140625,17175.01953125,17323.869140625,9165400
1163,2021-04-19,17141.25,17294.150390625,17135.51953125,17263.279296875,10158100
1164,2021-04-16,17028.349609375,17158.810546875,16998.91015625,17158.810546875,7912900
1165,2021-04-15,16851.060546875,17076.73046875,16851.060546875,17076.73046875,7006700
1166,2021-04-14,16869.779296875,16935.390625,16559.5703125,16865.970703125,10140000
1167,2021-04-13,16872.400390625,17041.369140625,16802.220703125,16824.91015625,10350300
1168,2021-04-12,16908.55078125,16979.349609375,16793.5390625,16859.69921875,9009000
1169,2021-04-09,16974.279296875,17016.130859375,16815.58984375,16854.099609375,8624700
1170,2021-04-08,16786.560546875,16926.720703125,16735.779296875,16926.439453125,7382600
1171,2021-04-07,16771.349609375,16816.33984375,16715.3203125,16815.359375,6682200
1172,2021-04-01,16538.279296875,16602.470703125,16496.16015625,16571.279296875,5687600
1173,2021-03-31,16529.23046875,16550.19921875,16427.19921875,16431.130859375,5865500
1174,2021-03-30,16490.310546875,16556.189453125,16438.400390625,16554.900390625,5851100
1175,2021-03-29,16411.669921875,16520.890625,16411.669921875,16475.970703125,6897800
1176,2021-03-26,16140.3701171875,16325.6201171875,16140.3701171875,16305.8798828125,5404200
1177,2021-03-25,16010.5400390625,16146.580078125,15944.9599609375,16060.1396484375,5947800
1178,2021-03-24,15994.9599609375,16125.5400390625,15967.9501953125,16032.1201171875,5549900
1179,2021-03-23,16250.2001953125,16351.3798828125,16166.2900390625,16177.58984375,7291400
1180,2021-03-22,16065.5,16235.6298828125,15983.76953125,16189.2197265625,7093200
1181,2021-03-19,16186.4599609375,16186.4599609375,16022.169921875,16070.240234375,6753400
1182,2021-03-18,16264.6103515625,16410.01953125,16264.6103515625,16287.83984375,5694800
1183,2021-03-17,16312.98046875,16349.2099609375,16166.349609375,16215.8203125,4911400
1184,2021-03-16,16253.9296875,16340.66015625,16244.990234375,16313.16015625,5049000
1185,2021-03-15,16256.580078125,16281.91015625,16194.91015625,16249.330078125,4681700
1186,2021-03-12,16241.5498046875,16298.0302734375,16166.349609375,16255.1796875,4907000
1187,2021-03-11,15947.2099609375,16216.2197265625,15947.2099609375,16179.5595703125,5113400
1188,2021-03-10,15921.4501953125,15986.0703125,15857.3203125,15911.669921875,4340600
1189,2021-03-09,15715.0703125,15864.259765625,15657.919921875,15853.08984375,5441900
1190,2021-03-08,15943.3701171875,16074.9697265625,15816.5,15820.1103515625,4746800
1191,2021-03-05,15759.580078125,15934.4296875,15636.4296875,15855.23046875,4705600
1192,2021-03-04,16091.75,16091.75,15840.990234375,15906.41015625,5822900
1193,2021-03-03,15992.3203125,16211.73046875,15884.5498046875,16211.73046875,5473300
1194,2021-03-02,16127.8701171875,16262.91015625,15946.8798828125,15946.8798828125,6314300
1195,2021-02-26,16190.0400390625,16190.0400390625,15953.7998046875,15953.7998046875,7625000
1196,2021-02-25,16376.7998046875,16474.05078125,16322.26953125,16452.1796875,6958100
1197,2021-02-24,16329.5400390625,16456.939453125,16212.5302734375,16212.5302734375,6503200
1198,2021-02-23,16320.8798828125,16467.75,16211.75,16443.400390625,6508000
1199,2021-02-22,16445.869140625,16579.169921875,16410.16015625,16410.16015625,6377000
1200,2021-02-19,16376.91015625,16382.7001953125,16211.25,16341.3798828125,5567600
1201,2021-02-18,16366.23046875,16517.73046875,16323.2197265625,16424.509765625,5808600
1202,2021-02-17,16197.4501953125,16406.779296875,16197.4501953125,16362.2900390625,5847800
1203,2021-02-05,15805.759765625,15938.08984375,15774.33984375,15802.400390625,4311100
1204,2021-02-04,15697.75,15801.3701171875,15606.740234375,15706.2197265625,4217800
1205,2021-02-03,15828.6396484375,15896.400390625,15741.16015625,15771.3203125,5015900
1206,2021-02-02,15546.6904296875,15838.150390625,15546.6904296875,15760.0498046875,4965800
1207,2021-02-01,15176.5595703125,15429.98046875,15089.9599609375,15410.08984375,4413200
1208,2021-01-29,15544.3603515625,15603.41015625,15138.3095703125,15138.3095703125,5546700
1209,2021-01-28,15519.849609375,15557.01953125,15367.4501953125,15415.8798828125,5142300
1210,2021-01-27,15711.759765625,15837.4697265625,15642.1201171875,15701.4501953125,4293000
1211,2021-01-26,15955.16015625,16023.8701171875,15589.2099609375,15658.849609375,4526600
1212,2021-01-25,16006.2099609375,16014.9599609375,15772.6298828125,15946.5400390625,4667900
1213,2021-01-22,15984.8896484375,16138.0400390625,15973.01953125,16019.0302734375,5023800
1214,2021-01-21,15775.73046875,16238.4599609375,15775.73046875,16153.76953125,5268500
1215,2021-01-20,15934.849609375,16004.3203125,15745.48046875,15806.1796875,7303000
1216,2021-01-19,15716.6396484375,15928.1396484375,15716.6396484375,15877.3701171875,5516500
1217,2021-01-18,15676.4501953125,15676.4501953125,15320.9697265625,15612.0,5431000
1218,2021-01-15,15987.16015625,16041.58984375,15615.1103515625,15616.3896484375,6418300
1219,2021-01-14,15651.2001953125,15760.150390625,15620.9599609375,15707.1904296875,5571500
1220,2021-01-13,15550.16015625,15778.51953125,15550.16015625,15769.98046875,5900400
1221,2021-01-12,15549.5302734375,15642.0302734375,15421.23046875,15500.7001953125,6399400
1222,2021-01-11,15425.580078125,15557.2998046875,15395.73046875,15557.2998046875,5319100
1223,2021-01-08,15365.1298828125,15463.9501953125,15275.3798828125,15463.9501953125,6192800
1224,2021-01-07,15059.51953125,15270.400390625,15049.8603515625,15214.0,5878900
1225,2021-01-06,15145.849609375,15197.6796875,14837.0,14983.1298828125,7787000
1226,2021-01-05,14913.6396484375,15000.0302734375,14861.990234375,15000.0302734375,6302200
1227,2021-01-04,14720.25,14937.1298828125,14720.25,14902.0302734375,6487600
1228,2020-12-31,14704.5302734375,14760.0595703125,14646.330078125,14732.5302734375,5881100
1229,2020-12-30,14485.9697265625,14695.4404296875,14476.6904296875,14687.7001953125,6211900
1230,2020-12-29,14500.91015625,14547.0703125,14435.0302734375,14472.0498046875,7396000
1231,2020-12-28,14363.4501953125,14483.0703125,14363.4501953125,14483.0703125,6279800
1232,2020-12-25,14306.98046875,14400.830078125,14296.9697265625,14331.419921875,5375300
1233,2020-12-24,14256.2900390625,14324.419921875,14256.2900390625,14280.2802734375,5380500
1234,2020-12-23,14180.7001953125,14247.7900390625,14134.8701171875,14223.08984375,5537300
1235,2020-12-22,14348.1103515625,14411.9296875,14175.6904296875,14177.4599609375,8023200
1236,2020-12-21,14273.7900390625,14384.9599609375,14166.8896484375,14384.9599609375,6280700
1237,2020-12-18,14268.1298828125,14329.1201171875,14245.599609375,14249.9599609375,5686900
1238,2020-12-17,14326.16015625,14338.400390625,14213.490234375,14258.9296875,4300900
1239,2020-12-16,14145.240234375,14339.5,14145.240234375,14304.4599609375,4861300
1240,2020-12-15,14206.330078125,14256.5498046875,14053.349609375,14068.51953125,6314600
1241,2020-12-14,14238.919921875,14270.33984375,14182.25,14211.0498046875,5733400
1242,2020-12-11,14298.58984375,14353.169921875,14081.419921875,14261.6904296875,6398300
1243,2020-12-10,14295.150390625,14319.3798828125,14191.849609375,14249.490234375,6332100
1244,2020-12-09,14336.6904296875,14427.41015625,14336.6904296875,14390.1396484375,6287100
1245,2020-12-08,14251.9404296875,14367.0,14184.580078125,14360.400390625,6401000
1246,2020-12-07,14230.0,14306.8701171875,14142.01953125,14256.599609375,8157200
1247,2020-12-04,14010.169921875,14149.5595703125,14010.169921875,14132.4404296875,6852600
1248,2020-12-03,13988.490234375,14049.580078125,13940.0703125,13977.08984375,6081000
1249,2020-12-02,13970.509765625,13995.7001953125,13894.7001953125,13989.1396484375,6589100
1250,2020-12-01,13810.5498046875,13885.669921875,13749.7099609375,13885.669921875,6561000
1251,2020-11-30,13917.650390625,13969.3896484375,13722.8896484375,13722.8896484375,7445200
1252,2020-11-27,13833.2099609375,13885.009765625,13811.8095703125,13867.08984375,4863800
1253,2020-11-26,13763.7900390625,13856.759765625,13763.7900390625,13845.66015625,4596800
1254,2020-11-25,13860.9501953125,13893.2001953125,13731.8095703125,13738.830078125,5163800
1255,2020-11-24,13918.83984375,13951.169921875,13798.3203125,13807.1298828125,5153400
1256,2020-11-23,13793.5498046875,13921.16015625,13793.5498046875,13878.009765625,4442800
1257,2020-11-20,13702.58984375,13726.2197265625,13666.0703125,13716.4404296875,3869400
1258,2020-11-19,13775.259765625,13785.919921875,13700.0400390625,13722.4296875,3973800
1259,2020-11-18,13628.419921875,13773.2900390625,13608.7197265625,13773.2900390625,4140300
1260,2020-11-17,13723.76953125,13780.1201171875,13593.009765625,13593.009765625,4123400
1261,2020-11-16,13356.740234375,13551.830078125,13356.740234375,13551.830078125,3858000
1262,2020-11-13,13221.7998046875,13273.330078125,13170.1201171875,13273.330078125,3526400
1263,2020-11-12,13324.8603515625,13324.8603515625,13193.740234375,13221.7802734375,3935700
1264,2020-11-11,13067.0400390625,13262.1904296875,13067.0400390625,13262.1904296875,5109800
1265,2020-11-10,13090.650390625,13142.2197265625,13022.919921875,13081.7197265625,4774300
1266,2020-11-09,13053.98046875,13149.900390625,13048.669921875,13127.4697265625,3696600
1267,2020-11-06,12952.490234375,12999.16015625,12927.2998046875,12973.5302734375,3215100
1268,2020-11-05,12878.009765625,12918.7998046875,12840.400390625,12918.7998046875,2946300
1269,2020-11-04,12766.8603515625,12885.2802734375,12736.01953125,12867.900390625,3335500
1270,2020-11-03,12641.2802734375,12760.1396484375,12641.2802734375,12736.009765625,2946900
1271,2020-11-02,12565.3203125,12594.33984375,12480.66015625,12591.3095703125,2950900
1272,2020-10-30,12651.349609375,12656.2900390625,12546.33984375,12546.33984375,3918600
1273,2020-10-29,12687.6396484375,12699.8203125,12583.3701171875,12662.91015625,3741600
1274,2020-10-28,12853.759765625,12879.98046875,12761.330078125,12793.75,3657900
1275,2020-10-27,12867.76953125,12884.3203125,12821.0703125,12875.009765625,3583700
1276,2020-10-26,12923.5498046875,12971.580078125,12894.1796875,12909.0302734375,4288700
1277,2020-10-23,12945.1201171875,12963.259765625,12875.23046875,12898.8203125,3531700
1278,2020-10-22,12854.9697265625,12917.0302734375,12827.400390625,12917.0302734375,3683000
1279,2020-10-21,12889.8798828125,12942.1201171875,12846.419921875,12877.25,3419400
1280,2020-10-20,12889.990234375,12917.75,12862.3701171875,12862.3701171875,2623800
1281,2020-10-19,12803.3203125,12911.41015625,12803.3203125,12908.33984375,2971300
1282,2020-10-16,12814.16015625,12896.2998046875,12750.3701171875,12750.3701171875,3718400
1283,2020-10-15,12892.2900390625,12909.1103515625,12786.259765625,12827.8203125,3580300
1284,2020-10-14,12927.08984375,12960.0,12895.7900390625,12919.3095703125,3672900
1285,2020-10-13,12988.4404296875,12994.66015625,12857.099609375,12947.1298828125,3354400
1286,2020-10-12,12959.150390625,12997.7900390625,12898.8896484375,12955.91015625,3714400
1287,2020-10-08,12832.5400390625,12887.1904296875,12818.009765625,12887.1904296875,3427200
1288,2020-10-07,12667.509765625,12774.3603515625,12619.8095703125,12746.3701171875,2873000
1289,2020-10-06,12644.08984375,12706.3896484375,12644.08984375,12704.23046875,3064800
1290,2020-10-05,12567.8798828125,12637.6201171875,12519.1201171875,12548.2802734375,2876800
1291,2020-09-30,12483.650390625,12568.6796875,12466.580078125,12515.6103515625,2462100
1292,2020-09-29,12488.099609375,12571.33984375,12429.7197265625,12467.73046875,2887800
1293,2020-09-28,12282.3603515625,12462.759765625,12282.3603515625,12462.759765625,3002400
1294,2020-09-25,12312.9404296875,12385.8095703125,12149.8095703125,12232.91015625,4286100
1295,2020-09-24,12487.48046875,12487.48046875,12264.3798828125,12264.3798828125,4698500
1296,2020-09-23,12656.2998046875,12700.8896484375,12548.0703125,12583.8798828125,3552700
1297,2020-09-22,12786.91015625,12786.91015625,12632.740234375,12645.509765625,3420700
1298,2020-09-21,12874.6103515625,12952.3095703125,12795.08984375,12795.1201171875,3612600
1299,2020-09-18,12858.599609375,12927.8095703125,12841.08984375,12875.6201171875,3858100
1300,2020-09-17,12920.150390625,12972.51953125,12851.51953125,12872.740234375,3259900
1301,2020-09-16,12989.8095703125,13021.6796875,12948.7197265625,12976.759765625,3609400
1302,2020-09-15,12787.419921875,12857.73046875,12773.23046875,12845.650390625,3475900
1303,2020-09-14,12680.41015625,12793.0703125,12680.41015625,12787.8203125,3515300
1304,2020-09-11,12697.4599609375,12701.7900390625,12616.6796875,12675.9501953125,4644800
1305,2020-09-10,12665.740234375,12708.6396484375,12650.400390625,12691.75,4738300
1306,2020-09-09,12592.1796875,12616.5703125,12480.5,12608.580078125,4223700
1307,2020-09-08,12637.419921875,12702.5498046875,12614.7197265625,12663.5595703125,4243200
1308,2020-09-07,12645.9296875,12725.0498046875,12575.3603515625,12601.400390625,5406000
1309,2020-09-04,12645.919921875,12655.669921875,12559.7802734375,12637.9501953125,5122000
1310,2020-09-03,12774.9697265625,12857.7900390625,12732.3203125,12757.9697265625,5711400
1311,2020-09-02,12772.4296875,12802.6103515625,12646.4697265625,12699.5,3968600
1312,2020-09-01,12617.3896484375,12703.2802734375,12565.830078125,12703.2802734375,4070500
1313,2020-08-31,12763.4404296875,12831.3798828125,12591.4501953125,12591.4501953125,4820400
1314,2020-08-28,12759.2998046875,12799.16015625,12674.5703125,12728.849609375,3774200
1315,2020-08-27,12888.650390625,12960.6796875,12786.4501953125,12797.3095703125,4956500
1316,2020-08-26,12768.9599609375,12833.2900390625,12734.6904296875,12833.2900390625,3413200
1317,2020-08-25,12706.400390625,12814.5595703125,12698.849609375,12758.25,3891600
1318,2020-08-24,12629.7802734375,12702.9404296875,12567.9501953125,12647.1298828125,3397300
1319,2020-08-21,12462.51953125,12638.650390625,12462.51953125,12607.83984375,3778800
1320,2020-08-20,12764.75,12764.75,12144.759765625,12362.6396484375,6063400
1321,2020-08-19,12904.83984375,12950.1103515625,12778.6396484375,12778.6396484375,4459400
1322,2020-08-18,12974.9599609375,12981.580078125,12840.25,12872.1396484375,3911700
1323,2020-08-17,12813.9404296875,12956.1103515625,12800.6904296875,12956.1103515625,4310300
1324,2020-08-14,12709.9697265625,12801.3095703125,12679.1904296875,12795.4599609375,3896200
1325,2020-08-13,12758.8701171875,12812.7998046875,12717.1298828125,12763.1298828125,3631900
1326,2020-08-12,12713.6298828125,12730.9599609375,12625.5400390625,12670.349609375,3440300
1327,2020-08-11,12856.4599609375,12906.009765625,12780.1904296875,12780.1904296875,3726400
1328,2020-08-10,12786.7998046875,12933.16015625,12786.7998046875,12894.0,3952000
1329,2020-08-07,12901.4296875,12912.6298828125,12791.1796875,12828.8701171875,3831300
1330,2020-08-06,12894.240234375,12971.8701171875,12851.2001953125,12913.5,4098100
1331,2020-08-05,12762.33984375,12816.3896484375,12739.990234375,12802.2998046875,3917200
1332,2020-08-04,12577.8798828125,12709.919921875,12577.8798828125,12709.919921875,3465700
1333,2020-08-03,12642.73046875,12673.01953125,12506.58984375,12513.0302734375,3391600
1334,2020-07-31,12653.4599609375,12733.48046875,12635.7099609375,12664.7998046875,3171700
1335,2020-07-30,12691.8603515625,12769.4697265625,12616.830078125,12722.919921875,3244900
1336,2020-07-29,12530.740234375,12660.8701171875,12488.009765625,12540.9697265625,3067000
1337,2020-07-28,12951.7197265625,13031.7001953125,12533.1904296875,12586.73046875,4457700
1338,2020-07-27,12618.6904296875,12686.3603515625,12586.91015625,12588.2998046875,3687300
1339,2020-07-24,12467.4296875,12502.83984375,12266.5498046875,12304.0400390625,3996200
1340,2020-07-23,12423.01953125,12429.759765625,12347.8603515625,12413.0400390625,3426700
1341,2020-07-22,12389.759765625,12486.9501953125,12389.400390625,12473.26953125,3424000
1342,2020-07-21,12242.3203125,12450.16015625,12242.3203125,12397.5498046875,3529000
1343,2020-07-20,12205.25,12221.330078125,12065.7998046875,12174.5400390625,2819300
1344,2020-07-17,12195.7197265625,12266.9296875,12144.6201171875,12181.5595703125,3396200
1345,2020-07-16,12173.0400390625,12220.9296875,12107.0400390625,12157.740234375,3196600
1346,2020-07-15,12233.990234375,12320.48046875,12162.51953125,12202.849609375,3905800
1347,2020-07-14,12202.8896484375,12228.3095703125,12143.91015625,12209.009765625,3333000
1348,2020-07-13,12109.6103515625,12216.240234375,12109.6103515625,12211.5595703125,3558300
1349,2020-07-10,12250.4404296875,12253.580078125,12030.2001953125,12073.6796875,4166700
1350,2020-07-09,12222.900390625,12273.4296875,12181.33984375,12192.6904296875,3882900
1351,2020-07-08,12086.1298828125,12190.26953125,12083.83984375,12170.1904296875,3598500
1352,2020-07-07,12176.7900390625,12249.9501953125,12028.5703125,12092.9697265625,4263000
1353,2020-07-06,11941.83984375,12116.7001953125,11941.83984375,12116.7001953125,4451500
1354,2020-07-03,11857.900390625,11933.58984375,11857.900390625,11909.16015625,3536100
1355,2020-07-02,11694.099609375,11805.2099609375,11690.9501953125,11805.1396484375,3060100
1356,2020-07-01,11622.6396484375,11736.3896484375,11622.6396484375,11703.419921875,2868400
1357,2020-06-30,11563.599609375,11638.0,11563.599609375,11621.240234375,2935300
1358,2020-06-29,11608.7998046875,11608.7998046875,11500.650390625,11542.6201171875,2922300
1359,2020-06-24,11647.8603515625,11701.23046875,11637.7900390625,11660.669921875,2861900
1360,2020-06-23,11618.419921875,11679.400390625,11530.849609375,11612.3603515625,3057500
1361,2020-06-22,11553.91015625,11632.8798828125,11553.91015625,11572.9296875,2950700
1362,2020-06-19,11557.26953125,11584.8798828125,11542.3701171875,11549.8603515625,4580400
1363,2020-06-18,11534.2001953125,11567.419921875,11485.3896484375,11548.330078125,3404900
1364,2020-06-17,11525.5,11550.3203125,11482.3203125,11534.58984375,3138800
1365,2020-06-16,11380.669921875,11542.25,11380.669921875,11511.6396484375,2915500
1366,2020-06-15,11436.2802734375,11469.83984375,11299.4501953125,11306.259765625,3034000
1367,2020-06-12,11406.5400390625,11442.2998046875,11244.6396484375,11429.9404296875,3367500
1368,2020-06-11,11738.490234375,11771.1201171875,11516.58984375,11535.76953125,4457500
1369,2020-06-10,11635.990234375,11740.900390625,11621.01953125,11720.16015625,3477600
1370,2020-06-09,11600.6103515625,11640.4501953125,11537.3798828125,11637.1103515625,3023600
1371,2020-06-08,11539.0,11631.8896484375,11528.4404296875,11610.3203125,3822500
1372,2020-06-05,11418.009765625,11482.3603515625,11411.9404296875,11479.400390625,3400800
1373,2020-06-04,11373.9404296875,11425.419921875,11341.580078125,11393.23046875,3539700
1374,2020-06-03,11182.51953125,11330.51953125,11182.51953125,11320.16015625,3776100
1375,2020-06-02,11109.26953125,11170.490234375,11102.9697265625,11127.9296875,2754300
1376,2020-06-01,10971.400390625,11109.2900390625,10971.400390625,11079.01953125,2655700
1377,2020-05-29,10921.16015625,10965.0302734375,10861.900390625,10942.16015625,3589800
1378,2020-05-28,11040.6201171875,11087.5302734375,10915.2998046875,10944.1904296875,3122300
1379,2020-05-27,11023.9296875,11069.7197265625,10972.25,11014.66015625,2794500
1380,2020-05-26,10903.3203125,11046.2197265625,10903.3203125,10997.2099609375,2886300
1381,2020-05-25,10812.9404296875,10874.5400390625,10719.25,10871.1796875,2222100
1382,2020-05-22,10977.5498046875,10977.5498046875,10804.5595703125,10811.150390625,2923700
1383,2020-05-21,10933.2099609375,11021.66015625,10933.2099609375,11008.3095703125,2787700
1384,2020-05-20,10892.759765625,10933.98046875,10860.150390625,10907.7998046875,2731300
1385,2020-05-19,10812.7900390625,10924.7900390625,10812.7900390625,10860.4404296875,3048200
1386,2020-05-18,10753.2099609375,10812.8701171875,10730.7001953125,10740.5498046875,2716100
1387,2020-05-15,10833.16015625,10904.009765625,10730.5498046875,10814.919921875,2749400
1388,2020-05-14,10894.169921875,10894.169921875,10777.4599609375,10780.8798828125,3054300
1389,2020-05-13,10861.009765625,10938.26953125,10828.9296875,10938.26953125,2677400
1390,2020-05-12,10974.509765625,10974.509765625,10854.509765625,10879.4697265625,3047800
1391,2020-05-11,10942.1796875,11039.1103515625,10942.1796875,11013.259765625,3370600
1392,2020-05-08,10883.2197265625,10970.7001953125,10883.2197265625,10901.419921875,3169900
1393,2020-05-07,10778.5302734375,10890.8701171875,10775.16015625,10842.919921875,2849600
1394,2020-05-06,10771.08984375,10828.73046875,10708.099609375,10774.98046875,3137600
1395,2020-05-05,10756.9501953125,10833.5302734375,10735.009765625,10774.6103515625,2817200
1396,2020-05-04,10781.509765625,10781.509765625,10658.5,10720.48046875,3113100
1397,2020-04-30,10826.259765625,11012.7802734375,10826.259765625,10992.1396484375,3909100
1398,2020-04-29,10656.400390625,10794.830078125,10656.400390625,10772.2197265625,3529100
1399,2020-04-28,10580.25,10620.51953125,10537.7099609375,10616.0595703125,3260300
1400,2020-04-27,10407.490234375,10578.9599609375,10407.490234375,10567.26953125,3281100
1401,2020-04-24,10367.9697265625,10386.9296875,10324.2001953125,10347.3603515625,2400100
1402,2020-04-23,10370.1298828125,10462.7001953125,10294.8798828125,10366.509765625,2633300
1403,2020-04-22,10256.1103515625,10310.849609375,10140.08984375,10307.740234375,2531000
1404,2020-04-21,10544.7998046875,10544.7998046875,10278.9501953125,10288.419921875,3392700
1405,2020-04-20,10612.4501953125,10637.6396484375,10542.9599609375,10586.7099609375,2298700
1406,2020-04-17,10554.5498046875,10710.150390625,10552.580078125,10597.0400390625,3725200
1407,2020-04-16,10385.7802734375,10425.2900390625,10317.1298828125,10375.48046875,2770300
1408,2020-04-15,10366.76953125,10461.83984375,10366.76953125,10447.2099609375,3333800
1409,2020-04-14,10130.650390625,10344.1298828125,10130.650390625,10332.9404296875,2847000
1410,2020-04-13,10147.5595703125,10179.400390625,10080.650390625,10099.2197265625,2456300
1411,2020-04-10,10105.4296875,10165.1201171875,10103.76953125,10157.6103515625,2365200
1412,2020-04-09,10173.259765625,10246.83984375,10092.3603515625,10119.4296875,3058700
1413,2020-04-08,10010.6396484375,10149.759765625,9984.66015625,10137.4697265625,3117000
1414,2020-04-07,9928.16015625,10039.150390625,9928.16015625,9996.3896484375,3205000
1415,2020-04-06,9707.75,9818.740234375,9651.51953125,9818.740234375,2987300
1416,2020-04-01,9726.2001953125,9736.0,9663.6298828125,9663.6298828125,2434800
1417,2020-03-31,9689.6201171875,9789.8095703125,9630.2998046875,9708.0595703125,2882300
1418,2020-03-30,9571.2197265625,9655.7001953125,9415.51953125,9629.4296875,2274000
1419,2020-03-27,9807.900390625,9954.8603515625,9691.1396484375,9698.919921875,3349400
1420,2020-03-26,9667.1396484375,9739.73046875,9565.01953125,9736.3603515625,2795400
1421,2020-03-25,9426.4296875,9722.3701171875,9426.4296875,9644.75,3565400
1422,2020-03-24,9083.7802734375,9415.6396484375,9083.7802734375,9285.6201171875,2920600
1423,2020-03-23,9025.5498046875,9029.51953125,8750.1396484375,8890.0302734375,136500
1424,2020-03-20,8816.8603515625,9264.419921875,8816.8603515625,9234.08984375,4683400
1425,2020-03-19,9085.2802734375,9085.2802734375,8523.6298828125,8681.33984375,5702600
1426,2020-03-18,9453.98046875,9509.6103515625,9218.669921875,9218.669921875,3991000
1427,2020-03-17,9538.6396484375,9677.0703125,9371.349609375,9439.6298828125,4504100
1428,2020-03-16,10069.419921875,10130.7998046875,9717.76953125,9717.76953125,3783600
1429,2020-03-13,10091.0302734375,10171.2001953125,9636.150390625,10128.8701171875,5906200
1430,2020-03-12,10845.3896484375,10845.3896484375,10359.669921875,10422.3203125,4844200
1431,2020-03-11,11022.8203125,11088.23046875,10885.91015625,10893.75,2804700
1432,2020-03-10,10907.6201171875,11032.4697265625,10830.2197265625,11003.5400390625,3544100
1433,2020-03-09,11221.759765625,11221.759765625,10977.6396484375,10977.6396484375,3897400
1434,2020-03-06,11471.3603515625,11471.3603515625,11310.3203125,11321.8095703125,2518500
1435,2020-03-05,11454.650390625,11525.3203125,11454.650390625,11514.8203125,2291000
1436,2020-03-04,11368.25,11392.349609375,11297.8095703125,11392.349609375,2245300
1437,2020-03-03,11279.8603515625,11390.240234375,11279.8603515625,11327.7197265625,2572300
1438,2020-03-02,11184.66015625,11282.0498046875,11049.849609375,11170.4599609375,3204100
1439,2020-02-27,11436.9599609375,11470.23046875,11274.51953125,11292.169921875,3360600
1440,2020-02-26,11468.599609375,11494.2197265625,11408.0595703125,11433.6201171875,2640000
1441,2020-02-25,11506.740234375,11567.08984375,11415.4697265625,11540.23046875,2158400
1442,2020-02-24,11615.2802734375,11615.2802734375,11512.080078125,11534.8701171875,2347100
1443,2020-02-21,11721.16015625,11755.169921875,11661.6298828125,11686.349609375,1952700
1444,2020-02-20,11785.7802734375,11827.830078125,11714.150390625,11725.08984375,2035400
1445,2020-02-19,11655.3701171875,11783.4296875,11654.16015625,11758.83984375,2169000
1446,2020-02-18,11700.91015625,11717.099609375,11642.9501953125,11648.98046875,1882600
1447,2020-02-17,11770.2998046875,11775.5595703125,11724.8203125,11763.509765625,1837200
1448,2020-02-14,11806.51953125,11840.7900390625,11788.8701171875,11815.7001953125,1697100
1449,2020-02-13,11813.5,11854.98046875,11784.9404296875,11791.7802734375,2132400
1450,2020-02-12,11693.400390625,11801.51953125,11693.400390625,11774.1904296875,2120500
1451,2020-02-11,11614.25,11678.580078125,11614.25,11664.0400390625,1845400
1452,2020-02-10,11514.7197265625,11598.0302734375,11423.33984375,11574.0703125,2328300
1453,2020-02-07,11712.7099609375,11712.7099609375,11592.08984375,11612.8095703125,2182700
1454,2020-02-06,11605.1103515625,11749.6796875,11605.1103515625,11749.6796875,2305400
1455,2020-02-05,11601.5498046875,11620.419921875,11512.7099609375,11573.6201171875,2624400
1456,2020-02-04,11399.4599609375,11581.3603515625,11393.0302734375,11555.919921875,2731100
1457,2020-02-03,11365.900390625,11365.900390625,11138.0302734375,11354.919921875,3472200
1458,2020-01-31,11494.0302734375,11594.2099609375,11436.9501953125,11495.099609375,3130700
1459,2020-01-30,11933.23046875,11933.23046875,11418.2197265625,11421.740234375,4917300
1460,2020-01-20,12107.5595703125,12151.419921875,12101.5498046875,12118.7099609375,2095100
1461,2020-01-17,12080.7197265625,12117.5498046875,12055.91015625,12090.2900390625,2009700
1462,2020-01-16,12006.080078125,12075.5400390625,12006.080078125,12066.9296875,2049000
1463,2020-01-15,12169.919921875,12169.919921875,12048.009765625,12091.8798828125,1943800
1464,2020-01-14,12161.73046875,12186.6201171875,12140.26953125,12179.8095703125,2255300
1465,2020-01-13,12069.6103515625,12113.419921875,12037.240234375,12113.419921875,2292300
1466,2020-01-10,12009.26953125,12038.2099609375,11959.0595703125,12024.650390625,1869000
1467,2020-01-09,11889.4599609375,11992.5498046875,11889.4599609375,11970.6298828125,2036900
1468,2020-01-08,11818.759765625,11899.669921875,11777.4501953125,11817.099609375,2428800
1469,2020-01-07,11961.9697265625,11986.0302734375,11822.400390625,11880.3203125,2338400
1470,2020-01-06,12035.7099609375,12040.080078125,11953.3603515625,11953.3603515625,2345200
1471,2020-01-03,12167.4404296875,12197.6396484375,12023.599609375,12110.4296875,2572900
1472,2020-01-02,12026.5,12110.740234375,12026.23046875,12100.48046875,2023800
1473,2019-12-31,12019.1904296875,12047.75,11997.1396484375,11997.1396484375,1742700
1474,2019-12-30,12094.8095703125,12114.8896484375,12046.2197265625,12053.3701171875,1890200
1475,2019-12-27,12032.7197265625,12093.01953125,12032.7197265625,12091.58984375,1868500
1476,2019-12-26,12018.3798828125,12030.66015625,11982.6396484375,12001.009765625,1618300
1477,2019-12-25,11978.9404296875,12032.3701171875,11973.9501953125,12008.1298828125,1518600
1478,2019-12-24,12023.7900390625,12027.599609375,11976.3798828125,11976.3798828125,1724100
1479,2019-12-23,11969.1396484375,12022.23046875,11960.2099609375,12022.23046875,1907900
1480,2019-12-20,12001.5595703125,12028.2197265625,11937.4501953125,11959.080078125,2649800
1481,2019-12-19,12082.98046875,12111.76953125,12008.16015625,12018.900390625,2236200
1482,2019-12-18,12061.099609375,12125.900390625,12059.919921875,12122.4501953125,0
1483,2019-12-17,11939.6201171875,12097.009765625,11939.6201171875,12097.009765625,2495800
1484,2019-12-16,11915.6103515625,11975.73046875,11915.6103515625,11939.76953125,2643500
1485,2019-12-13,11937.900390625,11990.7802734375,11913.01953125,11927.73046875,2969000
1486,2019-12-12,11766.98046875,11875.98046875,11766.98046875,11836.419921875,2486200
1487,2019-12-11,11635.0703125,11700.76953125,11622.580078125,11700.76953125,2258900
1488,2019-12-10,11647.7802734375,11649.73046875,11607.259765625,11627.83984375,0
1489,2019-12-09,11635.4697265625,11678.3603515625,11631.0302734375,11660.76953125,0
1490,2019-12-06,11639.7998046875,11657.650390625,11577.830078125,11609.6396484375,1975900
1491,2019-12-05,11546.75,11604.3896484375,11546.75,11594.650390625,0
1492,2019-12-04,11511.8203125,11513.830078125,11457.4296875,11510.4697265625,0
1493,2019-12-03,11473.3203125,11531.580078125,11460.0595703125,11531.580078125,1884000
1494,2019-12-02,11509.9404296875,11524.849609375,11454.3798828125,11502.830078125,2131300
1495,2019-11-29,11616.8798828125,11623.58984375,11485.16015625,11489.5703125,2296900
1496,2019-11-28,11641.7001953125,11654.0595703125,11604.6796875,11617.080078125,1977000
1497,2019-11-27,11590.8095703125,11651.73046875,11590.8095703125,11647.4599609375,2166700
1498,2019-11-26,11608.3701171875,11642.9599609375,11576.8203125,11576.8203125,3254400
1499,2019-11-25,11590.8095703125,11604.75,11559.330078125,11561.580078125,2150400
1500,2019-11-22,11556.75,11577.01953125,11534.150390625,11566.7998046875,1840600
1501,2019-11-21,11573.83984375,11573.83984375,11478.4296875,11558.26953125,1861200
1502,2019-11-20,11645.73046875,11649.0703125,11591.73046875,11631.2001953125,1896800
1503,2019-11-19,11608.48046875,11656.400390625,11576.7900390625,11656.400390625,1908800
1504,2019-11-18,11543.7998046875,11599.7802734375,11532.9697265625,11599.7802734375,1943800
1505,2019-11-15,11485.4599609375,11552.25,11485.4599609375,11525.599609375,2446300
1506,2019-11-14,11488.740234375,11498.25,11424.76953125,11450.419921875,2312000
1507,2019-11-13,11483.240234375,11509.3701171875,11439.08984375,11467.830078125,1957000
1508,2019-11-12,11463.330078125,11520.3701171875,11459.6796875,11520.3701171875,2003100
1509,2019-11-11,11570.330078125,11570.330078125,11409.830078125,11427.2802734375,2387200
1510,2019-11-08,11620.8896484375,11642.41015625,11561.3095703125,11579.5400390625,2109500
1511,2019-11-07,11642.91015625,11647.4697265625,11552.080078125,11606.5595703125,2358500
1512,2019-11-06,11645.080078125,11668.2001953125,11601.7001953125,11653.0703125,2666600
1513,2019-11-05,11576.1796875,11644.0302734375,11576.1796875,11644.0302734375,2333100
1514,2019-11-04,11451.7197265625,11559.0703125,11451.7197265625,11556.849609375,2378900
1515,2019-11-01,11373.7001953125,11399.5302734375,11335.509765625,11399.5302734375,1920500
1516,2019-10-31,11393.6796875,11428.419921875,11358.7099609375,11358.7099609375,2507400
1517,2019-10-30,11336.9697265625,11380.2802734375,11306.9501953125,11380.2802734375,1993100
1518,2019-10-29,11347.3896484375,11373.9501953125,11292.830078125,11333.8701171875,2228000
1519,2019-10-28,11321.990234375,11341.0302734375,11295.4404296875,11315.01953125,1737800
1520,2019-10-25,11336.6396484375,11347.1796875,11281.3701171875,11296.1201171875,1966200
1521,2019-10-24,11266.83984375,11320.1396484375,11254.58984375,11320.1396484375,2106800
1522,2019-10-23,11266.1796875,11281.1201171875,11209.099609375,11239.669921875,2304700
1523,2019-10-22,11221.1904296875,11271.25,11218.25,11271.25,2112800
1524,2019-10-21,11166.240234375,11188.1298828125,11147.8603515625,11184.150390625,1760000
1525,2019-10-18,11190.2099609375,11237.3798828125,11154.8603515625,11180.2197265625,2561700
1526,2019-10-17,11156.1396484375,11186.8798828125,11131.4501953125,11186.8798828125,2151300
1527,2019-10-16,11166.169921875,11180.1103515625,11113.1796875,11162.830078125,2346500
1528,2019-10-15,11103.5,11126.4501953125,11091.2900390625,11111.7998046875,2031800
1529,2019-10-14,11004.740234375,11085.490234375,11004.740234375,11066.9501953125,2395500
1530,2019-10-09,10976.9296875,10989.3896484375,10889.9599609375,10889.9599609375,1941600
1531,2019-10-08,10986.009765625,11020.509765625,10986.009765625,11017.3095703125,1872400
1532,2019-10-07,10932.240234375,10954.4501953125,10919.4296875,10935.0595703125,1617600
1533,2019-10-04,10907.6904296875,10941.490234375,10854.1201171875,10894.48046875,1759200
1534,2019-10-03,10866.5,10888.400390625,10809.2802734375,10875.91015625,1753500
1535,2019-10-02,10945.919921875,10965.2001953125,10927.3896484375,10947.8798828125,1628000
1536,2019-10-01,10855.599609375,10967.650390625,10855.599609375,10967.650390625,2028800
1537,2019-09-27,10904.0,10921.169921875,10827.6103515625,10829.6796875,2084900
1538,2019-09-26,10909.5703125,10934.91015625,10856.9599609375,10871.990234375,1930900
1539,2019-09-25,10885.669921875,10885.669921875,10825.849609375,10873.6904296875,1969200
1540,2019-09-24,10917.4404296875,10947.5302734375,10886.6201171875,10918.009765625,2057900
1541,2019-09-23,10924.8095703125,10948.1904296875,10905.919921875,10919.01953125,1996500
1542,2019-09-20,10908.099609375,10931.759765625,10903.4501953125,10929.6904296875,2822000
1543,2019-09-19,10947.6201171875,10954.1796875,10874.66015625,10894.7001953125,1876200
1544,2019-09-18,10887.419921875,10971.5400390625,10878.33984375,10929.4501953125,2121900
1545,2019-09-17,10908.849609375,10912.23046875,10866.4296875,10874.5,2104900
1546,2019-09-16,10822.6904296875,10898.1298828125,10822.6904296875,10898.1298828125,2107200
1547,2019-09-12,10830.25,10862.6796875,10804.01953125,10827.5498046875,2035900
1548,2019-09-11,10787.650390625,10815.58984375,10746.8701171875,10790.349609375,2151800
1549,2019-09-10,10791.9501953125,10810.0302734375,10732.7802734375,10753.580078125,2275000
1550,2019-09-06,10783.4599609375,10803.0703125,10753.4501953125,10780.6396484375,2376200
1551,2019-09-05,10718.400390625,10766.599609375,10714.26953125,10756.9296875,2805200
1552,2019-09-04,10566.3203125,10670.4296875,10566.3203125,10657.3095703125,2090600
1553,2019-09-03,10629.2197265625,10650.150390625,10557.0302734375,10558.2099609375,1997000
1554,2019-09-02,10613.1904296875,10634.849609375,10589.419921875,10634.849609375,2078600
1555,2019-08-30,10504.2802734375,10618.0498046875,10504.2802734375,10618.0498046875,2823700
1556,2019-08-29,10440.150390625,10466.990234375,10406.490234375,10462.4296875,2063000
1557,2019-08-28,10397.599609375,10456.2998046875,10397.599609375,10434.2900390625,1678300
1558,2019-08-27,10386.2099609375,10431.7802734375,10368.9599609375,10387.23046875,2298800
1559,2019-08-26,10453.400390625,10453.400390625,10340.150390625,10354.5703125,2015700
1560,2019-08-23,10526.150390625,10541.73046875,10503.0703125,10538.1103515625,1896100
1561,2019-08-22,10560.009765625,10596.41015625,10515.7197265625,10529.7802734375,2281400
1562,2019-08-21,10526.8701171875,10545.25,10504.490234375,10525.7998046875,2139300
1563,2019-08-20,10508.419921875,10538.1201171875,10497.1298828125,10522.5,2290800
1564,2019-08-19,10449.3896484375,10516.0498046875,10449.3896484375,10488.75,2353800
1565,2019-08-16,10345.419921875,10456.3203125,10318.3701171875,10420.8896484375,2566100
1566,2019-08-15,10374.75,10374.75,10287.759765625,10327.1298828125,2414000
1567,2019-08-14,10444.5,10518.01953125,10427.73046875,10427.73046875,2618400
1568,2019-08-13,10436.6201171875,10436.6201171875,10361.8896484375,10362.66015625,2269300
1569,2019-08-12,10491.7900390625,10514.0498046875,10440.76953125,10472.3603515625,2361300
1570,2019-08-08,10383.6201171875,10500.76953125,10383.6201171875,10494.490234375,2086500
1571,2019-08-07,10422.8896484375,10461.3701171875,10366.5400390625,10386.1796875,2041200
1572,2019-08-06,10304.8798828125,10425.599609375,10180.0400390625,10394.75,2451800
1573,2019-08-05,10528.8701171875,10542.490234375,10418.25,10423.41015625,2297300
1574,2019-08-02,10641.2802734375,10641.2802734375,10524.6796875,10549.0400390625,2828900
1575,2019-08-01,10773.0595703125,10773.25,10714.73046875,10731.75,2335400
1576,2019-07-31,10824.150390625,10835.7998046875,10754.0703125,10823.8095703125,2427500
1577,2019-07-30,10909.98046875,10927.16015625,10827.740234375,10830.900390625,2415700
1578,2019-07-29,10872.6298828125,10905.740234375,10863.330078125,10885.73046875,2149500
1579,2019-07-26,10898.25,10907.4404296875,10879.240234375,10891.98046875,2243400
1580,2019-07-25,10892.25,10945.919921875,10879.400390625,10941.41015625,2543700
1581,2019-07-24,10969.740234375,10976.4599609375,10912.919921875,10935.759765625,2400800
1582,2019-07-23,10963.8603515625,10994.4404296875,10932.5302734375,10947.259765625,2326900
1583,2019-07-22,10910.5,10949.759765625,10909.150390625,10944.5302734375,2145600
1584,2019-07-19,10861.990234375,10919.9599609375,10861.990234375,10873.1904296875,2136100
1585,2019-07-18,10821.919921875,10835.4296875,10792.26953125,10799.2802734375,2208600
1586,2019-07-17,10861.1103515625,10861.1103515625,10804.33984375,10828.48046875,2420400
1587,2019-07-16,10865.0,10899.83984375,10865.0,10886.0498046875,2352100
1588,2019-07-15,10819.919921875,10880.5595703125,10769.5703125,10876.4296875,2211100
1589,2019-07-12,10855.16015625,10867.58984375,10823.8896484375,10824.349609375,2352200
1590,2019-07-11,10817.599609375,10856.509765625,10799.650390625,10843.419921875,2378800
1591,2019-07-10,10723.23046875,10810.16015625,10723.23046875,10798.48046875,2038800
1592,2019-07-09,10729.830078125,10733.5703125,10680.849609375,10702.7802734375,1723300
1593,2019-07-08,10742.8095703125,10781.1103515625,10708.919921875,10751.2197265625,1628900
1594,2019-07-05,10785.849609375,10812.3798828125,10756.669921875,10785.73046875,1573800
1595,2019-07-04,10755.8701171875,10791.2802734375,10750.900390625,10775.900390625,1576600
1596,2019-07-03,10793.099609375,10812.650390625,10720.66015625,10743.76953125,1875300
1597,2019-07-02,10878.009765625,10888.2099609375,10843.6396484375,10865.1201171875,2034200
1598,2019-07-01,10821.2998046875,10914.849609375,10821.2998046875,10895.4599609375,2277900
1599,2019-06-28,10786.66015625,10788.080078125,10719.080078125,10730.830078125,1693000
1600,2019-06-27,10674.2001953125,10800.2900390625,10674.2001953125,10773.900390625,2226300
1601,2019-06-26,10661.3896484375,10690.98046875,10645.3701171875,10652.5498046875,1555600
1602,2019-06-25,10777.1796875,10787.6201171875,10693.0400390625,10706.7197265625,1790000
1603,2019-06-24,10734.25,10786.330078125,10695.490234375,10779.4501953125,1711700
1604,2019-06-21,10817.7099609375,10840.2900390625,10773.4697265625,10803.76953125,2780700
1605,2019-06-20,10749.41015625,10799.1396484375,10745.25,10785.009765625,2079800
1606,2019-06-19,10650.48046875,10778.6396484375,10650.48046875,10775.33984375,2370300
1607,2019-06-18,10547.150390625,10573.76953125,10521.7001953125,10566.740234375,1524200
1608,2019-06-17,10488.7001953125,10562.9697265625,10474.1904296875,10530.5400390625,1444800
1609,2019-06-14,10546.419921875,10568.919921875,10517.8203125,10524.669921875,1505300
1610,2019-06-13,10582.1904296875,10617.0595703125,10539.490234375,10561.009765625,1685400
1611,2019-06-12,10605.75,10630.6904296875,10566.3701171875,10615.66015625,2034500
1612,2019-06-11,10567.5400390625,10637.900390625,10548.0595703125,10607.759765625,2350800
1613,2019-06-10,10486.23046875,10566.4697265625,10466.240234375,10566.4697265625,1819200
1614,2019-06-06,10409.900390625,10429.330078125,10371.080078125,10409.2001953125,1716000
1615,2019-06-05,10497.5,10541.2900390625,10446.509765625,10461.6201171875,1703200
1616,2019-06-04,10499.509765625,10518.330078125,10421.8095703125,10429.1201171875,1621700
1617,2019-06-03,10482.4501953125,10511.2001953125,10383.509765625,10500.0703125,1635900
1618,2019-05-31,10386.1201171875,10515.099609375,10369.01953125,10498.490234375,2168100
1619,2019-05-30,10307.1201171875,10384.3603515625,10306.0302734375,10382.990234375,1788400
1620,2019-05-29,10277.349609375,10307.75,10227.4404296875,10301.7802734375,1853800
1621,2019-05-28,10348.580078125,10361.6103515625,10312.3095703125,10312.3095703125,3192400
1622,2019-05-27,10344.1796875,10365.4404296875,10305.2802734375,10334.1298828125,1661800
1623,2019-05-24,10313.150390625,10370.9697265625,10308.58984375,10328.2802734375,1754200
1624,2019-05-23,10404.0,10404.0,10289.6904296875,10308.3701171875,1960700
1625,2019-05-22,10481.099609375,10520.6201171875,10453.5,10457.2197265625,1664400
1626,2019-05-21,10362.349609375,10477.2001953125,10342.3203125,10464.5,2268700
1627,2019-05-20,10405.3603515625,10465.83984375,10385.1796875,10398.41015625,1909200
1628,2019-05-17,10508.5595703125,10564.9697265625,10384.1103515625,10384.1103515625,2375500
1629,2019-05-16,10556.580078125,10573.9296875,10474.6103515625,10474.6103515625,2169600
1630,2019-05-15,10535.240234375,10612.5,10535.240234375,10560.7099609375,2024100
1631,2019-05-14,10480.2099609375,10544.9697265625,10363.01953125,10519.25,2502400
1632,2019-05-13,10684.0400390625,10693.4404296875,10549.0595703125,10558.2900390625,2021900
1633,2019-05-10,10751.5498046875,10834.6904296875,10669.3896484375,10712.990234375,2139200
1634,2019-05-09,10910.4697265625,10910.4697265625,10732.9697265625,10733.669921875,2458000
1635,2019-05-08,10938.4697265625,10946.8203125,10867.0595703125,10923.7099609375,1846400
1636,2019-05-07,10913.9501953125,11004.759765625,10913.9501953125,10987.1396484375,1781400
1637,2019-05-06,11005.3603515625,11005.3603515625,10870.400390625,10897.1201171875,2240200
1638,2019-05-03,11037.990234375,11097.0,11018.8603515625,11096.2998046875,1868300
1639,2019-05-02,10992.759765625,11046.6396484375,10988.7001953125,11004.490234375,1843600
1640,2019-04-30,10945.9404296875,10978.099609375,10910.7802734375,10967.73046875,1865000
1641,2019-04-29,10952.91015625,10992.5498046875,10905.7802734375,10939.0595703125,2124700
1642,2019-04-26,10986.5302734375,10986.5302734375,10906.4404296875,10952.4697265625,2174600
1643,2019-04-25,11017.73046875,11046.76953125,11006.6796875,11039.8603515625,2203500
1644,2019-04-24,11054.01953125,11070.849609375,10995.830078125,11027.6396484375,2158600
1645,2019-04-23,10994.2802734375,11025.6796875,10949.2998046875,11025.6796875,1997200
1646,2019-04-22,10994.51953125,11027.490234375,10974.8203125,10987.7099609375,2117600
1647,2019-04-19,11017.6904296875,11045.080078125,10950.4296875,10968.5,2135400
1648,2019-04-18,11038.240234375,11077.990234375,10926.849609375,10962.01953125,2903900
1649,2019-04-17,10961.6103515625,11016.919921875,10961.6103515625,10997.259765625,2918400
1650,2019-04-16,10905.6298828125,10927.849609375,10876.33984375,10927.849609375,2542500
1651,2019-04-15,10849.83984375,10897.2099609375,10849.5498046875,10875.599609375,2225000
1652,2019-04-12,10820.9404296875,10836.4404296875,10782.01953125,10805.2998046875,2240000
1653,2019-04-11,10869.240234375,10887.1201171875,10797.759765625,10808.76953125,2465900
1654,2019-04-10,10839.9296875,10875.650390625,10815.6103515625,10868.1396484375,2380600
1655,2019-04-09,10805.3896484375,10851.599609375,10793.76953125,10851.599609375,2515400
1656,2019-04-08,10759.9599609375,10807.0498046875,10759.9599609375,10800.5703125,2775100
1657,2019-04-03,10725.169921875,10741.5595703125,10690.23046875,10704.3798828125,2223400
1658,2019-04-02,10695.4697265625,10728.3798828125,10685.099609375,10690.2998046875,2311900
1659,2019-04-01,10714.6796875,10735.0703125,10627.009765625,10642.6298828125,2667600
1660,2019-03-29,10551.990234375,10641.0400390625,10525.26953125,10641.0400390625,2220600
1661,2019-03-28,10529.01953125,10536.259765625,10499.2900390625,10536.259765625,1931300
1662,2019-03-27,10542.6796875,10556.75,10515.8603515625,10542.7001953125,1974900
1663,2019-03-26,10506.6796875,10559.2001953125,10506.6796875,10559.2001953125,1978500
1664,2019-03-25,10535.1201171875,10535.1201171875,10458.7900390625,10479.48046875,2215900
1665,2019-03-22,10642.5703125,10667.9404296875,10589.4697265625,10639.0703125,2427100
1666,2019-03-21,10563.9296875,10612.33984375,10551.669921875,10609.5498046875,2137700
1667,2019-03-20,10529.2998046875,10556.8095703125,10506.9599609375,10551.5595703125,2260000
1668,2019-03-19,10497.400390625,10525.599609375,10484.6904296875,10512.3203125,2284300
1669,2019-03-18,10455.1904296875,10512.7001953125,10445.740234375,10512.7001953125,2211800
1670,2019-03-15,10374.66015625,10439.240234375,10370.0,10439.240234375,2821000
1671,2019-03-14,10391.2998046875,10407.26953125,10339.6396484375,10348.650390625,2101900
1672,2019-03-13,10331.26953125,10373.3203125,10331.26953125,10373.3203125,1810600
1673,2019-03-12,10294.3701171875,10382.1201171875,10294.3701171875,10343.330078125,1970500
1674,2019-03-11,10224.26953125,10269.2998046875,10214.01953125,10250.2802734375,1774800
1675,2019-03-08,10274.2802734375,10274.2802734375,10204.2099609375,10241.75,1780600
1676,2019-03-07,10359.4697265625,10367.98046875,10299.4599609375,10311.6796875,2007700
1677,2019-03-06,10328.1796875,10359.1201171875,10327.900390625,10357.150390625,1865800
1678,2019-03-05,10323.25,10334.33984375,10295.4404296875,10305.259765625,1773500
1679,2019-03-04,10385.25,10402.3896484375,10313.1796875,10349.8798828125,2273800
1680,2019-02-27,10385.8095703125,10403.0498046875,10343.5595703125,10389.169921875,2510800
1681,2019-02-26,10403.0302734375,10416.91015625,10368.8603515625,10391.5498046875,2295000
1682,2019-02-25,10343.4501953125,10390.9296875,10343.4501953125,10390.9296875,2325300
1683,2019-02-22,10309.01953125,10322.919921875,10269.9501953125,10322.919921875,2188700
1684,2019-02-21,10282.3203125,10319.5302734375,10256.5302734375,10319.5302734375,2282400
1685,2019-02-20,10181.9404296875,10272.4599609375,10181.9404296875,10272.4599609375,2246700
1686,2019-02-19,10152.1103515625,10173.4697265625,10143.150390625,10152.259765625,1765600
1687,2019-02-18,10096.9404296875,10165.76953125,10096.9404296875,10145.2802734375,1911900
1688,2019-02-15,10111.1796875,10135.16015625,10055.5,10064.7802734375,2137700
1689,2019-02-14,10095.990234375,10135.6201171875,10082.0,10089.009765625,2140200
1690,2019-02-13,10123.6103515625,10140.98046875,10074.33984375,10090.580078125,2455200
1691,2019-02-12,10032.080078125,10100.23046875,10032.080078125,10097.740234375,2264900
1692,2019-02-11,10029.83984375,10065.51953125,9988.830078125,10004.25,2320500
1693,2019-01-30,9915.9697265625,9959.0302734375,9909.8095703125,9932.259765625,1981800
1694,2019-01-29,9944.7099609375,9952.33984375,9893.9599609375,9931.58984375,1647200
1695,2019-01-28,10006.4599609375,10020.599609375,9990.0703125,10013.330078125,1656900
1696,2019-01-25,9923.3896484375,9980.080078125,9918.2099609375,9969.6103515625,1944600
1697,2019-01-24,9865.0,9892.8203125,9847.3203125,9877.1201171875,1452000
1698,2019-01-23,9869.5400390625,9873.3896484375,9828.0302734375,9846.400390625,1140300
1699,2019-01-22,9880.5400390625,9894.66015625,9855.4697265625,9894.66015625,1408000
1700,2019-01-21,9870.26953125,9919.9404296875,9870.26953125,9889.400390625,1593600
1701,2019-01-18,9781.3896484375,9842.7998046875,9771.150390625,9836.0595703125,1545600
1702,2019-01-17,9773.3095703125,9826.25,9759.509765625,9789.150390625,1634200
1703,2019-01-16,9781.349609375,9803.990234375,9763.8095703125,9763.8095703125,1796800
1704,2019-01-15,9701.9296875,9806.0400390625,9701.9296875,9806.0400390625,1709500
1705,2019-01-14,9737.669921875,9762.3701171875,9677.490234375,9708.2197265625,1356000
1706,2019-01-11,9753.6298828125,9796.98046875,9736.0,9759.400390625,1618600
1707,2019-01-10,9731.1103515625,9731.1103515625,9683.2001953125,9720.6904296875,1609200
1708,2019-01-09,9584.6298828125,9741.6396484375,9584.6298828125,9738.3095703125,2281800
1709,2019-01-08,9591.5595703125,9600.9404296875,9547.6298828125,9563.599609375,1423100
1710,2019-01-07,9460.2001953125,9596.349609375,9460.2001953125,9590.2998046875,1722300
1711,2019-01-04,9427.240234375,9427.240234375,9319.2802734375,9382.509765625,1842100
1712,2019-01-03,9494.25,9554.5302734375,9474.4697265625,9492.419921875,1560800
1713,2019-01-02,9725.26953125,9737.6796875,9542.51953125,9554.1396484375,1239100
1714,2018-12-28,9649.9697265625,9727.41015625,9630.76953125,9727.41015625,1411300
1715,2018-12-27,9555.009765625,9670.9697265625,9555.009765625,9641.5595703125,1511100
1716,2018-12-26,9544.8701171875,9591.91015625,9473.2998046875,9478.990234375,1299700
1717,2018-12-25,9559.7001953125,9559.7001953125,9479.0595703125,9527.08984375,1458500
1718,2018-12-24,9646.5302734375,9658.9501953125,9613.2900390625,9639.7001953125,1385100
1719,2018-12-21,9648.98046875,9683.9501953125,9585.3203125,9676.669921875,2087300
1720,2018-12-20,9729.2900390625,9741.5498046875,9658.5,9674.51953125,1696500
1721,2018-12-19,9720.919921875,9783.2099609375,9720.919921875,9783.2099609375,1782800
1722,2018-12-18,9756.4599609375,9756.669921875,9701.099609375,9718.8203125,1881600
1723,2018-12-17,9762.490234375,9826.8798828125,9733.98046875,9787.5302734375,1597900
1724,2018-12-14,9818.9501953125,9818.9501953125,9718.9404296875,9774.16015625,1837600
1725,2018-12-13,9827.3203125,9871.9599609375,9815.5,9858.759765625,2034600
1726,2018-12-12,9741.4501953125,9835.5595703125,9741.4501953125,9816.4501953125,1860200
1727,2018-12-11,9661.7197265625,9720.9599609375,9661.7197265625,9707.0400390625,1768400
1728,2018-12-10,9722.9697265625,9722.9697265625,9626.4697265625,9647.5400390625,1868800
1729,2018-12-07,9719.4599609375,9785.2001953125,9719.4599609375,9760.8798828125,1716300
1730,2018-12-06,9850.080078125,9850.080078125,9664.75,9684.7197265625,2658000
1731,2018-12-05,9971.98046875,9971.98046875,9895.2900390625,9916.740234375,2025400
1732,2018-12-04,10120.4296875,10126.01953125,10061.7001953125,10083.5400390625,2576200
1733,2018-12-03,9979.2099609375,10148.75,9979.2099609375,10137.8701171875,3055000
1734,2018-11-30,9899.240234375,9957.6298828125,9888.0302734375,9888.0302734375,3655700
1735,2018-11-29,9959.8701171875,10001.849609375,9885.3603515625,9885.3603515625,2548900
1736,2018-11-28,9774.0302734375,9890.8896484375,9767.1396484375,9884.3095703125,2320700
1737,2018-11-27,9728.9501953125,9781.400390625,9688.740234375,9778.6201171875,1887000
1738,2018-11-26,9679.98046875,9847.349609375,9679.98046875,9765.3603515625,1721700
1739,2018-11-23,9730.6396484375,9738.7998046875,9654.91015625,9667.2998046875,1478500
1740,2018-11-22,9769.330078125,9792.990234375,9702.76953125,9714.7099609375,1653700
1741,2018-11-21,9698.51953125,9753.6904296875,9632.4697265625,9741.51953125,1656500
1742,2018-11-20,9788.9501953125,9800.0302734375,9726.7998046875,9743.990234375,1494300
1743,2018-11-19,9795.4697265625,9836.01953125,9779.400390625,9828.6904296875,1612100
1744,2018-11-16,9819.0498046875,9851.2900390625,9770.8701171875,9797.08984375,2128300
1745,2018-11-15,9806.580078125,9844.3896484375,9755.1201171875,9826.4599609375,1981500
1746,2018-11-14,9799.6904296875,9823.25,9763.8896484375,9791.8798828125,1936800
1747,2018-11-13,9727.169921875,9777.349609375,9616.16015625,9775.83984375,1893900
1748,2018-11-12,9806.7998046875,9875.83984375,9764.4599609375,9831.2099609375,1553300
1749,2018-11-09,9921.7802734375,9921.7802734375,9798.4501953125,9830.009765625,1597500
1750,2018-11-08,9958.4697265625,10014.419921875,9938.5498046875,9945.3095703125,2038400
1751,2018-11-07,9818.150390625,9912.5302734375,9817.9501953125,9908.349609375,1867900
1752,2018-11-06,9888.41015625,9899.9697265625,9782.8603515625,9824.9501953125,1984100
1753,2018-11-05,9856.849609375,9889.8095703125,9786.25,9889.8095703125,1847700
1754,2018-11-02,9871.400390625,9906.58984375,9817.2900390625,9906.58984375,2238700
1755,2018-11-01,9812.2001953125,9869.58984375,9742.6103515625,9844.740234375,1992200
1756,2018-10-31,9588.8603515625,9802.1298828125,9588.8603515625,9802.1298828125,2211300
1757,2018-10-30,9508.8095703125,9574.830078125,9481.66015625,9526.1103515625,1671600
1758,2018-10-29,9515.4296875,9554.349609375,9459.1201171875,9516.3203125,1787600
1759,2018-10-26,9570.1904296875,9629.0703125,9400.6904296875,9489.1796875,2247500
1760,2018-10-25,9622.9501953125,9622.9501953125,9475.6103515625,9520.7900390625,2456900
1761,2018-10-24,9774.2900390625,9809.1904296875,9667.849609375,9759.400390625,2135200
1762,2018-10-23,9912.2802734375,9912.2802734375,9775.2001953125,9775.2001953125,1711300
1763,2018-10-22,9871.2998046875,9984.150390625,9822.150390625,9974.2802734375,1481700
1764,2018-10-19,9879.4697265625,9919.259765625,9762.91015625,9919.259765625,2417000
1765,2018-10-18,9975.4599609375,10019.5,9919.7900390625,9953.73046875,1611800
1766,2018-10-17,10048.4296875,10127.009765625,9978.25,9979.1396484375,1856700
1767,2018-10-16,9891.9697265625,10011.1904296875,9888.73046875,9981.099609375,1888800
1768,2018-10-15,9989.6298828125,9989.6298828125,9890.4697265625,9901.1201171875,2044700
1769,2018-10-12,9811.580078125,10046.009765625,9740.759765625,10045.8095703125,2724400
1770,2018-10-11,10272.0400390625,10272.0400390625,9797.9296875,9806.1103515625,4348500
1771,2018-10-09,10464.3896484375,10503.099609375,10428.9697265625,10466.830078125,2097200
1772,2018-10-08,10467.849609375,10507.830078125,10403.1298828125,10455.9296875,1796600
1773,2018-10-05,10665.2900390625,10669.6298828125,10446.9404296875,10517.1201171875,2735700
1774,2018-10-04,10826.1904296875,10826.1904296875,10707.759765625,10718.91015625,1874000
1775,2018-10-03,10918.740234375,10926.73046875,10839.4599609375,10863.9404296875,1696000
1776,2018-10-02,11048.8896484375,11064.33984375,10906.419921875,10919.6298828125,1802400
1777,2018-10-01,11014.1904296875,11062.4296875,11012.9501953125,11051.7998046875,1646700
1778,2018-09-28,11050.08984375,11073.9501953125,10966.9599609375,11006.33984375,2192700
1779,2018-09-27,10973.76953125,11051.08984375,10961.26953125,11034.1904296875,2089800
1780,2018-09-26,10974.080078125,11007.349609375,10947.2900390625,10974.1904296875,1855200
1781,2018-09-25,10959.5595703125,11003.490234375,10941.76953125,10978.849609375,1987200
1782,2018-09-21,10857.099609375,10972.41015625,10835.83984375,10972.41015625,2539000
1783,2018-09-20,10886.1904296875,10908.3603515625,10814.5400390625,10831.41015625,2090900
1784,2018-09-19,10808.5,10882.75,10808.5,10857.26953125,1999200
1785,2018-09-18,10794.2197265625,10806.5595703125,10750.8095703125,10760.2099609375,1938500
1786,2018-09-17,10881.7802734375,10883.98046875,10806.73046875,10828.6103515625,1698100
1787,2018-09-14,10776.5302734375,10882.0400390625,10770.4697265625,10868.1396484375,2068800
1788,2018-09-13,10726.669921875,10758.83984375,10701.25,10727.23046875,1811500
1789,2018-09-12,10762.91015625,10779.9296875,10667.25,10722.5703125,1938500
1790,2018-09-11,10723.0,10765.419921875,10669.58984375,10752.2998046875,2098700
1791,2018-09-10,10869.7998046875,10877.7197265625,10689.2900390625,10725.7998046875,2600600
1792,2018-09-07,10922.5498046875,10922.5498046875,10807.5595703125,10846.990234375,2491300
1793,2018-09-06,11016.919921875,11016.919921875,10905.33984375,10924.2998046875,2038400
1794,2018-09-05,11042.41015625,11058.0595703125,10989.9296875,10995.1298828125,1898700
1795,2018-09-04,10981.3896484375,11028.26953125,10956.490234375,11021.3798828125,1653400
1796,2018-09-03,11087.8603515625,11097.1103515625,10952.849609375,10964.2197265625,1897900
1797,2018-08-31,11037.259765625,11063.9404296875,10987.6796875,11063.9404296875,2081900
1798,2018-08-30,11153.9697265625,11186.0498046875,11080.0703125,11093.75,1915800
1799,2018-08-29,11029.1201171875,11099.5703125,11029.1103515625,11099.5703125,1822900
1800,2018-08-28,10946.330078125,11005.5498046875,10946.330078125,10989.5498046875,1940600
1801,2018-08-27,10847.169921875,10916.6904296875,10847.169921875,10902.2099609375,1710800
1802,2018-08-24,10865.91015625,10865.91015625,10770.3203125,10809.349609375,1748700
1803,2018-08-23,10817.330078125,10863.1298828125,10802.7900390625,10863.1298828125,1938600
1804,2018-08-22,10790.240234375,10828.2099609375,10774.6904296875,10804.2001953125,2018400
1805,2018-08-21,10697.009765625,10792.2001953125,10697.009765625,10792.2001953125,1972500
1806,2018-08-20,10698.759765625,10729.900390625,10663.4404296875,10699.0498046875,2057400
1807,2018-08-17,10702.599609375,10757.009765625,10688.5498046875,10690.9599609375,2069100
1808,2018-08-16,10663.5703125,10725.7099609375,10606.259765625,10683.900390625,2348700
1809,2018-08-15,10827.2802734375,10827.2802734375,10688.58984375,10716.75,2450800
1810,2018-08-14,10797.9501953125,10829.849609375,10755.5302734375,10824.23046875,2280700
1811,2018-08-13,10939.6796875,10939.6796875,10693.73046875,10748.919921875,2883800
1812,2018-08-10,11009.9599609375,11033.8896484375,10972.25,10983.6796875,2143300
1813,2018-08-09,11063.6201171875,11063.6201171875,11001.9599609375,11028.0703125,2004300
1814,2018-08-08,11026.0703125,11095.5,11026.0703125,11075.25,2141000
1815,2018-08-07,11024.9697265625,11030.08984375,10983.4404296875,10983.4404296875,1987900
1816,2018-08-06,10997.259765625,11054.490234375,10994.9697265625,11024.099609375,1896400
1817,2018-08-03,10957.2998046875,11012.4296875,10957.2998046875,11012.4296875,1956900
1818,2018-08-02,11095.669921875,11095.669921875,10919.1298828125,10929.76953125,2168200
1819,2018-08-01,11062.3603515625,11100.01953125,11058.2802734375,11098.1298828125,2144000
1820,2018-07-31,10997.73046875,11057.509765625,10976.4599609375,11057.509765625,2513500
1821,2018-07-30,11072.7001953125,11080.41015625,11001.150390625,11033.5400390625,2141500
1822,2018-07-27,11023.0703125,11075.7802734375,11009.16015625,11075.7802734375,2230900
1823,2018-07-26,10969.349609375,11018.1904296875,10966.330078125,11010.6103515625,2336000
1824,2018-07-25,10957.66015625,10992.2900390625,10956.0,10965.7900390625,1970700
1825,2018-07-24,10937.76953125,10995.3896484375,10917.6103515625,10995.3896484375,2213600
1826,2018-07-23,10929.4599609375,10984.83984375,10901.75,10946.8896484375,2153400
1827,2018-07-20,10932.509765625,10963.9501953125,10893.73046875,10932.1103515625,2245800
1828,2018-07-19,10868.5595703125,10896.25,10826.1396484375,10835.3798828125,2052700
1829,2018-07-18,10811.4296875,10872.740234375,10788.3701171875,10842.4599609375,2388600
1830,2018-07-17,10802.75,10818.83984375,10758.830078125,10778.990234375,2029100
1831,2018-07-16,10867.9697265625,10890.2001953125,10817.4501953125,10817.4501953125,1889400
1832,2018-07-13,10769.7001953125,10864.5400390625,10769.7001953125,10864.5400390625,2134000
1833,2018-07-12,10644.91015625,10752.5703125,10643.650390625,10738.3798828125,2053500
1834,2018-07-11,10693.6396484375,10693.6396484375,10635.0302734375,10676.83984375,2140700
1835,2018-07-10,10737.6201171875,10776.4697265625,10728.240234375,10756.8896484375,2427500
1836,2018-07-09,10638.900390625,10746.740234375,10638.900390625,10720.2802734375,2329300
1837,2018-07-06,10645.66015625,10665.7197265625,10523.580078125,10608.5703125,2613100
1838,2018-07-05,10690.91015625,10709.7998046875,10585.26953125,10611.8095703125,2075800
1839,2018-07-04,10714.25,10752.0498046875,10680.4404296875,10721.8701171875,2081200
1840,2018-07-03,10802.8798828125,10873.48046875,10707.6796875,10715.7197265625,2685900
1841,2018-07-02,10852.169921875,10886.2001953125,10777.9404296875,10777.9404296875,2244500
1842,2018-06-29,10667.6396484375,10836.91015625,10667.6396484375,10836.91015625,2256100
1843,2018-06-28,10669.419921875,10723.83984375,10633.009765625,10654.2802734375,2259600
1844,2018-06-27,10766.8798828125,10800.33984375,10701.0302734375,10701.0302734375,2357900
1845,2018-06-26,10730.900390625,10752.990234375,10651.419921875,10742.169921875,2616000
1846,2018-06-25,10834.0703125,10851.16015625,10786.4599609375,10786.4599609375,2393700
1847,2018-06-22,10901.25,10914.830078125,10828.8603515625,10899.2802734375,2733900
1848,2018-06-21,10949.849609375,10992.3095703125,10941.0703125,10941.0703125,2522200
1849,2018-06-20,10904.7998046875,10969.2001953125,10842.5595703125,10927.4404296875,3060000
1850,2018-06-19,11008.76953125,11008.76953125,10904.1904296875,10904.1904296875,3158000
1851,2018-06-15,10998.2001953125,11087.4697265625,10981.6103515625,11087.4697265625,3547100
1852,2018-06-14,11143.0400390625,11143.0400390625,11013.98046875,11013.98046875,3145600
1853,2018-06-13,11153.2001953125,11188.009765625,11119.240234375,11173.2099609375,3259400
1854,2018-06-12,11140.01953125,11160.0498046875,11088.5302734375,11144.7900390625,3009100
1855,2018-06-11,11168.990234375,11186.669921875,11118.8095703125,11149.23046875,2763200
1856,2018-06-08,11243.58984375,11243.58984375,11122.98046875,11156.419921875,2935100
1857,2018-06-07,11228.6396484375,11261.6796875,11188.990234375,11251.75,3563000
1858,2018-06-06,11111.1396484375,11207.150390625,11111.1396484375,11201.830078125,3038200
1859,2018-06-05,11130.0302734375,11131.080078125,11054.6201171875,11100.1103515625,3024000
1860,2018-06-04,11002.150390625,11109.5,11002.150390625,11109.5,2890900
1861,2018-06-01,10882.6796875,10954.669921875,10876.9697265625,10949.080078125,2817400
1862,2018-05-31,10856.0302734375,10909.6103515625,10853.650390625,10874.9599609375,4494100
1863,2018-05-30,10925.2099609375,10925.2099609375,10799.75,10821.169921875,3159000
1864,2018-05-29,10979.6796875,10986.5302734375,10929.5595703125,10964.1201171875,2424700
1865,2018-05-28,10976.490234375,10999.4296875,10965.1796875,10987.76953125,2463800
1866,2018-05-25,10946.6201171875,10977.8095703125,10918.1201171875,10942.2998046875,2219900
1867,2018-05-24,10910.6103515625,10942.6396484375,10883.51953125,10936.9296875,2239900
1868,2018-05-23,10974.51953125,10991.8603515625,10886.1796875,10886.1796875,2468500
1869,2018-05-22,10986.76953125,11034.1201171875,10938.73046875,10938.73046875,2535800
1870,2018-05-21,10861.66015625,10979.099609375,10861.66015625,10966.2001953125,2401700
1871,2018-05-18,10844.08984375,10893.349609375,10819.0703125,10830.83984375,2570800
1872,2018-05-17,10911.740234375,10938.6298828125,10833.8095703125,10833.8095703125,2510000
1873,2018-05-16,10873.5400390625,10915.740234375,10865.0703125,10897.5703125,2905400
1874,2018-05-15,10965.080078125,10978.3798828125,10874.73046875,10874.73046875,2652800
1875,2018-05-14,10938.2998046875,10970.240234375,10908.8603515625,10952.3896484375,2550800
1876,2018-05-11,10808.400390625,10874.6298828125,10808.400390625,10858.98046875,2782800
1877,2018-05-10,10731.6796875,10782.0595703125,10731.6796875,10760.2099609375,2472700
1878,2018-05-09,10692.8896484375,10748.599609375,10689.8095703125,10703.349609375,2414400
1879,2018-05-08,10610.4404296875,10691.3798828125,10609.0400390625,10691.3798828125,2300800
1880,2018-05-07,10581.7802734375,10632.6201171875,10555.5595703125,10604.91015625,1965200
1881,2018-05-04,10516.4501953125,10566.3701171875,10500.9697265625,10529.3701171875,2055900
1882,2018-05-03,10578.98046875,10578.98046875,10509.0302734375,10514.1796875,2113300
1883,2018-05-02,10665.51953125,10683.900390625,10601.099609375,10618.8095703125,2252100
1884,2018-04-30,10553.41015625,10660.6103515625,10539.6298828125,10657.8798828125,2120800
1885,2018-04-27,10546.2900390625,10573.6103515625,10495.669921875,10553.4296875,2079000
1886,2018-04-26,10583.080078125,10618.6796875,10478.98046875,10488.580078125,2633700
1887,2018-04-25,10541.830078125,10573.73046875,10489.2001953125,10559.9697265625,2555100
1888,2018-04-24,10680.3798828125,10692.1904296875,10540.150390625,10579.5,2664800
1889,2018-04-23,10756.8896484375,10774.73046875,10687.25,10697.1298828125,2324700
1890,2018-04-20,10802.419921875,10831.5595703125,10770.0498046875,10779.3798828125,2349600
1891,2018-04-19,10891.66015625,10983.9599609375,10889.7099609375,10971.2197265625,2490200
1892,2018-04-18,10842.8798828125,10917.599609375,10809.8896484375,10847.8896484375,2189700
1893,2018-04-17,10953.509765625,10965.2001953125,10799.0703125,10810.4501953125,2646400
1894,2018-04-16,10962.3603515625,10974.9404296875,10921.169921875,10954.5498046875,2341000
1895,2018-04-13,10975.580078125,10988.23046875,10938.3701171875,10965.3896484375,2400400
1896,2018-04-12,10984.1201171875,11008.2001953125,10920.6201171875,10955.2900390625,2248200
1897,2018-04-11,10961.7001953125,11016.349609375,10953.3095703125,10974.01953125,2560400
1898,2018-04-10,10885.6396484375,10975.669921875,10874.830078125,10927.1796875,2943400
1899,2018-04-09,10880.1396484375,10904.75,10829.01953125,10893.5302734375,2664500
1900,2018-04-03,10837.5400390625,10837.5400390625,10775.4501953125,10821.5302734375,2124100
1901,2018-04-02,10936.259765625,10969.8798828125,10882.0498046875,10888.26953125,2071400
1902,2018-03-30,10905.2998046875,10969.2197265625,10905.2998046875,10906.2197265625,2263300
1903,2018-03-29,10855.66015625,10889.599609375,10815.4599609375,10845.919921875,2158300
1904,2018-03-28,10939.9697265625,10939.9697265625,10853.48046875,10865.66015625,1953100
1905,2018-03-27,10901.6904296875,10986.7900390625,10901.6904296875,10986.7900390625,2297400
1906,2018-03-26,10783.5703125,10840.0498046875,10781.4296875,10840.0498046875,2048600
1907,2018-03-23,10863.669921875,10863.669921875,10758.0595703125,10823.330078125,2618800
1908,2018-03-22,11045.900390625,11120.2001953125,10975.330078125,11005.83984375,2637400
1909,2018-03-21,11037.349609375,11072.3095703125,11011.0703125,11011.0703125,2360400
1910,2018-03-20,11016.849609375,11020.7802734375,10981.0400390625,11010.83984375,2159800
1911,2018-03-19,11004.8095703125,11066.0,10983.25,11046.900390625,2206800
1912,2018-03-16,11010.240234375,11054.8603515625,10933.4599609375,11027.7001953125,3071600
1913,2018-03-15,11039.599609375,11052.1103515625,11008.1796875,11018.4501953125,2124400
1914,2018-03-14,11063.73046875,11070.2900390625,11015.4697265625,11038.7998046875,2331000
1915,2018-03-13,11022.150390625,11095.6298828125,11014.8701171875,11095.6298828125,2433800
1916,2018-03-12,10908.990234375,11016.5595703125,10908.990234375,11002.099609375,2759800
1917,2018-03-09,10847.740234375,10882.759765625,10845.3798828125,10864.8203125,2457800
1918,2018-03-08,10788.4296875,10852.330078125,10788.4296875,10823.240234375,2535200
1919,2018-03-07,10762.990234375,10818.0498046875,10745.3203125,10745.3203125,2106300
1920,2018-03-06,10711.150390625,10784.33984375,10711.150390625,10784.33984375,1905900
1921,2018-03-05,10727.4501953125,10756.3701171875,10642.900390625,10642.900390625,2203900
1922,2018-03-02,10719.2900390625,10719.2900390625,10638.98046875,10698.169921875,2135500
1923,2018-03-01,10779.099609375,10805.5498046875,10709.6904296875,10785.7900390625,2508100
1924,2018-02-27,10896.16015625,10937.900390625,10815.4697265625,10815.4697265625,2697700
1925,2018-02-26,10827.98046875,10890.6904296875,10827.98046875,10836.7001953125,2295300
1926,2018-02-23,10688.9697265625,10799.2900390625,10688.9697265625,10794.5498046875,2623500
1927,2018-02-22,10698.4697265625,10698.4697265625,10620.7998046875,10662.3798828125,2385800
1928,2018-02-21,10559.7900390625,10720.48046875,10559.7900390625,10714.4404296875,2770600
1929,2018-02-12,10429.08984375,10473.509765625,10416.009765625,10421.08984375,2387100
1930,2018-02-09,10371.009765625,10392.3095703125,10189.0400390625,10371.75,2895400
1931,2018-02-08,10559.4404296875,10609.5,10512.9296875,10528.51953125,2287100
1932,2018-02-07,10547.6396484375,10697.8203125,10547.6396484375,10551.5400390625,3145300
1933,2018-02-06,10761.009765625,10761.009765625,10300.400390625,10404.0,5183600
1934,2018-02-05,10970.2998046875,10970.2998046875,10855.4296875,10946.25,2393600
1935,2018-02-02,11151.650390625,11153.3203125,11070.4296875,11126.23046875,2023400
1936,2018-02-01,11139.400390625,11212.099609375,11139.400390625,11160.25,2257600
1937,2018-01-31,11054.3603515625,11158.2900390625,11007.8896484375,11103.7900390625,2642900
1938,2018-01-30,11189.5703125,11189.5703125,11076.7802734375,11076.7802734375,2709200
1939,2018-01-29,11202.26953125,11246.1796875,11161.830078125,11221.8095703125,2450400
1940,2018-01-26,11152.5302734375,11178.2998046875,11089.48046875,11147.099609375,2701400
1941,2018-01-25,11154.3603515625,11268.6103515625,11131.849609375,11165.9501953125,3457900
1942,2018-01-24,11228.7099609375,11228.7099609375,11107.3203125,11152.16015625,3171100
1943,2018-01-23,11243.490234375,11270.1796875,11201.51953125,11253.1103515625,3399800
1944,2018-01-22,11169.7900390625,11231.4599609375,11142.3798828125,11231.4599609375,3222600
1945,2018-01-19,11123.580078125,11150.849609375,11095.849609375,11150.849609375,2661500
1946,2018-01-18,11048.0595703125,11122.8203125,11048.0595703125,11071.5703125,3069900
1947,2018-01-17,10976.1298828125,11030.2197265625,10942.9501953125,11004.7998046875,3337400
1948,2018-01-16,10955.8095703125,10986.1103515625,10920.5,10986.1103515625,2943900
1949,2018-01-15,10932.3701171875,10962.5498046875,10911.8896484375,10956.3095703125,2672500
1950,2018-01-12,10818.240234375,10899.98046875,10818.240234375,10883.9599609375,2900300
1951,2018-01-11,10824.5400390625,10844.080078125,10770.099609375,10810.0595703125,2736200
1952,2018-01-10,10915.3203125,10934.75,10819.25,10831.08984375,3224000
1953,2018-01-09,10922.349609375,10931.0,10860.76953125,10914.8896484375,2933100
1954,2018-01-08,10899.08984375,10918.4697265625,10869.1201171875,10915.75,3246900
1955,2018-01-05,10856.919921875,10879.7998046875,10815.6796875,10879.7998046875,3028400
1956,2018-01-04,10834.580078125,10853.4599609375,10794.25,10848.6298828125,3048500
1957,2018-01-03,10759.6103515625,10813.16015625,10759.6103515625,10801.5703125,2964800
1958,2018-01-02,10664.8203125,10710.73046875,10650.76953125,10710.73046875,2375900
1959,2017-12-29,10590.9501953125,10659.98046875,10590.9501953125,10642.8603515625,2411700
1960,2017-12-28,10513.2900390625,10592.0400390625,10513.2900390625,10567.6396484375,2223700
1961,2017-12-27,10419.8095703125,10497.76953125,10419.8095703125,10486.669921875,2103300
1962,2017-12-26,10526.1396484375,10528.919921875,10408.1201171875,10421.91015625,2037800
1963,2017-12-25,10546.6396484375,10556.650390625,10514.5400390625,10522.490234375,1928200
1964,2017-12-22,10503.099609375,10537.26953125,10486.51953125,10537.26953125,2049900
1965,2017-12-21,10526.9697265625,10545.7802734375,10488.9697265625,10488.9697265625,2116400
1966,2017-12-20,10470.3603515625,10514.3095703125,10470.3603515625,10504.51953125,2155800
1967,2017-12-19,10508.330078125,10544.0,10452.080078125,10467.33984375,2190500
1968,2017-12-18,10478.740234375,10526.41015625,10472.3896484375,10506.51953125,1861300
1969,2017-12-15,10517.2099609375,10520.66015625,10436.1103515625,10491.4404296875,2590700
1970,2017-12-14,10494.599609375,10577.5302734375,10494.599609375,10538.009765625,2447400
1971,2017-12-13,10447.1103515625,10489.169921875,10444.7001953125,10470.7001953125,2324000
1972,2017-12-12,10488.73046875,10495.240234375,10408.0595703125,10443.2802734375,2164400
1973,2017-12-11,10438.330078125,10504.669921875,10438.330078125,10473.08984375,2334200
1974,2017-12-08,10406.349609375,10419.2802734375,10336.259765625,10398.6201171875,2683800
1975,2017-12-07,10404.419921875,10418.9697265625,10322.759765625,10355.759765625,2740500
1976,2017-12-06,10541.0302734375,10541.0302734375,10376.650390625,10393.919921875,3022600
1977,2017-12-05,10607.6201171875,10635.7099609375,10540.740234375,10566.849609375,3126100
1978,2017-12-04,10617.26953125,10665.4296875,10565.6796875,10651.1103515625,2864500
1979,2017-12-01,10591.6201171875,10665.919921875,10495.150390625,10600.3701171875,3776200
1980,2017-11-30,10623.2001953125,10650.1796875,10560.4404296875,10560.4404296875,4939100
1981,2017-11-29,10735.240234375,10762.91015625,10697.6201171875,10713.5498046875,3096300
1982,2017-11-28,10733.5595703125,10752.580078125,10692.5302734375,10707.0703125,2961000
1983,2017-11-27,10836.8203125,10856.0,10746.740234375,10750.9296875,2668100
1984,2017-11-24,10847.7900390625,10873.91015625,10833.7802734375,10854.08984375,2746900
1985,2017-11-23,10837.6103515625,10872.2900390625,10809.08984375,10854.5703125,2681100
1986,2017-11-22,10815.400390625,10882.650390625,10801.099609375,10822.58984375,3911700
1987,2017-11-21,10688.2197265625,10787.580078125,10687.259765625,10779.240234375,3285200
1988,2017-11-20,10706.7900390625,10728.3896484375,10656.1796875,10664.5498046875,2503700
1989,2017-11-17,10673.4296875,10729.4501953125,10673.4296875,10701.6396484375,2471200
1990,2017-11-16,10629.16015625,10666.66015625,10609.23046875,10625.0400390625,2189300
1991,2017-11-15,10662.080078125,10669.58984375,10600.259765625,10630.650390625,2325600
1992,2017-11-14,10716.58984375,10735.080078125,10654.580078125,10687.1796875,2676900
1993,2017-11-13,10728.2197265625,10749.3896484375,10683.919921875,10683.919921875,2850600
1994,2017-11-10,10713.669921875,10742.6103515625,10659.2900390625,10732.669921875,2347400
1995,2017-11-09,10802.9501953125,10831.3798828125,10721.8701171875,10743.26953125,3008000
1996,2017-11-08,10839.4404296875,10844.740234375,10806.009765625,10818.990234375,2513400
1997,2017-11-07,10820.830078125,10842.6103515625,10807.8896484375,10840.33984375,2593500
1998,2017-11-06,10856.5595703125,10858.5,10769.1904296875,10786.1904296875,2241200
1999,2017-11-03,10797.91015625,10835.7001953125,10765.3095703125,10800.76953125,2213600
2000,2017-11-02,10797.6298828125,10827.669921875,10788.509765625,10788.509765625,2534500
2001,2017-11-01,10816.0400390625,10843.41015625,10785.3203125,10806.3603515625,2414200
2002,2017-10-31,10768.900390625,10829.330078125,10747.3701171875,10793.7998046875,2185500
2003,2017-10-30,10777.599609375,10842.25,10743.1298828125,10756.8701171875,2240000
2004,2017-10-27,10757.349609375,10803.599609375,10701.080078125,10709.1103515625,3016300
2005,2017-10-26,10735.349609375,10756.509765625,10716.51953125,10734.759765625,2228900
2006,2017-10-25,10771.400390625,10794.5498046875,10740.0703125,10750.5703125,2517700
2007,2017-10-24,10749.900390625,10766.6396484375,10726.25,10743.7802734375,2253000
2008,2017-10-23,10759.4697265625,10792.26953125,10731.900390625,10735.2099609375,2041300
2009,2017-10-20,10737.8701171875,10753.76953125,10702.5595703125,10728.8798828125,2314000
2010,2017-10-19,10745.76953125,10798.5400390625,10745.76953125,10760.2900390625,2173500
2011,2017-10-18,10773.849609375,10790.3095703125,10684.3203125,10720.2802734375,2651200
2012,2017-10-17,10790.349609375,10798.51953125,10723.150390625,10723.150390625,2368600
2013,2017-10-16,10735.1396484375,10774.2099609375,10723.3701171875,10774.2099609375,2451900
2014,2017-10-13,10712.48046875,10724.08984375,10675.830078125,10724.08984375,2301200
2015,2017-10-12,10668.3896484375,10711.4404296875,10668.3896484375,10711.4404296875,2367700
2016,2017-10-11,10576.1201171875,10668.490234375,10576.1201171875,10641.1904296875,2859400
2017,2017-10-06,10538.2099609375,10557.669921875,10511.5,10532.8095703125,1950000
2018,2017-10-05,10473.2802734375,10530.9296875,10473.2802734375,10518.26953125,1905900
2019,2017-10-03,10462.7001953125,10495.33984375,10445.8603515625,10469.349609375,1916100
2020,2017-10-02,10425.099609375,10472.8095703125,10414.5302734375,10465.16015625,1730200
2021,2017-09-29,10319.6904296875,10338.9501953125,10273.599609375,10329.9404296875,1942400
2022,2017-09-28,10351.419921875,10365.58984375,10288.240234375,10296.4501953125,2054900
2023,2017-09-27,10322.4404296875,10357.23046875,10315.9697265625,10326.6796875,1954500
2024,2017-09-26,10333.4404296875,10374.5400390625,10257.01953125,10257.01953125,2348600
2025,2017-09-25,10442.0498046875,10447.08984375,10322.099609375,10335.8896484375,2622600
2026,2017-09-22,10571.650390625,10579.01953125,10446.4501953125,10449.6796875,2427200
2027,2017-09-21,10506.849609375,10603.080078125,10493.9501953125,10578.4404296875,2312400
2028,2017-09-20,10568.580078125,10589.1904296875,10490.7099609375,10519.169921875,2745000
2029,2017-09-19,10653.33984375,10664.1796875,10561.2099609375,10576.1396484375,3071500
2030,2017-09-18,10590.7998046875,10642.400390625,10581.8095703125,10631.5703125,3575300
2031,2017-09-15,10556.8203125,10580.7802734375,10520.150390625,10580.41015625,3365900
2032,2017-09-14,10533.990234375,10572.7099609375,10508.7197265625,10553.5703125,2491800
2033,2017-09-13,10596.3603515625,10620.3095703125,10532.8798828125,10532.8798828125,2711500
2034,2017-09-12,10610.330078125,10646.5498046875,10586.2802734375,10610.349609375,2920800
2035,2017-09-11,10630.16015625,10656.25,10565.7802734375,10572.16015625,2977700
2036,2017-09-08,10553.900390625,10609.9501953125,10550.7197265625,10609.9501953125,2818200
2037,2017-09-07,10564.7900390625,10604.01953125,10509.91015625,10538.509765625,3227300
2038,2017-09-06,10593.8701171875,10604.919921875,10519.7099609375,10547.8603515625,2815600
2039,2017-09-05,10584.099609375,10617.83984375,10564.259765625,10617.83984375,2761000
2040,2017-09-04,10585.4404296875,10610.0400390625,10555.33984375,10569.8701171875,2619800
2041,2017-09-01,10576.26953125,10619.51953125,10568.7197265625,10594.8203125,3121700
2042,2017-08-31,10586.650390625,10609.48046875,10551.9501953125,10585.7802734375,2800700
2043,2017-08-30,10511.58984375,10574.5302734375,10511.58984375,10569.400390625,2765700
2044,2017-08-29,10518.6904296875,10518.6904296875,10463.2197265625,10496.5703125,2815800
2045,2017-08-28,10502.7998046875,10542.3701171875,10498.8798828125,10525.98046875,2738000
2046,2017-08-25,10497.8603515625,10519.83984375,10478.7197265625,10515.509765625,2826800
2047,2017-08-24,10414.66015625,10488.9599609375,10410.73046875,10488.9599609375,2716400
2048,2017-08-23,10418.3203125,10458.91015625,10378.009765625,10406.8095703125,2465700
2049,2017-08-22,10353.3701171875,10410.4697265625,10353.3701171875,10392.0703125,2482000
2050,2017-08-21,10316.08984375,10336.3701171875,10282.7197265625,10326.3896484375,2165200
2051,2017-08-18,10324.830078125,10330.3896484375,10259.830078125,10321.330078125,2316000
2052,2017-08-17,10302.5400390625,10372.41015625,10302.5400390625,10369.3701171875,2588000
2053,2017-08-16,10302.830078125,10322.3798828125,10245.7197265625,10290.3896484375,2510400
2054,2017-08-15,10271.0302734375,10336.2197265625,10271.0302734375,10311.16015625,2296200
2055,2017-08-14,10347.66015625,10365.2197265625,10225.2802734375,10225.2802734375,2531500
2056,2017-08-11,10267.0498046875,10338.0595703125,10238.5,10329.5703125,2408500
2057,2017-08-10,10470.0302734375,10477.7900390625,10303.4697265625,10329.740234375,3032100
2058,2017-08-09,10523.509765625,10536.1904296875,10457.51953125,10470.3798828125,2590000
2059,2017-08-08,10598.58984375,10619.419921875,10533.7197265625,10568.9697265625,2898600
2060,2017-08-07,10521.6904296875,10592.3095703125,10521.6904296875,10579.3798828125,2543100
2061,2017-08-04,10470.9599609375,10510.7001953125,10466.25,10506.5595703125,2439200
2062,2017-08-03,10464.099609375,10478.6201171875,10427.7197265625,10469.8798828125,2125000
2063,2017-08-02,10479.259765625,10519.26953125,10479.259765625,10519.26953125,2351400
2064,2017-08-01,10408.5302734375,10470.0302734375,10408.5302734375,10437.2900390625,2391000
2065,2017-07-31,10396.759765625,10427.330078125,10366.169921875,10427.330078125,2036800
2066,2017-07-28,10480.669921875,10480.669921875,10410.5302734375,10423.0498046875,1915800
2067,2017-07-27,10427.830078125,10516.23046875,10427.830078125,10508.3701171875,2487900
2068,2017-07-26,10477.150390625,10500.1103515625,10416.5703125,10419.1103515625,2344100
2069,2017-07-25,10455.1396484375,10473.98046875,10442.849609375,10463.150390625,1959500
2070,2017-07-24,10426.1298828125,10461.2802734375,10406.8095703125,10461.2802734375,1756400
2071,2017-07-21,10468.4697265625,10477.7197265625,10428.5595703125,10436.7001953125,1904900
2072,2017-07-20,10513.1201171875,10534.51953125,10483.5400390625,10499.3603515625,2273600
2073,2017-07-19,10472.8095703125,10537.419921875,10472.8095703125,10506.099609375,2351900
2074,2017-07-18,10447.4697265625,10481.259765625,10429.849609375,10481.259765625,2035100
2075,2017-07-17,10467.26953125,10490.0498046875,10436.3095703125,10457.5400390625,2183500
2076,2017-07-14,10450.919921875,10466.33984375,10423.400390625,10443.91015625,2292900
2077,2017-07-13,10418.740234375,10485.2802734375,10418.740234375,10460.150390625,2645100
2078,2017-07-12,10396.9697265625,10450.8701171875,10393.5400390625,10420.6796875,2196800
2079,2017-07-11,10313.080078125,10415.5703125,10313.080078125,10415.5703125,2039900
2080,2017-07-10,10310.740234375,10331.1103515625,10283.9501953125,10289.91015625,1964700
2081,2017-07-07,10343.2998046875,10343.2998046875,10294.6904296875,10297.25,1754100
2082,2017-07-06,10380.66015625,10381.2001953125,10336.3203125,10368.2001953125,1694000
2083,2017-07-05,10352.3896484375,10404.7900390625,10304.740234375,10404.7900390625,1994200
2084,2017-07-04,10397.9296875,10421.7197265625,10347.7802734375,10347.7802734375,2445100
2085,2017-07-03,10368.990234375,10412.7900390625,10363.5,10412.7900390625,2157100
2086,2017-06-30,10367.259765625,10395.0703125,10329.83984375,10395.0703125,2376900
2087,2017-06-29,10442.1796875,10476.509765625,10390.900390625,10421.650390625,2867000
2088,2017-06-28,10459.169921875,10459.169921875,10382.8095703125,10390.5498046875,3121300
2089,2017-06-27,10513.0,10545.7001953125,10489.099609375,10512.0595703125,2660200
2090,2017-06-26,10341.8603515625,10513.9599609375,10341.8603515625,10513.9599609375,2648600
2091,2017-06-23,10403.5595703125,10422.330078125,10374.009765625,10377.7001953125,1952000
2092,2017-06-22,10369.080078125,10403.3603515625,10368.9296875,10399.0595703125,2010500
2093,2017-06-21,10310.9697265625,10379.8203125,10274.75,10349.7197265625,2399200
2094,2017-06-20,10286.7900390625,10354.3701171875,10286.7900390625,10324.4599609375,1913800
2095,2017-06-19,10162.2197265625,10250.599609375,10162.2197265625,10250.599609375,1878500
2096,2017-06-16,10078.6904296875,10159.4697265625,10073.1201171875,10156.73046875,2120200
2097,2017-06-15,10079.1396484375,10089.0703125,10046.7998046875,10088.349609375,1647300
2098,2017-06-14,10142.7998046875,10165.3095703125,10033.25,10072.4599609375,2131200
2099,2017-06-13,10109.7001953125,10146.669921875,10109.7001953125,10128.150390625,1635400
2100,2017-06-12,10137.0400390625,10158.6396484375,10109.9599609375,10109.9599609375,1800300
2101,2017-06-09,10238.5498046875,10268.3701171875,10198.7998046875,10199.650390625,2205300
2102,2017-06-08,10215.9296875,10235.7001953125,10211.0,10225.7802734375,1756200
2103,2017-06-07,10216.1396484375,10242.3896484375,10183.150390625,10209.990234375,2239900
2104,2017-06-06,10213.169921875,10221.6396484375,10190.3896484375,10206.1796875,2078600
2105,2017-06-05,10164.8896484375,10226.83984375,10164.8896484375,10226.83984375,2208100
2106,2017-06-02,10117.759765625,10152.5302734375,10117.0595703125,10152.5302734375,2100600
2107,2017-06-01,10064.4404296875,10100.3701171875,10059.9296875,10087.419921875,1983100
2108,2017-05-31,10095.9501953125,10116.1298828125,10025.8798828125,10040.7197265625,2713500
2109,2017-05-26,10090.1796875,10121.8798828125,10072.83984375,10101.9501953125,1914300
2110,2017-05-25,10059.91015625,10108.490234375,10059.2001953125,10108.490234375,2021300
2111,2017-05-24,10014.150390625,10059.740234375,10014.150390625,10044.419921875,1748400
2112,2017-05-23,9994.6796875,10038.2001953125,9992.580078125,10007.83984375,1747800
2113,2017-05-22,9965.080078125,9997.259765625,9960.9404296875,9997.259765625,1636800
2114,2017-05-19,9970.400390625,9979.73046875,9947.1396484375,9947.6201171875,1852200
2115,2017-05-18,9952.6396484375,9969.4501953125,9895.650390625,9969.4501953125,1786200
2116,2017-05-17,10019.6201171875,10029.6201171875,9967.9697265625,10013.669921875,1822400
2117,2017-05-16,10037.580078125,10058.58984375,9991.080078125,10031.490234375,2176300
2118,2017-05-15,9978.2802734375,10036.8203125,9978.2802734375,10036.8203125,1810800
2119,2017-05-12,9981.76953125,10008.25,9961.3701171875,9986.8203125,1833700
2120,2017-05-11,9968.509765625,10018.7900390625,9964.2998046875,10001.48046875,2145200
2121,2017-05-10,9935.2197265625,9971.98046875,9932.169921875,9968.3203125,1972100
2122,2017-05-09,9967.009765625,10001.9404296875,9899.080078125,9915.48046875,2425200
2123,2017-05-08,9934.1298828125,9964.8603515625,9900.0703125,9937.25,1860700
2124,2017-05-05,9954.9404296875,9960.990234375,9899.9404296875,9899.9404296875,1708400
2125,2017-05-04,9962.73046875,9973.759765625,9938.9599609375,9967.6396484375,1816700
2126,2017-05-03,9957.61327967752,9979.903303434317,9937.983410344095,9955.3232421875,1702700
2127,2017-05-02,9926.433603946969,9951.13280571299,9925.74317473423,9941.2626953125,2064300
2128,2017-04-28,9868.373049381777,9897.033185785845,9845.83302592729,9871.9931640625,2208800
2129,2017-04-27,9859.443360186056,9863.512693302462,9823.842798928888,9860.61328125,1830500
2130,2017-04-26,9859.10351378005,9865.873040335044,9827.462910724393,9856.443359375,2146400
2131,2017-04-25,9737.813548723045,9841.703125,9737.813548723045,9841.703125,2097800
2132,2017-04-24,9742.903302754812,9772.953086304256,9683.693383467618,9717.943359375,1467700
2133,2017-04-21,9657.043011211888,9718.813475570492,9657.043011211888,9717.4033203125,1626700
2134,2017-04-20,9639.922846425086,9664.233376047858,9622.243171471659,9632.68359375,1820400
2135,2017-04-19,9725.382751905692,9725.382751905692,9631.632818386304,9639.93359375,2145200
2136,2017-04-18,9735.752937262152,9771.063459371419,9727.25294322379,9746.552734375,1763700
2137,2017-04-17,9740.802717202012,9762.46285821309,9670.103548192186,9716.3935546875,2118300
2138,2017-04-14,9806.143503260831,9808.323189229925,9730.933595147158,9732.9228515625,2179100
2139,2017-04-13,9808.823261541407,9868.443337296289,9800.792993684494,9836.6728515625,2222700
2140,2017-04-12,9831.552724710597,9837.183580164894,9789.583027371136,9817.6728515625,2339400
2141,2017-04-11,9881.52340335629,9896.582963198705,9820.403328662225,9832.4130859375,2287200
2142,2017-04-10,9880.283204681367,9898.6328013636,9859.023453762144,9882.533203125,2364800
2143,2017-04-07,9892.973619235056,9900.873027828307,9788.512754059746,9873.36328125,2422600
2144,2017-04-06,9946.653286566989,9946.653286566989,9879.842785834842,9897.79296875,2015700
2145,2017-04-05,9856.433657674534,9949.4736328125,9856.433657674534,9949.4736328125,2734200
2146,2017-03-31,9846.373022586899,9869.643514186238,9811.5126953125,9811.5126953125,2362400
2147,2017-03-30,9869.273422833026,9878.613260099923,9836.323250392383,9848.1435546875,2296100
2148,2017-03-29,9886.993142735415,9906.75289465576,9831.623063950621,9856.2431640625,2272800
2149,2017-03-28,9909.983375222924,9924.132779491974,9799.27349091279,9876.443359375,2595900
2150,2017-03-27,9907.5927520993,9917.84274500504,9859.523449431683,9876.7626953125,2296100
2151,2017-03-24,9914.1132735604,9932.672831061398,9892.302741741023,9902.9736328125,2324400
2152,2017-03-23,9921.962896662279,9945.233388456261,9897.443382290576,9930.7333984375,2615300
2153,2017-03-22,9911.953132371598,9922.6533203125,9843.063531393684,9922.6533203125,2270500
2154,2017-03-21,9923.172885363869,9976.603512800744,9918.382849584841,9972.4833984375,2317100
2155,2017-03-20,9905.80273931261,9916.172849348926,9869.34280351773,9912.962890625,2118700
2156,2017-03-17,9845.58305134516,9908.68359375,9835.502980174337,9908.68359375,2689700
2157,2017-03-16,9768.84282136943,9842.163082921907,9768.84282136943,9837.8232421875,2102200
2158,2017-03-15,9741.283202436889,9749.002923581535,9714.573260244955,9740.302734375,1836600
2159,2017-03-14,9720.52345411221,9767.653303861287,9720.52345411221,9744.203125,2212800
2160,2017-03-13,9656.552763122203,9697.3330078125,9656.552763122203,9697.3330078125,1858800
2161,2017-03-10,9653.783184735357,9656.643534266967,9562.743210312568,9627.8828125,2283500
2162,2017-03-09,9740.042911110755,9743.773377220494,9650.313482429823,9658.603515625,2432800
2163,2017-03-08,9744.25293612883,9773.483384391962,9712.493192763419,9753.443359375,2048400
2164,2017-03-07,9690.25296324958,9738.0634765625,9690.1933929789,9738.0634765625,1882200
2165,2017-03-06,9646.993189217199,9688.493159918196,9646.993189217199,9682.623046875,1906000
2166,2017-03-03,9672.252912647764,9679.813454165975,9633.87305702813,9648.203125,2180100
2167,2017-03-02,9727.59274818675,9774.59271503614,9646.33303987687,9691.79296875,2522300
2168,2017-03-01,9751.113227310336,9758.773378147876,9674.7734375,9674.7734375,2474000
2169,2017-02-24,9757.66308088953,9784.38278871915,9740.172858776723,9750.462890625,2454600
2170,2017-02-23,9774.073238849403,9810.55270551089,9748.93360800302,9769.302734375,2525500
2171,2017-02-22,9786.243158840725,9820.063447698356,9770.09277950579,9778.7734375,2566100
2172,2017-02-21,9761.262697174932,9775.483390343712,9721.353545428708,9763.9228515625,2406100
2173,2017-02-20,9795.80270451044,9817.132767685365,9743.353522521666,9753.193359375,2480000
2174,2017-02-17,9779.153306724065,9791.582985518055,9754.533206781005,9759.7529296875,2180300
2175,2017-02-16,9826.882773574667,9869.582939014237,9753.1533329681,9771.2431640625,2654800
2176,2017-02-15,9724.123099631513,9813.973622892681,9723.033256641746,9799.7529296875,2986500
2177,2017-02-14,9726.73339283867,9760.002900687747,9698.283217537299,9718.7734375,2798500
2178,2017-02-13,9690.382826530924,9711.422850781515,9681.09279400849,9710.3134765625,2743600
2179,2017-02-10,9612.663123364837,9688.143538731672,9612.663123364837,9665.5830078125,3443400
2180,2017-02-09,9555.512720018467,9600.083000748482,9540.502965092517,9590.1728515625,2733900
2181,2017-02-08,9540.762697089289,9564.063461648677,9505.783229957993,9543.2431640625,2893600
2182,2017-02-07,9527.413105354924,9555.792967862657,9512.552764424461,9554.552734375,2607300
2183,2017-02-06,9467.663136350406,9548.672843915316,9467.663136350406,9538.0029296875,3053900
2184,2017-02-03,9450.052738351249,9478.002913457034,9423.92287442946,9455.552734375,2264200
2185,2017-02-02,9502.24311093481,9521.332940844808,9413.762706332536,9428.962890625,3341600
2186,2017-01-24,9423.042986766344,9468.332993059845,9416.052757449033,9447.943359375,2147200
2187,2017-01-23,9363.653364117432,9427.453122526369,9363.653364117432,9424.04296875,1796100
2188,2017-01-20,9326.792972163887,9350.063462929134,9317.61329138864,9331.453125,1613400
2189,2017-01-19,9324.823237264955,9337.632798180126,9287.533225559086,9318.11328125,1796100
2190,2017-01-18,9344.733396410194,9350.943352803588,9322.433608040461,9341.962890625,1882800
2191,2017-01-17,9301.9531634164,9354.5234375,9294.672895299047,9354.5234375,1449700
2192,2017-01-16,9356.533155888701,9359.002880634338,9281.203133180556,9292.3232421875,1445700
2193,2017-01-13,9373.693363114013,9387.672845112294,9352.073261684744,9378.8232421875,1560100
2194,2017-01-12,9356.113320521072,9430.573227367826,9356.113320521072,9410.1728515625,1919300
2195,2017-01-11,9370.163068068416,9383.993136077412,9333.483407397758,9345.7333984375,1801200
2196,2017-01-10,9344.183597734167,9353.592770542196,9319.443381447853,9349.6328125,1514800
2197,2017-01-09,9376.473607890073,9404.893508969946,9328.183604161855,9342.4130859375,1708500
2198,2017-01-06,9371.403320902986,9381.103509140328,9351.243179357461,9372.212890625,1743800
2199,2017-01-05,9282.552789584764,9358.413085732765,9282.443414664662,9358.1328125,1859300
2200,2017-01-04,9279.512700789244,9299.613271931123,9266.023452905907,9286.953125,1322300
2201,2017-01-03,9252.552749355069,9273.643554119484,9235.943386599447,9272.873046875,1186600
2202,2016-12-30,9186.293018393522,9259.083003683054,9186.293018393522,9253.4931640625,1329700
2203,2016-12-29,9172.38279808604,9196.012663250687,9149.153323247367,9153.0830078125,1239800
2204,2016-12-28,9120.89361449285,9203.552732770895,9120.89361449285,9201.3935546875,1195900
2205,2016-12-27,9120.873038162157,9132.042951654828,9100.823248520783,9109.2626953125,880800
2206,2016-12-26,9088.978543344188,9127.728493500648,9083.268589751324,9110.5283203125,799000
2207,2016-12-23,9112.318315887238,9128.818294588962,9078.6279296875,9078.6279296875,1333800
2208,2016-12-22,9204.278210382703,9209.707890904867,9118.73828125,9118.73828125,1427400
2209,2016-12-21,9234.928671875257,9263.488205826065,9204.248046875,9204.248046875,1439700
2210,2016-12-20,9229.728531689603,9258.678690295215,9199.828178976273,9242.3984375,1349900
2211,2016-12-19,9316.04775422978,9317.018456123582,9237.9687516994,9239.30859375,1454800
2212,2016-12-16,9352.257780473703,9379.738214695522,9326.7685546875,9326.7685546875,1858100
2213,2016-12-15,9337.198271157333,9370.498034154927,9309.77838361088,9360.337890625,1692100
2214,2016-12-14,9395.587856751488,9413.118108260987,9353.238300350116,9368.5078125,1658400
2215,2016-12-13,9361.958033005716,9382.1279296875,9342.547900999947,9382.1279296875,1856000
2216,2016-12-12,9402.038020626203,9430.328024231376,9336.438493470489,9349.9287109375,1697400
2217,2016-12-09,9383.05860573911,9399.23827305257,9366.848665025922,9392.66796875,1811800
2218,2016-12-08,9308.88875556727,9376.398436812806,9308.88875556727,9375.8486328125,2170000
2219,2016-12-07,9278.98826213552,9299.908157546977,9247.488301982781,9263.8779296875,1682800
2220,2016-12-06,9209.78522112487,9280.635694871664,9209.78522112487,9250.7548828125,1649700
2221,2016-12-05,9194.445258452113,9212.175698850046,9138.625035212095,9160.6455078125,1547800
2222,2016-12-02,9214.544881913414,9214.544881913414,9165.885779790711,9189.4755859375,1730600
2223,2016-12-01,9245.535184682549,9278.945288101006,9241.765659393315,9263.515625,1996000
2224,2016-11-30,9196.075266044618,9240.6953125,9189.605549737975,9240.6953125,2538900
2225,2016-11-29,9220.935501347025,9249.044831553574,9192.365234375,9192.365234375,1889200
2226,2016-11-28,9167.3096924181,9241.519488332362,9167.3096924181,9222.2197265625,1910200
2227,2016-11-25,9149.329123327849,9191.319263683716,9148.609398376868,9159.0498046875,1840100
2228,2016-11-24,9164.819307413583,9183.1395788619,9137.539095105014,9152.08984375,2022700
2229,2016-11-23,9146.699289157514,9202.69916403127,9146.699289157514,9178.2099609375,1926800
2230,2016-11-22,9058.559738287448,9161.169859452042,9058.559738287448,9133.369140625,2146700
2231,2016-11-21,9009.759836690539,9049.739238193166,8986.380006910269,9041.08984375,1807800
2232,2016-11-18,8991.479531546935,9025.959921804819,8958.199333869397,9008.76953125,1779800
2233,2016-11-17,8984.549829057813,8998.209954164753,8936.279431294666,8995.2392578125,1704600
2234,2016-11-16,8955.739272594516,9032.288902116812,8955.739272594516,8962.19921875,1851700
2235,2016-11-15,8927.899421204622,8981.029182018021,8923.339861362003,8931.009765625,1949200
2236,2016-11-14,8955.24898933013,8991.919803650602,8879.670061133695,8940.3798828125,2151600
2237,2016-11-11,9067.629631229918,9067.629631229918,8949.359394184827,8957.7392578125,2518700
2238,2016-11-10,9070.61932333643,9179.159119187056,9070.61932333643,9152.1591796875,1998400
2239,2016-11-09,9252.248314705072,9296.839032765563,8926.5791396296,8943.1796875,2656500
2240,2016-11-08,9214.92969301661,9230.179659086962,9164.979608838044,9217.4091796875,1347800
2241,2016-11-07,9102.94941260714,9191.649409978545,9102.94941260714,9189.8193359375,1245000
2242,2016-11-04,9065.089850625112,9098.85930550461,9048.189498220701,9068.1298828125,1181400
2243,2016-11-03,9126.269397760916,9154.169725282467,9067.2490234375,9067.2490234375,1401300
2244,2016-11-02,9230.209756308106,9230.209756308106,9139.01953125,9139.01953125,1373000
2245,2016-11-01,9272.279297760517,9289.099573060153,9236.799884040644,9272.6796875,1119300
2246,2016-10-31,9283.179702775633,9314.319282472787,9194.46017206071,9290.099609375,1320100
2247,2016-10-28,9307.369139589957,9320.549774608842,9276.689519692696,9306.8994140625,1372600
2248,2016-10-27,9363.879740903507,9370.299648620989,9286.83987173339,9299.529296875,1445200
2249,2016-10-26,9355.639662872414,9372.719703583862,9338.819387216958,9362.2294921875,1311100
2250,2016-10-25,9338.069439858138,9399.949187461996,9334.779407984432,9385.6298828125,1429900
2251,2016-10-24,9333.919896708127,9343.549758336627,9308.50979635587,9322.4794921875,1257600
2252,2016-10-21,9322.529261662841,9348.069244445713,9292.50979656341,9306.5498046875,1895600
2253,2016-10-20,9288.469789842999,9331.869108380748,9279.129966650562,9317.2197265625,1631700
2254,2016-10-19,9227.960084659922,9298.849576506174,9226.439580206139,9283.9697265625,1506800
2255,2016-10-18,9175.049910332706,9222.5595703125,9157.38002774947,9222.5595703125,1276700
2256,2016-10-17,9150.64947116342,9182.649399647044,9074.969952798958,9176.19921875,1260400
2257,2016-10-14,9198.239183771286,9216.609259854156,9149.849643609556,9165.1494140625,1479500
2258,2016-10-13,9268.199109639938,9285.02915032685,9187.759835450486,9219.1494140625,1523400
2259,2016-10-12,9201.529410023722,9258.669908375075,9166.55976096945,9252.5791015625,1385400
2260,2016-10-11,9311.76932668008,9327.68921314411,9167.699334638271,9219.7998046875,2070400
2261,2016-10-07,9289.639595649523,9289.929634070086,9249.039099572406,9265.7890625,1501300
2262,2016-10-06,9263.379928998113,9284.2890625,9242.809661935215,9284.2890625,1405800
2263,2016-10-05,9260.669947508646,9276.10936648569,9244.38971007877,9272.259765625,1339700
2264,2016-10-04,9228.639778953657,9287.7490234375,9224.42982731194,9287.7490234375,1396600
2265,2016-10-03,9219.499056041113,9256.559520610042,9212.359423459733,9234.1796875,1379500
2266,2016-09-30,9240.419757239732,9240.629717707512,9160.889661725074,9166.8291015625,1606100
2267,2016-09-29,9241.589908541402,9303.109303706344,9238.469798255795,9270.8798828125,1843300
2268,2016-09-26,9229.319258272926,9229.319258272926,9189.469737780038,9194.4990234375,1242800
2269,2016-09-23,9240.229590191944,9284.599609375,9228.63977204152,9284.599609375,1566400
2270,2016-09-22,9265.259698961478,9290.739134569232,9207.389710280328,9235.2392578125,1489300
2271,2016-09-21,9141.899606463,9228.4794921875,9133.139860304178,9228.4794921875,1624800
2272,2016-09-20,9141.189498722653,9173.43942653238,9130.879951487694,9161.5595703125,1425100
2273,2016-09-19,9003.389983337243,9155.359369398535,9003.389983337243,9152.859375,1678200
2274,2016-09-14,8913.089818846249,8965.299659510098,8895.829116421513,8902.279296875,1755900
2275,2016-09-13,8983.929588594276,9014.729322635469,8885.529423672788,8940.8095703125,1797200
2276,2016-09-12,9031.48906424178,9031.48906424178,8947.0390625,8947.0390625,1673200
2277,2016-09-09,9217.349491920118,9217.349491920118,9142.109425906585,9164.859375,1587900
2278,2016-09-08,9241.92973385944,9273.54978104077,9224.869224756076,9262.869140625,1860000
2279,2016-09-07,9202.210086831441,9278.859331124002,9202.210086831441,9259.0498046875,1969500
2280,2016-09-06,9102.809746803927,9181.8291015625,9098.579287502747,9181.8291015625,1709300
2281,2016-09-05,9032.359505287046,9100.029274495133,9032.359505287046,9090.109375,1467300
2282,2016-09-02,9015.609310926811,9038.45984472379,8958.789128079536,8987.529296875,1968000
2283,2016-09-01,9055.709836584727,9069.109220118611,8980.189500834726,9001.1298828125,1891700
2284,2016-08-31,9122.169801252916,9130.739117812178,9044.479547250407,9068.8291015625,2149900
2285,2016-08-30,9113.318352818604,9134.348576662851,9093.848672169299,9110.5380859375,1631700
2286,2016-08-29,9117.508771704695,9136.398375595025,9027.328320313882,9110.1484375,1604400
2287,2016-08-26,9096.998128514826,9131.6982421875,9092.058687010973,9131.6982421875,1535600
2288,2016-08-25,9034.448433097506,9115.4482421875,9031.318557661869,9115.4482421875,1843600
2289,2016-08-24,9043.108337086791,9054.73819219049,9016.368166421784,9017.3583984375,1538600
2290,2016-08-23,8987.048932465448,9046.278283747342,8986.738386329233,9030.908203125,1606000
2291,2016-08-22,9004.658148419969,9012.698168250798,8928.30872167227,8981.7880859375,1680100
2292,2016-08-19,9139.668694611311,9175.108063457832,9034.248046875,9034.248046875,1966900
2293,2016-08-18,9104.85843993459,9128.778305475847,9093.488349524821,9122.478515625,1779500
2294,2016-08-17,9121.158194926144,9133.048791907822,9073.248151568621,9117.6787109375,1704800
2295,2016-08-16,9146.068275116444,9165.558463528881,9082.318425453956,9110.3388671875,1762700
2296,2016-08-15,9152.338858144778,9161.998015148645,9117.23835463755,9148.48828125,1666600
2297,2016-08-12,9135.318394710725,9173.698187410362,9135.318394710725,9150.3681640625,1924700
2298,2016-08-11,9168.678624193504,9187.158072904469,9063.78824596874,9131.80859375,2218600
2299,2016-08-10,9160.919037503098,9200.3984375,9131.608559072667,9200.3984375,2158200
2300,2016-08-09,9153.978518159636,9168.318328258092,9127.608462855318,9155.05859375,1911500
2301,2016-08-08,9123.048891964543,9153.968741241037,9104.408310731846,9150.23828125,1891100
2302,2016-08-05,9025.738438057286,9101.688453902021,9023.20914715893,9092.0986328125,1959600
2303,2016-08-04,9009.268591396423,9035.228490533207,8972.288210682744,9024.6884765625,1640000
2304,2016-08-03,9000.798830248323,9033.928633989755,8948.379033483914,9001.6884765625,1685800
2305,2016-08-02,9081.038056798609,9086.398395662149,9052.688514585343,9068.73828125,1733700
2306,2016-08-01,9008.718920275738,9080.6884765625,9008.718920275738,9080.6884765625,1830200
2307,2016-07-29,9066.348436822056,9071.488072969141,8984.388671875,8984.388671875,1899200
2308,2016-07-28,9060.459022623723,9081.378894981339,9015.328270073313,9076.6181640625,2369500
2309,2016-07-27,9058.168957637025,9084.87885525971,9042.11821443471,9063.3681640625,2133200
2310,2016-07-26,8983.528418488819,9024.7685546875,8960.459137470078,9024.7685546875,1792500
2311,2016-07-25,9030.33877474197,9085.88844670075,8916.028500996508,8991.6484375,1980900
2312,2016-07-22,9055.148337313583,9060.128794191776,9004.21877121329,9013.1181640625,2094400
2313,2016-07-21,9010.198352116948,9075.868118206827,9009.768665636271,9056.5380859375,2658600
2314,2016-07-20,9013.498032946287,9034.108335350675,8969.169037113905,9007.658203125,2140900
2315,2016-07-19,9018.778358526732,9034.8486328125,8972.808741277462,9034.8486328125,2370800
2316,2016-07-18,8952.588999791298,9008.1884765625,8952.588999791298,9008.1884765625,2099900
2317,2016-07-15,8857.129128777178,8949.828125,8857.129128777178,8949.828125,2268200
2318,2016-07-14,8837.739323965401,8877.289037174554,8818.239369068728,8866.33984375,2035000
2319,2016-07-13,8847.019556046123,8865.399396304794,8800.14954737417,8857.7294921875,2219500
2320,2016-07-12,8794.7100693268,8841.439453125,8794.279406263227,8841.439453125,1993200
2321,2016-07-11,8728.210096869201,8795.779275098394,8728.210096869201,8786.44921875,2165600
2322,2016-07-08,8605.359459325398,8653.679657144896,8605.359459325398,8640.8896484375,1591200
2323,2016-07-07,8605.359459325398,8653.679657144896,8605.359459325398,8640.8896484375,1591200
2324,2016-07-06,8673.509531795946,8673.509531795946,8569.129898594625,8575.7294921875,1803000
2325,2016-07-05,8738.389595874669,8747.03898958619,8693.739310306399,8716.0498046875,1539800
2326,2016-07-04,8728.299880205013,8782.359323968412,8712.099722815867,8760.5595703125,1488300
2327,2016-07-01,8692.460068331286,8755.59956858608,8680.509901064748,8738.2197265625,1877900
2328,2016-06-30,8615.43957409103,8666.5595703125,8583.749219392901,8666.5595703125,2157300
2329,2016-06-29,8530.349743575754,8609.209906791188,8530.349743575754,8586.5390625,1952800
2330,2016-06-28,8438.739418754822,8505.4892578125,8395.98952183024,8505.4892578125,1527200
2331,2016-06-27,8406.269658725936,8468.63962470238,8386.249199451457,8458.849609375,1349900
2332,2016-06-24,8684.509263537338,8691.278778410266,8374.239506341415,8476.9697265625,2544000
2333,2016-06-23,8706.05950082305,8711.189371510789,8662.759798477035,8676.6591796875,1277400
2334,2016-06-22,8675.099706146424,8716.2294921875,8653.019679971989,8716.2294921875,1616300
2335,2016-06-21,8633.18957506335,8684.8291015625,8627.380018469174,8684.8291015625,1522900
2336,2016-06-20,8612.239290289028,8642.129844225148,8604.789112689097,8625.8994140625,1441600
2337,2016-06-17,8538.259836951225,8607.139554898818,8538.259836951225,8568.0595703125,1676500
2338,2016-06-16,8583.16970687539,8584.64919549088,8476.819377705257,8494.119140625,1614200
2339,2016-06-15,8566.409274860125,8608.269526675087,8524.529491841706,8606.349609375,1631200
2340,2016-06-14,8513.48940753071,8577.289059655697,8503.399587908243,8576.099609375,1324500
2341,2016-06-13,8634.21949107346,8634.21949107346,8520.18949158761,8536.19921875,1795700
2342,2016-06-08,8704.632846447403,8754.79284532607,8690.56257809128,8715.453125,1745300
2343,2016-06-07,8622.182798926071,8692.703084582203,8621.432801288749,8679.873046875,1653300
2344,2016-06-06,8605.123021303058,8664.092560307949,8557.652469162165,8597.0830078125,1253900
2345,2016-06-03,8565.152414377353,8601.02241734774,8559.742275354296,8587.3330078125,1446300
2346,2016-06-02,8598.442247148068,8635.002677181066,8553.512703236584,8555.9921875,1713200
2347,2016-06-01,8516.052992254736,8603.602518485171,8514.093037551002,8597.1328125,1713400
2348,2016-05-31,8532.182628014949,8545.70309251452,8488.873196444596,8535.5625,2368300
2349,2016-05-30,8476.592963238558,8563.372958684704,8462.123283028286,8535.8427734375,1612400
2350,2016-05-27,8415.562655141921,8463.5830078125,8415.562655141921,8463.5830078125,1546200
2351,2016-05-26,8400.86228263583,8410.71283648516,8376.572322697853,8394.0927734375,1328900
2352,2016-05-25,8352.812641210856,8417.242118883883,8352.812641210856,8396.1728515625,1675500
2353,2016-05-24,8329.66299030697,8354.592595684448,8297.972665012996,8300.6328125,1382700
2354,2016-05-23,8150.3531749760905,8356.932576162468,8119.683353602818,8344.4130859375,1882300
2355,2016-05-20,8108.654855663148,8165.954481426607,8080.624669752819,8131.234375,1228000
2356,2016-05-19,8159.904584595549,8166.934347704975,8067.304777351868,8095.95458984375,1377200
2357,2016-05-18,8115.5846097906415,8159.65478515625,8061.2346812565775,8159.65478515625,1482200
2358,2016-05-17,8081.864928838841,8151.174771250534,8047.284958571092,8140.45458984375,1500000
2359,2016-05-16,8035.184672251838,8091.454514688172,8003.90498554039,8067.57470703125,1449600
2360,2016-05-13,8095.90465198674,8095.90465198674,7999.954759173522,8053.66455078125,2020700
2361,2016-05-12,8122.7543484038315,8162.414380456746,8105.464851765379,8108.0244140625,1359700
2362,2016-05-11,8182.894383442533,8204.484159811846,8115.414613575003,8135.53466796875,1584800
2363,2016-05-10,8119.684684186705,8168.10445532993,8075.55493875104,8156.2646484375,1320800
2364,2016-05-09,8156.624434221944,8177.334330495175,8106.104572433153,8131.8046875,1365700
2365,2016-05-06,8169.514576409156,8170.654709574352,8104.134897371322,8146.40478515625,1678500
2366,2016-05-05,8182.024370263321,8207.954953718696,8122.314594938047,8167.9345703125,1609100
2367,2016-05-04,8282.493839586363,8285.934258601945,8153.54453254602,8185.44482421875,1801400
2368,2016-05-03,8362.322040688521,8363.562270974762,8268.382897259653,8294.0927734375,1644000
2369,2016-04-29,8424.012544722144,8424.012544722144,8352.203208781364,8377.873046875,1575700
2370,2016-04-28,8586.892213332343,8595.962496563974,8456.352595500537,8473.8427734375,1614700
2371,2016-04-27,8561.342778801121,8597.612194234325,8537.003012773734,8563.0224609375,1429000
2372,2016-04-26,8556.34285373374,8622.392447964497,8554.522547033865,8581.54296875,1291300
2373,2016-04-25,8541.112365827608,8560.2529296875,8513.70327369212,8560.2529296875,1113800
2374,2016-04-22,8560.18253883152,8580.302591565462,8501.003040910007,8535.72265625,1593200
2375,2016-04-21,8549.112366948979,8568.623046875,8508.892768733196,8568.623046875,1397500
2376,2016-04-20,8649.062067709961,8695.191802379073,8502.522499252122,8514.453125,1800900
2377,2016-04-19,8701.722440792139,8743.321918417516,8627.262715675886,8633.6923828125,1525800
2378,2016-04-18,8681.772411115391,8686.953058831408,8650.102589168091,8665.982421875,1311400
2379,2016-04-15,8634.203332926327,8700.3623046875,8613.222930114143,8700.3623046875,1565500
2380,2016-04-14,8684.902289427475,8719.122884597507,8653.81254375562,8667.6826171875,1742000
2381,2016-04-13,8562.76297750181,8653.052731214633,8561.873331875926,8652.052734375,1698200
2382,2016-04-12,8561.18252093583,8613.531962522238,8520.112340072532,8531.15234375,1695400
2383,2016-04-11,8518.932756515043,8568.413067254256,8476.543243444527,8562.5625,1435100
2384,2016-04-08,8464.753175288977,8546.28221116571,8452.022747292798,8541.47265625,1796500
2385,2016-04-07,8523.222549970002,8529.412959720567,8436.512868291122,8490.22265625,1783400
2386,2016-04-06,8605.132517455006,8605.132517455006,8496.862357395054,8513.2724609375,2018500
2387,2016-04-01,8700.352403789244,8704.502781305773,8628.913176296506,8657.5224609375,1542800
2388,2016-03-31,8757.192344071958,8803.882627765606,8695.052889935663,8744.802734375,2006100
2389,2016-03-30,8624.902694614528,8744.442359560288,8624.902694614528,8737.0126953125,1920800
2390,2016-03-29,8687.032005365516,8711.082710299876,8585.682717583408,8617.322265625,1903600
2391,2016-03-28,8713.692309596932,8737.832858640544,8676.002975058538,8690.4228515625,1609600
2392,2016-03-25,8758.112137671978,8765.59258292459,8699.862320644865,8704.9423828125,1484000
2393,2016-03-24,8745.392571745051,8765.932546571328,8676.842981437887,8743.3525390625,1753200
2394,2016-03-23,8777.852502286254,8814.472505245934,8734.522559319214,8766.0625,1743000
2395,2016-03-22,8805.99212419612,8814.342684144018,8713.213116078961,8785.65234375,1884200
2396,2016-03-21,8826.132770736886,8840.722569218009,8747.562702022211,8812.6728515625,1740400
2397,2016-03-18,8747.022658504711,8810.6826171875,8747.022658504711,8810.6826171875,2473700
2398,2016-03-17,8763.482331184368,8826.812211052584,8716.85259434817,8734.5126953125,2375000
2399,2016-03-16,8637.602732404339,8699.1123046875,8637.602732404339,8699.1123046875,1985300
2400,2016-03-15,8745.542542008974,8759.91261356592,8589.382881626489,8611.15234375,2606100
2401,2016-03-14,8746.453129438321,8777.022369823719,8739.542994787742,8747.873046875,2236200
2402,2016-03-11,8663.262829892125,8707.942377064695,8640.932821900169,8706.1123046875,2073100
2403,2016-03-10,8633.632897871395,8680.402281459621,8614.942527193725,8660.6728515625,2165700
2404,2016-03-09,8649.07221815485,8657.142505096615,8588.382957229991,8634.0830078125,2198200
2405,2016-03-08,8655.833034477444,8668.482408619577,8575.673131205393,8664.2822265625,2643600
2406,2016-03-07,8656.712899496615,8727.85232330064,8632.182703516914,8659.5224609375,2424900
2407,2016-03-04,8611.342875237495,8648.913068884332,8584.03241475903,8643.5224609375,2396100
2408,2016-03-03,8569.02259664428,8630.74212723721,8561.713049540782,8611.7626953125,2574500
2409,2016-03-02,8544.632810546676,8586.222521195592,8540.142590541893,8544.0224609375,2308200
2410,2016-03-01,8381.352875186183,8488.982411178982,8378.032573385346,8485.6630859375,1945500
2411,2016-02-26,8380.503029261856,8432.712820470555,8347.772666914985,8411.1328125,1967500
2412,2016-02-25,8304.152545352774,8388.602464640462,8304.152545352774,8365.8330078125,2028600
2413,2016-02-24,8332.632648098652,8382.222328140435,8264.362365663814,8282.8330078125,1825000
2414,2016-02-23,8333.562503444131,8361.762606239243,8311.913160407637,8334.6123046875,1849900
2415,2016-02-22,8315.762731072711,8396.592543762083,8296.152443908095,8326.65234375,1697400
2416,2016-02-19,8291.80284345374,8325.0126953125,8280.362451342544,8325.0126953125,1715700
2417,2016-02-18,8261.713064690375,8337.942306188408,8261.713064690375,8314.642578125,2044500
2418,2016-02-17,8240.703036851317,8253.772329283365,8196.102599381087,8214.22265625,1847300
2419,2016-02-16,8090.88321592726,8227.16303559201,8090.88321592726,8212.04296875,2009100
2420,2016-02-15,7976.62479456699,8074.774387968281,7953.965197923157,8066.484375,1935700
2421,2016-02-03,8117.185313747787,8117.185313747787,8036.565543197483,8062.96533203125,1781300
2422,2016-02-02,8141.482374342789,8156.21228670228,8091.10272447944,8131.20263671875,1768200
2423,2016-02-01,8164.202603161982,8166.762161676723,8110.832731971928,8156.92236328125,1818300
2424,2016-01-29,7880.7431172298875,8080.5625,7876.783174717411,8080.5625,2552200
2425,2016-01-28,7825.183480453568,7921.022874296969,7821.083402044647,7905.06298828125,1830200
2426,2016-01-27,7863.623959777572,7888.593571404279,7830.2940350711115,7849.7939453125,1478800
2427,2016-01-26,7832.063949011955,7848.593657875855,7799.544079575137,7828.6337890625,1524700
2428,2016-01-25,7813.693249137374,7899.623020972011,7813.693249137374,7894.11279296875,1623500
2429,2016-01-22,7728.9742459588915,7774.084390210924,7706.104722152984,7756.14453125,1637300
2430,2016-01-21,7713.134540118144,7748.334573960748,7663.974609375,7663.974609375,1763600
2431,2016-01-20,7835.134144385056,7835.134144385056,7687.564994009753,7699.0849609375,2046500
2432,2016-01-19,7816.413753385995,7854.84326171875,7786.733715979935,7854.84326171875,1581200
2433,2016-01-18,7678.634882023936,7834.214250194892,7627.855328589603,7811.14453125,1942500
2434,2016-01-15,7808.964139681225,7842.303830328725,7708.624756709658,7761.97412109375,1991800
2435,2016-01-14,7752.054156820476,7752.054156820476,7662.304569986731,7742.84423828125,1809100
2436,2016-01-13,7799.524041457292,7865.943656615583,7786.294122082502,7824.57373046875,1698800
2437,2016-01-12,7807.8943501012045,7851.774031576525,7732.074385492924,7768.41455078125,2027700
2438,2016-01-11,7855.763851785057,7855.763851785057,7726.184854976067,7788.38427734375,1949300
2439,2016-01-08,7811.163475037485,7906.512636176134,7788.673346388568,7893.93310546875,1875700
2440,2016-01-07,7963.203094749857,7980.46277987732,7770.123917127858,7852.0234375,2544700
2441,2016-01-06,8064.212054806558,8076.5020360400085,7948.3927755616905,7990.3525390625,2040600
2442,2016-01-05,8104.962263175477,8142.602224642009,8055.922452443064,8075.072265625,1710600
2443,2016-01-04,8315.751507609926,8326.29149783485,8109.052270048732,8114.22216796875,1717400
2444,2015-12-31,8273.729800905958,8338.01953125,8258.690810622995,8338.01953125,1191500
2445,2015-12-30,8313.329916711862,8342.299503187156,8262.479576669553,8279.9501953125,1300600
2446,2015-12-29,8349.229224938708,8351.119840811667,8286.799838819614,8293.8701171875,1186200
2447,2015-12-28,8374.139573281464,8394.55939734041,8358.4501953125,8358.4501953125,1219000
2448,2015-12-25,8328.90055502642,8364.259760744011,8320.059777039196,8363.240234375,1236500
2449,2015-12-24,8351.160027153934,8393.369785067154,8324.3203125,8324.3203125,1710600
2450,2015-12-23,8296.540131123487,8359.209751250604,8296.540131123487,8315.66015625,1938800
2451,2015-12-22,8282.990281256696,8316.400276195562,8261.679837273417,8292.7001953125,1832100
2452,2015-12-21,8228.010027261596,8289.549768816863,8191.490184281584,8282.1298828125,2161800
2453,2015-12-18,8272.370044018096,8317.440137975884,8241.280351020176,8257.2802734375,1959000
2454,2015-12-17,8214.580583685405,8319.6298828125,8214.580583685405,8319.6298828125,2194700
2455,2015-12-16,8143.992374142657,8204.162507895691,8121.022753095581,8184.62255859375,1987800
2456,2015-12-15,8074.442377550627,8140.022150268676,8073.3125,8073.3125,1674400
2457,2015-12-14,8058.632237662787,8068.942248044309,7980.552524658367,8040.12255859375,1808300
2458,2015-12-11,8217.292010538282,8253.07211822016,8108.642611525851,8115.8525390625,2056200
2459,2015-12-10,8214.22950144849,8228.389588693175,8133.380286070034,8216.1298828125,2110400
2460,2015-12-09,8329.819824807379,8343.32952470415,8229.580078125,8229.580078125,2149800
2461,2015-12-08,8442.019060028708,8453.589317007109,8335.629922115306,8343.8203125,2054400
2462,2015-12-07,8432.429790742952,8535.31992845731,8432.429790742952,8454.2294921875,1799000
2463,2015-12-04,8423.660036586725,8423.660036586725,8355.710165216578,8398.5595703125,1789400
2464,2015-12-03,8424.500149243566,8484.479357430862,8393.250297210912,8456.01953125,1826900
2465,2015-12-02,8475.9198340102,8497.15020225082,8441.24031069093,8457.3603515625,1939900
2466,2015-12-01,8359.229984344782,8463.259765625,8339.460546622544,8463.259765625,1974700
2467,2015-11-30,8339.789946576517,8339.789946576517,8238.960353649312,8320.5703125,3289700
2468,2015-11-27,8493.139196580716,8505.039530471046,8397.450199651636,8398.3603515625,1419800
2469,2015-11-26,8411.12046515739,8510.660034504317,8411.12046515739,8484.8603515625,1659700
2470,2015-11-25,8407.499897778522,8426.57988480686,8352.13004495225,8386.08984375,1693600
2471,2015-11-24,8472.199851646801,8497.78957342343,8397.400403490761,8400.099609375,1630600
2472,2015-11-23,8480.54982894302,8503.03995720012,8449.969895107031,8485.6904296875,1530200
2473,2015-11-20,8472.610317507717,8484.019443233188,8434.2901862514,8465.41015625,1579100
2474,2015-11-19,8382.05025390767,8477.16015625,8357.160723027637,8477.16015625,1792800
2475,2015-11-18,8432.209520339282,8455.099058893275,8326.679753507926,8340.4296875,1761600
2476,2015-11-17,8369.099848485892,8471.84935985203,8369.099848485892,8419.3798828125,1799600
2477,2015-11-16,8278.080161530974,8312.019450841834,8217.30018145908,8295.3603515625,1820000
2478,2015-11-13,8402.069963469397,8452.99940615555,8329.4599609375,8329.4599609375,1693800
2479,2015-11-12,8426.71973288126,8467.269344930073,8374.030530066395,8428.0498046875,1541900
2480,2015-11-11,8543.589231768665,8557.649711742837,8414.9697265625,8414.9697265625,1930600
2481,2015-11-10,8614.509401440155,8614.509401440155,8529.50003452091,8536.8603515625,1703500
2482,2015-11-09,8702.629603965555,8746.239753489115,8623.66024325564,8642.4404296875,1754100
2483,2015-11-06,8857.569556998043,8857.569556998043,8671.849709227356,8693.5302734375,2240500
2484,2015-11-05,8858.690391002945,8871.829979995413,8828.000100161895,8850.1396484375,1999200
2485,2015-11-04,8759.900829481006,8864.129850488429,8754.14011333553,8856.9794921875,2620400
2486,2015-11-03,8643.170243450935,8728.019462922968,8643.170243450935,8713.150390625,2018200
2487,2015-11-02,8571.490435339094,8614.7294921875,8523.970148388751,8614.7294921875,1570900
2488,2015-10-30,8578.209848882594,8586.860199018816,8503.650627551537,8554.26953125,1963300
2489,2015-10-29,8682.539518199852,8704.549181008128,8568.089857531582,8571.0400390625,1985000
2490,2015-10-28,8679.200134094155,8713.969504700144,8632.339999038308,8665.9501953125,1784700
2491,2015-10-27,8723.959856577081,8733.490086161097,8662.72966957864,8701.2802734375,1841000
2492,2015-10-26,8706.769707747831,8757.099555445604,8706.769707747831,8745.3203125,1778100
2493,2015-10-23,8671.47950275852,8740.039733152047,8661.990288749263,8673.76953125,1974500
2494,2015-10-22,8600.360389048605,8631.12977718553,8594.169988153597,8608.419921875,1675200
2495,2015-10-21,8668.03976536984,8690.349231926924,8591.379965644248,8609.1904296875,2022800
2496,2015-10-20,8651.040050720037,8663.080034074868,8618.440592179126,8653.5595703125,1994500
2497,2015-10-19,8628.750012570736,8670.280093361162,8603.0401708944,8631.4599609375,1765400
2498,2015-10-16,8596.38968808365,8627.789932601796,8574.599750410782,8604.91015625,2165800
2499,2015-10-15,8573.339974736757,8652.42945033283,8573.339974736757,8601.4794921875,2055300
2500,2015-10-14,8545.099503058984,8553.829930792923,8515.49026716491,8522.4697265625,1941200
2501,2015-10-13,8571.530256378725,8574.070283571275,8518.370348553412,8567.8798828125,1877100
2502,2015-10-12,8478.300250109232,8578.17966648511,8478.300250109232,8573.6796875,2081500
2503,2015-10-08,8528.419530774087,8544.889179259919,8434.460015264787,8445.919921875,1977700
2504,2015-10-07,8398.490690134873,8495.1904296875,8385.000519341002,8495.1904296875,2089300
2505,2015-10-06,8409.269458699922,8482.789615826543,8390.84962468621,8394.0595703125,2193800
2506,2015-10-05,8342.950240230426,8364.549746062467,8316.790209385472,8352.3203125,1933400
2507,2015-10-02,8290.389718827824,8320.620041834873,8253.710208162856,8304.990234375,1758800
2508,2015-10-01,8194.260256177624,8317.749894546268,8170.740350162079,8295.900390625,2108700
2509,2015-09-30,8097.112691132502,8181.20263671875,8059.643136765641,8181.20263671875,2283600
2510,2015-09-25,8131.452640694089,8152.462309186287,8061.832845375815,8132.3125,1654300
2511,2015-09-24,8224.192403013229,8257.101430381046,8101.86240281231,8123.0625,1964900
2512,2015-09-23,8310.779699733037,8310.779699733037,8186.180210964302,8193.3798828125,1933600
2513,2015-09-22,8331.4005556429,8365.8798828125,8325.740426482253,8365.8798828125,1758200
2514,2015-09-21,8404.4594911907,8404.4594911907,8285.38975259713,8307.0,1810100
2515,2015-09-18,8427.47965599442,8488.490109506358,8399.670217264376,8462.099609375,2296800
2516,2015-09-17,8377.269854532326,8467.110248920697,8377.269854532326,8445.4599609375,2321600
2517,2015-09-16,8298.09001268444,8342.320268919757,8276.90066136867,8333.25,1864800
2518,2015-09-15,8320.17939554658,8327.909826824292,8226.030437859228,8259.9501953125,1622000
2519,2015-09-14,8332.530151592899,8359.989980180246,8259.26976250387,8307.25,1769100
2520,2015-09-11,8271.210127587252,8313.139612960875,8233.09995973963,8305.7802734375,1841800
2521,2015-09-10,8247.599711256253,8274.780243703022,8214.460223289409,8268.6396484375,2036300
2522,2015-09-09,8097.181092333902,8296.089799251175,8097.181092333902,8286.8798828125,2746900
2523,2015-09-08,7993.062539469679,8031.222028132789,7978.742294258336,8001.46240234375,1503100
2524,2015-09-07,7990.722148198143,8053.16228394009,7957.762342423475,7986.5224609375,1496400
2525,2015-09-04,8087.582110593327,8128.191783034433,7990.822311397815,8000.5625,2329400
2526,2015-09-03,8071.332633681326,8101.09226110174,8007.442793668873,8095.91259765625,2443000
2527,2015-09-02,7970.362608312764,8068.0223076044,7907.273059764337,8035.25244140625,2197000
2528,2015-09-01,8117.461933684016,8119.861824773631,8002.142650247633,8017.5224609375,2184600
2529,2015-08-31,8026.583201583811,8174.88232421875,7961.733402182676,8174.88232421875,2653300
2530,2015-08-28,7923.732869202306,8039.722071482036,7923.732869202306,8019.142578125,2574100
2531,2015-08-27,7762.594035938614,7856.363622451401,7762.594035938614,7824.513671875,2625000
2532,2015-08-26,7636.0853230430075,7762.414825542307,7547.57547243562,7715.5546875,2504000
2533,2015-08-25,7427.325844213714,7677.895009042329,7368.436465504753,7675.60498046875,3020700
2534,2015-08-24,7719.594276545774,7719.594276545774,7203.036600550089,7410.3056640625,3913000
2535,2015-08-21,7941.913841132058,7941.913841132058,7786.88427734375,7786.88427734375,2548500
2536,2015-08-20,8008.642677060599,8063.762047882431,7951.682982824431,8029.7724609375,2051500
2537,2015-08-19,8182.771706484292,8182.771706484292,7987.532387183061,8021.80224609375,2562600
2538,2015-08-18,8237.0422052419,8277.181669123198,8166.732469923461,8177.1826171875,1910300
2539,2015-08-17,8307.859890985856,8308.499536305175,8213.3798828125,8213.3798828125,1730700
2540,2015-08-14,8315.099563578275,8343.940244857606,8283.309677766267,8305.599609375,1771200
2541,2015-08-13,8284.920050880119,8348.349432828556,8271.650583551702,8311.7001953125,2002800
2542,2015-08-12,8365.109956311466,8376.54935414201,8235.910385509102,8283.33984375,2319000
2543,2015-08-11,8542.089137853924,8586.178771300536,8393.040044116526,8394.099609375,2176400
2544,2015-08-10,8410.590109562769,8484.139566438655,8374.040477716604,8466.7998046875,1708400
2545,2015-08-07,8408.969884400118,8457.999925302824,8368.360701997304,8442.25,1654200
2546,2015-08-06,8564.509220732554,8586.199547637836,8404.63009552648,8449.51953125,1995900
2547,2015-08-05,8504.900565592814,8562.969629349513,8486.229754668975,8542.2294921875,1849400
2548,2015-08-04,8538.40026087543,8590.259391904707,8433.880244776221,8510.8203125,2242500
2549,2015-08-03,8636.48970774802,8636.48970774802,8482.880077691683,8524.3701171875,1822300
2550,2015-07-31,8670.879857029195,8676.249949403536,8591.33041990946,8665.2998046875,2024400
2551,2015-07-30,8567.19081964136,8697.139436986892,8567.19081964136,8651.4501953125,2008700
2552,2015-07-29,8587.660043009228,8619.369855684918,8516.190650607687,8563.4404296875,2046200
2553,2015-07-28,8566.379957783776,8635.83959467643,8531.960196484712,8582.4501953125,2273000
2554,2015-07-27,8733.19936913704,8733.19936913704,8553.049821485369,8556.6396484375,2322200
2555,2015-07-24,8809.610160725291,8811.71952609268,8733.389805667593,8767.8203125,1622400
2556,2015-07-23,8865.319974373646,8895.839366622768,8751.670101368134,8791.080078125,2076700
2557,2015-07-22,8955.548658475616,8968.348404298935,8896.058697686352,8918.6591796875,1720100
2558,2015-07-21,8997.518592945195,9010.66892367969,8940.339165857258,9005.9189453125,1714600
2559,2015-07-20,9084.958481676531,9124.838182238524,8952.598734998995,8974.958984375,1767100
2560,2015-07-17,9060.87883851262,9079.189302365276,9017.959111242002,9045.939453125,1615500
2561,2015-07-16,9062.71865678572,9085.268359186906,9021.779389362808,9042.1689453125,1666800
2562,2015-07-15,9063.498981127907,9089.428551166142,9005.058816176186,9054.1591796875,1789400
2563,2015-07-14,9061.538972590235,9124.71837349178,9041.71875,9041.71875,2139300
2564,2015-07-13,8946.679106842106,9041.838831047842,8946.679106842106,9033.87890625,2077600
2565,2015-07-09,8861.239500983711,8946.199071004101,8750.879657210402,8914.0888671875,2589100
2566,2015-07-08,9225.867999184586,9225.867999184586,8946.7091185348,8976.0693359375,3059900
2567,2015-07-07,9278.287958056833,9332.927358451238,9244.417994626705,9250.1181640625,1872800
2568,2015-07-06,9309.818114841173,9347.497631396991,9255.91796875,9255.91796875,1580600
2569,2015-07-03,9369.457957243936,9369.457957243936,9265.09807396649,9358.1884765625,1571900
2570,2015-07-02,9372.417999106245,9400.63759932503,9350.00794318969,9379.1982421875,1753300
2571,2015-07-01,9311.718057726368,9404.71764117411,9298.318703680603,9375.1884765625,1618400
2572,2015-06-30,9223.227988350489,9322.9775390625,9204.408737177917,9322.9775390625,1858800
2573,2015-06-29,9358.917410161945,9358.917410161945,9227.068400244914,9236.0576171875,1867400
2574,2015-06-26,9481.907138560053,9489.867063352029,9442.897550075177,9462.52734375,1584100
2575,2015-06-25,9415.737579283925,9500.52723388132,9415.737579283925,9476.296875,2096500
2576,2015-06-24,9390.227570521147,9409.398383292855,9364.338037772393,9397.267578125,1725600
2577,2015-06-23,9375.738349928966,9438.347444973102,9375.738349928966,9391.09765625,1944900
2578,2015-06-22,9247.71819602079,9371.438343008867,9247.71819602079,9341.7275390625,1993500
2579,2015-06-18,9189.39856928261,9243.797735540957,9187.828263935811,9218.328125,1959000
2580,2015-06-17,9232.767381733676,9242.177494984726,9170.047941763909,9189.7880859375,2054200
2581,2015-06-16,9272.657930007817,9272.657930007817,9177.908361881762,9212.73828125,1737300
2582,2015-06-15,9304.617959170453,9324.898140635942,9252.297883945577,9259.4384765625,1595200
2583,2015-06-12,9304.707995080615,9339.287917098962,9263.368337953234,9301.8876953125,1713100
2584,2015-06-11,9330.948113536213,9358.438223818088,9251.137926932426,9302.4482421875,2059600
2585,2015-06-10,9246.618398172135,9334.457845235875,9246.618398172135,9298.4580078125,2190900
2586,2015-06-09,9346.067654743107,9363.476754898418,9191.828125,9191.828125,2785900
2587,2015-06-08,9324.177932537663,9419.1775067184,9258.938967147611,9368.3876953125,2178100
2588,2015-06-05,9327.977593509297,9371.36802342986,9272.898739576325,9340.087890625,2478600
2589,2015-06-04,9537.04700503781,9558.726595156963,9324.967879534372,9348.587890625,2951500
2590,2015-06-03,9617.706755940908,9645.437100007066,9550.397488270819,9556.4765625,2285900
2591,2015-06-02,9619.835911811302,9656.975390489144,9584.515760755055,9614.2158203125,2134600
2592,2015-06-01,9688.085652437718,9692.29559415498,9589.04606553452,9625.646484375,1981100
2593,2015-05-29,9727.544799073388,9747.224395444428,9692.955115495472,9701.025390625,3159400
2594,2015-05-28,9741.525257746609,9766.164792225758,9704.884802209464,9712.794921875,2366200
2595,2015-05-27,9666.844850065938,9710.245039564526,9648.66524681438,9693.4951171875,2376600
2596,2015-05-26,9688.265539106378,9724.316156513618,9649.576261816313,9669.3662109375,1727100
2597,2015-05-25,9654.236286616426,9654.236286616426,9589.276621649427,9645.1259765625,1568200
2598,2015-05-22,9606.46596752957,9674.725421943962,9606.46596752957,9638.755859375,2176100
2599,2015-05-21,9647.48601169547,9647.48601169547,9536.11640546106,9578.515625,2176000
2600,2015-05-20,9725.974420556278,9736.044686348703,9662.815533810242,9685.2646484375,2182900
2601,2015-05-19,9623.905702553226,9722.75485493377,9623.905702553226,9716.724609375,2439000
2602,2015-05-18,9603.706065436329,9612.396455367458,9550.716073477346,9606.0556640625,2154300
2603,2015-05-15,9638.01535627176,9644.785833024947,9552.816528368248,9579.4365234375,1997700
2604,2015-05-14,9730.285586401336,9734.505293669228,9600.19633748433,9610.7861328125,2198400
2605,2015-05-13,9697.125124455048,9743.285067461811,9687.615402761729,9724.0654296875,2129200
2606,2015-05-12,9637.66621091498,9702.625876969176,9637.166213184712,9680.6865234375,2141500
2607,2015-05-11,9763.89602862605,9797.145877423232,9635.836064100384,9663.67578125,2383200
2608,2015-05-08,9724.244967524985,9760.46452621109,9691.955078125,9691.955078125,2012000
2609,2015-05-07,9789.774993859917,9789.774993859917,9704.0654296875,9704.0654296875,2315900
2610,2015-05-06,9780.344899559652,9829.384714245945,9735.895884181165,9818.1552734375,2353700
2611,2015-05-05,9849.084828277913,9855.594564124194,9788.085107320492,9820.0849609375,2134800
2612,2015-05-04,9853.464805103535,9871.605347329783,9800.4357501956,9844.9951171875,2298800
2613,2015-04-30,9841.105372225247,9894.85512634556,9820.0048828125,9820.0048828125,2644700
2614,2015-04-29,9934.775021404792,9978.824625276995,9842.455129776828,9853.78515625,2859900
2615,2015-04-28,9998.033989535561,10014.234110169307,9917.964046139201,9956.7841796875,2770800
2616,2015-04-27,9941.133936059206,10002.534044106442,9936.994306673256,9973.07421875,3381800
2617,2015-04-24,9839.665372445224,9961.26443079349,9839.665372445224,9913.2353515625,3791200
2618,2015-04-23,9655.255534761169,9814.834881205283,9655.255534761169,9797.4453125,3637800
2619,2015-04-22,9549.566696032369,9630.746012423793,9549.566696032369,9612.9560546875,2128600
2620,2015-04-21,9554.756742106718,9598.817090404993,9512.596775868562,9533.9375,2098100
2621,2015-04-20,9541.78715894089,9572.607332811018,9508.527542918428,9552.806640625,1925300
2622,2015-04-17,9608.555491099523,9615.47538120142,9570.8857421875,9570.8857421875,2047400
2623,2015-04-16,9578.666371306754,9656.826171875,9578.666371306754,9656.826171875,2224100
2624,2015-04-15,9629.656822818102,9654.106908006099,9508.096823455904,9540.0166015625,2435600
2625,2015-04-14,9646.23630961868,9664.055564342902,9631.146534642046,9642.17578125,2034000
2626,2015-04-13,9622.595902608915,9666.4755859375,9622.546098147834,9666.4755859375,1855700
2627,2015-04-10,9626.835895556062,9648.295758438448,9582.796057721842,9617.65625,2002700
2628,2015-04-09,9597.16588164967,9663.005423002052,9559.666053884444,9567.99609375,2165100
2629,2015-04-08,9646.026026988618,9654.625596882452,9561.95610045893,9571.92578125,1983700
2630,2015-04-07,9619.92588120435,9653.925726241057,9613.286263028667,9641.8564453125,2011600
2631,2015-04-02,9535.936817952104,9628.90611894717,9535.936817952104,9600.2763671875,1860500
2632,2015-04-01,9575.067077979289,9575.067077979289,9503.48732335202,9507.6171875,1788200
2633,2015-03-31,9568.336020291563,9594.706016595503,9527.826440367848,9586.396484375,2184800
2634,2015-03-30,9533.336862123097,9556.206876106044,9503.48738744857,9521.8271484375,1783800
2635,2015-03-27,9593.026939773126,9608.396987468392,9503.6767578125,9503.6767578125,2251300
2636,2015-03-26,9579.586117912622,9619.076171875,9539.98668944993,9619.076171875,2194600
2637,2015-03-25,9739.205730046835,9743.53578848938,9653.425846525262,9667.7861328125,1966300
2638,2015-03-24,9759.914908429055,9768.664868038577,9701.285296255297,9731.615234375,1945600
2639,2015-03-23,9759.834952696963,9775.584880191016,9729.764778627212,9758.044921875,2206800
2640,2015-03-20,9706.304887193613,9749.6455078125,9705.275595061117,9749.6455078125,2580300
2641,2015-03-19,9667.965160803331,9745.544881000937,9667.965160803331,9736.685546875,2389700
2642,2015-03-18,9563.69669735584,9653.3857421875,9561.45647317906,9653.3857421875,2195500
2643,2015-03-17,9555.05657009095,9629.756428929413,9539.3974609375,9539.3974609375,2021100
2644,2015-03-16,9583.406907941042,9590.71644523703,9512.8671875,9512.8671875,1773200
2645,2015-03-13,9608.39635092072,9633.465571852521,9579.3056640625,9579.3056640625,1941300
2646,2015-03-12,9537.186792575205,9607.975530893518,9530.696587922524,9595.9560546875,2358800
2647,2015-03-11,9503.237394473997,9561.766427263807,9472.497298799462,9523.13671875,2230500
2648,2015-03-10,9566.206897341812,9583.737091793148,9520.287182368229,9536.4873046875,2012200
2649,2015-03-09,9616.995845326957,9616.995845326957,9549.715881066355,9562.9365234375,1785400
2650,2015-03-06,9587.54616349925,9645.7255859375,9574.506183846068,9645.7255859375,2120500
2651,2015-03-05,9626.995947418769,9630.995929098852,9564.39662474868,9595.0458984375,1921600
2652,2015-03-04,9596.196405484003,9635.135680760908,9580.736515156756,9621.6865234375,1910300
2653,2015-03-03,9628.015523025584,9642.906079902654,9571.595859265366,9605.7255859375,1882000
2654,2015-03-02,9665.066114467007,9690.385334518205,9588.316465750846,9601.31640625,2202800
2655,2015-02-26,9687.436224835074,9688.026065891185,9610.545951004016,9622.0556640625,2117000
2656,2015-02-25,9655.6750076343,9699.4951171875,9653.724821353819,9699.4951171875,2209800
2657,2015-02-24,9582.345917528575,9638.43648186082,9582.345917528575,9629.326171875,2332200
2658,2015-02-13,9499.997203192086,9542.046818276176,9499.926891009127,9529.466796875,1601700
2659,2015-02-12,9496.346679325165,9500.306622344697,9447.147683191004,9496.2666015625,1563800
2660,2015-02-11,9430.127098665907,9488.67663747373,9430.127098665907,9462.1767578125,1909200
2661,2015-02-10,9405.547798412801,9435.028135377737,9390.08790658519,9393.658203125,1631400
2662,2015-02-09,9465.077930582536,9465.077930582536,9413.13773239663,9421.4580078125,1425200
2663,2015-02-06,9521.836615521719,9521.836615521719,9448.60745608802,9456.13671875,1533300
2664,2015-02-05,9511.016606035682,9517.376928866588,9472.377132144933,9512.0068359375,1523200
2665,2015-02-04,9477.476726899038,9533.83682391516,9477.476726899038,9513.876953125,2134800
2666,2015-02-03,9394.427975521392,9460.127878848112,9394.427975521392,9448.6884765625,1649300
2667,2015-02-02,9368.788167175966,9410.387590457389,9352.148593175023,9386.9482421875,1650800
2668,2015-01-30,9452.807209285,9466.607928632568,9361.8681640625,9361.8681640625,2041700
2669,2015-01-29,9479.318125691772,9482.087644604877,9403.70811093606,9426.8583984375,1849600
2670,2015-01-28,9503.157261438937,9515.24705056904,9471.266780515462,9510.876953125,1784400
2671,2015-01-27,9505.516673903447,9523.687490339851,9471.14768837849,9521.546875,1875400
2672,2015-01-26,9474.516615663848,9478.48730078694,9436.42694460112,9477.626953125,1906500
2673,2015-01-23,9421.957253288045,9471.756832038598,9421.957253288045,9470.8974609375,2647100
2674,2015-01-22,9336.76772468045,9386.517501711332,9336.76772468045,9369.4677734375,2387200
2675,2015-01-21,9283.74820872082,9319.66796875,9275.637893701452,9319.66796875,2174400
2676,2015-01-20,9188.718059071382,9259.267543542739,9177.438813391604,9251.6484375,1795000
2677,2015-01-19,9183.717729037044,9247.047517282903,9151.778422107684,9174.017578125,1893500
2678,2015-01-16,9245.727045173713,9256.817814521775,9109.418101229714,9138.248046875,2591100
2679,2015-01-15,9197.27817264042,9219.387446340701,9149.05769045082,9165.0478515625,2210200
2680,2015-01-14,9235.85814379228,9242.15791966323,9161.668053466461,9180.1884765625,2271500
2681,2015-01-13,9162.727853056764,9253.778220149008,9161.668287563874,9231.7578125,2324800
2682,2015-01-12,9197.977448841602,9229.608163500368,9178.2578125,9178.2578125,2205700
2683,2015-01-09,9247.358253443423,9284.528005948041,9215.5380859375,9215.5380859375,2398800
2684,2015-01-08,9153.988663078555,9246.578085954194,9153.988663078555,9237.98828125,2657600
2685,2015-01-07,9051.898567681033,9108.618031934962,9050.498183532341,9080.0478515625,2384100
2686,2015-01-06,9209.887939397158,9209.887939397158,9043.399436271273,9048.298828125,2725800
2687,2015-01-05,9292.26749572087,9292.26749572087,9181.977956039962,9274.068359375,2311000
2688,2014-12-31,9260.418179899814,9307.2177734375,9252.267826047479,9307.2177734375,1578600
2689,2014-12-30,9299.057478232235,9338.017262655045,9262.658229083432,9268.3876953125,1891600
2690,2014-12-29,9216.388011174053,9313.287963619367,9216.388011174053,9286.23828125,2137000
2691,2014-12-26,9171.86835620312,9214.0283203125,9158.347910008959,9214.0283203125,1649700
2692,2014-12-25,9186.787956963379,9197.997866503762,9153.727561669351,9158.658203125,1831400
2693,2014-12-24,9096.438886598722,9186.1376953125,9096.438886598722,9186.1376953125,2610200
2694,2014-12-23,9123.73816091758,9138.10821177711,9093.387715068906,9097.66796875,1867800
2695,2014-12-22,9032.37821862366,9099.807594796548,9023.968101203882,9094.9580078125,1954900
2696,2014-12-19,8981.808674281287,9035.728350414358,8953.129117489965,8999.478515625,2477900
2697,2014-12-18,8912.739100051716,8946.378593087851,8876.838875271782,8878.5888671875,1975300
2698,2014-12-17,8961.599004916427,8972.079426134595,8825.99024494255,8828.3203125,2319700
2699,2014-12-16,8967.779219387838,9031.028929558286,8950.869140625,8950.869140625,1836200
2700,2014-12-15,8987.909169096249,8997.03901023467,8942.999217842242,8985.5888671875,1671300
2701,2014-12-12,9041.49895887462,9084.228256920906,9022.518576362276,9027.2890625,1621300
2702,2014-12-11,9003.798870129936,9046.359223325384,8971.489446848045,9013.029296875,1673000
2703,2014-12-10,9115.28868481999,9140.44872681609,9015.478591191157,9032.119140625,2150000
2704,2014-12-09,9163.387536480588,9177.0974343534,9127.07813318911,9128.8583984375,1841800
2705,2014-12-08,9231.198041305104,9241.587642254817,9174.467831852075,9187.248046875,2002500
2706,2014-12-05,9220.20794541793,9240.467618635892,9192.248112008909,9206.5283203125,2074700
2707,2014-12-04,9212.807672997715,9251.80749547189,9195.108534813571,9225.068359375,2423500
2708,2014-12-03,9073.428200234988,9188.278260538615,9045.158798365463,9175.2177734375,2695800
2709,2014-12-02,9098.319047344618,9104.798510116887,9009.649528008276,9034.7490234375,2121500
2710,2014-12-01,9038.368529282745,9164.497831196126,8998.508361299606,9117.66796875,2000200
2711,2014-11-28,9163.148547015044,9201.75774554116,9158.23841320815,9187.1083984375,1671500
2712,2014-11-27,9153.448296339491,9217.688236388594,9153.448296339491,9165.267578125,1657900
2713,2014-11-26,9125.038073552912,9145.997938007513,9112.148484449048,9122.34765625,1572900
2714,2014-11-25,9125.2274974708,9153.50764064072,9098.278402857135,9116.1982421875,1863300
2715,2014-11-24,9144.377828002858,9165.667769062404,9104.498128766649,9122.2880859375,1688500
2716,2014-11-21,9104.297792397336,9111.137604555295,9071.818450226927,9091.48828125,1711900
2717,2014-11-20,8984.888129811958,9078.828125,8984.888129811958,9078.828125,1984700
2718,2014-11-19,8896.119447582223,8988.598516585242,8879.249407592073,8963.19921875,1933300
2719,2014-11-18,8916.039781403684,8944.219341544014,8828.110491306812,8859.0302734375,1875200
2720,2014-11-17,9003.328552277915,9023.95833985061,8878.338894932152,8884.3486328125,1620300
2721,2014-11-14,8992.359331529578,8996.338805546808,8950.18960220148,8982.8388671875,1670000
2722,2014-11-13,8947.928860282589,8980.62890625,8927.04907283062,8980.62890625,1337100
2723,2014-11-12,9030.088355904863,9030.088355904863,8894.069450168625,8918.9091796875,1688500
2724,2014-11-11,9067.498871797394,9069.399253794487,9021.499080640606,9034.0986328125,1788700
2725,2014-11-10,8937.549337493141,9062.84857430651,8937.549337493141,9049.939453125,1844200
2726,2014-11-07,8881.14955870103,8925.579041736868,8867.73946416419,8912.5791015625,1492600
2727,2014-11-06,8968.748664670322,8979.928300596725,8887.319352817853,8890.978515625,1597400
2728,2014-11-05,8997.718589096261,9013.018323767128,8941.13876989918,8962.55859375,1633400
2729,2014-11-04,9030.918754678418,9046.178450676505,8980.918982817282,8989.138671875,1704900
2730,2014-11-03,9009.338846601795,9029.668832126707,8965.459163654783,9004.8193359375,2063400
2731,2014-10-31,8909.299127101134,8974.71875,8885.169354564814,8974.71875,2025800
2732,2014-10-30,8890.149404278833,8892.949196046122,8842.758997971532,8888.029296875,1969100
2733,2014-10-29,8821.808970707832,8903.638671875,8821.808970707832,8903.638671875,2169000
2734,2014-10-28,8692.479861978092,8788.240167150881,8692.479861978092,8773.509765625,1851800
2735,2014-10-27,8671.469523626425,8689.629595600329,8607.19052505327,8627.740234375,1503400
2736,2014-10-24,8740.239797814917,8750.379399296418,8629.200272971018,8645.9697265625,1539700
2737,2014-10-23,8735.339823987113,8751.629788346527,8714.839917996294,8731.0302734375,1442500
2738,2014-10-22,8744.870135127041,8775.309448945738,8729.729579418183,8748.7900390625,1911300
2739,2014-10-21,8676.280173135985,8676.280173135985,8636.62996594606,8654.599609375,1380900
2740,2014-10-20,8617.040251939365,8679.809493082857,8611.130123004765,8663.099609375,1747800
2741,2014-10-17,8688.669094884419,8699.728613179877,8512.83984375,8512.83984375,2655100
2742,2014-10-16,8602.610495511843,8676.419723529698,8501.250614011768,8633.650390625,2514700
2743,2014-10-15,8769.349082584104,8776.869555607887,8635.370210165214,8655.4697265625,2304300
2744,2014-10-14,8691.790388656158,8768.349609375,8684.150775103555,8768.349609375,1735500
2745,2014-10-13,8767.379625287615,8795.729104362877,8711.349609375,8711.349609375,2328700
2746,2014-10-09,9021.26830369692,9054.628502657539,8946.119233394042,8966.3994140625,1777200
2747,2014-10-08,8989.949059314189,9038.568953816655,8955.138671875,8955.138671875,1558600
2748,2014-10-07,9065.628793465537,9074.758634858312,8993.409394543742,9040.7685546875,1569500
2749,2014-10-06,9118.238174409918,9122.497920367614,9065.29798914796,9095.09765625,1626000
2750,2014-10-03,9010.258255098923,9113.757777824858,8998.228037137147,9106.23828125,1873800
2751,2014-10-02,8959.329173859574,9010.228355317397,8912.96903415874,8975.1494140625,1825200
2752,2014-10-01,8958.829244769267,9014.2186405065,8918.919270598546,8990.21875,1648000
2753,2014-09-30,8954.539118943729,8998.788916539625,8860.12939453561,8966.87890625,2295900
2754,2014-09-29,9018.418681204363,9018.418681204363,8948.048886118382,8960.71875,1713100
2755,2014-09-26,8957.518701875593,9001.93939764487,8913.46909816322,8989.779296875,1705600
2756,2014-09-25,9126.718225812103,9149.368513345424,8982.468882355955,9011.548828125,2039500
2757,2014-09-24,9071.757935684122,9123.068245745975,9071.757935684122,9098.4482421875,1582000
2758,2014-09-23,9134.24781858638,9147.167680742972,9084.8583984375,9084.8583984375,1642800
2759,2014-09-22,9220.497652038408,9220.497652038408,9106.22766952993,9134.6083984375,1780200
2760,2014-09-19,9268.398310301525,9289.177512747345,9235.398460266317,9240.408203125,1815800
2761,2014-09-18,9211.75792719948,9237.837886762616,9201.868323721015,9236.98828125,1554700
2762,2014-09-17,9170.998157070524,9252.337629360507,9159.807778487095,9195.1279296875,1884000
2763,2014-09-16,9218.807224321812,9219.377534199715,9133.3583984375,9133.3583984375,1719500
2764,2014-09-15,9206.36821440234,9242.188363714946,9175.568550030197,9217.41796875,1482600
2765,2014-09-12,9324.697779792787,9333.237779973368,9223.1376953125,9223.1376953125,1793200
2766,2014-09-11,9376.337649968405,9381.007550809265,9322.908203125,9322.908203125,1702100
2767,2014-09-10,9410.577887119181,9410.577887119181,9309.008030414992,9357.568359375,1839600
2768,2014-09-09,9452.097578939238,9465.887556625157,9426.948276811525,9434.7275390625,1868600
2769,2014-09-05,9446.408031237293,9451.347462315127,9365.658391663592,9407.8984375,1650700
2770,2014-09-04,9439.71772502671,9439.71772502671,9389.248223234496,9428.84765625,1708100
2771,2014-09-03,9434.837959364007,9455.738257119097,9396.748284864452,9450.3076171875,1948400
2772,2014-09-02,9503.607934138983,9503.607934138983,9388.08794240132,9399.677734375,2082900
2773,2014-09-01,9474.367362072333,9532.617098967738,9472.917173310101,9513.0166015625,2065000
2774,2014-08-29,9459.76747336986,9470.108247664846,9425.307665782064,9436.2275390625,2271500
2775,2014-08-28,9499.176663293965,9502.376844098866,9453.447378414166,9478.3271484375,2707500
2776,2014-08-27,9426.247338934538,9491.707003345124,9426.247338934538,9485.546875,2940500
2777,2014-08-26,9394.238279818162,9418.727428160588,9386.448275578121,9393.91796875,1984100
2778,2014-08-25,9393.19823047108,9409.307533434527,9369.198337792266,9390.578125,1912300
2779,2014-08-22,9273.028799453927,9380.557614949133,9271.828609514378,9380.0576171875,2488700
2780,2014-08-21,9286.778168558567,9288.977377328429,9217.927895067627,9253.337890625,2038000
2781,2014-08-20,9278.108443193725,9294.448213069683,9249.267753273414,9288.0078125,2122000
2782,2014-08-19,9188.588141159466,9255.047800185943,9188.588141159466,9243.73828125,1977100
2783,2014-08-18,9222.688102541513,9222.688102541513,9128.618222169773,9141.267578125,1992200
2784,2014-08-15,9243.62776156772,9243.62776156772,9172.868318677467,9206.767578125,1924300
2785,2014-08-14,9276.367955708565,9281.967539609643,9218.507867366225,9230.568359375,2183500
2786,2014-08-13,9154.977886097295,9231.618162467725,9147.098039129494,9231.267578125,2033400
2787,2014-08-12,9188.807499275954,9198.05745688562,9146.938550526296,9163.078125,1930900
2788,2014-08-11,9109.788374708503,9184.917913587828,9107.168269515501,9172.8681640625,1921900
2789,2014-08-08,9120.158044878393,9120.158044878393,9014.847984712585,9085.91796875,2139900
2790,2014-08-07,9162.608254914192,9172.837700059963,9108.807721074501,9131.3984375,1910100
2791,2014-08-06,9148.318339211772,9163.767487013758,9070.048190843794,9143.927734375,2616100
2792,2014-08-05,9316.77751468619,9316.77751468619,9141.3984375,9141.3984375,2611000
2793,2014-08-04,9280.248271460616,9330.1484375,9258.1380194097,9330.1484375,2281900
2794,2014-08-01,9223.708201582986,9274.59761940856,9201.788379040474,9266.4677734375,2400600
2795,2014-07-31,9435.997505103796,9438.927179397917,9313.828133922772,9315.8076171875,2521900
2796,2014-07-30,9409.57829124113,9455.988241197074,9398.778534558975,9446.9775390625,2519700
2797,2014-07-29,9457.757517764361,9483.70759705052,9357.27847483236,9391.837890625,3528000
2798,2014-07-28,9415.858417513255,9460.387515890705,9385.517732450555,9420.1376953125,2509800
2799,2014-07-25,9519.947883179808,9528.657805369658,9412.43859582915,9439.248046875,2532200
2800,2014-07-24,9508.21688382811,9538.02729625897,9483.476761030384,9527.4970703125,2684600
2801,2014-07-23,9453.187708660724,9499.3173828125,9418.697630296465,9499.3173828125,2277700
2802,2014-07-22,9453.187708660724,9499.3173828125,9418.697630296465,9499.3173828125,2277700
2803,2014-07-21,9453.738224270379,9480.097482027357,9426.257877749877,9440.927734375,2228000
2804,2014-07-18,9335.338183601267,9421.2977605734,9335.338183601267,9400.927734375,2324700
2805,2014-07-17,9420.068306394614,9461.818120050115,9373.828278405565,9408.1982421875,2920100
2806,2014-07-16,9570.286721582408,9574.086509055622,9471.607481131783,9484.6875,3060700
2807,2014-07-15,9558.376025930638,9593.63562962922,9547.896581869001,9569.1259765625,2960700
2808,2014-07-14,9497.76670306952,9545.947149674277,9488.077293676724,9520.2568359375,2798700
2809,2014-07-11,9561.666694124702,9591.226130679914,9478.02742415727,9495.796875,3371800
2810,2014-07-10,9512.845943088978,9568.706038010623,9512.845943088978,9565.076171875,3202100
2811,2014-07-09,9509.956940605533,9522.947116163326,9478.71684768012,9489.9375,2679700
2812,2014-07-08,9515.136789985045,9540.527300515874,9499.127096537259,9530.9375,2811300
2813,2014-07-07,9497.22666599593,9520.1572265625,9454.627248891253,9520.1572265625,2805800
2814,2014-07-04,9525.886647000774,9550.06720180907,9482.897583424341,9510.0068359375,2889200
2815,2014-07-03,9468.737563820752,9538.607365854046,9449.737649521623,9526.1875,2908200
2816,2014-07-02,9481.95704465921,9547.006554658192,9421.827434247007,9484.9169921875,4105500
2817,2014-07-01,9393.02853756725,9463.017484108097,9374.238582071954,9441.8779296875,3004800
2818,2014-06-30,9332.398708548904,9393.0283203125,9327.847947643397,9393.0283203125,2580300
2819,2014-06-27,9316.847610861467,9330.908094295626,9303.52833502048,9306.7880859375,2252200
2820,2014-06-26,9273.318573730148,9320.8984375,9271.307840601332,9320.8984375,2767400
2821,2014-06-25,9250.087854414174,9255.828062708151,9229.757868659837,9242.1181640625,1987600
2822,2014-06-24,9232.30768009079,9276.198105758813,9232.30768009079,9246.158203125,1913700
2823,2014-06-23,9293.017283672261,9302.608060343207,9225.688488480497,9228.3076171875,2702500
2824,2014-06-20,9330.307361082921,9339.787786904883,9273.748046875,9273.748046875,2242200
2825,2014-06-19,9288.648564236972,9324.358364224592,9283.338041297362,9316.767578125,2202700
2826,2014-06-18,9257.608499252532,9316.597490135426,9204.307959191472,9279.8876953125,3014200
2827,2014-06-17,9222.977618951898,9249.8280828719,9200.818539962671,9240.5576171875,2507800
2828,2014-06-16,9196.188507130466,9214.148386118188,9179.517684760862,9202.8876953125,2374500
2829,2014-06-13,9192.6884932709,9207.698190358908,9171.467887043027,9196.34765625,2357800
2830,2014-06-12,9209.9482178268,9220.847582165496,9186.748128355035,9204.6083984375,2618000
2831,2014-06-11,9218.458059222447,9229.7578125,9204.71788736045,9229.7578125,2437300
2832,2014-06-10,9181.858582708173,9222.328125,9171.708238300913,9222.328125,2518700
2833,2014-06-09,9153.88773569061,9166.538068339769,9138.887804434546,9162.6982421875,2464400
2834,2014-06-06,9167.787932531144,9174.72735375466,9122.517632832496,9134.41796875,2858700
2835,2014-06-05,9127.517638582356,9140.677734375,9094.08810465732,9140.677734375,2772700
2836,2014-06-04,9134.967704141778,9140.507717695573,9114.137721927345,9119.91796875,2575200
2837,2014-06-03,9106.56843692803,9128.297829102057,9070.408447110947,9123.41796875,2367700
2838,2014-05-30,9130.61791074661,9139.528025771328,9075.8681640625,9075.8681640625,3481800
2839,2014-05-29,9123.417902090061,9131.618059599932,9093.528391442847,9108.9580078125,2347400
2840,2014-05-28,9071.99827553264,9125.097640461285,9069.847894807057,9121.66796875,2500300
2841,2014-05-27,9045.038133284253,9059.148419412679,9035.648528389465,9055.248046875,2064100
2842,2014-05-26,9040.449198913711,9053.708904351644,9026.728558068009,9036.0791015625,2254800
2843,2014-05-23,8960.749239391189,9008.1787109375,8960.749239391189,9008.1787109375,2229400
2844,2014-05-22,8899.779616094767,8969.5888671875,8899.779616094767,8969.5888671875,2030100
2845,2014-05-21,8894.119973789959,8904.999807448807,8848.490297126315,8862.3798828125,1651800
2846,2014-05-20,8922.038904257357,8930.748824999882,8887.7490234375,8887.7490234375,1739900
2847,2014-05-19,8901.4990158811,8912.308536377168,8877.419048730315,8899.859375,1798700
2848,2014-05-16,8857.079246134694,8896.678672777867,8816.879236325412,8888.4091796875,1797600
2849,2014-05-15,8852.879034324234,8880.609375,8839.399604392287,8880.609375,1708000
2850,2014-05-14,8842.00894207853,8875.119140625,8812.14970507051,8875.119140625,2097100
2851,2014-05-13,8865.570096048212,8886.619805156199,8809.019571574754,8817.900390625,2167800
2852,2014-05-12,8893.679300639935,8898.269123527047,8803.38967198593,8808.5703125,2068600
2853,2014-05-09,8943.098386206262,8945.588609091716,8878.279349334922,8889.6494140625,2428800
2854,2014-05-08,8925.168971446094,8941.418896817124,8891.699398595056,8930.859375,2466100
2855,2014-05-07,8903.678662511387,8910.989175670067,8856.939620260848,8893.1787109375,2352500
2856,2014-05-06,8888.409289859033,8927.348563781141,8853.678980941799,8912.3486328125,2300600
2857,2014-05-05,8895.8299632928,8911.039855576064,8844.410273515403,8870.3896484375,1935700
2858,2014-05-02,8846.820404883902,8875.860312820436,8839.880006534877,8867.2802734375,2118600
2859,2014-04-30,8885.659726960548,8890.049355406169,8791.400390625,8791.400390625,2414300
2860,2014-04-29,8845.559689953174,8884.440373862237,8833.330252956308,8872.0703125,2084300
2861,2014-04-28,8680.100198256345,8825.889574720812,8671.61097902649,8809.669921875,2347800
2862,2014-04-25,8945.768747777167,8951.01872381977,8749.469838867253,8774.080078125,3379600
2863,2014-04-24,8968.77918972109,8971.899292602597,8926.508875722346,8945.4091796875,2391300
2864,2014-04-23,9009.548586938321,9022.238958513668,8947.819377423182,8956.87890625,2615700
2865,2014-04-22,8956.178795440344,8989.018489107866,8955.149503269367,8974.6689453125,2187000
2866,2014-04-21,8961.47846829559,8965.538996564588,8938.428769225568,8951.1494140625,1811600
2867,2014-04-18,8994.728387046069,9002.659014831834,8945.518651206572,8966.619140625,1853200
2868,2014-04-17,8942.189461974052,8962.619055788744,8921.518658327992,8944.119140625,2287200
2869,2014-04-16,8921.029309514539,8968.518349057113,8894.249159164418,8923.779296875,2175300
2870,2014-04-15,8898.60945807151,8918.899403802654,8889.399539498549,8916.6689453125,2081400
2871,2014-04-14,8897.190249727988,8899.469536299659,8852.620138703534,8857.3798828125,1785900
2872,2014-04-11,8900.088903653455,8909.92870209754,8848.19949413316,8908.0087890625,2296800
2873,2014-04-10,8964.298753684237,8978.478376188454,8898.259017331093,8948.05859375,2782700
2874,2014-04-09,8912.348716311231,8936.52926931867,8912.348716311231,8930.529296875,2341700
2875,2014-04-08,8878.838910426744,8899.079051401372,8860.65930681854,8888.208984375,2079300
2876,2014-04-07,8844.869286317848,8876.3994140625,8828.549049229587,8876.3994140625,2350400
2877,2014-04-03,8902.899347612776,8913.699102465238,8871.119220823408,8888.4990234375,2584100
2878,2014-04-02,8906.478510699984,8922.748943575785,8883.098735567668,8905.4091796875,2439600
2879,2014-04-01,8847.299921154601,8873.1103515625,8826.120329225485,8873.1103515625,2291600
2880,2014-03-31,8802.889858153312,8849.240234375,8769.930046344996,8849.240234375,2044700
2881,2014-03-28,8779.870093137944,8812.369944839029,8751.030380985405,8774.599609375,2284900
2882,2014-03-27,8737.519722839186,8780.379878937872,8723.780527684308,8779.5302734375,2333300
2883,2014-03-26,8740.990217141174,8746.669878613664,8717.750089265943,8737.2294921875,2308500
2884,2014-03-25,8589.150851914817,8689.259765625,8589.150851914817,8689.259765625,2018100
2885,2014-03-24,8540.229795132573,8605.33984375,8507.970179605627,8605.33984375,1978400
2886,2014-03-21,8642.779966975098,8642.779966975098,8562.530341589894,8577.1298828125,2469800
2887,2014-03-20,8638.549612534549,8638.549612534549,8580.360430406607,8597.2900390625,2381800
2888,2014-03-19,8744.97923618159,8749.759487592673,8682.70999185548,8689.419921875,2362300
2889,2014-03-18,8747.339772954598,8759.509639026164,8713.46981107367,8731.900390625,2490300
2890,2014-03-17,8697.219739631853,8708.360313361156,8662.450368396048,8700.0595703125,2240400
2891,2014-03-14,8697.690383136485,8709.519430181683,8677.769576509307,8687.58984375,2247300
2892,2014-03-13,8737.769576931094,8768.620021663954,8732.110423145936,8747.75,2708000
2893,2014-03-12,8671.360413017928,8684.6904296875,8651.950346254236,8684.6904296875,2232300
2894,2014-03-11,8694.919955784606,8716.269466930931,8684.58992518787,8702.2900390625,2194700
2895,2014-03-10,8706.389458115358,8712.839623623748,8651.50006330384,8665.2001953125,2100000
2896,2014-03-07,8754.700007934554,8787.579739669967,8698.559640890524,8713.919921875,3139500
2897,2014-03-06,8660.25024582757,8719.129858092434,8660.25024582757,8713.75,2719200
2898,2014-03-05,8622.150440433099,8652.17959803384,8622.150440433099,8632.8896484375,2453300
2899,2014-03-04,8583.539903142166,8595.549612556108,8554.5,8554.5,2380400
2900,2014-03-03,8627.110234405749,8628.009644281807,8545.200459417469,8601.9404296875,2549200
2901,2014-02-27,8626.469787135242,8647.860313003042,8615.370229200005,8639.5400390625,2515200
2902,2014-02-26,8569.000148131166,8626.639528242315,8563.83025032339,8600.8203125,2598300
2903,2014-02-25,8581.099583604635,8598.690321786637,8564.469778436074,8575.580078125,2395800
2904,2014-02-24,8603.570111383535,8612.16968053707,8541.610440240647,8560.5703125,2464800
2905,2014-02-21,8571.250142295574,8612.039991492758,8571.250142295574,8601.8203125,2588600
2906,2014-02-20,8555.229348231078,8567.459759536114,8513.040093264604,8524.580078125,2399900
2907,2014-02-19,8565.019587035715,8576.9697265625,8543.110509624303,8576.9697265625,2203700
2908,2014-02-18,8530.769650207634,8556.1904296875,8506.019766025785,8556.1904296875,1903400
2909,2014-02-17,8537.789953151268,8558.459777884482,8512.559602976116,8519.509765625,1889000
2910,2014-02-14,8524.499948924753,8566.949944597838,8508.200220893754,8513.6396484375,2340800
2911,2014-02-13,8506.17950536248,8510.979287354363,8467.66015625,8467.66015625,2100200
2912,2014-02-12,8471.469911731767,8510.830078125,8471.469911731767,8510.830078125,2388700
2913,2014-02-11,8413.820391809215,8439.289997408929,8401.500137821791,8430.51953125,1955500
2914,2014-02-10,8416.37976606432,8446.979229444689,8391.91015625,8391.91015625,2048200
2915,2014-02-07,8383.950211349296,8408.990130877053,8356.889793654429,8387.3095703125,2427200
2916,2014-02-06,8286.120236902805,8333.51942261422,8284.729618602269,8310.9697265625,2451100
2917,2014-02-05,8290.129758354391,8313.789799977649,8230.420086694707,8264.4404296875,3156100
2918,2014-01-27,8519.440160427781,8519.440160427781,8442.150487048588,8462.5302734375,2605100
2919,2014-01-24,8581.45027363376,8608.599561271749,8577.099707955287,8598.26953125,1936800
2920,2014-01-23,8644.519300847729,8647.829832301013,8595.0595703125,8595.0595703125,2056700
2921,2014-01-22,8598.940551863141,8633.530235045399,8596.950326726906,8625.259765625,2141700
2922,2014-01-21,8639.66973653124,8650.09937547313,8599.8603515625,8599.8603515625,2478200
2923,2014-01-20,8595.549925292536,8636.16985383767,8584.460133044466,8621.51953125,2277900
2924,2014-01-17,8628.450043977167,8628.820159440707,8580.450267554994,8595.9599609375,2288800
2925,2014-01-16,8653.499807386834,8668.90989199258,8610.200204006971,8612.0703125,2832700
2926,2014-01-15,8567.76969294234,8619.519452081024,8567.76969294234,8602.509765625,2869000
2927,2014-01-14,8545.419934426523,8568.269436775085,8523.420037473434,8548.099609375,2289900
2928,2014-01-13,8587.45009580126,8607.190237908924,8558.9199557164,8566.16015625,2662700
2929,2014-01-10,8559.139508407085,8559.139508407085,8521.45999778568,8529.3095703125,2730100
2930,2014-01-09,8555.759572263534,8569.070056547593,8505.979532910646,8514.6396484375,3819600
2931,2014-01-08,8548.57034712661,8587.039893664562,8548.57034712661,8555.9697265625,3206300
2932,2014-01-07,8515.320298104192,8547.15022651096,8512.259765625,8512.259765625,2598900
2933,2014-01-06,8552.959711328456,8568.199873914751,8488.599662933624,8499.9697265625,2640100
2934,2014-01-03,8584.70001635119,8584.70001635119,8537.820353162835,8546.5,2539700
2935,2014-01-02,8618.559542142006,8632.769437018447,8587.500116223153,8612.5,2537600
2936,2013-12-31,8636.459844745847,8647.200029184318,8593.710043511217,8611.4697265625,2324300
2937,2013-12-30,8552.090174798948,8623.3896484375,8552.090174798948,8623.3896484375,2361800
2938,2013-12-27,8490.690637549871,8543.459921250644,8488.400609230262,8535.0,1975600
2939,2013-12-26,8467.69051536815,8492.669889694647,8465.809664867627,8485.849609375,1618300
2940,2013-12-25,8461.45022495743,8484.009688598973,8457.83012488734,8467.7197265625,1725200
2941,2013-12-24,8472.979385441986,8478.049673918462,8450.4501953125,8450.4501953125,1701500
2942,2013-12-23,8441.120189627958,8477.429588024414,8441.120189627958,8456.419921875,2120800
2943,2013-12-20,8400.169961493995,8439.329931274315,8392.33992065363,8408.490234375,2007200
2944,2013-12-19,8400.349642762674,8426.039950103115,8378.740370674284,8407.3603515625,2037300
2945,2013-12-18,8361.709899984993,8375.47936520116,8333.269606687802,8349.0,1814900
2946,2013-12-17,8351.9404342375,8384.21957638442,8351.9404342375,8352.8896484375,1800100
2947,2013-12-16,8368.789774378873,8374.169631282202,8313.830078125,8313.830078125,1717500
2948,2013-12-13,8354.969831383973,8391.780202316479,8346.79018298023,8376.900390625,1787700
2949,2013-12-12,8405.579866037733,8406.889430079225,8361.2900390625,8361.2900390625,1620900
2950,2013-12-11,8450.919840263961,8501.729169359583,8413.479588323755,8433.7294921875,2122800
2951,2013-12-10,8451.769491322224,8459.450118962552,8421.549908063487,8443.349609375,1839200
2952,2013-12-09,8439.719749607222,8477.82992047447,8433.769582506795,8444.580078125,2056400
2953,2013-12-06,8372.570289098638,8410.150187405105,8361.950222727794,8367.6796875,1851000
2954,2013-12-05,8430.48997149554,8437.559273638255,8362.349672240118,8375.5,1962700
2955,2013-12-04,8379.400574028308,8435.190347733138,8375.75020076589,8417.9599609375,2133000
2956,2013-12-03,8407.700122842205,8418.190307170536,8390.690438367163,8392.509765625,1925000
2957,2013-12-02,8429.200125699437,8437.08973659579,8391.780381878862,8414.5703125,1737900
2958,2013-11-29,8374.099765069137,8414.749962089234,8365.280471135335,8406.7900390625,2180600
2959,2013-11-28,8320.610551600521,8377.769457611583,8320.610551600521,8362.3896484375,2379200
2960,2013-11-27,8287.589883567629,8312.280194089752,8279.469805570894,8295.83984375,2058100
2961,2013-11-26,8200.660385956277,8281.339681806008,8187.240040947864,8247.9794921875,2635900
2962,2013-11-25,8182.862325856337,8217.582381262268,8182.862325856337,8187.47216796875,1923100
2963,2013-11-22,8107.942423573989,8142.682497029089,8107.942423573989,8116.7421875,1605200
2964,2013-11-21,8197.822297086203,8203.412114888142,8093.782252698688,8099.41259765625,1835300
2965,2013-11-20,8250.269307496654,8262.8698319413,8204.419921875,8204.419921875,1928700
2966,2013-11-19,8214.960180080168,8260.78027047899,8214.960180080168,8260.169921875,1918200
2967,2013-11-18,8201.811964031716,8226.57259257087,8186.432640089737,8191.42236328125,1750600
2968,2013-11-15,8168.862342483302,8210.061860082038,8160.242264930319,8177.08251953125,1940800
2969,2013-11-14,8137.782213114694,8161.662473838942,8100.692540785296,8134.87255859375,2146800
2970,2013-11-13,8199.221727240361,8199.221727240361,8104.22216796875,8104.22216796875,1783600
2971,2013-11-12,8233.579890710256,8233.579890710256,8160.130054248731,8195.2197265625,2131400
2972,2013-11-11,8228.862580041761,8242.372283591381,8168.882386893166,8182.5224609375,1862200
2973,2013-11-08,8235.259737844577,8266.67950685361,8216.290103574656,8229.5498046875,1863300
2974,2013-11-07,8298.019461891596,8298.019461891596,8250.679846957304,8283.669921875,2161800
2975,2013-11-06,8275.030306792618,8297.530198016693,8232.460200098176,8281.9296875,2237200
2976,2013-11-05,8354.879433487764,8372.759229653399,8262.16015625,8262.16015625,2292100
2977,2013-11-04,8371.789954277203,8371.789954277203,8333.589942047589,8354.099609375,2064200
2978,2013-11-01,8474.42927561418,8476.589421553166,8378.900434726489,8388.1396484375,2146900
2979,2013-10-31,8437.719784842875,8469.539946568142,8424.429808752797,8450.01953125,2269000
2980,2013-10-30,8429.3605202276,8465.01953125,8419.170138740026,8465.01953125,2049400
2981,2013-10-29,8394.80969455636,8432.860294887094,8380.170115725694,8420.9404296875,1822800
2982,2013-10-28,8365.38985035308,8414.769498012847,8348.380165730558,8407.7900390625,1712900
2983,2013-10-25,8380.269369640378,8390.20975164325,8322.110468944733,8346.580078125,1962800
2984,2013-10-24,8364.410390712985,8413.6796875,8346.479811978616,8413.6796875,1662800
2985,2013-10-23,8419.759640743228,8438.909940017456,8380.110415815494,8393.580078125,1912600
2986,2013-10-22,8407.580128775855,8425.269497766092,8376.229691948343,8418.2294921875,1945800
2987,2013-10-21,8456.639470770622,8459.259575497848,8400.019622846712,8419.2802734375,1980700
2988,2013-10-18,8416.290156982499,8441.150390625,8390.28051472951,8441.150390625,2315100
2989,2013-10-17,8390.83976629741,8415.119923651739,8364.849656180848,8374.6396484375,2263300
2990,2013-10-16,8383.989985214645,8383.989985214645,8332.1396484375,8332.1396484375,2017400
2991,2013-10-15,8320.440656486657,8367.979491519303,8320.440656486657,8367.83984375,2286900
2992,2013-10-14,8339.949875781072,8343.610014318969,8269.12014041455,8273.919921875,2278900
2993,2013-10-11,8407.409877729364,8433.489830788416,8349.330078125,8349.330078125,2618600
2994,2013-10-09,8352.209924857847,8378.32991671775,8330.750066887927,8344.6904296875,2605200
2995,2013-10-08,8340.290207908158,8375.6103515625,8311.550110923328,8375.6103515625,2581600
2996,2013-10-07,8354.870015091894,8361.459827180995,8323.750047420968,8333.6201171875,2777100
2997,2013-10-04,8345.780363091017,8376.019476155556,8336.570446239357,8364.509765625,2566700
2998,2013-10-03,8231.640258385585,8376.74991488063,8231.640258385585,8358.9794921875,3252800
2999,2013-10-02,8215.919924601783,8228.769471360696,8204.299864039062,8216.4794921875,2471200
3000,2013-10-01,8173.952696556076,8222.342122771404,8172.752506755292,8186.982421875,2001300
3001,2013-09-30,8174.822261072428,8204.36265253751,8137.072434712515,8173.83251953125,1885800
3002,2013-09-27,8222.089885341482,8244.820243516573,8207.679799191299,8230.6396484375,2154900
3003,2013-09-26,8290.06152745748,8290.06152745748,8184.642578125,8184.642578125,2068800
3004,2013-09-25,8283.559571766284,8285.240227705532,8253.38979571334,8283.8603515625,2257100
3005,2013-09-24,8295.459978402736,8310.900333597963,8265.5099275848,8299.080078125,2283200
3006,2013-09-23,8226.760084429343,8292.990233408427,8221.300149853378,8292.7900390625,2274900
3007,2013-09-18,8248.139458220756,8263.009502881452,8209.1396484375,8209.1396484375,1853300
3008,2013-09-17,8240.990276841803,8249.740234375,8218.900540301524,8249.740234375,1632500
3009,2013-09-16,8189.5701430144445,8255.2998046875,8189.5701430144445,8255.2998046875,1894800
3010,2013-09-13,8210.112599874925,8228.632045880813,8162.102566956527,8168.16259765625,1606400
3011,2013-09-12,8180.34006270403,8226.570306415302,8176.989981355245,8225.3203125,2168200
3012,2013-09-11,8174.500168029622,8208.9501953125,8137.030135945533,8208.9501953125,2169100
3013,2013-09-10,8217.169880705993,8238.869970173704,8155.830336146977,8208.7294921875,2388600
3014,2013-09-09,8176.4302522226535,8192.0703125,8117.830440975262,8192.0703125,2156500
3015,2013-09-06,8180.49211229921,8182.5223763869235,8155.462442409763,8164.16259765625,2418400
3016,2013-09-05,8109.202912219177,8169.0625,8107.182901984912,8169.0625,2419300
3017,2013-09-04,8066.632402219383,8094.082469855669,8041.452831835022,8083.40234375,2034100
3018,2013-09-03,8095.622524707023,8102.622492168503,8067.58261598472,8088.33251953125,2107400
3019,2013-09-02,8010.112438963662,8052.672298504501,7993.092499034849,8038.822265625,1807200
3020,2013-08-30,7949.952973705142,8021.8525390625,7936.7826252770565,8021.8525390625,2087800
3021,2013-08-29,7841.953479658251,7931.012632556398,7841.953479658251,7917.623046875,1754200
3022,2013-08-28,7776.834204509134,7834.073686276419,7761.723922724474,7824.50390625,1666200
3023,2013-08-27,7875.893788447665,7895.193503968754,7820.8037109375,7820.8037109375,1852400
3024,2013-08-26,7906.482855867757,7913.70303677374,7874.012793646417,7894.93310546875,1564000
3025,2013-08-23,7863.693403934776,7895.0931602282935,7845.883428180877,7873.2734375,1946600
3026,2013-08-22,7779.404456250133,7825.524363065219,7737.2947850489145,7814.34423828125,2255900
3027,2013-08-20,7896.343456007104,7924.4834629125335,7829.743665583894,7832.61376953125,2051400
3028,2013-08-19,7937.412911010272,7944.702915829532,7888.833061078744,7900.1728515625,1804300
3029,2013-08-16,7854.643395683817,7949.392952010217,7850.453473897266,7924.962890625,2037700
3030,2013-08-15,7902.9725821466145,7915.98277483992,7850.233084192151,7887.22265625,2166600
3031,2013-08-14,7978.702997075017,7981.5228081334635,7926.19298823754,7951.29296875,2004300
3032,2013-08-13,7935.752679055234,7986.232421875,7935.752679055234,7986.232421875,1916200
3033,2013-08-12,7878.183223602961,7908.643041519358,7862.003123793792,7903.3427734375,1668000
3034,2013-08-09,7954.962918074816,7954.962918074816,7853.933603865007,7856.103515625,2009000
3035,2013-08-08,7910.163074063349,7932.312872461305,7894.143129711377,7907.6328125,1950400
3036,2013-08-07,7993.5323762300095,7993.5323762300095,7921.2529296875,7921.2529296875,2091200
3037,2013-08-06,8129.812074677588,8129.812074677588,8028.892624800963,8038.87255859375,2093500
3038,2013-08-05,8104.162756709502,8143.402321529192,8075.952926092269,8138.59228515625,1870100
3039,2013-08-02,8114.472100060421,8162.872266022677,8087.06255932063,8099.84228515625,2267000
3040,2013-08-01,8110.692128420319,8113.362037835033,8056.1826171875,8056.1826171875,2017200
3041,2013-07-31,8163.402086388705,8170.531936138937,8107.562501575903,8107.90234375,2083500
3042,2013-07-30,8113.13255624594,8176.702575969535,8112.872791817304,8163.51220703125,1789200
3043,2013-07-29,8146.102252399791,8163.852169851903,8074.252488888544,8084.46240234375,1566000
3044,2013-07-26,8188.322085881309,8222.782376115087,8135.692445879356,8149.3623046875,1833800
3045,2013-07-25,8173.152299491436,8203.452452911117,8140.372665303644,8163.54248046875,2044600
3046,2013-07-24,8222.80944008022,8233.05939000813,8172.19005845501,8196.150390625,2210200
3047,2013-07-23,8152.680477635384,8220.849578964207,8145.0501437328585,8214.6103515625,2607200
3048,2013-07-22,8091.992249751443,8137.332371468623,8091.992249751443,8105.41259765625,1948400
3049,2013-07-19,8117.902083010349,8139.772098205525,8046.662669146515,8061.9921875,2541200
3050,2013-07-18,8238.240022326627,8265.659810231637,8181.950258289559,8194.83984375,2557800
3051,2013-07-17,8239.059666547351,8260.209954636099,8208.670165437661,8258.91015625,2677400
3052,2013-07-16,8243.580158057774,8260.0703125,8222.130066720361,8260.0703125,2449000
3053,2013-07-15,8178.220097234912,8254.6396484375,8175.510149441991,8254.6396484375,2128200
3054,2013-07-12,8187.819983149597,8220.4501953125,8169.880129122374,8220.4501953125,2277800
3055,2013-07-11,8080.933070268523,8179.50244140625,8080.933070268523,8179.50244140625,2724800
3056,2013-07-10,7974.952808944957,8057.882107268402,7974.952808944957,8011.65234375,2279800
3057,2013-07-09,7891.493046589104,7975.603006580656,7891.333379363679,7971.14306640625,1739400
3058,2013-07-08,7980.072312669011,7992.122548934797,7884.962896929669,7886.302734375,1742000
3059,2013-07-05,7932.262533680669,8018.892497729648,7926.31285460494,8001.7822265625,1885000
3060,2013-07-04,7919.222536185349,7927.042811921073,7877.023027540247,7893.68310546875,1796800
3061,2013-07-03,7991.492300017229,7995.262301864793,7899.043026631379,7911.3828125,2276800
3062,2013-07-02,8061.802030428865,8064.082293170951,8012.752455804979,8015.822265625,1986800
3063,2013-07-01,8011.912710176944,8063.432488663895,7974.112594062651,8035.96240234375,2063400
3064,2013-06-28,7928.503064768306,8062.17236328125,7891.023259085307,8062.17236328125,2251800
3065,2013-06-27,7841.282915267412,7884.092772354987,7834.293202074271,7883.86279296875,2369400
3066,2013-06-26,7789.304178431116,7821.104325794769,7742.16474583355,7784.76416015625,2405200
3067,2013-06-25,7750.304287870061,7792.23427129016,7663.19482421875,7663.19482421875,2368000
3068,2013-06-24,7788.414411013643,7815.064190913512,7744.454652051676,7757.994140625,2153600
3069,2013-06-21,7778.804265401672,7815.754291713788,7739.054447207619,7793.2744140625,3274800
3070,2013-06-20,7952.3225027975295,7962.72235628215,7890.8931038964965,7898.873046875,2156200
3071,2013-06-19,8033.282104813034,8056.152114616881,8005.53223510954,8007.3525390625,1797800
3072,2013-06-18,7994.772537014771,8024.912532278563,7955.702896160164,8010.982421875,1719200
3073,2013-06-17,7953.612489269149,7999.392547361392,7940.682862588945,7992.8525390625,1509200
3074,2013-06-14,7978.712698902075,7989.152591501022,7912.333126419202,7937.703125,2085600
3075,2013-06-13,8041.462471354007,8057.292475602068,7951.623046875,7951.623046875,2286800
3076,2013-06-11,8178.912306737051,8178.912306737051,8116.1123046875,8116.1123046875,1809000
3077,2013-06-10,8161.472163545975,8190.832379838127,8142.67244547379,8160.51220703125,1703000
3078,2013-06-07,8113.912510573035,8146.741947941788,8071.94249065735,8095.16259765625,2536400
3079,2013-06-06,8135.522277875369,8162.212095336229,8088.272497299591,8096.1025390625,2347800
3080,2013-06-05,8195.481871055712,8216.271814583462,8161.062595626744,8181.87255859375,2282800
3081,2013-06-04,8243.181890228774,8250.132053639914,8180.352588772499,8191.1826171875,2192000
3082,2013-06-03,8177.930288312749,8225.749879065292,8149.410408022095,8200.9794921875,2142200
3083,2013-05-31,8318.72918190888,8334.40000433629,8237.040125010222,8254.759765625,3586800
3084,2013-05-30,8316.92932962522,8316.92932962522,8228.759836006535,8243.25,2458800
3085,2013-05-29,8303.160322882271,8344.169891576092,8303.160322882271,8337.8603515625,2471400
3086,2013-05-28,8289.110225090675,8303.669724853975,8261.500007315652,8263.009765625,1988600
3087,2013-05-27,8218.840139782726,8280.0595703125,8210.280610860691,8280.0595703125,1894000
3088,2013-05-24,8273.169612528693,8277.519200690665,8172.50018162046,8209.740234375,2450400
3089,2013-05-23,8367.808938366941,8373.04914727236,8235.459972262588,8237.7900390625,3340000
3090,2013-05-22,8414.019458694314,8439.110159393518,8376.170029756482,8398.7998046875,3031400
3091,2013-05-21,8381.320320569153,8420.639468709924,8361.920022604161,8383.009765625,2660600
3092,2013-05-20,8364.91021408146,8385.639607189994,8347.290181111313,8377.009765625,2114400
3093,2013-05-17,8377.219683168685,8402.29964129369,8356.750054547152,8368.150390625,2547200
3094,2013-05-16,8362.4503268325,8414.839725255702,8346.410364316404,8390.009765625,3446200
3095,2013-05-15,8264.059832585066,8320.280265108402,8251.47004943254,8318.5498046875,2302600
3096,2013-05-14,8272.16005736377,8295.36990568308,8233.940516249082,8251.7802734375,1960600
3097,2013-05-13,8285.409976013825,8296.499765931418,8230.610437335976,8248.2802734375,1958400
3098,2013-05-10,8284.33982382724,8297.289956519278,8258.580182763171,8280.2197265625,2270000
3099,2013-05-09,8314.329940501724,8322.650212796325,8279.419952944525,8285.849609375,2414000
3100,2013-05-08,8177.900334113403,8284.04972235332,8177.900334113403,8267.0498046875,2467800
3101,2013-05-07,8177.5424135920275,8181.7621207191905,8145.062582720504,8163.0224609375,1872600
3102,2013-05-06,8188.442293386056,8197.481802563212,8153.922432731525,8169.01220703125,1971000
3103,2013-05-03,8157.472064073055,8175.29229421294,8121.032291081233,8134.9921875,2032400
3104,2013-05-02,8111.392657125034,8139.452585929626,8095.662749413827,8128.47216796875,2151000
3105,2013-04-30,8065.882453081067,8115.552144223294,8065.882453081067,8093.62255859375,2283200
3106,2013-04-29,8043.672297870793,8046.18254002328,8014.232494311194,8029.70263671875,1796200
3107,2013-04-26,8034.432559023788,8081.332241557864,8020.432624638753,8022.0224609375,2227800
3108,2013-04-25,8015.342315012762,8026.422341205831,7994.152472923011,8021.71240234375,1941400
3109,2013-04-24,7977.362521688074,8025.412589501826,7968.242447235796,8023.67236328125,2412000
3110,2013-04-23,7955.882751062409,7968.7528081195005,7913.563124565892,7942.73291015625,1876400
3111,2013-04-22,7976.062961648442,7996.512573467688,7949.972751091442,7970.3427734375,1947200
3112,2013-04-19,7868.863082607468,7933.683091803723,7862.883130119923,7930.7626953125,2033800
3113,2013-04-18,7781.444381092152,7826.09407916773,7757.294589231429,7791.314453125,1784600
3114,2013-04-17,7822.774351345144,7822.774351345144,7791.49422068658,7809.0341796875,1906600
3115,2013-04-16,7690.875014968471,7801.01416015625,7688.58498636961,7801.01416015625,1548000
3116,2013-04-15,7815.2839419049815,7835.084143965062,7753.204637085948,7763.494140625,1634200
3117,2013-04-12,7861.083801945857,7864.823530763471,7810.503957480658,7821.59375,1677600
3118,2013-04-11,7788.543780460469,7857.943359375,7788.543780460469,7857.943359375,1842000
3119,2013-04-10,7772.914458137141,7772.914458137141,7739.954648737458,7752.76416015625,1736400
3120,2013-04-09,7766.584787715554,7781.094487337279,7714.895081440971,7728.5048828125,1888800
3121,2013-04-08,7831.184209718851,7843.064037911936,7747.434594771132,7752.75439453125,2561600
3122,2013-04-03,7949.082976180654,7954.112737836029,7913.733043692147,7942.31298828125,1919600
3123,2013-04-02,7897.123122001928,7924.422798665211,7879.512853024321,7913.14306640625,1638000
3124,2013-04-01,7934.212726154687,7937.692690275041,7896.5327273889125,7899.203125,1560000
3125,2013-03-29,7904.462956748754,7931.663024591627,7883.773112302804,7918.57275390625,1594000
3126,2013-03-28,7905.673159085946,7905.673159085946,7844.803325254783,7866.84326171875,1813200
3127,2013-03-27,7872.712991083529,7894.2226555935285,7857.282887837808,7894.0830078125,1851200
3128,2013-03-26,7873.663493389723,7876.643459967798,7845.523487841465,7856.3232421875,1850200
3129,2013-03-25,7862.543426918314,7877.013086030572,7854.4336014409755,7856.08349609375,1806800
3130,2013-03-22,7811.484305048875,7832.5540329358155,7796.1845703125,7796.1845703125,1727200
3131,2013-03-21,7828.914472708674,7843.124368807748,7811.80419921875,7811.80419921875,1695800
3132,2013-03-20,7834.6941681821445,7844.504181934448,7786.524466490234,7797.994140625,1954200
3133,2013-03-19,7843.434058982867,7863.733770094833,7823.773993359829,7838.43408203125,1804200
3134,2013-03-18,7886.65395303912,7888.124161174019,7807.574235770564,7811.30419921875,2031400
3135,2013-03-15,7989.632521430662,7999.8824734493855,7924.902843969427,7927.453125,2530400
3136,2013-03-14,8002.382576078529,8002.672613787472,7946.25295521369,7951.72265625,2150200
3137,2013-03-13,8018.862194698975,8047.522216178993,7962.382479818656,7995.47216796875,2224400
3138,2013-03-12,8038.962194055811,8063.192060575402,7986.552284281174,7994.67236328125,2738000
3139,2013-03-11,8021.84236391966,8089.172127137179,8001.8126724441145,8038.6826171875,2878800
3140,2013-03-08,7980.962562489312,8029.102473390886,7980.962562489312,8015.1025390625,2719000
3141,2013-03-07,7950.862837766888,7984.252818831397,7942.333092373795,7960.47265625,2261400
3142,2013-03-06,7958.072717451474,7982.352877556673,7936.822816639459,7950.2626953125,2329600
3143,2013-03-05,7910.402936210844,7939.812954879549,7882.523183820991,7932.6728515625,2246200
3144,2013-03-04,7966.183133479131,7966.183133479131,7849.483481385671,7867.30322265625,2278000
3145,2013-03-01,7917.683324033641,7964.5927734375,7917.683324033641,7964.5927734375,2114200
3146,2013-02-27,7885.992731930326,7912.8129184126565,7873.253045695428,7897.94287109375,1921400
3147,2013-02-26,7891.372997384592,7927.452905616666,7871.192916627225,7880.86279296875,1918400
3148,2013-02-25,7986.832824826497,7995.072532447155,7947.64306640625,7947.64306640625,2144800
3149,2013-02-22,7947.842772691981,7970.203019849866,7913.123208242303,7947.68310546875,2307600
3150,2013-02-21,8020.482616077566,8020.482616077566,7957.4228515625,7957.4228515625,2235600
3151,2013-02-20,8021.272497415712,8029.0625,7995.122717523423,8029.0625,2992000
3152,2013-02-19,7974.362729945631,7974.362729945631,7946.052803318272,7960.8427734375,2308600
3153,2013-02-18,8000.65256499912,8005.692580516332,7927.913158719859,7943.49267578125,2578000
3154,2013-02-06,7925.222568905751,7941.612628698403,7906.61279296875,7906.61279296875,2554200
3155,2013-02-05,7896.63276671881,7896.63276671881,7863.8731552340005,7886.90283203125,2316000
3156,2013-02-04,7882.722845471625,7929.933073572762,7880.253130476481,7923.123046875,2678600
3157,2013-02-01,7853.7133892559195,7866.193311548464,7831.963490644897,7855.93359375,1838800
3158,2013-01-31,7832.834063314188,7849.98388671875,7800.8639956259585,7849.98388671875,2116800
3159,2013-01-30,7832.9140626373965,7847.173762483416,7804.6739585319865,7832.94384765625,2252800
3160,2013-01-29,7744.114522108785,7801.96435546875,7739.564738207706,7801.96435546875,1904200
3161,2013-01-28,7685.634897779876,7717.314929192516,7685.634897779876,7714.634765625,1602400
3162,2013-01-25,7695.214739874977,7704.274756954961,7637.165201175374,7672.544921875,1697200
3163,2013-01-24,7717.004786654348,7724.644888471994,7653.585154489517,7695.955078125,1862000
3164,2013-01-23,7773.164417209333,7773.164417209333,7730.064517932091,7744.14453125,1655600
3165,2013-01-22,7746.75445108243,7759.434568612219,7699.214630414123,7759.064453125,1580400
3166,2013-01-21,7725.324705029069,7739.3348951744,7674.145250448751,7724.884765625,1515400
3167,2013-01-18,7697.2447907119695,7732.8349609375,7676.074965082614,7732.8349609375,2113400
3168,2013-01-17,7748.534059018742,7774.9343277870275,7603.234924993917,7616.60498046875,2929200
3169,2013-01-16,7766.054387731331,7769.144705653695,7700.39501953125,7700.39501953125,2272200
3170,2013-01-15,7823.473852602545,7823.473852602545,7744.35458688687,7764.984375,2520200
3171,2013-01-14,7795.644173618362,7823.93408203125,7731.284119286099,7823.93408203125,2142800
3172,2013-01-11,7843.534068366361,7845.324099268753,7801.654376468323,7819.1142578125,2405200
3173,2013-01-10,7780.944475839861,7825.024352827367,7760.054434442851,7811.6044921875,3319400
3174,2013-01-09,7726.364314191581,7763.934453640999,7703.194499038304,7738.6044921875,2471400
3175,2013-01-08,7737.034597809467,7751.764511213511,7692.94495479785,7721.625,2211200
3176,2013-01-07,7797.0139672967,7797.0139672967,7725.434706452482,7755.05419921875,2421000
3177,2013-01-04,7818.234318926757,7818.234318926757,7773.024564431722,7805.95458984375,2696800
3178,2013-01-03,7826.303759349174,7855.1239389692155,7815.254005608296,7836.8037109375,2964400
3179,2013-01-02,7738.014348799833,7793.4442705989895,7715.224414161715,7779.1845703125,2194600
3180,2012-12-28,7700.834954681485,7708.274862116641,7665.005040158172,7699.46484375,1978600
3181,2012-12-27,7634.7647109980735,7660.974551460348,7622.694942258796,7648.375,1801600
3182,2012-12-26,7646.47455264091,7683.054462310791,7633.7949235322085,7634.15478515625,1974200
3183,2012-12-25,7556.205447935949,7654.564858400815,7543.795348818218,7636.53466796875,1870600
3184,2012-12-24,7542.625455432284,7566.055035141492,7520.58551776735,7535.4853515625,1590800
3185,2012-12-21,7592.534821370686,7608.77498087585,7491.485482537441,7519.8955078125,2356200
3186,2012-12-20,7646.09449203234,7646.09449203234,7574.524999080773,7595.4248046875,2252400
3187,2012-12-19,7671.0947555958,7685.594689198196,7646.974748857816,7677.43505859375,2504600
3188,2012-12-18,7620.254990668197,7643.705078125,7616.005010215442,7643.705078125,2017800
3189,2012-12-17,7664.934903386602,7683.284428227491,7603.474737307637,7631.24462890625,2267000
3190,2012-12-14,7722.844616465383,7723.704964099109,7686.284724822271,7698.73486328125,2683200
3191,2012-12-13,7713.654496301487,7757.05419921875,7699.374776762144,7757.05419921875,2968600
3192,2012-12-12,7653.864911996243,7695.984836628633,7645.505086932702,7690.15478515625,2206800
3193,2012-12-11,7620.9648099957685,7630.624921639951,7556.635028915215,7613.65478515625,2256200
3194,2012-12-10,7658.3547545940055,7669.014373314585,7603.214872625295,7609.46484375,1913200
3195,2012-12-07,7640.214852995409,7672.884624580838,7631.594775462541,7642.224609375,2334600
3196,2012-12-06,7660.93488468416,7673.584728690251,7616.754912648991,7623.224609375,2726600
3197,2012-12-05,7575.595064012143,7650.084956018173,7567.425179687404,7649.0146484375,3147200
3198,2012-12-04,7572.074840562066,7600.94482421875,7536.6252974937215,7600.94482421875,2494600
3199,2012-12-03,7582.614825937562,7628.254751530651,7562.154959645327,7599.875,2437800
3200,2012-11-30,7519.034951346343,7590.654736365202,7515.115047651642,7580.134765625,3157800
3201,2012-11-29,7468.896153790857,7521.485757986983,7466.456223498871,7503.515625,2635600
3202,2012-11-28,7418.385818088053,7434.89599609375,7385.8762019161895,7434.89599609375,1973000
3203,2012-11-27,7408.706153405535,7436.745575201958,7384.936243218827,7430.166015625,1985400
3204,2012-11-26,7372.3458645797755,7407.3359375,7370.245776613966,7407.3359375,2199600
3205,2012-11-23,7148.937337620338,7325.97607421875,7148.937337620338,7325.97607421875,2264600
3206,2012-11-22,7116.767528055405,7134.7474269800305,7097.347694255059,7105.7275390625,1171600
3207,2012-11-21,7150.207727077087,7169.367307939808,7061.838011648638,7088.4580078125,1433800
3208,2012-11-20,7179.067230220366,7189.067184438255,7141.127462511177,7145.7373046875,1228800
3209,2012-11-19,7134.677220074734,7162.087250540761,7125.177263669806,7129.00732421875,1214400
3210,2012-11-16,7125.207541690819,7194.246775698437,7108.807226315604,7130.037109375,1422200
3211,2012-11-15,7131.987358815772,7158.707451295685,7066.247425494763,7143.80712890625,1327800
3212,2012-11-14,7141.547446304562,7165.827120519874,7107.747307778537,7159.71728515625,1287400
3213,2012-11-13,7262.616607108533,7262.616607108533,7129.837430674201,7136.01708984375,1702800
3214,2012-11-12,7303.8963166530775,7307.555967656555,7263.986345416223,7267.71630859375,1519200
3215,2012-11-09,7206.126867022173,7302.236286318962,7170.256915538526,7293.1865234375,1911000
3216,2012-11-08,7228.966859359858,7242.5966796875,7190.957267986894,7242.5966796875,1573400
3217,2012-11-07,7249.7164816476925,7287.146484375,7220.006658070644,7287.146484375,1593400
3218,2012-11-06,7222.986879081381,7236.64697265625,7165.547201219395,7236.64697265625,1262000
3219,2012-11-05,7200.736745196825,7216.2664585908515,7161.667101517433,7185.32666015625,1253800
3220,2012-11-02,7232.166892124226,7235.0965661334585,7199.536671288401,7210.43701171875,1967600
3221,2012-11-01,7141.937185927917,7188.196737618966,7050.01720086886,7179.60693359375,1918000
3222,2012-10-31,7219.987058299715,7222.806869645248,7139.137329744766,7166.01708984375,1588000
3223,2012-10-30,7131.116937011362,7206.3167846941715,7131.116937011362,7182.556640625,1781000
3224,2012-10-29,7147.167716404664,7165.067537406174,7091.1577170249175,7091.6376953125,1832200
3225,2012-10-26,7291.946541447529,7298.446511640311,7132.7373106032655,7134.02734375,2529400
3226,2012-10-25,7329.465995808439,7339.175911697932,7259.966318243983,7262.04638671875,1509400
3227,2012-10-24,7288.106568472369,7348.416349285661,7274.846375641162,7314.84619140625,1380800
3228,2012-10-23,7367.426131872585,7375.466134017748,7326.356496233584,7337.4462890625,1201000
3229,2012-10-22,7333.206239190076,7373.005859375,7310.756147951426,7373.005859375,1241400
3230,2012-10-19,7443.575522815768,7449.185848495385,7402.626004702533,7408.7255859375,1410400
3231,2012-10-18,7474.035604883764,7495.415878089469,7448.025958342061,7465.3759765625,1300800
3232,2012-10-17,7505.375788775446,7518.325436509641,7450.255923984442,7464.36572265625,1839800
3233,2012-10-16,7437.756011401142,7470.98583984375,7437.756011401142,7470.98583984375,1487000
3234,2012-10-15,7433.185969180996,7433.645927999405,7392.57580471485,7418.86572265625,1186200
3235,2012-10-12,7456.47549645712,7478.475395347926,7398.76580074724,7437.005859375,1560800
3236,2012-10-11,7494.54570184709,7501.1858081087385,7448.025895694723,7451.68603515625,1956600
3237,2012-10-09,7593.544914603369,7631.924619690497,7590.714849583585,7591.974609375,1845000
3238,2012-10-08,7707.934633536378,7707.934633536378,7612.834974878426,7615.85498046875,1545200
3239,2012-10-05,7694.014632895534,7721.894876539808,7675.444893564978,7690.61474609375,1803200
3240,2012-10-04,7678.44484188242,7689.044891030053,7621.345005530064,7682.3046875,1783200
3241,2012-10-03,7727.444628184749,7727.494432644398,7680.944840916611,7684.5947265625,1531200
3242,2012-10-02,7703.065012368786,7726.574670913926,7682.994791282979,7718.64501953125,1613000
3243,2012-10-01,7702.084840020955,7707.854833124425,7657.844808274594,7675.68505859375,1410200
3244,2012-09-28,7704.194874025103,7721.254854880002,7665.315168379487,7715.125,2022400
3245,2012-09-27,7665.855062412161,7699.1947536199405,7658.474725086361,7683.7646484375,1925200
3246,2012-09-26,7702.7347113726255,7708.864566086808,7649.464936021884,7669.5947265625,2122800
3247,2012-09-25,7766.404638287693,7789.354729277817,7720.404847385229,7734.0947265625,2068400
3248,2012-09-24,7760.29447016252,7781.514099359158,7706.914832281465,7768.26416015625,2099200
3249,2012-09-21,7763.254354540175,7764.974073197828,7736.994221341075,7754.55419921875,2249600
3250,2012-09-20,7781.774655488395,7785.434795086627,7704.574811395808,7727.5146484375,2531400
3251,2012-09-19,7739.484569165253,7781.87451171875,7726.3147076142195,7781.87451171875,2740400
3252,2012-09-18,7740.534639286238,7757.00477926426,7714.395109667093,7734.224609375,2445600
3253,2012-09-17,7768.414522172846,7778.024341325088,7725.864424597322,7762.1845703125,3299400
3254,2012-09-14,7660.344596059764,7738.01416015625,7660.344596059764,7738.01416015625,3645800
3255,2012-09-13,7577.12500760594,7594.724535340537,7557.244728732503,7578.7646484375,2330000
3256,2012-09-12,7518.645259944924,7571.384761121708,7515.005140130526,7570.4150390625,2700400
3257,2012-09-11,7497.195745528026,7509.125866831974,7468.146073491965,7485.095703125,1837000
3258,2012-09-10,7435.305880578173,7482.7060546875,7435.305880578173,7482.7060546875,2304200
3259,2012-09-07,7434.395952269477,7446.065820423385,7409.84577231507,7424.8759765625,2176200
3260,2012-09-06,7383.00608867351,7390.725779737391,7313.52642770355,7326.6865234375,1820200
3261,2012-09-05,7429.896198606281,7429.896198606281,7364.646496995447,7367.40625,1910000
3262,2012-09-04,7471.275787348986,7478.975459061324,7439.995657395547,7451.31591796875,1888800
3263,2012-09-03,7430.36581500312,7462.115669348366,7389.646275244453,7450.49560546875,1820400
3264,2012-08-31,7363.215976539058,7406.48579613199,7363.215976539058,7397.02587890625,1582800
3265,2012-08-30,7372.026364353234,7404.90609688716,7360.066458079125,7371.40625,1892600
3266,2012-08-29,7379.4458547477225,7405.265559565089,7368.365827861517,7391.11572265625,1451600
3267,2012-08-28,7440.526007388,7445.046006233695,7359.796396374392,7361.90625,1746800
3268,2012-08-27,7504.41584981181,7523.505606193619,7457.715868231369,7468.18603515625,1568200
3269,2012-08-24,7479.535635206259,7494.32560666369,7454.816021637294,7477.49560546875,1779200
3270,2012-08-23,7486.545983098481,7518.99554234882,7475.055801051759,7505.1357421875,1747800
3271,2012-08-22,7495.835940736975,7501.22556460107,7461.035806435661,7496.5458984375,1721000
3272,2012-08-21,7459.466035722641,7536.285510168643,7459.466035722641,7506.77587890625,1986600
3273,2012-08-20,7482.015394405513,7485.125731663366,7422.405805272692,7431.8759765625,1526800
3274,2012-08-17,7502.815758097929,7516.675557944407,7467.8857421875,7467.8857421875,1945200
3275,2012-08-16,7475.646062396767,7514.985726629294,7456.365876939941,7490.17578125,2097200
3276,2012-08-15,7489.7757778931355,7489.7757778931355,7442.686149672345,7467.7060546875,1840400
3277,2012-08-14,7446.995752713042,7520.61553346138,7446.995752713042,7479.2158203125,2058600
3278,2012-08-13,7495.775605377487,7495.775605377487,7423.805721332591,7436.265625,1704200
3279,2012-08-10,7443.325673305807,7458.195722189617,7409.396141656821,7441.0859375,2080400
3280,2012-08-09,7341.836359728943,7434.965814336079,7341.836359728943,7433.666015625,2654200
3281,2012-08-08,7331.55609807683,7357.38605731174,7302.8662887239825,7319.76611328125,2231000
3282,2012-08-07,7289.856471034691,7300.95651742921,7265.926405766181,7295.42626953125,1793000
3283,2012-08-06,7311.7064254742245,7340.526116432417,7276.56645124065,7286.29638671875,2001000
3284,2012-08-03,7220.476548698927,7235.596596328483,7186.746723400145,7217.4765625,1885600
3285,2012-08-01,7242.546504369913,7273.58639954299,7223.136438097769,7267.92626953125,1899400
3286,2012-07-31,7140.496695985908,7270.45654296875,7140.496695985908,7270.45654296875,2121200
3287,2012-07-30,7159.17724458535,7184.277227538492,7146.037167914754,7158.84716796875,1782200
3288,2012-07-27,7060.397755093957,7124.45751953125,7045.277707336305,7124.45751953125,1832200
3289,2012-07-26,7012.908010756326,7023.947999552372,6963.538118356139,6970.658203125,1604200
3290,2012-07-25,6932.088592687794,7036.918194087678,6922.698498671616,6979.09814453125,1588400
3291,2012-07-24,7004.408220832683,7015.727993788046,6968.748226074625,7008.318359375,1498200
3292,2012-07-23,7105.958147224513,7105.958147224513,6996.1485844788795,7028.6982421875,1392000
3293,2012-07-20,7136.44739439069,7164.6474609375,7130.677401206085,7164.6474609375,1183400
3294,2012-07-19,7109.297542858731,7163.717215685419,7098.147691541595,7148.537109375,1587200
3295,2012-07-18,7132.617787653837,7132.617787653837,7046.058118795947,7049.01806640625,1416600
3296,2012-07-17,7056.767412081497,7133.0170620735225,7051.72739615413,7126.96728515625,1630200
3297,2012-07-16,7135.907506213606,7147.347395621562,7085.3476774319415,7090.0078125,1345000
3298,2012-07-13,7113.107869919409,7153.817646187394,7103.677736915552,7104.23779296875,1408400
3299,2012-07-12,7240.846663548234,7242.746557175728,7130.8974609375,7130.8974609375,1603400
3300,2012-07-11,7207.046622673284,7261.5561352625455,7202.346449179212,7257.87646484375,1463800
3301,2012-07-10,7305.725821419174,7328.715948976365,7228.84629580793,7251.31640625,1614000
3302,2012-07-09,7301.686561414265,7333.245986269566,7293.076249536641,7309.92626953125,1212400
3303,2012-07-06,7392.745983146322,7406.586251895416,7327.996279202772,7368.55615234375,1536400
3304,2012-07-05,7412.515510401088,7426.585757804551,7376.416068041538,7387.74560546875,1614800
3305,2012-07-04,7414.525915881963,7442.51553308798,7397.765739153659,7422.5556640625,2111000
3306,2012-07-03,7363.336190862248,7431.665954160149,7357.636021813087,7418.32568359375,1918000
3307,2012-07-02,7332.056212295773,7359.956474944885,7318.186647007918,7345.12646484375,1833800
3308,2012-06-29,7183.417024909783,7296.24609375,7177.556700408127,7296.24609375,1617200
3309,2012-06-28,7230.436729868845,7236.6764470657545,7165.306660399855,7169.57666015625,1380000
3310,2012-06-27,7137.957239350667,7199.286545701271,7127.947031716345,7182.9765625,1275200
3311,2012-06-26,7145.187466588005,7156.957432174437,7117.137302180467,7137.8974609375,1349400
3312,2012-06-25,7222.576891745131,7222.576891745131,7157.86722621149,7166.34716796875,1277000
3313,2012-06-22,7210.766653283988,7229.696742034407,7185.277024378466,7222.0166015625,1374600
3314,2012-06-21,7301.7562424020625,7311.356295623833,7259.076264167907,7279.01611328125,1513000
3315,2012-06-20,7309.196405736203,7334.59619140625,7281.706785915792,7334.59619140625,1568400
3316,2012-06-19,7286.506285536224,7288.946215639904,7239.386386623804,7273.09619140625,1335800
3317,2012-06-18,7263.77644903863,7302.786034165949,7262.7661998068115,7281.46630859375,2049600
3318,2012-06-15,7093.967567829444,7166.047316420558,7085.887526644741,7155.79736328125,2347200
3319,2012-06-14,7096.827537604612,7114.037420152002,7070.327658310171,7075.06787109375,1212800
3320,2012-06-13,7103.167903421945,7109.307523947961,7059.81800283977,7088.7978515625,1321800
3321,2012-06-12,7036.408363071815,7076.338359653291,7026.2384868376785,7072.04833984375,1160600
3322,2012-06-11,7081.687676938241,7137.947184070264,7081.687676938241,7120.197265625,1485200
3323,2012-06-08,7033.477873814091,7063.0480522344005,6979.788175852368,6999.6181640625,1222000
3324,2012-06-07,7133.747315222277,7139.127661826865,7052.327763936161,7080.27783203125,1657800
3325,2012-06-06,7037.888265591476,7076.247956331588,7004.368396831939,7056.1181640625,1709000
3326,2012-06-05,6988.4883353384175,7037.537917646435,6967.278470561549,7000.41845703125,1634000
3327,2012-06-04,6907.098087129191,6937.298143420729,6857.318531124892,6894.62841796875,2139600
3328,2012-06-01,7213.657226870569,7218.717262516636,7106.0576171875,7106.0576171875,1836600
3329,2012-05-31,7184.87700282578,7301.46630859375,7132.766891716752,7301.46630859375,2517000
3330,2012-05-30,7331.606121285528,7331.606121285528,7222.846371976761,7261.76611328125,2155200
3331,2012-05-29,7179.547133342401,7349.816371559324,7178.636981268815,7342.25634765625,2326000
3332,2012-05-28,7067.5174036522485,7135.96728515625,7047.287515927424,7135.96728515625,1110800
3333,2012-05-25,7116.298139224176,7139.727721569067,7066.358421954078,7071.59814453125,1330800
3334,2012-05-24,7155.707377879084,7190.516788358992,7090.437658043471,7124.857421875,1644600
3335,2012-05-23,7213.567081420361,7213.567081420361,7130.487383548137,7147.71728515625,1546800
3336,2012-05-22,7257.926347938129,7274.8564453125,7232.486524349109,7274.8564453125,1506600
3337,2012-05-21,7164.866825388797,7220.066765868097,7164.866825388797,7192.19677734375,1296000
3338,2012-05-18,7252.207057252304,7253.0669165999025,7149.327156809634,7151.1572265625,2143800
3339,2012-05-17,7304.366450774125,7356.736328125,7274.28651040525,7356.736328125,1840600
3340,2012-05-16,7376.67610545903,7399.796116536539,7234.53662109375,7234.53662109375,1879600
3341,2012-05-15,7328.706363872062,7396.385738583645,7291.406243290331,7395.60595703125,1547000
3342,2012-05-14,7389.855898143914,7412.555500003692,7346.825824072738,7377.14599609375,1144200
3343,2012-05-11,7472.525550149559,7473.51529167264,7382.916100688599,7401.3359375,1595600
3344,2012-05-10,7479.105979270985,7523.335757740144,7470.775939189691,7483.9755859375,1362200
3345,2012-05-09,7485.29585445337,7513.675607510231,7448.865845234498,7475.67578125,1653800
3346,2012-05-08,7572.124876765781,7572.27477841112,7522.25499192836,7545.6748046875,1506000
3347,2012-05-07,7608.315106512525,7608.315106512525,7515.655376410744,7538.04541015625,1866000
3348,2012-05-04,7619.6951950039265,7704.834943042338,7614.955470547987,7700.9150390625,2075800
3349,2012-05-03,7671.024849421287,7681.194724617662,7643.054762957202,7659.49462890625,1847200
3350,2012-05-02,7511.725365229231,7679.034657620065,7511.725365229231,7676.77490234375,2695600
3351,2012-04-30,7439.186319921665,7501.68603515625,7422.106319617714,7501.68603515625,1614600
3352,2012-04-27,7569.255453678083,7598.4154766903275,7459.715915122809,7480.4658203125,1940800
3353,2012-04-26,7596.494770663668,7600.41516274967,7509.845267713121,7521.3154296875,1598600
3354,2012-04-25,7552.744677250826,7569.21481553538,7525.65495942369,7563.14501953125,1553200
3355,2012-04-24,7456.986030458372,7533.5154667921115,7444.756105733833,7498.8056640625,1516400
3356,2012-04-23,7488.785609214428,7521.385557926985,7430.896225263806,7481.0556640625,1621600
3357,2012-04-20,7601.535214641949,7605.185588646898,7507.11572265625,7507.11572265625,1825600
3358,2012-04-19,7602.244723038973,7632.694777913558,7528.005319342866,7622.65478515625,1619600
3359,2012-04-18,7676.44449378245,7683.914674093032,7590.944889030231,7604.96484375,1684000
3360,2012-04-17,7736.66434004975,7752.064171023597,7585.8349609375,7585.8349609375,1955600
3361,2012-04-16,7747.324627439332,7749.454988843921,7714.10505196379,7729.82470703125,1476200
3362,2012-04-13,7734.514406017253,7788.234375,7733.144783379375,7788.234375,2215400
3363,2012-04-12,7669.424774682848,7673.8046374011465,7598.965137004369,7662.884765625,1762800
3364,2012-04-11,7592.905077777867,7666.034624808301,7573.015032386367,7656.634765625,1641000
3365,2012-04-10,7658.9945444761415,7692.904544698942,7605.634926713961,7640.64501953125,1692200
3366,2012-04-09,7587.645080538592,7650.854749111513,7529.3553110845905,7600.8349609375,1478200
3367,2012-04-06,7667.864921092904,7713.205046279836,7638.0149596139345,7706.224609375,1921400
3368,2012-04-05,7603.275070351174,7667.004757552913,7527.9951433318065,7639.78466796875,2431800
3369,2012-04-03,7896.683946279491,7907.583798561469,7723.354664236016,7760.814453125,2535800
3370,2012-04-02,7905.843061541473,7928.393249483273,7859.523453055168,7862.86328125,1675400
3371,2012-03-30,7832.183576901353,7932.962890625,7775.713626216733,7932.962890625,2408600
3372,2012-03-29,7997.832913657111,7997.832913657111,7808.513481814573,7872.62353515625,3208800
3373,2012-03-28,8074.602368006753,8085.392356599403,8013.762320553013,8038.0322265625,1997800
3374,2012-03-27,8033.182599580247,8033.182599580247,7978.702874212037,8029.42236328125,1976800
3375,2012-03-26,8073.892571264693,8073.892571264693,7958.683146920252,7967.5830078125,2166800
3376,2012-03-23,8067.892618530061,8076.572265625,8030.842498035183,8076.572265625,1973800
3377,2012-03-22,7997.6228491137745,8075.93254241018,7995.5325268334145,8059.90234375,2196000
3378,2012-03-21,7993.422309018034,8013.632174759733,7940.152540406723,7981.90234375,2182400
3379,2012-03-20,8062.872626987736,8062.872626987736,7965.922882935295,7972.6630859375,1996000
3380,2012-03-19,8113.42203824787,8123.1119343628825,7997.01242610436,8043.88232421875,2103800
3381,2012-03-16,8130.24183583983,8130.482069093499,8054.90234375,8054.90234375,2726400
3382,2012-03-15,8141.892484103046,8142.9422839306535,8088.062655175218,8121.58251953125,2435400
3383,2012-03-14,8132.922327650475,8170.272252478266,8113.722221182193,8125.22216796875,3113400
3384,2012-03-13,7990.562691509153,8045.572199618653,7974.3425525965895,8031.47216796875,2546000
3385,2012-03-12,8028.832533525543,8028.832533525543,7927.5126953125,7927.5126953125,2189200
3386,2012-03-09,8012.552262134281,8027.042428545435,7965.6428141869155,8015.97216796875,2700200
3387,2012-03-08,7952.902492642649,8000.892501041474,7905.462774621356,7984.5224609375,2728800
3388,2012-03-07,7846.4533907209225,7937.072594117402,7824.413455148716,7903.04296875,2595200
3389,2012-03-06,8006.812666273314,8027.982489180625,7860.833368249281,7937.93310546875,3057000
3390,2012-03-05,8105.231949694243,8115.45211653442,7998.922390430755,8004.70263671875,2834600
3391,2012-03-02,8161.832437217172,8170.6824940161905,8114.102677097952,8144.00244140625,3160600
3392,2012-03-01,8127.532183816614,8151.662443157787,8103.712469912236,8118.30224609375,2838000
3393,2012-02-29,8046.102887657847,8121.40234375,8046.102887657847,8121.40234375,3454400
3394,2012-02-24,7971.58295055734,7974.542897694412,7899.583286247869,7959.302734375,2811000
3395,2012-02-23,7981.8826038869065,7991.882557133759,7935.382821289044,7937.2626953125,2861400
3396,2012-02-22,7908.34272354822,8018.502362186469,7897.612793496646,8001.642578125,3485200
3397,2012-02-21,7953.022801371239,7973.432862007007,7870.222896292046,7921.462890625,2942600
3398,2012-02-20,7959.953100879946,7985.462747501439,7913.612985027163,7954.78271484375,2815200
3399,2012-02-17,7956.872752842004,8013.422291703276,7862.072905505285,7894.32275390625,3787200
3400,2012-02-16,7983.712848183543,8010.462723704309,7851.583580228116,7869.66357421875,4457800
3401,2012-02-15,7919.372961705921,8011.832488393139,7902.042964973896,8005.20263671875,3961800
3402,2012-02-14,7937.242425376909,7937.242425376909,7829.72291192889,7884.04296875,3394800
3403,2012-02-13,7849.173150298918,7917.922827880303,7837.5433220273735,7912.873046875,3467600
3404,2012-02-10,7922.572961134945,7941.592892074234,7848.743226897678,7862.2333984375,3965600
3405,2012-02-09,7863.322976352546,7910.74267578125,7840.343103682614,7910.74267578125,4228800
3406,2012-02-08,7766.343743476708,7869.87353515625,7766.343743476708,7869.87353515625,3991000
3407,2012-02-07,7680.3248305526795,7751.724407217237,7673.875152940733,7707.40478515625,2997600
3408,2012-02-06,7752.244334870624,7752.244334870624,7677.524949992857,7687.94482421875,3712400
3409,2012-02-03,7658.645094241508,7674.955078125,7608.375304978352,7674.955078125,4261800
3410,2012-02-02,7613.755060466411,7652.4248046875,7578.724947961873,7652.4248046875,4452800
3411,2012-02-01,7520.324841384547,7566.0448433118045,7488.93533912689,7549.1748046875,4049800
3412,2012-01-31,7436.485723096867,7517.04541015625,7420.975540722248,7517.04541015625,4300400
3413,2012-01-30,7382.686149081963,7442.99544111066,7382.686149081963,7407.3759765625,3584800
3414,2012-01-18,7235.506827445427,7245.096627177397,7194.516781218369,7233.65673828125,3019600
3415,2012-01-17,7144.167345687577,7221.046875,7118.327132472316,7221.046875,2607400
3416,2012-01-16,7241.887067896165,7258.806913011581,7091.317926758403,7103.587890625,2092600
3417,2012-01-13,7226.206824583162,7249.90642204121,7169.886772474439,7181.5068359375,2530000
3418,2012-01-12,7202.346606689929,7209.706924246452,7173.836972784509,7186.546875,2178800
3419,2012-01-11,7203.066825752086,7212.32654860522,7184.346697379048,7188.1767578125,2389000
3420,2012-01-10,7128.826891459601,7181.707017975368,7128.826891459601,7178.8369140625,2546400
3421,2012-01-09,7103.057571527154,7103.057571527154,7050.2179678500315,7093.0078125,1741000
3422,2012-01-06,7129.497028870449,7139.007239082289,7090.437638015288,7120.47705078125,2354400
3423,2012-01-05,7099.317527372494,7130.8271484375,7073.287373356262,7130.8271484375,2209000
3424,2012-01-04,7093.037551704385,7116.187836998219,7064.54793523515,7082.93798828125,2132200
3425,2012-01-03,7005.358614378239,7073.758208941126,7005.358614378239,7053.34814453125,1818200
3426,2011-12-30,7109.818189869637,7138.997746416208,7054.7583783759765,7072.04833984375,1704800
3427,2011-12-29,7026.828340152721,7074.7880859375,6998.938816830704,7074.7880859375,1516200
3428,2011-12-28,7086.0682270089965,7093.438311048445,7036.888272421917,7056.63818359375,1799600
3429,2011-12-27,7085.467771298708,7107.637592332865,7043.608098418845,7084.99755859375,1653800
3430,2011-12-26,7125.007665011646,7125.637544962147,7078.027898005876,7092.5478515625,1730800
3431,2011-12-23,7035.068213856188,7122.247506248842,7035.068213856188,7110.69775390625,2717400
3432,2011-12-22,6968.188468042356,6989.557999589834,6940.8184755515,6966.318359375,1957000
3433,2011-12-21,6878.598544763665,6966.4482421875,6878.598544763665,6966.4482421875,2138600
3434,2011-12-20,6654.639196955101,6696.899255743798,6646.269118412822,6662.609375,1770800
3435,2011-12-19,6780.608691857365,6780.608691857365,6609.07921388247,6633.29931640625,2068200
3436,2011-12-16,6782.988779064212,6810.0487130278025,6757.298955977792,6785.05859375,1469400
3437,2011-12-15,6874.14841951288,6874.14841951288,6764.55859375,6764.55859375,1828200
3438,2011-12-14,6912.50834676535,6926.058089330326,6860.358683516085,6922.5380859375,1554400
3439,2011-12-13,6883.048400730926,6919.648329945765,6850.848353610552,6896.2783203125,1525400
3440,2011-12-12,6975.588257507324,7002.057863174906,6923.848259444981,6949.00830078125,1391400
3441,2011-12-09,6891.438484986337,6927.958336371317,6831.358683483343,6893.26806640625,1918000
3442,2011-12-08,7018.60823599301,7018.60823599301,6907.918797688414,6982.8681640625,1753400
3443,2011-12-07,7004.148567557115,7046.35833801095,6992.238465054859,7032.96826171875,1731200
3444,2011-12-06,7075.807559971605,7075.807559971605,6956.248046875,6956.248046875,1738800
3445,2011-12-05,7149.547617743221,7149.557383323883,7057.298036574843,7098.0478515625,1560600
3446,2011-12-02,7163.967178317071,7186.627230750144,7109.677387982998,7140.6474609375,2061200
3447,2011-12-01,7132.377167179863,7199.226467359737,7129.0368505984325,7178.65673828125,3336600
3448,2011-11-30,7001.557657399837,7001.557657399837,6860.018268997739,6904.08837890625,3089600
3449,2011-11-29,6966.548440071734,6998.028277577181,6934.838623141971,6988.6181640625,1959600
3450,2011-11-28,6844.268317044914,6920.758199521658,6844.268317044914,6898.748046875,1637000
3451,2011-11-25,6906.308032638898,6950.467985483959,6751.448882653609,6784.48876953125,2380000
3452,2011-11-24,6748.888717483299,6885.208399690974,6744.228582780056,6864.3583984375,2408800
3453,2011-11-23,6967.6281660033865,6981.50798508992,6806.39892578125,6806.39892578125,2482200
3454,2011-11-22,7064.577832192577,7082.367790594669,6970.688609452704,6999.998046875,2248200
3455,2011-11-21,7166.227470240949,7183.437841899286,7042.6083984375,7042.6083984375,2351600
3456,2011-11-18,7296.056354621178,7327.636287793289,7233.74658203125,7233.74658203125,2100200
3457,2011-11-17,7333.535895473578,7392.78562135358,7284.266103889969,7387.77587890625,1819800
3458,2011-11-16,7520.91539828634,7541.645282844114,7385.095714183397,7387.48583984375,2116600
3459,2011-11-15,7515.465708799637,7528.745433363807,7475.29597020916,7491.02587890625,1588000
3460,2011-11-14,7472.125734689317,7544.195226908247,7472.125734689317,7525.615234375,2009600
3461,2011-11-11,7369.696277904387,7385.946203591397,7288.456903328695,7367.25634765625,2100800
3462,2011-11-10,7431.225509153833,7434.335846378297,7274.8063083402285,7308.646484375,2922600
3463,2011-11-09,7646.084569198615,7654.114317023158,7561.82470703125,7561.82470703125,2032800
3464,2011-11-08,7652.434819555286,7683.054306835294,7600.7548828125,7600.7548828125,2185400
3465,2011-11-07,7623.124993358069,7637.994553676077,7586.824867829495,7621.68505859375,2045000
3466,2011-11-04,7581.574806999585,7635.714693382072,7578.324822027122,7603.19482421875,2759400
3467,2011-11-03,7603.41535982315,7603.41535982315,7460.27587890625,7460.27587890625,2586600
3468,2011-11-02,7500.505335819869,7599.504877770049,7448.245323709578,7598.4150390625,2494800
3469,2011-11-01,7547.2054229968135,7656.224451398089,7505.9253399631125,7621.974609375,2232000
3470,2011-10-31,7637.44459352521,7658.934728328923,7557.014790403278,7587.65478515625,2165000
3471,2011-10-28,7693.204721856072,7743.334373265631,7602.594788557102,7616.02490234375,3591000
3472,2011-10-27,7548.324785335256,7590.844607271933,7504.925084674978,7565.1748046875,2870200
3473,2011-10-26,7437.735802633206,7548.475039277135,7425.956071668966,7535.78515625,2069600
3474,2011-10-25,7506.045830590522,7506.045830590522,7468.495708950207,7491.17578125,2211400
3475,2011-10-24,7352.396535395676,7472.465810245703,7352.396535395676,7470.265625,2411600
3476,2011-10-21,7272.47599062312,7272.47599062312,7205.176498489484,7254.47607421875,1398600
3477,2011-10-20,7347.8964977755795,7361.186475925414,7240.116718330887,7244.28662109375,1616000
3478,2011-10-19,7393.696104143132,7393.696104143132,7316.546555282025,7353.33642578125,1715800
3479,2011-10-18,7352.086459474411,7379.046296990284,7321.976245755902,7359.4462890625,1638200
3480,2011-10-17,7412.845924115429,7475.025815046825,7401.2658990392265,7461.0859375,1882200
3481,2011-10-14,7430.465976995156,7430.465976995156,7353.7661328798995,7358.04638671875,1807200
3482,2011-10-13,7423.146019789796,7444.29582481732,7372.376233864671,7428.2958984375,2356600
3483,2011-10-12,7390.025843209751,7407.045783939679,7323.5061316608435,7382.31591796875,2189800
3484,2011-10-11,7348.82591388535,7398.67578125,7348.82591388535,7398.67578125,2742000
3485,2011-10-07,7210.886723538234,7253.056451267233,7196.1870841829295,7211.9267578125,2301800
3486,2011-10-06,7094.577319947943,7170.887028503605,7094.577319947943,7131.96728515625,2206600
3487,2011-10-05,7061.137856545158,7090.977564790072,6989.1181640625,6989.1181640625,1735200
3488,2011-10-04,6937.208994287144,7047.958495552833,6889.959207065439,7047.83837890625,2281000
3489,2011-10-03,7128.627898995685,7128.627898995685,6998.338449496839,7013.9384765625,2067600
3490,2011-09-30,7222.126967920759,7251.8367923306905,7163.717080085673,7225.3466796875,2340800
3491,2011-09-29,7090.087341615807,7218.536454861266,7060.977124622031,7182.57666015625,2291800
3492,2011-09-28,7148.347161560787,7154.367153535783,7099.697481908853,7146.947265625,2370600
3493,2011-09-27,7031.097923611043,7119.107777476691,7027.85819224319,7089.91796875,2696600
3494,2011-09-26,7026.457806742581,7058.397600744274,6877.08837890625,6877.08837890625,2739400
3495,2011-09-23,7101.307857193472,7126.777957311763,6997.578343955548,7046.1884765625,3274800
3496,2011-09-22,7419.456017270127,7419.456017270127,7287.726156032923,7305.46630859375,2665400
3497,2011-09-21,7515.625581299831,7574.74493823287,7465.9456340666475,7535.84521484375,2492600
3498,2011-09-20,7485.565951040642,7544.845465783831,7389.356428978384,7492.81591796875,2267200
3499,2011-09-19,7572.795478322622,7572.905341101913,7468.735895172983,7480.845703125,1743600
3500,2011-09-16,7494.255268410617,7606.664903120298,7494.255268410617,7577.36474609375,3027600
3501,2011-09-15,7374.545949806888,7430.255652928045,7348.1759546558615,7385.64599609375,2425000
3502,2011-09-14,7455.4657540404705,7477.8255146143265,7186.716988511884,7228.43701171875,3096600
3503,2011-09-13,7529.965179250559,7538.005181133752,7381.965863642447,7391.3359375,2371600
3504,2011-09-09,7568.185254223446,7651.2346752708545,7546.965137404311,7610.53466796875,2094200
3505,2011-09-08,7601.254636339953,7626.744263716169,7520.724737969174,7548.3349609375,2342000
3506,2011-09-07,7468.255650682919,7528.97509765625,7428.665989227738,7528.97509765625,2179800
3507,2011-09-06,7496.205952799923,7522.905537728894,7357.7261173445395,7367.15625,2654200
3508,2011-09-05,7637.864344185024,7637.864344185024,7538.54498234862,7551.53466796875,2161200
3509,2011-09-02,7801.243937430567,7801.243937430567,7703.064701076866,7757.0244140625,2128800
3510,2011-09-01,7799.144340935895,7886.003805122664,7755.5141703103445,7757.72412109375,3465400
3511,2011-08-31,7665.184920892001,7741.32421875,7602.645169790585,7741.32421875,2482400
3512,2011-08-30,7654.334923326048,7675.134632378579,7599.235079013336,7646.15478515625,2556600
3513,2011-08-29,7482.885206770158,7608.734720576871,7474.27538343218,7577.974609375,1952800
3514,2011-08-26,7438.485870052211,7503.345435568511,7389.535899465014,7445.06591796875,2441000
3515,2011-08-25,7559.43534979747,7564.835227236321,7408.985848376588,7410.8359375,2588200
3516,2011-08-24,7592.475177856615,7594.775460346353,7432.486160598052,7502.89599609375,2874400
3517,2011-08-23,7369.395861392114,7564.604913370521,7349.535602305669,7550.19482421875,2798400
3518,2011-08-22,7348.676103114485,7468.705823534683,7248.65654440699,7312.55615234375,2848000
3519,2011-08-19,7414.325844273716,7429.925870352668,7316.796506609435,7342.92626953125,2901400
3520,2011-08-18,7721.154294768611,7721.154294768611,7560.985112354654,7614.93505859375,2615600
3521,2011-08-17,7807.633973880882,7821.954220447446,7732.284223150782,7741.72412109375,2395200
3522,2011-08-16,7886.89412747832,7896.153850780283,7778.614348950755,7798.55419921875,2422600
3523,2011-08-15,7769.13450627158,7819.3544921875,7748.424639740017,7819.3544921875,2220000
3524,2011-08-12,7825.763779408833,7853.49363222542,7636.98486328125,7636.98486328125,3474600
3525,2011-08-11,7566.3556759327475,7761.364553394477,7499.505882742282,7719.0546875,3751200
3526,2011-08-10,7717.54500703425,7751.554618108269,7632.3051600174595,7736.28466796875,4546000
3527,2011-08-09,7261.506915721966,7599.105473423477,7148.727156728975,7493.0859375,5373400
3528,2011-08-08,7769.563932259246,7799.453929847456,7451.255355313135,7552.7646484375,4298800
3529,2011-08-05,7962.8329843478,7975.782630991353,7844.733437421618,7853.09326171875,4304800
3530,2011-08-04,8472.32933147587,8496.029412696409,8317.2294921875,8317.2294921875,3285200
3531,2011-08-03,8466.309525385544,8472.229419232635,8360.69088481508,8456.8203125,3447400
3532,2011-08-02,8629.049597745636,8629.049597745636,8557.660282268873,8584.6796875,2822400
3533,2011-08-01,8629.930016091068,8707.830048260437,8629.930016091068,8701.33984375,3193600
3534,2011-07-29,8737.679254230956,8771.59901899193,8638.629908333238,8644.1396484375,3088600
3535,2011-07-28,8739.790164059514,8790.639541208644,8702.800098615788,8767.16015625,2852400
3536,2011-07-27,8775.139840564123,8819.889637360264,8754.470012548518,8817.4501953125,2979000
3537,2011-07-26,8700.550231065872,8794.2001953125,8689.110830023255,8794.2001953125,2358200
3538,2011-07-25,8764.639274168609,8785.989761660034,8661.719826850245,8683.4697265625,2429400
3539,2011-07-22,8770.910130533286,8794.44029648697,8741.049915369736,8765.2802734375,3259600
3540,2011-07-21,8705.79985658911,8725.929646942195,8683.009922204503,8717.099609375,2804400
3541,2011-07-20,8612.49066501715,8706.1298828125,8612.49066501715,8706.1298828125,2872000
3542,2011-07-19,8528.1601392008,8554.36997703271,8490.750158662599,8524.5302734375,2247800
3543,2011-07-18,8550.120062840406,8580.289843242614,8473.870420391893,8538.5302734375,2457000
3544,2011-07-15,8494.660530776564,8579.75974279363,8462.010292606927,8574.8701171875,2598800
3545,2011-07-14,8495.469659714721,8531.919682951819,8410.400725375624,8481.3095703125,2518200
3546,2011-07-13,8480.219763354993,8539.139407298575,8452.820478538388,8488.01953125,2393600
3547,2011-07-12,8581.389222065489,8595.029782743595,8479.860403948373,8490.9697265625,2547400
3548,2011-07-11,8749.509378902692,8749.509378902692,8633.509914860673,8665.8095703125,2013200
3549,2011-07-08,8782.679535710182,8839.09919940038,8739.960004638631,8749.509765625,2652000
3550,2011-07-07,8794.959862452975,8795.839741249973,8757.429760291554,8773.3798828125,2347600
3551,2011-07-06,8790.90054262428,8842.129802368618,8768.309824812928,8824.400390625,2197000
3552,2011-07-05,8777.179720411621,8794.099565166422,8743.410343081543,8784.400390625,2195200
3553,2011-07-04,8801.469604319502,8808.429533498687,8772.29004996647,8774.6796875,2317600
3554,2011-07-01,8684.349863315212,8744.160136184782,8659.530641080615,8739.7802734375,2416000
3555,2011-06-30,8582.040365339946,8652.5498046875,8576.610702965325,8652.5498046875,2275800
3556,2011-06-29,8540.309724569188,8598.179571493936,8499.200541556578,8573.33984375,2338600
3557,2011-06-28,8536.089573310548,8572.579635370554,8478.650391427409,8478.8203125,1840800
3558,2011-06-27,8456.320518814126,8519.169832143005,8433.420236058879,8500.1201171875,2003800
3559,2011-06-24,8567.419759379318,8569.549632197653,8508.120232947515,8532.7900390625,2049400
3560,2011-06-23,8601.11019327099,8619.349365842578,8559.290076217625,8567.240234375,1841400
3561,2011-06-22,8663.820113627804,8679.32980722014,8598.040145696421,8621.0,2079600
3562,2011-06-21,8571.889768077668,8617.919827152477,8523.000347318952,8597.580078125,2089200
3563,2011-06-20,8679.109654709731,8685.289313205138,8518.620173601617,8530.6396484375,2202800
3564,2011-06-17,8671.409992356068,8701.959655407229,8618.809650287703,8636.0595703125,2252000
3565,2011-06-16,8739.79940954389,8739.79940954389,8654.3896484375,8654.3896484375,2089000
3566,2011-06-15,8833.820301573098,8876.099406766847,8733.56001393678,8831.41015625,2652000
3567,2011-06-14,8737.200612380579,8836.469693459048,8737.200612380579,8829.169921875,1685800
3568,2011-06-13,8791.629521067742,8811.929232470518,8703.47953552471,8712.91015625,1959600
3569,2011-06-10,9042.308643708313,9053.348632754769,8837.7802734375,8837.7802734375,2192800
3570,2011-06-09,9020.558504166745,9045.39921128421,8996.039084647726,9000.8994140625,1718400
3571,2011-06-08,9044.808423817085,9070.208698781867,9007.4892578125,9007.4892578125,1884200
3572,2011-06-07,9025.168116602641,9059.148427806156,8981.398788284976,9057.0576171875,1770400
3573,2011-06-03,9024.499122007219,9052.138645127194,8997.308815600496,9046.2392578125,1890800
3574,2011-06-02,8981.668989334405,9036.228310764112,8977.628968701232,8991.3193359375,2220600
3575,2011-06-01,8999.79814121385,9089.427608708578,8999.79814121385,9062.3076171875,2648800
3576,2011-05-31,8860.539647742873,9003.55852640193,8860.539647742873,8988.798828125,2901000
3577,2011-05-30,8757.620416763213,8843.990142030489,8748.090186571075,8823.6396484375,1871400
3578,2011-05-27,8806.250016860768,8859.990007000966,8803.549833819923,8809.9599609375,2083800
3579,2011-05-26,8797.249959499663,8807.039953959735,8751.479660212963,8788.3603515625,1908000
3580,2011-05-25,8732.259741722193,8763.599441687955,8682.45039993129,8727.0498046875,2107400
3581,2011-05-24,8730.190550307892,8756.860350236315,8673.340224316202,8756.5703125,2153400
3582,2011-05-23,8767.259675042122,8776.419789364296,8695.300043479432,8747.4697265625,2123800
3583,2011-05-20,8944.339357367406,8944.339357367406,8822.71002563896,8836.990234375,2277600
3584,2011-05-19,8952.208710548917,9026.138057071374,8888.168966851053,8892.8388671875,2573200
3585,2011-05-18,8885.359647553378,8946.94920888961,8885.359647553378,8944.798828125,2060600
3586,2011-05-17,8917.208831282836,8928.949011456105,8854.098771085075,8884.048828125,2180000
3587,2011-05-16,8996.658788524906,8996.658788524906,8911.6689453125,8911.6689453125,1993800
3588,2011-05-13,9039.50863905798,9059.418704638187,8986.138764915158,9006.5693359375,2471800
3589,2011-05-12,8977.728769473939,9052.939365493643,8963.199538566321,9033.638671875,2339800
3590,2011-05-11,9073.838624017053,9081.968469863097,9014.319363401466,9020.359375,2358800
3591,2011-05-10,9048.208870874265,9055.868992304766,9007.888741651606,9023.2392578125,2172800
3592,2011-05-09,9001.758941952376,9081.218542189637,8984.388903614717,9035.439453125,2852600
3593,2011-05-06,8997.689359463562,9018.359186900778,8954.768657125236,8977.189453125,2796600
3594,2011-05-05,8930.199620647349,9029.539012610918,8907.929214118612,9018.5693359375,2702600
3595,2011-05-04,8937.2588351319,8947.30859375,8864.509168625822,8947.30859375,2336800
3596,2011-05-03,9014.288749590169,9018.658846741733,8895.20921741868,8946.0390625,2675400
3597,2011-04-29,9050.449024687396,9058.739026002777,8943.94950961491,9007.8291015625,3385400
3598,2011-04-28,9088.928492265723,9099.70871679592,9021.31942399191,9040.728515625,3087000
3599,2011-04-27,9012.239425377375,9060.4589333845,9012.239425377375,9049.208984375,3110000
3600,2011-04-26,8893.96899811537,8966.819250127335,8866.699591860834,8948.0986328125,2392200
3601,2011-04-25,9015.868842037224,9037.048432484115,8950.708984375,8950.708984375,2696800
3602,2011-04-22,8980.388621573933,8992.628799976494,8956.029357965073,8969.388671875,2776600
3603,2011-04-21,8893.02959257668,8992.038904852057,8892.018855017204,8957.609375,3689400
3604,2011-04-20,8704.440923969089,8813.240234375,8698.930206817098,8813.240234375,2643200
3605,2011-04-19,8643.36032908038,8658.929592855118,8592.19064437432,8638.509765625,2233000
3606,2011-04-18,8752.519356293898,8764.610121054595,8703.070364740503,8714.4404296875,2042400
3607,2011-04-15,8828.589336220011,8834.029740921653,8716.66016277117,8718.080078125,2372400
3608,2011-04-14,8787.710029075895,8835.349460825304,8772.259904038334,8802.6904296875,2277200
3609,2011-04-13,8727.910394518032,8780.16015625,8700.04040442255,8780.16015625,2134800
3610,2011-04-12,8839.1791986003,8839.1791986003,8708.820421300097,8732.5498046875,2297200
3611,2011-04-11,8922.708788168908,8922.708788168908,8836.33906990222,8880.228515625,2322000
3612,2011-04-08,8904.39936840857,8929.018395506684,8862.449366542103,8894.4990234375,3122600
3613,2011-04-07,8884.798905900863,8901.6787109375,8828.87924168288,8901.6787109375,2638400
3614,2011-04-06,8772.090204928227,8859.979455825409,8767.170305306896,8851.9404296875,2992600
3615,2011-04-01,8697.799838217881,8705.08984375,8654.360584891736,8705.08984375,1912600
3616,2011-03-31,8683.650388823811,8685.400380754487,8608.01011260593,8683.259765625,2411400
3617,2011-03-30,8605.790226513678,8671.549687620394,8605.790226513678,8646.26953125,2544000
3618,2011-03-29,8538.400661368556,8596.5302734375,8522.530618097117,8596.5302734375,2214000
3619,2011-03-28,8587.950031793116,8604.199955722703,8549.21974435036,8553.01953125,1942800
3620,2011-03-25,8645.329915462771,8658.00954400112,8587.799909546058,8610.349609375,2449400
3621,2011-03-24,8589.669859739057,8603.389522250794,8550.55969076386,8576.3603515625,2431800
3622,2011-03-23,8529.889719426588,8551.080049823628,8481.92021763236,8545.0400390625,2474600
3623,2011-03-22,8523.229420517106,8552.780062700343,8508.0,8508.0,2781400
3624,2011-03-21,8421.62033493126,8508.159964794337,8394.180034994199,8467.669921875,2464000
3625,2011-03-18,8343.750243055369,8399.129861731522,8312.840234232472,8394.7099609375,3085400
3626,2011-03-17,8190.460406592014,8282.650390625,8150.690579311617,8282.650390625,3048000
3627,2011-03-16,8317.339878381064,8371.979264016083,8257.040363719923,8324.5400390625,3250800
3628,2011-03-15,8493.78877951325,8519.858965254449,8070.480779133239,8234.740234375,4871800
3629,2011-03-14,8616.249547585441,8616.249547585441,8395.070899499411,8519.9794921875,3309000
3630,2011-03-11,8566.870121440834,8593.669800887723,8513.46998036607,8567.7802734375,2422200
3631,2011-03-10,8754.369600607848,8754.369600607848,8635.709994062368,8642.8603515625,2763000
3632,2011-03-09,8810.309294249142,8824.36977678473,8730.7002835323,8749.9794921875,2811200
3633,2011-03-08,8692.059825028224,8768.269437147412,8692.059825028224,8747.7099609375,2487400
3634,2011-03-07,8769.829820442206,8769.829820442206,8706.339877798984,8713.75,2288200
3635,2011-03-04,8815.479350347287,8829.1902253532,8771.849666398628,8784.3603515625,3112800
3636,2011-03-03,8661.590195372442,8758.84951535486,8661.590195372442,8738.330078125,3099000
3637,2011-03-02,8675.329820470532,8709.529856924612,8619.8603515625,8619.8603515625,2677400
3638,2011-03-01,8611.750531111069,8734.200164663895,8611.750531111069,8727.51953125,2811800
3639,2011-02-25,8597.830086413764,8634.99983522954,8470.0504079077,8599.6103515625,3641600
3640,2011-02-24,8561.120025684831,8633.199765933396,8541.599609375,8541.599609375,2738400
3641,2011-02-23,8604.279919567067,8673.159479023348,8521.20999704018,8528.900390625,3337800
3642,2011-02-22,8744.769202857882,8744.769202857882,8613.300083180893,8673.6298828125,3728400
3643,2011-02-21,8867.11999062558,8867.11999062558,8797.210151048002,8839.1796875,2736800
3644,2011-02-18,8763.650753488582,8874.459822128574,8763.650753488582,8843.7998046875,3326600
3645,2011-02-17,8738.66966906808,8745.610066755104,8669.729557246581,8683.83984375,3118400
3646,2011-02-16,8740.280147707228,8767.04955594198,8702.769577894553,8712.919921875,2959800
3647,2011-02-15,8679.080274647458,8753.009622764375,8565.010485800885,8721.8896484375,3209400
3648,2011-02-14,8666.57039943965,8715.929546898346,8626.620388293166,8685.4296875,3074000
3649,2011-02-11,8842.369035744157,8842.369035744157,8574.610515301953,8609.8203125,4563000
3650,2011-02-10,8962.029704739647,8979.308923320958,8836.51953125,8836.51953125,3685600
3651,2011-02-09,9107.918484738651,9129.83830679382,8992.598697388985,9006.779296875,3537600
3652,2011-02-08,9220.647934087117,9220.647934087117,9085.368284118813,9111.41796875,3854200
3653,2011-01-28,9122.118270540208,9154.887651324194,9095.668196677581,9145.3076171875,3372600
3654,2011-01-27,9093.498087426482,9126.887581826019,9092.92777755753,9102.2880859375,3296800
3655,2011-01-26,9010.368373567782,9072.717693817884,9009.137910523657,9055.5478515625,3204800
3656,2011-01-25,9001.699171534188,9032.258602444446,8991.3486328125,8991.3486328125,2925600
3657,2011-01-24,8983.548664022876,8993.518344885311,8927.449311801935,8947.7490234375,2580000
3658,2011-01-21,8935.249110878716,8980.498903610647,8892.228800122075,8954.3388671875,3170400
3659,2011-01-20,9059.758617993548,9063.478327645824,9017.75880892946,9022.12890625,3066400
3660,2011-01-19,9023.258102367143,9092.238252315188,9005.727909948017,9085.9775390625,3935000
3661,2011-01-18,8889.799276066717,9003.409109182447,8886.989718575343,8987.958984375,3723200
3662,2011-01-17,8998.8482936624,9006.318962455469,8921.149431982421,8925.048828125,3579600
3663,2011-01-14,8985.298769475448,8998.098515651784,8937.459144413546,8972.46875,2756200
3664,2011-01-13,9034.128638512535,9034.128638512535,8948.189578104257,8975.5390625,3951000
3665,2011-01-12,8991.968626428063,9000.739094114755,8955.428754539298,8964.958984375,3922200
3666,2011-01-11,8810.729069416098,8935.228497672813,8794.729142893148,8931.3193359375,3573400
3667,2011-01-10,8798.009855666796,8817.83984375,8762.460212399146,8817.83984375,2885200
3668,2011-01-07,8905.209402340912,8907.069745422355,8738.889848069524,8782.6796875,4500800
3669,2011-01-06,8866.189531522841,8883.1689453125,8813.589188453168,8883.1689453125,4362200
3670,2011-01-05,9014.279513008243,9027.119298644146,8812.320466156718,8846.26953125,5796600
3671,2011-01-04,9045.069117484243,9046.138448546946,8988.539101752136,8997.1494140625,5270400
3672,2011-01-03,9039.588802064221,9041.279224069536,8994.459124345225,9025.2587890625,5067400
3673,2010-12-31,8936.069502284023,8990.338785453918,8932.598815024507,8972.458984375,4857800
3674,2010-12-30,8883.1690590422,8920.748964133305,8871.029466500557,8907.869140625,3983000
3675,2010-12-29,8878.059517251319,8893.09948839533,8844.629980714613,8866.3095703125,4915200
3676,2010-12-28,8919.219507652893,8919.219507652893,8839.79017866674,8870.7197265625,3177200
3677,2010-12-27,8866.629024512438,8908.37883194128,8828.629199786785,8892.2685546875,3458600
3678,2010-12-24,8910.570088784683,8911.36988985825,8860.96972696846,8861.0595703125,3616800
3679,2010-12-23,8891.369175008575,8914.298756823757,8874.829212180475,8898.8291015625,4002600
3680,2010-12-22,8847.22955192963,8865.379860536072,8834.280391694967,8860.4501953125,3464800
3681,2010-12-21,8802.820425570351,8827.75,8772.550055051868,8827.75,2753200
3682,2010-12-20,8861.049382914081,8861.049382914081,8740.25989539389,8768.6796875,3183800
3683,2010-12-17,8828.00971953999,8860.33965086519,8817.469728336195,8817.8603515625,4232000
3684,2010-12-16,8770.700247559782,8797.940357743415,8767.400457916472,8782.16015625,3719600
3685,2010-12-15,8755.28027979151,8756.669921875,8698.370383756741,8756.669921875,3622600
3686,2010-12-14,8771.860207398255,8789.209737296373,8717.490339274998,8740.3896484375,3574600
3687,2010-12-13,8748.59955415175,8764.469598607828,8736.50000022825,8736.5498046875,3237800
3688,2010-12-10,8740.66982139707,8744.629764149433,8684.009925344772,8718.7900390625,3880200
3689,2010-12-09,8769.299733792272,8782.78014088415,8736.729570265157,8753.7998046875,4398800
3690,2010-12-08,8727.839732932212,8729.660037058435,8683.94052081523,8703.75,3183800
3691,2010-12-07,8715.95990753139,8715.95990753139,8654.450424843328,8704.349609375,3208800
3692,2010-12-06,8675.410279466347,8718.490159379411,8675.410279466347,8702.1904296875,3623200
3693,2010-12-03,8630.83981185381,8659.579912795283,8618.219753258274,8623.9697265625,3710800
3694,2010-12-02,8597.969669481126,8641.089585581345,8572.610412742582,8585.7294921875,4731800
3695,2010-12-01,8430.559990955668,8520.0703125,8428.600039228728,8520.0703125,4202800
3696,2010-11-30,8384.5995512271,8443.339504693244,8363.92972820026,8372.4404296875,3732200
3697,2010-11-29,8399.729336189976,8401.379718917431,8331.46989720553,8367.1298828125,2661400
3698,2010-11-26,8371.229207414624,8371.229207414624,8312.1103515625,8312.1103515625,2532000
3699,2010-11-25,8337.860409534545,8355.349583484254,8330.879974256612,8349.9501953125,2383800
3700,2010-11-24,8277.290134223958,8337.150196918437,8277.290134223958,8297.009765625,2207400
3701,2010-11-23,8388.21943989775,8396.449869080587,8323.769554423176,8328.58984375,2436200
3702,2010-11-22,8343.280424463326,8391.209882819405,8334.380076389625,8374.8701171875,2074600
3703,2010-11-19,8344.619931407977,8372.119798846179,8283.229602337127,8306.080078125,2313000
3704,2010-11-18,8285.509755476283,8286.879866041156,8238.729708156916,8283.41015625,1930800
3705,2010-11-17,8249.910183360535,8284.469586060402,8228.200327715538,8255.5,2068400
3706,2010-11-16,8234.180063170958,8324.469667315603,8234.180063170958,8312.169921875,2166200
3707,2010-11-15,8287.789809829324,8301.309275391626,8226.669989607728,8240.6103515625,2337600
3708,2010-11-12,8404.389222917242,8416.309087401714,8309.32034470753,8316.009765625,2601400
3709,2010-11-11,8436.979491858454,8458.450093090376,8422.91998826817,8436.91015625,2604800
3710,2010-11-10,8457.049774080222,8471.530174221798,8425.200315608588,8450.58984375,3159000
3711,2010-11-09,8430.660227028699,8457.37006133955,8421.089959899658,8445.58984375,2671000
3712,2010-11-08,8473.619912588774,8473.619912588774,8416.16022454388,8430.5400390625,3672600
3713,2010-11-05,8444.7695527177,8458.429644236034,8420.610487513808,8449.2998046875,4335000
3714,2010-11-04,8321.320487305211,8367.150345876924,8317.82050407229,8357.8095703125,2705000
3715,2010-11-03,8394.489748581105,8398.259261633577,8273.429786129667,8293.8603515625,3449400
3716,2010-11-02,8380.019361877708,8390.059352767012,8344.7197265625,8344.7197265625,3004600
3717,2010-11-01,8343.479665299348,8407.8699826362,8343.479665299348,8379.7099609375,3116000
3718,2010-10-29,8348.349313205083,8348.349313205083,8278.679727940209,8287.0498046875,2584200
3719,2010-10-28,8314.96014809434,8386.249845479882,8281.47983980862,8354.009765625,3361800
3720,2010-10-27,8369.709580831623,8372.479098707012,8285.690455328458,8291.0,2910600
3721,2010-10-26,8336.910186388957,8353.82026148732,8318.969842797364,8343.1904296875,3161600
3722,2010-10-25,8203.970222874059,8307.549801750356,8199.450713407881,8306.9404296875,3311400
3723,2010-10-22,8169.4721612957355,8173.992160021294,8148.222259109682,8168.0224609375,3782000
3724,2010-10-21,8135.532206495676,8171.452450561035,8109.752540541504,8131.1923828125,4223400
3725,2010-10-20,7993.393185222224,8131.152313347348,7992.773070904391,8124.58251953125,3668000
3726,2010-10-19,8044.862310902562,8074.64244518564,8018.272591399049,8046.1923828125,3176000
3727,2010-10-18,8209.351356485779,8209.351356485779,8057.082535483165,8060.50244140625,4396000
3728,2010-10-15,8216.830021665824,8242.729309348024,8184.250102520486,8205.259765625,4791800
3729,2010-10-14,8181.469891975588,8252.159977144107,8178.299985549614,8215.41015625,4537400
3730,2010-10-13,8116.652297233135,8143.152174329513,8067.832699434505,8106.62255859375,3692600
3731,2010-10-12,8176.662195758096,8180.352120016091,8058.55239308948,8090.1826171875,4025600
3732,2010-10-11,8277.742211277653,8277.742211277653,8165.162650808447,8176.72216796875,3743400
3733,2010-10-08,8306.279971695045,8309.869798010468,8231.979551297169,8244.150390625,4236200
3734,2010-10-07,8304.870015734406,8310.75963570519,8270.269597033557,8283.8798828125,5161200
3735,2010-10-06,8296.190370720504,8301.349525472227,8267.57039186213,8283.990234375,5662000
3736,2010-10-05,8217.820227393795,8217.820227393795,8155.2599859742095,8200.3896484375,4383800
3737,2010-10-04,8261.120044060784,8299.999738091421,8240.62990917643,8246.0595703125,5026400
3738,2010-10-01,8259.039966696577,8260.240156180154,8220.690543572055,8244.1396484375,3893000
3739,2010-09-30,8259.200091008102,8267.50962093261,8204.799964791786,8237.740234375,4496600
3740,2010-09-29,8241.61034786637,8286.889424748058,8218.710068504863,8240.849609375,5151200
3741,2010-09-28,8201.771915867379,8211.382223308829,8173.222242251814,8189.40234375,3635400
3742,2010-09-27,8239.0725355673,8240.822527535123,8189.342295070968,8191.50244140625,4624400
3743,2010-09-24,8182.122487050194,8190.92225122497,8129.172535510909,8166.58251953125,4142800
3744,2010-09-23,8201.639652637134,8223.179586556233,8154.930407983855,8202.5,4565800
3745,2010-09-21,8249.55931043661,8251.379614044461,8177.3599560978155,8196.3603515625,4656400
3746,2010-09-20,8174.8423406325965,8195.702596396372,8161.782342015638,8186.92236328125,4425800
3747,2010-09-17,8150.902377807438,8197.782532853043,8134.262317774742,8158.29248046875,5165000
3748,2010-09-16,8174.812151398172,8182.76182152824,8099.71240234375,8099.71240234375,4603800
3749,2010-09-15,8152.592336690406,8163.7822265625,8113.932846764894,8163.7822265625,4851200
3750,2010-09-14,8121.642628608666,8132.5625,8081.752676305187,8132.5625,4819400
3751,2010-09-13,7961.942983719945,8091.26220703125,7946.943053420099,8091.26220703125,5166600
3752,2010-09-10,7900.522900068583,7911.622945517995,7859.293113515866,7890.07275390625,4179400
3753,2010-09-09,7901.793639622588,7903.43376877801,7817.8340658580855,7835.50390625,4295800
3754,2010-09-08,7866.313406410809,7898.722923210203,7824.613405601742,7851.2734375,4209200
3755,2010-09-07,7914.342632331221,7922.03253754335,7876.632848882572,7884.36279296875,4480400
3756,2010-09-06,7879.663138843735,7902.522894620158,7841.793199750932,7890.9130859375,4269000
3757,2010-09-03,7770.894316517655,7830.173828125,7770.894316517655,7830.173828125,4494800
3758,2010-09-02,7764.764448177524,7780.494357020833,7715.274927432109,7720.78466796875,4080600
3759,2010-09-01,7643.574819997678,7679.394968274046,7625.685253577972,7668.21484375,3612200
3760,2010-08-31,7669.274657559472,7687.434729983377,7577.065122257129,7616.24462890625,4190400
3761,2010-08-30,7797.2238629661915,7806.87420915575,7737.244158676617,7741.16455078125,3380800
3762,2010-08-27,7702.554780002175,7722.875,7662.19510044719,7722.875,3458600
3763,2010-08-26,7743.2844230115215,7758.104667755447,7666.47471558095,7689.705078125,4425200
3764,2010-08-25,7889.5334767008735,7889.5334767008735,7736.9443359375,7736.9443359375,5725600
3765,2010-08-24,7983.582806952093,7990.452892033144,7940.60302734375,7940.60302734375,4714600
3766,2010-08-23,7938.173027062231,8013.082834779957,7924.063229429526,7975.89306640625,4635000
3767,2010-08-20,7915.123103751202,7941.572686965912,7904.972760642276,7927.27294921875,4005400
3768,2010-08-19,7925.442887287212,7948.692778471534,7886.693068646674,7928.90283203125,4969400
3769,2010-08-18,7978.482655302164,7984.532431657806,7897.14319247501,7924.06298828125,5324400
3770,2010-08-17,7962.66293803344,7973.112596170767,7931.052734375,7931.052734375,5046000
3771,2010-08-16,7884.242941864258,7941.18310546875,7850.093199103229,7941.18310546875,4424600
3772,2010-08-13,7845.943085523701,7906.312918826694,7830.423138973807,7891.54296875,4814200
3773,2010-08-12,7789.424014239717,7837.343714974489,7776.624268620587,7829.75390625,4390000
3774,2010-08-11,7923.532580695679,7956.862502157765,7869.483030060986,7894.99267578125,4870400
3775,2010-08-10,8054.2520758821365,8054.2520758821365,7975.342291568146,7976.70263671875,5258800
3776,2010-08-09,7974.632604149832,8040.902313568388,7971.152639965763,8034.45263671875,4990400
3777,2010-08-06,7938.052851854677,7963.2626953125,7922.253120795057,7963.2626953125,4304800
3778,2010-08-05,8010.032372499085,8018.702742116141,7921.942940620168,7936.81298828125,6156600
3779,2010-08-04,7960.26275284473,7978.123021274817,7938.88296954658,7972.623046875,4822400
3780,2010-08-03,7961.643047051198,7970.5429078908855,7915.7931632136215,7957.49267578125,5229600
3781,2010-08-02,7829.153218947932,7917.913056528259,7829.153218947932,7911.64306640625,5231200
3782,2010-07-30,7765.214334248576,7781.2044951805165,7731.154432092492,7760.59423828125,4154600
3783,2010-07-29,7778.704682394418,7799.534177038541,7738.444612493769,7798.95458984375,4541000
3784,2010-07-28,7736.5544200060185,7786.194329436063,7726.364525256744,7784.7744140625,4175400
3785,2010-07-27,7806.214087535963,7806.214087535963,7747.97412109375,7747.97412109375,3609200
3786,2010-07-26,7787.034181428526,7807.034089885003,7765.6446308952145,7787.41455078125,3916600
3787,2010-07-23,7746.994205796609,7781.984279473875,7739.0044963969285,7761.1845703125,4402800
3788,2010-07-22,7699.324555608266,7718.884524503629,7665.744631474563,7666.3046875,3409400
3789,2010-07-21,7742.444636187411,7752.76441329635,7678.264753387504,7701.2548828125,3832000
3790,2010-07-20,7678.855131539973,7730.844640631978,7638.455413364218,7711.99462890625,3555000
3791,2010-07-19,7602.6452362176,7666.5448448971865,7596.224855567566,7649.794921875,3152200
3792,2010-07-16,7717.204836533607,7719.014398545874,7660.724626851176,7664.53466796875,4754200
3793,2010-07-15,7699.4551010762525,7732.274775535907,7681.835064290548,7704.48486328125,3892600
3794,2010-07-14,7688.784785041906,7720.594698672151,7683.795061687224,7714.474609375,4078000
3795,2010-07-13,7664.674493310024,7671.444481513731,7587.835005128202,7597.384765625,3037600
3796,2010-07-12,7674.2244496441135,7705.074405332083,7636.774914951718,7639.5146484375,3604800
3797,2010-07-09,7644.074721467215,7652.514624073021,7599.804905455906,7647.21484375,3585200
3798,2010-07-08,7612.674786853226,7622.424741803917,7583.324824807397,7608.81494140625,4278000
3799,2010-07-07,7560.185428345512,7565.33530699325,7517.645585020564,7534.42529296875,3765400
3800,2010-07-06,7385.295681728477,7548.44482421875,7382.335734576683,7548.44482421875,4087000
3801,2010-07-05,7351.146403954186,7447.145962923587,7351.146403954186,7439.92578125,3403400
3802,2010-07-02,7284.976284391769,7378.736107384536,7284.976284391769,7330.70654296875,3677600
3803,2010-07-01,7326.856107053963,7327.3658703113615,7251.566417675263,7254.0263671875,3086400
3804,2010-06-30,7277.356684252356,7337.2860962695495,7255.056493792856,7329.33642578125,3332000
3805,2010-06-29,7554.745001350304,7584.775136522066,7423.53564453125,7423.53564453125,3366600
3806,2010-06-28,7507.115693675551,7536.575520369557,7489.515676219631,7500.755859375,3169800
3807,2010-06-25,7509.6858750644815,7537.335650973223,7463.255911595001,7474.67578125,3368200
3808,2010-06-24,7601.685003797017,7607.594644392279,7567.9249062677245,7589.85498046875,3013000
3809,2010-06-23,7576.254909983002,7615.404630799907,7549.944973381433,7582.11474609375,2991200
3810,2010-06-22,7630.6048975275435,7639.624875403286,7610.584970451092,7612.64501953125,2901200
3811,2010-06-21,7595.8952019982935,7645.674757954516,7562.215181289975,7635.52490234375,3884600
3812,2010-06-18,7538.515417726515,7538.515417726515,7459.896147442305,7493.07568359375,2359000
3813,2010-06-17,7503.085507613884,7534.025306303749,7481.6857039812685,7515.7451171875,3259000
3814,2010-06-15,7388.535944828769,7489.645832762027,7364.3060754636535,7454.02587890625,2928800
3815,2010-06-14,7372.896063041626,7393.375948754529,7347.195986637626,7387.36572265625,2681000
3816,2010-06-11,7302.93650737536,7321.566304200081,7273.666622942327,7299.45654296875,3280800
3817,2010-06-10,7134.127173237345,7182.957025608641,7085.307086445901,7181.73681640625,2467200
3818,2010-06-09,7166.157778910776,7193.007756061409,7048.568462914415,7071.63818359375,3194200
3819,2010-06-08,7142.277388029344,7179.107297685119,7128.88731256015,7151.95751953125,2772200
3820,2010-06-07,7139.727133371566,7172.267023709903,7085.517420200552,7157.79736328125,2801400
3821,2010-06-04,7377.526215945167,7377.526215945167,7337.316439460462,7344.55615234375,2484600
3822,2010-06-03,7322.4762471096055,7361.666497404375,7309.4265021571,7360.24609375,2820800
3823,2010-06-02,7252.756572553209,7304.0961794060495,7159.7169628048505,7195.6767578125,2794200
3824,2010-06-01,7326.975900062601,7348.526093425534,7276.486387333306,7289.29638671875,2518000
3825,2010-05-31,7312.225872021496,7373.94580078125,7292.506236863379,7373.94580078125,2443000
3826,2010-05-28,7338.736127462354,7363.975756993354,7271.266224211032,7295.2861328125,3575800
3827,2010-05-27,7139.417467600817,7254.646919847719,7105.0772929879195,7243.126953125,3097400
3828,2010-05-26,7161.36721465923,7174.3471358818115,7079.8177821998315,7167.3173828125,3536200
3829,2010-05-25,7238.127239394571,7241.80691016052,7032.36792122066,7086.337890625,3914000
3830,2010-05-24,7296.116333230717,7344.886128374267,7269.776610668632,7322.6962890625,2518600
3831,2010-05-21,7229.136757927584,7277.896788145289,7164.177094995076,7237.6767578125,3918400
3832,2010-05-20,7557.135131096422,7557.135131096422,7424.39599609375,7424.39599609375,3058800
3833,2010-05-19,7527.585107624364,7588.0545529533965,7467.1654667512,7559.125,3417800
3834,2010-05-18,7630.064733766428,7637.954833916074,7560.855093602365,7585.2646484375,2829800
3835,2010-05-17,7697.754424455907,7697.754424455907,7574.025016436464,7598.68505859375,3083600
3836,2010-05-14,7735.56462065785,7772.504392650192,7725.784392074626,7772.09423828125,2810200
3837,2010-05-13,7703.444643686621,7787.284102853251,7687.514540978988,7770.5341796875,3779600
3838,2010-05-12,7663.304407091384,7674.484531173494,7596.174834699508,7602.6650390625,2929200
3839,2010-05-11,7718.134258596667,7743.374376344343,7608.40478515625,7608.40478515625,3875600
3840,2010-05-10,7610.844973559785,7664.69482421875,7577.275303317644,7664.69482421875,3267400
3841,2010-05-07,7393.2356708843745,7572.754856377406,7387.155621007018,7567.06494140625,4756000
3842,2010-05-06,7696.234321568649,7702.074138231434,7561.994709846292,7579.44482421875,4090600
3843,2010-05-05,7759.144735060763,7785.514243521473,7695.65479068285,7696.86474609375,4732200
3844,2010-05-04,8006.752573977348,8010.942495778174,7889.893257502585,7930.73291015625,3672800
3845,2010-05-03,7979.762566375658,8022.4127579695305,7916.003098290206,7952.1328125,3430400
3846,2010-04-30,8116.352012316545,8163.901593652549,7999.2422108461515,8004.21240234375,5150600
3847,2010-04-29,8105.922120955928,8107.322016764699,8052.98242668221,8054.01220703125,4648600
3848,2010-04-28,7944.663234319352,8092.442331962229,7944.663234319352,8081.51220703125,4334800
3849,2010-04-27,8174.812368880726,8174.812368880726,8121.1026558268,8146.40234375,3716000
3850,2010-04-26,8107.182851857375,8168.432569580237,8093.102838621911,8158.1025390625,4437400
3851,2010-04-23,8021.672284281293,8030.07214717208,7996.732460013858,8004.8525390625,4027600
3852,2010-04-22,7948.852679486908,7985.452604674006,7897.10292334633,7978.65234375,3692800
3853,2010-04-21,7949.922554173511,7998.722129244412,7947.862505272908,7990.4921875,3901200
3854,2010-04-20,7908.0727177855215,7923.232802826152,7842.032988922302,7900.3828125,3753600
3855,2010-04-19,8002.982704643406,8042.012307819347,7845.733437837388,7854.18359375,5187400
3856,2010-04-16,8161.812266947647,8162.812262312582,8090.642674949886,8111.5322265625,4369400
3857,2010-04-15,8168.072283246514,8189.9720848326715,8136.282390444385,8171.90234375,5190600
3858,2010-04-14,8077.902432855254,8102.342260778761,8039.972433196375,8097.09228515625,3749000
3859,2010-04-13,8090.502156674922,8104.102190651347,8022.9023755430435,8029.6923828125,4054200
3860,2010-04-12,8149.722019714349,8152.492026416152,8092.902458658695,8117.71240234375,4184800
3861,2010-04-09,8073.482507876142,8094.31248921923,8039.372803078109,8091.9921875,3819000
3862,2010-04-08,8105.962176504435,8149.642148469137,8038.332609260473,8057.5625,5082800
3863,2010-04-07,8131.362260153683,8133.412543631138,8091.2423286917765,8121.7421875,4172600
3864,2010-04-06,8082.992218267819,8128.042301859718,8082.332553364959,8089.6123046875,4339600
3865,2010-04-02,8046.252346029998,8050.9525193243235,8021.8725774256245,8025.892578125,3764600
3866,2010-04-01,7952.582803257008,8026.022400080866,7952.582803257008,8013.05224609375,4758600
3867,2010-03-31,7962.872846101226,7974.8527704378785,7920.02294921875,7920.02294921875,3841600
3868,2010-03-30,7992.082868458569,7994.582856806865,7942.433197517216,7962.18310546875,3880200
3869,2010-03-29,7918.91321901379,7961.102963420711,7909.0231284754855,7947.4130859375,3972800
3870,2010-03-26,7808.113600696323,7909.373383823441,7770.383795641784,7876.8232421875,3781000
3871,2010-03-25,7824.704163150057,7856.2738418352565,7753.4740227649845,7838.06396484375,3696800
3872,2010-03-24,7875.233643945753,7881.3337134258745,7822.673828125,7822.673828125,4041400
3873,2010-03-23,7880.0841612405175,7889.004042415092,7804.364291898103,7811.83447265625,4063400
3874,2010-03-22,7861.863650010822,7872.743482654643,7791.214073443769,7835.94384765625,3768800
3875,2010-03-19,7898.97265108334,7898.97265108334,7859.253111149226,7897.873046875,4037000
3876,2010-03-18,7861.233028122952,7922.442701035407,7847.512877840027,7886.302734375,4674600
3877,2010-03-17,7763.394431605467,7849.343742909394,7762.814356151247,7847.8037109375,3959000
3878,2010-03-16,7671.375110643933,7695.7749015206455,7645.1349961432325,7695.5947265625,2343400
3879,2010-03-15,7750.834427025672,7766.324101794327,7634.884765625,7634.884765625,2705800
3880,2010-03-12,7773.484259119075,7773.484259119075,7726.05430153018,7748.29443359375,2575400
3881,2010-03-11,7817.553886776421,7818.803881027051,7749.364259009537,7749.62451171875,3106000
3882,2010-03-10,7797.664465461991,7803.234264159243,7736.664744970157,7779.04443359375,2974000
3883,2010-03-09,7762.364295380642,7770.55419921875,7737.614408911554,7770.55419921875,2978600
3884,2010-03-08,7741.764254155971,7763.7241142528,7716.244351813266,7762.234375,3455000
3885,2010-03-05,7659.7246391829685,7694.854849174414,7617.965065061622,7666.224609375,3218800
3886,2010-03-04,7663.964406258164,7663.964406258164,7524.154996981107,7569.7646484375,3480400
3887,2010-03-03,7628.7446323171935,7670.214656069337,7604.824820663381,7629.48486328125,3005000
3888,2010-03-02,7649.584720319389,7664.454768698822,7592.625022951085,7597.5849609375,3158200
3889,2010-03-01,7492.80508143259,7620.524703730557,7451.055275127742,7577.71484375,3501600
3890,2010-02-26,7451.135672919755,7479.245406995329,7383.6462370394775,7436.06591796875,2737400
3891,2010-02-25,7568.385091173184,7568.385091173184,7400.385864327683,7426.92578125,3420800
3892,2010-02-24,7516.43560764885,7585.15501781324,7515.345280637687,7529.63525390625,2858200
3893,2010-02-23,7575.585061906142,7597.40478515625,7502.415478616256,7597.40478515625,2992800
3894,2010-02-22,7619.834682711304,7619.834682711304,7553.254914201843,7560.0048828125,3187400
3895,2010-02-10,7438.085954584363,7496.305413749002,7404.936204495072,7441.8056640625,3984400
3896,2010-02-09,7225.676888935657,7381.786037703632,7197.0969416213875,7361.00634765625,3730000
3897,2010-02-08,7236.596584208521,7253.206859340206,7173.147169134536,7215.8466796875,3033600
3898,2010-02-05,7323.126468590492,7352.946155633478,7196.357032220768,7217.796875,4614600
3899,2010-02-04,7563.155176219221,7578.1453416896575,7504.925463412156,7542.00537109375,2813800
3900,2010-02-03,7523.754995482066,7550.784654741601,7441.885259621267,7547.94482421875,3152400
3901,2010-02-02,7633.705115592121,7635.694852532107,7398.76576674071,7429.57568359375,3759800
3902,2010-02-01,7653.854873401311,7661.664896012238,7493.775532803831,7524.63525390625,3222400
3903,2010-01-29,7593.344943101756,7649.694781472136,7481.865475590125,7640.40478515625,3949400
3904,2010-01-28,7630.125294332225,7756.734579137722,7607.5252999349805,7694.544921875,3931200
3905,2010-01-27,7639.684688010994,7656.914588355523,7530.3751377395465,7559.99462890625,3986200
3906,2010-01-26,7902.993221419461,7922.033172392331,7572.545043229231,7598.77490234375,5680000
3907,2010-01-25,7845.26331239536,7938.103212581224,7828.303430346859,7872.95361328125,3663800
3908,2010-01-22,7986.392789652777,8015.91267099472,7912.813055971313,7927.27294921875,4907200
3909,2010-01-21,8189.462117258098,8208.171991647627,8107.512301028339,8127.83251953125,4596800
3910,2010-01-20,8309.149960761528,8309.149960761528,8191.400045970059,8220.8896484375,5009800
3911,2010-01-19,8387.619444157719,8395.348898827748,8227.259870953581,8248.9599609375,5582400
3912,2010-01-18,8290.340071563776,8367.610208315426,8290.340071563776,8337.7802734375,5100400
3913,2010-01-15,8340.559648360424,8380.190317858267,8325.780422295165,8356.849609375,5643400
3914,2010-01-14,8245.820525591953,8313.90027490285,8237.630135462705,8289.9404296875,4837200
3915,2010-01-13,8229.209801249262,8257.789739764525,8194.769539798508,8196.51953125,4925600
3916,2010-01-12,8343.690264120647,8356.929458139206,8262.540264522346,8309.330078125,5246000
3917,2010-01-11,8291.479647560027,8357.860187631237,8281.679890011339,8323.7802734375,5857000
3918,2010-01-08,8266.830145962913,8290.620069997962,8178.890629755933,8280.8603515625,5764400
3919,2010-01-07,8344.519010483653,8369.509123390333,8233.549823304098,8237.3798828125,7133000
3920,2010-01-06,8237.060005533634,8327.830076923005,8216.880415057243,8327.580078125,6421600
3921,2010-01-05,8277.669598547322,8283.599257133967,8162.5002382447055,8211.3603515625,6762000
3922,2010-01-04,8222.379811736435,8240.409997219685,8143.410470399538,8207.8095703125,6429400
3923,2009-12-31,8155.1324754703355,8188.76220386322,8138.542707896553,8188.072265625,5857800
3924,2009-12-30,8078.872713250625,8118.592255725709,8060.2927212379645,8112.2421875,5184200
3925,2009-12-29,8087.972008407879,8087.972008407879,8031.452741007735,8053.79248046875,4764000
3926,2009-12-28,8007.502674482582,8079.5824162693525,8007.502674482582,8057.45263671875,5306400
3927,2009-12-25,8007.462728131493,8008.962721149564,7965.3330414175825,7972.552734375,4429400
3928,2009-12-24,7935.302865785356,7988.112678289017,7928.052899569699,7963.5029296875,4802600
3929,2009-12-23,7892.712931719353,7910.842729384904,7873.183238284691,7901.462890625,4158200
3930,2009-12-22,7850.013211330851,7871.5531499835,7823.303374903023,7855.96337890625,3844600
3931,2009-12-21,7797.614210300849,7827.104309690729,7787.234375,7787.234375,3749600
3932,2009-12-18,7690.4045873680825,7753.59423828125,7687.964657178587,7753.59423828125,3473600
3933,2009-12-17,7804.664262895256,7836.394097280893,7728.84429946787,7742.13427734375,4446200
3934,2009-12-16,7801.263931619853,7801.263931619853,7724.544557841121,7751.564453125,3958400
3935,2009-12-15,7838.493999511497,7846.743961847346,7792.524482816963,7807.58447265625,4637400
3936,2009-12-14,7793.104610665173,7841.474019072112,7770.164773833661,7819.09423828125,4857800
3937,2009-12-11,7709.924705588291,7795.0341796875,7700.724552345542,7795.0341796875,4659000
3938,2009-12-10,7822.624337206728,7829.374306299271,7631.025116864851,7677.875,5702200
3939,2009-12-09,7747.564680867548,7797.38427734375,7742.884526480897,7797.38427734375,4522800
3940,2009-12-08,7802.234221019151,7802.234221019151,7730.974294070447,7768.67431640625,4230200
3941,2009-12-07,7704.654622119791,7783.164516124973,7704.654622119791,7775.6044921875,4278400
3942,2009-12-04,7685.104823180568,7707.074448791262,7650.734863925184,7650.875,3648400
3943,2009-12-03,7733.4743859398,7737.994384792617,7658.47472905392,7684.634765625,3625600
3944,2009-12-02,7715.604806372963,7741.814647293593,7671.955103904546,7677.5849609375,4569600
3945,2009-12-01,7615.915192018085,7659.784619297289,7548.975069992204,7649.19482421875,4044400
3946,2009-11-30,7582.654782930736,7604.514544854886,7569.205138261418,7582.1748046875,3368600
3947,2009-11-27,7614.375413054018,7633.465169700465,7490.8759765625,7490.8759765625,5113000
3948,2009-11-26,7795.22386271374,7817.963992353216,7733.714380386504,7739.12451171875,4478000
3949,2009-11-25,7718.744313097348,7784.2440120886495,7716.324402343226,7756.2744140625,4332400
3950,2009-11-24,7723.0946875087,7735.874902704838,7696.065025530685,7714.52490234375,3854600
3951,2009-11-23,7694.864710650062,7714.664913064568,7671.504954202321,7687.11474609375,3229800
3952,2009-11-20,7741.684789761563,7741.684789761563,7649.154939730289,7682.93505859375,4312200
3953,2009-11-19,7767.944299190466,7797.374339787756,7751.024455035084,7759.9443359375,4462200
3954,2009-11-18,7766.644531294819,7803.324050456662,7737.554332771055,7766.654296875,4668200
3955,2009-11-17,7875.444177439417,7875.444177439417,7733.1748046875,7733.1748046875,5580800
3956,2009-11-16,7701.934985229315,7792.64453125,7699.284606727478,7792.64453125,4253800
3957,2009-11-13,7651.094793062661,7695.074571829631,7639.53478748586,7665.5947265625,3472400
3958,2009-11-12,7682.714789579164,7709.854801913334,7658.564997915604,7670.89501953125,4008400
3959,2009-11-11,7603.645314697856,7670.724596997479,7555.795436423037,7668.02490234375,3483200
3960,2009-11-10,7613.304595600517,7614.504785356367,7576.244708586982,7593.455078125,3245200
3961,2009-11-09,7562.555056691795,7562.555056691795,7512.465443349412,7536.66552734375,2950400
3962,2009-11-06,7516.3654783205275,7520.97532048927,7450.646052744859,7463.015625,3327200
3963,2009-11-05,7471.575434070766,7481.545602971723,7412.70607643602,7417.42578125,3193400
3964,2009-11-04,7375.786062083375,7467.005859375,7365.22605182732,7467.005859375,3706800
3965,2009-11-03,7339.326096285138,7368.245885105089,7314.936560059763,7322.896484375,2929000
3966,2009-11-02,7238.266558264994,7336.616204186861,7218.856979447294,7335.146484375,3131000
3967,2009-10-30,7428.686116573975,7433.1758420595215,7340.04638671875,7340.04638671875,3621000
3968,2009-10-29,7417.09590999172,7426.43619924127,7233.596750480253,7355.65625,5153800
3969,2009-10-28,7637.404797222607,7675.114584635235,7533.91552734375,7533.91552734375,3735200
3970,2009-10-27,7635.0547896538255,7657.3046875,7586.494954008201,7657.3046875,3260600
3971,2009-10-26,7701.154634828304,7751.644637727725,7658.185105263152,7668.36474609375,3758000
3972,2009-10-23,7651.604969620525,7671.8748959903405,7614.715002449615,7649.24462890625,3945200
3973,2009-10-22,7692.71445179754,7710.784192515621,7577.855119283789,7607.89501953125,4868600
3974,2009-10-21,7751.71461436591,7774.364413316084,7675.574825216035,7701.46484375,4621000
3975,2009-10-20,7807.9938900323605,7811.88400886735,7753.484375,7753.484375,4478600
3976,2009-10-19,7712.294612888535,7758.094206965119,7691.174592822132,7751.2841796875,4011000
3977,2009-10-16,7711.9946428970825,7738.004778279532,7691.3550885105515,7715.06494140625,4219000
3978,2009-10-15,7778.314631581327,7780.624679642161,7692.545003126064,7710.36474609375,6033800
3979,2009-10-14,7649.034881216313,7700.384744291545,7618.755234386243,7695.71484375,5239000
3980,2009-10-13,7484.425323660018,7607.374949972209,7471.495207718234,7596.56494140625,4785600
3981,2009-10-12,7620.1346717654,7620.1346717654,7537.165329012183,7599.8447265625,4193400
3982,2009-10-09,7572.754878958486,7597.754762884675,7506.735165955048,7571.9248046875,4741200
3983,2009-10-08,7615.575172036557,7635.625373670584,7500.285658152608,7503.27587890625,5664000
3984,2009-10-07,7617.754840627354,7618.994580992786,7562.864957531624,7608.625,5540000
3985,2009-10-06,7479.4753577564825,7566.845073016637,7447.505778263801,7536.01513671875,4920600
3986,2009-10-05,7424.206117825641,7437.94580078125,7380.986101591385,7437.94580078125,3274000
3987,2009-10-02,7415.125961435606,7483.395666141472,7391.5957965073385,7411.845703125,4034400
3988,2009-10-01,7581.344558406794,7599.58470779391,7492.585206345818,7545.2548828125,4968000
3989,2009-09-30,7456.535883952507,7534.515509477716,7443.846000307399,7509.1357421875,4198800
3990,2009-09-29,7385.805867117701,7436.255830347219,7378.936269813389,7429.94580078125,3576200
3991,2009-09-28,7332.456321521471,7354.7657886519455,7257.596316188977,7284.576171875,2706200
3992,2009-09-25,7298.336640675511,7361.896407728955,7284.296666012532,7345.1865234375,3383600
3993,2009-09-24,7372.075951582661,7386.956254226718,7280.006550885018,7324.1865234375,3257400
3994,2009-09-23,7493.945257649789,7534.625244942361,7352.195914438251,7376.7255859375,4639400
3995,2009-09-22,7522.795652237223,7526.195539022379,7463.37600227898,7468.99560546875,4144200
3996,2009-09-21,7522.965726736244,7558.845446087267,7438.9958944437785,7502.42578125,4405600
3997,2009-09-18,7463.35575966914,7526.51513671875,7434.795832625601,7526.51513671875,4007200
3998,2009-09-17,7502.655645657209,7513.695634254287,7451.265743849303,7477.265625,5246000
3999,2009-09-16,7414.925897384938,7457.365643826525,7391.805886408845,7440.2060546875,4713200
4000,2009-09-15,7269.866561138998,7362.126391921401,7252.296817498951,7346.22607421875,3504400
4001,2009-09-14,7337.0059758279485,7350.885794201152,7218.146664370238,7256.91650390625,3366800
4002,2009-09-11,7299.976244717663,7355.926183112519,7295.8165958496875,7337.1064453125,3511000
4003,2009-09-10,7507.455736947161,7507.455736947161,7286.786340786442,7332.04638671875,5713400
4004,2009-09-09,7344.225639575168,7363.075649642009,7250.6865234375,7250.6865234375,4678400
4005,2009-09-08,7263.196522886211,7350.8460214765555,7202.6567626973465,7313.95654296875,5261400
4006,2009-09-07,7192.127102166952,7240.306568240377,7169.3669528633945,7224.556640625,4238800
4007,2009-09-04,7167.207454997549,7178.507208005385,7121.177392079531,7153.09716796875,4596200
4008,2009-09-03,7060.6281292241865,7131.277711101267,7011.328059880668,7104.61767578125,4667200
4009,2009-09-02,6966.148769274356,7056.977949619633,6960.978382428516,7039.73828125,4190000
4010,2009-09-01,6834.598981511818,7019.71826171875,6807.589338005631,7019.71826171875,4414000
4011,2009-08-31,6844.878819449076,6848.9286055960965,6760.018856387212,6825.9189453125,3066000
4012,2009-08-28,6727.389050186481,6824.618584473232,6711.129359176478,6809.82861328125,3223200
4013,2009-08-27,6678.2090428034535,6753.69843631273,6658.698880022329,6690.71875,3009200
4014,2009-08-26,6816.388219766598,6827.858381264164,6663.8088512678,6719.1787109375,3765600
4015,2009-08-25,6840.23862790801,6865.888412538268,6800.31888923501,6809.37890625,2951200
4016,2009-08-24,6766.728359150449,6859.758200807745,6762.6487882412475,6838.21826171875,3082400
4017,2009-08-21,6785.66882850853,6824.618355495306,6629.069454734035,6654.76904296875,3871400
4018,2009-08-20,6784.878666394017,6784.878666394017,6647.28897294156,6733.19873046875,3529000
4019,2009-08-19,6843.658437717966,6854.558289885988,6786.758797302621,6788.548828125,2661000
4020,2009-08-18,6843.238523296842,6904.608358027624,6746.268754759698,6789.73876953125,4096400
4021,2009-08-17,7034.237812074809,7051.7474975287305,6931.76806640625,6931.76806640625,3537400
4022,2009-08-14,7091.787985777384,7132.29805781447,7062.458527607654,7069.47802734375,4547600
4023,2009-08-13,6949.468647272085,7037.438465237468,6931.518532942043,7034.92822265625,4410000
4024,2009-08-12,6878.308200054978,6933.477868121615,6864.878574338046,6898.8681640625,3640000
4025,2009-08-11,6904.41847802386,6921.818300436883,6812.028765721907,6908.98828125,3696000
4026,2009-08-10,6858.838489575017,6909.1282967401585,6836.9284343571,6882.83837890625,3538400
4027,2009-08-06,6886.668373625445,6888.058015641734,6775.838807618,6868.6181640625,5078400
4028,2009-08-05,6979.697632796124,7013.567593012012,6827.128515664716,6848.20849609375,4982800
4029,2009-08-04,7129.397645579239,7138.90736781303,6921.008459704116,6955.83837890625,6550000
4030,2009-08-03,7036.438567592847,7084.5579800761,6986.258617502115,7056.67822265625,5150200
4031,2009-07-31,7111.117523520933,7132.077389022552,7044.66811905162,7077.677734375,5679600
4032,2009-07-30,7063.438312339215,7068.398250874812,6944.468634830189,7027.078125,5035400
4033,2009-07-29,7185.487329425494,7185.487329425494,7070.6880470130345,7083.59765625,5961400
4034,2009-07-28,7038.697741509811,7142.59716796875,7038.697741509811,7142.59716796875,5615400
4035,2009-07-27,7008.148528942922,7059.428082535053,6954.268401156757,7028.3984375,4144400
4036,2009-07-24,7046.427889582995,7046.427889582995,6950.888285362738,6973.248046875,5299200
4037,2009-07-23,6987.758269364511,7023.6379890506105,6926.238529531482,6980.84814453125,5020600
4038,2009-07-22,6979.378444819733,7030.097940933666,6955.3385149848045,6985.2880859375,5753600
4039,2009-07-21,6995.468069280162,7002.287862370059,6904.84836572508,6953.30810546875,5426600
4040,2009-07-20,6921.6084772003705,6961.418353703279,6860.9886372887295,6938.828125,5191200
4041,2009-07-17,6851.928218163841,6870.5482490907425,6791.71853615838,6850.95849609375,4515600
4042,2009-07-16,6863.828228157892,6878.64847235195,6770.47856074671,6780.2685546875,5189000
4043,2009-07-15,6672.248842714161,6774.248369693065,6651.829015535766,6738.56884765625,4834400
4044,2009-07-14,6584.869393181938,6657.139077871694,6568.879721171888,6639.37939453125,3484400
4045,2009-07-13,6795.198481365169,6797.688704196756,6525.869651712414,6530.78955078125,4624600
4046,2009-07-10,6807.428537373634,6807.428537373634,6739.018696908218,6769.82861328125,3974800
4047,2009-07-09,6696.689203148558,6803.798570417084,6696.689203148558,6748.14892578125,5196000
4048,2009-07-08,6667.949219488839,6692.728890330038,6629.799493139675,6668.109375,4213200
4049,2009-07-07,6675.778991993154,6745.278668567424,6656.859158164047,6715.18896484375,4519000
4050,2009-07-06,6690.989067643005,6693.408978323725,6615.8692979525185,6649.87939453125,3910000
4051,2009-07-03,6632.9493683723085,6685.248931689162,6607.589622130245,6665.369140625,4293000
4052,2009-07-02,6613.689701384088,6686.669345147986,6600.879701891599,6667.4990234375,5084600
4053,2009-07-01,6445.820436777162,6593.749443571824,6433.660336482687,6578.93994140625,3790000
4054,2009-06-30,6485.300046756841,6503.949862739207,6381.3903716795985,6432.13037109375,3719800
4055,2009-06-29,6512.389571554963,6522.099487240403,6391.1201171875,6391.1201171875,3634600
4056,2009-06-26,6515.610111568866,6527.82978182084,6460.88038330494,6463.5302734375,4081400
4057,2009-06-25,6427.8502347831645,6497.349914220541,6404.350343174843,6457.580078125,4859200
4058,2009-06-24,6230.730677564834,6511.939813963515,6191.600977428674,6380.05029296875,5013200
4059,2009-06-23,6206.281208908481,6262.260929157422,6197.44140625,6197.44140625,3407200
4060,2009-06-22,6256.350496109723,6348.71041384847,6193.060754325457,6341.18017578125,3511800
4061,2009-06-19,6187.94160588347,6231.851070843818,6151.481325233008,6231.12109375,3203200
4062,2009-06-18,6246.820809334284,6279.330422537428,6100.051477933454,6144.5009765625,3694000
4063,2009-06-17,6239.480754309874,6306.430638329774,6191.551289664444,6195.88134765625,3744200
4064,2009-06-16,6220.5112317192115,6257.100906021513,6143.211785007385,6220.78125,4067200
4065,2009-06-15,6362.190773859197,6383.95043879153,6188.67155728667,6225.53125,4354600
4066,2009-06-12,6552.549810962995,6586.169772855096,6443.830098311101,6448.2001953125,4737200
4067,2009-06-11,6458.590345052085,6567.33984375,6353.750496300623,6567.33984375,4319400
4068,2009-06-10,6478.430101160423,6512.19019946277,6389.9104896255285,6462.240234375,4270400
4069,2009-06-09,6636.809025650768,6640.40910659,6394.310151697085,6414.3603515625,5955800
4070,2009-06-08,6907.287766224187,6907.287766224187,6627.9892578125,6627.9892578125,5640800
4071,2009-06-05,6825.698459720008,6829.628617351978,6743.118762944095,6767.06884765625,4586200
4072,2009-06-04,6887.848163929307,6907.838306248708,6716.299149233548,6786.02880859375,5706000
4073,2009-06-03,6914.968161068759,6931.258125126569,6847.728236289883,6893.1083984375,5761400
4074,2009-06-02,7058.087880891637,7084.797719837701,6899.948466440594,6949.04833984375,8740600
4075,2009-06-01,7033.297978240757,7033.297978240757,6892.658483398907,6954.068359375,7423000
4076,2009-05-27,6800.528734311174,6930.55792053297,6743.359075768425,6890.408203125,8228800
4077,2009-05-26,6780.338412401779,6830.208296398266,6649.919100366007,6683.07861328125,8110400
4078,2009-05-25,6838.668461605218,6878.628237116004,6708.158813307356,6734.4287109375,7459200
4079,2009-05-22,6650.47891814345,6781.108683326059,6650.47891814345,6737.2587890625,7378800
4080,2009-05-21,6690.818977701418,6746.06872072697,6650.29914663369,6718.77880859375,7550800
4081,2009-05-20,6708.508766127495,6740.718576913097,6590.759315038,6703.5888671875,7998600
4082,2009-05-19,6750.008840800872,6784.228409201943,6620.499185482891,6655.55908203125,8821200
4083,2009-05-18,6516.099893249258,6577.77978515625,6457.110418647444,6577.77978515625,6952000
4084,2009-05-15,6446.369828066888,6520.009621233595,6427.599896103082,6489.0595703125,6753200
4085,2009-05-14,6362.740240926728,6435.380037680039,6339.4405452853935,6364.14013671875,6386600
4086,2009-05-13,6449.430339654286,6512.039915378981,6435.4606772523875,6485.1103515625,6229200
4087,2009-05-12,6550.2494548653385,6553.659595325015,6404.900518514404,6432.52001953125,6936000
4088,2009-05-11,6581.669738086429,6680.939298239504,6571.379746641724,6647.46923828125,7872200
4089,2009-05-08,6510.190280057481,6587.589826507043,6483.180150347671,6583.83984375,7952800
4090,2009-05-07,6603.489604925906,6628.509509219523,6455.200248860202,6572.83984375,10118400
4091,2009-05-06,6389.520347938918,6570.469709044852,6372.91056123154,6566.669921875,9475600
4092,2009-05-05,6557.719384726159,6562.739380821127,6326.730228743791,6379.91015625,9164800
4093,2009-05-04,6285.5705232875025,6356.260132090602,6256.2606026004705,6330.3701171875,6844800
4094,2009-04-30,5964.002085677023,5995.0922733116095,5932.002234298571,5992.5419921875,5619800
4095,2009-04-29,5627.514587471795,5649.214684641148,5571.904975696437,5614.03466796875,5284400
4096,2009-04-28,5744.74395729459,5773.503592445469,5596.70458984375,5596.70458984375,5991400
4097,2009-04-27,5931.843717086738,5946.943747539207,5672.22475535226,5705.0244140625,6312600
4098,2009-04-24,5913.102879567303,5987.202638833708,5824.393323737906,5880.7431640625,6519600
4099,2009-04-23,5900.42322461011,5903.443230336981,5789.24355702863,5875.21337890625,6048800
4100,2009-04-22,5887.453118748818,5925.892884772232,5856.103164127881,5886.0830078125,6273800
4101,2009-04-21,5665.914069809304,5881.38330078125,5663.534197863733,5881.38330078125,5742200
4102,2009-04-20,5764.454178461548,5797.603932425214,5648.074816569336,5781.63427734375,6013800
4103,2009-04-17,6068.52251762137,6071.032760240332,5706.004128151348,5755.35400390625,10438800
4104,2009-04-16,6009.642031832989,6025.822132524294,5965.452295506109,5997.14208984375,7799200
4105,2009-04-15,5879.8329864663065,5904.252796717946,5798.593611719098,5875.1630859375,6486200
4106,2009-04-14,5814.393423071764,5898.732882448954,5765.783781326491,5892.6533203125,6466800
4107,2009-04-13,5814.143265703743,5861.0829919048765,5784.073579345839,5857.61328125,7212600
4108,2009-04-10,5784.874010278905,5788.184054057489,5696.534561920529,5781.93408203125,7954400
4109,2009-04-09,5532.965447670281,5667.7744140625,5526.105126840802,5667.7744140625,7002600
4110,2009-04-08,5534.554759397158,5608.934301948249,5435.015175694797,5443.53515625,7470600
4111,2009-04-07,5497.855333094946,5576.8251953125,5484.865645004391,5576.8251953125,5954800
4112,2009-04-06,5590.675138433419,5624.2545777772875,5521.855134378192,5556.1953125,7273200
4113,2009-04-03,5541.314888671171,5567.124831030929,5482.1554871243,5529.60498046875,8533200
4114,2009-04-02,5428.8952236161385,5477.9452934361125,5401.275232083246,5473.7548828125,7837800
4115,2009-03-31,5214.9360162385665,5286.425922363273,5194.906323049882,5210.81591796875,5029000
4116,2009-03-30,5362.875255716318,5362.875255716318,5166.846371466885,5206.02587890625,6138600
4117,2009-03-27,5468.464972680104,5468.464972680104,5367.965436939932,5390.67529296875,7301000
4118,2009-03-26,5374.745658905962,5422.925616315225,5335.325915697946,5386.53564453125,7339800
4119,2009-03-25,5248.7562961487865,5365.786045859806,5226.466845116325,5346.35595703125,7001400
4120,2009-03-24,5237.7558794587785,5264.9159117473855,5205.916181028685,5242.15625,6609200
4121,2009-03-23,5022.576646171891,5124.15625,5015.79640439279,5124.15625,4549600
4122,2009-03-20,5060.226594583737,5069.396474044659,4961.59716796875,4961.59716796875,5149600
4123,2009-03-19,5090.476308528994,5125.376048446651,5035.796387232333,5035.90673828125,6125000
4124,2009-03-18,5074.606319524847,5083.526199981519,5021.456663974748,5047.5166015625,5605000
4125,2009-03-17,4998.876662381501,5050.606402356779,4954.476966453577,5041.36669921875,5435200
4126,2009-03-16,4940.827289095604,4991.56680095829,4915.37721126943,4971.296875,5243200
4127,2009-03-13,4844.947994320135,4923.547243213151,4830.1477692300805,4897.36767578125,5976000
4128,2009-03-12,4782.188352029538,4794.918274976561,4743.738330458204,4754.62841796875,4327000
4129,2009-03-11,4789.778185628511,4798.038402251592,4747.868706821651,4759.9384765625,5713200
4130,2009-03-10,4605.899218404221,4688.608807562947,4605.899218404221,4670.9990234375,4484400
4131,2009-03-09,4643.59905132264,4660.108742050796,4578.029036283523,4628.21923828125,3938200
4132,2009-03-06,4604.819067785538,4662.338827799862,4597.869392109747,4653.60888671875,4139200
4133,2009-03-05,4628.519082179792,4677.868956391025,4598.778982461206,4637.17919921875,5018400
4134,2009-03-04,4442.689421204014,4549.958944799758,4429.489286919242,4541.39892578125,4128200
4135,2009-03-03,4364.350417988109,4435.31982421875,4328.030269424957,4435.31982421875,3511000
4136,2009-03-02,4528.249536629384,4528.249536629384,4408.489824439401,4425.81005859375,3906800
4137,2009-02-27,4523.539217258022,4564.298795091118,4507.36936988248,4557.12890625,3303400
4138,2009-02-26,4548.5091413239725,4556.799142761529,4492.679804866865,4518.53955078125,3066200
4139,2009-02-25,4498.889624843838,4549.2990627610125,4488.04934228396,4493.7197265625,3580600
4140,2009-02-24,4407.930276236259,4452.93983846673,4394.739906154962,4430.16015625,2839200
4141,2009-02-23,4420.409930624595,4485.3393207527015,4371.000000668489,4477.75927734375,2863800
4142,2009-02-20,4483.889924788524,4513.969867191817,4436.919921875,4436.919921875,3045400
4143,2009-02-19,4475.139409158616,4571.288865746072,4433.409622152377,4528.84912109375,3394200
4144,2009-02-18,4455.72968649018,4520.649312398964,4428.269850741074,4498.349609375,3217000
4145,2009-02-17,4572.949336345645,4585.2588504571795,4475.1494898970195,4491.75927734375,3134600
4146,2009-02-16,4605.748957081278,4607.949142332159,4575.959054250332,4591.23876953125,3384600
4147,2009-02-13,4504.689366204206,4599.588834682469,4504.689366204206,4592.47900390625,3611600
4148,2009-02-12,4581.278769397705,4594.728902952895,4466.3994140625,4466.3994140625,3957400
4149,2009-02-11,4448.219824260161,4575.92919921875,4448.219824260161,4575.92919921875,3746400
4150,2009-02-10,4524.029306164901,4533.929651931116,4491.819491171112,4526.07958984375,2979600
4151,2009-02-09,4562.659357287729,4574.719360854117,4494.5693359375,4494.5693359375,3619200
4152,2009-02-06,4438.279448004198,4507.279131529149,4432.139827726778,4471.2294921875,3491000
4153,2009-02-05,4380.779704633965,4422.389865279205,4363.22998046875,4363.22998046875,2846200
4154,2009-02-04,4422.539890443406,4422.539890443406,4366.390244159417,4389.9501953125,3048800
4155,2009-02-03,4300.540369836331,4389.850019552154,4295.2401011332995,4372.7900390625,2919000
4156,2009-02-02,4277.079997669993,4285.099979511621,4240.060152112198,4259.9599609375,2399800
4157,2009-01-21,4164.66054877336,4265.309976781424,4164.170316708702,4247.9501953125,2581800
4158,2009-01-20,4304.329786792403,4304.329786792403,4242.58984375,4242.58984375,2569600
4159,2009-01-19,4389.059956265659,4398.509619974465,4366.169924487375,4366.73974609375,2035000
4160,2009-01-16,4374.75966869515,4382.410024141514,4313.170108152479,4353.68017578125,2642200
4161,2009-01-15,4350.470077140339,4351.450053068521,4315.600121517421,4320.75,2904600
4162,2009-01-14,4538.229416080245,4579.219464537833,4521.44970703125,4521.44970703125,3055800
4163,2009-01-13,4442.359303549752,4532.3388671875,4423.1196465838575,4532.3388671875,2691200
4164,2009-01-12,4487.659512428767,4522.988939598766,4431.01963650737,4453.87939453125,3008000
4165,2009-01-09,4515.079533550527,4546.689252864078,4472.429825456536,4502.7197265625,3040600
4166,2009-01-08,4670.5984969676465,4687.3782044505615,4532.719252398743,4535.76904296875,3958600
4167,2009-01-07,4780.418011870612,4817.417842138781,4752.8883530030325,4789.81787109375,4666800
4168,2009-01-06,4719.51858977199,4754.858272910031,4679.408908781409,4727.23828125,4336400
4169,2009-01-05,4725.23864909676,4778.498664990348,4687.548876121612,4698.2890625,3626800
4170,2008-12-31,4627.95881626904,4627.95881626904,4537.499269013683,4591.19921875,3320800
4171,2008-12-30,4463.279383889178,4602.1889045878115,4463.279383889178,4589.01904296875,3194800
4172,2008-12-29,4429.330018331779,4429.330018331779,4381.470372010964,4416.14013671875,1828000
4173,2008-12-26,4398.5098857413395,4466.729791949607,4396.239876479898,4425.06005859375,2233200
4174,2008-12-25,4430.080002600586,4434.410061084232,4385.75989113874,4413.43017578125,2211800
4175,2008-12-24,4330.400321780945,4439.10979068176,4325.440383292931,4423.06982421875,3077800
4176,2008-12-23,4517.029279926721,4523.109330424806,4359.529995581841,4405.83984375,3253400
4177,2008-12-22,4735.148001647034,4750.937967613688,4535.51904296875,4535.51904296875,4325600
4178,2008-12-19,4661.669092143996,4723.679068711328,4622.469560432208,4694.4990234375,4417200
4179,2008-12-18,4674.338958644707,4694.7890625,4625.669254430961,4694.7890625,4140400
4180,2008-12-17,4706.208721428242,4725.0387144937795,4628.199308189924,4647.9990234375,5395800
4181,2008-12-16,4570.499234313501,4616.869140625,4532.38954434334,4616.869140625,3529400
4182,2008-12-15,4604.479045865555,4676.438679328043,4588.119257034686,4613.69921875,3884800
4183,2008-12-12,4600.949159242531,4654.728698284232,4401.029663989929,4481.24951171875,5326000
4184,2008-12-11,4665.019000259152,4694.378731130736,4617.14909896047,4655.548828125,5446400
4185,2008-12-10,4470.709832264692,4658.84912109375,4470.709832264692,4658.84912109375,5116600
4186,2008-12-09,4479.119599194575,4524.359137857356,4456.419507965849,4472.6396484375,4553800
4187,2008-12-08,4278.590476824749,4424.069798121151,4278.590476824749,4418.31005859375,3766800
4188,2008-12-05,4213.049861546767,4261.299632925129,4190.000166075518,4225.0498046875,2784400
4189,2008-12-04,4347.639700565537,4347.639700565537,4209.890348677495,4254.93994140625,3747400
4190,2008-12-03,4346.029604865661,4379.229645868371,4289.109947546369,4307.23974609375,4004000
4191,2008-12-02,4310.480194035814,4356.9599609375,4292.060356797007,4356.9599609375,3566600
4192,2008-12-01,4436.099982955909,4567.739033920144,4418.220181294886,4518.40966796875,4199000
4193,2008-11-28,4444.3496834898,4476.3094974863025,4419.009467964753,4460.4697265625,3740400
4194,2008-11-27,4348.470211243395,4472.049232050478,4348.470211243395,4453.7294921875,3900600
4195,2008-11-26,4265.629911633645,4315.059855763368,4244.029915204946,4271.77978515625,2964600
4196,2008-11-25,4280.410090840008,4323.919652305367,4220.950408904798,4266.47021484375,3618400
4197,2008-11-24,4158.739754660003,4172.470157342246,4081.6402721305753,4160.52001953125,2829600
4198,2008-11-21,3962.6709221563497,4194.689828088807,3955.4109472357272,4171.080078125,3333800
4199,2008-11-20,4120.490826240666,4191.350852102826,4089.9111328125,4089.9111328125,3195600
4200,2008-11-19,4265.980065002503,4320.82990634451,4226.470484006448,4284.06982421875,3091600
4201,2008-11-18,4366.319539819994,4376.259435004493,4265.029971766609,4305.16015625,3185400
4202,2008-11-17,4362.509634260535,4475.909501079496,4362.509634260535,4439.779296875,2769800
4203,2008-11-14,4537.4092777276655,4541.329181548672,4422.72963012919,4452.6796875,3154600
4204,2008-11-13,4425.229550321741,4438.799311832499,4374.619920915508,4437.8095703125,3261800
4205,2008-11-12,4587.1793282713725,4673.308819281524,4545.839184296098,4615.548828125,2692800
4206,2008-11-11,4652.608823077085,4706.158873654966,4593.839069563354,4638.548828125,3284600
4207,2008-11-10,4711.588508802974,4772.2981945840875,4657.449105743164,4740.24853515625,3235200
4208,2008-11-07,4468.05983619617,4777.208337985272,4468.05983619617,4742.30859375,3785800
4209,2008-11-06,4699.06882542741,4741.11893031152,4688.088894070463,4694.09912109375,3419000
4210,2008-11-05,5076.986361179834,5095.956488573022,4965.377012407526,4978.23681640625,4516600
4211,2008-11-04,4991.227057124046,5015.097064589705,4875.977586884417,4992.60693359375,4130200
4212,2008-11-03,4925.717603638068,5010.546803742197,4836.487544847012,4995.037109375,4325600
4213,2008-10-31,4707.728290318945,4911.777154035455,4659.6484339141225,4870.6376953125,4772600
4214,2008-10-30,4448.48982358732,4684.088865081782,4448.48982358732,4683.619140625,4037400
4215,2008-10-29,4622.528803698089,4622.528803698089,4395.5898933166,4406.5,4528000
4216,2008-10-28,4160.510855060821,4425.879764834386,4110.071143152485,4399.9501953125,4329200
4217,2008-10-27,4301.310359056284,4391.930060803842,4301.310359056284,4366.85009765625,2183600
4218,2008-10-24,4599.108797272714,4603.538952743024,4579.59912109375,4579.59912109375,1659800
4219,2008-10-23,4706.10850916268,4730.48828125,4706.10850916268,4730.48828125,1710800
4220,2008-10-22,4843.687587208644,4955.586972672132,4839.147569117177,4862.5673828125,2598000
4221,2008-10-21,4988.827427093205,5045.427267544677,4890.297601401525,4942.69775390625,3491800
4222,2008-10-20,4845.287991736382,4931.8173828125,4805.658289409126,4931.8173828125,2195600
4223,2008-10-17,4993.7669353647625,5024.406930327362,4924.70719627638,4960.376953125,3068400
4224,2008-10-16,5069.046418580227,5085.946731170311,5069.046418580227,5075.94677734375,1698000
4225,2008-10-15,5225.025975635141,5246.23583984375,5178.656558199471,5246.23583984375,2673600
4226,2008-10-14,5321.225939975722,5321.225939975722,5277.275943383968,5291.5361328125,3236800
4227,2008-10-13,4996.036734909174,5025.706518272649,4971.336654907451,5020.41650390625,2205000
4228,2008-10-09,5183.406004152478,5295.0251125485365,5130.68603515625,5130.68603515625,3804400
4229,2008-10-08,5374.245322310277,5411.695345522055,5206.3759765625,5206.3759765625,3213800
4230,2008-10-07,5352.87577420742,5539.28509021573,5352.055953684018,5524.63525390625,3008200
4231,2008-10-06,5566.534880980155,5590.494733546483,5505.67529296875,5505.67529296875,2945200
4232,2008-10-03,5611.484475844612,5747.704076775268,5558.325047454226,5742.2041015625,3179600
4233,2008-10-02,5764.454319366173,5840.063846063296,5672.364885562419,5703.69482421875,3026800
4234,2008-10-01,5853.973717060979,5853.973717060979,5727.694498868154,5763.98388671875,2825800
4235,2008-09-30,5534.695643567167,5719.25439453125,5534.695643567167,5719.25439453125,2947000
4236,2008-09-26,6095.112029738819,6095.112029738819,5881.552955950692,5929.6025390625,3924400
4237,2008-09-25,6056.672382246149,6164.561535241931,6028.74233472349,6060.80224609375,3768200
4238,2008-09-24,6136.952128559955,6198.45184944997,6100.302392547159,6132.572265625,4209000
4239,2008-09-23,6016.532021915023,6182.18115234375,6011.681946859831,6182.18115234375,4144000
4240,2008-09-22,6156.831820550033,6156.831820550033,6032.13268149019,6110.572265625,4353800
4241,2008-09-19,5910.7326949292465,5982.612736817999,5858.163111475097,5970.3525390625,4413200
4242,2008-09-18,5558.024791641756,5681.804508027457,5530.1650537390215,5641.9248046875,4143800
4243,2008-09-17,5953.853321297383,6027.263150049178,5747.274164769724,5800.84423828125,4704800
4244,2008-09-16,5748.144080820737,5851.873594968539,5724.494284795767,5756.56396484375,3532000
4245,2008-09-15,6198.271301970701,6202.111616342286,6020.672509282781,6052.42236328125,3130600
4246,2008-09-12,6338.580436744701,6354.650674639441,6171.3214476110315,6310.65087890625,3648800
4247,2008-09-11,6438.460063366324,6438.460063366324,6249.490734044145,6251.9208984375,3718000
4248,2008-09-10,6396.2502847064625,6497.690246537896,6396.2502847064625,6457.97998046875,3995200
4249,2008-09-09,6598.579272205583,6598.579272205583,6407.720293748355,6424.740234375,3529400
4250,2008-09-08,6560.699671304,6668.419388503472,6548.329611263787,6658.6591796875,3317200
4251,2008-09-05,6227.040899913429,6347.440731287005,6211.321246367963,6307.25048828125,3958400
4252,2008-09-04,6534.639569871497,6603.069427810689,6384.110483890664,6412.60009765625,4126400
4253,2008-09-03,6706.839283145545,6748.488994008796,6552.069975151151,6584.89990234375,3934800
4254,2008-09-02,6802.928229860493,6811.538052982718,6675.05870909816,6699.78857421875,3458400
4255,2008-09-01,6967.188257884909,6967.188257884909,6801.189019286875,6813.05859375,3445000
4256,2008-08-29,7092.818148839721,7111.66816158817,7021.288197600992,7046.078125,3494400
4257,2008-08-28,7090.287828950339,7127.807679171441,7025.268102823763,7033.33837890625,3807800
4258,2008-08-27,6950.848248310705,7106.607793328567,6929.838578304314,7080.93798828125,3440000
4259,2008-08-26,6945.108487118214,6980.818285322353,6917.278535817272,6964.568359375,2548200
4260,2008-08-25,6974.038341670338,7050.278231879459,6935.5585349090325,7030.6884765625,3047200
4261,2008-08-22,6966.088128733945,6994.767684536697,6837.218603318577,6911.6083984375,3240400
4262,2008-08-21,6989.907875304966,7017.067906958714,6918.4482421875,6918.4482421875,3318600
4263,2008-08-20,6927.428734009744,7053.528263244284,6898.2589436240705,7040.8681640625,3446000
4264,2008-08-19,6876.198707761043,6998.208406771511,6849.798925482566,6978.568359375,3468400
4265,2008-08-18,7189.647580929294,7213.657237704563,6996.748064829937,7000.70849609375,3594600
4266,2008-08-15,7374.34585898744,7376.655906923069,7181.65680661172,7196.466796875,3853200
4267,2008-08-14,7264.9763550240505,7353.276241914083,7253.596524545785,7326.0361328125,4276400
4268,2008-08-13,7272.456634676112,7311.26602568416,7213.07653792616,7292.30615234375,4123000
4269,2008-08-12,7337.636027824589,7337.636027824589,7260.086581353937,7293.76611328125,4271800
4270,2008-08-11,7313.0464443918945,7357.656102507029,7278.866425809376,7325.58642578125,4737000
4271,2008-08-08,7000.717756209414,7216.546840272372,7000.717756209414,7209.0068359375,4943200
4272,2008-08-07,7022.248057268126,7082.327863940826,6993.1685988110485,7024.54833984375,3941800
4273,2008-08-06,6941.468644499484,7026.20849609375,6921.93894756137,7026.20849609375,4241600
4274,2008-08-05,7005.137792312198,7005.137792312198,6809.928726714964,6813.36865234375,4177000
4275,2008-08-04,6947.218398681058,7010.898284796966,6927.278547976661,6977.328125,3136600
4276,2008-08-01,6920.718632423558,7007.968236972048,6903.81880667685,7002.50830078125,3308000
4277,2008-07-31,7135.007799317167,7172.447571550691,6965.0486063453445,7024.0283203125,3700600
4278,2008-07-30,7147.22768210191,7151.2979763305775,7049.548433078839,7070.318359375,3467000
4279,2008-07-29,7052.548167408552,7052.548167408552,6958.85864991995,7014.4384765625,4042800
4280,2008-07-25,7213.2867142743635,7234.086911767444,7170.326950527887,7233.5869140625,3616200
4281,2008-07-24,7357.116260917005,7368.04638671875,7294.096529552151,7368.04638671875,4996800
4282,2008-07-23,7194.187056289677,7330.796289928602,7177.696897919068,7309.79638671875,4987600
4283,2008-07-22,7029.8082663244,7098.6482891309015,6998.098447825271,7065.6181640625,3731800
4284,2008-07-21,6991.67816171731,7097.617621294717,6991.67816171731,7085.6376953125,4139200
4285,2008-07-18,7075.467557006758,7075.467557006758,6782.169097174545,6815.28857421875,5042000
4286,2008-07-17,6892.318733251694,6976.928211506364,6859.938997787446,6974.47802734375,4572200
4287,2008-07-16,6845.98813909641,6867.697998935317,6708.4287210901075,6710.60888671875,4331600
4288,2008-07-15,7022.947365678197,7036.387244669222,6832.2680754176245,6834.20849609375,4275000
4289,2008-07-14,7214.176984400962,7270.457000578346,7140.437575375504,7156.92724609375,3766400
4290,2008-07-11,7095.727245375041,7258.276793367026,7044.447695236814,7244.7265625,4526400
4291,2008-07-10,7028.597870406102,7140.987495235793,6976.568322223296,7075.61767578125,3936000
4292,2008-07-09,7153.6479627477465,7225.567560767221,7042.428248728806,7048.21826171875,4629800
4293,2008-07-08,7274.907199063922,7274.907199063922,7016.1783830619115,7051.818359375,4377000
4294,2008-07-07,7207.886841732783,7343.5961798408325,7179.207285855797,7341.076171875,3441200
4295,2008-07-04,7405.305827912605,7416.215934047673,7226.806647838105,7228.376953125,4143200
4296,2008-07-03,7190.716760310972,7439.435825430062,7115.03693436604,7394.06591796875,4977200
4297,2008-07-02,7386.245945219463,7485.245491655038,7351.706552679742,7353.826171875,4238600
4298,2008-07-01,7528.505303122804,7569.14525233198,7407.94580078125,7407.94580078125,3657400
4299,2008-06-30,7602.474733769038,7604.3848812171655,7479.175497238782,7523.50537109375,3914600
4300,2008-06-27,7489.9353323897385,7586.46466798535,7466.165423560747,7548.724609375,4494400
4301,2008-06-26,7872.524136818994,7904.863833005232,7801.484421905724,7811.76416015625,3821200
4302,2008-06-25,7751.0839806723925,7855.0234375,7679.044277467926,7855.0234375,4147400
4303,2008-06-24,7888.713661613979,7928.373635175204,7738.08447265625,7738.08447265625,3847200
4304,2008-06-23,7767.553728979662,7916.883112806742,7749.584085965928,7876.45361328125,3589600
4305,2008-06-20,8088.341900274899,8088.341900274899,7897.9331264583125,7902.40283203125,4130200
4306,2008-06-19,8075.22203940224,8107.162319869553,8044.622572983345,8047.70263671875,3587000
4307,2008-06-18,8158.60038483325,8253.809393594049,8148.57016026692,8217.5400390625,3427200
4308,2008-06-17,8182.310153494623,8203.940418994376,8067.92057519956,8201.75,3545600
4309,2008-06-16,8191.182518472718,8227.351785613077,8139.802383833791,8169.732421875,3585400
4310,2008-06-13,8119.452572241998,8161.602279074061,8042.8528298941455,8105.55224609375,4248200
4311,2008-06-12,8212.301546447092,8216.391371124575,8053.03226965327,8062.2724609375,4918400
4312,2008-06-11,8402.269259129667,8423.379509412485,8297.880111515205,8345.5498046875,3919600
4313,2008-06-10,8581.949181227645,8602.069202167757,8369.9599609375,8369.9599609375,4150800
4314,2008-06-09,8522.330383920074,8596.190391128473,8514.889988921585,8587.919921875,3553800
4315,2008-06-06,8802.469464864664,8809.28974613905,8745.3095703125,8745.3095703125,4092600
4316,2008-06-05,8649.680094102057,8745.86031747093,8520.760762929862,8738.419921875,4056600
4317,2008-06-04,8594.839996521603,8635.900352846771,8562.090148504649,8627.759765625,3460400
4318,2008-06-03,8664.619719428187,8693.439897427603,8558.420019737938,8579.3896484375,3860400
4319,2008-06-02,8638.440824316558,8724.4296875,8631.420348723157,8724.4296875,3714200
4320,2008-05-30,8762.259100312283,8765.949512856267,8548.280602144816,8619.0400390625,5922200
4321,2008-05-29,8773.769121452533,8793.97898921843,8675.669964334596,8684.8798828125,4699200
4322,2008-05-28,8826.899645771959,8834.478712316046,8665.6904296875,8665.6904296875,4378400
4323,2008-05-27,8779.29980035357,8789.729440282783,8723.679936854667,8778.349609375,4165000
4324,2008-05-26,8808.699731322273,8811.02979873345,8706.740239202058,8707.7900390625,4512800
4325,2008-05-23,9007.169140196691,9050.73925523572,8834.6904296875,8834.6904296875,5748800
4326,2008-05-22,8898.899910773544,9007.9892578125,8878.019146473878,9007.9892578125,5864600
4327,2008-05-21,9036.529201337158,9079.868847915963,8973.109567986085,9015.529296875,5356800
4328,2008-05-20,9309.907086928853,9309.907086928853,9057.267631744884,9068.84765625,6496800
4329,2008-05-19,9249.528526450997,9295.158203125,9207.227936299876,9295.158203125,5674400
4330,2008-05-16,9211.167905744875,9241.47733767438,9171.347775050623,9197.3681640625,6284600
4331,2008-05-15,9093.168262096733,9158.90819500596,9087.908520591503,9157.1376953125,6043800
4332,2008-05-14,9038.808500836118,9056.758614511426,8994.1290165386,9018.37890625,4821000
4333,2008-05-13,8894.89984563806,8995.308567198701,8859.199813211248,8989.4892578125,4869000
4334,2008-05-12,8808.549901995753,8838.95015477293,8754.229835806298,8830.009765625,4324000
4335,2008-05-09,8895.009298127929,8896.269058016167,8792.349609375,8792.349609375,5184000
4336,2008-05-08,8865.690433704893,8880.669858249388,8806.950464583606,8866.580078125,5033200
4337,2008-05-07,8919.888701329017,8977.859138084525,8902.149525026605,8926.298828125,5208200
4338,2008-05-06,8852.160179620236,8862.459937748257,8782.920258240405,8857.330078125,4739600
4339,2008-05-05,8968.499404336006,8976.179057040821,8814.440532037728,8837.0302734375,5174600
4340,2008-05-02,8998.018397144722,9010.66872988428,8950.239318897415,8963.5888671875,5657600
4341,2008-04-30,8917.579112137475,8962.94902070385,8882.52946861618,8919.87890625,5097200
4342,2008-04-29,9056.118382192379,9077.727657513125,8891.69921875,8891.69921875,5244800
4343,2008-04-28,8965.689003195228,9079.5576171875,8953.908784240246,9079.5576171875,5140800
4344,2008-04-25,9053.25830560375,9062.928183153155,8945.178722902994,8947.7890625,5443800
4345,2008-04-24,9025.428550623627,9064.109038217453,8974.749094334164,8990.2890625,5208400
4346,2008-04-23,9032.56922611869,9079.388348887915,8951.489517151005,9008.44921875,5812200
4347,2008-04-22,9067.859235892978,9081.248823561462,8996.978698211275,9037.208984375,5248000
4348,2008-04-21,9156.72719950678,9160.05726223683,9047.618328919394,9083.2783203125,6144600
4349,2008-04-18,9092.887609286605,9123.028094808606,9024.968001716132,9074.2978515625,6308800
4350,2008-04-17,9185.537646401286,9194.817876969637,9063.648561018905,9090.3876953125,8117200
4351,2008-04-16,9007.588161169828,9068.92772080524,8981.868553736249,9065.998046875,7499400
4352,2008-04-15,8931.039033547979,8951.51843161785,8885.279478221197,8924.7392578125,6236200
4353,2008-04-14,8877.428781090264,8928.828934641713,8839.079348594816,8892.638671875,6673800
4354,2008-04-11,8872.609545007363,8937.078974780776,8839.99934356798,8909.5390625,7167000
4355,2008-04-10,8682.060238283702,8829.3603515625,8681.850278298321,8829.3603515625,4983000
4356,2008-04-09,8684.620039905807,8759.709536799399,8628.5802597045,8667.8896484375,5174000
4357,2008-04-08,8717.01932715037,8725.65014668016,8672.8095703125,8672.8095703125,4826000
4358,2008-04-07,8638.590261854808,8729.75,8619.950698907802,8729.75,4730800
4359,2008-04-03,8593.809581911233,8621.549687080897,8555.580267784751,8596.2998046875,4691600
4360,2008-04-02,8578.549929059734,8619.740167095311,8519.63028132891,8605.2802734375,5023400
4361,2008-04-01,8593.159331282475,8608.909256385063,8419.6796875,8419.6796875,5053400
4362,2008-03-31,8605.860195982554,8627.489977770714,8498.99057794168,8572.5498046875,4984600
4363,2008-03-28,8591.87026376935,8668.179479774368,8563.99051040393,8623.4404296875,5444200
4364,2008-03-27,8698.11968818195,8708.879403747293,8559.059788284194,8605.91015625,6124400
4365,2008-03-26,8776.150353312685,8842.47915198409,8712.349863408233,8767.9794921875,6933600
4366,2008-03-25,8853.739967190717,8899.219252335848,8760.969881709792,8795.0498046875,6914000
4367,2008-03-24,9049.189599216334,9049.189599216334,8780.979873052036,8865.3095703125,8697000
4368,2008-03-21,8453.51986673623,8539.870047113556,8412.480020425233,8524.9501953125,6460000
4369,2008-03-20,8151.490639739938,8343.339816090354,8124.630905445585,8337.580078125,5514200
4370,2008-03-19,8215.762039484496,8233.43188013695,8142.692551142571,8179.3125,4831800
4371,2008-03-18,8039.252527865927,8082.532111079403,7955.442860328547,8057.7822265625,4114800
4372,2008-03-17,8041.272292567456,8053.042256820789,7900.762698567851,8005.42236328125,4595400
4373,2008-03-14,8293.081912681382,8315.192162386555,8120.4528251352385,8161.3525390625,4559200
4374,2008-03-13,8408.418958957922,8447.93927405748,8198.729551779033,8210.9501953125,4257000
4375,2008-03-12,8577.80889368444,8577.80889368444,8424.059623475438,8435.259765625,5224600
4376,2008-03-11,8206.701030619097,8381.5595703125,8206.701030619097,8381.5595703125,4787000
4377,2008-03-10,8500.768559435664,8507.248996921619,8286.530335188232,8299.330078125,5125200
4378,2008-03-07,8537.200167808978,8624.60991382983,8513.200280444627,8531.33984375,6186600
4379,2008-03-06,8559.040499443347,8658.599609375,8526.33068976242,8658.599609375,6635600
4380,2008-03-05,8493.929640213933,8559.549447714564,8439.30978080002,8483.91015625,6387800
4381,2008-03-04,8278.980395493003,8471.030268899667,8278.980395493003,8470.0703125,6154200
4382,2008-03-03,8213.660394510744,8265.809555874892,8147.2305406275655,8262.830078125,5371400
4383,2008-02-29,8367.410371892995,8473.669631793178,8367.410371892995,8412.7197265625,5924600
4384,2008-02-27,8401.080366562319,8462.0400390625,8362.900859712807,8462.0400390625,6403600
4385,2008-02-26,8379.509419197766,8386.499619883123,8258.830313317112,8307.6298828125,6403800
4386,2008-02-25,8228.880160116612,8307.709857338341,8228.880160116612,8286.26953125,6325000
4387,2008-02-22,8013.3129421550875,8108.67236328125,7986.933181658193,8108.67236328125,4923400
4388,2008-02-21,7982.31298162278,8085.892578125,7972.092814300603,8085.892578125,4585400
4389,2008-02-20,8000.08251118616,8040.7922807591785,7855.443054374349,7894.43310546875,4148400
4390,2008-02-19,7985.432799637113,8024.37255859375,7932.752870684116,8024.37255859375,4502800
4391,2008-02-18,7925.262533536417,7987.982453419136,7872.672937106274,7890.86279296875,4036800
4392,2008-02-15,7766.454124166522,7888.113226480023,7761.894086774713,7876.33349609375,3882600
4393,2008-02-14,7711.414290456187,7865.2431640625,7706.964115863995,7865.2431640625,4326600
4394,2008-02-13,7644.764209598389,7655.854489991746,7533.565020326084,7550.5146484375,3561200
4395,2008-02-12,7568.26457862116,7619.944513861027,7530.335067661958,7553.2646484375,3811000
4396,2008-02-01,7613.545198627314,7705.994482125967,7583.615159962832,7673.955078125,4123200
4397,2008-01-31,7528.145475314812,7579.395239082566,7400.706121331459,7521.09521484375,4342600
4398,2008-01-30,7604.255091718503,7667.034588355149,7507.485516917154,7543.46533203125,4061000
4399,2008-01-29,7593.6747244579265,7603.344601462369,7447.405383651645,7576.384765625,3867400
4400,2008-01-28,7678.774997587923,7705.574679909054,7478.16605027979,7485.755859375,3969400
4401,2008-01-25,7648.254815010733,7739.55419921875,7648.254815010733,7739.55419921875,4640400
4402,2008-01-24,7639.194749015837,7653.044782796662,7412.936026880861,7517.01513671875,5326400
4403,2008-01-23,7708.234456351089,7708.234456351089,7384.575793352417,7408.36572265625,5692200
4404,2008-01-22,7595.134704372673,7741.954336092025,7566.714914275984,7581.9248046875,4674600
4405,2008-01-21,8167.442117272116,8220.591773220991,8099.552295281728,8110.16259765625,5519000
4406,2008-01-18,7934.823413080314,8184.6123046875,7883.873940095675,8184.6123046875,5977400
4407,2008-01-17,8245.152165802334,8300.251519473704,8004.433068081438,8101.59228515625,6393800
4408,2008-01-16,8286.271481884873,8375.021073941152,8179.50244140625,8179.50244140625,7645200
4409,2008-01-15,8316.20073018834,8546.159598759463,8311.980047112718,8428.7998046875,7548600
4410,2008-01-14,8253.962031630768,8260.841882795834,8097.642926482627,8173.37255859375,6106000
4411,2008-01-11,8134.071774894539,8151.912023387518,8026.302260001934,8029.2724609375,3920400
4412,2008-01-10,8153.042033390069,8177.091725853915,8057.232421875,8057.232421875,4480000
4413,2008-01-09,7842.123688142196,8085.0224609375,7818.2737013951755,8085.0224609375,4682400
4414,2008-01-08,7909.222906275735,8011.032490406309,7895.742988627441,7962.873046875,4618800
4415,2008-01-07,7959.882452157232,8015.892442406507,7883.3330078125,7883.3330078125,4539800
4416,2008-01-04,8134.000424004543,8247.1395214202,8097.810658853465,8221.0595703125,4603600
4417,2008-01-03,8171.642635641114,8243.891815450546,8130.372805701512,8184.16259765625,3636400
4418,2008-01-02,8491.529462748715,8532.878873206293,8319.540055754049,8323.009765625,4372600
4419,2007-12-31,8450.280536841045,8506.240234375,8414.750430644546,8506.240234375,3607200
4420,2007-12-28,8269.280882013321,8460.13934694118,8269.280882013321,8396.91015625,4325200
4421,2007-12-27,8169.150598402469,8355.240034218465,8169.150598402469,8313.6796875,4360200
4422,2007-12-26,8125.412740276853,8173.862223974569,8071.592675866704,8156.3525390625,2853000
4423,2007-12-25,8166.1425822205565,8181.57219868895,8119.812717379193,8167.0322265625,3340600
4424,2007-12-24,8074.402625843056,8135.4423828125,8061.272803709559,8135.4423828125,3149200
4425,2007-12-21,7903.10320631404,8006.522644920427,7810.233523097209,7941.40283203125,4020400
4426,2007-12-20,8044.1324287735015,8047.962489046876,7840.67341614329,7857.04345703125,3574200
4427,2007-12-19,7880.972793322468,8020.352510538935,7865.443081021338,8014.2724609375,4126800
4428,2007-12-18,7730.754744247932,7913.843752103793,7664.585124470791,7807.3544921875,5093400
4429,2007-12-17,8041.562992409067,8092.922618707577,7830.81396484375,7830.81396484375,4238600
4430,2007-12-14,8186.212086625099,8202.902439013407,7922.62346365147,8118.04248046875,5018200
4431,2007-12-13,8485.520606085287,8522.100516240873,8187.91259765625,8187.91259765625,4780800
4432,2007-12-12,8495.549782288592,8554.07977972309,8451.610536362707,8490.7998046875,3783000
4433,2007-12-11,8648.839794851163,8659.320215023703,8569.500318845037,8638.2900390625,3011800
4434,2007-12-10,8700.439952600347,8706.539533570862,8594.910170593219,8597.990234375,3179600
4435,2007-12-07,8774.53003386345,8804.889269502297,8722.33984375,8722.33984375,4121200
4436,2007-12-06,8784.649974870803,8797.569837247625,8654.820494632782,8694.3701171875,4336000
4437,2007-12-05,8626.479724895591,8705.829944676434,8601.090193616505,8676.91015625,4147000
4438,2007-12-04,8557.28070829438,8656.849583414205,8556.960397276822,8651.240234375,3484000
4439,2007-12-03,8623.079894903347,8645.579789952775,8565.040126566862,8583.7998046875,3307600
4440,2007-11-30,8499.190836167723,8590.589824027544,8499.190836167723,8586.3603515625,4540600
4441,2007-11-29,8454.53023769759,8481.409993099005,8376.050140946305,8446.990234375,4048000
4442,2007-11-28,8429.049065322954,8440.079285397966,8276.2197265625,8276.2197265625,3672600
4443,2007-11-27,8319.650658656046,8454.319936761696,8207.930489595099,8375.7197265625,4142800
4444,2007-11-26,8462.889955481236,8534.229464302776,8407.30037271612,8528.2900390625,3959000
4445,2007-11-23,8550.659155537438,8559.008724837815,8342.16015625,8342.16015625,3927200
4446,2007-11-22,8430.990556312183,8573.699844967741,8390.810081533842,8499.330078125,3930800
4447,2007-11-21,8676.919011759826,8704.039000959356,8484.0703125,8484.0703125,4278200
4448,2007-11-20,8483.571222283681,8680.8203125,8372.011189963636,8680.8203125,4796600
4449,2007-11-19,8818.379247636603,8838.23950759486,8680.669921875,8680.669921875,3681800
4450,2007-11-16,8767.169910958713,8790.530155807495,8678.510159722098,8764.7802734375,4065000
4451,2007-11-15,8919.989190476663,8962.168683709784,8897.848667449683,8905.369140625,3789200
4452,2007-11-14,8965.619036374557,8993.848399091032,8940.918954346404,8942.888671875,4834800
4453,2007-11-13,8673.160404038284,8742.370047451403,8599.350195794428,8727.169921875,4718400
4454,2007-11-12,8755.329686722156,8765.469288336883,8626.54024238508,8670.5703125,4941200
4455,2007-11-09,8962.199258434091,9016.689243676223,8853.769090123587,8970.87890625,5196200
4456,2007-11-08,9095.988530665583,9105.588095986828,8890.058811643556,8937.5390625,5887000
4457,2007-11-07,9437.387075784512,9437.387075784512,9300.177734375,9300.177734375,5016400
4458,2007-11-06,9324.568215629899,9368.417626857832,9277.967840270543,9292.7578125,4565600
4459,2007-11-05,9251.818615332464,9313.807593504132,9129.449050170953,9308.5576171875,5045200
4460,2007-11-02,9373.367709772781,9433.027595858197,9248.297963640207,9273.0478515625,5893000
4461,2007-11-01,9780.545063508629,9785.705196132954,9556.17597359537,9598.1865234375,6153600
4462,2007-10-31,9777.53484998265,9787.85511474399,9664.594942723583,9711.3251953125,5636800
4463,2007-10-30,9854.22416586223,9859.605000465757,9727.5352959683,9757.884765625,5465400
4464,2007-10-29,9743.685849789586,9822.325138116616,9735.385106550924,9809.8349609375,5997200
4465,2007-10-26,9637.446261775649,9661.8963455302,9572.956321647716,9631.4658203125,4960800
4466,2007-10-25,9546.805762395534,9573.24607064685,9503.786428726577,9568.2158203125,4653800
4467,2007-10-24,9593.157533481744,9640.447362241155,9442.578125,9442.578125,4686600
4468,2007-10-23,9419.497444949226,9512.516555575243,9419.497444949226,9502.3466796875,4732400
4469,2007-10-22,9278.848022940201,9381.6083041386,9275.678115285606,9360.587890625,4841400
4470,2007-10-19,9666.535881987948,9673.915731059216,9609.53614259509,9611.67578125,4674200
4471,2007-10-18,9605.446433068548,9667.026230386653,9574.916298849956,9637.0263671875,5548400
4472,2007-10-17,9582.14639232084,9616.215571684135,9492.846021475045,9562.1162109375,4530400
4473,2007-10-16,9468.83650369353,9617.98621102625,9461.226186995804,9592.42578125,5134200
4474,2007-10-15,9565.317171047902,9576.996805822768,9431.61757929272,9518.4072265625,4416000
4475,2007-10-12,9677.286291034769,9731.116125594399,9489.966826104435,9496.4267578125,5735600
4476,2007-10-11,9707.884718099365,9729.424657383368,9661.185715671068,9697.625,5261600
4477,2007-10-09,9743.56593314451,9743.56593314451,9591.896702690628,9639.7861328125,5534400
4478,2007-10-08,9736.884674276827,9744.924676170724,9683.094883882348,9717.125,5043600
4479,2007-10-05,9645.58580786498,9670.085695914157,9564.95629348439,9617.2158203125,4570200
4480,2007-10-04,9663.486163157017,9676.305440579203,9573.966063971033,9627.345703125,5009200
4481,2007-10-03,9649.985583302303,9783.70469059704,9618.095105990578,9700.025390625,6654200
4482,2007-10-02,9597.916131113912,9642.90616003754,9582.656435173807,9623.2060546875,6702600
4483,2007-10-01,9523.937339326407,9555.027042285794,9474.357485725197,9488.45703125,6169000
4484,2007-09-28,9447.287928087253,9474.007535437502,9411.908203125,9411.908203125,5558800
4485,2007-09-27,9336.998388616632,9413.6083984375,9291.678278280402,9413.6083984375,6081200
4486,2007-09-26,9180.888042500637,9269.578069885429,9178.727896049177,9257.427734375,5422200
4487,2007-09-21,9018.638094701419,9105.23828125,8993.968286600399,9105.23828125,5025000
4488,2007-09-20,8987.478495127494,9109.477938087597,8950.579249544058,8982.9892578125,4652800
4489,2007-09-19,9090.858619048367,9090.858619048367,8900.758906599835,8926.3388671875,5922000
4490,2007-09-17,9039.238615519223,9044.328435812455,8874.669061448702,8899.869140625,3917000
4491,2007-09-14,8995.489421752793,9046.46868242552,8952.839224817353,9031.5888671875,3897200
4492,2007-09-13,9062.267934958252,9062.267934958252,8924.579114425762,8927.37890625,4022800
4493,2007-09-12,9078.048555374606,9084.928406896472,9011.218781201802,9018.0791015625,4346400
4494,2007-09-11,8981.298927349659,9017.258724463923,8953.329328209187,9003.0791015625,4252000
4495,2007-09-10,8867.95930368631,8953.409106857633,8845.859795729062,8937.5390625,3702800
4496,2007-09-07,9056.098459711679,9078.428436276025,9000.90925759686,9018.0390625,4220600
4497,2007-09-06,8896.629453954774,9017.0390625,8841.599430831238,9017.0390625,3979000
4498,2007-09-05,9017.4682730247,9026.258271641269,8902.098686693977,8913.80859375,4022400
4499,2007-09-04,9019.56889176584,9027.728033948624,8883.82928133825,8922.939453125,4340200
4500,2007-09-03,9018.848455002635,9019.368960437736,8947.01870495878,8979.9189453125,4732000
4501,2007-08-31,8807.659976331539,8982.119140625,8785.660076791086,8982.119140625,5018800
4502,2007-08-30,8782.309519461924,8825.879633070952,8750.580172114089,8771.169921875,4963200
4503,2007-08-29,8514.43028438366,8643.2802734375,8514.43028438366,8643.2802734375,4016600
4504,2007-08-28,8697.110491024785,8753.34949083049,8672.76978237978,8727.509765625,3465200
4505,2007-08-27,8849.919317267171,8849.919317267171,8704.5498676957,8718.26953125,3802600
4506,2007-08-24,8727.049634212242,8741.599371862398,8668.009867173145,8690.0498046875,4262400
4507,2007-08-23,8699.360504878532,8735.059559951736,8686.019745732154,8732.7998046875,4880200
4508,2007-08-22,8487.200224632945,8512.41006672804,8432.280561656225,8493.419921875,4030000
4509,2007-08-21,8542.08954602253,8586.68992135161,8423.969986610013,8479.0400390625,4632800
4510,2007-08-20,8496.929775094894,8516.709955528537,8397.220282978562,8515.5595703125,4327200
4511,2007-08-17,8209.872002688335,8307.331510704358,7987.572742806156,8090.25244140625,5981200
4512,2007-08-16,8397.199239075218,8438.038883445233,8166.040211348358,8201.330078125,5927000
4513,2007-08-15,8782.008884938563,8808.54880033839,8560.979641386282,8593.0,5640000
4514,2007-08-14,8952.498832191504,9023.2182332443,8840.219075559147,8910.94921875,4770600
4515,2007-08-13,9030.778875381924,9030.888249880067,8913.359492277821,8938.9189453125,5061000
4516,2007-08-10,8870.228795941714,8969.268380178517,8870.228795941714,8931.2685546875,5535000
4517,2007-08-09,9213.427593205417,9218.977372513564,9140.427927035686,9182.5576171875,5712600
4518,2007-08-08,8961.078763410706,9099.41796875,8938.49878948825,9099.41796875,4875000
4519,2007-08-07,9067.999070529524,9068.789106022703,8862.26953125,8862.26953125,4858800
4520,2007-08-06,8865.539411801052,8960.708897132607,8856.869529694894,8941.689453125,4639600
4521,2007-08-03,9104.297635897272,9134.557261237556,9025.658352034332,9057.7783203125,5842800
4522,2007-08-02,9076.06876065537,9080.02870344651,8727.599654383215,8950.529296875,7133200
4523,2007-08-01,9188.557225069226,9265.657455364415,8891.8388671875,8891.8388671875,8423400
4524,2007-07-31,9211.758153647137,9307.767485165154,9173.438990970048,9287.2080078125,7159400
4525,2007-07-30,9037.307780205732,9136.4079074584,8996.76792878189,9072.5283203125,7294800
4526,2007-07-27,9244.577747623402,9376.90721925861,9162.23828125,9162.23828125,9371200
4527,2007-07-26,9793.714775980288,9807.865101602565,9566.3759765625,9566.3759765625,10397800
4528,2007-07-25,9683.925063700424,9763.21473707404,9655.995505013278,9740.0849609375,8173600
4529,2007-07-24,9674.195634379752,9745.27538481275,9643.225074035288,9744.0146484375,9247000
4530,2007-07-23,9576.015832864592,9637.135670893642,9563.676045475277,9621.5263671875,7442400
4531,2007-07-20,9537.196512138651,9585.8564453125,9487.906699039919,9585.8564453125,7902400
4532,2007-07-19,9449.676864810597,9529.306386440292,9441.747213277833,9473.2666015625,8738400
4533,2007-07-18,9512.346557195791,9574.64705622249,9482.50684862065,9485.306640625,9296000
4534,2007-07-17,9444.827441502403,9513.907207496095,9337.627730563083,9509.6875,7041800
4535,2007-07-16,9514.0474200635,9539.157659657993,9403.688537160127,9417.2783203125,8678600
4536,2007-07-13,9530.676488240233,9540.306327364533,9410.997343694915,9471.2568359375,8507000
4537,2007-07-12,9346.908236612955,9400.327918684554,9316.868332400963,9354.3681640625,8373600
4538,2007-07-11,9322.648294044073,9341.278092655331,9263.217898589577,9290.908203125,8176800
4539,2007-07-10,9404.717683815961,9404.717683815961,9306.578474506525,9384.6884765625,7632600
4540,2007-07-09,9246.39899053094,9369.7978515625,9239.158788604016,9369.7978515625,8013400
4541,2007-07-06,9169.51766381579,9199.61811218833,9118.218093577403,9188.267578125,7483000
4542,2007-07-05,9114.017737490318,9148.73828125,9086.148724782499,9148.73828125,7038200
4543,2007-07-04,9069.27831873892,9112.698039566238,9034.458167467747,9068.9384765625,7220200
4544,2007-07-03,8983.199277837268,9019.888563687105,8977.048915253232,8996.1591796875,6580400
4545,2007-07-02,8903.728679516556,8939.44921875,8849.309007327729,8939.44921875,5468400
4546,2007-06-29,8932.138445771603,8932.908950026509,8848.999181207124,8883.1689453125,5464800
4547,2007-06-28,8914.649313237906,8914.649313237906,8841.919179936307,8892.7890625,5698600
4548,2007-06-27,8862.24991819308,8887.839646094155,8820.639755006663,8844.1796875,5225800
4549,2007-06-26,8965.779821504895,8983.91938802101,8856.250042722608,8865.7099609375,5709600
4550,2007-06-25,8882.259050093357,8985.88845742159,8882.259050093357,8939.1494140625,6503800
4551,2007-06-22,8879.950043235098,8883.990064012243,8799.250213174446,8846.349609375,5979200
4552,2007-06-21,8789.0500891967,8871.67959826014,8722.110938850272,8851.9501953125,5581200
4553,2007-06-20,8651.220204971463,8761.83981631308,8636.430233541148,8755.83984375,6320400
4554,2007-06-15,8519.340097144152,8578.290017158102,8511.030565637506,8573.599609375,5280000
4555,2007-06-14,8421.170061690707,8476.089723358025,8408.960158603355,8450.6796875,4853400
4556,2007-06-13,8388.44999334877,8388.44999334877,8336.490281672113,8346.349609375,4398600
4557,2007-06-12,8371.660149359717,8396.17956332076,8344.969847345648,8370.2197265625,4774400
4558,2007-06-11,8350.990176035,8359.709860729805,8328.570361809068,8338.83984375,4133600
4559,2007-06-08,8288.219786616899,8308.410118914431,8279.920021964095,8300.669921875,4241600
4560,2007-06-07,8298.929957246299,8368.51946751629,8263.570751691206,8355.2197265625,3844000
4561,2007-06-06,8330.679610259727,8376.929387544396,8313.549809935606,8314.6396484375,4775800
4562,2007-06-05,8321.37979877238,8321.37979877238,8267.549980198004,8303.9501953125,4299400
4563,2007-06-04,8310.049730835139,8317.5594602104,8282.75005792416,8294.75,4053200
4564,2007-06-01,8236.719790337609,8261.629825691689,8224.240358716559,8249.8603515625,4198400
4565,2007-05-31,8204.681853005939,8220.771622484102,8144.91259765625,8144.91259765625,4230600
4566,2007-05-30,8163.772384932143,8177.722027589462,8110.24235852163,8147.30224609375,3248600
4567,2007-05-29,8178.662610477744,8229.402611678366,8166.422432352169,8181.45263671875,3047000
4568,2007-05-28,8194.792305266099,8201.612586328876,8154.182629170015,8156.7822265625,2887600
4569,2007-05-25,8170.542431583033,8170.542431583033,8130.132461525767,8159.9326171875,3235600
4570,2007-05-24,8231.610277295918,8249.440268533872,8207.919963053311,8216.3701171875,3395800
4571,2007-05-23,8232.490182071437,8256.209793121912,8214.540074174085,8221.75,3983000
4572,2007-05-22,8158.952772807611,8205.851971533959,8158.25258071002,8188.59228515625,4077400
4573,2007-05-21,8067.19272620447,8159.2220863694965,8043.862755817181,8141.55224609375,3614200
4574,2007-05-18,8065.972018827295,8075.172171085308,8013.852633827158,8034.1025390625,2836000
4575,2007-05-17,8029.562539103363,8080.5920855671675,8029.562539103363,8037.92236328125,3142400
4576,2007-05-16,7988.932615303089,8014.842161329763,7978.2124509132955,7988.5322265625,2492000
4577,2007-05-15,8022.542747489177,8041.512385781825,7968.88284093039,7974.99267578125,2612000
4578,2007-05-14,8072.112109971236,8072.112109971236,8013.792558795548,8030.5224609375,2857600
4579,2007-05-11,8026.322289874704,8049.462318268662,8018.602599450183,8031.50244140625,2934200
4580,2007-05-10,8094.682627122927,8105.05220787795,8071.462520101923,8096.822265625,3357000
4581,2007-05-09,8092.062316043817,8093.471977430898,8043.422406423444,8052.66259765625,2886200
4582,2007-05-08,8111.472095196518,8113.27237980458,8083.1426369174,8095.80224609375,2965800
4583,2007-05-07,8122.162565549079,8132.762125816597,8095.002535130778,8115.232421875,3750000
4584,2007-05-04,7990.9329671975565,8066.0224609375,7990.9329671975565,8066.0224609375,3767600
4585,2007-05-03,7954.122918131267,7965.892882560109,7861.393371786291,7926.623046875,4287600
4586,2007-05-02,7900.722666957212,7951.6526035916295,7890.502988382279,7903.0029296875,3193200
4587,2007-04-30,7955.992789222632,7955.992789222632,7843.013334116403,7875.38330078125,3466400
4588,2007-04-27,8019.452797898712,8026.472296380231,7949.3828125,7949.3828125,3479200
4589,2007-04-26,8046.682397805447,8052.51196025197,8000.00244140625,8000.00244140625,3566400
4590,2007-04-25,8035.702396147558,8041.232155265477,7984.6123046875,7984.6123046875,3929400
4591,2007-04-24,8011.772616093454,8051.632293093086,7998.182835854413,8044.97216796875,4030600
4592,2007-04-23,8009.512211303132,8062.662352463042,8006.382343180957,8010.42236328125,4000600
4593,2007-04-20,7915.873171900739,7945.663071779597,7912.4532660041405,7942.6328125,3683600
4594,2007-04-19,7978.552311188974,7991.6523472202725,7883.882834656409,7888.5927734375,4428800
4595,2007-04-18,7981.322368741822,8003.2724609375,7946.312767584414,8003.2724609375,3931400
4596,2007-04-17,8100.572095017036,8100.572095017036,7952.143099555259,7959.2529296875,5567400
4597,2007-04-16,8088.7922687710015,8096.801996956216,8030.462463296379,8043.50244140625,4500200
4598,2007-04-13,8100.04202106218,8108.461903377386,7999.652356012068,8002.26220703125,4552400
4599,2007-04-12,8043.742333791579,8090.90227046667,8039.0924530975,8075.16259765625,4192200
4600,2007-04-11,8073.6323743536395,8105.782127180607,8055.632458064689,8084.41259765625,4297800
4601,2007-04-10,8064.5023659627805,8064.5023659627805,8002.452851137873,8048.3525390625,4616600
4602,2007-04-09,8048.302284455136,8066.73237422804,8026.292621543404,8056.5224609375,4772200
4603,2007-04-04,7989.612374954443,8021.5521663387735,7970.422523683357,8004.572265625,4993200
4604,2007-04-03,7894.833185760069,7932.873046875,7879.843021507914,7932.873046875,4498600
4605,2007-04-02,7888.132797535338,7931.952903802437,7866.552820973331,7884.953125,4390000
4606,2007-03-30,7877.712921972207,7888.782694088865,7839.873256322144,7884.373046875,4225600
4607,2007-03-29,7765.03407472692,7863.5936795614525,7764.014059891723,7848.2939453125,4128600
4608,2007-03-28,7832.584269081581,7841.364014054768,7769.264246384129,7788.1044921875,3720800
4609,2007-03-27,7876.723487317895,7927.993270712767,7839.184109434053,7845.1337890625,4038400
4610,2007-03-26,7878.552730747734,7887.292923950857,7853.11290917925,7877.78271484375,3623800
4611,2007-03-23,7834.583611183899,7879.053130536353,7806.853759925085,7859.283203125,3837000
4612,2007-03-22,7843.603911675873,7856.953947676074,7822.5937548033135,7823.6337890625,3989400
4613,2007-03-21,7780.264053227572,7784.154172070653,7746.314502199512,7756.994140625,3279800
4614,2007-03-20,7784.234644833599,7798.234581212249,7736.1650390625,7736.1650390625,3932400
4615,2007-03-19,7739.524404387878,7759.624409448035,7713.744249713612,7737.42431640625,3562800
4616,2007-03-16,7707.114803701867,7743.334853597436,7676.355178157962,7719.7646484375,4291000
4617,2007-03-15,7631.635059311128,7708.944764741432,7631.635059311128,7695.9248046875,4206400
4618,2007-03-14,7552.694905674496,7575.484838900308,7526.445027579205,7570.23486328125,3609400
4619,2007-03-13,7664.665127364005,7694.554639048777,7661.7247111297165,7683.96484375,3403200
4620,2007-03-12,7611.11482904041,7640.104929824127,7590.784844599414,7629.11474609375,3009600
4621,2007-03-09,7615.774681183605,7619.314703801707,7550.795002563693,7568.1650390625,3310400
4622,2007-03-08,7517.735123685644,7573.8349609375,7510.4050795852645,7573.8349609375,3586200
4623,2007-03-07,7516.175619876082,7519.425605027049,7449.635884830577,7480.85595703125,3883200
4624,2007-03-06,7379.046228625852,7452.805655898225,7349.946264458291,7451.02587890625,3320600
4625,2007-03-05,7565.915488332142,7565.915488332142,7306.036309377211,7344.5263671875,4410800
4626,2007-03-02,7653.315021244275,7695.114634357216,7625.955283357242,7670.73486328125,3742200
4627,2007-03-01,7707.5945939713565,7761.364367320355,7663.13483659066,7678.634765625,4230600
4628,2007-02-27,7908.752897611922,7939.4627143285625,7881.8829066125145,7901.9228515625,3971200
4629,2007-02-26,7939.362608837134,7950.16285107399,7899.512698367561,7900.1630859375,4170000
4630,2007-02-14,7800.944374597947,7812.1445187896,7764.274620094803,7809.41455078125,3006200
4631,2007-02-13,7782.034462398793,7800.834669938783,7725.774952418852,7736.794921875,2776200
4632,2007-02-12,7826.424086762236,7826.424086762236,7764.474175411089,7776.32421875,2787000
4633,2007-02-09,7847.1436122299,7884.513067014196,7822.493336462187,7859.4931640625,3363400
4634,2007-02-08,7875.483733290822,7884.693651793682,7790.593987701026,7842.18408203125,2895200
4635,2007-02-07,7894.733680924575,7894.733680924575,7850.02392578125,7850.02392578125,3214400
4636,2007-02-06,7816.263460028525,7875.71337890625,7802.903658868699,7875.71337890625,3497800
4637,2007-02-05,7786.73435828446,7823.904109931528,7772.014210855211,7783.08447265625,2786200
4638,2007-02-02,7754.124616537328,7801.594125531399,7751.494257499382,7776.994140625,3134800
4639,2007-02-01,7751.2644212924415,7757.594470521688,7679.744728238192,7701.5048828125,2706600
4640,2007-01-31,7759.754608170443,7778.6544242179925,7637.505166359071,7699.60498046875,3180000
4641,2007-01-30,7763.494031849758,7778.204413322623,7725.374578495455,7739.87451171875,3010000
4642,2007-01-29,7831.533812841516,7838.883876700309,7746.334497578309,7751.75439453125,3143600
4643,2007-01-26,7825.713846721042,7883.463579928484,7793.87415006426,7821.28369140625,3465200
4644,2007-01-25,7982.602751637457,7990.512382562876,7917.612821631082,7923.73291015625,4337000
4645,2007-01-24,7943.20308899118,7949.442805905684,7916.353116895426,7935.5029296875,4488800
4646,2007-01-23,7837.403389894622,7869.513103424926,7818.54361457022,7852.3232421875,3795400
4647,2007-01-22,7866.133679870237,7870.973501321502,7784.17409654895,7842.43408203125,4297000
4648,2007-01-19,7859.433992667345,7892.573488373151,7840.0439453125,7840.0439453125,4385000
4649,2007-01-18,7852.222857986953,7896.913077617954,7830.193176376353,7895.14306640625,4237200
4650,2007-01-17,7757.764023242251,7841.223599235811,7747.544343816387,7833.94384765625,4016600
4651,2007-01-16,7792.734371843893,7831.1643718279765,7780.614310099342,7792.04443359375,3743600
4652,2007-01-15,7809.874390773462,7814.814309557256,7741.4547822274335,7783.46435546875,3817600
4653,2007-01-12,7713.59445908206,7769.27437916015,7704.354755420509,7761.67431640625,4478600
4654,2007-01-11,7724.064454338162,7748.924202902098,7599.514736114127,7618.5146484375,5735400
4655,2007-01-10,7737.214666884724,7748.754653248198,7682.784739665646,7698.48486328125,5153200
4656,2007-01-09,7778.344291495782,7827.8943577386335,7778.344291495782,7789.97412109375,4516000
4657,2007-01-08,7778.534477754069,7797.534391416497,7736.074709758143,7736.6748046875,4292400
4658,2007-01-05,7940.163580009299,7942.1933558054325,7821.673892038137,7835.53369140625,5181400
4659,2007-01-04,7929.853048949564,7955.862692927963,7901.203280600226,7934.47265625,5717400
4660,2007-01-03,7954.922675044634,7999.382427592734,7917.2626953125,7917.2626953125,5951400
4661,2007-01-02,7871.373278268172,7937.222579134194,7843.563349966048,7920.7626953125,5710600
4662,2006-12-29,7747.584335833192,7823.68408203125,7747.584335833192,7823.68408203125,4915000
4663,2006-12-28,7777.82450276724,7782.384540629578,7720.254940278402,7732.89501953125,4540000
4664,2006-12-27,7761.054560618272,7790.274642622342,7733.14501953125,7733.14501953125,5135000
4665,2006-12-26,7668.88503254062,7749.42470519059,7668.88503254062,7727.5546875,5094600
4666,2006-12-25,7658.014596762708,7667.4046903102535,7635.125053560488,7646.77490234375,3786800
4667,2006-12-22,7636.694896531036,7660.294885765965,7621.444966591134,7652.43505859375,3634800
4668,2006-12-21,7655.60482039286,7685.844426987273,7614.415069000426,7620.90478515625,4726600
4669,2006-12-20,7627.904878973158,7661.904722689452,7614.674959317066,7648.31494140625,4862200
4670,2006-12-19,7624.714724061793,7648.7243786055105,7598.8447265625,7598.8447265625,4629400
4671,2006-12-18,7568.78492525751,7648.024794264865,7561.845015850534,7624.5849609375,4289400
4672,2006-12-15,7546.775353881159,7567.985217282668,7531.445346252958,7538.78515625,4302600
4673,2006-12-14,7456.275989025053,7492.265570673505,7428.345940863099,7480.3759765625,3802600
4674,2006-12-13,7480.005722935937,7494.455851955379,7369.056036628861,7450.265625,4593600
4675,2006-12-12,7604.715150380706,7604.715150380706,7440.9756663636845,7458.52587890625,5038400
4676,2006-12-11,7635.654676300029,7635.684949597712,7582.585097181984,7612.0849609375,4119800
4677,2006-12-08,7658.004782724089,7658.004782724089,7601.2648095716595,7636.2646484375,4391200
4678,2006-12-07,7697.084912455263,7716.814802683941,7669.185137718797,7686.48486328125,5082000
4679,2006-12-06,7634.755150323218,7697.205060256739,7620.945154837364,7693.294921875,4674400
4680,2006-12-05,7700.114329156392,7703.214412490796,7575.105141052073,7609.86474609375,6159200
4681,2006-12-04,7622.054802066481,7659.804628515188,7590.885023491621,7646.974609375,6067800
4682,2006-12-01,7587.4747297093445,7621.774864293828,7557.585219289617,7613.53466796875,6260800
4683,2006-11-30,7527.435245577283,7567.68505859375,7500.205391606867,7567.68505859375,5726800
4684,2006-11-29,7476.505848627935,7513.475406126803,7431.836131029784,7474.15576171875,5273000
4685,2006-11-28,7447.635729654171,7483.395819385248,7444.90576171875,7444.90576171875,5025800
4686,2006-11-27,7494.555680290729,7506.035608428951,7463.84585934201,7498.11572265625,5589200
4687,2006-11-24,7394.715970378601,7427.32568359375,7366.046180438634,7427.32568359375,4488200
4688,2006-11-23,7371.265686975613,7430.865508775635,7367.975663140903,7384.65576171875,5207800
4689,2006-11-22,7329.97616022761,7350.596182879461,7314.326329632903,7348.736328125,4604400
4690,2006-11-21,7258.596426749362,7320.026319390146,7245.38652669846,7309.65625,4161600
4691,2006-11-20,7266.3661881103235,7270.246052921161,7228.936674274481,7261.4462890625,4126200
4692,2006-11-17,7282.34608540691,7287.876333178501,7251.616247555495,7259.50634765625,4341200
4693,2006-11-16,7272.466238866299,7290.216156465457,7240.216388580505,7257.4462890625,4700000
4694,2006-11-15,7254.43693087654,7268.976414949413,7228.9868523311425,7236.81689453125,4926600
4695,2006-11-14,7185.6270378371255,7216.606875520417,7168.817056720246,7204.0068359375,4906000
4696,2006-11-13,7182.746856128687,7191.056876625466,7136.02734375,7136.02734375,3744600
4697,2006-11-10,7159.766668209367,7176.026846861062,7130.536823020741,7174.1669921875,3426600
4698,2006-11-09,7209.866918640108,7242.41706269844,7146.68752017326,7151.09716796875,5517600
4699,2006-11-08,7200.736712656366,7207.296740906826,7176.626960894328,7178.306640625,4177600
4700,2006-11-07,7198.866633363831,7219.0266964457305,7180.716814898,7184.61669921875,4562600
4701,2006-11-06,7036.857805744372,7160.627256614572,7036.857805744372,7120.4072265625,3831400
4702,2006-11-03,7079.677620219479,7186.947149732144,7079.677620219479,7161.5771484375,4542400
4703,2006-11-02,7008.388012566072,7089.6679159348,7005.097988483107,7078.06787109375,3360600
4704,2006-11-01,7036.037986027433,7058.658000858982,7013.95849609375,7013.95849609375,3055200
4705,2006-10-31,7020.318363758429,7025.178205071771,7004.118241675232,7021.2880859375,2393000
4706,2006-10-30,7050.017817545277,7050.017817545277,6995.068359829158,6995.16845703125,2819400
4707,2006-10-27,7112.507695176803,7132.257605364762,7082.647967681643,7086.7080078125,3355400
4708,2006-10-26,7083.117665267632,7119.517401946891,7080.8076171875,7080.8076171875,3492600
4709,2006-10-25,7099.90802307801,7110.898208045563,7059.8583984375,7059.8583984375,3388400
4710,2006-10-24,7075.777930153049,7120.207904194533,7070.137819043918,7097.3876953125,3704800
4711,2006-10-23,7041.6684505376315,7043.44822767041,7008.0982893763685,7040.22802734375,3158600
4712,2006-10-20,7029.618207887857,7048.058066154275,7021.308186761519,7039.33837890625,3082000
4713,2006-10-19,7000.648415496355,7045.958268530026,6986.818400114861,6995.79833984375,3080000
4714,2006-10-18,7021.928202938032,7035.41837630117,6980.038255674498,7017.568359375,3244000
4715,2006-10-17,7133.8176036286,7133.8176036286,7070.2676001255595,7075.09765625,3628600
4716,2006-10-16,7102.937721637746,7159.817344247867,7099.077387734788,7151.38720703125,4736800
4717,2006-10-13,7060.158241782518,7096.477902928495,7046.618263513587,7068.76806640625,4188000
4718,2006-10-12,7032.72780841284,7039.898185986387,6983.428227746118,6984.54833984375,3700800
4719,2006-10-11,6984.41855768048,7022.4584244321,6984.41855768048,7006.63818359375,3780000
4720,2006-10-05,6955.708684330631,7004.388151027919,6926.698562009915,6997.20849609375,4027200
4721,2006-10-04,6967.737852885646,6980.637695677117,6874.9482421875,6874.9482421875,3203200
4722,2006-10-03,6942.038153503106,6976.588288848477,6935.768162576582,6956.84814453125,3152200
4723,2006-10-02,6907.398681523214,6961.748043092506,6907.398681523214,6960.91845703125,3468400
4724,2006-09-29,6887.35837842389,6903.688381249622,6860.488385136603,6883.01806640625,2687800
4725,2006-09-28,6955.5680344840175,6961.887829570326,6857.99817175308,6885.08837890625,3316200
4726,2006-09-27,6957.048290451388,6961.678152109438,6922.958602461681,6946.23828125,3394200
4727,2006-09-26,6945.008101708343,6958.758038477805,6899.3383898503425,6901.71826171875,2707200
4728,2006-09-25,6879.648582293921,6921.328078388704,6844.298646975576,6911.17822265625,2829800
4729,2006-09-22,6872.228088834282,6890.868139633737,6853.988426814278,6885.568359375,2570800
4730,2006-09-21,6924.338220074208,6938.898211597043,6862.248174062093,6889.8583984375,3393400
4731,2006-09-20,6850.368290365135,6890.598085187894,6839.658378850014,6877.73828125,2720000
4732,2006-09-19,6897.558032971436,6915.048186683772,6858.818465540307,6881.83837890625,3209400
4733,2006-09-18,6784.738731835579,6886.268048791284,6775.088873991967,6882.4482421875,3550400
4734,2006-09-15,6584.999465726493,6681.05908203125,6575.839839931571,6681.05908203125,2236400
4735,2006-09-14,6687.539143856278,6691.479067187378,6549.999735782069,6598.83984375,2937200
4736,2006-09-13,6687.679093801415,6690.25916001806,6631.939604974553,6664.83935546875,2316600
4737,2006-09-12,6698.3487837972,6698.3487837972,6620.679222525529,6625.69921875,2422000
4738,2006-09-11,6714.328517671619,6802.808085076579,6674.518644928878,6693.8486328125,2738200
4739,2006-09-08,6664.078748681687,6718.798708037816,6654.738948539236,6693.07861328125,2326000
4740,2006-09-07,6638.759006145258,6689.168926753794,6630.219007003034,6685.19873046875,2200600
4741,2006-09-06,6712.768440684606,6747.948452094629,6661.528933996706,6688.36865234375,2688400
4742,2006-09-05,6764.918805086876,6766.778659738125,6725.548870581705,6734.69873046875,2724000
4743,2006-09-04,6706.47872055512,6761.618602024946,6706.47872055512,6750.74853515625,3043600
4744,2006-09-01,6631.79940719067,6658.099090246648,6625.199340058598,6651.42919921875,2553800
4745,2006-08-31,6647.639484061932,6667.589588028092,6611.73974609375,6611.73974609375,2909800
4746,2006-08-30,6523.650193904412,6602.779713047581,6523.650193904412,6587.08984375,2964000
4747,2006-08-29,6485.950167412319,6500.860255127212,6460.640225157227,6479.88037109375,2170800
4748,2006-08-28,6515.049967975799,6515.049967975799,6422.350201087305,6444.72998046875,2308600
4749,2006-08-25,6594.789232565511,6600.90932136338,6526.18994140625,6526.18994140625,2193400
4750,2006-08-24,6539.9995607539295,6570.589751413575,6525.329706675198,6550.60986328125,2255800
4751,2006-08-23,6584.629752000164,6587.429543759745,6454.680156724434,6556.2998046875,2765800
4752,2006-08-22,6524.690242201983,6590.169921875,6517.249846693624,6590.169921875,2441800
4753,2006-08-21,6715.688965160594,6715.688965160594,6498.149938358444,6505.8896484375,3356200
4754,2006-08-18,6761.3684648746985,6761.3684648746985,6719.718756184265,6721.048828125,2895800
4755,2006-08-17,6752.958893734965,6761.758657582555,6722.548878618556,6733.4287109375,3923000
4756,2006-08-16,6686.1987790001685,6699.798813191204,6663.038730827649,6696.5986328125,3827600
4757,2006-08-15,6628.469665375583,6628.469665375583,6595.31991473883,6615.099609375,2668600
4758,2006-08-14,6588.4400486821,6634.699602500789,6587.329702203488,6611.86962890625,2632200
4759,2006-08-11,6612.449516391741,6617.199494508217,6559.239800595603,6571.06982421875,3074800
4760,2006-08-10,6555.24961907907,6606.249384387343,6555.24961907907,6578.57958984375,3393200
4761,2006-08-09,6493.860228641619,6574.459955088334,6488.559960083749,6573.18994140625,2914200
4762,2006-08-08,6442.650179184509,6502.10986328125,6441.130166730347,6502.10986328125,2314800
4763,2006-08-07,6425.960405676159,6450.030118165587,6405.0601120683405,6416.580078125,2215200
4764,2006-08-04,6483.039852010003,6491.639909906706,6421.520116895074,6442.580078125,2714200
4765,2006-08-03,6495.97982519012,6514.869874843283,6460.000010554905,6462.2900390625,2971800
4766,2006-08-02,6426.20040330232,6488.650311183492,6421.75022847215,6471.39013671875,2553000
4767,2006-08-01,6464.559951641727,6478.309888062057,6435.900416194594,6441.43017578125,2440000
4768,2006-07-31,6528.199855449361,6531.07972497242,6428.230101925857,6454.55029296875,2743000
4769,2006-07-28,6450.010391935911,6490.330030827605,6448.340477736582,6480.0400390625,2875600
4770,2006-07-27,6379.370485395517,6461.890124407098,6373.080475337901,6459.22021484375,2664800
4771,2006-07-26,6389.460388026061,6406.630229697562,6360.080154172807,6376.3603515625,2422600
4772,2006-07-25,6433.289841785802,6435.800083993035,6390.96044921875,6390.96044921875,2636800
4773,2006-07-24,6316.800493420489,6363.650371655562,6308.690668121567,6359.60009765625,2160400
4774,2006-07-21,6396.670518299262,6423.490218089439,6373.560273955513,6419.97998046875,2504000
4775,2006-07-20,6423.580171174413,6446.260242120186,6393.860581986584,6443.71044921875,2962800
4776,2006-07-19,6317.550592977556,6359.790141931717,6277.2109375,6277.2109375,2397000
4777,2006-07-18,6257.421028296954,6293.0907839085185,6244.12079732308,6285.28076171875,2340800
4778,2006-07-17,6402.740043955366,6416.380116815668,6232.461055990738,6257.7705078125,2806600
4779,2006-07-14,6472.2600488203025,6489.619831662249,6413.890202098733,6428.0,2973000
4780,2006-07-13,6591.5296747125,6624.009505464361,6562.509788949405,6567.56982421875,2418000
4781,2006-07-12,6681.868918933765,6725.38873666633,6612.309182884178,6634.05908203125,3078200
4782,2006-07-11,6672.288908717854,6702.609080731835,6639.09912109375,6639.09912109375,2405800
4783,2006-07-10,6609.829435766341,6694.719181705868,6588.519475270302,6682.42919921875,2465400
4784,2006-07-07,6650.98930210275,6671.709421251146,6628.429347701588,6660.5791015625,2908400
4785,2006-07-06,6630.009411447478,6659.0390625,6608.459706309772,6659.0390625,2611600
4786,2006-07-05,6709.178971737705,6741.488881094382,6651.519081814458,6659.92919921875,3062600
4787,2006-07-04,6748.438900063379,6789.518299286397,6722.358942957202,6734.478515625,3220000
4788,2006-07-03,6727.198689862678,6735.308515422231,6705.2188116301995,6718.46875,2609800
4789,2006-06-30,6731.038449955078,6731.038449955078,6682.348735498051,6704.37890625,3862400
4790,2006-06-29,6578.549936688107,6623.359789973183,6574.3697800593945,6607.35986328125,3457800
4791,2006-06-28,6500.349797054233,6540.89990234375,6481.619903273596,6540.89990234375,2825600
4792,2006-06-27,6520.739983863931,6622.779552914353,6512.999785141638,6572.35986328125,3366800
4793,2006-06-26,6464.369903999082,6548.909550749648,6448.479841019242,6523.64990234375,2616600
4794,2006-06-23,6432.430267413279,6462.880322161575,6362.200611140192,6452.2802734375,2878200
4795,2006-06-22,6427.680439592828,6487.880358416388,6397.100501916764,6485.1201171875,2961800
4796,2006-06-21,6354.40062386578,6399.1904546277065,6290.600627606697,6299.560546875,2992200
4797,2006-06-20,6536.079270442423,6552.139253865652,6324.660338137019,6363.52001953125,3614000
4798,2006-06-19,6576.519561096652,6603.949610734706,6541.299996499169,6583.009765625,3014800
4799,2006-06-16,6589.669857743453,6629.299558108456,6550.0997274167,6575.73974609375,3917800
4800,2006-06-15,6531.779784835224,6535.099593667189,6418.740269692865,6426.3603515625,3046800
4801,2006-06-14,6343.630948238914,6494.89001742104,6340.250592709352,6468.97998046875,3233600
4802,2006-06-13,6349.060002757796,6401.519717131249,6328.350139157993,6337.18017578125,2461200
4803,2006-06-12,6384.2903098748375,6443.180174347867,6339.210928431442,6442.8701171875,2227200
4804,2006-06-09,6389.950447888041,6451.140106492641,6268.890948797758,6444.60009765625,3532400
4805,2006-06-08,6562.069229203954,6564.069219795852,6331.7802734375,6331.7802734375,3904600
4806,2006-06-07,6691.469365996569,6699.50936825139,6612.7099609375,6612.7099609375,2512200
4807,2006-06-06,6684.549040272605,6738.748495643693,6621.13917844874,6730.23876953125,3033000
4808,2006-06-05,6956.737645693343,6967.347459600819,6700.439033715723,6715.23876953125,3368200
4809,2006-06-02,6951.388221080672,6967.0580714956,6885.358737042276,6959.6083984375,2893400
4810,2006-06-01,6874.628409562677,6922.307876881302,6868.388204004632,6872.80810546875,2712400
4811,2006-05-30,6910.267772756134,6912.918151095541,6829.368245414944,6846.91845703125,3387400
4812,2006-05-29,6913.068201487259,6919.928033117968,6864.728092492184,6878.84814453125,2647400
4813,2006-05-26,6951.727694021915,6976.297893167982,6856.518172330905,6879.47802734375,4331000
4814,2006-05-25,6892.2381396179,6914.418212805653,6842.88827022851,6861.6181640625,3559400
4815,2006-05-24,6904.2479210203655,6932.247791796778,6791.078521439056,6876.97802734375,3786400
4816,2006-05-23,6874.057965837233,6909.548035629776,6833.948288561512,6843.9482421875,3420800
4817,2006-05-22,7111.387391492282,7112.387386917896,6938.22802734375,6938.22802734375,3904600
4818,2006-05-19,7040.38833492382,7097.238177521242,7010.65848783908,7074.1181640625,3370800
4819,2006-05-18,6989.4484432008985,7045.838325481428,6987.618373333403,7033.998046875,3889200
4820,2006-05-17,7116.717285524355,7144.246944130919,7057.957790007891,7116.79736328125,3889200
4821,2006-05-16,7202.317764777961,7202.867566997271,7069.8681640625,7069.8681640625,4663000
4822,2006-05-15,7225.7663727714325,7240.886420002042,7166.996625153937,7176.31689453125,4617000
4823,2006-05-12,7269.88627231149,7326.446069111258,7267.756399357369,7278.92626953125,4687600
4824,2006-05-11,7271.716719127767,7361.41650390625,7254.937010768146,7361.41650390625,4911200
4825,2006-05-10,7398.235989771423,7426.335958175892,7272.356685967552,7324.67626953125,6624600
4826,2006-05-09,7469.975210925485,7476.035241486674,7364.155876207063,7388.90576171875,6234000
4827,2006-05-08,7438.376139546702,7474.015625,7401.956384224184,7474.015625,5677000
4828,2006-05-05,7409.616031702782,7455.795996387398,7355.386299127552,7370.40625,6998600
4829,2006-05-04,7280.786427388069,7351.836394451953,7278.456848230055,7345.00634765625,6041000
4830,2006-05-03,7242.006837450765,7265.136614222786,7233.806679732603,7242.3369140625,5332200
4831,2006-05-02,7174.897086429028,7217.336832110701,7141.877219179546,7199.56689453125,4970800
4832,2006-04-28,7172.276852968533,7184.336855727861,7103.837228418501,7171.73681640625,4622400
4833,2006-04-27,7203.716975529454,7229.3169558260415,7136.17724609375,7136.17724609375,6353400
4834,2006-04-26,7080.587323301135,7173.526834256122,7047.927318316622,7168.94677734375,4372800
4835,2006-04-25,7125.8678675364945,7166.437997650808,7052.868195711316,7059.908203125,4727400
4836,2006-04-24,7066.157850407534,7141.257606997784,7057.157891280903,7096.0078125,3933400
4837,2006-04-21,7130.647778248922,7160.707700267802,7092.897949762272,7093.017578125,5321000
4838,2006-04-20,7061.347843910242,7107.647926805241,7030.858236154609,7102.7080078125,4328400
4839,2006-04-19,7073.287930194388,7093.398191078103,7038.748046875,7038.748046875,4788200
4840,2006-04-18,7007.4183753398,7007.4183753398,6918.42854505855,6989.42822265625,3949000
4841,2006-04-17,6982.43855644958,7015.878346239738,6950.5485643201355,7000.05810546875,4893800
4842,2006-04-14,6888.148731302183,6952.50830078125,6876.4388238205465,6952.50830078125,4405200
4843,2006-04-13,6850.158228819783,6868.708435910948,6828.918581054297,6855.70849609375,4511400
4844,2006-04-12,6710.58931644157,6813.628882565652,6709.799281005232,6808.46875,3854600
4845,2006-04-11,6772.928637913034,6775.618566879067,6723.198887431381,6757.138671875,3114200
4846,2006-04-10,6759.348730794832,6815.698568749857,6758.038678238761,6780.60888671875,3157200
4847,2006-04-07,6758.78868075223,6802.908594641901,6722.359161113895,6781.90869140625,3417600
4848,2006-04-06,6724.93913054855,6760.78857421875,6710.649157537761,6760.78857421875,3445600
4849,2006-04-04,6679.788996876017,6684.069250560072,6651.929262167929,6665.5693359375,3068200
4850,2006-04-03,6627.289216937348,6672.079049143778,6615.949425558713,6660.72900390625,3261800
4851,2006-03-31,6564.829814631451,6632.599523966044,6564.829814631451,6613.93994140625,3188400
4852,2006-03-30,6540.779809435823,6559.1796266859,6504.7199176083295,6546.02978515625,3339400
4853,2006-03-29,6447.670156353717,6497.99951171875,6444.369878760584,6497.99951171875,2410800
4854,2006-03-28,6433.200290476379,6469.640063708697,6424.910289673229,6453.8203125,2080400
4855,2006-03-27,6408.170473465805,6430.2001564458005,6399.050398578283,6421.8203125,2107000
4856,2006-03-24,6366.930220903785,6401.590215256392,6351.860467076098,6376.59033203125,2262000
4857,2006-03-23,6412.630146181527,6418.449943164572,6344.700288300988,6364.5703125,2365200
4858,2006-03-22,6419.43004436002,6441.240001312461,6387.3300962996955,6391.22998046875,2394400
4859,2006-03-21,6525.269709274389,6535.979620816351,6458.0,6458.0,2418800
4860,2006-03-20,6554.1497273880395,6569.499265454207,6510.549832282358,6516.48974609375,2713000
4861,2006-03-17,6507.519628721309,6530.399893717169,6471.679951163186,6528.53955078125,2697200
4862,2006-03-16,6528.1097554965145,6594.149487216178,6504.94970703125,6504.94970703125,3390600
4863,2006-03-15,6516.109875170396,6534.579515957803,6478.6798732182915,6518.669921875,2740800
4864,2006-03-14,6532.219881765822,6545.089939613094,6444.110424732572,6459.97998046875,2653600
4865,2006-03-13,6520.329702109369,6551.0995793080065,6502.47968702216,6544.599609375,2382400
4866,2006-03-10,6492.009759282409,6528.529608479194,6473.149983966191,6490.64990234375,2328200
4867,2006-03-09,6476.92973188594,6505.5296960607675,6465.199806162964,6486.43994140625,2165800
4868,2006-03-08,6487.03991225966,6521.239949874637,6436.110459597078,6459.5400390625,2669000
4869,2006-03-07,6553.939662545042,6557.119335222459,6494.11962890625,6494.11962890625,2500200
4870,2006-03-06,6547.6998361663545,6582.1796578968915,6531.469930416849,6575.74951171875,2280400
4871,2006-03-03,6643.759349286449,6659.4091793383295,6543.399949599278,6553.6298828125,3014800
4872,2006-03-02,6678.429034828023,6685.419236833172,6637.869164056738,6642.92919921875,3075400
4873,2006-03-01,6517.970163220141,6636.889540727616,6517.970163220141,6613.35986328125,3071800
4874,2006-02-27,6496.51983151041,6567.879853837158,6481.9603283715005,6561.599609375,2658000
4875,2006-02-24,6474.019828373504,6538.18994140625,6473.769829531061,6538.18994140625,2776800
4876,2006-02-23,6523.820086351266,6528.469967304328,6466.180214791233,6474.66015625,2994400
4877,2006-02-22,6634.799321987421,6650.679131187808,6503.670047035058,6530.669921875,3273000
4878,2006-02-21,6708.178843428,6717.498624414692,6631.47900390625,6631.47900390625,2716000
4879,2006-02-20,6652.518713588582,6697.278758305044,6631.7790644233055,6686.5185546875,2765000
4880,2006-02-17,6723.629164477355,6726.698974546178,6665.599158522296,6673.71923828125,3267400
4881,2006-02-16,6661.268660493378,6701.708901105978,6646.998707680076,6683.89892578125,3415400
4882,2006-02-15,6628.949567146308,6659.489466093126,6592.909693433128,6598.4599609375,3137400
4883,2006-02-14,6553.249784974857,6613.829585771039,6540.680018299355,6612.93994140625,2798200
4884,2006-02-13,6591.959823923286,6623.519248643825,6557.7295130867515,6562.259765625,2955000
4885,2006-02-10,6652.299541150899,6652.299541150899,6573.979588173853,6594.8896484375,3459400
4886,2006-02-09,6696.618831993017,6700.828773397621,6620.289108015588,6630.09912109375,3543800
4887,2006-02-08,6712.838943274806,6715.14899114087,6623.19922283609,6624.0791015625,3086600
4888,2006-02-07,6692.388800501426,6747.398798596671,6681.49871442445,6720.048828125,4253800
4889,2006-02-06,6568.319552691437,6719.9287109375,6530.769434343765,6719.9287109375,3912000
4890,2006-02-03,6592.15967903291,6626.399756223308,6547.13986617238,6594.56982421875,3590600
4891,2006-01-25,6500.599755595066,6536.859841452901,6477.309824470425,6532.14990234375,2747000
4892,2006-01-24,6418.550446973398,6478.470092230164,6418.550446973398,6451.91015625,2627600
4893,2006-01-23,6385.850079409523,6417.690262839442,6373.600136581234,6381.9404296875,2766800
4894,2006-01-20,6571.609466533993,6571.609466533993,6475.269584128061,6486.599609375,2899800
4895,2006-01-19,6514.6796762506,6545.859707085741,6442.7498348484505,6512.259765625,3896800
4896,2006-01-18,6620.739178488462,6629.409059977007,6467.699852321045,6498.8896484375,4589800
4897,2006-01-17,6752.208792526032,6775.698429239632,6711.0087890625,6711.0087890625,3884800
4898,2006-01-16,6680.848834046572,6733.488726125198,6664.768830652235,6724.14892578125,3073600
4899,2006-01-13,6729.5490989864265,6729.5490989864265,6669.609433509392,6682.3193359375,3789200
4900,2006-01-12,6782.11838963505,6797.168612673837,6725.538574404788,6725.57861328125,5927800
4901,2006-01-11,6702.439119889711,6741.888643900852,6650.579008924363,6735.85888671875,5109000
4902,2006-01-10,6751.528602850109,6751.528602850109,6678.808726812266,6707.36865234375,4453600
4903,2006-01-09,6752.058548793265,6763.828513772182,6708.558750409454,6742.35888671875,5345200
4904,2006-01-06,6757.378614091596,6760.978206664383,6676.618737157095,6694.78857421875,5881400
4905,2006-01-05,6669.768741307694,6717.088833421943,6666.808794155674,6709.8388671875,5822600
4906,2006-01-04,6658.289359160374,6670.929438044338,6579.630051097943,6616.40966796875,5884200
4907,2006-01-03,6476.170452642281,6591.73974609375,6457.060188846198,6591.73974609375,5181400
4908,2006-01-02,6457.580098636998,6492.889994478374,6424.000175290484,6462.0302734375,4678400
4909,2005-12-30,6589.809378455069,6600.139408823389,6548.3095703125,6548.3095703125,5074600
4910,2005-12-29,6549.690060232328,6600.089730537239,6546.719859063311,6575.49951171875,5351000
4911,2005-12-28,6492.769677875528,6529.989720016215,6479.309779392705,6524.36962890625,3882000
4912,2005-12-27,6539.259729935163,6570.38946846295,6505.429808610082,6531.5595703125,4753400
4913,2005-12-26,6565.639505288428,6573.939759804654,6530.7295107656855,6534.73974609375,4487800
4914,2005-12-23,6450.619917015217,6516.07957366734,6426.200108654264,6512.599609375,4237800
4915,2005-12-22,6501.339941360209,6504.0596552992165,6417.17041015625,6417.17041015625,3791200
4916,2005-12-21,6442.290175152013,6481.530228934252,6427.830280762644,6471.8603515625,4378800
4917,2005-12-20,6428.220212943178,6443.860277189072,6413.430242414374,6427.81005859375,3875800
4918,2005-12-19,6386.330286806893,6439.170374124291,6374.460712871202,6431.39013671875,4477000
4919,2005-12-16,6293.380639739735,6375.300177404878,6293.380639739735,6350.66015625,4467200
4920,2005-12-15,6240.3409050418795,6259.1806605996335,6227.2208492716945,6258.44091796875,2920800
4921,2005-12-14,6272.451000327342,6280.491002243215,6227.321326024137,6235.3212890625,3412600
4922,2005-12-13,6270.210895106809,6282.200585098981,6242.380947202359,6261.15087890625,3442400
4923,2005-12-12,6272.580536859086,6272.580536859086,6206.801059244001,6266.2607421875,3135200
4924,2005-12-09,6269.910618434593,6274.010696915691,6233.200829180579,6264.33056640625,3259400
4925,2005-12-08,6302.051025709175,6316.550958864574,6223.321408183469,6249.1611328125,3718400
4926,2005-12-07,6362.480316053356,6370.790336183091,6290.570980926361,6329.49072265625,4084600
4927,2005-12-06,6319.100244882009,6364.140072698092,6318.920558224778,6350.490234375,4540200
4928,2005-12-05,6280.78059013565,6348.2802734375,6244.4609363231375,6348.2802734375,4458800
4929,2005-12-02,6254.321171589178,6258.310899230546,6209.741299644887,6228.92138671875,4178400
4930,2005-12-01,6196.330977582458,6202.881240015572,6162.8311337501,6179.791015625,3207600
4931,2005-11-30,6172.931294031786,6206.421372879876,6171.351223244586,6203.44140625,3752200
4932,2005-11-29,6192.911867161797,6207.021666479283,6139.48193359375,6139.48193359375,3593000
4933,2005-11-28,6167.051440231523,6212.321249543677,6156.2614512744185,6203.81103515625,3805400
4934,2005-11-25,6133.672338302273,6144.981857250865,6122.142117231034,6128.17236328125,3074400
4935,2005-11-24,6122.942332356573,6143.8421395273535,6104.082066679434,6111.8623046875,3196200
4936,2005-11-23,6095.152472557518,6123.4921875,6074.302469667116,6123.4921875,2941000
4937,2005-11-22,6091.742037848024,6094.652180730633,6050.212443452962,6059.162109375,2584800
4938,2005-11-21,6130.771847802026,6138.371910801287,6093.412154884424,6103.39208984375,2959800
4939,2005-11-18,6084.0420955099835,6121.572197899804,6077.952279515007,6106.71240234375,3979000
4940,2005-11-17,6063.061816879172,6063.061816879172,5994.882444542453,6020.912109375,2750800
4941,2005-11-16,6021.5821444448775,6079.271820291238,6002.152546384137,6046.17236328125,2978600
4942,2005-11-15,6072.45195580743,6073.411912314684,6003.452274244318,6030.71240234375,2717400
4943,2005-11-14,6066.212481855197,6090.842251988132,6061.192485290098,6083.59228515625,2689400
4944,2005-11-11,6050.8423968903135,6075.23193359375,6019.032484025072,6075.23193359375,3559800
4945,2005-11-10,5987.251958192515,6021.351897362405,5971.862381281185,5988.34228515625,3637000
4946,2005-11-09,5843.943453086375,5971.03271484375,5843.363377617772,5971.03271484375,3401200
4947,2005-11-08,5865.883226039022,5867.042888683772,5836.213440377709,5849.60302734375,2513600
4948,2005-11-07,5905.332801736956,5905.332801736956,5842.3433442962,5860.36328125,2443600
4949,2005-11-04,5907.243184369501,5930.213294865654,5888.3731529039405,5911.71337890625,3129600
4950,2005-11-03,5907.193133774543,5908.662853599226,5855.103040546289,5857.98291015625,2776400
4951,2005-11-02,5832.313162260199,5870.34326171875,5816.873291487802,5870.34326171875,2813200
4952,2005-11-01,5803.224099493025,5829.7938051278925,5786.614310343319,5798.38427734375,3006600
4953,2005-10-31,5692.7942662228925,5774.583938087844,5681.174689483132,5764.27392578125,3130400
4954,2005-10-28,5646.774351725595,5690.95432836461,5618.874575140713,5632.94482421875,2940800
4955,2005-10-27,5663.2148345105525,5717.024163484925,5632.2047196865615,5661.15478515625,2890800
4956,2005-10-26,5731.844587822927,5739.914376099222,5672.864870047049,5700.69482421875,2877600
4957,2005-10-25,5796.784332906996,5803.64416574483,5721.28466796875,5721.28466796875,2710600
4958,2005-10-24,5761.304491871219,5766.3244891084005,5713.604508396835,5717.25439453125,2615200
4959,2005-10-21,5678.59450948067,5761.134176329309,5678.59450948067,5738.73388671875,2845400
4960,2005-10-20,5719.004036681015,5763.694265161236,5647.894493553816,5747.97412109375,3730600
4961,2005-10-19,5788.804265360752,5788.804265360752,5692.254402915945,5694.134765625,3237600
4962,2005-10-18,5853.252826104166,5865.213220235446,5805.673455402622,5830.76318359375,2582000
4963,2005-10-17,5990.202369246904,5991.322481271362,5826.2431640625,5826.2431640625,3029200
4964,2005-10-14,5987.022378572893,6006.9324436163315,5967.682623416907,5969.04248046875,2777800
4965,2005-10-13,5970.072708073123,5974.002377544531,5928.832662899779,5960.08251953125,2780600
4966,2005-10-12,6042.121815810757,6045.701877294002,5987.3720703125,5987.3720703125,3132200
4967,2005-10-11,6097.8519072302,6112.652132298823,6065.5419968671,6066.56201171875,2294000
4968,2005-10-07,6090.962360469258,6112.80210427463,6076.122096351106,6081.81201171875,2623000
4969,2005-10-06,6094.15235119166,6105.021930469748,6075.642181798865,6095.7822265625,2866000
4970,2005-10-05,6136.632316731602,6171.842117935904,6125.08207616181,6134.98193359375,3337200
4971,2005-10-04,6141.712404065128,6158.652268710753,6113.992314831081,6142.09228515625,3233400
4972,2005-10-03,6128.942359859895,6139.192313275628,6090.7521037405095,6123.89208984375,2977400
4973,2005-09-30,6053.562307478614,6118.58203125,6047.172688106031,6118.58203125,3646800
4974,2005-09-29,5932.762564542355,6009.96240234375,5930.992553207997,6009.96240234375,3147000
4975,2005-09-28,5943.0927193148445,5961.182479670394,5912.852624347777,5931.3525390625,2538400
4976,2005-09-27,5929.842843255179,5966.942770272692,5905.412779838442,5945.0224609375,2370000
4977,2005-09-26,5967.66242479358,5975.9524256312725,5894.963052975737,5930.1728515625,2349200
4978,2005-09-23,5957.762546492995,5973.69264876352,5899.56261974869,5925.5126953125,2593000
4979,2005-09-22,6017.22244934276,6039.822443521916,5966.132839513368,5972.03271484375,2942000
4980,2005-09-21,6099.10190495435,6121.592036162407,6066.342289604569,6067.31201171875,2645800
4981,2005-09-20,6015.952555842784,6115.512160579078,5994.432634413338,6105.322265625,3146200
4982,2005-09-19,6044.132284698303,6050.372002018592,6023.052303780272,6035.56201171875,2058000
4983,2005-09-16,6080.16188348949,6086.851794024036,6015.532298920941,6031.21240234375,2717800
4984,2005-09-15,6132.42213499845,6139.962139559917,6079.542005869946,6082.5322265625,2663600
4985,2005-09-14,6159.941353446415,6172.861214787518,6132.9614993873565,6148.67138671875,2165600
4986,2005-09-13,6170.341302569479,6186.091229019558,6156.091369114645,6169.05126953125,2617600
4987,2005-09-12,6155.35111907945,6166.081049407623,6130.961584613361,6164.951171875,2486200
4988,2005-09-09,6161.771778258101,6167.871848168569,6108.372118799326,6119.0322265625,2400000
4989,2005-09-08,6157.441370693729,6169.971097155258,6140.311079845758,6149.85107421875,2575200
4990,2005-09-07,6168.48180955288,6168.48180955288,6130.532274512076,6141.1123046875,2522800
4991,2005-09-06,6141.251947959201,6145.271949268504,6123.812085604729,6140.1123046875,2365800
4992,2005-09-05,6131.922211906725,6131.922211906725,6093.972189781495,6098.751953125,2384200
4993,2005-09-02,6081.682285175024,6116.02197265625,6075.322450835316,6116.02197265625,2964000
4994,2005-08-31,6041.831992549062,6078.141883646719,5976.372333574382,6033.4423828125,2955000
4995,2005-08-30,6087.8317740683915,6087.8317740683915,6021.942429643862,6032.09228515625,2676600
4996,2005-08-29,6117.241875429978,6130.761832758841,6031.172447197974,6049.412109375,2578200
4997,2005-08-26,6130.802272035299,6148.922307039865,6106.97230199049,6136.52197265625,2661800
4998,2005-08-25,6103.432157150707,6153.59208490043,6097.202205062097,6109.63232421875,3113400
4999,2005-08-24,6174.221954434236,6174.761991043692,6126.942384039021,6127.21240234375,2879000
5000,2005-08-23,6211.121019488179,6234.2810680396915,6195.1513671875,6195.1513671875,2654600
5001,2005-08-22,6194.861382708764,6207.92138068335,6181.481073720929,6206.62109375,2288400
5002,2005-08-19,6190.30112270311,6190.30112270311,6138.59140364023,6158.9111328125,2560400
5003,2005-08-18,6252.290796348671,6260.250720330175,6204.391116391521,6205.06103515625,3140200
5004,2005-08-17,6216.05138879096,6256.080989196071,6213.561165909243,6241.89111328125,2659400
5005,2005-08-16,6262.841214123977,6266.301159093802,6207.551430224283,6242.37109375,2770600
5006,2005-08-15,6344.8506140750405,6344.8506140750405,6237.991243735082,6245.10107421875,3014200
5007,2005-08-12,6389.24005442256,6398.690205414484,6350.8701171875,6350.8701171875,3607000
5008,2005-08-11,6362.59029026189,6380.3602264901865,6326.340460195979,6353.68017578125,3110800
5009,2005-08-10,6408.8298343837,6430.099754253661,6356.81005859375,6356.81005859375,3416000
5010,2005-08-09,6374.570337709551,6397.340250938514,6361.16024406513,6379.97021484375,3092800
5011,2005-08-08,6400.01016048842,6408.019888719845,6375.86037088844,6380.0,3062400
5012,2005-08-04,6481.5901674860625,6481.5901674860625,6439.860379839544,6445.97998046875,3893000
5013,2005-08-03,6391.650685403496,6455.5400390625,6379.480331399929,6455.5400390625,4033800
5014,2005-08-02,6344.370113150139,6360.400311319855,6296.750219555873,6343.51025390625,3479000
5015,2005-08-01,6320.640565830869,6327.800688825871,6290.900957861923,6307.90087890625,3090200
5016,2005-07-29,6409.530308803601,6420.610335500734,6310.600592203939,6311.95068359375,4865200
5017,2005-07-28,6347.860481202516,6375.6103515625,6325.970446748186,6375.6103515625,4157600
5018,2005-07-27,6363.980298542365,6376.020281856235,6305.9009776227895,6327.220703125,3693600
5019,2005-07-26,6416.190195473056,6439.949849933976,6366.13037109375,6366.13037109375,4096600
5020,2005-07-25,6406.4204751037505,6434.42034520875,6400.080172485979,6420.42041015625,3729800
5021,2005-07-22,6412.8401820015515,6415.400228644985,6365.350169310286,6380.7001953125,3899000
5022,2005-07-21,6344.81028773408,6478.60995742412,6344.81028773408,6394.0,4379000
5023,2005-07-20,6438.190362872207,6480.9401646541055,6415.750037233814,6423.7802734375,5118600
5024,2005-07-19,6403.680234410163,6432.550217580299,6387.830210331318,6416.31005859375,3736400
5025,2005-07-15,6428.410073314114,6454.300089741006,6410.56005859375,6410.56005859375,4524800
5026,2005-07-14,6403.050363831185,6427.289997437362,6375.720412534831,6418.3203125,4243600
5027,2005-07-13,6360.570389517837,6406.960309564483,6352.180291986481,6377.06005859375,4290600
5028,2005-07-12,6337.470314661706,6365.729947915786,6337.470314661706,6358.7802734375,4042400
5029,2005-07-11,6255.370807607084,6305.580535011059,6249.3810893724785,6298.83056640625,3622000
5030,2005-07-08,6199.761237947368,6230.480821801425,6186.761298338847,6201.37109375,2969200
5031,2005-07-07,6219.431120533717,6221.560993469688,6180.551418012034,6212.5712890625,3135600
5032,2005-07-06,6249.261104344262,6256.870932391229,6221.000981285272,6222.02099609375,3558600
5033,2005-07-05,6269.750802104537,6279.171168713446,6232.01123046875,6232.01123046875,2839600
5034,2005-07-04,6269.600593273456,6288.930581095027,6257.8706676031115,6271.1708984375,2599200
5035,2005-07-01,6240.050931001043,6275.450667993495,6195.140984524295,6272.11083984375,2739000
5036,2005-06-30,6278.721021515794,6280.500798457753,6240.811040233561,6241.9111328125,2752600
5037,2005-06-29,6370.110687891842,6375.650701343028,6231.62109375,6231.62109375,3902800
5038,2005-06-28,6303.63092050108,6323.070771746815,6294.150983999537,6316.810546875,2907600
5039,2005-06-27,6307.580544933792,6342.420715023993,6279.360949539162,6302.9609375,3169400
5040,2005-06-24,6350.7104020078705,6363.849988722359,6324.19050705343,6340.66015625,3248600
5041,2005-06-23,6382.570271656736,6401.780142825759,6369.1801975103235,6373.830078125,4360000
5042,2005-06-22,6291.880679915336,6381.20008568866,6291.880679915336,6357.80029296875,4315600
5043,2005-06-21,6304.3006605335195,6304.850462655492,6265.6607041193765,6278.4306640625,3397400
5044,2005-06-20,6311.640556235656,6315.26065658022,6272.941029258442,6296.86083984375,3003800
5045,2005-06-17,6304.210887783183,6357.360542711157,6293.200685130282,6293.53076171875,4754400
5046,2005-06-16,6298.320726448238,6298.320726448238,6248.970858927176,6282.380859375,3643000
5047,2005-06-15,6219.770659169265,6252.07080078125,6215.700854021407,6252.07080078125,3383200
5048,2005-06-14,6244.53106987993,6266.22091059638,6205.73095703125,6205.73095703125,3768600
5049,2005-06-13,6194.871260885216,6236.121070170243,6167.7512690846825,6231.02099609375,3403800
5050,2005-06-10,6188.071308834723,6198.270968414002,6158.101233421033,6192.3212890625,3877600
5051,2005-06-09,6172.341184610206,6188.560835143809,6144.241218671308,6145.89111328125,4624400
5052,2005-06-08,6121.311223672246,6170.441365058926,6121.181341467008,6161.63134765625,3659200
5053,2005-06-07,6144.221992656657,6146.911921801343,6096.812052516438,6105.76220703125,3953800
5054,2005-06-06,6109.272100852277,6140.712387966894,6086.382556212441,6137.5419921875,4139200
5055,2005-06-03,6062.752158952525,6113.462377099514,6051.242445773951,6107.92236328125,4957200
5056,2005-06-02,6008.872211236171,6065.202029772515,6008.872211236171,6039.4521484375,4116400
5057,2005-06-01,6002.522319312006,6023.312263177957,5962.852579083596,5971.5927734375,3569000
5058,2005-05-31,5998.872128925882,6026.501883818881,5981.212542717012,6011.5322265625,3229600
5059,2005-05-30,5996.862363180573,6009.4921875,5971.942556717793,6009.4921875,2670600
5060,2005-05-27,5966.382440997798,5998.751919540193,5966.382440997798,5991.52197265625,3077400
5061,2005-05-26,5902.982589499149,5939.392578125,5883.153090946359,5939.392578125,2243400
5062,2005-05-25,5921.5628375062,5956.612970623157,5879.053265752968,5888.5029296875,2630800
5063,2005-05-24,5888.823334218982,5925.852951083577,5888.823334218982,5909.0732421875,2149200
5064,2005-05-23,5953.2526201792425,5953.2526201792425,5884.033209468231,5885.42333984375,1900400
5065,2005-05-20,5987.072605079826,5996.082329332264,5954.66259765625,5954.66259765625,2434400
5066,2005-05-19,5963.872589781422,5997.732297996416,5958.312556650782,5970.6826171875,2751600
5067,2005-05-18,5901.0531759279365,5921.142928091154,5889.443365574426,5890.80322265625,2193000
5068,2005-05-17,5939.2829967187245,5943.892838995592,5879.163153462554,5893.98291015625,2339000
5069,2005-05-16,5992.282408315411,5997.742344059047,5925.8525390625,5925.8525390625,2757800
5070,2005-05-13,5931.502669748676,6001.162507554093,5925.642833255218,5981.45263671875,3003200
5071,2005-05-12,5917.962967155169,5934.57275390625,5906.342903507516,5934.57275390625,2219200
5072,2005-05-11,5900.692946924747,5924.992639320004,5900.692946924747,5917.1025390625,2147200
5073,2005-05-10,5973.342665114405,5976.802610150814,5939.452684146008,5949.7724609375,2560800
5074,2005-05-09,5957.892619048517,5973.572722973629,5950.602613393427,5966.82275390625,2567800
5075,2005-05-06,5932.0128598889,5974.832487917565,5916.9929091757485,5967.9326171875,3067600
5076,2005-05-05,5851.473006840468,5957.842633339163,5851.473006840468,5927.47265625,3738600
5077,2005-05-04,5827.713757878224,5830.993528133807,5793.223680198708,5803.65380859375,2248600
5078,2005-05-03,5845.113647534728,5865.87331907999,5818.19384765625,5818.19384765625,2478000
5079,2005-04-29,5810.313511594366,5818.04345703125,5780.944015789735,5818.04345703125,2167400
5080,2005-04-28,5775.223452605685,5842.2431640625,5755.053623446823,5842.2431640625,2198200
5081,2005-04-27,5806.663935216836,5817.893865390322,5777.384281194785,5778.244140625,2004200
5082,2005-04-26,5773.7437953244225,5815.113724610689,5755.853739861878,5805.2236328125,2363200
5083,2005-04-25,5753.214378253474,5771.353945168052,5727.394181794715,5758.2841796875,1916000
5084,2005-04-22,5777.464218577057,5799.703864526156,5741.464380683558,5747.06396484375,2737600
5085,2005-04-21,5565.385460429759,5725.454574358433,5565.385460429759,5721.96484375,2931800
5086,2005-04-20,5799.824230527095,5799.824230527095,5682.974654018205,5692.984375,2779200
5087,2005-04-19,5736.944387169404,5773.2938328995115,5726.934178329028,5748.32421875,2540200
5088,2005-04-18,5809.733954724252,5809.733954724252,5679.324866123864,5715.134765625,3243200
5089,2005-04-15,5946.173076094389,5946.173076094389,5875.643124328849,5888.34326171875,3225600
5090,2005-04-14,5966.812545020241,5994.962806855139,5964.302790877602,5976.65283203125,2465800
5091,2005-04-13,6004.462372599621,6008.572216810461,5990.172399845141,5998.05224609375,2184800
5092,2005-04-12,5974.682217967484,5995.902334277282,5955.212581810718,5993.8623046875,1961000
5093,2005-04-11,6021.302542720818,6021.302542720818,5969.372604415069,5979.392578125,2204800
5094,2005-04-08,6002.322365973125,6028.521951958124,5997.262330757541,6024.0419921875,2547200
5095,2005-04-07,6031.982145999714,6043.072427250075,5971.732421875,5971.732421875,3350600
5096,2005-04-06,6025.262152418617,6046.132173013668,6006.782257480129,6013.46240234375,2671200
5097,2005-04-04,6013.67239208441,6048.342153669453,6006.272035673744,6019.90234375,2940200
5098,2005-04-01,6010.682212189009,6028.962401234696,5959.252273837783,6028.72216796875,2898200
5099,2005-03-31,6005.842285201505,6017.012155313629,5995.242236667491,6005.85205078125,2884200
5100,2005-03-30,5940.1529137222615,5980.472552895879,5940.1529137222615,5957.95263671875,2554800
5101,2005-03-29,6035.742333918864,6035.742333918864,5961.212890625,5961.212890625,2672800
5102,2005-03-28,6091.802047824717,6093.1619048488365,6048.71240234375,6048.71240234375,2326800
5103,2005-03-25,6018.762423231052,6065.88232421875,6016.452375236474,6065.88232421875,2536400
5104,2005-03-24,6029.712269049449,6054.621821489677,6000.97216796875,6000.97216796875,2908000
5105,2005-03-23,6005.332096583927,6023.731913852921,5970.172591181264,6019.46240234375,2733200
5106,2005-03-22,6057.871889461045,6057.871889461045,5998.752045656224,6018.76220703125,2869400
5107,2005-03-21,6056.072278761876,6077.912022189837,6051.501987255756,6058.93212890625,2634600
5108,2005-03-18,6039.202170173809,6054.722118236292,6018.602167379783,6043.92236328125,2359800
5109,2005-03-17,6021.772021886363,6054.6820262986475,6002.072405743727,6032.4423828125,2655600
5110,2005-03-16,6052.272064599447,6093.382227736917,6048.372180130495,6072.33203125,2705600
5111,2005-03-15,6155.461980006698,6169.491700764711,6028.142251920752,6063.4521484375,3731200
5112,2005-03-14,6181.801146348733,6193.290838668962,6151.771013456854,6155.48095703125,3259400
5113,2005-03-11,6225.721091480635,6238.401208383017,6194.1113749759725,6204.201171875,3449800
5114,2005-03-10,6207.830983369637,6215.44129952762,6168.731067613009,6192.5009765625,4047000
5115,2005-03-09,6163.53148053129,6227.101010001163,6163.53148053129,6213.2509765625,3574400
5116,2005-03-08,6250.5509090808955,6255.650982936959,6156.951248220165,6173.31103515625,4069600
5117,2005-03-07,6224.411114658481,6257.511059020913,6220.4912109375,6220.4912109375,3749800
5118,2005-03-04,6191.391123515093,6219.040897249921,6178.23102847737,6193.59130859375,3450400
5119,2005-03-03,6219.681071849619,6219.681071849619,6164.121271319255,6202.35107421875,3528000
5120,2005-03-02,6267.491015324501,6267.491015324501,6219.901391806055,6225.22119140625,3543000
5121,2005-03-01,6227.390776031559,6260.290524395745,6207.750731233437,6259.66064453125,4353800
5122,2005-02-25,6195.2114842067695,6233.500857298215,6192.351145918265,6207.80126953125,5020600
5123,2005-02-24,6123.562033291011,6171.532030276654,6109.872154058024,6128.31201171875,4080200
5124,2005-02-23,6082.312189854879,6128.672330635947,6048.602382182692,6121.4921875,3264600
5125,2005-02-22,6155.511986595495,6160.97192265047,6106.162113841037,6107.14208984375,3149000
5126,2005-02-21,6145.53221396549,6172.242053884088,6133.082075062993,6142.751953125,4384400
5127,2005-02-18,6072.422558888121,6128.612244567437,6062.932367704277,6115.40234375,3656200
5128,2005-02-17,6118.592072204837,6139.621760970079,6072.13232421875,6072.13232421875,3709200
5129,2005-02-16,6134.501993718782,6158.771903298862,6086.2722317477055,6143.46240234375,3705600
5130,2005-02-15,6121.942384721441,6142.412018229748,6106.472240204393,6122.3623046875,3044800
5131,2005-02-14,6130.291910591427,6148.922196854165,6089.412213920245,6112.3720703125,3814400
5132,2005-02-03,6028.912135480068,6044.402298412938,6006.202279282623,6034.572265625,3194800
5133,2005-02-02,6016.302257006389,6064.632111640188,6010.731970265003,6018.662109375,4000600
5134,2005-02-01,6015.752284884175,6015.752284884175,5979.892585531133,5981.5126953125,3192200
5135,2005-01-31,5905.272385571244,6002.34224736048,5900.342720960458,5994.2021484375,4459200
5136,2005-01-28,5845.563145124221,5902.693255285808,5836.4435578701505,5879.9033203125,3053000
5137,2005-01-27,5849.203095260517,5859.6732619793165,5820.693460676866,5842.73291015625,2340400
5138,2005-01-26,5815.453216538143,5847.38324537073,5810.113397363107,5835.34326171875,2345600
5139,2005-01-25,5759.184187377402,5796.82415564938,5734.844452552833,5782.72412109375,2587400
5140,2005-01-24,5859.863861387639,5862.593829615351,5763.81399910158,5771.4541015625,2611600
5141,2005-01-21,5877.283072725888,5898.832778466732,5846.923348842977,5848.88330078125,2485600
5142,2005-01-20,5835.653559398376,5918.303084778109,5835.653559398376,5888.0732421875,3150000
5143,2005-01-19,5952.562727533341,5961.752627076057,5895.3232421875,5895.3232421875,2667200
5144,2005-01-18,5964.052593774185,5964.052593774185,5926.772492135872,5933.54248046875,2337600
5145,2005-01-17,5955.592725834871,5969.00233212928,5940.032738805634,5945.24267578125,3187800
5146,2005-01-14,5831.673603494858,5895.323215603079,5813.123395113105,5889.4931640625,3104200
5147,2005-01-13,5899.732699953742,5922.232596732996,5828.063106870866,5853.9130859375,3119800
5148,2005-01-12,5957.872686828309,5978.3828470443095,5878.363284401633,5879.05322265625,2901000
5149,2005-01-11,5948.042606718089,5993.362711838943,5942.112946351474,5975.6328125,2509600
5150,2005-01-10,5950.092739987288,5962.612701912461,5929.082582751679,5942.82275390625,2406400
5151,2005-01-07,5990.752189021775,6007.3121713327,5934.802739719184,5935.962890625,2991000
5152,2005-01-06,5988.692840925279,6002.492582535073,5971.552782552601,5982.0927734375,2381000
5153,2005-01-05,5999.442331222792,6030.161915009817,5988.34228515625,5988.34228515625,2850000
5154,2005-01-04,6117.842021506086,6129.351734273686,6053.1523771816555,6060.43212890625,3213200
5155,2005-01-03,6166.3621992603075,6183.121888953482,6129.252015830034,6143.09228515625,4212000
5156,2004-12-31,6118.602146249297,6160.932032486422,6077.482215464758,6139.662109375,4251200
5157,2004-12-30,6109.952106831663,6117.632247576065,6087.292053956956,6100.83203125,3516200
5158,2004-12-29,6038.112534850551,6102.862238861898,6038.112534850551,6088.46240234375,4346800
5159,2004-12-28,5980.1021455864275,6020.561918861267,5980.1021455864275,6000.5419921875,2141600
5160,2004-12-27,6017.99252923958,6017.99252923958,5973.142636458399,5985.91259765625,2457200
5161,2004-12-24,5989.742324592447,6037.682044338477,5989.702285715076,6019.39208984375,2527000
5162,2004-12-23,6002.771948851162,6011.4022798958995,5966.072412123948,5997.64208984375,2258800
5163,2004-12-22,6008.6420566861,6043.741991565751,6001.4921875,6001.4921875,3496600
5164,2004-12-21,5981.94241014269,6000.742127447115,5975.702204772825,5987.822265625,2649600
5165,2004-12-20,5913.243007737166,5985.91259765625,5910.013042022954,5985.91259765625,2786200
5166,2004-12-17,6019.771924118453,6028.722077978323,6002.362336782194,6009.2919921875,3083600
5167,2004-12-16,6006.972224518376,6025.43210009974,5990.562144146516,6019.2021484375,3941000
5168,2004-12-15,5930.822598213826,6011.092245558839,5912.922778866159,6002.55224609375,4807000
5169,2004-12-14,5908.103034251238,5909.623046875,5873.373211607388,5909.623046875,2326200
5170,2004-12-13,5901.423236786722,5978.932648337902,5818.253206562788,5878.86328125,4099400
5171,2004-12-10,5906.232934551724,5911.60302734375,5869.043162092673,5911.60302734375,2654600
5172,2004-12-09,5894.633388468651,5923.513140136968,5886.763307019526,5913.943359375,2891000
5173,2004-12-08,5908.892991615973,5908.892991615973,5879.853084905203,5892.48291015625,2429200
5174,2004-12-07,5907.842853778956,5927.652820954021,5885.7726431281735,5925.25244140625,2394000
5175,2004-12-06,5864.423104341613,5922.772444169167,5857.613077207095,5919.142578125,2679000
5176,2004-12-03,5869.483018431071,5893.2431640625,5850.863474373956,5893.2431640625,2654200
5177,2004-12-02,5861.49319349107,5867.92333984375,5826.483099813989,5867.92333984375,3138800
5178,2004-12-01,5778.034271445853,5815.8441612954975,5745.024164862457,5798.59423828125,2559600
5179,2004-11-30,5770.783542908691,5844.73291015625,5722.153883540499,5844.73291015625,3074200
5180,2004-11-29,5797.924259638801,5812.143922592926,5756.38440639523,5785.23388671875,2758000
5181,2004-11-26,5883.563494884339,5935.173615316822,5778.6240234375,5778.6240234375,3897800
5182,2004-11-25,5925.052902330923,5925.052902330923,5855.21337890625,5855.21337890625,2627000
5183,2004-11-24,5868.703318444084,5918.673306269875,5862.963598426376,5911.283203125,3040800
5184,2004-11-23,5856.683079720514,5872.852927378559,5790.243443261324,5851.0732421875,2595400
5185,2004-11-22,5962.2923988372495,5970.302615898065,5838.39306640625,5838.39306640625,2997600
5186,2004-11-19,6053.1722402034475,6065.652163036699,6018.1621479828245,6026.52197265625,3279000
5187,2004-11-18,6063.532161831131,6088.092107430844,6035.332096259929,6049.46240234375,4276000
5188,2004-11-17,5916.0928048015085,6028.65234375,5904.582604033547,6028.65234375,4473800
5189,2004-11-16,5917.393036556786,5937.593140091334,5894.953197104592,5910.8232421875,2528200
5190,2004-11-15,5961.052975365021,5974.322934562548,5906.123049330352,5906.6630859375,2836400
5191,2004-11-12,5901.762766339248,5952.422688483932,5894.362898191138,5917.1328125,3198400
5192,2004-11-11,5919.742957201351,5931.343001827556,5873.252935357253,5874.4931640625,2241000
5193,2004-11-10,5948.352539569759,5957.552692591218,5899.222882595275,5948.462890625,3005600
5194,2004-11-09,5944.572756666278,5947.482411252597,5900.002649158447,5945.1728515625,2406600
5195,2004-11-08,5937.132813880689,5942.832494663111,5894.952832351559,5937.4326171875,2931600
5196,2004-11-05,5936.2826917934035,5959.852407353632,5896.04264292867,5931.28271484375,4261400
5197,2004-11-04,5864.093246184216,5890.923201366455,5831.523082930302,5860.703125,3136600
5198,2004-11-03,5761.453589337646,5862.8232421875,5744.393608889484,5862.8232421875,3496400
5199,2004-11-02,5670.744539797521,5759.583984375,5648.264660335145,5759.583984375,2564800
5200,2004-11-01,5725.624199822157,5732.674461142044,5628.224734707916,5656.14453125,2416400
5201,2004-10-29,5693.084529704924,5717.6747523124895,5673.044579817913,5705.90478515625,2947000
5202,2004-10-28,5723.634640355662,5735.214666857043,5690.004419185033,5695.53466796875,3311200
5203,2004-10-27,5663.734317534701,5676.914434095519,5597.774652964828,5650.94482421875,2631800
5204,2004-10-26,5715.464607861241,5715.464607861241,5655.954620780806,5662.8544921875,2673400
5205,2004-10-22,5833.603739680014,5837.7038189618725,5768.0942676338855,5774.64404296875,2910800
5206,2004-10-21,5765.224263898299,5849.15406501487,5756.234069655745,5797.21435546875,3759200
5207,2004-10-20,5790.214346972353,5808.884185376588,5760.38440221371,5788.31396484375,2542400
5208,2004-10-19,5815.883752197419,5824.1136953023115,5765.293649844714,5807.763671875,2889600
5209,2004-10-18,5848.123682563152,5857.513777181865,5772.09423828125,5772.09423828125,2323200
5210,2004-10-15,5817.783217011131,5863.883101975738,5781.993343072841,5820.79296875,3454200
5211,2004-10-14,5924.412655913793,5924.412655913793,5823.553257150888,5831.04296875,3807000
5212,2004-10-13,5993.912456100845,6005.962693812788,5957.442896770846,5963.04248046875,3479200
5213,2004-10-12,6073.442441654826,6077.942421076912,5979.53271484375,5979.53271484375,4706000
5214,2004-10-11,6079.222213811494,6096.251921130376,6041.28244581584,6089.251953125,4111600
5215,2004-10-08,6082.982020938928,6115.902280944762,6073.382455347871,6102.13232421875,4336600
5216,2004-10-07,6116.072205883508,6133.931987716901,6066.162277243049,6102.97216796875,4582800
5217,2004-10-06,6093.19223305656,6135.521628510885,6060.58203125,6060.58203125,6450400
5218,2004-10-05,6088.02194043486,6111.202010123306,6062.982015977528,6080.98193359375,4486400
5219,2004-10-04,6020.652606044056,6084.282197484303,6012.8923876733525,6077.93212890625,6513600
5220,2004-10-01,5869.392927341734,5945.32275390625,5857.513099166983,5945.32275390625,4421400
5221,2004-09-30,5864.022864872379,5899.512936203,5827.353111461315,5845.6630859375,3395600
5222,2004-09-29,5843.673674044159,5877.053405364146,5809.7236328125,5809.7236328125,3585000
5223,2004-09-27,5871.9930593819745,5884.222983699333,5832.343339082442,5849.193359375,2714800
5224,2004-09-24,5943.843026262492,5943.843026262492,5882.853069868308,5892.18310546875,3484200
5225,2004-09-23,5921.652903737407,5938.452631054128,5907.172989955585,5937.22265625,3123200
5226,2004-09-22,5961.882850377139,5970.15283203125,5929.213078132159,5970.15283203125,3871000
5227,2004-09-21,5901.9430884440935,5949.232421875,5894.4929273738835,5949.232421875,4439800
5228,2004-09-20,5846.713460416837,5892.332880417272,5814.123277626386,5864.51318359375,3902200
5229,2004-09-17,5901.763293931822,5901.763293931822,5814.373553238787,5818.36376953125,3456800
5230,2004-09-16,5826.353322153865,5895.033184843496,5826.353322153865,5891.02294921875,3219400
5231,2004-09-15,5910.732728606377,5929.762914995532,5861.423383845891,5871.04296875,3130200
5232,2004-09-14,5956.132644411916,5970.2624619576945,5915.212911548332,5919.74267578125,4730800
5233,2004-09-13,5917.5825684712,5942.13274820241,5888.923032694367,5928.19287109375,4379200
5234,2004-09-10,5876.883159662713,5898.772707546387,5831.8433274993,5846.1630859375,3852800
5235,2004-09-09,5853.852977016345,5859.763106101889,5817.393183657322,5842.9033203125,3596600
5236,2004-09-08,5866.2928754966815,5887.463188400221,5835.303271763743,5845.9931640625,4918200
5237,2004-09-07,5786.163364467793,5846.80322265625,5786.163364467793,5846.80322265625,3721200
5238,2004-09-06,5747.314093209751,5784.764120729362,5712.924598852583,5775.96435546875,3330400
5239,2004-09-03,5859.753463163015,5880.183547172395,5758.74415127151,5761.1142578125,5011400
5240,2004-09-02,5870.292888591156,5871.573156154194,5817.763344464828,5852.8232421875,4283400
5241,2004-09-01,5799.793236107777,5865.582973569036,5799.793236107777,5858.11328125,4156000
5242,2004-08-31,5757.714390478552,5864.543500812503,5745.30428993214,5765.51416015625,4501600
5243,2004-08-30,5791.844225182177,5819.313828943874,5771.003986315653,5788.9140625,3096400
5244,2004-08-27,5811.174256190663,5837.583806276089,5785.4043516875745,5797.68408203125,3774200
5245,2004-08-26,5743.364087022951,5831.213786226673,5743.364087022951,5813.36376953125,5314800
5246,2004-08-23,5651.744670171033,5674.374451483817,5620.484556473502,5660.94482421875,3136800
5247,2004-08-20,5601.324804160897,5670.324492584018,5591.004538263372,5622.83447265625,4116800
5248,2004-08-19,5490.655294102806,5605.014639148563,5488.785185389967,5602.96484375,4412400
5249,2004-08-18,5349.215692231549,5427.72509765625,5299.595802699562,5427.72509765625,3102600
5250,2004-08-17,5383.716123859958,5391.335718642501,5341.096197542176,5342.46630859375,1712800
5251,2004-08-16,5380.61608294745,5380.685906854056,5351.98583984375,5351.98583984375,1384800
5252,2004-08-13,5332.965595102932,5408.734776285519,5313.775254078301,5389.9052734375,2146000
5253,2004-08-12,5349.505455188395,5372.735330005863,5329.725759991741,5367.99560546875,1616800
5254,2004-08-11,5438.4054383548755,5438.4054383548755,5353.915588294996,5367.3154296875,2083400
5255,2004-08-10,5407.805110682426,5433.294739092416,5389.274922797455,5393.705078125,2241600
5256,2004-08-09,5332.415348114777,5405.7651074792975,5323.9354067558215,5399.42529296875,1893400
5257,2004-08-06,5372.205202334039,5466.264827098111,5372.205202334039,5399.13525390625,3303200
5258,2004-08-05,5334.585387629549,5442.294854384427,5255.035947923437,5427.5849609375,3394800
5259,2004-08-04,5338.395899120173,5345.605827613031,5287.75599028076,5316.84619140625,1928000
5260,2004-08-03,5357.535688472741,5396.375355550584,5345.475684737002,5367.19580078125,2110600
5261,2004-08-02,5404.165775088081,5404.165775088081,5337.545955810715,5350.3759765625,1948600
5262,2004-07-30,5414.675319934091,5450.354843519988,5405.285226354055,5420.544921875,2532200
5263,2004-07-29,5378.2059269120255,5399.196067410454,5349.63623046875,5349.63623046875,1871200
5264,2004-07-28,5431.565211920517,5444.685269609326,5375.665563078394,5383.54541015625,2305200
5265,2004-07-27,5335.53544708189,5429.715188435172,5280.395564709846,5398.5849609375,2737400
5266,2004-07-26,5318.646054610272,5336.835914390072,5297.235994437275,5331.68603515625,1788200
5267,2004-07-23,5372.325690408435,5427.625243862115,5360.275452185649,5373.82568359375,2520000
5268,2004-07-22,5301.516016588169,5395.755335660361,5285.136207996614,5387.935546875,2860800
5269,2004-07-21,5388.325290977675,5440.635108748392,5361.795139679225,5409.10498046875,3031000
5270,2004-07-20,5453.725498861144,5476.72539553294,5314.57622165259,5325.65625,3141000
5271,2004-07-19,5483.58498584499,5527.984686760161,5433.285409352095,5489.0751953125,2378800
5272,2004-07-16,5501.90527438777,5577.164699391756,5501.90527438777,5502.115234375,2443200
5273,2004-07-15,5596.044682546793,5611.614925093469,5506.185222982308,5542.77490234375,2938600
5274,2004-07-14,5695.1744816398905,5698.83413308534,5623.62451171875,5623.62451171875,2476000
5275,2004-07-13,5718.154639524901,5720.924646685794,5683.534676943964,5685.54443359375,2600800
5276,2004-07-12,5802.324022773881,5804.89383544423,5751.374056423841,5758.71435546875,2947600
5277,2004-07-09,5736.924499018677,5779.864248093233,5694.734258305744,5777.6943359375,2515600
5278,2004-07-08,5743.794298362519,5780.654486115557,5709.584489455997,5713.36474609375,2567400
5279,2004-07-07,5643.624884657373,5745.0746302521875,5643.624884657373,5727.75439453125,2338200
5280,2004-07-06,5675.294691548907,5733.54443359375,5656.894870687555,5733.54443359375,2021400
5281,2004-07-05,5687.584347806326,5707.054475303758,5627.694968042813,5659.75439453125,2214600
5282,2004-07-02,5738.194374125088,5775.733755855843,5716.744275408473,5746.67431640625,2490600
5283,2004-07-01,5849.713319875401,5870.562833321902,5810.853147108348,5836.88330078125,3253800
5284,2004-06-30,5800.863458539789,5851.143012460302,5790.673563996878,5839.4130859375,3451800
5285,2004-06-29,5672.694646040694,5741.494140625,5652.414464013011,5741.494140625,2266600
5286,2004-06-28,5806.59429619813,5807.233941791229,5680.484505425553,5709.814453125,2538800
5287,2004-06-25,5767.354160761278,5827.944222564512,5753.484105433387,5802.52392578125,3436800
5288,2004-06-24,5765.624083621888,5799.784086901869,5720.354266810897,5779.06396484375,3378800
5289,2004-06-23,5591.765257841617,5758.124383863334,5591.765257841617,5729.2744140625,3804000
5290,2004-06-21,5666.584467645527,5666.584467645527,5542.335024487768,5556.51513671875,2546800
5291,2004-06-18,5628.774636253705,5632.094933907366,5551.075276646417,5569.26513671875,2572400
5292,2004-06-17,5558.17528050773,5709.474406989163,5558.17528050773,5664.32470703125,3690800
5293,2004-06-16,5722.154547796852,5722.154547796852,5526.575345618263,5560.13525390625,2999600
5294,2004-06-15,5546.245079567419,5646.46484375,5514.145126255976,5646.46484375,3034400
5295,2004-06-14,5753.20427776828,5782.644087650847,5560.754942231895,5574.05517578125,3003600
5296,2004-06-11,5806.803875408065,5827.483469593126,5728.174347404736,5735.0439453125,3355000
5297,2004-06-10,5915.932883713225,5938.582682388849,5834.013336783984,5867.48291015625,3281400
5298,2004-06-09,5972.102509592067,6010.02225766134,5948.902908896531,5965.6728515625,3163200
5299,2004-06-08,6004.962317591565,6010.472057602046,5937.702376373573,5986.73193359375,4528000
5300,2004-06-07,5802.983033673395,5938.012685084932,5793.9332706744235,5935.79248046875,3745200
5301,2004-06-04,5667.054943895055,5734.454547311558,5630.095146879741,5724.86474609375,3223000
5302,2004-06-03,5906.063402662223,5919.693712733901,5671.4248046875,5671.4248046875,3612400
5303,2004-06-02,5907.982762343035,5945.512864243825,5875.193361430442,5875.64306640625,2643000
5304,2004-06-01,5991.462866461174,5999.7426137970415,5895.142993932852,5986.1728515625,3360400
5305,2004-05-31,6106.162010559058,6106.162010559058,5977.8125,5977.8125,3370400
5306,2004-05-28,6087.202375318974,6137.23193359375,6035.902803272396,6137.23193359375,3850000
5307,2004-05-27,6068.922197663391,6074.552054503773,6001.412255199538,6033.02197265625,3223200
5308,2004-05-26,6098.501624069886,6116.421951475336,6026.872072021584,6027.2421875,4661200
5309,2004-05-25,5917.052923904966,6020.512410051774,5917.052923904966,5958.3525390625,3656400
5310,2004-05-24,5927.4326844650905,6021.472290782274,5873.772775143754,5942.052734375,4151000
5311,2004-05-21,5836.053325078665,5993.252311494195,5805.693600969396,5964.91259765625,4995400
5312,2004-05-20,5779.953773561517,5926.243149332881,5727.654206005656,5815.3037109375,5110200
5313,2004-05-19,5690.15410115146,5861.502925335571,5684.493970838508,5860.55322265625,4309800
5314,2004-05-18,5500.615489954777,5613.324945871818,5461.165471407095,5557.6552734375,3510200
5315,2004-05-17,5632.554496241071,5632.554496241071,5450.695458925516,5482.93505859375,3596800
5316,2004-05-14,5930.27324052326,5934.773220365975,5777.2939453125,5777.2939453125,3226800
5317,2004-05-13,5928.5424320473885,5971.412351159192,5878.582701943269,5918.0625,3070800
5318,2004-05-12,5970.532660833377,6026.612481617603,5950.482459871594,5958.7626953125,4184200
5319,2004-05-11,5855.6934991629405,5890.573222842186,5704.183936495246,5886.3330078125,3973800
5320,2004-05-10,5929.692876808666,5929.692876808666,5803.713477150646,5825.02294921875,3065800
5321,2004-05-07,5892.912788188513,6040.23193359375,5889.862997553763,6040.23193359375,4016000
5322,2004-05-06,5940.823101043326,5999.712970151515,5818.543383276,5909.76318359375,4855400
5323,2004-05-05,6190.871502448389,6190.871502448389,5854.203125,5854.203125,5183800
5324,2004-05-04,6109.471557556573,6191.81101797793,6067.841868549718,6188.12109375,4275800
5325,2004-05-03,6102.571929458114,6123.501520351492,5986.822463733486,6029.7421875,3894000
5326,2004-04-30,6331.411137498868,6343.000928522665,6023.552674778481,6117.7822265625,6353800
5327,2004-04-29,6484.949810239536,6515.999470473279,6354.420632350163,6402.18017578125,5336600
5328,2004-04-28,6636.269247843914,6673.019078628532,6556.839926077923,6574.7197265625,4132600
5329,2004-04-27,6717.488930515842,6720.10903557731,6582.679495829721,6646.76904296875,4301600
5330,2004-04-26,6752.868455830598,6775.63836932774,6704.548856624807,6710.6689453125,4261600
5331,2004-04-23,6791.32841294817,6806.948457799953,6694.558841552405,6748.06884765625,4996200
5332,2004-04-22,6867.838236902753,6912.057758199654,6678.669193144385,6732.05859375,7592800
5333,2004-04-21,6801.718789003708,6844.7088261106455,6792.118735399153,6810.21875,5734600
5334,2004-04-20,6837.52863584555,6856.948468474194,6790.538617419264,6799.93896484375,6104000
5335,2004-04-19,6852.418607559549,6870.678289012472,6767.138727238691,6779.14892578125,6694000
5336,2004-04-16,6750.2591003165435,6840.718646647007,6729.129314349079,6818.1689453125,7174600
5337,2004-04-15,6905.128125230237,6916.277975852849,6736.7587890625,6736.7587890625,7625000
5338,2004-04-14,6772.38868069196,6880.1484375,6772.38868069196,6880.1484375,7510200
5339,2004-04-13,6824.198592946443,6838.828408469919,6766.838993487484,6794.298828125,7997000
5340,2004-04-12,6701.328965627097,6801.468640634288,6701.328965627097,6777.74853515625,6735400
5341,2004-04-09,6650.279157710437,6662.279101952045,6607.8594329409925,6620.3291015625,4827000
5342,2004-04-08,6666.699247008608,6690.419352502755,6647.38927743375,6672.8291015625,4764800
5343,2004-04-07,6642.399434009843,6657.389110729684,6606.799501114086,6646.70947265625,4361800
5344,2004-04-06,6715.868768084483,6744.528791468784,6626.979043451768,6635.50927734375,6736800
5345,2004-04-05,6627.19947422574,6684.739248421861,6555.3799806055995,6682.69921875,6233600
5346,2004-04-02,6566.729394045245,6581.959792353594,6527.049890065708,6545.509765625,5160000
5347,2004-04-01,6504.509853566812,6534.659615994481,6459.710256780916,6523.4599609375,5437200
5348,2004-03-31,6554.919769814801,6569.529565282818,6482.77996794216,6522.15966796875,6227600
5349,2004-03-30,6492.899910639765,6534.989558198671,6441.4001506939085,6494.6796875,6171800
5350,2004-03-29,6348.830654357239,6474.140136442441,6327.310733832208,6474.080078125,4786600
5351,2004-03-26,6227.1416607428,6239.201664603675,6117.242257164253,6132.59228515625,4614400
5352,2004-03-25,6234.790650226713,6250.370655449355,6142.871158463753,6156.701171875,5666200
5353,2004-03-24,6265.711183852714,6265.711183852714,6100.801792193328,6213.53125,6543000
5354,2004-03-23,6033.621743577756,6299.060446188034,6020.612038668733,6172.861328125,10157600
5355,2004-03-22,6360.300291047882,6367.999962019405,6358.700200885305,6359.89013671875,2250800
5356,2004-03-19,6783.4889142919255,6833.458900001614,6751.509080464586,6815.05859375,6782600
5357,2004-03-18,6572.699717184457,6791.818825461744,6570.499532002472,6786.99853515625,7070000
5358,2004-03-17,6654.439589379893,6669.899479166954,6577.94970703125,6577.94970703125,5359200
5359,2004-03-16,6645.399646409967,6660.789224146809,6564.279901891521,6589.68994140625,6660800
5360,2004-03-15,6897.74780983951,6897.74780983951,6635.94921875,6635.94921875,7991200
5361,2004-03-12,6781.078701193453,6837.048658830228,6766.129062862474,6800.208984375,6675400
5362,2004-03-11,6825.1784713352645,6906.46813534835,6805.678561302789,6879.078125,5850000
5363,2004-03-10,6967.127992093156,6995.447685572372,6874.87841796875,6874.87841796875,7474600
5364,2004-03-09,6901.828452854867,6974.918452251357,6865.168951724596,6973.8681640625,5971800
5365,2004-03-08,6997.62797565877,7025.077556455281,6901.4482421875,6901.4482421875,6972000
5366,2004-03-05,7106.2775769613045,7134.967387231124,6943.438477522192,6943.6484375,11558200
5367,2004-03-04,6963.198561957717,7045.43842525985,6963.198561957717,7034.068359375,10086400
5368,2004-03-03,6981.508074744859,7003.847816214008,6929.97803723382,6932.13818359375,10369200
5369,2004-03-02,6964.628466198264,6984.378376333359,6897.3284794540405,6975.22802734375,10848200
5370,2004-03-01,6816.758630861508,6896.32808846415,6816.758630861508,6888.3984375,10040600
5371,2004-02-27,6732.598715723257,6756.728486832273,6713.638842556331,6750.5087890625,7688200
5372,2004-02-26,6709.398850237905,6730.928534874111,6660.488922343694,6693.21875,7409400
5373,2004-02-25,6619.659293533678,6672.209343204827,6595.2096996998,6644.2490234375,6631800
5374,2004-02-24,6650.129602876016,6686.819375714672,6589.19970703125,6589.19970703125,6696200
5375,2004-02-23,6686.639064261794,6695.419297180129,6607.3293716677335,6665.859375,7132000
5376,2004-02-20,6691.998901186323,6708.0090812046465,6656.029340625468,6665.50927734375,7999600
5377,2004-02-19,6647.8292565338625,6688.10934452098,6626.439706574305,6681.4892578125,8956200
5378,2004-02-18,6656.069593931927,6661.099356037565,6586.710048514608,6605.81982421875,8731200
5379,2004-02-17,6586.460025057488,6616.009694213103,6576.190052630274,6600.43994140625,8255000
5380,2004-02-16,6566.7294857797215,6590.219611839405,6518.070042184524,6565.33984375,8431400
5381,2004-02-13,6467.120008089337,6554.749485834682,6459.110279489298,6549.14990234375,8014800
5382,2004-02-12,6505.499682667453,6578.789382601142,6397.310241879386,6436.92041015625,9903800
5383,2004-02-11,6518.13007681343,6518.13007681343,6440.270084554085,6454.3603515625,8651600
5384,2004-02-10,6489.61962279375,6503.209891414933,6425.289844821431,6488.3095703125,8913400
5385,2004-02-09,6442.810151915896,6475.350041017592,6422.590518536027,6463.06005859375,8519800
5386,2004-02-06,6321.120268145315,6384.059914482671,6314.800473554549,6353.3203125,7283400
5387,2004-02-05,6241.890747551561,6323.720443208154,6241.890747551561,6268.11083984375,6152600
5388,2004-02-04,6271.511091304835,6297.890852354825,6233.851108884081,6241.361328125,5593000
5389,2004-02-03,6281.500350987401,6281.500350987401,6210.320997023182,6252.20068359375,5948600
5390,2004-02-02,6379.950405364296,6388.940598064068,6319.9306640625,6319.9306640625,6237800
5391,2004-01-30,6331.680379802888,6386.100047433293,6329.1403526072045,6375.35009765625,5876600
5392,2004-01-29,6348.900710530266,6379.020199651954,6303.180707873069,6312.62060546875,6792000
5393,2004-01-28,6360.680294898737,6421.420245984268,6335.510490415016,6386.22021484375,7029800
5394,2004-01-27,6371.470276096417,6399.789968199382,6334.790271433116,6384.60009765625,6100400
5395,2004-01-16,6300.730323661591,6311.430468974603,6264.010768681707,6269.6806640625,4811400
5396,2004-01-15,6297.5603915147385,6306.920699301241,6253.610890025155,6264.3408203125,5183200
5397,2004-01-14,6195.06091982422,6298.690807083637,6190.3211958596185,6274.94091796875,4982600
5398,2004-01-13,6239.131213406741,6255.910920723237,6195.611395760532,6210.19140625,3861200
5399,2004-01-12,6225.201146307248,6246.591183950677,6196.381455576814,6219.68115234375,3733400
5400,2004-01-09,6241.330988160194,6257.861185121788,6207.6612220562265,6226.951171875,6117800
5401,2004-01-08,6180.331002433068,6189.571193658315,6142.2115515366495,6169.14111328125,4964000
5402,2004-01-07,6174.922210552589,6215.422027007339,6130.322315023155,6141.22216796875,6273600
5403,2004-01-06,6169.991579326604,6169.991579326604,6110.661774678765,6143.9814453125,6191400
5404,2004-01-05,6080.152549305544,6137.882267466952,6061.832320047431,6125.39208984375,6668400
5405,2004-01-02,5907.122689508144,6043.2719646416535,5907.122689508144,6041.5322265625,5160800
5406,2003-12-31,5872.423422998175,5900.7929225681855,5868.713478974269,5890.6630859375,2710400
5407,2003-12-30,5845.143165190604,5886.763091859034,5813.31323277007,5866.72314453125,3484400
5408,2003-12-29,5870.053414829327,5874.1735133022785,5804.86376953125,5804.86376953125,2601200
5409,2003-12-26,5873.372972643673,5881.303112064849,5835.96347619928,5857.18310546875,2523000
5410,2003-12-25,5869.973069751388,5896.432909296498,5845.613318227748,5853.67333984375,2921800
5411,2003-12-24,5865.9032833610745,5900.073048583698,5849.543006802783,5857.84326171875,3511600
5412,2003-12-23,5858.082949925071,5858.312929337244,5827.91316665687,5845.48291015625,2617800
5413,2003-12-22,5782.063232300216,5850.71330696914,5773.613564157839,5835.0830078125,3115000
5414,2003-12-19,5828.993827025806,5828.993827025806,5755.194353955247,5759.2041015625,2713800
5415,2003-12-18,5743.004021675807,5801.583837008039,5724.91425907763,5768.73388671875,2567000
5416,2003-12-17,5904.343552795756,5910.603290257402,5718.4142135342245,5751.98388671875,4255600
5417,2003-12-16,5876.533251797424,5906.743074927726,5871.853097365487,5887.203125,2488000
5418,2003-12-15,5910.892639605845,5924.212890625,5874.032946453902,5924.212890625,2621800
5419,2003-12-12,5912.903069969972,5922.682810294134,5849.393107204816,5858.29296875,3121600
5420,2003-12-11,5819.103246689419,5868.542961792357,5819.103246689419,5867.02294921875,3121200
5421,2003-12-10,5813.253373171568,5834.3934138424775,5773.723767614462,5803.3935546875,2652600
5422,2003-12-09,5881.683003951571,5881.683003951571,5830.273083324011,5859.533203125,2650400
5423,2003-12-08,5869.133199690001,5869.173238568605,5842.183128157486,5847.123046875,2125200
5424,2003-12-05,5937.383130726795,5945.502722674638,5900.02294921875,5900.02294921875,2708800
5425,2003-12-04,5895.252557701341,5927.34274152282,5888.20278557349,5920.4326171875,2890200
5426,2003-12-03,5921.553055590827,5927.533008770539,5882.053235845098,5884.943359375,2948000
5427,2003-12-02,5919.203089656764,5921.082963929036,5884.293092002131,5911.42333984375,3224200
5428,2003-12-01,5768.663550198753,5878.102990927687,5752.123586805358,5870.14306640625,3041200
5429,2003-11-28,5804.79379712697,5836.06367645272,5758.824276679101,5771.744140625,2753600
5430,2003-11-27,5852.453597063377,5856.793421249045,5740.5439453125,5740.5439453125,2604000
5431,2003-11-26,5872.163032873325,5881.433009925938,5846.86334411883,5860.5830078125,2353400
5432,2003-11-25,5899.863103883989,5917.673080873445,5857.333025316873,5861.1533203125,3762600
5433,2003-11-24,5845.463268606564,5849.383172398614,5802.663173079388,5821.55322265625,2677000
5434,2003-11-21,5787.963572695823,5830.033203125,5749.163458455944,5830.033203125,2985400
5435,2003-11-20,5872.582831194067,5901.082700006315,5828.38332761756,5834.21337890625,3220800
5436,2003-11-19,5881.582934097565,5893.553094135213,5826.563166477654,5865.48291015625,3491000
5437,2003-11-18,5941.792469651769,5966.482297392059,5890.852762759538,5939.44287109375,3600400
5438,2003-11-17,6011.712617659688,6011.712617659688,5942.382858023005,5952.29248046875,3458000
5439,2003-11-14,6040.282247097569,6059.632255659855,6007.902513372282,6044.7421875,3800600
5440,2003-11-13,6054.021886838099,6060.762090130955,6007.072396312311,6035.412109375,4276200
5441,2003-11-12,6024.012506599198,6048.512394623623,5982.72265625,5982.72265625,4187000
5442,2003-11-11,6028.7621760200645,6047.291875537871,5971.1022862559375,6022.05224609375,3963800
5443,2003-11-10,6053.112331741481,6094.67219942994,6024.6324820949485,6059.001953125,4063400
5444,2003-11-07,6054.592295311348,6062.922335158405,5974.082411361638,6056.80224609375,4555400
5445,2003-11-06,6160.821583176051,6182.171582016889,5958.842537538381,6013.3720703125,6915800
5446,2003-11-05,6120.172463509539,6156.481869296399,6102.3922706378735,6142.2919921875,4705600
5447,2003-11-04,6147.021799260139,6167.121805342083,6106.912118715958,6108.96240234375,5516200
5448,2003-11-03,6054.282378080343,6097.981885315032,6024.942668473115,6087.42236328125,4430600
5449,2003-10-31,6110.751650824649,6117.83169635262,6029.512278762698,6045.09228515625,4782400
5450,2003-10-30,6110.231923888821,6119.03217675855,6066.59247429779,6108.10205078125,4352000
5451,2003-10-29,6173.821909590306,6173.821909590306,6080.372140945157,6095.84228515625,5204000
5452,2003-10-28,5997.2723306682565,6087.29193781196,5994.842654298813,6075.42236328125,5177800
5453,2003-10-27,5945.992733280361,5976.352457240377,5941.062580123658,5958.5224609375,2830800
5454,2003-10-24,5972.822501128272,5990.692535749966,5918.11279296875,5918.11279296875,3558400
5455,2003-10-23,5971.392489968971,5997.792271035093,5938.642640418099,5952.20263671875,4315000
5456,2003-10-22,6046.012187775129,6075.722011852692,6013.052378668801,6041.83203125,5205200
5457,2003-10-21,6105.00175306813,6116.551993002114,6017.232136545056,6061.43212890625,5632800
5458,2003-10-20,6041.502119627259,6085.5922497589245,6026.362540517628,6077.8623046875,5222200
5459,2003-10-17,6063.371975016996,6077.57210492502,6016.072388186988,6042.68212890625,5692800
5460,2003-10-16,5935.122534155071,6037.501944873016,5928.672856864738,6035.71240234375,5853600
5461,2003-10-15,5967.902631026529,5978.44262144188,5913.2524926383285,5924.3525390625,4999200
5462,2003-10-14,6020.192494440231,6020.192494440231,5938.392578125,5938.392578125,5765200
5463,2003-10-13,5907.182915968407,5979.802700679351,5906.932917112981,5972.44287109375,5974400
5464,2003-10-09,5817.693598012308,5872.9531108166475,5800.793284708807,5869.85302734375,5663800
5465,2003-10-08,5860.372868816024,5867.062779362141,5808.163148718645,5821.77294921875,4938000
5466,2003-10-07,5873.303146309084,5879.653214847328,5828.023080501664,5856.6533203125,4933800
5467,2003-10-06,5810.81317352464,5857.513154495536,5782.863594775188,5851.17333984375,5806800
5468,2003-10-03,5716.764299730954,5758.974070621912,5701.8444450315565,5747.76416015625,3996400
5469,2003-10-02,5644.4748559813315,5703.354476507203,5639.954856584984,5699.83447265625,3352200
5470,2003-10-01,5599.07511750493,5613.155132812249,5560.524996526702,5581.63525390625,2268400
5471,2003-09-30,5672.744351263868,5677.094429236707,5611.384765625,5611.384765625,2416200
5472,2003-09-29,5645.054680391083,5668.894416883436,5627.404857455866,5643.474609375,2434000
5473,2003-09-26,5690.844543392907,5703.724368325422,5650.08447265625,5650.08447265625,2865400
5474,2003-09-25,5634.22485032613,5695.434538039944,5633.044679812846,5688.20458984375,3521800
5475,2003-09-24,5703.9844564210325,5722.33447265625,5678.614940082106,5722.33447265625,3805400
5476,2003-09-23,5650.3248573898945,5686.434559367412,5641.684759266869,5683.984375,2909600
5477,2003-09-22,5732.784412708996,5750.114413307411,5675.724609375,5675.724609375,3734200
5478,2003-09-19,5790.353857971182,5809.40406531846,5747.074267335769,5757.88427734375,4680200
5479,2003-09-18,5747.204117673014,5758.654261459115,5697.7941837709595,5750.7841796875,3522600
5480,2003-09-17,5757.224075569855,5779.924168665215,5735.934132374676,5747.1142578125,3794600
5481,2003-09-16,5606.144945972159,5699.234375,5605.96525927268,5699.234375,2859400
5482,2003-09-15,5640.194747458351,5651.1243856073415,5606.034745452304,5623.19482421875,2406800
5483,2003-09-12,5627.324787673129,5654.4145095818585,5600.1549879995655,5645.25439453125,2566200
5484,2003-09-10,5654.034529670266,5683.8244342263015,5591.304832436723,5623.40478515625,3701800
5485,2003-09-09,5786.94434918445,5800.773877214947,5680.66455078125,5680.66455078125,4561600
5486,2003-09-08,5638.175198423601,5751.964732999409,5609.21536587972,5726.984375,3377600
5487,2003-09-05,5670.274273264283,5709.604174299376,5620.264732816176,5639.00439453125,3211800
5488,2003-09-04,5681.234123921005,5702.134420214528,5624.724613346249,5625.6044921875,3673400
5489,2003-09-03,5751.344376619185,5756.054316477,5673.15478515625,5673.15478515625,4759000
5490,2003-09-02,5693.484474681858,5715.9248046875,5664.244858472975,5715.9248046875,3712200
5491,2003-09-01,5690.8144573637455,5726.454435094666,5651.014830220025,5691.7646484375,4543000
5492,2003-08-29,5561.515049640486,5657.024386115678,5542.365233342145,5650.8046875,4325200
5493,2003-08-28,5596.534825127985,5618.33453152571,5504.4952010506095,5523.09521484375,3907400
5494,2003-08-27,5577.274795309055,5626.434731118162,5542.42534220449,5553.4052734375,4360600
5495,2003-08-26,5656.044483617835,5656.044483617835,5542.405344314251,5558.22509765625,4241200
5496,2003-08-25,5667.014736885369,5686.82470703125,5626.574976035203,5686.82470703125,4412200
5497,2003-08-22,5648.914540349914,5692.904576918169,5629.174883018022,5646.5947265625,5632600
5498,2003-08-21,5545.9451223337055,5612.12451040648,5522.39493591727,5611.83447265625,4305000
5499,2003-08-20,5548.814917912755,5562.925206090415,5525.425374543447,5543.5849609375,3593200
5500,2003-08-19,5586.404937907054,5594.904899506514,5498.355042724035,5512.13525390625,5185800
5501,2003-08-18,5528.064890444018,5538.995016887426,5480.615397596526,5516.77490234375,4682600
5502,2003-08-15,5491.82518120309,5539.974865091353,5471.575273077079,5488.71533203125,4964800
5503,2003-08-14,5463.515014010374,5488.794683375775,5410.095336818551,5436.72509765625,6101200
5504,2003-08-13,5319.275465021925,5454.334905617671,5318.505449014075,5442.2451171875,5307000
5505,2003-08-12,5250.426291339088,5272.935954482811,5245.065964180914,5255.21630859375,3141000
5506,2003-08-11,5239.145883361761,5239.145883361761,5174.746276499533,5214.576171875,2720200
5507,2003-08-08,5270.926093945851,5315.155872173461,5232.52587890625,5232.52587890625,3986200
5508,2003-08-07,5257.536139681077,5286.966181571739,5193.156549760484,5259.0458984375,3861400
5509,2003-08-06,5214.065971719881,5251.886111064515,5207.586020918877,5225.80615234375,2777200
5510,2003-08-05,5403.815261125351,5407.475400724922,5259.42626953125,5259.42626953125,3761200
5511,2003-08-04,5393.075611356847,5400.385636760729,5361.845772681618,5377.16552734375,3253800
5512,2003-08-01,5365.705192599281,5408.124918508496,5363.865357348741,5390.48486328125,4059800
5513,2003-07-31,5294.496200908986,5328.525832974381,5260.806411064726,5318.31591796875,3774600
5514,2003-07-30,5327.216218159177,5354.935819755859,5278.786260710403,5307.15625,3653800
5515,2003-07-29,5463.115670480949,5464.925720968496,5337.97609419233,5342.43603515625,4578000
5516,2003-07-28,5476.135142634767,5504.354740297205,5443.375038368477,5451.77490234375,5975600
5517,2003-07-25,5389.865256808289,5440.994903603566,5379.785225213262,5394.72509765625,4893600
5518,2003-07-24,5324.605340539827,5402.72509765625,5305.675740290502,5402.72509765625,5243000
5519,2003-07-23,5299.096140594669,5345.966045711922,5277.275926823653,5287.8662109375,4225600
5520,2003-07-22,5225.5460596096555,5271.605908733563,5213.036350875999,5260.98583984375,4148800
5521,2003-07-21,5338.505312813098,5349.175674055143,5219.27587890625,5219.27587890625,4505000
5522,2003-07-18,5291.505840596388,5326.596013841316,5250.006028386928,5287.35595703125,4936200
5523,2003-07-17,5389.495687379272,5429.895407328938,5299.48583984375,5299.48583984375,6516200
5524,2003-07-16,5362.315178431622,5435.095117099476,5348.025205099452,5413.84521484375,6762800
5525,2003-07-15,5399.235555561135,5403.466005341883,5326.056196195914,5335.8359375,6024200
5526,2003-07-14,5282.956354143082,5390.835754499609,5273.126319979752,5349.916015625,6089600
5527,2003-07-11,5233.996120871913,5251.8261175843545,5179.33621420148,5239.93603515625,5750600
5528,2003-07-10,5367.325787014612,5398.945760983331,5282.35595703125,5282.35595703125,6313600
5529,2003-07-09,5365.955534197625,5410.595467545343,5342.005447997154,5358.8857421875,6787000
5530,2003-07-08,5371.905743708454,5416.955343504961,5323.25557435027,5367.94580078125,8230200
5531,2003-07-07,5227.286559651103,5324.9360230177435,5214.066404237741,5322.23583984375,7424800
5532,2003-07-04,5126.546015841982,5151.826171875,5085.826478386551,5151.826171875,5730000
5533,2003-07-03,5167.836092065338,5197.696306275649,5095.28662109375,5095.28662109375,7780200
5534,2003-07-02,5075.186615574379,5121.706421119064,5047.806858706089,5095.216796875,6554400
5535,2003-07-01,4893.557220748234,5017.75634765625,4893.557220748234,5017.75634765625,4937000
5536,2003-06-30,4881.777299263304,4900.4173500497745,4864.547398225918,4872.12744140625,2823400
5537,2003-06-27,4936.087134308259,4949.467443790314,4856.307716508618,4877.87744140625,3832800
5538,2003-06-26,4931.997384146624,4954.257047610978,4893.9873046875,4893.9873046875,3595200
5539,2003-06-25,4923.827681970048,4959.377324818082,4897.987467576168,4933.767578125,4339800
5540,2003-06-24,4881.737430734826,4922.907652529372,4868.8278218300275,4909.28759765625,3868400
5541,2003-06-23,5014.776918968672,5036.836876888354,4920.3076235315775,4921.69775390625,4827800
5542,2003-06-20,5018.546801647415,5078.766740232342,4984.117272092799,5002.55712890625,6662400
5543,2003-06-19,5038.3164553183515,5058.666458507598,4982.346988572412,5048.88671875,6049200
5544,2003-06-18,5020.276758008326,5089.056715696377,4993.017117524671,4999.046875,6882800
5545,2003-06-17,4978.407202380981,4993.3871137233045,4953.236908375784,4973.1669921875,6026400
5546,2003-06-16,4875.407792568338,4934.84746108444,4873.647546743454,4892.33740234375,4571400
5547,2003-06-13,4878.447769685762,4904.337299008616,4865.887768879082,4881.87744140625,4350800
5548,2003-06-12,4846.697899903103,4914.387529655913,4822.147719967147,4878.40771484375,5176000
5549,2003-06-11,4872.437678171847,4874.657882862097,4804.6279296875,4804.6279296875,5006200
5550,2003-06-10,4810.28818547486,4854.0179670975795,4801.698380784021,4832.17822265625,4723800
5551,2003-06-09,4725.81833131031,4831.437967705722,4715.798357391072,4826.91796875,5038600
5552,2003-06-06,4749.018515757142,4751.438426664722,4701.328790488293,4740.4287109375,3560200
5553,2003-06-05,4743.958470520487,4779.378231796013,4720.338460430297,4738.318359375,4763600
5554,2003-06-03,4687.728960505841,4717.168769780157,4659.149010653549,4678.05908203125,4129400
5555,2003-06-02,4620.519366884068,4706.528747703568,4612.079463237901,4692.9189453125,4852800
5556,2003-05-30,4524.429344156306,4638.988386515267,4509.709197151406,4555.87890625,4717200
5557,2003-05-29,4496.479218995489,4543.01904296875,4472.569173248561,4543.01904296875,3018000
5558,2003-05-28,4538.049024631359,4558.508891793585,4474.3896484375,4474.3896484375,3703600
5559,2003-05-27,4463.339299028736,4484.519377225543,4445.719751302249,4451.08935546875,3232600
5560,2003-05-26,4393.379725966494,4465.54931640625,4393.379725966494,4465.54931640625,3456400
5561,2003-05-23,4295.7399935360145,4360.919869312537,4289.510041741989,4349.5,3012800
5562,2003-05-22,4209.240036874673,4271.27978515625,4184.830483313745,4271.27978515625,1889000
5563,2003-05-21,4248.660004132072,4248.660004132072,4212.480000125062,4216.6201171875,1461600
5564,2003-05-20,4202.600328240809,4254.120105178893,4194.200465449818,4251.56982421875,1486400
5565,2003-05-19,4259.859844088323,4263.790001381797,4233.730084192322,4255.77978515625,1314000
5566,2003-05-16,4360.619757946993,4365.089463620923,4283.75,4283.75,1916800
5567,2003-05-15,4329.959966762551,4331.22021484375,4288.470412439569,4331.22021484375,1738600
5568,2003-05-14,4329.399956208355,4351.519971386142,4317.970321417803,4341.080078125,1988800
5569,2003-05-13,4320.10993006534,4362.319696053914,4320.10993006534,4334.56982421875,2621000
5570,2003-05-12,4264.720197365082,4296.700027582433,4245.190015686578,4261.0,1892600
5571,2003-05-09,4194.530019259592,4278.869953462795,4194.530019259592,4244.16015625,2290800
5572,2003-05-08,4254.489443933093,4254.489443933093,4191.22998046875,4191.22998046875,1818400
5573,2003-05-07,4253.410261499796,4276.669918224097,4217.710233333272,4275.89013671875,2455600
5574,2003-05-06,4210.370164906973,4250.869972796895,4206.81988877889,4220.43017578125,2336600
5575,2003-05-05,4167.400067660691,4215.879817163534,4146.120383884533,4202.10009765625,2122600
5576,2003-05-02,4130.580351659238,4193.1698962035925,4108.650280713406,4187.7998046875,2302200
5577,2003-04-30,4260.059518006712,4268.819241355085,4128.319919440137,4148.0498046875,2839800
5578,2003-04-29,4186.210028092402,4227.799673617217,4142.600372664139,4200.2998046875,3396000
5579,2003-04-28,4126.230044548661,4156.829994216117,4044.710419266131,4139.47998046875,2589000
5580,2003-04-25,4269.579907604475,4338.249504753681,4231.540048425416,4233.52001953125,2952000
5581,2003-04-24,4538.34934980701,4538.34934980701,4360.810123159859,4374.919921875,3204200
5582,2003-04-23,4611.438750833087,4621.75852758649,4546.179285366054,4564.9091796875,2778400
5583,2003-04-22,4622.228699064494,4626.438640601031,4556.0791015625,4556.0791015625,2263200
5584,2003-04-21,4652.219219670206,4661.869078424236,4609.449393336059,4648.09912109375,2861000
5585,2003-04-18,4633.568959030073,4677.398839602217,4633.568959030073,4658.27880859375,3958400
5586,2003-04-17,4593.869015429955,4627.978721884583,4564.499033277188,4566.63916015625,2350200
5587,2003-04-16,4541.639468355461,4619.929150795929,4541.639468355461,4609.298828125,3267400
5588,2003-04-15,4494.169403431999,4500.259219352056,4465.9996102905725,4487.5693359375,1854600
5589,2003-04-14,4540.068966782142,4549.619215835206,4456.939466230775,4459.78955078125,1963800
5590,2003-04-11,4549.058995458159,4562.929048364737,4521.148968557503,4530.37890625,2429200
5591,2003-04-10,4537.128925713935,4597.4787443532505,4532.278850481168,4541.3388671875,3591400
5592,2003-04-09,4539.278799757048,4544.878871499684,4509.278938577557,4537.369140625,2622000
5593,2003-04-08,4559.199187526382,4606.878655125637,4544.809117175554,4552.42919921875,3329400
5594,2003-04-07,4505.7195598869275,4597.2088861820275,4479.099564845238,4575.80908203125,3518000
5595,2003-04-04,4343.4103778962635,4499.15966796875,4339.180416708281,4499.15966796875,2863600
5596,2003-04-03,4394.409990706149,4411.049562712225,4357.830080605579,4358.3701171875,2006800
5597,2003-04-02,4339.140008565365,4351.689754981334,4295.129959008502,4311.5400390625,1653800
5598,2003-04-01,4275.370404352506,4338.220211934375,4275.370404352506,4337.58984375,1586000
5599,2003-03-31,4442.079518107581,4442.079518107581,4306.520087542187,4321.2001953125,2013600
5600,2003-03-28,4513.239091762337,4517.4890722943865,4465.259331075203,4476.9892578125,1626000
5601,2003-03-27,4467.719937808077,4514.2197265625,4467.139862318323,4514.2197265625,1702800
5602,2003-03-26,4533.249341946345,4536.979305401552,4489.599638702705,4496.029296875,1596000
5603,2003-03-25,4473.539665974047,4513.809501935348,4473.539665974047,4498.8095703125,1691600
5604,2003-03-24,4619.048605840011,4619.958757909074,4568.31885840691,4570.6591796875,1901800
5605,2003-03-21,4589.789049270735,4615.818715278663,4565.028908701674,4586.89892578125,2639400
5606,2003-03-20,4584.449286221382,4613.668879392542,4505.439393005831,4599.22900390625,3560800
5607,2003-03-19,4533.429604014867,4547.829440953095,4495.009368367229,4515.04931640625,2615000
5608,2003-03-18,4504.7989895384435,4569.098985119928,4488.259026973215,4539.69921875,3322800
5609,2003-03-17,4441.779400155774,4441.779400155774,4357.859863788178,4357.97021484375,1970600
5610,2003-03-14,4519.179490354495,4532.949446797662,4469.969754875069,4476.1494140625,3540800
5611,2003-03-13,4320.460228430185,4400.809958748029,4298.440309568369,4378.97021484375,2681400
5612,2003-03-12,4275.56030175151,4328.1298828125,4254.390477796389,4328.1298828125,2314600
5613,2003-03-11,4271.999945634277,4313.569574519586,4240.580171399099,4260.43017578125,2417000
5614,2003-03-10,4370.659921344639,4384.61981758943,4308.500053154825,4319.97021484375,1798600
5615,2003-03-07,4352.709951089517,4403.369874223407,4312.259941911307,4350.56982421875,2210200
5616,2003-03-06,4443.319615257504,4451.379637157496,4385.5601125862795,4397.419921875,2251000
5617,2003-03-05,4457.439763101379,4475.949933133163,4411.9502231327415,4418.08984375,2514400
5618,2003-03-04,4481.52937955059,4515.949632832183,4476.529402338619,4499.66943359375,2346800
5619,2003-03-03,4483.419629534471,4546.829498509749,4472.1496610611575,4526.66943359375,2435200
5620,2003-02-27,4411.520114017615,4473.5095801301195,4385.59005535191,4432.43994140625,2312200
5621,2003-02-26,4478.119530201474,4495.619449673834,4436.499604532246,4456.66943359375,2643600
5622,2003-02-25,4559.29883312599,4559.29883312599,4454.32958984375,4454.32958984375,2655200
5623,2003-02-24,4585.7789151885545,4613.059064357385,4538.529130424472,4609.17919921875,2485600
5624,2003-02-21,4584.578934225249,4594.648711959677,4538.439010498599,4548.3291015625,2670400
5625,2003-02-20,4555.628883412962,4606.72874530276,4520.738907670886,4550.67919921875,3366200
5626,2003-02-19,4670.128355745988,4672.008229885302,4550.80908203125,4550.80908203125,3635200
5627,2003-02-18,4698.078678522936,4698.078678522936,4595.959026911809,4605.2890625,3550200
5628,2003-02-17,4629.549165084275,4707.7089725499945,4613.339276482602,4705.05908203125,3502200
5629,2003-02-14,4562.2194151114,4569.809224226012,4463.039691927584,4493.9697265625,3208200
5630,2003-02-13,4616.599115053371,4639.538952100217,4507.939453125,4507.939453125,3287200
5631,2003-02-12,4599.649040185687,4666.188777168159,4592.389307518742,4624.84912109375,3546600
5632,2003-02-11,4692.798492477673,4704.438576284871,4613.599145457612,4618.958984375,3414600
5633,2003-02-10,4696.548589856495,4715.158857276959,4627.508862941212,4643.84912109375,3342600
5634,2003-02-07,4797.358117099183,4833.817912617835,4641.039002103502,4735.3486328125,5070600
5635,2003-02-06,4975.627283861557,4975.627283861557,4833.55810546875,4833.55810546875,4813200
5636,2003-01-28,4949.447084334545,5023.216759114126,4946.916822721849,5015.13671875,4853800
5637,2003-01-27,5037.076850713382,5055.2867276092875,4942.867324568429,4972.56689453125,5779600
5638,2003-01-24,5141.775975675867,5141.775975675867,5053.5263846591715,5057.29638671875,6959000
5639,2003-01-23,5035.766800042736,5102.746471414189,5035.766800042736,5078.7763671875,7630600
5640,2003-01-22,4955.687184345906,4993.2470703125,4905.767491904364,4993.2470703125,5901200
5641,2003-01-21,4972.82751419316,5031.657325150063,4942.1577316010735,4945.84765625,6541800
5642,2003-01-20,4875.718114997533,4951.00732421875,4875.718114997533,4951.00732421875,4628000
5643,2003-01-17,4955.917260059053,4983.787249696216,4897.007373417184,4907.75732421875,5746600
5644,2003-01-16,5021.517222578725,5082.3670437490255,4943.267578125,4943.267578125,7516600
5645,2003-01-15,5039.736225085528,5039.736225085528,4952.137024885203,5017.6767578125,6403200
5646,2003-01-14,5014.927142526306,5057.186713891083,4985.5971992261775,4992.39697265625,6779200
5647,2003-01-13,4895.277296681237,5000.117146669109,4895.277296681237,4991.23681640625,5830800
5648,2003-01-10,4882.047218489879,4884.617519088413,4827.887801299757,4850.77734375,6148000
5649,2003-01-09,4833.527741562074,4867.377684706841,4798.13825466346,4813.7080078125,6704200
5650,2003-01-08,4722.968779312157,4859.757708701393,4722.968779312157,4836.908203125,6280200
5651,2003-01-07,4759.788800198538,4776.128570971076,4695.418970502635,4701.05908203125,5686800
5652,2003-01-06,4653.969398866451,4710.288970946258,4635.8493628011365,4689.8388671875,4714400
5653,2003-01-03,4618.219274949667,4641.438896131741,4602.219347564081,4626.298828125,4723600
5654,2003-01-02,4460.549607830825,4553.089227479349,4431.169858175103,4524.849609375,3332000
5655,2002-12-31,4455.899398081075,4471.959382702818,4413.119809966852,4452.4296875,0
5656,2002-12-30,4508.569102049556,4513.8493511952365,4445.319393030239,4457.7294921875,0
5657,2002-12-27,4560.398865294878,4588.7190470330315,4547.298828125,4547.298828125,0
5658,2002-12-26,4510.4392264584085,4567.34912109375,4462.189448262532,4567.34912109375,0
5659,2002-12-25,4542.3591099893565,4561.399061979579,4482.629402672644,4484.40966796875,0
5660,2002-12-24,4591.108671283523,4612.938648551142,4539.318871496744,4544.47900390625,0
5661,2002-12-23,4607.768882172644,4627.698966443532,4559.479064836184,4572.7490234375,0
5662,2002-12-20,4578.628984008832,4605.69917283354,4502.299254610678,4595.64892578125,0
5663,2002-12-19,4498.109122561397,4592.098923142595,4480.959299369714,4549.208984375,0
5664,2002-12-18,4567.728856617384,4581.158970232503,4517.58895198929,4535.9091796875,0
5665,2002-12-17,4627.68858567303,4633.628499642854,4545.59912109375,4545.59912109375,0
5666,2002-12-16,4554.959108415678,4592.099074949069,4537.3893647062405,4582.02880859375,0
5667,2002-12-13,4652.548533284014,4678.128494350315,4586.389168072928,4588.119140625,0
5668,2002-12-12,4713.588669759086,4735.868843019124,4623.279017221052,4669.67919921875,0
5669,2002-12-11,4786.318459270515,4832.518448169103,4696.369154117888,4699.38916015625,0
5670,2002-12-10,4771.3885977737555,4780.348518227814,4718.358563940869,4754.98828125,0
5671,2002-12-09,4826.098133370184,4867.2078093888495,4809.578189090498,4823.64794921875,0
5672,2002-12-06,4741.488269781107,4771.648289298707,4733.428736007026,4738.95849609375,0
5673,2002-12-05,4724.978652968423,4770.098566308185,4718.028489056143,4755.37841796875,0
5674,2002-12-04,4759.758154039368,4775.378200240268,4727.46875,4727.46875,0
5675,2002-12-03,4684.098647838261,4805.627875970922,4675.138727968139,4793.908203125,0
5676,2002-12-02,4655.39905023875,4683.1591796875,4613.129220216606,4683.1591796875,0
5677,2002-11-29,4637.229046560677,4666.219149943145,4609.6393274755355,4646.6689453125,0
5678,2002-11-28,4698.558690658989,4711.988317028396,4612.5791015625,4612.5791015625,0
5679,2002-11-27,4641.969197674036,4659.7987067171525,4588.379108504949,4633.0087890625,0
5680,2002-11-26,4722.328902009822,4772.338443172575,4677.869140625,4677.869140625,0
5681,2002-11-25,4731.289026270842,4731.289026270842,4661.019319114331,4723.13916015625,0
5682,2002-11-22,4694.499081818631,4746.65900543263,4689.068930256142,4707.5888671875,0
5683,2002-11-21,4722.038408655121,4724.608221091611,4573.059111237284,4579.42919921875,0
5684,2002-11-20,4721.8785976369645,4736.638784946529,4637.898996076894,4653.47900390625,0
5685,2002-11-19,4784.01829313841,4799.168126618056,4719.388704101989,4726.478515625,0
5686,2002-11-18,4828.417795238208,4862.6378531271985,4786.917985582498,4790.587890625,0
5687,2002-11-15,4769.9982454870715,4828.2577451696425,4767.048063641535,4813.5078125,0
5688,2002-11-14,4700.5086316906845,4740.688626651899,4665.5390625,4665.5390625,0
5689,2002-11-13,4697.478888269333,4724.568610270852,4634.949384137454,4671.7490234375,0
5690,2002-11-12,4603.599448171099,4688.3988721302785,4603.599448171099,4676.44921875,0
5691,2002-11-11,4790.918376867374,4794.718652730595,4664.62890625,4664.62890625,0
5692,2002-11-08,4705.248529805446,4810.98779296875,4705.248529805446,4810.98779296875,0
5693,2002-11-07,4757.338381706352,4799.588190928996,4737.33847201516,4757.95849609375,0
5694,2002-11-06,4584.3595130458825,4732.548796000041,4552.95975022126,4725.31884765625,0
5695,2002-11-05,4631.688663152851,4631.688663152851,4552.9190058262575,4566.0791015625,0
5696,2002-11-04,4599.45891200211,4625.418754026913,4546.7389386495925,4583.6591796875,0
5697,2002-11-01,4596.668995508631,4626.268958285082,4486.319400688525,4500.529296875,0
5698,2002-10-31,4547.10903349091,4605.418824723667,4540.8492965679425,4579.119140625,0
5699,2002-10-30,4537.839177092118,4594.1792522915575,4448.009508464555,4498.70947265625,0
5700,2002-10-29,4603.338640220481,4619.698916356174,4541.249082725861,4554.10888671875,0
5701,2002-10-28,4630.818713185619,4682.918573108649,4601.34912109375,4601.34912109375,0
5702,2002-10-25,4537.719359360615,4604.1487412634215,4516.049048894983,4564.0390625,0
5703,2002-10-24,4611.398757712821,4633.068580133478,4542.309231051415,4574.77880859375,0
5704,2002-10-23,4382.580049749798,4593.37889014791,4352.299914827352,4589.85888671875,0
5705,2002-10-22,4512.7992279889195,4536.889450073389,4361.029901126628,4386.43994140625,0
5706,2002-10-21,4446.079669880244,4489.6092550372405,4418.6296006887105,4463.49951171875,0
5707,2002-10-18,4373.1498050669015,4465.969690588658,4360.640096987471,4458.1494140625,0
5708,2002-10-17,4182.780243508598,4298.479897740404,4177.320308105017,4280.7900390625,0
5709,2002-10-16,4249.209838117254,4249.519895241253,4155.00032375717,4223.2998046875,0
5710,2002-10-15,3980.050782455576,4132.060055638584,3979.3208055240334,4131.4501953125,0
5711,2002-10-14,3885.6619821055842,3920.731888462058,3847.0823263371444,3910.9619140625,0
5712,2002-10-11,4012.3815829324403,4014.6115532197705,3845.7424511819518,3850.0224609375,0
5713,2002-10-09,3974.491328642315,4031.5511190404914,3947.591552734375,3947.591552734375,0
5714,2002-10-08,3903.7217189026164,3975.961371019998,3874.231866695209,3964.261474609375,0
5715,2002-10-07,4020.401411732677,4020.401411732677,3910.481995932524,3924.02197265625,0
5716,2002-10-04,4027.441348490235,4098.550883145355,4014.1914097236004,4067.771240234375,0
5717,2002-10-03,4138.270952854141,4140.210885313187,4073.941171425907,4075.961181640625,0
5718,2002-10-02,4246.139779684541,4260.389711301333,4171.73974609375,4171.73974609375,0
5719,2002-10-01,4146.649979772098,4223.499707842009,4143.6001897516735,4162.75,0
5720,2002-09-30,4147.020233346951,4191.7900390625,4082.920441824302,4191.7900390625,0
5721,2002-09-27,4240.459810247921,4278.979646555266,4202.819852567835,4208.77978515625,0
5722,2002-09-26,4263.6497058112,4287.609553143259,4219.5498172542475,4222.2001953125,0
5723,2002-09-25,4276.979545018177,4287.309573739025,4127.57010333026,4185.93017578125,0
5724,2002-09-24,4303.829999156457,4355.619796365253,4272.580145090471,4286.919921875,0
5725,2002-09-23,4424.1396938124935,4450.059495803773,4328.3798828125,4328.3798828125,0
5726,2002-09-20,4420.410196114254,4438.419880337873,4369.490016110455,4429.22998046875,0
5727,2002-09-19,4502.009228396307,4542.8191006468705,4475.729563236428,4491.28955078125,0
5728,2002-09-18,4531.109153207451,4540.509012547299,4469.649473445011,4482.62939453125,0
5729,2002-09-17,4478.55978560646,4633.8388671875,4463.839637460241,4633.8388671875,0
5730,2002-09-16,4578.128837846065,4579.57902648608,4451.179714922339,4457.1396484375,0
5731,2002-09-13,4590.768994284754,4613.449066097132,4573.699248316295,4580.14892578125,0
5732,2002-09-12,4653.349093986685,4687.308901498376,4609.679369405585,4647.34912109375,0
5733,2002-09-11,4690.858749988909,4707.528596764455,4649.189015840547,4660.5087890625,0
5734,2002-09-10,4545.809631579409,4667.98876953125,4522.349776161726,4667.98876953125,0
5735,2002-09-09,4475.96950357578,4533.2490234375,4438.889597189237,4533.2490234375,0
5736,2002-09-05,4578.918883714401,4585.2289132893675,4459.349609375,4459.349609375,0
5737,2002-09-04,4499.488929937847,4595.888874165687,4490.969438138876,4534.12890625,0
5738,2002-09-03,4654.128603806585,4666.368782167255,4577.9189916246505,4588.0390625,0
5739,2002-09-02,4755.988265806882,4755.988265806882,4643.63916431481,4644.55908203125,0
5740,2002-08-30,4812.928494466712,4812.928494466712,4762.17872329059,4764.91845703125,0
5741,2002-08-29,4770.888319622011,4809.808063359124,4747.398192762662,4800.60791015625,0
5742,2002-08-28,4845.157948285373,4858.587574176039,4775.718325438177,4789.60791015625,0
5743,2002-08-27,4947.777026323756,4958.756956243576,4875.017595665504,4878.82763671875,0
5744,2002-08-26,4933.827646137499,4949.407653365247,4899.477704791605,4935.8974609375,0
5745,2002-08-23,5005.717114774813,5030.217001618681,4964.787128034395,4968.8271484375,0
5746,2002-08-22,4926.19789107852,4989.107273964469,4909.2077336968305,4956.4677734375,0
5747,2002-08-21,4886.757328861186,4906.757236954875,4856.007470167138,4887.767578125,0
5748,2002-08-20,4949.987164285517,4952.987150587763,4907.5674360964085,4919.2373046875,0
5749,2002-08-19,4937.747329894631,4948.9074348623935,4875.867731427503,4887.9775390625,0
5750,2002-08-16,4979.0270696455555,4979.497282342238,4895.8077230760355,4918.99755859375,0
5751,2002-08-15,4966.017420672835,5008.32728656065,4927.587419926157,4931.44775390625,0
5752,2002-08-14,4788.158170962399,4887.40771484375,4787.93795713068,4887.40771484375,0
5753,2002-08-13,4844.977903889088,4847.287951947583,4804.898008553325,4817.908203125,0
5754,2002-08-12,4855.5873859563935,4895.607220229148,4824.207648405939,4852.04736328125,0
5755,2002-08-09,4802.38792230798,4861.9574707335405,4786.18780199828,4851.41748046875,0
5756,2002-08-08,4736.568685235453,4764.0085040665135,4676.9991271172175,4700.208984375,0
5757,2002-08-07,4696.379014461358,4736.608816001754,4684.479165044055,4720.708984375,0
5758,2002-08-06,4506.579403484517,4629.908915281518,4506.579403484517,4572.3291015625,0
5759,2002-08-05,4684.528591780709,4737.748565628951,4624.738823463654,4636.64892578125,0
5760,2002-08-02,4848.567712820347,4920.86767578125,4805.748084048634,4920.86767578125,0
5761,2002-08-01,4923.267547515844,4970.337156700919,4911.487327895317,4916.5673828125,0
5762,2002-07-31,5006.597355095474,5006.597355095474,4927.4175392988855,4940.357421875,0
5763,2002-07-30,4971.957182837702,5019.796807231407,4937.087225537423,5005.01708984375,0
5764,2002-07-29,4826.797509463458,4917.237032758977,4796.428020958313,4858.41748046875,0
5765,2002-07-26,4902.477320898302,4916.387412799531,4828.487428804189,4855.3173828125,0
5766,2002-07-25,5164.505792690128,5171.48574073251,5043.016610992119,5045.04638671875,0
5767,2002-07-24,5066.846552302069,5111.61636361792,4998.816595258232,5039.45654296875,0
5768,2002-07-23,5016.1168745125515,5159.2060546875,4979.827003744068,5159.2060546875,0
5769,2002-07-22,5064.4862304911385,5089.1662915818715,5003.366885612112,5043.4765625,0
5770,2002-07-19,5168.52584817638,5191.745955393164,5133.266245982323,5161.89599609375,0
5771,2002-07-18,5257.866138913948,5315.765776993798,5219.916116811873,5242.0859375,0
5772,2002-07-17,5272.985738733504,5317.875670906749,5202.806371012874,5250.7958984375,0
5773,2002-07-16,5441.945731363149,5460.065278749001,5311.295928535616,5317.98583984375,0
5774,2002-07-15,5427.305017306436,5440.034938994215,5371.175393674931,5392.98486328125,0
5775,2002-07-12,5287.435651854972,5420.1249832195845,5287.435651854972,5416.47509765625,0
5776,2002-07-11,5163.246274574847,5277.365866944316,5162.236025314574,5202.56591796875,0
5777,2002-07-10,5315.7858881884695,5332.035814301502,5249.356014457942,5261.98583984375,0
5778,2002-07-09,5352.685709121592,5388.49560546875,5310.705918853836,5388.49560546875,0
5779,2002-07-08,5350.285769600082,5417.075505453457,5324.325926513944,5377.83544921875,0
5780,2002-07-05,5146.146492617616,5255.2060546875,5110.35661649844,5255.2060546875,0
5781,2002-07-04,5064.406559492727,5134.875957443056,5024.416511598906,5130.77587890625,0
5782,2002-07-03,4901.677436259616,5054.226532644092,4808.137831512274,5047.79638671875,0
5783,2002-07-02,4881.097691542353,5005.227004056922,4881.097691542353,4995.05712890625,0
5784,2002-07-01,5124.476334131099,5124.476334131099,4947.607033761827,4969.296875,0
5785,2002-06-28,5143.386278284959,5181.346062995677,5109.806356053405,5153.68603515625,0
5786,2002-06-27,5144.546050250576,5172.646018051299,5048.286729458999,5071.736328125,0
5787,2002-06-26,5225.555673458064,5233.735322757032,5094.396129756313,5123.01611328125,0
5788,2002-06-25,5419.90578242401,5432.355433423145,5299.166091461853,5316.01611328125,0
5789,2002-06-24,5440.585196596161,5467.225212533624,5361.265731998331,5384.86572265625,0
5790,2002-06-21,5377.525280767837,5516.524646868579,5357.485333096459,5460.5048828125,0
5791,2002-06-20,5333.805687658705,5445.7451171875,5264.326024907074,5445.7451171875,0
5792,2002-06-19,5532.254270435826,5565.434293191028,5388.435109510103,5399.47509765625,0
5793,2002-06-18,5625.12460090013,5625.12460090013,5516.515226136764,5536.39501953125,0
5794,2002-06-17,5589.615001306259,5621.024528032471,5531.615262119815,5537.78515625,0
5795,2002-06-14,5539.185161165535,5585.484758562716,5534.805297962346,5562.09521484375,0
5796,2002-06-13,5458.185524295868,5580.044842005249,5457.485332118173,5562.205078125,0
5797,2002-06-12,5380.045013599944,5422.675188100356,5357.095412403088,5399.93505859375,0
5798,2002-06-11,5536.844609263056,5540.534533670037,5391.7251606325035,5405.39501953125,0
5799,2002-06-10,5476.984964353214,5520.155179023037,5442.615491081251,5499.30517578125,0
5800,2002-06-07,5472.595033335999,5523.794505692483,5423.234908017547,5432.9951171875,0
5801,2002-06-06,5613.634662808838,5656.88446639664,5578.034726824112,5590.99462890625,0
5802,2002-06-05,5583.854562653961,5626.284546035159,5567.03481470487,5599.39453125,0
5803,2002-06-04,5443.845592941004,5535.5951796138,5443.845592941004,5527.77490234375,0
5804,2002-06-03,5628.244861552405,5628.244861552405,5517.595453806089,5571.05517578125,0
5805,2002-05-31,5718.264457682302,5718.264457682302,5645.924937552306,5675.62451171875,0
5806,2002-05-30,5646.41446740846,5751.864186980835,5646.41446740846,5736.1640625,0
5807,2002-05-29,5620.8447372180135,5630.414518226044,5564.974872301397,5623.20458984375,0
5808,2002-05-28,5765.534237903338,5796.7040201858445,5652.564528989439,5669.50439453125,0
5809,2002-05-27,5624.785133648232,5733.944806182173,5623.854961988824,5729.87451171875,0
5810,2002-05-24,5588.564977320827,5718.714788841696,5586.905316736769,5706.37451171875,0
5811,2002-05-23,5536.385314703427,5595.874793870186,5526.715436216797,5549.93505859375,0
5812,2002-05-22,5444.545358077682,5544.155262023383,5421.775440867557,5541.615234375,0
5813,2002-05-21,5497.954827417963,5540.464886841407,5428.984928110342,5443.1552734375,0
5814,2002-05-20,5739.4245570707435,5739.4245570707435,5564.9351021472,5574.68505859375,0
5815,2002-05-17,5830.694153214088,5865.413724589472,5779.404343403199,5789.81396484375,0
5816,2002-05-16,5883.543579086696,5883.543579086696,5791.944378314622,5801.4443359375,0
5817,2002-05-15,5836.19369773134,5933.653215855401,5815.053657063691,5910.6630859375,0
5818,2002-05-14,5801.513955045903,5822.63397727629,5729.404415974234,5755.89404296875,0
5819,2002-05-13,5751.43404237553,5775.634128631501,5718.5743271750125,5742.63427734375,0
5820,2002-05-10,5701.15429041426,5813.303683557933,5647.724357224835,5807.2734375,0
5821,2002-05-09,5884.253252432527,5884.253252432527,5737.15430634232,5739.25390625,0
5822,2002-05-08,5724.034612265376,5777.444531080347,5670.334655677277,5711.50439453125,0
5823,2002-05-07,5525.275035741311,5700.6643862169585,5525.275035741311,5663.95458984375,0
5824,2002-05-06,5807.473866800556,5807.473866800556,5601.474793781027,5642.45458984375,0
5825,2002-05-03,5785.703691114653,5910.643064815467,5750.793693490351,5910.29296875,0
5826,2002-05-02,6099.242104824582,6106.742070499114,5855.93315979506,5867.80322265625,0
5827,2002-04-30,6201.81138719145,6214.44170033193,6035.792129427437,6065.7021484375,0
5828,2002-04-29,6244.230775175645,6258.151120703106,6175.681288746789,6205.06103515625,0
5829,2002-04-26,6359.9206521495535,6369.9206056976755,6266.430852054247,6306.90087890625,0
5830,2002-04-25,6440.039643151266,6464.389626691992,6348.390170320233,6355.56005859375,0
5831,2002-04-24,6403.74047255011,6460.630346777892,6379.450545561798,6455.3603515625,0
5832,2002-04-23,6440.900156141815,6462.849760870716,6372.370202107576,6390.59033203125,0
5833,2002-04-22,6470.4203725905745,6484.900286320161,6424.750172932188,6462.27001953125,0
5834,2002-04-19,6397.5104875457455,6460.84027313645,6392.870372260714,6448.09033203125,0
5835,2002-04-18,6434.429955442692,6450.269725327542,6373.940491427745,6387.18017578125,0
5836,2002-04-17,6397.9999657455455,6413.729872901297,6344.540253969832,6390.650390625,0
5837,2002-04-16,6249.900915422671,6292.150717620437,6222.401044169686,6257.70068359375,0
5838,2002-04-15,6226.5408734891635,6261.750670716292,6179.581130894213,6195.97119140625,0
5839,2002-04-12,6036.422067675739,6182.56103515625,6009.422193485804,6182.56103515625,0
5840,2002-04-11,6098.512093479616,6145.541663129408,6065.5620491561085,6073.73193359375,0
5841,2002-04-10,6036.052352337241,6082.912000375054,6016.0124053255195,6059.18212890625,0
5842,2002-04-09,6222.691681858471,6235.94162110336,6068.5922907960685,6069.822265625,0
5843,2002-04-08,6204.5409516880545,6246.290757407357,6176.761295803088,6190.80126953125,0
5844,2002-04-04,6303.680703906596,6307.290550433604,6164.0314497115605,6207.06103515625,0
5845,2002-04-03,6220.461282704805,6306.410589705272,6207.1009933246205,6294.630859375,0
5846,2002-04-02,6248.011209335338,6326.100692762921,6230.321349554075,6243.43115234375,0
5847,2002-04-01,6118.421703328786,6213.290890452586,6118.421703328786,6186.4111328125,0
5848,2002-03-29,6264.990755276979,6264.990755276979,6154.531310304053,6167.44140625,0
5849,2002-03-28,6190.051361570762,6209.89111328125,6100.691912841074,6209.89111328125,0
5850,2002-03-27,6303.410403243426,6326.400529885301,6139.151407346027,6147.72119140625,0
5851,2002-03-26,6206.151535443267,6259.781170764085,6181.721472402619,6242.611328125,0
5852,2002-03-25,6194.1314635071085,6243.48084428362,6154.701470375301,6219.14111328125,0
5853,2002-03-22,6149.132284602815,6203.181844304488,6127.012267676828,6140.39208984375,0
5854,2002-03-21,5981.742485543175,6080.422207101215,5980.782529024359,6046.4921875,0
5855,2002-03-20,5947.972678118343,6068.262164633732,5900.312740793216,6059.0322265625,0
5856,2002-03-19,5989.7027476331805,6007.632841893305,5877.363414646187,5906.703125,0
5857,2002-03-18,5999.572628040163,6002.302596009495,5917.04273247367,5972.08251953125,0
5858,2002-03-15,6062.102030548171,6112.612052386654,5939.432672276253,5951.4228515625,0
5859,2002-03-14,6045.522087047917,6111.811822183815,6006.052541446238,6070.47216796875,0
5860,2002-03-13,6119.101910028705,6203.121545473674,6068.202240367051,6088.31201171875,0
5861,2002-03-12,6198.7218215311605,6208.551854970288,6086.382488459085,6122.51220703125,0
5862,2002-03-11,6088.161635267171,6212.250902079787,6078.261778951553,6196.23095703125,0
5863,2002-03-08,6077.672057489354,6125.431602001796,5971.882508201163,6011.6220703125,0
5864,2002-03-07,6130.712022284271,6136.9815246835,6037.602099191676,6048.1220703125,0
5865,2002-03-06,5955.242837019846,6097.5419921875,5942.252661938075,6097.5419921875,0
5866,2002-03-05,6033.682268560891,6033.682268560891,5877.383181228564,5957.72265625,0
5867,2002-03-04,5878.4330872740775,5923.182882697292,5834.233094024904,5874.453125,0
5868,2002-03-01,5672.00443363996,5736.194576424044,5645.774570407861,5680.75439453125,0
5869,2002-02-27,5536.78537805365,5699.6445153809045,5536.78537805365,5696.08447265625,0
5870,2002-02-26,5607.2543961127185,5629.654685311623,5492.915070078863,5499.76513671875,0
5871,2002-02-25,5644.194709180598,5663.594523858142,5499.825244387129,5510.68505859375,0
5872,2002-02-22,5562.1447469644045,5632.0946256756615,5532.14488274726,5609.8046875,0
5873,2002-02-21,5766.374016575289,5769.563943661671,5640.124583320281,5656.07470703125,0
5874,2002-02-20,5817.7142836749035,5838.623858373672,5685.794461964831,5692.15478515625,0
5875,2002-02-19,6000.582371207952,6000.582371207952,5857.463398010941,5861.63330078125,0
5876,2002-02-18,6048.62219190957,6048.62219190957,5953.722724326889,5968.58251953125,0
5877,2002-02-06,5887.282893733962,5978.862549295864,5887.282893733962,5926.052734375,0
5878,2002-02-05,5812.673484821256,5848.993142143329,5773.043295836792,5844.22314453125,0
5879,2002-02-04,5867.423259045291,5909.432831812025,5834.473215000418,5849.8232421875,0
5880,2002-02-01,5948.0728288067585,5948.0728288067585,5849.0229899304895,5857.9033203125,0
5881,2002-01-31,5871.353030820673,5915.352829592399,5823.913306374821,5872.11328125,0
5882,2002-01-30,5738.964201410183,5849.33332966239,5738.964201410183,5812.6435546875,0
5883,2002-01-29,6008.192615061355,6008.192615061355,5840.37307347253,5846.1630859375,0
5884,2002-01-28,6026.842194627018,6049.092091542506,5984.182236022027,6007.30224609375,0
5885,2002-01-25,5925.752555641899,5978.542352129214,5897.642821528109,5950.61279296875,0
5886,2002-01-24,5853.844006562396,5875.293617919289,5735.674611772976,5801.89404296875,0
5887,2002-01-23,5770.934076737866,5958.363411847873,5744.864369448802,5769.75390625,0
5888,2002-01-22,5863.553440728549,5880.803362364293,5731.674157027287,5804.07373046875,0
5889,2002-01-21,5569.575238408118,5799.844230156501,5564.984926865269,5798.02392578125,0
5890,2002-01-18,5589.5846596904685,5632.144526380611,5511.265188616365,5522.77490234375,0
5891,2002-01-17,5375.375569150568,5519.785071689161,5375.375569150568,5501.10498046875,0
5892,2002-01-16,5615.264560659995,5645.374287322975,5488.30517578125,5488.30517578125,0
5893,2002-01-15,5582.624557528107,5628.624348691526,5494.015096529051,5592.71484375,0
5894,2002-01-14,5625.61468374548,5660.994406483182,5578.43472142896,5611.83447265625,0
5895,2002-01-11,5889.463942423208,5926.963775015139,5685.264658704323,5687.564453125,0
5896,2002-01-10,5868.513196125458,5910.742983432588,5806.103325342011,5871.2529296875,0
5897,2002-01-09,5885.8631880767525,5915.39283803041,5781.593645947452,5865.51318359375,0
5898,2002-01-08,5843.653656110469,5885.5733877453295,5753.5940062254485,5810.0537109375,0
5899,2002-01-07,5691.123708448959,5836.713370391053,5657.904134782454,5834.86328125,0
5900,2002-01-04,5678.33429329911,5684.854283470336,5600.904954469461,5638.50439453125,0
5901,2002-01-03,5684.884539276788,5690.264397846809,5517.064982997789,5526.294921875,0
5902,2002-01-02,5575.314565159959,5645.084268353951,5493.564935814447,5600.0244140625,0
5903,2001-12-31,5481.045236652887,5583.794775726011,5477.505213470671,5551.21533203125,0
5904,2001-12-28,5372.825312620021,5408.1249544690045,5307.355399791331,5398.2548828125,0
5905,2001-12-27,5464.495503611239,5505.165243025465,5293.516290223863,5332.9560546875,0
5906,2001-12-26,5421.7049428179525,5481.594802962927,5348.1252044871335,5392.4052734375,0
5907,2001-12-25,5198.146301377723,5381.195762565479,5197.296207584319,5372.78564453125,0
5908,2001-12-24,5132.586086297498,5207.9758737689635,5100.496391204752,5164.7060546875,0
5909,2001-12-21,5209.246123166921,5264.055930331753,5090.526452925677,5109.216796875,0
5910,2001-12-20,5199.446783116209,5309.076171875,5142.8069016496665,5309.076171875,0
5911,2001-12-19,5391.285356890543,5402.62514868407,5211.956100413402,5221.93603515625,0
5912,2001-12-18,5588.425105563707,5588.425105563707,5309.356045969932,5329.166015625,0
5913,2001-12-17,5502.0149272721665,5535.724734354466,5413.94550501177,5456.125,0
5914,2001-12-14,5293.495994099773,5486.705078125,5293.495994099773,5486.705078125,0
5915,2001-12-13,5623.574200331083,5651.953952450959,5349.645286029795,5407.51513671875,0
5916,2001-12-12,5333.706002324173,5553.865168829271,5333.706002324173,5539.28515625,0
5917,2001-12-11,5252.686131605066,5322.025660789404,5191.2962733875065,5273.9462890625,0
5918,2001-12-10,5345.485730899804,5435.455541215365,5304.966381835572,5321.255859375,0
5919,2001-12-07,5234.516559103859,5334.985835001161,5180.376665235133,5333.90625,0
5920,2001-12-06,5097.54640962444,5214.746066602965,5084.11678381083,5208.8359375,0
5921,2001-12-05,4892.287744748624,4968.617474731843,4854.21809416649,4924.53759765625,0
5922,2001-12-04,4638.869227222207,4767.898430785066,4603.099368922001,4766.40869140625,0
5923,2001-12-03,4534.349628258393,4647.688959872868,4532.169462328448,4646.5888671875,0
5924,2001-11-30,4497.229232995881,4507.919125039063,4441.099609375,4441.099609375,0
5925,2001-11-29,4398.099920310069,4465.8095703125,4376.200118534205,4465.8095703125,0
5926,2001-11-28,4578.679082904528,4617.8786091857455,4445.669442309179,4447.5595703125,0
5927,2001-11-27,4722.158529450967,4722.158529450967,4522.979266705584,4580.30908203125,0
5928,2001-11-26,4560.539280099592,4622.309018198744,4560.539280099592,4608.298828125,0
5929,2001-11-23,4470.399634884734,4534.679616615123,4440.869983736134,4519.0595703125,0
5930,2001-11-22,4538.269124459693,4557.258783039645,4438.379448082286,4449.99951171875,0
5931,2001-11-21,4409.0494038160505,4533.34912109375,4401.43957577953,4533.34912109375,0
5932,2001-11-20,4577.238698793196,4605.658978144547,4452.909681176213,4455.779296875,0
5933,2001-11-19,4459.369552548178,4556.519006456133,4436.879421986212,4548.60888671875,0
5934,2001-11-16,4427.759364235364,4491.479285201475,4395.3195724421275,4446.599609375,0
5935,2001-11-15,4291.130393985202,4403.56982421875,4285.310596224446,4403.56982421875,0
5936,2001-11-14,4241.020191099876,4286.499958723441,4210.53009941842,4277.68017578125,0
5937,2001-11-13,4151.439869198599,4193.47970480075,4134.910164041224,4136.52001953125,0
5938,2001-11-12,4125.9802041905805,4178.810028846323,4090.940333243916,4172.60986328125,0
5939,2001-11-09,4135.009711010122,4143.899804570319,4087.3302549785917,4123.759765625,0
5940,2001-11-08,4179.029572035619,4208.4893903442535,4112.049915846955,4135.009765625,0
5941,2001-11-07,4135.950302097238,4175.4300924884965,4114.820032736262,4158.1298828125,0
5942,2001-11-06,4136.831050519531,4158.181049874363,4082.901123046875,4082.901123046875,0
5943,2001-11-05,4014.7214944074167,4080.4912109375,3984.661574299756,4080.4912109375,0
5944,2001-11-02,3999.841302105092,4037.2910772062605,3981.5913879073505,3998.461181640625,0
5945,2001-11-01,3939.0617238244085,3960.3016150902026,3910.821865175393,3929.671630859375,0
5946,2001-10-31,3877.222287819057,3944.2920499548786,3872.312398126995,3903.47216796875,0
5947,2001-10-30,3961.5417801769927,3976.2016246463522,3906.681925876588,3915.592041015625,0
5948,2001-10-29,4081.921064703209,4084.8710022331998,4033.961325553867,4065.081298828125,0
5949,2001-10-26,4042.451176989428,4104.190880190452,4031.0313082064094,4043.55126953125,0
5950,2001-10-25,4006.40115012872,4043.1910168145614,3983.6212275657717,4012.18115234375,0
5951,2001-10-24,3884.602037458367,3986.6513671875,3884.602037458367,3986.6513671875,0
5952,2001-10-23,3959.121680602078,3959.121680602078,3868.902124909281,3874.402099609375,0
5953,2001-10-22,3866.682283890378,3924.282118366875,3861.692316455694,3900.602294921875,0
5954,2001-10-19,3786.172634933422,3860.142267523746,3759.4928252453456,3845.6025390625,0
5955,2001-10-18,3761.0827506032215,3811.182373046875,3758.5627426948777,3811.182373046875,0
5956,2001-10-17,3829.5924718246497,3872.792224058012,3800.182451010283,3817.1123046875,0
5957,2001-10-16,3715.072879267355,3794.842529296875,3699.8029304681754,3794.842529296875,0
5958,2001-10-15,3724.6427677676757,3756.3826119051587,3706.1328432022947,3712.802978515625,0
5959,2001-10-12,3898.3420814160186,3898.3420814160186,3769.87246061817,3801.482421875,0
5960,2001-10-11,3721.0427998950345,3810.822412781948,3716.172705295691,3789.912353515625,0
5961,2001-10-09,3561.143575562393,3618.913330078125,3535.1837337142156,3618.913330078125,0
5962,2001-10-08,3519.334233023455,3568.1738566117306,3495.9141725819627,3520.334228515625,0
5963,2001-10-05,3502.3539003514366,3585.6232901824974,3467.9238839903787,3585.443359375,0
5964,2001-10-04,3610.1435137944945,3610.1435137944945,3491.304209846948,3493.64404296875,0
5965,2001-10-03,3480.17391602702,3511.363713811615,3436.2341769528944,3446.244140625,0
5966,2001-10-02,3623.6534549363955,3623.6534549363955,3484.0642455204925,3492.104248046875,0
5967,2001-09-28,3587.793440452101,3645.4630952095795,3587.793440452101,3636.923095703125,0
5968,2001-09-27,3586.7936132316354,3602.1634158083366,3546.2537600433834,3567.613525390625,0
5969,2001-09-26,3475.853966865858,3625.51318359375,3411.664079572977,3625.51318359375,0
5970,2001-09-25,3622.4435073181976,3649.1733663763794,3473.5442812944993,3493.76416015625,0
5971,2001-09-24,3503.314344523705,3547.65398914162,3461.9544228517952,3533.494140625,0
5972,2001-09-21,3599.713342485363,3607.183278662218,3588.4433750442413,3591.83349609375,0
5973,2001-09-20,3693.8928450446397,3725.892697194236,3693.0930440524976,3698.822998046875,0
5974,2001-09-19,3670.7129157634417,3781.15234375,3663.642880271816,3781.15234375,0
5975,2001-09-18,3871.292030190888,3916.911690789409,3763.402395908476,3774.6025390625,0
5976,2001-09-14,3871.292030190888,3916.911690789409,3763.402395908476,3774.6025390625,0
5977,2001-09-13,3902.91160960935,3952.6513663428236,3902.91160960935,3952.471435546875,0
5978,2001-09-11,4294.599533582311,4304.549192925794,4169.6499371412865,4176.91015625,0
5979,2001-09-10,4254.46012252816,4305.720137175304,4214.920268020236,4289.080078125,0
5980,2001-09-07,4274.73987359783,4305.629866573429,4244.8401103893075,4302.14013671875,0
5981,2001-09-06,4398.5094875002205,4412.399560120913,4314.060170174438,4338.23974609375,0
5982,2001-09-05,4476.7795503929665,4510.5596709990605,4410.759829554751,4424.89013671875,0
5983,2001-09-04,4450.539746888795,4493.50927734375,4403.939861908573,4493.50927734375,0
5984,2001-09-03,4519.979191897204,4526.249182564027,4446.249550849032,4454.74951171875,0
5985,2001-08-31,4450.1799569076475,4513.239240440888,4430.410027285534,4509.41943359375,0
5986,2001-08-30,4495.899450216118,4576.309240327638,4469.569491982127,4503.83935546875,0
5987,2001-08-29,4350.890366100123,4508.66943359375,4341.990015958621,4508.66943359375,0
5988,2001-08-28,4405.200026479615,4406.950018459667,4340.630009894216,4368.35986328125,0
5989,2001-08-27,4352.319971287057,4407.799698438306,4333.180410239782,4384.52978515625,0
5990,2001-08-24,4430.399344531857,4430.399344531857,4303.319856637676,4310.2998046875,0
5991,2001-08-23,4491.209327943239,4506.899197200675,4435.949816425405,4459.7392578125,0
5992,2001-08-22,4509.00917904486,4575.419031802724,4483.019551723357,4487.49951171875,0
5993,2001-08-21,4553.929239620263,4575.628846797021,4519.679397226831,4562.708984375,0
5994,2001-08-20,4520.099260624812,4595.728794468844,4520.099260624812,4550.3388671875,0
5995,2001-08-17,4713.558741537901,4715.178851391745,4626.818899803004,4638.3388671875,0
5996,2001-08-16,4651.008951663456,4710.119038451242,4632.659424482395,4687.30908203125,0
5997,2001-08-15,4593.629040043944,4665.34892916661,4581.619328961919,4623.0888671875,0
5998,2001-08-14,4547.72919535835,4589.5791015625,4523.329404637099,4589.5791015625,0
5999,2001-08-13,4492.259406539312,4557.829421588498,4470.149643556453,4520.7392578125,0
6000,2001-08-10,4470.72952040592,4491.429620895046,4394.069715320463,4476.8896484375,0
6001,2001-08-09,4469.8993154083,4521.139313564262,4445.129410067593,4448.49951171875,0
6002,2001-08-08,4413.109833713407,4515.389642485829,4413.109833713407,4514.07958984375,0
6003,2001-08-07,4425.220118290722,4425.999899902255,4367.520185269516,4403.97998046875,0
6004,2001-08-06,4507.819165709792,4527.729230629348,4451.01962157029,4470.70947265625,0
6005,2001-08-03,4499.659323347807,4579.138935490157,4488.5192382547175,4530.6591796875,0
6006,2001-08-02,4393.289993255733,4490.16943359375,4379.640153254476,4490.16943359375,0
6007,2001-08-01,4402.68971985714,4411.899638452636,4328.509885112867,4354.5,0
6008,2001-07-31,4299.550050322972,4365.879823393256,4275.400259045601,4352.9599609375,0
6009,2001-07-27,4341.470118001412,4417.599648064722,4289.350242313419,4320.56982421875,0
6010,2001-07-26,4157.560723505027,4308.180139516586,4100.280716722145,4300.39013671875,0
6011,2001-07-25,4026.070602195691,4139.35984881131,4026.070602195691,4136.3701171875,0
6012,2001-07-24,4101.590781408616,4101.590781408616,4008.0614313799156,4040.751220703125,0
6013,2001-07-23,4248.329613213126,4262.749465559,4137.259836265387,4151.91015625,0
6014,2001-07-20,4197.400011020223,4270.169685360066,4154.880193186671,4220.31005859375,0
6015,2001-07-19,4090.490469227308,4238.3195970223505,4065.620470845404,4190.759765625,0
6016,2001-07-18,4387.049011572308,4387.169128189961,4204.580150662295,4219.8701171875,0
6017,2001-07-17,4318.000247131934,4410.679998526674,4301.870438178861,4371.97021484375,0
6018,2001-07-16,4505.699567370972,4510.719563897971,4305.000291767557,4368.669921875,0
6019,2001-07-13,4715.308520389867,4715.308520389867,4483.069347780083,4485.65966796875,0
6020,2001-07-12,4587.669153074371,4638.458961990501,4562.029132539513,4633.51904296875,0
6021,2001-07-11,4589.008600997201,4614.768735987396,4538.449264080871,4548.26904296875,0
6022,2001-07-10,4674.268781103325,4692.3888158832915,4612.818865256953,4616.68896484375,0
6023,2001-07-09,4677.018953975593,4693.738605162025,4636.87899821708,4657.27880859375,0
6024,2001-07-06,4670.249187318858,4766.248759101136,4663.799020778108,4706.98876953125,0
6025,2001-07-05,4696.539118856384,4761.028577420894,4686.29893013774,4709.17919921875,0
6026,2001-07-04,4801.237999729382,4801.237999729382,4713.81847416139,4739.138671875,0
6027,2001-07-03,4861.387613745604,4906.797071148364,4825.82772004491,4843.79736328125,0
6028,2001-07-02,4886.467775136384,4888.3476493085855,4805.468147427792,4886.83740234375,0
6029,2001-06-29,4854.577769320335,4898.967701870283,4843.527527176503,4883.40771484375,0
6030,2001-06-28,4826.24827510177,4826.658429503838,4741.518676378151,4768.5283203125,0
6031,2001-06-27,4822.6479611031655,4871.718050153923,4773.858144213638,4825.2578125,0
6032,2001-06-26,4932.127254545633,4948.4172188063685,4784.647951285989,4785.09814453125,0
6033,2001-06-22,4957.167238425422,4985.357050727137,4884.887784296749,4904.3173828125,0
6034,2001-06-21,5044.176972996933,5066.14659841596,4965.837001626212,4984.85693359375,0
6035,2001-06-20,5038.866656114896,5074.066199119871,5025.056661874309,5029.61669921875,0
6036,2001-06-19,5073.326504974657,5089.546156110302,5030.486372164492,5039.95654296875,0
6037,2001-06-18,5132.496295448218,5132.576373203073,5052.226646949639,5070.49658203125,0
6038,2001-06-15,5080.7762398829955,5158.60595703125,5080.7762398829955,5158.60595703125,0
6039,2001-06-14,5179.376189180808,5200.476190233192,5091.496708714144,5119.16650390625,0
6040,2001-06-13,5270.135952849044,5318.685534569811,5205.005880868876,5209.68603515625,0
6041,2001-06-12,5247.396081598904,5298.665868198267,5244.716406273361,5266.21630859375,0
6042,2001-06-11,5211.676540046544,5271.27587890625,5198.416346326955,5271.27587890625,0
6043,2001-06-08,5231.1459737068235,5282.795639598581,5206.246185354218,5226.255859375,0
6044,2001-06-07,5172.665925834696,5177.446177078521,5126.27600449434,5153.326171875,0
6045,2001-06-06,5129.4564715658,5234.096128708681,5129.4564715658,5220.416015625,0
6046,2001-06-05,5016.236553938091,5065.03662109375,4991.476902883698,5065.03662109375,0
6047,2001-06-04,5012.117063064697,5012.117063064697,4944.957215990053,4985.0869140625,0
6048,2001-06-01,5090.63636021885,5096.406352778438,4991.296492548914,5013.9365234375,0
6049,2001-05-31,5014.906895787513,5094.536408947175,5012.25651746599,5048.83642578125,0
6050,2001-05-30,5078.8866175287785,5103.626248963681,5048.956580461946,5057.04638671875,0
6051,2001-05-29,5086.276408402098,5174.786255173252,5086.276408402098,5095.236328125,0
6052,2001-05-28,5123.876261001534,5141.3561608187865,5073.126495158746,5079.69677734375,0
6053,2001-05-25,5206.205887395187,5229.7658369591345,5165.275901028108,5170.05615234375,0
6054,2001-05-24,5193.846342098136,5246.766021730677,5172.026129481242,5226.76611328125,0
6055,2001-05-23,4998.657220308667,5209.9462890625,4963.4371672069465,5209.9462890625,0
6056,2001-05-22,4991.6469717829605,5049.016825201123,4973.037194063873,4991.45703125,0
6057,2001-05-21,5079.69670510743,5079.69670510743,4902.197526605076,4958.5869140625,0
6058,2001-05-18,5180.886401276842,5180.886401276842,5094.556718983584,5111.646484375,0
6059,2001-05-17,5112.206199867128,5175.505710102414,5090.836182087175,5143.416015625,0
6060,2001-05-16,5146.99628226118,5148.576353099101,5081.116703276635,5081.99658203125,0
6061,2001-05-15,5166.946251123934,5210.335698326023,5142.86628467913,5158.76611328125,0
6062,2001-05-14,5161.226144474724,5212.015948783422,5144.146145294599,5176.42626953125,0
6063,2001-05-11,5110.886787425877,5251.366125572251,5033.53704344065,5232.6962890625,0
6064,2001-05-10,5215.525442726529,5215.525442726529,5117.11623443175,5122.14599609375,0
6065,2001-05-09,5195.0162852043495,5248.266041723465,5166.366513859728,5232.6162109375,0
6066,2001-05-08,5214.225900715739,5256.765743166167,5105.34652112561,5176.68603515625,0
6067,2001-05-07,5278.886006396103,5316.765715916464,5200.726207711642,5229.90625,0
6068,2001-05-04,5384.275239020866,5436.504981192283,5211.676417125133,5244.02587890625,0
6069,2001-05-03,5287.695855274587,5405.51513671875,5264.935706220705,5405.51513671875,0
6070,2001-05-02,5469.925522065053,5502.504964952385,5267.016281079784,5304.21630859375,0
6071,2001-04-30,5430.565207761212,5469.635343017891,5371.785689260734,5381.6455078125,0
6072,2001-04-27,5505.584552049193,5509.294495930693,5416.015139614544,5416.64501953125,0
6073,2001-04-26,5542.365127612512,5548.644884432284,5461.475355896941,5518.705078125,0
6074,2001-04-25,5594.164686985455,5601.324810911633,5500.945381254251,5516.17529296875,0
6075,2001-04-24,5569.594816143058,5644.6545337624075,5567.404884685027,5589.314453125,0
6076,2001-04-23,5607.43452604315,5612.664482789216,5562.644690143921,5597.6748046875,0
6077,2001-04-20,5645.084252713708,5645.084252713708,5590.844752693235,5596.6044921875,0
6078,2001-04-19,5682.434235483289,5683.6041520618555,5602.764674287456,5608.474609375,0
6079,2001-04-18,5479.44544422934,5523.69524419181,5472.765298646641,5508.5849609375,0
6080,2001-04-17,5404.7349879336125,5458.704955355204,5391.225284243059,5431.92529296875,0
6081,2001-04-16,5490.394753008588,5490.394753008588,5409.025008833287,5432.2548828125,0
6082,2001-04-13,5592.274463567151,5601.464851608854,5492.274916710245,5495.4453125,0
6083,2001-04-12,5521.905324248497,5563.484726962655,5503.085096449606,5533.1953125,0
6084,2001-04-11,5470.645006232745,5474.1449902923305,5362.405753106553,5467.72509765625,0
6085,2001-04-10,5432.935680034994,5506.075489876951,5349.116230422535,5353.47607421875,0
6086,2001-04-09,5476.724752276698,5476.724752276698,5391.064990918546,5401.80517578125,0
6087,2001-04-06,5570.684807634255,5584.11492277453,5508.785184785763,5515.10498046875,0
6088,2001-04-04,5386.565030129662,5455.494888380292,5345.575472857416,5405.8251953125,0
6089,2001-04-03,5521.964988359263,5538.0645241283755,5439.375033923179,5446.794921875,0
6090,2001-04-02,5797.823846207241,5797.823846207241,5596.154837451343,5607.70458984375,0
6091,2001-03-30,5863.553906145881,5865.453800009453,5772.364371764215,5797.89404296875,0
6092,2001-03-29,5812.573340146083,5846.602968650867,5787.093476970941,5833.85302734375,0
6093,2001-03-28,5907.50301861511,5922.783222818923,5816.3637831240085,5819.36376953125,0
6094,2001-03-27,5943.883028863987,5981.282760518484,5871.083068148181,5884.30322265625,0
6095,2001-03-26,5848.603244553089,5906.1430215428445,5810.633690928088,5896.29296875,0
6096,2001-03-23,5801.543940761726,5836.143884051112,5790.264205929758,5800.52392578125,0
6097,2001-03-22,5647.414920768332,5735.714822528024,5647.414920768332,5730.9248046875,0
6098,2001-03-21,5602.114842175325,5684.3244319219275,5602.114842175325,5623.39453125,0
6099,2001-03-20,5693.024187502873,5717.184235038703,5624.2744968592815,5642.6748046875,0
6100,2001-03-19,5782.993993768761,5791.353819427486,5629.094784032385,5641.86474609375,0
6101,2001-03-16,5749.45425570222,5846.363978349328,5749.45425570222,5783.904296875,0
6102,2001-03-15,5656.394431959925,5746.983867478667,5600.634917609002,5742.71435546875,0
6103,2001-03-14,5683.854376996413,5703.494425582105,5642.234446574832,5658.1845703125,0
6104,2001-03-13,5509.765103761069,5646.834307651757,5498.535174115118,5610.37451171875,0
6105,2001-03-12,5578.665056815805,5615.794774004846,5556.045040528759,5582.64501953125,0
6106,2001-03-09,5655.8946408069605,5683.08446067847,5632.2345903141195,5680.40478515625,0
6107,2001-03-08,5794.314082693378,5794.314082693378,5697.644590603201,5710.99462890625,0
6108,2001-03-07,5735.76434533989,5793.733812224462,5735.76434533989,5777.10400390625,0
6109,2001-03-06,5689.614500165174,5736.293977334419,5626.844763464987,5635.03466796875,0
6110,2001-03-05,5506.575173860804,5610.874506469899,5472.98499386503,5609.71484375,0
6111,2001-03-02,5536.164873108901,5561.354700453143,5471.595341267322,5499.51513671875,0
6112,2001-03-01,5581.924921278976,5584.434675540224,5478.6250960347625,5499.8349609375,0
6113,2001-02-27,5787.994121826297,5805.373926874885,5660.114811194864,5674.66455078125,0
6114,2001-02-26,5746.624375660467,5789.144206317314,5708.1445661202215,5715.99462890625,0
6115,2001-02-23,5727.004394089628,5778.074480166899,5678.204805758448,5726.90478515625,0
6116,2001-02-22,5885.643473942863,5885.643473942863,5733.3243341906955,5759.01416015625,0
6117,2001-02-21,5920.922984880335,5957.752405469317,5863.113191959598,5949.9326171875,0
6118,2001-02-20,5992.712792400199,6079.592277372068,5946.322868111308,5971.2626953125,0
6119,2001-02-19,5921.152906268886,5991.2624466648795,5846.042900620984,5937.2724609375,0
6120,2001-02-16,6156.331521674395,6198.191680527298,5997.602271939845,6045.64208984375,0
6121,2001-02-15,5963.042635848155,6104.21240234375,5945.032952337938,6104.21240234375,0
6122,2001-02-14,6060.862491187606,6097.262227500524,5881.013213881398,5887.6533203125,0
6123,2001-02-13,5921.992674510381,6027.46240234375,5917.602558063157,6027.46240234375,0
6124,2001-02-12,5807.583189051271,5894.2429472729955,5795.653556344075,5847.04296875,0
6125,2001-02-09,5782.393679129179,5893.373155930008,5742.424133963981,5809.8134765625,0
6126,2001-02-08,5693.604295879659,5763.114237409756,5653.834455073201,5758.57421875,0
6127,2001-02-07,5738.634564589563,5781.174413943977,5685.564488757597,5693.5546875,0
6128,2001-02-06,5905.572982588652,6042.692470200633,5828.303317836217,5849.033203125,0
6129,2001-02-05,6012.402463247447,6012.402463247447,5867.762993204992,5932.392578125,0
6130,2001-02-02,5958.752369414222,6103.072017911088,5958.752369414222,6049.23193359375,0
6131,2001-02-01,5927.22301102719,5975.022598064409,5850.963592641254,5897.9033203125,0
6132,2001-01-31,5853.593153823764,5992.402573020691,5821.863319511919,5936.1728515625,0
6133,2001-01-30,5685.1645419245915,5792.47412109375,5577.845197174062,5792.47412109375,0
6134,2001-01-29,5850.674041903361,5933.653651440546,5680.03466796875,5680.03466796875,0
6135,2001-01-18,5803.493367916167,5892.502724779932,5734.463899766709,5847.88330078125,0
6136,2001-01-17,5702.8445391433015,5805.233728351168,5652.49466731317,5769.92431640625,0
6137,2001-01-16,5399.675984961659,5665.9545762132875,5399.675984961659,5662.91455078125,0
6138,2001-01-15,5292.725980354605,5380.465816545426,5254.806230568421,5379.6357421875,0
6139,2001-01-12,5404.325880834023,5423.165640162929,5288.766340063386,5339.3759765625,0
6140,2001-01-11,5475.564946113307,5531.175044814222,5348.315524722071,5369.2158203125,0
6141,2001-01-10,5406.105120855971,5476.874816235899,5350.045319036802,5436.7548828125,0
6142,2001-01-09,5206.476356217191,5376.095703125,5206.476356217191,5376.095703125,0
6143,2001-01-08,5248.075897086031,5368.745262515677,5188.48583984375,5188.48583984375,0
6144,2001-01-05,5152.986483764746,5298.406236895718,5117.606760802415,5295.505859375,0
6145,2001-01-04,5028.296400652191,5169.105803306403,5028.296400652191,5136.10595703125,0
6146,2001-01-03,4843.51781329812,4970.427387189926,4831.097948414959,4894.767578125,0
6147,2001-01-02,4717.468764618892,4945.067338165971,4677.978709967783,4935.25732421875,0
6148,2000-12-29,4797.058353088727,4813.618336685215,4728.4087616469415,4743.91845703125,0
6149,2000-12-28,4581.039075663283,4797.1181640625,4555.889288515284,4797.1181640625,0
6150,2000-12-27,4663.628683213928,4663.628683213928,4602.9292523601325,4614.60888671875,0
6151,2000-12-26,4871.838197907419,4880.388452852643,4711.35893110016,4721.3388671875,0
6152,2000-12-22,4765.0783356287875,4888.327772750815,4728.388561784078,4811.1982421875,0
6153,2000-12-21,4834.737712966072,4834.737712966072,4797.248137873286,4817.1982421875,0
6154,2000-12-20,4966.7772579096,4998.327407655857,4919.177864612932,4947.86767578125,0
6155,2000-12-19,5004.576825930683,5044.046368956312,4957.246967893716,5040.2265625,0
6156,2000-12-18,5116.046104507983,5127.706206697826,5022.316558600938,5055.1767578125,0
6157,2000-12-15,5256.065774408714,5264.156069391708,5202.016217232812,5224.71630859375,0
6158,2000-12-14,5350.23570448003,5350.23570448003,5274.126183479442,5320.13623046875,0
6159,2000-12-13,5380.315447915295,5397.265566371281,5332.4958405238385,5384.33544921875,0
6160,2000-12-12,5320.58571913022,5403.115618057385,5320.58571913022,5380.0654296875,0
6161,2000-12-11,5283.786135529512,5300.2758069640195,5237.166229420011,5284.38623046875,0
6162,2000-12-08,5216.336103615859,5269.59611493037,5186.32647468043,5252.80615234375,0
6163,2000-12-07,5131.916386441215,5216.1962730427595,5131.916386441215,5212.7060546875,0
6164,2000-12-06,5323.175563504218,5366.765205552867,5164.406278642442,5170.59619140625,0
6165,2000-12-05,5139.506133967461,5241.14580295664,5102.656694167716,5199.17626953125,0
6166,2000-12-04,5239.7955941650525,5243.025559697679,5168.886254097856,5173.99609375,0
6167,2000-12-01,5172.996850839017,5342.0361328125,5163.206855623708,5342.0361328125,0
6168,2000-11-30,5323.675965641941,5371.985316083875,5223.286285827196,5256.90625,0
6169,2000-11-29,5275.3561552939145,5386.335636598697,5266.116450758545,5319.43603515625,0
6170,2000-11-28,5388.655641428131,5410.975364025996,5337.39562090689,5362.2353515625,0
6171,2000-11-27,5510.774549370483,5526.104557239622,5384.015364669882,5433.7548828125,0
6172,2000-11-24,5218.156200661209,5423.405257632563,5218.156200661209,5419.96533203125,0
6173,2000-11-23,5057.2762955110065,5148.2758724917785,5032.176802813121,5146.89599609375,0
6174,2000-11-22,5128.956062288199,5293.865449505973,5113.196370156354,5130.5859375,0
6175,2000-11-21,4770.757873506002,5102.9765625,4760.658310517362,5102.9765625,0
6176,2000-11-20,4994.706826401367,5036.5967689300305,4841.647477348058,4845.1875,0
6177,2000-11-17,5264.906636424731,5367.625903730188,5168.9471045215505,5351.3359375,0
6178,2000-11-16,5553.974641671512,5581.904689929793,5436.825274208155,5454.10498046875,0
6179,2000-11-15,5896.613537788161,5942.033254780156,5695.984071710351,5736.994140625,0
6180,2000-11-14,5746.974235457322,5855.25353518132,5721.664290331831,5772.48388671875,0
6181,2000-11-13,5878.613877591922,5878.613877591922,5748.404498285513,5793.494140625,0
6182,2000-11-10,6039.162335872642,6126.061840991234,6018.422684581632,6088.71240234375,0
6183,2000-11-09,6025.13261850893,6089.52197265625,5926.613049259286,6089.52197265625,0
6184,2000-11-08,5926.372719519121,6164.591841709924,5888.982754299012,6067.912109375,0
6185,2000-11-07,5721.853739604127,5877.7431640625,5720.863998032517,5877.7431640625,0
6186,2000-11-06,5679.064356140488,5708.74439871787,5609.1149630417285,5657.45458984375,0
6187,2000-11-03,5723.324543481943,5813.413984989981,5663.714946352651,5796.05419921875,0
6188,2000-11-02,5385.515734000066,5629.984357265233,5381.395635406747,5626.0546875,0
6189,2000-11-01,5552.2743180943,5570.554507620284,5400.23497693767,5424.9951171875,0
6190,2000-10-31,5530.774962443276,5626.004515175258,5502.645205979486,5544.1552734375,0
6191,2000-10-30,5644.234441494376,5666.934534957788,5615.874705455477,5659.0546875,0
6192,2000-10-27,5991.802863123671,6003.352615351748,5804.893555823005,5805.1435546875,0
6193,2000-10-26,5937.1928923999685,6011.02214248795,5909.322903467727,5941.82275390625,0
6194,2000-10-25,5914.342790668305,6035.142037217218,5898.942959477648,6023.751953125,0
6195,2000-10-24,5701.123563339499,5933.39250979582,5645.023724862667,5918.6025390625,0
6196,2000-10-23,5644.704427875632,5718.1440368335725,5539.945136477685,5608.9248046875,0
6197,2000-10-20,5241.545673859487,5407.0351457437155,5241.545673859487,5404.7548828125,0
6198,2000-10-19,5261.915670607831,5284.315469631604,5074.41653545516,5081.25634765625,0
6199,2000-10-18,5606.504083790061,5626.714440360385,5427.435080460399,5432.205078125,0
6200,2000-10-17,5511.975456981258,5742.654605623923,5511.975456981258,5702.33447265625,0
6201,2000-10-16,6060.4126141608385,6161.132374845145,5602.694951511094,5630.9248046875,0
6202,2000-10-13,5577.834370898579,5876.0830078125,5482.954921713732,5876.0830078125,0
6203,2000-10-12,5850.233192905505,5981.642752271716,5763.783878541232,5804.9833984375,0
6204,2000-10-11,6070.40220607521,6070.40220607521,6013.502077620626,6040.52197265625,0
6205,2000-10-09,6336.2704074347375,6338.490611977804,6203.441433853656,6209.39111328125,0
6206,2000-10-06,6037.51173588093,6367.360287243964,6037.51173588093,6353.64013671875,0
6207,2000-10-05,5932.762654123002,6047.751869439964,5904.952723896642,6029.6220703125,0
6208,2000-10-04,5989.422402583157,5997.89208984375,5946.922599795082,5997.89208984375,0
6209,2000-10-03,5943.763111518373,6214.501631061991,5907.013278009323,6143.412109375,0
6210,2000-10-02,6165.611650613182,6248.091250013076,6014.842327660162,6024.0419921875,0
6211,2000-09-29,6571.589687184178,6589.789309941362,6425.550324362665,6432.330078125,0
6212,2000-09-28,6744.758935936916,6799.588761216862,6564.83984375,6564.83984375,0
6213,2000-09-27,6706.418994580126,6840.348058992768,6668.038802045175,6717.0087890625,0
6214,2000-09-26,6647.909159482065,6780.648779230599,6491.30978693049,6748.99853515625,0
6215,2000-09-25,6618.129667713556,6726.719011211926,6550.1797854339775,6677.42919921875,0
6216,2000-09-22,6737.509191251582,6780.238976081218,6600.069879113774,6612.0595703125,0
6217,2000-09-21,6818.928690138598,6946.807986511798,6774.4391480686145,6920.8681640625,0
6218,2000-09-20,6843.918623745691,6910.8782757927365,6720.30884240541,6880.05810546875,0
6219,2000-09-19,6811.688608396765,6950.007790810207,6712.169050639358,6734.86865234375,0
6220,2000-09-18,6990.447873186509,7026.237747865321,6902.508335688507,6910.1083984375,0
6221,2000-09-15,7159.977029934814,7364.426290497437,7120.2775044113205,7155.41748046875,0
6222,2000-09-14,7348.7764448600365,7367.236321360981,7144.08743971328,7152.25732421875,0
6223,2000-09-13,7279.326202880195,7407.745530930166,7153.19690330338,7391.6259765625,0
6224,2000-09-11,7297.746265626187,7379.816201167936,7295.846372008904,7335.16650390625,0
6225,2000-09-08,7457.825760930621,7494.635651204028,7360.466342844139,7367.95654296875,0
6226,2000-09-07,7467.905591486734,7520.135331715787,7418.485896926141,7430.89599609375,0
6227,2000-09-06,7724.974081715829,7758.414356932941,7601.194868331881,7610.74462890625,0
6228,2000-09-05,7829.303999058822,7829.303999058822,7723.104778236599,7785.58447265625,0
6229,2000-09-04,7758.504597717715,7814.454537447315,7694.674811171259,7802.984375,0
6230,2000-09-01,7659.784540104359,7660.864613254098,7380.9757658183635,7420.02587890625,0
6231,2000-08-31,7458.305419705194,7661.6946176746615,7440.775715457849,7616.94482421875,0
6232,2000-08-30,7784.7044599100545,7809.314210097654,7543.12549195672,7543.92529296875,0
6233,2000-08-29,7769.894748104252,7828.334423048472,7621.095133603467,7817.45458984375,0
6234,2000-08-28,7985.41341968783,7985.41341968783,7840.713890767323,7845.833984375,0
6235,2000-08-25,8120.921919958854,8142.432073104713,8014.912650914955,8026.2822265625,0
6236,2000-08-24,8161.962109132143,8222.04190834434,8090.142618326217,8098.80224609375,0
6237,2000-08-22,8244.381738952543,8244.381738952543,8086.622703970687,8118.01220703125,0
6238,2000-08-21,8232.870238255433,8305.629651098261,8216.380083834796,8257.83984375,0
6239,2000-08-18,8192.26213585309,8276.20217957594,8175.312506757918,8176.7822265625,0
6240,2000-08-17,8058.982810767622,8143.21240234375,8000.423022547612,8143.21240234375,0
6241,2000-08-16,7870.543105017857,8023.132231956569,7870.543105017857,8003.4921875,0
6242,2000-08-15,7883.803535240617,7913.733573180398,7821.704211861312,7845.65380859375,0
6243,2000-08-14,7977.383197274648,7982.093136529519,7838.463914927047,7848.833984375,0
6244,2000-08-11,8012.60285055933,8082.032214974011,7962.012753946014,7974.61279296875,0
6245,2000-08-10,8087.062207592989,8105.591905932614,7988.352709136059,8024.65234375,0
6246,2000-08-09,7866.073115996829,8048.1025390625,7866.073115996829,8048.1025390625,0
6247,2000-08-08,7751.244353181746,7818.634181852578,7670.244723441886,7797.744140625,0
6248,2000-08-07,7803.964442752432,7809.404359372758,7680.49479047416,7715.955078125,0
6249,2000-08-04,7881.683309061702,8029.102540649891,7856.563309497962,7925.1630859375,0
6250,2000-08-03,7888.2834915587055,7912.363458773738,7736.154309438297,7844.89404296875,0
6251,2000-08-02,7985.792645413833,8044.832407732562,7910.242706578876,7916.81298828125,0
6252,2000-08-01,8171.541600262783,8192.69189129605,7979.20266219148,7984.6123046875,0
6253,2000-07-31,8126.7621519899485,8155.9524464337555,8068.052463064613,8114.88232421875,0
6254,2000-07-28,7861.003649911636,8147.752322531422,7861.003649911636,8122.072265625,0
6255,2000-07-27,7932.822863140551,7959.922834397565,7723.403918033918,7956.24267578125,0
6256,2000-07-26,7944.862870529759,8113.232202930673,7922.773129742287,7961.5029296875,0
6257,2000-07-25,7984.7525332478845,8119.591743633931,7900.35302734375,7900.35302734375,0
6258,2000-07-24,8132.35222114108,8177.662068486105,8064.16259765625,8064.16259765625,0
6259,2000-07-21,8273.00195496553,8300.641476166724,8058.103041891586,8167.33251953125,0
6260,2000-07-20,8355.169260950675,8406.008857049093,8210.490278215895,8219.490234375,0
6261,2000-07-19,8275.44107892462,8423.549748950154,8270.530946046096,8411.83984375,0
6262,2000-07-18,8582.708937234287,8582.708937234287,8367.009773904145,8368.740234375,0
6263,2000-07-17,8601.219653157015,8643.169652832374,8564.929783335192,8585.4794921875,0
6264,2000-07-14,8309.630766136775,8530.459803695205,8309.630766136775,8497.08984375,0
6265,2000-07-13,8101.340649020915,8303.969550526686,8101.340649020915,8267.6201171875,0
6266,2000-07-12,8168.5219533531235,8180.021899707161,8025.152504968053,8059.71240234375,0
6267,2000-07-11,8153.772483148839,8262.601571469959,8115.982618235297,8158.59228515625,0
6268,2000-07-10,8209.822499447047,8211.311750393224,8015.34292736238,8154.63232421875,0
6269,2000-07-07,8318.431460087399,8370.521064214636,8169.732437101872,8173.04248046875,0
6270,2000-07-06,8291.229483107369,8383.649935137319,8277.900445926536,8289.349609375,0
6271,2000-07-05,8079.241374236503,8438.679606775242,7988.502059542234,8421.7001953125,0
6272,2000-07-04,8329.73063919731,8333.531402701301,8024.51233771886,8052.50244140625,0
6273,2000-07-03,8260.91033391361,8368.519189668232,8138.680943238757,8297.7294921875,0
6274,2000-06-30,8159.370629137847,8290.589720024882,8049.981022344192,8265.0498046875,0
6275,2000-06-29,8433.86134381087,8440.800764807967,8112.042521257081,8120.8525390625,0
6276,2000-06-28,8429.009462088476,8476.849076870363,8248.910714695134,8365.58984375,0
6277,2000-06-27,8587.35957574779,8587.35957574779,8411.969784358254,8424.1298828125,0
6278,2000-06-26,8672.759093233342,8675.42900257532,8507.37998673941,8529.51953125,0
6279,2000-06-23,8742.169657802804,8785.4897705885,8681.979505603835,8684.8896484375,0
6280,2000-06-22,8623.361028798863,8771.7294921875,8616.810277450144,8771.7294921875,0
6281,2000-06-21,8733.159713099354,8742.189944677577,8631.599637002033,8637.5595703125,0
6282,2000-06-20,8860.98944945652,8860.98944945652,8688.169933163386,8690.6201171875,0
6283,2000-06-19,8786.329916751216,8799.6394261682,8653.580524124663,8751.0595703125,0
6284,2000-06-16,8858.579958128963,8893.549526162113,8791.630066323869,8832.1103515625,0
6285,2000-06-15,8943.169477164955,8968.949633901322,8826.650473371004,8844.9296875,0
6286,2000-06-14,8978.609175688383,9014.2281528099,8911.338976669476,8935.189453125,0
6287,2000-06-13,8905.409113441538,8984.088437983048,8879.478569000188,8891.048828125,0
6288,2000-06-12,9073.788520279273,9083.808005640147,8935.428802402668,8955.3994140625,0
6289,2000-06-09,9113.028950064314,9136.708530086864,9011.159295245261,9036.619140625,0
6290,2000-06-08,9151.26719177283,9209.437820828367,9055.677790687123,9067.837890625,0
6291,2000-06-07,8943.588682238724,9116.198238638006,8943.588682238724,9115.427734375,0
6292,2000-06-05,8967.369098501433,8975.949137342104,8894.779587107765,8958.1689453125,0
6293,2000-06-02,8979.738813048554,9026.818673800935,8880.939464527932,8883.4091796875,0
6294,2000-06-01,8936.389223715862,8961.49946157973,8815.389771598859,8842.58984375,0
6295,2000-05-31,8969.609236755878,8969.609236755878,8879.38894757466,8939.478515625,0
6296,2000-05-30,8668.660593532575,8764.3798828125,8641.390210301688,8764.3798828125,0
6297,2000-05-29,8597.549761144452,8701.56978400558,8571.309649103383,8588.2099609375,0
6298,2000-05-26,8396.970486464825,8578.280185213383,8386.330887797001,8559.419921875,0
6299,2000-05-25,8609.758950901878,8643.619141795887,8418.460053938295,8438.0595703125,0
6300,2000-05-24,8496.01955174235,8623.079500130327,8470.51967185374,8500.3701171875,0
6301,2000-05-23,8811.39974217548,8820.6897383405,8634.690597209978,8670.9697265625,0
6302,2000-05-22,8903.279838159655,8967.319586097243,8800.330110856963,8807.5302734375,0
6303,2000-05-19,9030.638105528724,9146.547728067757,9030.528731032344,9119.7275390625,0
6304,2000-05-18,9026.347937301938,9135.087669186038,9001.98867486712,9087.16796875,0
6305,2000-05-17,8885.199168852072,9131.818146218498,8885.199168852072,9085.6982421875,0
6306,2000-05-16,8534.14053676801,8733.419896002992,8496.401452085165,8727.7802734375,0
6307,2000-05-15,8639.899563259067,8639.899563259067,8456.490274528707,8464.9794921875,0
6308,2000-05-12,8472.780683256058,8603.8298749948,8454.680181978978,8560.400390625,0
6309,2000-05-11,8427.299433400618,8440.739798639257,8281.639975612758,8349.8701171875,0
6310,2000-05-10,8695.08921106818,8749.579190563389,8557.26954322704,8559.830078125,0
6311,2000-05-09,8607.610482259606,8660.729376603917,8566.59993021362,8635.7998046875,0
6312,2000-05-08,8669.429439863196,8742.649802734346,8538.460321912082,8616.1396484375,0
6313,2000-05-05,8389.861772176188,8698.979489935462,8343.331712916079,8698.490234375,0
6314,2000-05-04,8444.030184616902,8655.159064098669,8338.880293687242,8425.33984375,0
6315,2000-05-03,8505.419515492968,8586.959166813576,8395.190547472395,8419.9599609375,0
6316,2000-05-02,8836.789120996735,8838.739307270427,8632.530302079247,8638.7099609375,0
6317,2000-04-28,8594.441472729106,8860.459796959876,8478.441999059749,8824.3203125,0
6318,2000-04-27,8586.990023069147,8633.34918076679,8458.36074318921,8541.91015625,0
6319,2000-04-26,8992.577936099426,9022.727208742064,8465.72005584591,8535.919921875,0
6320,2000-04-25,8702.919948322777,8923.228505742882,8672.370284090659,8921.0791015625,0
6321,2000-04-24,9128.90869771042,9128.90869771042,8807.66992360184,8808.0498046875,0
6322,2000-04-21,9167.108183561528,9242.997482590643,9105.267647974304,9120.4384765625,0
6323,2000-04-20,9084.818470886967,9175.707700328496,8943.848417628673,9109.0078125,0
6324,2000-04-19,9434.976014149233,9477.626208058016,9104.3583984375,9104.3583984375,0
6325,2000-04-18,9292.698306662416,9389.307245772678,9238.307927066295,9306.98828125,0
6326,2000-04-17,8848.119804265994,9013.098544065459,8796.729413632647,8993.638671875,0
6327,2000-04-14,9517.40756329494,9662.076837142315,9370.087910694601,9374.568359375,0
6328,2000-04-13,9655.385774796163,9746.945905255601,9564.676226405778,9662.5556640625,0
6329,2000-04-12,10101.394646436069,10149.27431224024,9906.275413600999,9911.3447265625,0
6330,2000-04-11,10108.933403184308,10194.862690611386,10059.363321474624,10068.0029296875,0
6331,2000-04-10,9979.184279924491,10168.672660686772,9956.604306311285,10127.43359375,0
6332,2000-04-07,10069.472945845046,10128.21290846551,9908.834040587302,9920.984375,0
6333,2000-04-06,10252.032877680855,10328.932914257452,9969.234375,9969.234375,0
6334,2000-04-05,9923.694567031233,10238.063237541586,9923.694567031233,10186.123046875,0
6335,2000-03-31,9903.514426861113,10011.914323364,9798.565686501728,9854.9052734375,0
6336,2000-03-30,9846.594144200166,10071.213223351597,9846.594144200166,9931.89453125,0
6337,2000-03-29,9844.365056992006,9914.09422973443,9794.435598230126,9805.6455078125,0
6338,2000-03-28,9919.70479031439,9985.104882874308,9772.495500292593,9856.5546875,0
6339,2000-03-27,9531.866496988541,9858.525157028345,9531.866496988541,9807.525390625,0
6340,2000-03-24,9571.236903029629,9571.236903029629,9405.09703086378,9482.5966796875,0
6341,2000-03-23,9198.408738285923,9567.84652636291,9198.408738285923,9533.8271484375,0
6342,2000-03-22,9009.0285995971,9201.107788371994,8908.279066079747,9069.34765625,0
6343,2000-03-21,8380.7518643624,9021.848553513268,8355.851587159277,9004.439453125,0
6344,2000-03-20,8483.370364098217,8536.009765625,8483.370364098217,8536.009765625,0
6345,2000-03-17,8700.950479864361,8799.049641025784,8610.540736695106,8763.2294921875,0
6346,2000-03-16,8357.59134303088,8714.019386916301,8250.421915351655,8682.7197265625,0
6347,2000-03-15,8794.25905071924,8905.779041730706,8634.450220985786,8639.990234375,0
6348,2000-03-14,8694.830715762244,8871.789874793036,8598.031349729976,8835.5400390625,0
6349,2000-03-13,9229.448298126139,9229.448298126139,8807.320333354979,8811.91015625,0
6350,2000-03-10,9705.97630810067,9712.346396920566,9422.03811942371,9429.5576171875,0
6351,2000-03-09,9453.656862243788,9587.2255859375,9453.656862243788,9587.2255859375,0
6352,2000-03-08,9413.52821262027,9482.1372807817,9379.248092492866,9389.4482421875,0
6353,2000-03-07,9340.448419377435,9440.278050588584,9286.34807563449,9380.0283203125,0
6354,2000-03-06,9519.757131646054,9519.757131646054,9356.538136725216,9367.8681640625,0
6355,2000-03-03,9557.61635013442,9650.696001640708,9547.356631533532,9587.986328125,0
6356,2000-03-02,9781.22549344214,9781.22549344214,9538.077174101254,9543.77734375,0
6357,2000-03-01,9572.195854298769,9689.0546875,9572.195854298769,9689.0546875,0
6358,2000-02-29,9525.607999206757,9580.957362262783,9410.068474325013,9435.8984375,0
6359,2000-02-25,9620.877090823682,9639.077205111342,9407.748156836973,9432.4482421875,0
6360,2000-02-24,9725.25528194829,9781.26479115876,9581.956133291962,9599.1259765625,0
6361,2000-02-23,9738.146047163898,9803.764888724809,9623.416101306502,9642.2158203125,0
6362,2000-02-22,9853.114674784032,9917.084106066957,9596.635389929099,9731.884765625,0
6363,2000-02-21,10165.194167911095,10212.943951519392,9912.625,9912.625,0
6364,2000-02-18,10311.221658570397,10393.541588877502,10062.1837522973,10096.3330078125,0
6365,2000-02-17,10109.80315868874,10267.412786095167,10109.80315868874,10202.1533203125,0
6366,2000-02-16,10010.823491921261,10099.922686318047,10010.823491921261,10064.443359375,0
6367,2000-02-15,9993.583818948031,10014.203841090757,9853.814931940895,9957.6943359375,0
6368,2000-02-14,10152.41322931473,10167.663159119207,9963.45413815713,9971.404296875,0
6369,2000-02-11,10171.752730084465,10227.282746530516,10096.49331275806,10128.623046875,0
6370,2000-02-10,10028.293105446413,10098.252740326965,9957.613747357736,10057.623046875,0
6371,2000-02-09,10137.19374730624,10137.19374730624,9932.024766293649,10008.833984375,0
6372,2000-02-01,9829.634887359385,9901.754675849359,9800.585215070434,9856.3447265625,0
6373,2000-01-31,9653.195734984365,9749.464822452239,9613.755487108883,9744.8447265625,0
6374,2000-01-28,9627.87531960394,9753.674541511666,9627.87531960394,9696.865234375,0
6375,2000-01-27,9684.405996843969,9733.215344396456,9618.255908120049,9628.9365234375,0
6376,2000-01-26,9469.69680373079,9617.276205015909,9469.69680373079,9581.916015625,0
6377,2000-01-25,9412.198063552489,9413.167785770203,9307.968061799133,9372.328125,0
6378,2000-01-24,9327.93874089543,9425.827951432677,9327.93874089543,9387.0283203125,0
6379,2000-01-21,9183.517906501207,9305.2273152671,9183.517906501207,9255.8984375,0
6380,2000-01-20,9175.227362952015,9211.297509677735,9077.658475429987,9136.908203125,0
6381,2000-01-19,9255.657724719917,9335.687630931483,9136.717840801015,9151.3984375,0
6382,2000-01-18,9353.847185496768,9353.847185496768,9210.318540187722,9250.1484375,0
6383,2000-01-17,9256.528585639382,9384.477227618609,9230.348039594342,9315.3876953125,0
6384,2000-01-14,9219.328210043543,9236.807622777069,8967.51880778696,9023.19921875,0
6385,2000-01-13,9215.717272837019,9237.807014733338,9095.307671784134,9107.1484375,0
6386,2000-01-12,8964.739107212652,9144.6083984375,8937.26853023298,9144.6083984375,0
6387,2000-01-11,9254.13716877293,9332.476652587144,8890.409347756244,8926.9892578125,0
6388,2000-01-10,8941.888436516307,9125.977431021523,8891.749019383446,9102.5576171875,0
6389,2000-01-07,8853.3896323331,8940.72908093544,8739.390148098084,8849.830078125,0
6390,2000-01-06,8900.518653390853,9023.94875002804,8833.869545723566,8921.9892578125,0
6391,2000-01-05,8690.560290892772,8867.639567862476,8667.980314925788,8849.830078125,0
6392,2000-01-04,8644.870627656459,8803.570097317055,8642.460482426826,8756.509765625,0
6393,1999-12-28,8451.679673852232,8480.45981089998,8376.250343813615,8448.7998046875,0
6394,1999-12-27,8274.790706328167,8415.0302734375,8253.750767374568,8415.0302734375,0
6395,1999-12-24,8144.800168133772,8225.349580442391,8144.800168133772,8219.41015625,0
6396,1999-12-23,8043.842469390577,8117.692223557751,8013.142905148766,8083.45263671875,0
6397,1999-12-22,8033.332375721176,8079.531865702214,7979.682725429298,8002.72216796875,0
6398,1999-12-21,7819.143604645706,7946.012640169236,7815.813542095834,7934.22265625,0
6399,1999-12-20,7821.914372120972,7827.454385811043,7741.8043874501545,7782.904296875,0
6400,1999-12-17,7762.844546030913,7792.9547605305015,7684.605156086023,7723.18505859375,0
6401,1999-12-16,7891.04373670628,7904.803438962336,7721.464439561902,7739.72412109375,0
6402,1999-12-15,7832.223273267708,7895.18342913878,7831.833626645672,7859.853515625,0
6403,1999-12-14,7921.163735423065,7932.4337030804,7841.783729703183,7850.10400390625,0
6404,1999-12-13,7782.443347127802,7883.57275390625,7782.443347127802,7883.57275390625,0
6405,1999-12-10,7764.794780545929,7767.954922430404,7687.324917868422,7733.705078125,0
6406,1999-12-09,7797.573948059581,7862.33390368483,7728.734421380875,7738.80419921875,0
6407,1999-12-08,7826.814380886583,7910.723665944935,7798.884332560905,7810.984375,0
6408,1999-12-07,7899.813628768294,7906.973263685134,7812.253974387019,7827.013671875,0
6409,1999-12-06,7982.702710022181,7982.702710022181,7859.7228193647115,7894.4228515625,0
6410,1999-12-03,7880.453371422338,7957.052622483618,7858.543317662542,7933.1328125,0
6411,1999-12-02,7802.794449254207,7872.54413076544,7773.714503913126,7806.22412109375,0
6412,1999-12-01,7702.144825082702,7767.044429555352,7684.384652690695,7766.16455078125,0
6413,1999-11-30,7884.194080375101,7884.194080375101,7707.13482800754,7720.8349609375,0
6414,1999-11-29,7706.084528312799,7823.86376953125,7688.5445702547795,7823.86376953125,0
6415,1999-11-26,7913.873525928902,7955.093061701794,7558.364917537258,7595.40478515625,0
6416,1999-11-25,7919.642995279752,7933.782577335881,7808.883261359371,7904.49267578125,0
6417,1999-11-24,7938.082931596686,8034.692342315517,7913.17289203664,7921.81298828125,0
6418,1999-11-23,8105.082244166573,8152.291984504772,8007.132506548684,8046.15234375,0
6419,1999-11-22,7967.012605126417,8088.492018383707,7943.982927500297,8052.2724609375,0
6420,1999-11-19,7787.164475600061,7858.363856039854,7756.3042655933,7770.7744140625,0
6421,1999-11-18,7633.575091707212,7745.864619281507,7626.015067550005,7718.02490234375,0
6422,1999-11-17,7687.004693092702,7687.004693092702,7612.154939606546,7645.74462890625,0
6423,1999-11-16,7576.91517425751,7646.214658637735,7554.13500611161,7606.1650390625,0
6424,1999-11-15,7575.57505480289,7577.525241154616,7492.445553956302,7544.9951171875,0
6425,1999-11-11,7464.955875840494,7549.255292527788,7464.955875840494,7532.185546875,0
6426,1999-11-10,7356.696008949653,7506.425298003209,7355.345917527813,7401.77587890625,0
6427,1999-11-09,7420.015850804564,7430.365901099137,7362.596191681077,7362.65625,0
6428,1999-11-08,7318.245989730171,7411.695753494648,7261.276526250832,7401.4560546875,0
6429,1999-11-05,7466.59580185323,7498.155716393091,7404.276262089372,7488.2255859375,0
6430,1999-11-04,7589.89544376172,7605.915389984308,7460.175822526203,7469.19580078125,0
6431,1999-11-03,7729.064250300756,7741.484114572497,7572.074744042182,7580.0546875,0
6432,1999-11-02,7782.044646464126,7805.7842844712695,7687.685212801519,7721.5546875,0
6433,1999-11-01,7874.223850302664,7874.223850302664,7808.864285134586,7814.8544921875,0
6434,1999-10-29,7751.474404824815,7776.81462125866,7667.775079614488,7706.634765625,0
6435,1999-10-28,7729.58474231637,7744.29463593323,7669.455134690337,7681.81494140625,0
6436,1999-10-27,7731.134628903888,7780.174444097466,7669.7950651717065,7701.18505859375,0
6437,1999-10-26,7690.274947908097,7787.344328947305,7667.17495571707,7700.2548828125,0
6438,1999-10-25,7595.60537057644,7680.8349609375,7570.67530890355,7680.8349609375,0
6439,1999-10-22,7676.544377995158,7691.304074979495,7505.034921701683,7559.5947265625,0
6440,1999-10-21,7766.70456448188,7792.684425633761,7640.274969349746,7654.86474609375,0
6441,1999-10-20,7713.944607136514,7721.114496133022,7653.815000056428,7666.60498046875,0
6442,1999-10-19,7759.894713482392,7798.124519242999,7684.2646880137645,7692.9248046875,0
6443,1999-10-18,7806.214074785031,7818.564115604783,7726.584558437948,7745.22412109375,0
6444,1999-10-15,7923.153822318593,7959.483734827309,7815.744155714415,7819.05419921875,0
6445,1999-10-14,7777.663567281537,7879.873046875,7773.173354052691,7879.873046875,0
6446,1999-10-13,7806.883927472102,7890.823481866816,7784.4040506490255,7836.90380859375,0
6447,1999-10-12,7658.174645099133,7840.533667427799,7658.174645099133,7835.333984375,0
6448,1999-10-11,7555.905021637989,7642.224446929765,7554.034913093234,7607.07470703125,0
6449,1999-10-08,7610.254616055968,7634.724228721194,7542.435107512712,7552.94482421875,0
6450,1999-10-07,7558.0549364856715,7656.814734264731,7558.0549364856715,7611.96484375,0
6451,1999-10-06,7526.875861377952,7546.7453997521825,7462.41619413947,7501.595703125,0
6452,1999-10-05,7743.6841899910305,7763.573745899147,7545.685111114294,7556.974609375,0
6453,1999-10-04,7668.654861960147,7715.3445897892025,7592.305113557701,7685.44482421875,0
6454,1999-10-01,7633.045204725123,7704.724564740754,7613.885136012497,7694.955078125,0
6455,1999-09-30,7598.924803901346,7680.2842907663935,7566.955225248671,7598.7548828125,0
6456,1999-09-29,7464.7853633444465,7615.4150390625,7415.545844562907,7615.4150390625,0
6457,1999-09-28,7636.434786634887,7636.434786634887,7537.435245929899,7577.81494140625,0
6458,1999-09-27,7789.804061831419,7789.804061831419,7755.824237446609,7759.89453125,0
6459,1999-09-20,8028.382550524217,8028.382550524217,7947.902944680313,7972.10302734375,0
6460,1999-09-17,7987.702793040404,8043.472062879089,7903.262759154756,7916.8828125,0
6461,1999-09-16,7897.523281432361,8003.362632310007,7897.523281432361,7968.86279296875,0
6462,1999-09-15,8077.372551666276,8117.932421431666,7969.342781166399,7971.0029296875,0
6463,1999-09-14,8195.572272598283,8200.49217161403,8054.83269213948,8091.982421875,0
6464,1999-09-13,8200.962299783814,8250.69253992152,8159.152433392021,8178.65234375,0
6465,1999-09-10,8105.6926395455675,8175.32220159188,8089.822595467439,8161.42236328125,0
6466,1999-09-09,7988.052419113637,8048.102430743491,7955.77278518994,8024.982421875,0
6467,1999-09-08,7968.792989553025,8033.2726699187015,7891.623426842692,7973.2626953125,0
6468,1999-09-07,8184.421736752171,8196.34160295712,7933.242734066963,7945.72265625,0
6469,1999-09-06,8072.732687823092,8135.332495991524,8006.212975906942,8130.2421875,0
6470,1999-09-03,8208.661970265839,8217.201969560363,8069.032249381906,8073.9326171875,0
6471,1999-09-02,8348.989636282931,8414.558653075435,8214.570368668721,8226.1103515625,0
6472,1999-09-01,8225.570543441241,8360.79938118101,8225.570543441241,8273.2900390625,0
6473,1999-08-31,8075.762584634161,8196.622379170874,8072.412990696967,8157.6923828125,0
6474,1999-08-30,8054.7925574670735,8159.522050087199,8041.382463683678,8071.322265625,0
6475,1999-08-27,8082.872423495912,8135.2022573329095,8027.822387513708,8053.9326171875,0
6476,1999-08-26,8171.241845258829,8240.131662115233,8077.142672795748,8097.5322265625,0
6477,1999-08-25,7999.092877126403,8133.912565918796,7954.313299131019,8127.05224609375,0
6478,1999-08-24,8212.341211576433,8255.441594557791,7984.3525390625,7984.3525390625,0
6479,1999-08-23,8168.732195964207,8193.72182634882,8086.232577961041,8119.9423828125,0
6480,1999-08-20,7976.802897222003,8135.622474110001,7975.483079116316,8117.38232421875,0
6481,1999-08-19,7959.492699730424,8005.392876494105,7916.393291167206,7964.6328125,0
6482,1999-08-18,8105.03170279195,8155.701874624734,7992.112312025088,7993.67236328125,0
6483,1999-08-17,8042.962590392613,8101.372474965252,7923.972909465077,8083.392578125,0
6484,1999-08-16,7748.113572187399,8018.4326171875,7748.113572187399,8018.4326171875,0
6485,1999-08-13,7530.4853036755685,7682.994366227342,7504.845285158388,7626.0146484375,0
6486,1999-08-12,7294.496257883127,7393.856152763464,7277.77660816819,7330.20654296875,0
6487,1999-08-11,7276.926536051445,7320.966372827098,7205.986920489981,7228.64697265625,0
6488,1999-08-10,7051.297398304505,7269.56640625,7030.227183456157,7269.56640625,0
6489,1999-08-09,7077.588154867391,7110.78771196976,7017.828170836655,7027.97802734375,0
6490,1999-08-06,6988.477760013593,7031.767600818636,6817.548855328433,6823.48876953125,0
6491,1999-08-05,7038.507941385726,7078.547797854644,6941.618246512625,6959.6982421875,0
6492,1999-08-04,7196.647560003862,7274.62718706276,7105.877951847674,7110.767578125,0
6493,1999-08-03,7114.61697936722,7191.92668020939,6968.507792208009,7175.15673828125,0
6494,1999-08-02,7340.846010913298,7355.11596460058,7176.506925451502,7195.90673828125,0
6495,1999-07-30,7169.3170418739355,7420.805628421815,7150.007072313233,7413.07568359375,0
6496,1999-07-29,7513.0456830301655,7513.0456830301655,7343.546459005999,7359.33642578125,0
6497,1999-07-28,7485.215816887452,7533.835712040025,7433.495838235937,7484.4658203125,0
6498,1999-07-27,7510.075521915173,7538.4953138348255,7329.706717782405,7367.9365234375,0
6499,1999-07-26,7702.044429547824,7730.564317076017,7590.014674635165,7595.6748046875,0
6500,1999-07-23,7634.785076217092,7735.48481321746,7619.37547838165,7724.48486328125,0
6501,1999-07-22,7743.38446917168,7798.904234508427,7671.605012654127,7678.634765625,0
6502,1999-07-21,7663.654859742243,7830.723919174385,7640.284849534881,7786.6142578125,0
6503,1999-07-20,7543.575420652771,7826.454500170776,7543.575420652771,7806.814453125,0
6504,1999-07-19,7364.845804968075,7455.18571898792,7192.956951876703,7386.85595703125,0
6505,1999-07-16,7987.222931098503,8024.152936570338,7402.495647205625,7411.5458984375,0
6506,1999-07-15,7868.433337786998,7964.952904959131,7737.343620135098,7918.0029296875,0
6507,1999-07-14,8162.681816251407,8249.121351031927,7792.503381850149,7888.623046875,0
6508,1999-07-13,8441.098454541716,8441.098454541716,8194.929734009014,8204.4599609375,0
6509,1999-07-12,8582.849046488138,8592.00915940539,8455.099650818293,8463.8603515625,0
6510,1999-07-09,8624.339496707256,8663.019003078647,8538.780327051714,8550.2294921875,0
6511,1999-07-08,8533.830351001285,8610.860265492593,8525.389960644558,8592.3896484375,0
6512,1999-07-07,8464.709986087271,8500.570168133485,8390.95056913374,8470.0302734375,0
6513,1999-07-06,8631.209123832588,8663.87889098826,8446.150429931497,8454.4501953125,0
6514,1999-07-05,8588.11037578726,8668.110003042622,8534.990506102748,8593.3095703125,0
6515,1999-07-02,8508.750295664753,8642.579748687713,8508.750295664753,8572.0498046875,0
6516,1999-06-30,8576.739717014825,8576.739717014825,8444.54991240699,8467.330078125,0
6517,1999-06-29,8428.80020642773,8514.2294921875,8407.910656225544,8514.2294921875,0
6518,1999-06-28,8281.660155041303,8341.809278294091,8240.309769025152,8281.41015625,0
6519,1999-06-25,8469.079094047866,8497.558448285003,8251.610420875899,8265.919921875,0
6520,1999-06-24,8497.860777666348,8627.839663954506,8433.700920498886,8589.26953125,0
6521,1999-06-23,8607.499456769214,8661.348812257433,8486.929712726609,8492.2802734375,0
6522,1999-06-22,8482.340432227918,8640.070167391437,8445.960718614117,8608.8701171875,0
6523,1999-06-21,8361.010015138223,8483.90982089036,8308.390148365539,8413.4404296875,0
6524,1999-06-17,8155.400477791462,8290.209884048581,8155.400477791462,8274.3203125,0
6525,1999-06-16,7994.292782266012,8058.982421875,7924.373186587644,8058.982421875,0
6526,1999-06-15,8091.772334722657,8109.24197984161,7940.862882013057,7959.962890625,0
6527,1999-06-14,8023.67261825593,8039.602719897476,7926.49289475528,7973.54296875,0
6528,1999-06-11,8008.922223998981,8028.35230822835,7937.73261802835,7979.3623046875,0
6529,1999-06-10,7993.572280434616,8058.142289350104,7985.442435845665,7996.72216796875,0
6530,1999-06-09,7928.203262426866,7980.0726494482615,7900.853292312966,7957.6728515625,0
6531,1999-06-08,7900.893025026626,7940.342546562452,7858.5729115198465,7892.0927734375,0
6532,1999-06-07,7708.344669111882,7818.054128868358,7688.804719312897,7802.654296875,0
6533,1999-06-04,7613.1146409091925,7628.104805854696,7576.944886560558,7590.40478515625,0
6534,1999-06-03,7552.324802433311,7604.474462677925,7552.324802433311,7572.875,0
6535,1999-06-02,7429.626242995158,7493.645970302108,7429.626242995158,7487.99560546875,0
6536,1999-06-01,7333.656057099345,7397.5859375,7313.086327920642,7397.5859375,0
6537,1999-05-31,7449.06579597341,7449.06579597341,7304.406305855793,7316.5361328125,0
6538,1999-05-28,7463.255508110726,7465.765262123609,7377.025926608555,7387.3359375,0
6539,1999-05-27,7498.905624752259,7510.385552686315,7440.686164614911,7468.9755859375,0
6540,1999-05-26,7348.846060954964,7460.835779915667,7348.846060954964,7426.595703125,0
6541,1999-05-25,7544.275292364184,7553.315289767729,7409.626010523752,7416.99560546875,0
6542,1999-05-24,7626.67462640985,7644.93479571639,7538.485093587372,7588.19482421875,0
6543,1999-05-21,7646.124817578375,7696.934641340531,7594.724664513338,7606.65478515625,0
6544,1999-05-20,7665.624737651071,7701.224182540787,7603.474634187217,7608.8447265625,0
6545,1999-05-19,7583.364890143583,7634.694731280029,7542.74496049725,7614.56494140625,0
6546,1999-05-18,7646.5544044146745,7658.634426552634,7484.025372528533,7585.474609375,0
6547,1999-05-17,7646.414823074038,7705.594236810663,7587.724664886623,7599.724609375,0
6548,1999-05-14,7470.155351635441,7592.944822134177,7470.155351635441,7592.49462890625,0
6549,1999-05-13,7457.985647105085,7499.595318615336,7411.105980351982,7416.166015625,0
6550,1999-05-12,7516.095392368873,7532.035260629014,7423.34581798534,7448.3759765625,0
6551,1999-05-11,7530.2355845869615,7584.535140968525,7466.115760612409,7474.416015625,0
6552,1999-05-10,7441.245802254059,7484.3359375,7399.886127855398,7484.3359375,0
6553,1999-05-07,7538.6954832069905,7582.305146929312,7456.95611115468,7469.2958984375,0
6554,1999-05-06,7619.404508976258,7664.854492933216,7545.294990325659,7560.0146484375,0
6555,1999-05-05,7594.244526208579,7644.4147034321595,7554.1548685888965,7572.125,0
6556,1999-05-04,7433.485579190024,7588.0048828125,7433.485579190024,7588.0048828125,0
6557,1999-05-03,7393.54585066117,7403.6459015605415,7312.436362865798,7383.2255859375,0
6558,1999-04-30,7264.976559444975,7372.946280789265,7209.476813118824,7371.13623046875,0
6559,1999-04-29,7412.145917922886,7436.185845876342,7274.176340754418,7289.58642578125,0
6560,1999-04-28,7559.665727973932,7579.95567452699,7479.9561304622475,7496.57568359375,0
6561,1999-04-27,7656.854483352776,7668.784115303654,7521.8048192290835,7550.0947265625,0
6562,1999-04-26,7652.014542633774,7665.254715995337,7563.315244347098,7629.0546875,0
6563,1999-04-23,7561.315179003299,7659.5544714215075,7561.315179003299,7612.7646484375,0
6564,1999-04-22,7515.075590057421,7548.425535618042,7444.535872698075,7494.56591796875,0
6565,1999-04-21,7684.864758933435,7705.974525678283,7452.305763847819,7474.1259765625,0
6566,1999-04-20,7587.284854266395,7674.804470417929,7537.215260819434,7627.705078125,0
6567,1999-04-19,7608.964909145516,7685.104694724503,7608.964909145516,7623.14501953125,0
6568,1999-04-16,7529.435748371404,7594.4154313915105,7414.586176446394,7466.78564453125,0
6569,1999-04-15,7417.106326397744,7498.1357421875,7339.4465241541075,7498.1357421875,0
6570,1999-04-14,7366.405910519736,7448.6154916702735,7366.405910519736,7398.61572265625,0
6571,1999-04-13,7281.706800594645,7344.596160277173,7279.006617679969,7337.81640625,0
6572,1999-04-12,7278.496416392093,7306.516307464238,7188.886963931501,7242.36669921875,0
6573,1999-04-09,7331.046083549044,7384.945735956317,7260.346216076799,7265.66650390625,0
6574,1999-04-08,7193.53650264357,7316.126266820047,7193.53650264357,7273.37646484375,0
6575,1999-04-07,7177.967092101485,7190.536858693249,7110.34728492178,7135.857421875,0
6576,1999-04-06,7232.4269334221335,7245.647087894882,7156.967317077626,7163.95751953125,0
6577,1999-04-02,7070.287365678005,7232.4765625,7070.287365678005,7232.4765625,0
6578,1999-04-01,6876.169101321854,7018.6484375,6875.638830282236,7018.6484375,0
6579,1999-03-31,6894.60833885122,6937.1081428425305,6834.298558405599,6881.6884765625,0
6580,1999-03-30,6965.958186332012,6968.447920971326,6828.958816620276,6898.62841796875,0
6581,1999-03-29,7057.137468553765,7062.867422672448,6898.408218025643,6901.6484375,0
6582,1999-03-26,7004.428352574332,7059.418338800109,6971.518344834878,7033.21826171875,0
6583,1999-03-25,6929.6382371355585,6969.338250925654,6878.18876534936,6941.34814453125,0
6584,1999-03-24,6873.438550039846,6932.977826533415,6844.058314296022,6889.38818359375,0
6585,1999-03-23,7107.167718029529,7132.997189841582,6937.698277602141,6945.4482421875,0
6586,1999-03-22,7009.018220429338,7064.308010343249,6976.698541850539,7043.1982421875,0
6587,1999-03-19,6934.548624283349,7023.537966737752,6914.158580050103,6997.25830078125,0
6588,1999-03-18,6795.378876433716,6894.97802734375,6785.928724621221,6894.97802734375,0
6589,1999-03-17,6724.459135048622,6808.368414953137,6702.638923462891,6757.03857421875,0
6590,1999-03-16,6644.49915114677,6722.26881212631,6616.609631291995,6672.19921875,0
6591,1999-03-15,6473.970296948375,6598.28955078125,6440.910390035908,6598.28955078125,0
6592,1999-03-12,6447.040111236365,6472.6000520299995,6412.440661322579,6462.7001953125,0
6593,1999-03-11,6507.119791654826,6537.319847221247,6430.520048452024,6436.77001953125,0
6594,1999-03-10,6495.109823469899,6519.23959366664,6458.269663374917,6486.57958984375,0
6595,1999-03-09,6448.099820572403,6535.119434402036,6447.380097365386,6493.39990234375,0
6596,1999-03-08,6441.100055192124,6444.450137334723,6386.250211536014,6431.93017578125,0
6597,1999-03-05,6430.519798070737,6460.710086881845,6333.230212988846,6383.06005859375,0
6598,1999-03-04,6444.479743959545,6468.819962601673,6384.160200739917,6393.71044921875,0
6599,1999-03-03,6261.270679322596,6421.2801889174125,6256.990914074402,6403.1103515625,0
6600,1999-03-02,6312.680434076734,6343.27013474681,6227.310716196595,6263.5107421875,0
6601,1999-03-01,6328.190843846624,6351.660461479718,6275.780930846464,6312.220703125,0
6602,1999-02-26,6272.080781594703,6318.49072265625,6224.41108074927,6318.49072265625,0
6603,1999-02-25,6279.320782946386,6362.28035659107,6235.040716228268,6275.50048828125,0
6604,1999-02-24,6165.621431851513,6268.681014555349,6158.321660871576,6238.84130859375,0
6605,1999-02-23,6339.2106879632365,6408.729895191331,6167.26129408925,6180.9111328125,0
6606,1999-02-22,6215.980921732583,6343.810406692971,6164.351278496088,6313.6005859375,0
6607,1999-02-10,5669.204676317116,5811.304139721019,5669.204676317116,5797.97412109375,0
6608,1999-02-09,5798.894197705334,5798.894197705334,5721.324717588476,5723.70458984375,0
6609,1999-02-08,5784.113460378592,5839.1229722996395,5757.58330929819,5822.953125,0
6610,1999-02-05,5506.52475788294,5625.624313806713,5422.63549102151,5474.76513671875,0
6611,1999-02-04,5711.774013203239,5747.444262290674,5502.515192485297,5514.865234375,0
6612,1999-02-03,5657.984273515553,5772.864127016877,5596.554862786428,5743.833984375,0
6613,1999-02-02,5892.903651932117,5892.903651932117,5726.224226371844,5749.6142578125,0
6614,1999-02-01,5948.322850265657,5948.322850265657,5858.973161892144,5862.76318359375,0
6615,1999-01-29,6090.412111281393,6090.412111281393,5975.452675650783,5983.97265625,0
6616,1999-01-28,6110.791774569472,6145.741809454935,6058.682150480905,6063.38232421875,0
6617,1999-01-27,6161.751849258559,6204.4318315390565,6129.372113247977,6138.84228515625,0
6618,1999-01-26,6083.5421381381975,6115.6123046875,5987.3926733687695,6115.6123046875,0
6619,1999-01-25,6142.701638226673,6161.771374458229,6018.9522092028465,6032.1220703125,0
6620,1999-01-22,6303.830708233904,6328.280790465433,6221.211461439447,6228.92138671875,0
6621,1999-01-21,6332.650388367287,6424.509819561696,6330.20020457992,6332.17041015625,0
6622,1999-01-20,6355.120399160519,6360.720470818845,6291.970789984226,6310.6806640625,0
6623,1999-01-19,6358.8500247822185,6421.749631780369,6323.8604429823245,6343.330078125,0
6624,1999-01-18,6436.139861531314,6477.409688309577,6377.22021484375,6377.22021484375,0
6625,1999-01-15,6190.921626785231,6454.5703125,6176.061343796753,6454.5703125,0
6626,1999-01-14,6295.961173434362,6595.959788698702,6187.291264877419,6241.291015625,0
6627,1999-01-13,6293.560666253693,6365.570586315671,6292.520632012883,6319.310546875,0
6628,1999-01-12,6429.509946642524,6441.759889308384,6357.080109858971,6363.8603515625,0
6629,1999-01-11,6471.989932061083,6492.869717806076,6392.460516627119,6406.96044921875,0
6630,1999-01-08,6371.310292404531,6492.840002164188,6371.310292404531,6421.72021484375,0
6631,1999-01-07,6280.350674030537,6409.519995162246,6181.591367717318,6404.2802734375,0
6632,1999-01-06,6081.991758727544,6280.9009907186855,5988.032234385781,6199.88134765625,0
6633,1999-01-05,6210.3810761665045,6310.380607919114,6111.611519123293,6152.4013671875,0
6634,1998-12-31,6516.17972202759,6516.17972202759,6414.420428625616,6418.400390625,0
6635,1998-12-30,6545.749613974724,6566.5195377716145,6433.420541886925,6462.0,0
6636,1998-12-29,6499.820213281228,6527.229755228487,6414.620409693852,6478.240234375,0
6637,1998-12-28,6615.349483126242,6615.349483126242,6452.100233309735,6481.6201171875,0
6638,1998-12-24,6778.238324044476,6780.79837066728,6668.648992741374,6682.96875,0
6639,1998-12-23,6775.578206996152,6775.578206996152,6684.098653930455,6688.61865234375,0
6640,1998-12-22,6623.179445668327,6782.64892578125,6619.769305130019,6782.64892578125,0
6641,1998-12-21,6549.499552109308,6620.719438196006,6537.619724135104,6558.24951171875,0
6642,1998-12-18,6742.098632228871,6742.098632228871,6592.429404091976,6636.62939453125,0
6643,1998-12-17,6695.1389541892,6760.978493405094,6650.609375,6650.609375,0
6644,1998-12-16,6926.807867517639,6926.807867517639,6764.718772019746,6769.48876953125,0
6645,1998-12-15,6846.9784382549415,6937.0283192133475,6752.469105043871,6936.7880859375,0
6646,1998-12-14,6985.837934952134,6989.127958858209,6882.2085295377565,6889.46826171875,0
6647,1998-12-11,7015.697894655193,7075.247426996987,6931.138222789307,6939.70849609375,0
6648,1998-12-10,7118.237967404148,7132.367786592649,7034.898498916572,7048.5380859375,0
6649,1998-12-09,7176.176978140241,7210.076724675617,7100.787187924396,7117.87744140625,0
6650,1998-12-08,7355.596021627407,7355.596021627407,7197.986883893369,7212.64697265625,0
6651,1998-12-07,7375.876130065973,7375.876130065973,7300.196303408768,7303.30615234375,0
6652,1998-12-04,7165.036790617036,7236.046717139952,7165.036790617036,7201.806640625,0
6653,1998-12-03,7182.447071491885,7182.447071491885,7129.947312038506,7140.0771484375,0
6654,1998-12-02,7190.01693978341,7213.596910126541,7131.407344401213,7157.1875,0
6655,1998-12-01,7116.207944877706,7199.707566001652,7096.797876700082,7102.337890625,0
6656,1998-11-30,7312.616072696404,7312.616072696404,7171.716822181208,7177.18701171875,0
6657,1998-11-27,7406.765714331435,7453.2156958534,7300.01620565638,7320.08642578125,0
6658,1998-11-26,7281.046346792832,7397.485748763408,7252.966398755461,7377.82568359375,0
6659,1998-11-25,7187.636837643646,7292.166629937216,7116.057088995638,7213.466796875,0
6660,1998-11-24,7452.905683116198,7467.185890912789,7410.485956229216,7435.8056640625,0
6661,1998-11-23,7318.316378188654,7390.465948100058,7308.3662287219095,7312.22607421875,0
6662,1998-11-20,7366.106023670597,7381.805657995537,7296.3163078100615,7380.49560546875,0
6663,1998-11-19,7185.506877462662,7306.036106368375,7177.226642239007,7300.30615234375,0
6664,1998-11-18,7140.307434726542,7176.577289633147,7083.407790643647,7100.10791015625,0
6665,1998-11-17,7067.00762173839,7131.8671875,7032.587857751524,7131.8671875,0
6666,1998-11-16,6890.018582186958,7003.83837890625,6889.438994969641,7003.83837890625,0
6667,1998-11-13,6784.988488513423,6870.537895637996,6776.3483919467,6829.58837890625,0
6668,1998-11-11,6738.138774733346,6768.36861546423,6643.149467729009,6654.75927734375,0
6669,1998-11-10,6847.488607965884,6862.388441959449,6785.91906618582,6812.2685546875,0
6670,1998-11-09,6989.398291384233,7014.298080139557,6941.578197031033,6957.3681640625,0
6671,1998-11-06,6931.108207306057,6967.237923680436,6858.0284658362,6889.6181640625,0
6672,1998-11-05,6933.2681757556675,6957.23828125,6827.36875651533,6957.23828125,0
6673,1998-11-04,7002.5478928154635,7043.237647202308,6851.118413038689,6905.2880859375,0
6674,1998-11-03,7133.137906535117,7151.2476885350525,7061.818402416468,7071.408203125,0
6675,1998-11-02,7215.796885394894,7249.256692416983,7180.167166479419,7218.056640625,0
6676,1998-10-30,7046.907962256652,7101.427734375,7007.288024866009,7101.427734375,0
6677,1998-10-29,6983.728177196607,7016.8583984375,6963.088622114847,7016.8583984375,0
6678,1998-10-28,7060.708046373348,7060.708046373348,6937.848254897903,6962.05810546875,0
6679,1998-10-27,7056.477937676776,7109.987950228355,7019.028399560099,7036.59814453125,0
6680,1998-10-26,7063.408144062436,7063.408144062436,7024.098262429976,7050.2880859375,0
6681,1998-10-23,7029.408320173457,7088.358250304396,7010.32832787828,7055.42822265625,0
6682,1998-10-22,7067.997682429072,7067.997682429072,6965.508401839918,6987.75830078125,0
6683,1998-10-21,6859.7487775221025,7021.38818359375,6859.7487775221025,7021.38818359375,0
6684,1998-10-20,6875.598019826694,6926.878055621585,6836.4883377880415,6848.6884765625,0
6685,1998-10-19,6944.1082164992395,6944.1082164992395,6887.318438484252,6904.5283203125,0
6686,1998-10-15,6828.848499538087,6839.908507303464,6784.669015073326,6799.8486328125,0
6687,1998-10-14,6857.788396869499,6882.2482457142705,6784.1090470216,6819.0888671875,0
6688,1998-10-13,6997.878010561515,7023.147914012085,6906.648449167956,6909.1884765625,0
6689,1998-10-12,7027.107909140522,7027.107909140522,6913.768096905995,6920.41845703125,0
6690,1998-10-09,6990.028110571943,7064.797788367329,6893.7184921626595,6944.13818359375,0
6691,1998-10-08,6726.089490437364,6970.1982421875,6726.089490437364,6970.1982421875,0
6692,1998-10-07,6596.449580108932,6674.859375,6560.619667109464,6674.859375,0
6693,1998-10-06,6506.069956483025,6575.919730540826,6447.530188622232,6534.61962890625,0
6694,1998-10-02,6512.81995684553,6537.9497233594775,6384.630608689348,6435.97021484375,0
6695,1998-10-01,6760.378634178348,6777.368301053237,6697.148948534902,6702.02880859375,0
6696,1998-09-30,6874.537897291523,6906.427885905869,6796.388357892119,6833.91845703125,0
6697,1998-09-29,6952.17791050609,6952.17791050609,6840.968462258403,6884.46826171875,0
6698,1998-09-28,6958.137965165196,6958.137965165196,6905.418480728,6910.578125,0
6699,1998-09-25,6952.658326807096,6979.8583984375,6903.6585496151565,6979.8583984375,0
6700,1998-09-24,7045.548041420463,7045.548041420463,6974.058132116144,6979.91845703125,0
6701,1998-09-23,7064.977558530159,7086.747478818929,6951.578173139892,6962.13818359375,0
6702,1998-09-22,7090.057852339996,7090.057852339996,6984.8083272417225,7033.95849609375,0
6703,1998-09-21,7218.357545132056,7218.357545132056,6988.948424686557,7029.3681640625,0
6704,1998-09-18,6929.2086443485105,7000.238105683863,6929.2086443485105,6961.72802734375,0
6705,1998-09-17,7036.83821410569,7060.697969213397,6996.6582204894385,7000.48828125,0
6706,1998-09-16,6877.868594854616,6972.50830078125,6851.26861827926,6972.50830078125,0
6707,1998-09-15,6925.18816528555,6925.18816528555,6816.138376995872,6857.92822265625,0
6708,1998-09-14,6884.7879718957865,6922.927932160833,6852.048377271064,6860.13818359375,0
6709,1998-09-11,6745.488728018729,6858.9584164902135,6682.879155175771,6841.79833984375,0
6710,1998-09-10,6803.228518244446,6915.038063294458,6780.7486410262745,6803.798828125,0
6711,1998-09-09,7017.247481995196,7017.247481995196,6846.468483002113,6894.5380859375,0
6712,1998-09-08,6820.15876119781,6942.22802734375,6820.15876119781,6942.22802734375,0
6713,1998-09-07,6769.589010140276,6822.938862647761,6707.609314475421,6800.69873046875,0
6714,1998-09-04,6254.801253001955,6463.1201171875,6254.801253001955,6463.1201171875,0
6715,1998-09-03,6372.330497168492,6391.83040730552,6240.661182075572,6251.35107421875,0
6716,1998-09-02,6450.390234566598,6518.079864437756,6388.040423869431,6471.650390625,0
6717,1998-09-01,6350.10002694377,6361.550168421855,6219.860893187222,6335.06005859375,0
6718,1998-08-31,6776.118584189575,6776.118584189575,6547.399914728787,6550.07958984375,0
6719,1998-08-28,6625.339324519761,6802.918577307573,6615.909192567046,6723.73876953125,0
6720,1998-08-27,6706.289064894999,6820.678676949948,6665.919621148794,6813.2685546875,0
6721,1998-08-26,6996.287739627602,7017.367721080966,6813.428714927792,6814.298828125,0
6722,1998-08-25,6948.918270414124,6948.918270414124,6811.398882677969,6908.29833984375,0
6723,1998-08-24,7128.937695529072,7128.937695529072,6951.978053528245,6957.71826171875,0
6724,1998-08-21,7268.106681487484,7277.206737256007,7195.016685890853,7213.3369140625,0
6725,1998-08-20,7289.856357037806,7311.716119025457,7257.156313250521,7270.80615234375,0
6726,1998-08-19,7261.816551992356,7322.336291955148,7259.59634740475,7293.3662109375,0
6727,1998-08-18,7284.566418277048,7284.566418277048,7088.697206668971,7181.556640625,0
6728,1998-08-17,7352.245730475197,7352.245730475197,7248.106564397266,7273.81640625,0
6729,1998-08-14,7345.496105259734,7355.116178338155,7275.566738393467,7348.00634765625,0
6730,1998-08-13,7433.356121143501,7447.265725460895,7362.51611328125,7362.51611328125,0
6731,1998-08-12,7301.486557224178,7351.47607421875,7276.206887923247,7351.47607421875,0
6732,1998-08-11,7361.155867211508,7397.9657554152645,7338.816126870358,7383.94580078125,0
6733,1998-08-10,7477.865727512154,7486.975549160319,7366.986351433012,7372.08642578125,0
6734,1998-08-07,7501.23548392657,7542.845155637355,7446.935929233616,7529.9853515625,0
6735,1998-08-06,7567.605518334428,7568.5254360012195,7455.416090144245,7471.7060546875,0
6736,1998-08-05,7524.795784044916,7543.245406992442,7482.785721598539,7499.69580078125,0
6737,1998-08-04,7572.994722017207,7639.384551349527,7572.994722017207,7593.10498046875,0
6738,1998-08-03,7715.7641082593345,7715.7641082593345,7588.724656935727,7599.0048828125,0
6739,1998-07-31,7792.194187010109,7797.894356138871,7653.2749032611,7653.474609375,0
6740,1998-07-30,7808.814584770162,7808.814584770162,7723.8750296515755,7730.39501953125,0
6741,1998-07-29,7818.1443348118255,7842.084166469939,7761.844299941128,7775.29443359375,0
6742,1998-07-28,7941.34323667523,7950.803153958978,7822.093786963962,7830.10400390625,0
6743,1998-07-27,7935.272737528138,7935.272737528138,7882.433142292596,7890.2626953125,0
6744,1998-07-24,7813.753345796111,7902.36279296875,7812.5433905405425,7902.36279296875,0
6745,1998-07-23,7866.353090920343,7934.542711194436,7860.172944243872,7879.85302734375,0
6746,1998-07-22,7872.862831392299,7881.02294921875,7794.043378310731,7881.02294921875,0
6747,1998-07-21,8076.54237410051,8092.402163342914,7940.583047867012,7949.1630859375,0
6748,1998-07-20,8075.822133925299,8075.822133925299,8014.662751686479,8047.63232421875,0
6749,1998-07-17,8013.202728548071,8040.112270566603,7985.762427295009,8032.822265625,0
6750,1998-07-16,7933.732868339223,7949.472540729005,7904.733004136526,7924.802734375,0
6751,1998-07-15,7853.693462507499,7875.87353515625,7832.133504162852,7875.87353515625,0
6752,1998-07-14,7888.073766217517,7895.42383023872,7789.1845703125,7789.1845703125,0
6753,1998-07-13,7818.324205842774,7869.593991545242,7803.524468653206,7815.494140625,0
6754,1998-07-10,7925.212692490271,7927.7825046117705,7839.762899428047,7883.123046875,0
6755,1998-07-09,8044.922396632097,8079.702507670179,7947.49267578125,7947.49267578125,0
6756,1998-07-08,7907.963025374898,7938.942860993729,7887.773178368689,7936.78271484375,0
6757,1998-07-07,7947.493184634492,7947.493184634492,7829.8340585203,7845.93408203125,0
6758,1998-07-06,7949.082752718802,7974.232536846608,7894.143069555186,7894.81298828125,0
6759,1998-07-03,7797.884096838295,7872.204067897506,7746.41460673691,7758.59423828125,0
6760,1998-07-02,7653.974864799113,7823.204561890426,7647.675088837522,7817.07421875,0
6761,1998-06-30,7606.114479051148,7606.114479051148,7517.295068483281,7548.77490234375,0
6762,1998-06-29,7679.644845572626,7679.644845572626,7533.005383468769,7535.6953125,0
6763,1998-06-26,7717.334798884025,7771.614335630533,7656.094844773046,7681.9248046875,0
6764,1998-06-25,7762.284487332467,7777.254634026386,7695.705200583081,7722.60498046875,0
6765,1998-06-24,7733.674515947114,7783.9545589410345,7659.5547384655065,7670.6748046875,0
6766,1998-06-23,7729.874555327366,7729.874555327366,7598.235024891254,7633.32470703125,0
6767,1998-06-22,7867.374202542926,7867.374202542926,7678.665104001376,7692.875,0
6768,1998-06-19,7723.244283812965,7815.073939825699,7700.194585077735,7754.39453125,0
6769,1998-06-18,7658.314957671193,7771.724105264929,7633.68518787177,7768.2744140625,0
6770,1998-06-17,7486.505767085584,7547.9654466709035,7445.885835849365,7466.345703125,0
6771,1998-06-16,7174.696860386962,7444.025695226955,7170.72666387057,7404.23583984375,0
6772,1998-06-15,7166.926810114784,7283.79638671875,7111.726870131168,7283.79638671875,0
6773,1998-06-12,7121.827126603425,7199.446886998624,7099.507404981035,7117.0771484375,0
6774,1998-06-11,7073.187644953931,7238.88658899166,7073.187644953931,7210.70703125,0
6775,1998-06-10,7377.015894026779,7422.615782069501,7220.096693477834,7223.0966796875,0
6776,1998-06-09,7607.54520183503,7607.54520183503,7448.3257169225235,7455.595703125,0
6777,1998-06-08,7601.274855846903,7645.3547298307985,7560.75502396962,7591.23486328125,0
6778,1998-06-05,7582.075335084492,7585.255496383528,7418.896390689045,7505.5458984375,0
6779,1998-06-04,7563.595069467543,7563.595069467543,7389.76579143543,7425.92578125,0
6780,1998-06-03,7631.9448758281105,7699.444565349932,7598.125207169619,7643.1650390625,0
6781,1998-06-02,7671.174314122384,7671.174314122384,7523.465039568087,7565.60498046875,0
6782,1998-06-01,7860.013475369381,7860.013475369381,7574.474756079042,7606.21484375,0
6783,1998-05-29,8119.2118768395485,8119.2118768395485,7895.112831423835,7903.302734375,0
6784,1998-05-28,8147.382218152488,8147.382218152488,8051.672700130886,8124.46240234375,0
6785,1998-05-27,8093.382206553799,8152.841890407995,8035.672514544605,8068.13232421875,0
6786,1998-05-26,8261.37217693451,8300.121998793195,8146.302393435204,8178.3525390625,0
6787,1998-05-25,8417.119620820638,8417.119620820638,8302.82036657908,8314.0498046875,0
6788,1998-05-22,8360.130000950414,8403.729402131474,8360.130000950414,8384.8701171875,0
6789,1998-05-21,8342.099739408057,8389.110256694852,8316.469979209633,8369.2802734375,0
6790,1998-05-20,8229.09002952736,8294.749867788341,8229.09002952736,8267.4501953125,0
6791,1998-05-19,8108.552374003681,8188.822022607639,8103.38247601886,8136.232421875,0
6792,1998-05-18,8023.882837098447,8160.052129626299,8023.882837098447,8134.8525390625,0
6793,1998-05-15,8197.992535240483,8229.282430264766,8160.212435717855,8167.46240234375,0
6794,1998-05-14,8202.059528288908,8256.91961176609,8193.4599609375,8193.4599609375,0
6795,1998-05-13,8306.089339877968,8306.089339877968,8174.680313331112,8202.8603515625,0
6796,1998-05-12,8386.169400590014,8386.169400590014,8272.780300567538,8278.3896484375,0
6797,1998-05-11,8304.94078282101,8399.589744594676,8297.019922234074,8378.83984375,0
6798,1998-05-08,8241.519381449361,8242.509610995616,8184.380011645716,8210.7998046875,0
6799,1998-05-07,8319.329938066981,8357.129560197041,8283.25979977169,8290.330078125,0
6800,1998-05-06,8297.860484964127,8325.599609375,8235.300238950773,8325.599609375,0
6801,1998-05-05,8387.400115259088,8431.989744686962,8320.940473762943,8330.1103515625,0
6802,1998-05-04,8321.54022592774,8360.5595703125,8274.200608889107,8360.5595703125,0
6803,1998-04-30,8422.049236325185,8436.209324301457,8294.339891146094,8304.169921875,0
6804,1998-04-29,8466.339277671468,8488.768857597672,8342.620144474375,8348.3095703125,0
6805,1998-04-28,8327.420430796674,8434.6298828125,8327.420430796674,8434.6298828125,0
6806,1998-04-27,8623.569594154937,8648.999161467671,8453.44051542016,8471.580078125,0
6807,1998-04-24,8570.979793964032,8640.339823955437,8570.979793964032,8636.0703125,0
6808,1998-04-23,8624.780222956852,8653.190247151904,8586.019660935475,8613.919921875,0
6809,1998-04-22,8553.120503598251,8636.4697265625,8526.060082176582,8636.4697265625,0
6810,1998-04-21,8513.489886507945,8596.169181787725,8371.599934616102,8440.16015625,0
6811,1998-04-20,8741.909057974583,8741.909057974583,8507.400395891384,8508.51953125,0
6812,1998-04-17,8724.609863074904,8796.60952862212,8589.269671444543,8619.4501953125,0
6813,1998-04-16,8855.74965534361,8859.04944498351,8773.049837156294,8780.169921875,0
6814,1998-04-15,8887.599244185041,8887.599244185041,8720.830471088893,8807.26953125,0
6815,1998-04-14,8906.399742567086,8910.098944418016,8738.870234454911,8764.5400390625,0
6816,1998-04-13,9014.699510325163,9014.699510325163,8851.0996634526,8863.0703125,0
6817,1998-04-10,9178.118578255402,9178.69865375259,8992.049108672752,9053.978515625,0
6818,1998-04-09,9335.376797413648,9335.376797413648,9065.838003476605,9090.267578125,0
6819,1998-04-08,9263.898435233445,9279.238209446257,9222.168155652218,9263.3984375,0
6820,1998-04-07,9283.938398163584,9337.568037950947,9264.778328738303,9266.6376953125,0
6821,1998-04-03,9087.788298469231,9143.688432102292,9043.72795415463,9134.017578125,0
6822,1998-04-02,9029.68937744348,9062.348408509892,8979.449371695111,9013.05859375,0
6823,1998-04-01,9160.638131231372,9160.638131231372,9035.649440416882,9041.458984375,0
6824,1998-03-31,9069.608497791389,9106.738209100475,9051.798033183537,9091.1181640625,0
6825,1998-03-30,9154.507509466317,9154.507509466317,9079.9082447513,9088.91796875,0
6826,1998-03-27,9091.70802664876,9139.627727294654,9070.828240231194,9095.7880859375,0
6827,1998-03-26,9120.188970535959,9130.458455058279,9008.159206850518,9014.12890625,0
6828,1998-03-25,8904.459602507224,9040.708984375,8902.569962642589,9040.708984375,0
6829,1998-03-24,8792.179754012637,8815.519491651428,8751.80982036201,8806.8095703125,0
6830,1998-03-23,8843.729098180249,8853.789599059162,8737.960050500838,8757.5498046875,0
6831,1998-03-20,8911.718715317742,8911.718715317742,8823.228888555986,8904.189453125,0
6832,1998-03-19,8994.009157136941,8994.009157136941,8837.25009996927,8859.3701171875,0
6833,1998-03-18,9045.31891124178,9069.727979101315,8948.258809038969,8952.619140625,0
6834,1998-03-17,9161.138147569456,9165.078559389696,9037.24906089011,9045.5087890625,0
6835,1998-03-16,9088.457900344796,9107.50761678999,9049.618236508317,9065.2578125,0
6836,1998-03-13,9096.698050993673,9109.347406398341,9006.078354029556,9055.4677734375,0
6837,1998-03-12,9113.10813516117,9137.047477284743,9049.01761202223,9056.328125,0
6838,1998-03-11,8991.6691217182,9030.5087890625,8969.518831697498,9030.5087890625,0
6839,1998-03-10,8971.46840775909,8976.10901136622,8869.518682427966,8897.228515625,0
6840,1998-03-09,8860.17883619288,8910.739149728357,8812.899757514266,8887.3193359375,0
6841,1998-03-06,8630.010750352365,8853.519504508662,8630.010750352365,8847.6103515625,0
6842,1998-03-05,8995.878829457706,8995.878829457706,8748.87019214737,8765.2802734375,0
6843,1998-03-04,9202.778267638576,9260.877611574293,8967.939496799743,8977.4990234375,0
6844,1998-03-03,9306.977105140757,9306.977105140757,9120.288503040847,9211.7880859375,0
6845,1998-03-02,9272.748066337806,9314.698071765279,9243.608549799168,9277.0478515625,0
6846,1998-02-27,9363.346922366482,9378.476736139834,9194.467810169554,9202.517578125,0
6847,1998-02-26,9144.218159866234,9229.1484375,9126.518045088416,9229.1484375,0
6848,1998-02-25,9111.828716398326,9131.378432259127,9010.718824241887,9027.05859375,0
6849,1998-02-24,9324.49685155212,9324.49685155212,9032.748202820505,9066.41796875,0
6850,1998-02-23,9126.458101924214,9176.198107950986,9074.578457282674,9146.9580078125,0
6851,1998-02-20,9095.328838836609,9095.328838836609,9021.80866468896,9037.439453125,0
6852,1998-02-19,8958.29892026523,9014.279133285272,8942.678874433543,8978.46875,0
6853,1998-02-18,8868.639506447038,8886.030052655871,8815.490333186946,8837.2998046875,0
6854,1998-02-17,8701.930052781434,8796.179623079426,8648.720334437325,8782.0498046875,0
6855,1998-02-16,8673.78043192275,8729.660057810172,8628.320680001512,8708.25,0
6856,1998-02-13,8920.199212184825,8920.199212184825,8701.540061503989,8706.419921875,0
6857,1998-02-12,8805.120093798256,8831.079936620961,8763.030441552135,8799.9794921875,0
6858,1998-02-11,8693.950284593917,8753.499815643927,8682.120260829344,8713.3798828125,0
6859,1998-02-10,8667.369651027964,8673.309076396245,8537.360492974814,8567.6201171875,0
6860,1998-02-09,8778.939760237008,8796.399640211914,8634.5703125,8634.5703125,0
6861,1998-02-06,8712.209173148307,8775.628797828467,8469.320662926499,8544.099609375,0
6862,1998-02-05,8492.880482099363,8626.759743194882,8484.941065843926,8621.9296875,0
6863,1998-02-04,8539.76920415765,8575.25927077665,8453.379964068592,8470.5703125,0
6864,1998-02-03,8583.339518326877,8586.879540741873,8478.269699933997,8514.1396484375,0
6865,1998-02-02,8260.240924295811,8405.0703125,8245.380643522929,8405.0703125,0
6866,1998-01-22,8066.102628947889,8114.1824834992185,8066.102628947889,8085.4326171875,0
6867,1998-01-21,8020.452999571863,8098.6123046875,8009.192797940888,8098.6123046875,0
6868,1998-01-20,7880.592900379845,7908.163083497138,7840.513010343718,7907.64306640625,0
6869,1998-01-19,7928.4634947920995,7935.833578045354,7842.023951381439,7847.583984375,0
6870,1998-01-16,7756.384472406622,7879.173950277019,7756.384472406622,7799.064453125,0
6871,1998-01-15,7856.113866174876,7856.113866174876,7765.9546117686305,7770.734375,0
6872,1998-01-14,7617.494966667682,7798.21435546875,7617.494966667682,7798.21435546875,0
6873,1998-01-13,7496.345292641628,7517.085431316001,7399.445837418252,7513.20556640625,0
6874,1998-01-12,7578.1050162387455,7592.634734057493,7373.105966300142,7375.10595703125,0
6875,1998-01-09,7779.074025676223,7813.8238655863415,7647.2050042805695,7737.16455078125,0
6876,1998-01-08,7859.993765445718,7871.073792794676,7775.224134385206,7778.12451171875,0
6877,1998-01-07,7968.503293027631,8017.483047630656,7821.7139308710475,7835.52392578125,0
6878,1998-01-06,7994.642933642847,7999.582852037047,7938.632940652804,7966.14306640625,0
6879,1998-01-05,8154.8817328090645,8154.8817328090645,8025.702650250823,8028.59228515625,0
6880,1997-12-31,8226.292301096792,8243.561753041493,8176.662646195093,8187.232421875,0
6881,1997-12-30,8167.3021465359625,8167.3021465359625,8116.112441402259,8145.732421875,0
6882,1997-12-29,8111.732258387155,8113.192212528382,8069.132359038847,8076.6123046875,0
6883,1997-12-26,8135.4125840170955,8205.662259241768,8113.192471900428,8132.46240234375,0
6884,1997-12-24,7925.063198170002,8080.772434117597,7920.063221450141,8075.01220703125,0
6885,1997-12-23,8192.661875525946,8192.661875525946,8032.492214536122,8038.2724609375,0
6886,1997-12-22,8223.652276880306,8226.101484267456,8096.952669377885,8103.9921875,0
6887,1997-12-19,8205.791954315839,8305.791489721656,8091.132330770254,8092.54248046875,0
6888,1997-12-18,8361.859833310353,8380.679077969351,8253.839849424414,8255.009765625,0
6889,1997-12-17,8297.650628108773,8347.16015625,8241.650896724292,8347.16015625,0
6890,1997-12-16,8341.30884856603,8341.30884856603,8172.790140802965,8193.6103515625,0
6891,1997-12-15,8420.869245524093,8420.869245524093,8241.4501953125,8241.4501953125,0
6892,1997-12-12,8135.131137149678,8398.2294921875,8135.131137149678,8398.2294921875,0
6893,1997-12-11,8438.339031407117,8451.888770498072,8250.879977990133,8270.5400390625,0
6894,1997-12-10,8368.120754671225,8532.2098258023,8368.120754671225,8503.509765625,0
6895,1997-12-09,8512.569451900015,8512.569451900015,8325.190469372346,8333.4501953125,0
6896,1997-12-08,8265.320964441937,8402.1298828125,8265.320964441937,8402.1298828125,0
6897,1997-12-05,8175.152305448192,8280.612269160785,8121.862511715976,8166.83251953125,0
6898,1997-12-04,8003.832735584753,8060.24214009548,7919.362915254153,8050.09228515625,0
6899,1997-12-03,7651.644244276267,7904.123039124935,7651.644244276267,7902.47265625,0
6900,1997-12-02,7455.475634920057,7679.49462890625,7455.475634920057,7679.49462890625,0
6901,1997-12-01,7446.45584292987,7454.945549813922,7354.885953345268,7400.60595703125,0
6902,1997-11-28,7833.4344044587315,7876.874147281086,7794.74415164293,7797.154296875,0
6903,1997-11-27,7737.434683643974,7762.1142578125,7690.074549564717,7762.1142578125,0
6904,1997-11-26,7819.754327720013,7819.754327720013,7694.6850746689415,7698.205078125,0
6905,1997-11-25,7702.684833283794,7773.144470571563,7698.444618385824,7759.9345703125,0
6906,1997-11-24,7879.983806203954,7879.983806203954,7751.284202344558,7756.21435546875,0
6907,1997-11-21,7762.194386928561,7773.314453125,7732.684756619962,7773.314453125,0
6908,1997-11-20,7747.824457661946,7806.644501369063,7689.154803892585,7693.2548828125,0
6909,1997-11-19,7606.455529405019,7705.36474609375,7606.455529405019,7705.36474609375,0
6910,1997-11-18,7869.9838283645695,7876.103917408027,7642.90479449269,7644.93505859375,0
6911,1997-11-17,7528.295663395609,7690.5048828125,7499.215718206202,7690.5048828125,0
6912,1997-11-14,7673.105088163539,7681.2749727208375,7481.35596401884,7482.8857421875,0
6913,1997-11-13,7544.835007796543,7587.934904890271,7515.605163346942,7554.90478515625,0
6914,1997-11-11,7765.184816716941,7797.68466856414,7681.105121874988,7712.125,0
6915,1997-11-10,7724.834666639493,7810.9543886093,7644.4849377214805,7767.1044921875,0
6916,1997-11-07,8076.482390063561,8136.982108186863,7778.623914546853,7860.05322265625,0
6917,1997-11-06,7987.0428979786675,8090.102476824121,7983.882756439309,8076.732421875,0
6918,1997-11-05,7733.184203774027,7864.18359375,7733.184203774027,7864.18359375,0
6919,1997-11-04,7835.564222920356,7940.163841672523,7763.994238099925,7785.2841796875,0
6920,1997-11-03,7419.305731243634,7651.5947022872,7406.0660460233485,7646.31494140625,0
6921,1997-10-30,7136.20735910877,7315.786121664392,7040.507604668395,7313.3662109375,0
6922,1997-10-29,7391.276460385457,7391.276460385457,7089.52783203125,7089.52783203125,0
6923,1997-10-28,7280.606608330801,7339.5662977492575,7186.667099531401,7209.9765625,0
6924,1997-10-27,7719.824443996637,7788.384188031798,7655.95510812894,7662.49462890625,0
6925,1997-10-24,7535.995462423657,7741.774798638044,7535.995462423657,7719.0048828125,0
6926,1997-10-23,7739.514066495433,7901.773571147752,7669.724349695841,7824.9736328125,0
6927,1997-10-22,7752.2843944431115,7835.513994532877,7529.325452480779,7692.43505859375,0
6928,1997-10-21,7468.796127469901,7734.0146484375,7468.796127469901,7734.0146484375,0
6929,1997-10-20,7579.824960476263,7579.824960476263,7274.936715957059,7316.74609375,0
6930,1997-10-17,8084.15264583313,8084.15264583313,7654.844567816877,7832.11376953125,0
6931,1997-10-16,8177.351694857649,8203.09131994901,7967.372701503505,7997.7724609375,0
6932,1997-10-15,8381.259189446064,8392.499369351608,8256.280302901168,8262.3603515625,0
6933,1997-10-14,8480.729247944995,8489.33955860868,8391.259946360002,8429.3095703125,0
6934,1997-10-13,8503.759573359535,8512.530039678917,8444.139738233765,8463.1201171875,0
6935,1997-10-09,8373.160575809801,8461.830078125,8364.720186059914,8461.830078125,0
6936,1997-10-08,8285.84946354479,8325.569974032394,8204.870364091485,8255.7802734375,0
6937,1997-10-07,8285.23992302419,8368.249284380627,8177.500213358415,8221.3095703125,0
6938,1997-10-06,8405.25970498878,8498.699688894076,8384.30960962471,8392.5498046875,0
6939,1997-10-03,8393.840515820877,8537.1396484375,8393.840515820877,8537.1396484375,0
6940,1997-10-02,8698.628969434541,8733.569234626104,8502.259776737292,8504.6201171875,0
6941,1997-10-01,8737.03984538095,8737.03984538095,8625.800123248007,8694.9794921875,0
6942,1997-09-30,8806.79935408517,8811.969252191326,8658.01976466867,8708.7900390625,0
6943,1997-09-26,8750.740088434828,8829.059064717232,8599.78082072996,8718.9599609375,0
6944,1997-09-25,9168.06859877652,9168.06859877652,8785.919948514893,8791.76953125,0
6945,1997-09-24,9031.958811171833,9083.908769574715,8978.689522848048,8993.978515625,0
6946,1997-09-23,9230.047128133076,9230.047128133076,9053.727631619817,9073.7275390625,0
6947,1997-09-22,9257.04768716567,9288.907893636826,9216.538106021255,9220.9482421875,0
6948,1997-09-19,9189.54809741856,9292.077905083064,9187.168225417356,9243.66796875,0
6949,1997-09-18,9075.278623539101,9141.2880859375,9055.328519871071,9141.2880859375,0
6950,1997-09-17,9070.18855659252,9123.127765092348,9020.328435427133,9087.5078125,0
6951,1997-09-15,8996.668648255558,9020.689045766447,8898.089022807973,8931.978515625,0
6952,1997-09-12,9157.188467433925,9191.677567055121,9142.488339546566,9155.1982421875,0
6953,1997-09-11,9038.858749478302,9134.408113979136,9027.838292435981,9115.0576171875,0
6954,1997-09-10,9242.938027487808,9269.827552455328,9134.387744673588,9145.1376953125,0
6955,1997-09-09,9154.017232639913,9174.387255615293,9002.727893296274,9079.318359375,0
6956,1997-09-08,9356.987327791661,9356.987327791661,9133.38776810622,9149.248046875,0
6957,1997-09-05,9278.267632726467,9304.057555219028,9141.38836860553,9290.34765625,0
6958,1997-09-04,9421.296596135959,9466.56689613922,9117.82826261753,9147.8076171875,0
6959,1997-09-03,9460.707031294352,9502.68730937803,9375.72694850749,9460.716796875,0
6960,1997-09-02,9564.39682936538,9564.39682936538,9185.44836152985,9211.6279296875,0
6961,1997-09-01,9861.705418463369,9861.705418463369,9499.476587231144,9504.947265625,0
6962,1997-08-28,10067.434449869452,10067.434449869452,9796.835100858716,9827.4453125,0
6963,1997-08-27,10191.76203705578,10256.05177627801,10040.433641272266,10050.623046875,0
6964,1997-08-26,10134.252848789149,10166.872814835777,10081.963052005425,10116.79296875,0
6965,1997-08-25,10026.463798235158,10057.024205002723,9994.704178215514,10011.423828125,0
6966,1997-08-22,9992.233530679174,10056.113114668799,9979.683784698242,10020.5029296875,0
6967,1997-08-21,9983.29316414977,10054.502792127303,9983.29316414977,10025.0830078125,0
6968,1997-08-20,9831.514756013892,9856.544915358187,9797.205342091567,9855.115234375,0
6969,1997-08-19,9788.194961957079,9806.2446831609,9703.855508294424,9712.4052734375,0
6970,1997-08-15,9728.445507020948,9804.155119877076,9700.705400183444,9770.7548828125,0
6971,1997-08-14,9659.646359594306,9659.646359594306,9501.586533833826,9632.2958984375,0
6972,1997-08-13,9870.195853195204,9870.195853195204,9547.756873349486,9556.0771484375,0
6973,1997-08-12,9895.944908293182,9932.294351177985,9759.315651279325,9807.6953125,0
6974,1997-08-11,10035.33433408017,10035.994487333843,9863.585113621639,9897.224609375,0
6975,1997-08-08,9921.864266737437,9934.494091135866,9851.744473860272,9923.7939453125,0
6976,1997-08-07,9935.164608462388,9962.164485212166,9822.094812108353,9840.8349609375,0
6977,1997-08-06,9991.274799117653,9991.274799117653,9833.395635494133,9861.4248046875,0
6978,1997-08-05,10077.033451394629,10077.033451394629,9914.053736756567,9919.6337890625,0
6979,1997-08-04,10167.262222407602,10167.262222407602,10059.042999811003,10065.712890625,0
6980,1997-08-01,9953.263893300427,10102.723168347029,9942.294217079407,10001.513671875,0
6981,1997-07-31,10111.782991340484,10113.523217611903,10050.882884304463,10066.302734375,0
6982,1997-07-30,9953.894479776973,10000.564186211792,9898.254111628192,9942.744140625,0
6983,1997-07-29,9980.065031114884,10057.904521388175,9892.294921875,9892.294921875,0
6984,1997-07-28,9929.934538255153,9995.323884236981,9899.534288245231,9923.00390625,0
6985,1997-07-25,9719.015059926312,9819.72455964231,9710.225061119563,9808.865234375,0
6986,1997-07-24,9500.817006454983,9632.3759765625,9475.496809472064,9632.3759765625,0
6987,1997-07-23,9694.236879188495,9694.236879188495,9345.858555819601,9381.017578125,0
6988,1997-07-22,9877.345208511519,9877.345208511519,9543.716826752214,9550.357421875,0
6989,1997-07-21,9814.205167292632,9896.685259261654,9750.655652908497,9833.724609375,0
6990,1997-07-18,9669.696323847458,9677.3564453125,9555.937074808344,9677.3564453125,0
6991,1997-07-17,9742.535348739219,9889.40479162791,9571.755859375,9571.755859375,0
6992,1997-07-16,9634.746664103033,9648.38625113606,9482.407506173327,9544.5166015625,0
6993,1997-07-15,9714.73659063946,9714.73659063946,9451.407696585979,9555.9375,0
6994,1997-07-14,9626.295748190807,9626.295748190807,9561.036281502465,9593.49609375,0
6995,1997-07-11,9498.027857953688,9526.697651679655,9333.748318817392,9394.587890625,0
6996,1997-07-10,9470.887511889077,9511.757447075208,9420.668008963296,9429.6982421875,0
6997,1997-07-09,9391.238152974633,9415.537848676033,9343.257899419952,9362.6376953125,0
6998,1997-07-08,9345.50763072592,9371.457708932145,9282.057721747147,9305.2275390625,0
6999,1997-07-07,9365.148246743345,9370.36794979501,9304.77840147656,9322.7978515625,0
7000,1997-07-04,9144.918186236811,9218.167851626618,9119.208342743885,9192.5283203125,0
7001,1997-07-03,9061.558439413859,9061.558439413859,8997.468886846043,9027.5888671875,0
7002,1997-07-02,9094.228070899997,9124.258207430883,8988.088906348197,8996.6787109375,0
