,date,open,high,low,close,volume
0,2026-01-22,279.5,283.0,278.5,283.0,16019729
1,2026-01-21,275.5,279.5,273.5,275.0,14842272
2,2026-01-20,281.0,282.0,277.0,277.5,13458730
3,2026-01-19,288.5,288.5,281.5,282.0,15902921
4,2026-01-16,286.0,290.0,285.5,289.5,23531351
5,2026-01-15,285.5,285.5,279.5,283.0,15472828
6,2026-01-14,282.0,287.0,280.0,286.0,27756504
7,2026-01-13,284.0,285.0,277.0,279.0,16835517
8,2026-01-12,285.5,286.0,278.0,280.5,20628829
9,2026-01-09,278.0,287.5,277.0,283.0,49358199
10,2026-01-08,280.5,281.0,272.0,273.0,23946237
11,2026-01-07,282.0,285.0,280.5,282.0,18766287
12,2026-01-06,277.0,282.0,273.5,282.0,23580699
13,2026-01-05,277.5,280.0,275.0,278.0,25469229
14,2026-01-02,274.0,280.0,270.0,277.0,22740078
15,2025-12-31,263.5,272.5,263.5,272.0,23869710
16,2025-12-30,263.0,263.0,260.5,263.0,11968569
17,2025-12-29,262.0,265.0,260.5,263.0,14325071
18,2025-12-26,265.0,265.0,261.0,263.0,15952492
19,2025-12-24,265.5,267.0,263.5,264.0,14381521
20,2025-12-23,268.0,268.0,263.5,264.5,17223183
21,2025-12-22,267.5,268.5,265.0,267.0,18882439
22,2025-12-19,262.5,265.0,261.5,265.0,21950230
23,2025-12-18,265.0,265.5,260.0,260.0,26916273
24,2025-12-17,269.5,271.0,265.0,265.0,49191056
25,2025-12-16,282.0,282.5,273.0,273.0,26216176
26,2025-12-15,282.5,285.5,280.5,285.0,8298474
27,2025-12-12,290.0,290.5,285.5,286.5,6161744
28,2025-12-11,295.0,295.0,287.5,288.0,10861922
29,2025-12-10,297.5,298.5,291.0,292.5,10023211
30,2025-12-09,299.0,301.5,293.5,296.0,14925284
31,2025-12-08,297.5,298.0,295.0,297.5,11022569
32,2025-12-05,294.5,301.0,294.0,297.5,21889164
33,2025-12-04,293.0,294.5,292.0,294.5,11435414
34,2025-12-03,287.5,293.0,287.5,292.5,14680289
35,2025-12-02,288.0,293.0,287.5,288.5,15581808
36,2025-12-01,283.0,288.0,282.0,287.0,16398925
37,2025-11-28,281.0,284.0,276.0,282.0,12623082
38,2025-11-27,279.0,282.0,278.0,281.5,6456741
39,2025-11-26,278.0,281.0,276.5,279.5,9438475
40,2025-11-25,278.0,279.5,274.0,275.0,9336982
41,2025-11-24,272.0,274.0,270.0,272.0,14853862
42,2025-11-21,267.5,272.0,266.5,270.0,13500642
43,2025-11-20,275.0,276.5,272.5,274.0,10134936
44,2025-11-19,271.0,273.5,267.0,267.0,14254017
45,2025-11-18,275.0,278.5,270.0,270.0,18467673
46,2025-11-17,281.0,282.5,275.0,276.0,13276681
47,2025-11-14,281.0,282.5,278.0,279.5,19613902
48,2025-11-13,292.0,293.5,285.0,285.0,24935287
49,2025-11-12,288.0,289.5,285.5,288.0,15684240
50,2025-11-11,294.0,297.5,291.0,291.5,11963258
51,2025-11-10,288.0,291.5,286.0,291.5,9497885
52,2025-11-07,290.0,291.5,286.5,287.0,9629708
53,2025-11-06,289.5,297.0,287.0,293.0,14777764
54,2025-11-05,282.0,290.0,280.0,289.5,18775068
55,2025-11-04,297.5,298.5,287.0,287.5,19508256
56,2025-11-03,300.0,302.5,296.0,297.5,11626090
57,2025-10-31,306.0,306.5,300.5,300.5,13315938
58,2025-10-30,308.0,310.0,303.0,306.0,20602549
59,2025-10-29,307.0,309.0,305.0,308.0,13100507
60,2025-10-28,308.0,308.5,303.0,304.0,17765962
61,2025-10-27,303.5,310.0,301.0,309.5,44396977
62,2025-10-23,289.5,303.0,289.5,293.5,33472282
63,2025-10-22,289.0,291.5,287.0,289.5,12208364
64,2025-10-21,297.0,297.5,291.0,291.0,16174355
65,2025-10-20,291.0,297.5,290.5,296.5,22366155
66,2025-10-17,289.5,291.5,287.5,288.5,12838974
67,2025-10-16,287.5,292.0,286.0,291.5,15512048
68,2025-10-15,285.0,288.0,281.5,286.0,15687616
69,2025-10-14,299.0,299.0,284.0,284.0,29851647
70,2025-10-13,289.5,295.0,287.0,294.5,29776200
71,2025-10-09,310.0,311.0,298.0,298.0,37268713
72,2025-10-08,307.0,308.0,303.5,306.0,20531685
73,2025-10-07,310.5,314.0,305.0,308.5,40752333
74,2025-10-03,294.5,300.0,294.0,300.0,39470731
75,2025-10-02,292.0,295.0,289.5,294.0,30153788
76,2025-10-01,293.0,297.5,285.5,286.5,35534245
77,2025-09-30,288.0,298.0,287.5,290.0,40461798
78,2025-09-26,287.0,289.0,279.0,285.0,29092816
79,2025-09-25,281.5,288.0,280.0,285.0,21951726
80,2025-09-24,283.0,284.0,280.0,283.5,29120539
81,2025-09-23,283.0,288.0,283.0,286.5,34172011
82,2025-09-22,281.5,283.5,279.5,281.0,13390326
83,2025-09-19,280.5,285.0,279.5,281.0,26438451
84,2025-09-18,275.0,279.5,273.0,279.5,19916772
85,2025-09-17,273.5,278.0,273.0,273.0,13008415
86,2025-09-16,276.5,277.0,273.0,273.5,16421165
87,2025-09-15,275.0,276.5,272.5,276.0,21450898
88,2025-09-12,273.0,275.0,272.0,274.0,15114671
89,2025-09-11,276.0,276.5,269.0,270.0,28440432
90,2025-09-10,266.5,274.0,266.5,273.0,35669086
91,2025-09-09,259.0,263.0,256.0,262.5,19631079
92,2025-09-08,260.0,262.0,259.0,260.0,13298290
93,2025-09-05,258.5,259.5,256.5,258.5,7490172
94,2025-09-04,256.0,260.0,256.0,257.0,9875579
95,2025-09-03,253.0,255.0,252.5,253.5,14449933
96,2025-09-02,257.5,260.0,253.0,253.5,15389928
97,2025-09-01,260.5,262.0,255.5,256.0,18655104
98,2025-08-29,267.5,268.5,262.5,262.5,12917153
99,2025-08-28,268.0,269.0,266.0,266.0,9588682
100,2025-08-27,266.5,269.0,265.0,269.0,17279130
101,2025-08-26,267.0,267.0,263.0,265.0,21263338
102,2025-08-25,263.0,268.0,260.5,268.0,24295538
103,2025-08-22,258.5,261.5,256.5,258.5,14922957
104,2025-08-21,262.0,263.0,257.0,259.0,24821447
105,2025-08-20,266.5,267.0,259.0,259.5,36664528
106,2025-08-19,267.5,269.0,266.5,268.0,14596705
107,2025-08-18,270.5,271.5,267.0,269.0,19713360
108,2025-08-15,272.0,273.5,267.5,270.5,23456718
109,2025-08-14,272.0,274.0,268.5,270.5,21814252
110,2025-08-13,284.0,285.0,271.0,271.5,63728788
111,2025-08-12,291.5,291.5,282.0,283.0,22337638
112,2025-08-11,288.5,290.5,283.5,290.0,17127137
113,2025-08-08,290.5,293.5,289.0,290.5,16215315
114,2025-08-07,288.5,294.0,288.0,289.0,20511609
115,2025-08-06,287.0,289.0,285.5,288.5,15742639
116,2025-08-05,284.0,288.0,282.0,288.0,24068241
117,2025-08-04,281.5,284.0,279.5,281.0,17019182
118,2025-07-31,271.5,285.0,270.0,281.5,46993445
119,2025-07-30,269.0,270.0,265.5,270.0,10254214
120,2025-07-29,271.5,271.5,265.0,267.5,13055278
121,2025-07-28,269.0,272.0,269.0,272.0,14069744
122,2025-07-25,270.0,270.5,267.0,268.5,7672314
123,2025-07-24,266.0,270.0,265.0,269.0,15476309
124,2025-07-23,264.0,265.0,262.5,264.5,15441924
125,2025-07-22,273.0,274.0,261.5,262.5,28883513
126,2025-07-21,274.5,274.5,271.5,273.5,8095323
127,2025-07-18,273.5,276.0,272.5,273.5,12353312
128,2025-07-17,273.5,275.0,270.0,271.0,10102379
129,2025-07-16,272.0,276.0,271.5,272.5,13658920
130,2025-07-15,270.0,273.0,269.0,270.5,16130611
131,2025-07-14,271.5,273.5,268.0,269.5,19240450
132,2025-07-11,272.5,275.5,270.5,273.0,9543093
133,2025-07-10,276.0,276.0,272.5,273.0,13467185
134,2025-07-09,273.5,277.0,273.5,276.0,10377735
135,2025-07-08,275.5,276.0,272.0,272.0,10302640
136,2025-07-07,277.5,279.0,274.0,277.0,6870371
137,2025-07-04,282.0,284.0,278.0,278.0,10313615
138,2025-07-03,282.5,283.0,279.0,280.0,10319023
139,2025-07-02,281.0,282.0,279.0,282.0,9206216
140,2025-07-01,277.0,283.5,277.0,281.0,30113696
141,2025-06-30,275.0,279.0,271.5,274.5,34610578
142,2025-06-27,276.7950963222417,276.7950963222417,272.0227670753065,272.5,22017601
143,2025-06-26,280.6129684974407,282.5219002559267,275.36340616160425,276.79510498046875,24969171
144,2025-06-25,277.74957650350626,279.65850830078125,276.3178776555501,279.65850830078125,19860719
145,2025-06-24,272.97724052784974,278.226802845693,272.97724052784974,276.31787109375,26437298
146,2025-06-23,262.47810201441985,269.15936279296875,260.56917036340593,269.15936279296875,17281403
147,2025-06-20,267.72768979422307,270.113854587398,266.2959909183182,266.7732238769531,16036435
148,2025-06-19,269.15938773206483,272.02278547389534,266.2959899902344,266.2959899902344,13664910
149,2025-06-18,269.6365976502112,272.4999951473816,269.1593647340161,270.11383056640625,12825922
150,2025-06-17,273.93169389596676,274.40892681216184,270.11383056640625,270.11383056640625,15474405
151,2025-06-16,272.97723388671875,273.93169973946954,271.06830218121723,272.97723388671875,9016371
152,2025-06-13,270.59107209578804,274.408935546875,270.1138391644022,274.408935546875,16436984
153,2025-06-12,270.1138372770779,273.4544677734375,268.2049055648724,273.4544677734375,15203754
154,2025-06-11,271.06829639879635,271.5455293149914,268.204898901626,270.11383056640625,12965529
155,2025-06-10,263.90980360243054,270.591064453125,263.90980360243054,270.591064453125,18288849
156,2025-06-09,265.34151845738506,265.81875140425086,262.0008878293245,263.4325866699219,9390154
157,2025-06-06,267.25045024484825,267.25045024484825,261.0464219355929,263.4325866699219,15118830
158,2025-06-05,270.59106055034414,273.4544580164854,266.77319726215586,268.68212890625,16994255
159,2025-06-04,267.25042724609375,270.11382468087334,266.29596143450055,267.25042724609375,23853254
160,2025-06-03,261.04642006613994,263.43258478338066,260.0919541792436,262.4781188964844,17896027
161,2025-06-02,257.7057819436837,259.13748073225975,256.751316084633,258.6602478027344,19057958
162,2025-05-29,260.5691804833175,263.4325780710463,259.1374816894531,259.1374816894531,26895115
163,2025-05-28,257.7057781006767,259.61470979031134,255.79684641104205,256.7513122558594,16103397
164,2025-05-27,253.88792419433594,257.7057877160553,252.9334583139061,253.88792419433594,8953741
165,2025-05-26,251.97899149231992,256.2740879382117,251.5017585538875,253.4106903076172,8825413
166,2025-05-23,256.7513179779053,257.2285509109497,251.02452278137207,251.97898864746094,10262344
167,2025-05-22,255.7968588000146,256.75132469105944,254.36515996344735,255.3196258544922,10479593
168,2025-05-21,255.7968521118164,260.0919485092163,254.84238624572754,259.6147155761719,14665187
169,2025-05-20,257.7057886749897,260.09195338494334,254.3651580810547,254.3651580810547,11020016
170,2025-05-19,260.5691853573448,261.52365123777463,253.88792419433594,253.88792419433594,16552009
171,2025-05-16,264.387050670277,265.3415165571733,261.5236530095881,262.4781188964844,16610638
172,2025-05-15,263.90982242618594,265.8187542339703,262.0008906184016,264.8642883300781,35160729
173,2025-05-14,255.79686043102961,264.387053505206,254.8423945338989,263.9098205566406,48481650
174,2025-05-13,253.88791650670174,255.79684820975964,249.11558724905697,250.07005310058594,31892842
175,2025-05-12,248.16112997914652,250.54729469048445,244.3432664410058,246.72943115234375,19756236
176,2025-05-09,241.4798650611446,245.2977285403722,238.61646745172393,244.82049560546875,22380109
177,2025-05-08,244.3432685139165,244.3432685139165,239.57093905075408,240.0481719970703,16551891
178,2025-05-07,243.38879202294535,245.29772372508612,238.1392298420583,242.434326171875,19074757
179,2025-05-06,234.798599363312,243.38879202294535,233.84413351224163,242.434326171875,21424280
180,2025-05-05,239.57092947505308,240.04816240229422,233.84413434815937,235.2758331298828,23724907
181,2025-05-02,233.36690983259345,239.57093811035156,232.88967688815052,239.57093811035156,30815997
182,2025-04-30,228.59457205526482,231.9352025445902,227.1628732741254,227.64010620117188,14727427
183,2025-04-29,232.88967612355026,233.36690906642636,230.98074435204575,231.45797729492188,12645882
184,2025-04-28,229.07180225605867,236.7075289979273,227.6401034919583,233.84413146972656,30312681
185,2025-04-25,227.1628819242437,228.1173478146817,223.3450183624917,224.2994842529297,20125126
186,2025-04-24,224.2994746332583,225.25394048276155,219.5271453857422,219.5271453857422,14056588
187,2025-04-23,220.0043877459587,225.2539501433677,218.5726889103017,224.2994842529297,24734199
188,2025-04-22,217.6182164953859,220.00438114994057,212.36865425536564,213.3231201171875,19966350
189,2025-04-21,218.5726833343506,221.91331386566162,217.61821746826172,221.4360809326172,13549640
190,2025-04-18,219.0499134187843,220.48161219929924,216.18651585775444,220.00437927246094,12925919
191,2025-04-17,216.1865149124809,219.5271453857422,213.32311736397122,219.5271453857422,18547815
192,2025-04-16,212.84589375903428,219.04992205245904,212.84589375903428,216.66375732421875,17632325
193,2025-04-15,217.1409921478807,221.43608869586075,212.84589559990064,217.61822509765625,31832930
194,2025-04-14,214.7548273990029,225.25395229406524,213.3231285496762,217.61822509765625,63067954
195,2025-04-11,183.7346783702169,205.68739318847656,181.34851371605822,205.68739318847656,64295981
196,2025-04-10,187.0753173828125,187.0753173828125,187.0753173828125,187.0753173828125,6330530
197,2025-04-09,183.73468436446845,191.84764445328912,166.07706534762343,170.37216186523438,71688907
198,2025-04-08,184.21191119400703,190.41593929121453,180.39404774957166,182.78021240234375,65564382
199,2025-04-07,200.43783569335938,200.43783569335938,200.43783569335938,200.43783569335938,8425423
200,2025-04-02,224.29948045460452,226.20841220315432,221.43608283177977,222.3905487060547,12766581
201,2025-04-01,216.66375530275525,223.3450164794922,216.66375530275525,223.3450164794922,16306622
202,2025-03-31,217.618218436804,221.43608191815144,213.80035495545658,214.277587890625,37414841
203,2025-03-28,231.4579744457704,233.36690619377674,227.1628780127561,230.02627563476562,21216020
204,2025-03-27,235.75306509374605,237.184763869619,233.8441333925821,234.79859924316406,17785959
205,2025-03-26,238.13922603546627,240.525390625,236.70752728174602,240.525390625,10716673
206,2025-03-25,240.04816820530712,241.9570999604189,236.23030469508353,238.1392364501953,19762443
207,2025-03-24,244.82049759308657,245.29773053186452,237.66200351141737,238.1392364501953,18151602
208,2025-03-21,246.72942638397217,247.2066593170166,244.34326171875,244.34326171875,10963709
209,2025-03-20,244.82049655543227,247.20666123920842,244.82049655543227,245.2977294921875,8740388
210,2025-03-19,245.77495567427113,246.2521885979105,240.52539351423815,241.95709228515625,16549407
211,2025-03-18,246.25220008805996,250.07006365531672,245.7749671421529,247.68389892578125,13155231
212,2025-03-17,248.16112323835785,248.63835616766238,243.3887939453125,243.3887939453125,15581954
213,2025-03-14,247.206660279986,248.1611261497929,244.3432626705653,244.82049560546875,12589989
214,2025-03-13,251.97899158070388,253.41069039650336,245.77496337890625,245.77496337890625,15333887
215,2025-03-12,244.8205012503387,250.07006365531672,244.3432683044316,247.68389892578125,19630815
216,2025-03-11,240.52539542147593,244.34325884086445,236.70753200208745,242.91156005859375,30410581
217,2025-03-10,248.63835240506577,251.9789828596444,245.29772195048716,249.11558532714844,18710810
218,2025-03-07,244.34326550387595,250.07006078912303,244.34326550387595,246.252197265625,14792239
219,2025-03-06,251.02451604158546,252.4562148022789,248.6383514404297,248.6383514404297,12558989
220,2025-03-05,247.68388847176354,251.02451895211487,246.2521896944701,250.07005310058594,19318169
221,2025-03-04,236.70753936472437,247.20666409461134,234.798607595654,246.72943115234375,28496178
222,2025-03-03,237.66200539594638,242.4343348215678,236.7075395108221,239.0937042236328,30185036
223,2025-02-27,248.1611301323135,248.1611301323135,238.61647128107066,239.0937042236328,35035460
224,2025-02-26,235.753076171875,248.63836576021635,235.753076171875,248.1611328125,21101071
225,2025-02-25,246.2521905505587,248.63835518767652,242.4343271311702,242.91156005859375,32291063
226,2025-02-24,252.93345642089844,253.88792229418485,251.02452467432562,252.93345642089844,15220301
227,2025-02-21,254.36514954743564,257.7057800292969,253.41068369547526,257.7057800292969,9604363
228,2025-02-20,256.27408984901757,257.7057886749897,253.88792513906398,254.3651580810547,13263243
229,2025-02-19,252.93344982479852,258.6602449151713,251.97898397640304,257.2285461425781,23284384
230,2025-02-18,249.59282492509635,252.4562225341797,248.16112612055468,252.4562225341797,11471037
231,2025-02-17,248.16111852019856,249.592817280892,248.16111852019856,248.6383514404297,8036847
232,2025-02-14,245.77496807391827,250.07006460336538,245.77496807391827,248.1611328125,14717100
233,2025-02-13,244.34326923076924,249.1155987079327,244.34326923076924,248.1611328125,18791431
234,2025-02-12,247.2066631464995,248.16112902737402,244.34326550387595,246.252197265625,15061730
235,2025-02-11,245.29773138475048,250.07006078912303,243.38879962300143,246.252197265625,26993684
236,2025-02-10,241.95708937872024,241.95708937872024,237.66199311755952,240.525390625,23013509
237,2025-02-07,233.84412977430557,240.525390625,233.36689685639882,240.525390625,26247358
238,2025-02-06,232.41244318067413,234.79860789505474,230.0262784662935,231.45797729492188,26217854
239,2025-02-05,224.77671146392822,231.93520545959473,224.77671146392822,229.07180786132812,33545796
240,2025-02-04,230.98074548599567,231.93521137643367,224.2994842529297,224.2994842529297,58985951
241,2025-02-03,231.93521118164062,235.27584179536794,231.93521118164062,231.93521118164062,56989643
242,2025-01-22,257.70577906677585,259.13747783936907,255.31961444578718,257.2285461425781,21735937
243,2025-01-21,254.84238056622473,257.22854517826806,253.41068179899875,256.7513122558594,12185918
244,2025-01-20,248.1611307551352,256.27409079905306,247.68389781137532,254.84239196777344,24130889
245,2025-01-17,249.11558436066085,251.5017489618166,247.20665267973624,248.6383514404297,22707181
246,2025-01-16,254.84239408052886,255.3196270282452,248.1611328125,248.1611328125,29433453
247,2025-01-15,255.79685997596155,259.6147235576923,248.1611328125,248.1611328125,30545530
248,2025-01-14,255.3196134886334,258.660243945494,250.07005134213813,256.7513122558594,34307639
249,2025-01-13,267.2504395433803,268.2049053988924,258.1830139160156,258.1830139160156,36989579
250,2025-01-10,273.4544619605655,275.8406265500992,270.11383153521825,270.591064453125,14645191
251,2025-01-09,281.5674304962158,282.9991292953491,274.88616943359375,274.88616943359375,15315431
252,2025-01-08,280.1357449806343,283.47637567035224,278.7040461136123,281.56744384765625,13151731
253,2025-01-07,285.3853084351206,285.3853084351206,281.0902118198763,282.044677734375,22275626
254,2025-01-06,280.1357431217116,285.3853055992905,277.27234540666853,280.61297607421875,35113786
255,2025-01-03,270.1138419708991,280.13573363413036,266.7732114164887,275.84063720703125,29343116
256,2025-01-02,272.0227563040597,275.8406195504325,267.25042724609375,267.25042724609375,16133262
257,2024-12-31,273.4544687304347,274.4089345898778,271.0683040818271,273.93170166015625,9669319
258,2024-12-30,276.7951011657715,277.74956703186035,274.88616943359375,274.88616943359375,9409363
259,2024-12-27,277.2723398110301,278.7040386396585,275.3634080395256,277.74957275390625,6492283
260,2024-12-26,281.09020335403915,281.5674362969153,277.2723398110301,277.74957275390625,10927365
261,2024-12-25,279.6585064195607,282.5219040962115,277.7495746351268,278.70404052734375,13632627
262,2024-12-24,278.7040386396585,279.65850452541076,276.31787392527787,277.74957275390625,18590184
263,2024-12-23,272.0227737162765,277.2723360160643,271.54554077993214,275.84063720703125,28828977
264,2024-12-20,261.5236576664555,266.2959871859164,260.5691917625634,264.8642883300781,16457770
265,2024-12-19,260.09195324284565,262.9553508932256,256.7513226507357,262.0008850097656,23712359
266,2024-12-18,259.61472309499544,264.38705256365347,259.61472309499544,263.4325866699219,15895913
267,2024-12-17,260.56918712269174,264.86428361372515,260.56918712269174,262.4781188964844,17637500
268,2024-12-16,273.93170953924005,274.40894248268825,261.5236530095881,262.4781188964844,28991647
269,2024-12-13,272.0227670753065,274.4089316987741,272.0227670753065,272.5,12200744
270,2024-12-12,277.74956315047257,278.70402900322335,272.97723388671875,272.97723388671875,14976319
271,2024-12-11,277.27233216820696,278.7040309573715,272.97723580071323,273.93170166015625,21335948
272,2024-12-10,283.47637189533117,284.9080707432874,277.74957650350626,279.65850830078125,14427132
273,2024-12-09,285.86254233282966,286.8170082504685,281.56744570345495,282.52191162109375,12306407
274,2024-12-06,283.4763488769531,286.81697925092396,282.04465014525135,283.4763488769531,13808402
275,2024-12-05,283.95360674176897,284.43083969427613,280.61297607421875,280.61297607421875,10911479
276,2024-12-04,281.0902090267259,282.04467493174025,278.70404426419003,280.61297607421875,13557910
277,2024-12-03,283.9536048446499,286.8170025405623,279.65850830078125,279.65850830078125,15710058
278,2024-12-02,281.5674400980562,282.5219059966937,279.1812753514625,279.65850830078125,11485077
279,2024-11-29,272.97724332514497,280.1357374682869,272.0227774393927,277.74957275390625,13988329
280,2024-11-28,274.88616943359375,276.7951011657715,271.0683059692383,274.88616943359375,15362099
281,2024-11-27,281.0901946222595,281.0901946222595,273.4544677734375,273.4544677734375,22711911
282,2024-11-26,283.4763488769531,286.81697925092396,279.65848559241505,283.4763488769531,14832771
283,2024-11-25,287.77144900931165,290.1576135947952,285.3852844238281,285.3852844238281,23017222
284,2024-11-22,284.43081469808766,287.2942121614912,282.99911596638583,283.4763488769531,19974378
285,2024-11-21,277.27234540666853,283.4763737892618,275.840646549147,280.61297607421875,18646313
286,2024-11-20,282.044677734375,282.044677734375,282.044677734375,282.044677734375,24526181
287,2024-11-19,280.1357355578192,280.1357355578192,274.88617322198274,276.79510498046875,32141834
288,2024-11-18,281.567435338452,284.4308329859617,275.36340710218104,277.2723388671875,29001059
289,2024-11-15,293.9754729094329,293.9754729094329,281.56741723468406,283.4763488769531,74915637
290,2024-11-14,304.4746006418298,305.9062993909293,295.8844081472327,300.17950439453125,26243215
291,2024-11-13,296.8388880380192,307.81524563428036,296.8388880380192,307.3380126953125,30441886
292,2024-11-12,304.9518305866863,306.38352932183506,298.747802734375,298.747802734375,29974660
293,2024-11-11,313.0648137019231,313.0648137019231,307.3380183293269,310.201416015625,23596609
294,2024-11-08,313.0648193359375,317.83714889898533,311.63312046702316,313.0648193359375,31781667
295,2024-11-07,308.29248515655,314.019280546455,305.42908746159753,310.67864990234375,28410045
296,2024-11-06,304.47461223155955,309.72417451141405,303.5201463624951,305.90631103515625,30416641
297,2024-11-05,296.36164769586526,305.42907330974845,295.4071818417723,303.5201416015625,25410159
298,2024-11-04,292.54377583529583,300.1795024476363,292.06654292202455,299.22503662109375,23577291
299,2024-11-01,276.7951029793161,293.4982557453093,276.31787004314486,291.1120910644531,21632951
300,2024-10-30,290.15762233577016,294.4527187190299,289.20315647282354,289.6803894042969,16205521
301,2024-10-29,293.9754848165481,293.9754848165481,285.8625250082992,289.2031555175781,23056921
302,2024-10-28,298.7478276406565,299.70229354366177,292.0665663196194,295.8844299316406,18865841
303,2024-10-25,292.5437992711221,298.2705946891538,292.0665663196194,295.8844299316406,15863904
304,2024-10-24,300.6567497878778,300.6567497878778,289.6803922559394,291.1120910644531,38902304
305,2024-10-23,303.99737260018236,304.4746055242015,300.6567421320485,302.565673828125,20966093
306,2024-10-22,297.79334835423197,307.815239885384,295.88441663401255,304.474609375,43717204
307,2024-10-21,296.83889395210736,298.7478257460116,294.9299621582031,294.9299621582031,20834171
308,2024-10-18,296.3616572078742,301.6112195738752,288.72593013005456,293.0210266113281,56598857
309,2024-10-17,286.3397531620476,289.2031506936681,281.5674239426802,286.8169860839844,25936445
310,2024-10-16,276.79511429091633,284.43084158170024,274.88618246822034,281.56744384765625,29762514
311,2024-10-15,275.84064929013323,283.9536095633725,273.9317174611358,282.044677734375,48884679
312,2024-10-14,269.6365986173115,272.02276320684524,265.81873527405753,270.591064453125,16945056
313,2024-10-11,264.3870336654338,271.0682944439827,263.43256783992683,269.15936279296875,37256119
314,2024-10-09,260.0919513597785,266.2959795573512,259.13748548322883,261.0464172363281,33634736
315,2024-10-08,252.45622443075234,253.4106903076172,250.54729267702265,253.4106903076172,12499194
316,2024-10-07,255.3196258544922,258.6602564731491,252.9334611268801,255.3196258544922,19062186
317,2024-10-04,253.41068358093727,260.0919445416399,249.59282017482144,250.07005310058594,28719313
318,2024-10-01,256.2740774012324,259.1374749140953,253.88791280717993,255.79684448242188,13490163
319,2024-09-30,259.6147155761719,260.56918144226074,251.97898864746094,251.97898864746094,29002493
320,2024-09-27,265.34152034387694,270.11384984646463,262.9553555925831,264.3870544433594,29084059
321,2024-09-26,264.86428456384346,265.3415175090035,260.09195511224266,262.9553527832031,27178576
322,2024-09-25,251.02452370179904,262.47811413686213,250.54729076700474,260.0919494628906,47171801
323,2024-09-24,244.3432626705653,246.72942734508254,241.95709799604808,244.82049560546875,18106808
324,2024-09-23,243.38879774516658,245.2977294921875,241.9570989349009,245.2977294921875,10598670
325,2024-09-20,245.7749537099706,247.68388538927132,241.00262451171875,241.00262451171875,24018450
326,2024-09-19,239.5709267114933,242.4343242419096,236.70752918107706,241.4798583984375,15072098
327,2024-09-18,241.0026350402832,242.43433386230467,237.6620044555664,238.61647033691406,13305144
328,2024-09-16,243.38879202294535,244.34325787401573,240.52539446973424,242.434326171875,13175269
329,2024-09-13,242.91156005859375,244.34325884086445,239.09369663920526,242.91156005859375,18233844
330,2024-09-12,238.61646086802125,245.77495469406188,238.61646086802125,241.4798583984375,38745453
331,2024-09-11,230.02627752635104,234.32137399468542,230.02627752635104,230.98074340820312,16585710
332,2024-09-10,235.75306794041134,235.75306794041134,227.16287518144898,228.59457397460938,54527225
333,2024-09-09,238.61647033691406,240.04816915893554,236.2303056335449,238.61647033691406,31844504
334,2024-09-06,238.61646745172393,248.1611261497929,237.66200158191702,244.82049560546875,27834075
335,2024-09-05,240.0481633792522,241.4798621668024,235.75306701660156,235.75306701660156,20068853
336,2024-09-04,243.38879974365233,243.38879974365233,236.70753857421874,238.61647033691406,42812306
337,2024-09-03,255.7968521118164,260.56918144226074,253.41068744659424,259.6147155761719,19100170
338,2024-09-02,258.18302257409255,260.56918729289197,254.84239196777344,254.84239196777344,11868963
339,2024-08-30,259.61470783290576,260.09194075171627,255.79684448242188,255.79684448242188,21323663
340,2024-08-29,256.27408504486084,261.0464143753052,254.3651533126831,259.6147155761719,22693820
341,2024-08-28,262.95535837170036,267.25045496942323,259.6147276845826,265.8187561035156,15959378
342,2024-08-27,261.0464210025628,263.43258572836316,257.70579038644223,262.9553527832031,16841706
343,2024-08-26,265.81874950062144,270.11384599165484,262.4781188964844,262.4781188964844,14895348
344,2024-08-23,259.61472309499544,264.86428551051927,258.66025720126385,263.4325866699219,19259852
345,2024-08-22,270.1138479260431,271.0683138197747,263.4325866699219,263.4325866699219,15883914
346,2024-08-21,269.15936279296875,272.97722609499664,267.72766405470827,269.15936279296875,19992207
347,2024-08-20,270.1138325006189,275.84062753596777,269.6365995810065,271.06829833984375,26840428
348,2024-08-19,267.72768698493354,267.72768698493354,263.9098233559149,265.3415222167969,14672629
349,2024-08-16,265.34152314821307,268.6821538353309,263.4325913270029,265.8187561035156,28752281
350,2024-08-15,261.04641341460564,262.47811220847,258.1830158268769,259.1374816894531,16536299
351,2024-08-14,258.6602478027344,262.95534416846243,256.751316084633,258.6602478027344,28844838
352,2024-08-13,259.6147204429526,260.09195338494334,252.93345925508254,254.3651580810547,26687351
353,2024-08-12,248.1611307551352,259.61472140537217,244.82050014881605,254.84239196777344,48834674
354,2024-08-09,237.6620044555664,243.38879974365233,235.7530726928711,238.61647033691406,49626663
355,2024-08-08,229.07180786132812,232.8896713256836,225.25394439697266,229.07180786132812,56730041
356,2024-08-07,233.84414093017577,248.63836209106444,231.45797622680664,238.61647033691406,52826492
357,2024-08-06,238.1392316625186,239.5709304500688,222.39054499946627,235.75306701660156,44177529
358,2024-08-05,233.84413621619748,239.0936984577856,228.59457397460938,228.59457397460938,52868210
359,2024-08-02,262.0008841779895,264.38704887906414,253.41069125412102,253.88792419433594,40859651
360,2024-08-01,272.9772395889652,277.74956895240865,268.20491022552176,275.84063720703125,39810771
361,2024-07-31,250.54729076700474,266.77321055001073,250.54729076700474,260.0919494628906,39418152
362,2024-07-30,253.88791756621129,259.1374797715277,249.59282121640697,258.1830139160156,31549538
363,2024-07-29,265.34150684497973,266.7732056229203,257.7057800292969,257.7057800292969,24380182
364,2024-07-26,262.4781188964844,269.15938010475855,259.61472123579546,262.4781188964844,36010798
365,2024-07-23,281.0901843241168,283.4763488769531,278.7040197712805,283.4763488769531,17482511
366,2024-07-22,282.5218963623047,284.90806102752686,270.1138401031494,274.88616943359375,24337318
367,2024-07-19,284.43081469808766,288.725910893193,282.04465014525135,283.4763488769531,21294863
368,2024-07-18,288.7259128749771,293.0210090995635,282.9991179088618,284.4308166503906,43202067
369,2024-07-17,306.38353131531153,306.38353131531153,299.22503759299116,299.7022705078125,19421197
370,2024-07-16,309.24694540334303,312.11034304596654,303.5201501180959,307.81524658203125,17147929
371,2024-07-15,314.97374165537923,317.3599063648897,307.8152475268479,308.29248046875,17659297
372,2024-07-12,309.2469519866756,316.88267919622314,305.4290883819018,311.1558837890625,18461514
373,2024-07-11,327.381785181949,327.381785181949,317.3598937988281,317.3598937988281,23543564
374,2024-07-10,328.3362675552144,329.2907334492703,315.9282109324883,325.4728698730469,35949326
375,2024-07-09,314.0192699432373,326.904559135437,311.1558723449707,320.7005310058594,67607370
376,2024-07-08,297.793349288439,311.63310430344654,295.40718463067907,304.95184326171875,28404075
377,2024-07-05,297.7933349609375,301.6111982296675,294.92993750939,297.7933349609375,14210800
378,2024-07-04,299.7022916429637,301.1339904883919,294.9299621582031,294.9299621582031,15133353
379,2024-07-03,296.8388920573445,296.8388920573445,292.06656260304635,293.9754943847656,13187172
380,2024-07-02,296.3616562511948,298.27058801448754,290.6348609613167,292.5437927246094,18672895
381,2024-07-01,298.74782479408304,298.74782479408304,293.49826237757355,294.4527282714844,15985543
382,2024-06-28,292.06654005784253,299.7022665953025,292.06654005784253,297.7933349609375,19574399
383,2024-06-27,290.1576251921107,294.4527216176518,285.3852958303983,291.1120910644531,19545453
384,2024-06-26,293.97549719494646,299.22505964485623,293.0210312949629,295.4071960449219,26223768
385,2024-06-25,287.29422757508326,292.0665569367956,280.13573353251473,291.1120910644531,40789360
386,2024-06-24,298.74781608581543,302.5656795501709,290.1576232910156,290.1576232910156,42233860
387,2024-06-21,305.9063091248227,307.3380079194787,296.838883425335,304.95184326171875,51704030
388,2024-06-20,304.47460021972654,316.40542311234907,303.52013438831676,314.9737243652344,72523002
389,2024-06-19,279.18125876897494,305.42906942246833,278.22679292702975,301.6112060546875,108990272
390,2024-06-18,276.795106868154,279.65850452541076,273.9317092108972,277.74957275390625,20418133
391,2024-06-17,277.2723350591015,277.2723350591015,271.5455398427345,275.3634033203125,17172967
392,2024-06-14,272.0227765134197,278.70403769094236,269.15937886591007,277.2723388671875,33989140
393,2024-06-13,264.3870374652701,271.06829833984375,264.3870374652701,271.06829833984375,27971741
394,2024-06-12,264.3870497184156,264.3870497184156,260.56918618457564,262.0008850097656,16630971
395,2024-06-11,263.9098167766856,266.77321442706557,261.52365206803563,262.0008850097656,17965866
396,2024-06-07,265.34151271498683,267.2504444611378,258.6602516034584,260.5691833496094,25842113
397,2024-06-06,271.06832050466795,272.0227864219379,265.3415250010482,266.7732238769531,18827927
398,2024-06-05,265.3415194023367,268.2049170937288,262.0008887623792,263.9098205566406,14643697
399,2024-06-04,270.11384599165484,271.5455448219993,260.56918712269174,262.4781188964844,27137800
400,2024-06-03,266.29596627834627,275.36339165341536,265.3415004493916,269.6365966796875,28013778
401,2024-05-31,268.68214522313025,269.6366111031414,261.5236511230469,261.5236511230469,36680041
402,2024-05-30,272.9772251054618,273.9316909275089,268.2048959952265,268.68212890625,18375539
403,2024-05-29,277.27233216820696,283.4763602545868,273.93170166015625,273.93170166015625,30237804
404,2024-05-28,280.13573459763603,280.61296753562175,274.88617227979273,276.31787109375,28040196
405,2024-05-27,276.7951115310903,281.56744104024705,274.8861797274276,280.1357421875,40145022
406,2024-05-24,270.1138372770779,275.8406324136944,269.6366043490265,273.4544677734375,21539367
407,2024-05-23,273.93169585751815,279.65849089286695,269.6365995810065,271.06829833984375,29713493
408,2024-05-22,269.6366024518389,272.9772329246935,267.2504378283713,272.5,21802191
409,2024-05-21,269.63659570572224,273.45445900775013,267.72766405470827,269.15936279296875,18707757
410,2024-05-20,274.4089248332571,274.4089248332571,266.7731982292013,269.15936279296875,24322187
411,2024-05-17,266.7732058438388,275.84063144497105,266.7732058438388,272.97723388671875,46645961
412,2024-05-16,277.27234410034623,278.7040429511225,263.9098214931006,264.3870544433594,80715004
413,2024-05-15,274.8861675195993,281.5674285357007,272.5000028709917,273.93170166015625,62429111
414,2024-05-14,262.4781140834868,277.2723350591015,259.6147164753033,275.3634033203125,46502998
415,2024-05-13,259.61472030111565,263.4325838349556,257.2285555924657,262.0008850097656,19749229
416,2024-05-10,262.47811026581996,262.47811026581996,254.84238342172335,258.1830139160156,32079709
417,2024-05-09,261.52365206803563,265.3415156018756,259.61472030111565,262.0008850097656,27241691
418,2024-05-08,254.8423890387554,264.8642807425267,254.3651561004806,261.0464172363281,43950192
419,2024-05-07,252.93346019273395,254.84239196777344,248.63836369889506,254.84239196777344,22401447
420,2024-05-06,250.07005310058594,260.5691774674044,250.07005310058594,250.07005310058594,43172559
421,2024-05-03,251.97898962902048,253.88792136863427,244.82049560546875,244.82049560546875,22827884
422,2024-05-02,242.4343244179912,251.02451701547906,239.57092688549523,249.11558532714844,22037978
423,2024-04-30,250.07006460336538,251.97899639423076,248.1611328125,248.1611328125,14704032
424,2024-04-29,248.638353366013,251.50175090957555,246.72942167030467,249.5928192138672,15447822
425,2024-04-26,253.88792333510315,256.75132096670205,245.29773044030642,245.77496337890625,40653744
426,2024-04-25,245.77495955674382,249.11559007499085,238.61646558907168,243.86602783203125,42585294
427,2024-04-24,238.61646011557553,248.6383514404297,237.66199427511322,248.6383514404297,44081784
428,2024-04-23,225.2539386990704,228.11733622490604,222.39054117323477,226.20840454101562,21548954
429,2024-04-22,227.162872181768,230.02626973027768,219.5271453857422,219.5271453857422,32103726
430,2024-04-19,238.6164694839383,240.0481683008419,226.20841307077347,230.50350952148438,36117480
431,2024-04-18,238.61647128107066,242.4343348215678,237.18477245338423,239.0937042236328,25133414
432,2024-04-17,242.4343271311702,244.34325884086445,236.23029907466386,242.91156005859375,40500013
433,2024-04-16,246.72942934819835,249.59282698086605,236.70753763386148,238.1392364501953,46510113
434,2024-04-15,256.2740791583883,260.56917545713225,247.20665363881778,249.11558532714844,38084902
435,2024-04-12,263.9098100275131,267.72767346371586,258.6602478027344,258.6602478027344,46712215
436,2024-04-11,260.64467305751594,266.1903043991652,259.72040116724105,262.9553527832031,32704505
437,2024-04-10,268.0388278825909,268.9630997028757,260.6446533203125,260.6446533203125,33451053
438,2024-04-09,271.73592469750383,271.73592469750383,261.56893431766525,265.2660217285156,38305903
439,2024-04-08,272.1980781882337,274.04662201294155,268.03885458264097,269.4252624511719,44179154
440,2024-04-03,272.1980756145523,273.12234751816703,267.5767160964784,271.2738037109375,53767058
441,2024-04-02,264.80388754006196,276.3572857747942,264.80388754006196,275.4330139160156,80400387
442,2024-04-01,272.1980743138136,274.0466181122096,260.1825396242395,261.1068115234375,65982658
443,2024-03-29,257.8718549318963,275.4330206799466,255.56117522820546,264.80389404296875,114744000
444,2024-03-28,239.84856785365514,258.796142578125,239.3864318847656,258.796142578125,94992576
445,2024-03-27,234.76504854368932,238.9242718446602,231.99223300970874,238.0,20061026
446,2024-03-26,238.46213249146467,242.15921981691375,232.91650150329107,234.76504516601562,38718486
447,2024-03-25,238.4621312758502,239.84853901582608,235.68931579589844,235.68931579589844,18077064
448,2024-03-22,237.07572815533982,242.62135922330097,235.22718446601942,238.0,42532536
449,2024-03-21,235.22718811035156,238.00000368729087,233.8407803218819,235.22718811035156,33510827
450,2024-03-20,238.0000027882526,241.23495428246187,229.2194201611132,230.14369201660156,55375181
451,2024-03-19,236.6136004377432,240.7728238829379,233.8407848076134,237.53787231445312,33085623
452,2024-03-18,244.93203406240428,247.24271362903073,233.84077214259727,235.68931579589844,57179954
453,2024-03-15,222.2873786407767,238.9242718446602,221.3631067961165,238.0,68792221
454,2024-03-14,231.53009888572615,232.45437073756537,222.7495162932535,225.06019592285156,24443380
455,2024-03-13,236.61360092315368,237.53787280175976,229.21942589430512,231.5301055908203,35270220
456,2024-03-12,233.8407803218819,236.61359589882122,228.2951491680033,235.22718811035156,44162473
457,2024-03-11,225.06020365927165,235.22719437899235,224.59806771746617,230.6058349609375,47413219
458,2024-03-08,222.74951873210645,227.83301397288068,221.36311093916802,223.21165466308594,26241642
459,2024-03-07,229.21942303631755,229.68155896985851,222.28738403320312,222.28738403320312,23379895
460,2024-03-06,224.5980563831136,228.29514373098377,224.13592046462983,227.8330078125,19602670
461,2024-03-05,222.2873860573282,227.83301731031767,220.90097824408085,226.4466094970703,27412147
462,2024-03-04,222.74951414483363,224.59805783068288,218.59029085167282,220.90097045898438,25090811
463,2024-03-01,216.27961363973498,220.43883697896064,214.43106993341246,219.05242919921875,25820725
464,2024-02-29,213.04466823051715,216.27961980885473,210.7339885317046,214.4310760498047,29324835
465,2024-02-27,222.7495144095472,223.67378625357023,213.0446600473055,214.89320373535156,30950949
466,2024-02-26,221.82525508136672,224.59807076988378,219.97671128902198,222.74952697753906,18419871
467,2024-02-23,229.68156619883177,230.14370214691795,222.74952697753906,222.74952697753906,34082853
468,2024-02-22,226.90873962653,228.75728333020845,222.28738036733387,225.06019592285156,39679214
469,2024-02-21,221.36311007354217,222.2873819318868,217.66602264016362,218.12815856933594,33913077
470,2024-02-20,223.21165343609053,226.9087408636034,221.8252456507732,224.13592529296875,32621268
471,2024-02-19,229.68155769679856,231.067965489737,222.74951873210645,223.21165466308594,42790959
472,2024-02-16,238.92428321761625,238.92428321761625,229.6815643310547,229.6815643310547,83336905
473,2024-02-15,250.4776898181908,252.32623365448742,242.6213785139302,246.31846618652344,65367818
474,2024-02-05,234.3029080559226,237.07572353587432,232.45436440262142,235.68931579589844,37787922
475,2024-02-02,230.60583815744272,234.7650616913445,228.75729436459747,233.84078979492188,40272770
476,2024-02-01,227.83301983743047,230.60583549468114,223.21166040867934,224.5980682373047,35173109
477,2024-01-31,231.06796635307282,231.53010228577895,226.44660702601135,228.29515075683594,32154874
478,2024-01-30,231.06797410565403,234.7650616913445,229.21943031280878,233.84078979492188,40774120
479,2024-01-29,223.67380077727216,228.7572962494829,222.74952887323386,226.90875244140625,22171520
480,2024-01-26,229.21942895306043,229.21942895306043,222.7495257164821,223.67379760742188,27751807
481,2024-01-25,234.76505129404336,236.1514590772759,230.14369201660156,230.14369201660156,31308056
482,2024-01-24,234.30291412353517,235.2271859741211,230.60582672119142,231.06796264648438,23275124
483,2024-01-23,235.68932652237393,235.68932652237393,230.14369531008276,233.37864685058594,41511314
484,2024-01-22,233.37864561664045,240.31068459535257,230.60583002515563,234.30291748046875,99110318
485,2024-01-19,208.88543535868328,222.74951292673748,208.42329943974815,221.8252410888672,85320128
486,2024-01-18,210.73397847814968,211.65825031358017,203.80193971242107,204.72621154785156,34449346
487,2024-01-17,212.58252901373598,215.3553446095673,210.2718493505432,211.1961212158203,43825658
488,2024-01-16,208.42329868517425,212.58252194053247,207.49902685065018,210.73397827148438,23139021
489,2024-01-15,216.74175496554005,217.6660268417257,208.88544401796185,209.3475799560547,43440398
490,2024-01-12,205.6504943979767,216.74175701719344,203.80195062810725,213.50680541992188,52622290
491,2024-01-11,203.33980832781108,207.9611676079886,200.5669927597046,207.03689575195312,35410895
492,2024-01-10,198.71844125450204,202.87766444354975,197.79416943471367,201.4912567138672,22827097
493,2024-01-09,203.80195426940918,207.96117782592773,199.64273071289062,199.64273071289062,40139048
494,2024-01-08,200.56698972042477,201.49126156245438,197.79417419433594,197.79417419433594,18226048
495,2024-01-05,202.87767524453716,204.72621898252837,199.1805877685547,199.1805877685547,29379840
496,2024-01-04,197.79416827197488,203.33979915810502,196.40776055044236,202.41552734375,27277062
497,2024-01-03,193.63495090520271,199.64271787839516,193.1728149841879,197.79417419433594,23058884
498,2024-01-02,207.49902853564683,207.96116445666163,197.33203827332113,197.79417419433594,41990541
499,2023-12-29,201.4912714289132,209.34758247086623,201.0291354852689,207.49903869628906,55202885
500,2023-12-28,200.56700134277344,202.41554513395107,199.18059349939023,200.56700134277344,19577387
501,2023-12-27,200.1048596375503,200.5669955720481,197.79417996506126,199.1805877685547,16950770
502,2023-12-26,200.5670026143392,200.5670026143392,197.33205095926922,199.64273071289062,16963502
503,2023-12-25,199.6427237030525,202.41553931003935,198.25631589955907,199.1805877685547,23664923
504,2023-12-22,201.02912441519803,202.4155321697856,197.794172987827,198.71844482421875,38308946
505,2023-12-21,191.32427688209197,201.02913150654592,188.55146127510514,199.1805877685547,66089133
506,2023-12-20,190.86214014689128,196.40777133759997,188.55146048409597,194.0970916748047,70203714
507,2023-12-19,189.47573275179477,194.0970920872044,188.08932495117188,188.08932495117188,52744531
508,2023-12-18,187.16504609056295,189.93786158820092,183.93009467665198,187.62718200683594,26713713
509,2023-12-15,190.86214181405526,191.32427775065105,187.16505432128906,187.16505432128906,31301648
510,2023-12-14,188.5514584283759,190.40000213845804,186.70291471829378,189.9378662109375,29953645
511,2023-12-13,187.6271844360959,189.47572812512146,185.31650482481393,185.7786407470703,23931619
512,2023-12-12,189.47572812512146,190.39999996963425,185.7786407470703,185.7786407470703,21434046
513,2023-12-11,192.24853994332108,192.24853994332108,186.7029089834176,188.55145263671875,20799380
514,2023-12-08,189.47572567192793,190.86213342074691,186.70291017428997,187.62718200683594,29667478
515,2023-12-07,184.39223298030115,188.0893203583523,181.15728152450637,185.7786407470703,27332725
516,2023-12-06,183.93010648569665,186.70292216136042,183.00583459380874,184.39224243164062,21977287
517,2023-12-05,180.69515290871644,181.61942479060247,177.92233726305838,180.23301696777344,28138699
518,2023-12-04,186.70292474287973,187.16506069521358,182.543701171875,182.543701171875,27279465
519,2023-12-01,185.77864196777344,186.70291381835938,183.00582641601562,184.8543701171875,29879069
520,2023-11-30,183.93009467665198,187.62718200683594,182.08155101156,187.62718200683594,54851553
521,2023-11-29,183.46796113578836,186.7029125915831,181.15728152450637,185.7786407470703,37592569
522,2023-11-28,181.15728635836373,183.0058300967144,179.3087426200131,182.08155822753906,32848283
523,2023-11-27,187.62718220096812,187.62718220096812,178.38446386594507,181.61941528320312,50003570
524,2023-11-24,188.55146088471284,189.47573275179477,184.85437341638513,188.08932495117188,31376117
525,2023-11-23,192.24854835304055,193.63495615366344,187.6271890176309,188.08932495117188,34825618
526,2023-11-22,195.94564504646283,197.33205291235763,192.24855740407673,192.710693359375,44246302
527,2023-11-21,199.6427212419181,202.41553681472251,198.7184493843166,201.0291290283203,48092999
528,2023-11-20,194.09710434247862,196.86992011879974,192.24856049159789,195.94564819335938,26885576
529,2023-11-17,194.0971012252698,195.0213731358663,191.78642144877847,192.710693359375,26859525
530,2023-11-16,195.0213731358663,198.7184607782524,190.86214953818197,192.710693359375,37864769
531,2023-11-15,198.2563163355777,201.49126788417686,193.17282104492188,193.17282104492188,46404390
532,2023-11-14,191.78642144877847,195.0213731358663,189.47574167228717,192.710693359375,33339074
533,2023-11-13,195.02136860078977,197.79418426809957,190.40000915527344,190.40000915527344,69396541
534,2023-11-10,200.56699809090037,201.02913403120198,195.4835027475826,197.33204650878906,33109098
535,2023-11-09,199.1805759935074,202.8776632509275,197.33203236479736,202.41552734375,45180290
536,2023-11-08,189.93786237849744,203.80193992437316,189.4757264603016,198.71844482421875,71338649
537,2023-11-07,189.47572446336935,191.3242681166705,187.62718081006818,188.55145263671875,23157199
538,2023-11-06,188.5514584283759,190.40000213845804,186.70291471829378,189.9378662109375,30389775
539,2023-11-03,187.16504974365236,189.4757293701172,183.93009826660156,184.8543701171875,38302758
540,2023-11-02,184.39223298030115,188.55145628060868,183.00582521353195,185.7786407470703,49234507
541,2023-11-01,178.38447826445415,179.30875017256014,173.76311872392424,176.5359344482422,45193011
542,2023-10-31,191.32427106584822,192.24854290674602,174.6873779296875,174.6873779296875,70676587
543,2023-10-30,188.5514653770669,192.24855293347997,188.08932943251526,190.40000915527344,24897510
544,2023-10-27,190.3999975044739,190.86213342074691,186.24077425801696,187.62718200683594,36446623
545,2023-10-26,186.70291838469328,190.40000587745948,185.77864651150173,187.16505432128906,42968004
546,2023-10-25,194.0970834473816,197.79417075114125,191.32426796956187,194.55921936035156,42016078
547,2023-10-24,188.5514616897802,193.17282104492188,185.31651014118103,193.17282104492188,54480571
548,2023-10-23,186.2407696122243,191.78640046916402,184.8543618979894,185.31649780273438,43292572
549,2023-10-20,190.40000337260278,191.78641116415085,183.9301003453784,189.0135955810547,86621018
550,2023-10-19,191.32428549348023,195.0213731358663,188.0893338063924,192.710693359375,49137297
551,2023-10-18,200.5670032728828,201.49127517736613,192.24855613253283,193.6349639892578,89829079
552,2023-10-17,207.499027054143,209.34757072500398,201.49126012384488,204.72621154785156,44571311
553,2023-10-16,204.72621154785156,209.8097066427192,204.26407563013632,204.72621154785156,40863223
554,2023-10-13,219.9766991539339,221.8252428443031,205.18834963098038,208.88543701171875,80270074
555,2023-10-12,217.20389935148864,225.5223465606946,216.74176339542163,219.97671508789062,65659214
556,2023-10-11,242.15924097910647,242.15924097910647,219.97671508789062,219.97671508789062,78147919
557,2023-10-06,232.91650846290213,238.46213961678075,231.99223660392238,235.22718811035156,57706382
558,2023-10-05,232.91651466996493,233.3786506117704,229.21942713552104,230.6058349609375,39895836
559,2023-10-04,221.82525086545658,232.45437746942636,221.36311492615354,231.5301055908203,49045023
560,2023-10-03,237.53787538463203,238.0000113289601,229.21942838672663,229.6815643310547,48104030
561,2023-10-02,226.44660545004373,239.38641147576053,225.98446952055386,235.22718811035156,97257948
562,2023-09-28,217.20388997820572,225.52233682843487,217.20388997820572,221.3631134033203,86509850
563,2023-09-27,206.11263155729873,212.58253479003906,204.72622372171153,212.58253479003906,37403071
564,2023-09-26,209.8097066427192,213.96892990215636,204.72621154785156,204.72621154785156,46203309
565,2023-09-25,210.27184477949564,210.73398070208796,205.65048555357268,208.88543701171875,38835647
566,2023-09-22,200.1048600081559,210.2718505859375,198.25631626674107,210.2718505859375,49723452
567,2023-09-21,197.33203236479736,205.18834278681507,195.0213528289098,202.41552734375,52348740
568,2023-09-20,200.56699188022918,212.12039003001198,198.71844817626393,201.95339965820312,55190250
569,2023-09-19,207.03688641552512,209.8097018585902,200.56698371503995,202.41552734375,40176586
570,2023-09-18,209.80970541278967,210.2718413277958,203.8019385177098,205.65048217773438,45420377
571,2023-09-15,218.12814684691858,219.51455455992868,214.43105961222506,215.35533142089844,42231169
572,2023-09-14,214.4310723487367,219.0524316665974,213.04466455337848,217.20388793945312,48037207
573,2023-09-13,207.9611696873504,211.65825714845886,204.7262181588805,211.1961212158203,36302842
574,2023-09-12,210.73398317609514,210.73398317609514,204.72621611186435,207.03689575195312,56288162
575,2023-09-11,222.74951212029708,224.13591987208315,202.4155317607679,210.73397827148438,97761200
576,2023-09-08,230.1437008440002,233.37865246228935,223.211661661952,223.67379760742188,47868495
577,2023-09-07,231.06797536214194,233.84079106648764,229.68156750996908,232.91651916503906,33157700
578,2023-09-06,227.37087051511747,234.76504516601562,227.37087051511747,234.76504516601562,47610541
579,2023-09-05,224.59806574607381,227.37088137256856,222.74952199507734,226.4466094970703,26958015
580,2023-09-04,222.2873848395619,227.37088012695312,219.97670516347497,227.37088012695312,44060670
581,2023-09-01,235.68932610589104,235.68932610589104,222.28738403320312,222.28738403320312,56928062
582,2023-08-31,227.37087850175666,234.30291748046875,221.82524731878698,234.30291748046875,70967500
583,2023-08-30,232.91651594135124,234.76505971866357,229.21942838672663,229.6815643310547,53932115
584,2023-08-29,223.67380203839946,228.2951615846474,221.8252582199003,225.98448181152344,54380342
585,2023-08-28,226.44661847282856,226.90875442889558,212.12040383475167,219.97671508789062,96436841
586,2023-08-25,230.60581860776807,233.84076997100328,222.7495081541968,225.52232360839844,121642364
587,2023-08-24,260.6446700613839,260.6446700613839,238.00000900995164,242.62136840820312,159586965
588,2023-08-23,240.31068175803614,242.1592254638672,233.84077878762747,242.1592254638672,65950906
589,2023-08-22,241.23495022978497,246.78058126955014,237.07572694996108,238.9242706298828,114079823
590,2023-08-21,241.69709625548705,243.5456400126992,231.5301055908203,231.5301055908203,88631692
591,2023-08-18,250.4776799082756,254.17476743459702,228.29515475034714,236.6136016845703,156514903
592,2023-08-17,244.00776411983944,259.25824937732943,243.08349228605218,251.86407470703125,147588929
593,2023-08-16,226.44662277786819,249.5534210205078,225.5223508481626,249.5534210205078,132269054
594,2023-08-15,231.06795924188643,236.15145434520792,227.37087189401623,227.8330078125,107489281
595,2023-08-14,210.73398018681354,224.13592190922054,206.57475689365276,220.90097045898438,155264622
596,2023-08-11,199.64272886954697,210.73399158452182,197.79418508371785,206.57476806640625,110862767
597,2023-08-10,203.80193761975067,207.9611608364803,194.55921936035156,194.55921936035156,115067833
598,2023-08-09,209.8097074128831,225.0601927534671,208.88543557405984,215.81747436523438,108218478
599,2023-08-08,222.74951292673748,230.1436876296997,215.81747414271038,221.8252410888672,129112401
600,2023-08-07,208.8854473523857,223.67379760742188,204.26408789768692,223.67379760742188,128540775
601,2023-08-04,193.17282257080078,210.2718523198908,190.4000069358132,203.33981323242188,139594932
602,2023-08-02,219.97670758356816,223.67379510598107,197.33204650878906,197.33204650878906,165782856
603,2023-08-01,212.58252622708994,222.28738068528318,205.18835140179985,219.05242919921875,129323995
604,2023-07-31,249.09127097459708,250.47767879078222,220.4388427734375,220.4388427734375,126438263
605,2023-07-28,233.37864722556563,244.46990966796875,227.83301600436408,244.46990966796875,92874548
606,2023-07-27,245.39418114388343,246.31845301259864,231.99223904751315,233.37864685058594,102727210
607,2023-07-26,231.06795999021548,238.9242706298828,225.52232895045032,238.9242706298828,127605766
608,2023-07-25,235.6893316073197,246.3184583268655,227.8330205537424,229.6815643310547,159201693
609,2023-07-24,213.50680627957198,229.6815643310547,213.0446703352439,229.6815643310547,122696475
610,2023-07-21,188.55145641765765,209.80970885690334,187.16504864988073,208.88543701171875,136479427
611,2023-07-20,184.85437185278434,195.0213623046875,181.61942034536062,195.0213623046875,92437993
612,2023-07-19,192.24854748658458,194.09709121241713,181.61942106304747,183.00582885742188,76492149
613,2023-07-18,187.16505557076806,192.71068684693898,178.3844727168308,186.24078369140625,109918036
614,2023-07-17,178.84660790891064,186.70291885064572,177.46020009566325,181.15728759765625,62024629
615,2023-07-14,188.08932410346137,189.9378678292939,175.14951802263354,183.00582885742188,152498981
616,2023-07-13,181.61942479060247,190.40000766851963,175.14952161740032,180.23301696777344,113318277
617,2023-07-12,162.67185286458334,175.1495233968099,161.28544502766928,173.3009796142578,97517293
618,2023-07-11,154.35340140458476,160.82330445747155,153.42912953988665,159.89903259277344,71188169
619,2023-07-10,146.49709575946514,152.5048630934495,145.57282386192907,150.19418334960938,35704021
620,2023-07-07,149.73203455844774,153.89125774062683,147.88349092192368,148.3456268310547,51380784
621,2023-07-06,153.89127544056285,159.43690698797053,151.11845966685902,152.50486755371094,58295113
622,2023-07-05,155.73980591360447,158.51262144915825,149.7320389199046,156.66407775878906,53899520
623,2023-07-04,149.26990184616133,162.20970757895552,148.34563000810462,157.58834838867188,101639397
624,2023-07-03,143.26213183061355,152.04271410410277,143.26213183061355,148.3456268310547,70724892
625,2023-06-30,135.40582375777396,140.48931884765625,134.01941600598786,140.48931884765625,58454946
626,2023-06-29,134.48155092623455,135.8679586677421,133.09514318472696,135.40582275390625,27994590
627,2023-06-28,133.55728975931805,136.79224141438803,132.1708819071452,133.09515380859375,37765365
628,2023-06-27,130.322333669494,132.633013344485,127.54951805950475,130.7844696044922,47772888
629,2023-06-26,136.79223049541383,136.79223049541383,132.17087135705523,135.40582275390625,52057163
630,2023-06-21,134.94369577338594,141.4135989953976,134.94369577338594,140.02719116210938,62167623
631,2023-06-20,137.25437606285357,137.71651200919314,131.70874470677867,134.01942443847656,59937230
632,2023-06-19,136.79223388671875,140.02718536376955,134.94369018554687,138.64077758789062,35642688
633,2023-06-16,135.86796324045065,137.7165069580078,132.17087580533635,137.7165069580078,59205223
634,2023-06-15,133.55728600949658,137.25437351148955,130.78447038300183,135.8679656982422,59007416
635,2023-06-14,129.3980712890625,130.32234322684153,127.08739144461495,129.3980712890625,42272832
636,2023-06-13,123.39029146277386,128.93592253975245,122.92815553969231,127.54951477050781,68715885
637,2023-06-12,122.00388708779978,126.62524644718614,118.3067996002907,119.23107147216797,84484040
638,2023-06-09,114.14758042600218,122.00389162941124,113.68544447286047,121.54175567626953,76773784
639,2023-06-08,113.2233001391093,113.2233001391093,110.9126205444336,110.9126205444336,40742672
640,2023-06-07,110.91262207031251,116.45825317382813,109.98835021972657,115.53398132324219,67575569
641,2023-06-06,107.21553496670623,110.45048645277065,106.7533990401256,109.52621459960938,28711326
642,2023-06-05,109.06408052362947,109.52621645805164,106.29126491709651,108.13980865478516,32251072
643,2023-06-02,107.677671497151,112.29903078887422,106.75339963880636,109.06407928466797,75012302
644,2023-06-01,105.82913144982379,106.75340334021527,104.44272361423658,106.29126739501953,30760781
645,2023-05-31,108.6019375191226,110.45048113646938,104.90485028442907,107.67766571044922,61787282
646,2023-05-30,112.76117062775985,114.14757846334706,104.44272361423658,106.29126739501953,74909429
647,2023-05-29,107.67766872205232,108.13980463931435,104.44271730121812,105.36698913574219,43620901
648,2023-05-26,109.98835430723248,110.45049024969985,105.82913082502621,106.75340270996094,51299464
649,2023-05-25,103.05631763609495,106.29126931077057,101.20777382199459,104.90486145019531,51363370
650,2023-05-24,99.82136080050356,99.82136080050356,97.04854522271178,97.51068115234375,22562613
651,2023-05-23,97.51067933412357,99.35922301818277,96.12427157107915,98.89708709716797,30791706
652,2023-05-22,100.74563987300081,101.207775835721,96.58641620851913,97.97282409667969,32786315
653,2023-05-19,96.58640516788587,101.66990017672197,95.6621333480975,100.7456283569336,52809422
654,2023-05-18,93.35146141982659,95.20000521031821,92.3347637453832,94.73786926269531,34741847
655,2023-05-17,92.88932037353516,93.81359221804794,91.31806105851724,92.88932037353516,35855739
656,2023-05-16,92.33476562275595,94.27573523190942,90.67107335683292,93.3514633178711,56793529
657,2023-05-15,94.27572851143084,94.27572851143084,89.28465912108699,90.20893096923828,53931277
658,2023-05-12,89.00738029483261,93.81359100341797,88.36038578106974,93.81359100341797,71812234
659,2023-05-11,85.49514665547358,86.23456696071531,84.9405849523596,85.31029510498047,16572861
660,2023-05-10,85.77243439779548,85.77243439779548,83.46175466780782,84.75572967529297,11860150
661,2023-05-09,85.4951472730733,86.41941913548492,84.29359103128435,84.84815979003906,17960357
662,2023-05-08,83.18446618165436,84.29358957675592,82.26019433519153,83.5541763305664,13166396
663,2023-05-05,82.26019658804275,83.27689423666914,81.89048642900549,82.81475830078125,16038514
664,2023-05-04,82.7223287860999,83.36931624645472,81.7980569560876,82.26019287109375,15893714
665,2023-05-03,82.35261699266064,82.62990135675878,81.24349363953677,82.5374755859375,19362927
666,2023-05-02,80.22680129078998,83.1844684598185,80.1343684623046,82.81475830078125,35265418
667,2023-04-28,78.84038918419928,79.76466100557731,78.56310481713213,79.39495086669922,8807072
668,2023-04-27,77.26912666171171,79.21009617185463,77.17670088534962,78.84039306640625,11232452
669,2023-04-26,76.25242986121204,77.08427596093404,76.06757830644484,76.80699157714844,10971773
670,2023-04-25,78.56310557751601,78.56310557751601,76.25242600170672,77.3615493774414,11129471
671,2023-04-24,77.91612285167417,78.5631103515625,77.17670252182904,78.5631103515625,10262795
672,2023-04-21,79.85709197748147,79.85709197748147,77.17670211061807,77.91612243652344,10677409
673,2023-04-20,79.57980738366118,80.22680193004035,78.28582534253766,79.0252456665039,12121888
674,2023-04-19,76.89941691953506,81.33592472519986,76.62213958895273,79.48738098144531,28832133
675,2023-04-18,75.32815859941309,76.52971487011902,75.05087421336253,76.34485626220703,12118005
676,2023-04-17,75.88271615362723,76.06757475138977,74.31145685663519,75.14330291748047,15785496
677,2023-04-14,75.69786400474996,76.89941314828397,74.95844372285642,75.60543823242188,39965441
678,2023-04-13,77.25049143394433,77.9402306074868,76.73319034270762,76.9918441772461,24957470
679,2023-04-12,78.11266877523339,78.54375415101043,77.33671378326653,78.37132263183594,18737193
680,2023-04-11,77.59536974901229,78.1988866603682,77.25050012344848,78.1126708984375,12137319
681,2023-04-10,77.07806987878861,77.59537103679905,76.99185411542706,77.5091552734375,9817955
682,2023-04-07,76.99185011359762,77.59536700360043,76.99185011359762,77.42293548583984,11134039
683,2023-04-06,76.81941601086284,77.85402490472482,76.64698448413974,77.5091552734375,11282321
684,2023-03-31,76.73319647232546,77.50915146008568,76.56076495408576,76.81941223144531,11067808
685,2023-03-30,75.95723749682493,76.73319244384766,75.5261521460168,76.73319244384766,10648232
686,2023-03-29,75.26751576756678,76.0434642489682,75.18129342266316,75.87103271484375,7661870
687,2023-03-28,75.43994098012459,75.52615673996229,75.1812871227707,75.26750946044922,9334327
688,2023-03-27,75.43994140625,75.69859526506492,74.92264026646103,75.43994140625,9431914
689,2023-03-24,73.97425374720778,75.43994140625,73.97425374720778,75.43994140625,16065135
690,2023-03-23,73.28451325985145,73.9742524863746,72.5947740333283,73.54316711425781,9965366
691,2023-03-22,72.59477613437373,73.62938500410219,72.50856037302326,73.28451538085938,9823669
692,2023-03-21,72.07747035780206,72.7672095599753,71.73260075671543,72.24990844726562,5772573
693,2023-03-20,71.9050430800858,72.24991270147902,71.5601734586926,71.73260498046875,5449813
694,2023-03-17,71.73260498046875,72.42234422325517,70.87043421590619,71.73260498046875,11642153
695,2023-03-16,70.52557033454677,71.99125798575514,70.43934799684205,71.38774108886719,12893966
696,2023-03-15,69.92204433054398,70.52556778344166,69.92204433054398,70.094482421875,4264389
697,2023-03-14,69.4909614971454,70.69800186901381,69.4909614971454,70.00826263427734,7508301
698,2023-03-13,69.40474761522981,70.8704353064026,68.97366222631534,70.35313415527344,8165404
699,2023-03-10,70.26691436767578,70.69799973189465,69.74961324618127,70.26691436767578,7716870
700,2023-03-09,70.87042999267578,71.04286808201711,70.35312888033285,70.87042999267578,4791128
701,2023-03-08,70.5255701290592,70.87043316750989,70.26691627238037,70.61178588867188,3702773
702,2023-03-07,70.52556653643344,70.697998046875,70.26691269293065,70.697998046875,4379208
703,2023-03-06,69.8358294310115,70.69800016472769,69.74961367320802,70.43934631347656,6302110
704,2023-03-03,69.83583644054472,70.00826797345891,69.31853526396081,69.490966796875,3627640
705,2023-03-02,68.97366162412655,69.66340087150421,68.2839223767489,69.40474700927734,4904233
706,2023-03-01,67.68040673084664,69.23231677746745,67.68040673084664,68.80123138427734,6290550
707,2023-02-24,69.14609124737459,69.83583047580278,68.8874439700946,69.05987548828125,10547871
708,2023-02-23,68.5425743558805,69.31852934340202,67.68040360926565,69.05987548828125,4811861
709,2023-02-22,68.37015026377969,68.6287975691529,67.42175707722015,68.28392791748047,5400809
710,2023-02-21,68.88744354248047,69.40474467167012,68.88744354248047,68.88744354248047,4491372
711,2023-02-20,67.85283680240599,68.8874456705877,67.76662104118442,68.62879180908203,3293207
712,2023-02-17,67.6804065548585,68.11149194692766,67.50797502916726,68.02527618408203,1948222
713,2023-02-16,67.6804065548585,68.37014581330557,67.6804065548585,68.02527618408203,4587592
714,2023-02-15,68.11148236511619,68.19769811583312,67.24931170226661,67.6803970336914,5016624
715,2023-02-14,67.68040254542927,68.19770366969881,67.50797102995298,67.93905639648438,4117591
716,2023-02-13,66.81823011001057,67.50796931002431,66.4733605100037,66.99066162109375,4950233
717,2023-02-10,66.47336408416345,67.42175060179508,66.21471680363166,66.90444946289062,6158025
718,2023-02-09,66.9906688343373,67.24932270665323,66.8182373046875,66.8182373046875,2859196
719,2023-02-08,67.07689117700342,67.42175423630303,66.7320215398626,66.8182373046875,5815978
720,2023-02-07,66.12849592173029,67.16310480016163,66.12849592173029,67.07688903808594,6028587
721,2023-02-06,65.43876476050342,66.38715132094875,65.35254899643405,65.8698501586914,5358417
722,2023-02-03,65.95606807064237,66.21472194911478,65.09389724618954,65.61119842529297,3705722
723,2023-02-02,65.86984655753864,66.04227807625041,65.26632308636584,65.95606231689453,5365210
724,2023-02-01,65.52498224582632,65.61119801216046,64.83524295947056,65.43876647949219,4109396
725,2023-01-31,65.78363036855194,65.86984612734474,64.4041519165039,64.4041519165039,9006603
726,2023-01-30,66.12849340627832,66.30093150171137,65.00767538624694,65.78363037109375,10898937
727,2023-01-17,64.14550253627124,64.74901940586744,63.88684869053541,64.66280364990234,5973712
728,2023-01-16,63.88684844970703,64.23171805010793,63.628201182786746,63.88684844970703,4812315
729,2023-01-13,63.800639898676685,64.05929377264566,63.45577025933181,63.71442413330078,3618385
730,2023-01-12,63.80063800422513,63.80063800422513,63.19712108667294,63.36955261230469,3982401
731,2023-01-11,64.05929593357503,64.14551170185926,63.19712509504961,63.455772399902344,5028863
732,2023-01-10,63.628204770501064,63.800636291503906,63.11089705181075,63.800636291503906,5253230
733,2023-01-09,62.59360156137693,63.455772399902344,62.33495425652419,63.455772399902344,9501694
734,2023-01-06,61.73142770821997,62.076297342356845,61.386558074083084,61.903865814208984,3743797
735,2023-01-05,62.33494780450467,62.593595082585956,61.30033895865715,61.38655471801758,6331120
736,2023-01-04,62.421163775009894,63.110896430067186,62.1625099182129,62.16250991821289,5525089
737,2023-01-03,61.99007839890878,62.766033391458954,61.731424542111775,62.16250991821289,8323151
738,2022-12-30,61.731426005851745,62.852250641427325,61.645210244155386,62.3349494934082,6784115
739,2022-12-29,61.3003448429516,62.076299907361914,61.21412907531522,61.81764602661133,5885322
740,2022-12-28,61.30034231000916,61.99008157828292,60.869256911798345,61.903865814208984,5394478
741,2022-12-27,61.990084139725525,61.990084139725525,61.4727829560658,61.81764602661133,3217568
742,2022-12-26,61.3003448429516,61.990084139725525,61.04169754004245,61.81764602661133,3178111
743,2022-12-23,61.041691680575866,61.645208573939655,60.955469343374645,61.38655471801758,4107414
744,2022-12-22,61.127914749425024,61.99008560180664,60.955476632243744,61.99008560180664,21447986
745,2022-12-21,60.17951841023916,60.78303527832031,59.748433053655326,60.78303527832031,28367127
746,2022-12-20,61.90386199639238,62.07629351390582,60.35195202740844,60.524383544921875,26419891
747,2022-12-19,61.558990928737806,62.50737740833056,61.386552837458744,62.42116165161133,22645640
748,2022-12-16,61.73142812355258,62.16251352466376,60.95547308598422,62.076297760009766,29903036
749,2022-12-15,62.50737784009734,63.024678961826574,62.248723990312406,62.59359359741211,6065386
750,2022-12-14,62.593595076063735,62.85224893195887,61.90386242341139,62.76603317260742,4621374
751,2022-12-13,62.50737953466195,62.593595294314014,61.81764030176384,62.16250991821289,5658724
752,2022-12-12,62.33494991465103,62.59359720148797,61.47277913617918,62.507381439208984,5323665
753,2022-12-09,62.42116567693001,62.67981296376695,62.07629604997306,62.507381439208984,5332056
754,2022-12-08,61.47278440594599,62.334955258327604,60.955476632243744,61.99008560180664,6227439
755,2022-12-07,61.990076054824215,62.16250756760803,61.4727749386322,61.645206451416016,6639231
756,2022-12-06,62.93846682844491,62.93846682844491,62.248727574531024,62.507381439208984,6878863
757,2022-12-05,61.99008460554573,63.455772399902344,61.817646491135754,63.455772399902344,8687800
758,2022-12-02,61.64520878245972,62.248725677864954,61.55899302280766,62.16250991821289,6206362
759,2022-12-01,62.33495204888264,62.507383579344335,61.90386664488717,62.24872970581055,6513775
760,2022-11-30,61.64521047699167,61.990080102920665,61.30034085106268,61.73142623901367,7913859
761,2022-11-29,61.2141210916159,61.731422207807924,60.78303573181579,61.645206451416016,3697918
762,2022-11-28,60.61060376682299,61.21412063490415,60.61060376682299,60.78303527832031,6072254
763,2022-11-25,62.334943485060954,62.334943485060954,61.21411895751953,61.21411895751953,7406566
764,2022-11-24,61.55899302280766,62.33494801535783,61.4727772631556,62.16250991821289,7385180
765,2022-11-23,61.12790531468755,61.38655258377638,60.86925146775815,60.955467224121094,4773501
766,2022-11-22,60.86925506591797,60.95547082737738,60.00708429564196,60.86925506591797,5288979
767,2022-11-21,61.73142174723664,61.73142174723664,60.61060376682299,60.78303527832031,4616194
768,2022-11-18,61.30033684800781,62.16250756760803,61.041689578832084,61.645206451416016,7916081
769,2022-11-17,61.21412255777329,61.300338316230174,60.093297964311574,61.127906799316406,10352531
770,2022-11-16,62.16250712973256,62.24872288551716,61.472774505615234,61.472774505615234,9332212
771,2022-11-15,62.93846276976733,62.93846276976733,61.81763819889551,62.42116165161133,10442297
772,2022-11-14,61.64520524952509,63.62820049707956,61.041688388707875,62.93846130371094,20318677
773,2022-11-11,59.83464880940399,60.955466789817635,59.83464880940399,60.78303527832031,11459957
774,2022-11-10,59.575999824023604,59.575999824023604,58.4551817521831,58.713829040527344,6671489
775,2022-11-09,59.23112299717105,59.66220833653282,59.14490724486675,59.575992584228516,6231816
776,2022-11-08,58.80004480330876,59.66221558680502,58.541397514964515,58.713829040527344,9742427
777,2022-11-07,58.02409594391045,58.54139709472656,57.67922631741937,58.54139709472656,7346158
778,2022-11-04,57.33435863097315,57.59301250405388,57.07570475789242,57.50679016113281,5856082
779,2022-11-03,57.59300994873047,57.851657232494134,57.42057184838041,57.59300994873047,6052104
780,2022-11-02,57.851655532646355,58.19652514537227,57.16192288503528,58.02409362792969,7848524
781,2022-11-01,58.45518114530384,58.62761266907649,57.50678803103128,57.76544189453125,9659692
782,2022-10-31,58.627614949820554,58.97248458862305,57.59301261125434,58.97248458862305,4882737
783,2022-10-28,59.05869675510679,59.14491251509352,58.196525999557785,58.36895751953125,4512018
784,2022-10-27,59.231130195056885,59.748437927427496,58.62761327774593,58.713829040527344,6160517
785,2022-10-26,59.66221707799034,59.66221707799034,58.627614743072606,58.886268615722656,5820629
786,2022-10-25,60.17951920477531,60.17951920477531,58.45517775567391,59.31734848022461,7149296
787,2022-10-24,59.92086366834044,60.17951750955577,59.489778318208494,59.74843215942383,4592511
788,2022-10-21,60.438166475436155,60.524382232323106,59.31734848022461,59.31734848022461,4864604
789,2022-10-20,60.00708957449865,60.61061311348873,59.23113449742086,60.351959228515625,11064267
790,2022-10-19,60.86925506591797,61.64521007473457,60.438169680779964,60.86925506591797,8384789
791,2022-10-18,61.73142218706872,62.33494563729046,60.093296504810525,60.955467224121094,12361313
792,2022-10-17,61.558990261399835,62.593592486496085,59.92086459013032,61.472774505615234,11608274
793,2022-10-14,63.369552217680834,63.5419837422388,62.42116567693001,62.507381439208984,6055529
794,2022-10-13,63.6282060823588,63.714421844637776,62.248727574531024,62.507381439208984,6806303
795,2022-10-12,62.93846511061484,63.714420105628946,62.50737973314488,63.628204345703125,6475417
796,2022-10-11,64.23171735789677,64.31793311260775,62.59359170702662,62.93846130371094,10893705
797,2022-10-07,65.86984352378407,65.86984352378407,64.40414937087601,64.49037170410156,6386308
798,2022-10-06,66.38714940924393,67.1631044192059,65.43876287610864,65.52497863769531,8788438
799,2022-10-05,66.73201946271459,66.73201946271459,65.6974105834961,65.6974105834961,7108662
800,2022-10-04,64.83523980640118,66.04228020990226,64.57659251997731,65.6974105834961,7444000
801,2022-10-03,65.69740977014676,65.78363210906161,63.886852476230764,63.97306823730469,6386414
802,2022-09-30,67.42175598591777,67.42175598591777,65.86985244527354,66.38715362548828,7374224
803,2022-09-29,67.24931379349705,67.50796763153126,66.12848926580264,67.42174530029297,8122726
804,2022-09-28,66.38714475446211,66.99066162109375,65.78362788783048,66.99066162109375,7122694
805,2022-09-27,65.78363667821131,66.90445480570303,65.438767032121,66.38715362548828,6289142
806,2022-09-26,65.78363079818276,66.55957921022653,65.61119270163019,65.95606231689453,6391478
807,2022-09-23,67.50797615743458,67.59419192172115,66.47336725247244,66.64580535888672,4546596
808,2022-09-22,67.24931760377521,68.11148834228516,66.04227725429315,68.11148834228516,10913125
809,2022-09-21,68.37014026793995,68.80122562504464,67.33553146418437,67.76661682128906,9896990
810,2022-09-20,68.80123310907524,69.05988040476875,68.2839253620057,68.37014770507812,8042141
811,2022-09-19,68.62879583040628,69.23231935000281,68.62879583040628,68.71501159667969,7060111
812,2022-09-16,68.11149424426961,68.8874492917346,67.7666246034139,68.5425796508789,12978795
813,2022-09-15,68.2839221863548,69.05987719303084,67.5079737575197,68.62879180908203,7968728
814,2022-09-14,68.54258180069516,68.97366722082532,68.19771214902273,68.28392791748047,7716721
815,2022-09-13,69.922048580863,70.09448668267594,69.23231590713425,69.57717895507812,7115156
816,2022-09-12,69.83583790860929,70.18070755952876,68.45636588277297,69.66340637207031,6643636
817,2022-09-08,68.71500904336646,68.80123138427734,67.93906059789714,68.80123138427734,4045001
818,2022-09-07,68.11149383154336,68.62879500077165,67.42175455401149,68.37014770507812,5761031
819,2022-09-06,68.7150111823861,68.9736650574882,68.1977100100232,68.5425796508789,6234591
820,2022-09-05,67.50797942351939,68.80123568390985,67.42175707722015,68.28392791748047,7489219
821,2022-09-02,67.50797080392765,67.68040231882661,66.99066310354945,67.16310119628906,3264252
822,2022-09-01,67.42174890009105,67.93905660377968,66.81823201624191,67.33553314208984,6033698
823,2022-08-31,67.59419266231508,68.37014770507812,67.42175455401149,68.37014770507812,7194780
824,2022-08-30,67.24931570833154,68.19770217839375,66.99066186293251,67.76661682128906,4766247
825,2022-08-29,66.99066500224505,67.85283575685743,66.81823348245892,67.50797271728516,5681737
826,2022-08-26,68.11148834228516,68.28391985885085,67.85283448959588,68.11148834228516,6144251
827,2022-08-25,67.85283448959588,68.11148834228516,67.33553336205806,68.11148834228516,3200172
828,2022-08-24,67.59418487548828,67.93905447452535,67.33553103175035,67.59418487548828,3696749
829,2022-08-23,68.28392113416362,68.28392113416362,67.42175037955124,67.50797271728516,4363687
830,2022-08-22,67.93906083975264,68.62879352460753,67.68040697178137,68.19770812988281,2806000
831,2022-08-19,67.68040673084664,68.80123138427734,67.50797520470702,68.80123138427734,5640060
832,2022-08-18,67.24931760377521,68.11148834228516,66.9044479928031,68.11148834228516,5799568
833,2022-08-17,67.42175208638871,67.50797442630541,66.99066669816924,67.07688903808594,8783052
834,2022-08-16,66.55957607837705,67.68040063078743,65.5249738591063,67.59418487548828,14380711
835,2022-08-15,69.66340136740276,69.66340136740276,66.99066669816924,67.07688903808594,18003344
836,2022-08-12,70.35313545476484,70.6980050878347,69.66340276646625,69.74961853027344,5017551
837,2022-08-11,70.69799929693208,70.69799929693208,69.74961281705356,70.094482421875,6193816
838,2022-08-10,68.88744251774352,70.35313012495143,68.88744251774352,70.26691436767578,5622276
839,2022-08-09,68.62879200043773,69.49096277073932,68.11149085382498,69.40474700927734,4241583
840,2022-08-08,68.02527888865107,68.71501159667969,67.59419347944268,68.71501159667969,5388412
841,2022-08-05,68.28392389325953,68.37014623447736,67.7666227351581,68.19770812988281,5999093
842,2022-08-04,67.85283575685743,68.37014347189752,67.24931885976511,67.50797271728516,6118196
843,2022-08-03,68.02526661439926,68.02526661439926,67.07688020083276,67.6803970336914,7852920
844,2022-08-02,67.33552789396268,67.85282897949219,66.99065831099628,67.85282897949219,8174396
845,2022-08-01,67.93905447452535,68.0252702298245,66.38714456777875,67.59418487548828,13732319
846,2022-07-29,67.24931335449219,67.48778852705541,66.85185877667051,67.24931335449219,12502952
847,2022-07-28,66.77237475838368,67.09033966064453,66.21594072793425,67.09033966064453,8295156
848,2022-07-27,65.58001350238143,66.45441246947793,65.34153830013862,66.2954330444336,6943448
849,2022-07-26,65.81849230513203,66.13645117261419,65.1825624408144,65.58001708984375,3802179
850,2022-07-25,65.89798068269423,65.97747039794922,64.70561675983971,65.97747039794922,4702496
851,2022-07-22,66.21594560839073,66.4544147541557,65.50052604174272,65.97747039794922,8005715
852,2022-07-21,65.10305701799297,66.6928752305707,64.94407155793009,66.53388977050781,11224309
853,2022-07-20,64.78510511678382,65.18255974940213,64.22867105698876,64.4671401977539,8706268
854,2022-07-19,64.14917527872399,65.26204946299052,63.751720646105674,64.4671401977539,8394080
855,2022-07-18,63.27477854146812,64.3081630487549,62.63885474555647,64.14917755126953,7838637
856,2022-07-15,63.67222821110386,64.14917253692548,63.35426330566406,63.35426330566406,5371125
857,2022-07-14,63.0363018912807,64.14916991787005,62.877316412713725,63.83121109008789,6060469
858,2022-07-13,63.11579166158791,63.51324626139051,62.40037216900805,62.95680618286133,7872671
859,2022-07-12,61.20800589688596,61.5259707768179,60.57207613702208,61.04902648925781,7265567
860,2022-07-11,61.52597771674762,62.40037668668307,61.04903337538977,62.00292205810547,4927519
861,2022-07-08,61.04902907728892,62.16189710721468,60.25411987609858,60.572078704833984,10603253
862,2022-07-07,59.856667066235545,62.16189896691245,59.618191872873616,61.605464935302734,8536517
863,2022-07-06,63.51324710832094,63.672226524491556,59.61819076538086,59.61819076538086,10707485
864,2022-07-05,63.99019118974793,64.5466252090058,62.95680679435367,63.195281982421875,5931849
865,2022-07-04,63.19528136861325,63.91070086119311,62.87731647583599,62.95680618286133,6748411
866,2022-07-01,62.956804889112064,63.91069954784151,62.87731518372022,63.03630065917969,6818118
867,2022-06-30,63.11579288305167,64.06968151516791,62.47986308519016,63.43375778198242,8974996
868,2022-06-29,63.751711840059606,64.06967671516894,62.40036870168942,63.67222213745117,8146670
869,2022-06-28,64.62612378416675,65.02357840506647,64.06968367610139,64.30815887451172,3359329
870,2022-06-27,64.30815792295914,64.54662705316467,63.910703307940445,64.22866821289062,4295448
871,2022-06-24,64.14916704717679,64.14916704717679,63.433753652005976,63.91069793701172,3840625
872,2022-06-23,63.751714702883326,64.14916929844912,62.638846687039766,63.592735290527344,6748003
873,2022-06-22,63.910704378855264,64.22866928913339,62.79783022521992,63.11579513549805,5367904
874,2022-06-21,64.22867238478831,64.22867238478831,62.877322967143776,64.06968688964844,6953927
875,2022-06-20,63.592744668344224,63.751724104144394,62.40038070581277,62.718345642089844,5804110
876,2022-06-17,62.40036900838216,64.38764190673828,62.40036900838216,64.38764190673828,10154710
877,2022-06-16,64.38764641409865,64.70561131302941,63.43375778198242,63.43375778198242,4899082
878,2022-06-15,63.195280694961546,64.22866506930295,63.036301282605564,63.592735290527344,5038450
879,2022-06-14,63.036304120388536,63.83121334730554,62.877318636199476,63.513248443603516,5317832
880,2022-06-13,63.03630065917969,63.51324495620652,62.559350297477074,63.03630065917969,6695788
881,2022-06-10,63.27476818055364,64.30815251862911,62.877313598936254,63.91069793701172,3603662
882,2022-06-09,63.67223224881355,64.14917660488011,63.67223224881355,64.06968688964844,3657303
883,2022-06-08,63.672219285327216,64.62611386792658,63.672219285327216,63.751708984375,4231843
884,2022-06-07,63.195280694961546,63.751714702883326,62.638846687039766,63.592735290527344,5682143
885,2022-06-06,63.59273371083502,63.75171311924183,63.036299716735485,63.2747688293457,5580086
886,2022-06-02,63.115794532536945,63.751718282341834,62.71833991465532,62.8773193359375,6637591
887,2022-06-01,63.115793830145016,63.990192766818495,62.95680834595595,63.513248443603516,4564710
888,2022-05-31,62.87731424365298,63.59273371083502,62.40036995375686,63.2747688293457,11019074
889,2022-05-30,62.002920389533166,63.036304821895854,61.76444519293372,62.8773193359375,8541258
890,2022-05-27,61.20800971818874,61.605464326748404,60.572079918622855,61.36698913574219,6018488
891,2022-05-26,60.65157319094444,61.04902778311399,60.49258771527114,60.96953201293945,6256611
892,2022-05-25,60.095131878179195,60.57207616596719,59.618187590391194,60.17462158203125,5319262
893,2022-05-24,60.09513507856871,60.73106487260316,59.53870105729555,59.61819076538086,8805928
894,2022-05-23,59.936158176763634,60.57208193279957,59.618193266407545,60.015647888183594,8702690
895,2022-05-20,59.77716764019515,60.095132523694474,59.220733642578125,59.220733642578125,9388896
896,2022-05-19,59.45920849947798,59.777167316580254,58.90276844019763,59.69767761230469,10777191
897,2022-05-18,59.69767729424325,60.41309675826308,59.53869788653914,60.17462158203125,14832948
898,2022-05-17,60.65157288712184,60.7310625922224,59.697678231887785,59.936153411865234,16169453
899,2022-05-16,63.99019033641335,64.06968004315074,60.41309895114801,60.73106384277344,21390749
900,2022-05-13,65.50051435245331,65.58000405352249,64.46713004452762,65.26203918457031,7349180
901,2022-05-12,65.58000405352249,66.1364380256822,64.78509491347978,65.26203918457031,7045733
902,2022-05-11,65.6595054722527,66.37492503890071,65.58001575699771,65.97747039794922,6073775
903,2022-05-10,66.69288191995737,67.09033651296704,65.58000784659514,66.45440673828125,6598511
904,2022-05-09,66.7723734686507,68.04422698845171,66.53389828039226,67.48779296875,4088287
905,2022-05-06,67.16982867641678,68.20321308192437,67.16982867641678,68.04422760009766,4966857
906,2022-05-05,68.28270183299526,68.44168124791665,67.88524723101587,67.96473693847656,4198630
907,2022-05-04,66.2159422464221,67.80576072950858,66.1364464705268,67.72626495361328,4355760
908,2022-05-03,66.53389644394802,66.77237162562415,65.42102843526159,66.45440673828125,5100364
909,2022-04-29,65.89796862577107,66.93134686436856,65.89796862577107,66.61338806152344,3505589
910,2022-04-28,65.81848240202315,66.0569515167545,65.26204233829854,65.8979721069336,4695989
911,2022-04-27,66.1364498284592,66.61340024934223,65.7389951875077,65.97747039794922,5425823
912,2022-04-26,66.21593444732963,66.7723684250011,65.34152953288087,66.69287872314453,10957610
913,2022-04-25,66.45440898991316,66.77237388802946,65.97746467507673,66.13644409179688,9230691
914,2022-04-22,66.85186541549717,67.48779522903406,66.45441079820566,67.16983032226562,12003621
915,2022-04-21,68.12371221276476,68.12371221276476,67.24931335449219,67.24931335449219,8772364
916,2022-04-20,67.56728672241756,68.20321655273438,67.0108526693976,68.20321655273438,13766215
917,2022-04-19,67.5672836303711,68.12371765792726,67.5672836303711,67.5672836303711,5212199
918,2022-04-18,67.80576072950858,68.04422986316582,67.09034119918442,67.72626495361328,8004502
919,2022-04-15,67.80575529122302,68.28269958496094,67.6467698168599,68.28269958496094,5755040
920,2022-04-14,68.9981222970299,69.07761200560525,68.04422760009766,68.04422760009766,8236476
921,2022-04-13,68.99812564694707,69.71353912353516,68.60067102009755,69.71353912353516,5423904
922,2022-04-12,67.96473123075403,68.60066096638563,67.72625606372331,68.12371063232422,6376291
923,2022-04-11,68.28270279049971,69.79303151213541,67.8057584743716,68.04422760009766,8133464
924,2022-04-08,68.36218928980463,68.60066446901145,67.80575529122302,68.28269958496094,9980656
925,2022-04-07,68.52117730563148,68.91863194444531,68.12372266681767,68.36219787597656,10416402
926,2022-04-06,68.44168495691927,69.2365942039559,68.20321582161404,69.1571044921875,11924503
927,2022-04-01,69.31607755064707,69.3955733197919,68.52116837660444,68.7596435546875,17685402
928,2022-03-31,70.98539998989051,71.30335884504309,70.03150523040354,70.19049072265625,14716968
929,2022-03-30,71.54183424441874,71.78030945110403,70.90590440304221,71.22386932373047,14036614
930,2022-03-29,72.33674299570632,72.73419762755086,72.17776356883905,72.5752182006836,6296630
931,2022-03-28,72.01876924119667,72.97266387939453,71.85978983383484,72.97266387939453,5133291
932,2022-03-25,72.41622700118282,72.73419189453125,72.33673729401468,72.73419189453125,4857717
933,2022-03-24,73.05215358307544,73.05215358307544,72.57520929631433,72.97266387939453,4310131
934,2022-03-23,72.65470152092568,73.68807983398438,72.49571604337184,73.68807983398438,4795523
935,2022-03-22,73.13164553432931,73.2111352404532,72.177756931491,72.65470123291016,7318441
936,2022-03-21,73.52909979612932,73.68807920765603,73.05215549687337,73.13164520263672,5416723
937,2022-03-18,73.44960880636842,73.68807791948973,73.13164392419763,73.52909851074219,10057346
938,2022-03-17,74.24451701185038,74.40349641852599,72.65469868639181,73.4496078491211,11954368
939,2022-03-16,72.33673601565154,73.44961009036595,72.0187711279223,73.13164520263672,8921088
940,2022-03-15,73.13164008842719,73.13164008842719,72.0982557917423,72.33673095703125,5697798
941,2022-03-14,73.13164520263672,73.52909979612932,72.65470090338077,73.13164520263672,5180038
942,2022-03-11,73.68807920765603,73.76757497809518,73.05215549687337,73.13164520263672,3682176
943,2022-03-10,72.41622539722346,74.16502923956733,72.25724598640846,73.60858917236328,10393165
944,2022-03-09,71.4623381710159,71.85979277033782,70.50844349383776,70.82640838623047,10549715
945,2022-03-08,70.9854001817216,72.17776408579525,70.58794554703039,71.22386932373047,13769960
946,2022-03-07,72.81368194226003,73.05215712955572,71.54182842759356,72.25724792480469,11689702
947,2022-03-04,73.60858598664927,74.1650260297711,73.29062111410474,73.84706115722656,5061793
948,2022-03-03,74.48299312878449,74.64197861509213,74.24452399633729,74.40350341796875,2912404
949,2022-03-02,74.24452626264504,74.32401597588719,73.44961700087084,74.08554077148438,5600378
950,2022-03-01,74.72147179962771,75.43689135958071,74.0060522396747,74.56249237060547,5975671
951,2022-02-25,73.60858598664927,74.1650260297711,72.73418713565843,73.84706115722656,10896124
952,2022-02-24,74.32401577283898,74.40350548586396,72.5752178275839,73.05216217041016,14305582
953,2022-02-23,75.35739263904836,75.35739263904836,74.72146286960694,74.9599380493164,4093917
954,2022-02-22,75.0394264781089,75.35739135742188,73.7675730255326,75.35739135742188,8041126
955,2022-02-21,74.24452234877566,75.51637588763215,74.08553686599606,75.27790069580078,4771864
956,2022-02-18,73.76757428012056,74.9599380493164,73.76757428012056,74.9599380493164,4556596
957,2022-02-17,74.56249118029,74.64198089353214,73.84707163175794,74.08554077148438,5403836
958,2022-02-16,73.68808200391608,74.4035015122861,73.44961287757675,74.24452209472656,5994763
959,2022-02-15,73.37011814578328,73.76757272714792,72.81367809306741,73.4496078491211,3425904
960,2022-02-14,73.84706435326156,73.84706435326156,72.89316969434424,73.60858917236328,5499212
961,2022-02-11,74.64198208511658,74.80096151413882,74.24452744788452,74.56249237060547,5156752
962,2022-02-10,76.15230245542418,76.15230245542418,74.88044290590393,75.51637268066406,7379788
963,2022-02-09,75.1984084130172,76.31128249568106,74.95993929402371,76.07280731201172,12057781
964,2022-02-08,74.80095767726158,74.88044738769531,74.40350306041675,74.88044738769531,6221414
965,2022-02-07,73.84706275601401,74.56248221855915,73.52909787658554,74.48298645019531,6129849
966,2022-01-26,73.92655085919382,74.32400543370561,73.44960658271476,73.84706115722656,4911214
967,2022-01-25,73.44961511635006,74.244524357729,73.05216049566059,73.92655944824219,9037830
968,2022-01-24,73.29062705436979,74.72146606445312,73.05215792913991,74.72146606445312,7048539
969,2022-01-21,73.52909628468203,73.84706115722656,72.97266230623572,73.84706115722656,9329164
970,2022-01-20,74.0060472524631,74.403501862911,73.52910293286084,73.767578125,8812114
971,2022-01-19,73.84706748615166,74.64197670330145,73.6085922951363,74.24452209472656,7347994
972,2022-01-18,73.29062739534118,74.64197670330145,73.29062739534118,74.24452209472656,9397989
973,2022-01-17,73.21114159646012,73.6085962262614,72.81368696665885,73.05216217041016,5025389
974,2022-01-14,73.29062333294517,73.52909851074219,72.4162244554823,73.52909851074219,8280313
975,2022-01-13,73.4496120062284,74.00604602576176,72.6547027985088,73.2906265258789,9351639
976,2022-01-12,73.52910651323641,73.76758171698773,72.73419725363387,73.05216217041016,5136542
977,2022-01-11,73.21113586425781,73.37012134253608,72.41622666689415,73.21113586425781,10826256
978,2022-01-10,74.32400768383128,74.40349738820505,73.05215421982386,73.52909851074219,8199841
979,2022-01-07,74.40350378013432,75.19841302151326,73.29062962926854,73.92655944824219,9354665
980,2022-01-06,74.08553566067098,74.3240108486225,73.21113674597532,74.16503143310547,7434126
981,2022-01-05,73.84706085244252,74.48298453023149,73.68807538448867,74.32400512695312,5675554
982,2022-01-04,74.48298453023149,75.11891427269593,73.76757115080335,74.32400512695312,8550752
983,2022-01-03,75.75484596790919,76.15230055102587,74.16502763544248,74.48298645019531,7726498
984,2021-12-30,75.19841098674901,75.91383049756706,74.9599418595937,75.27790069580078,8670787
985,2021-12-29,75.51636726938078,76.31127639853216,74.32400357565372,75.19840240478516,12707487
986,2021-12-28,73.52910283795762,75.35739646952861,73.52910283795762,75.27790069580078,20691511
987,2021-12-27,72.177756931491,72.97266612208153,72.09826116069128,72.65470123291016,5323642
988,2021-12-24,71.93928527832031,71.93928527832031,71.6213203735472,71.93928527832031,4066715
989,2021-12-23,71.62131847456887,71.85979366299476,71.30335357822634,71.78030395507812,4093965
990,2021-12-22,71.62132168169094,71.78030716931939,70.98539792520589,71.54183197021484,5944435
991,2021-12-21,69.79302598130464,71.14436911402484,69.79302598130464,70.98538970947266,7568037
992,2021-12-20,70.26997408948272,70.98539357831034,69.79302978515625,69.79302978515625,9620385
993,2021-12-17,70.90589617733262,71.54182594493568,70.66742706298828,70.66742706298828,9339485
994,2021-12-16,71.30335012151347,71.78030047524321,70.98539130526123,71.6213150024414,8795286
995,2021-12-15,70.98539098456256,70.98539098456256,70.19048181817182,70.58793640136719,5723851
996,2021-12-14,70.26997025963674,71.14436911402484,69.87251568358073,70.98538970947266,7167866
997,2021-12-13,71.3033549637102,71.46234044730868,70.5084457397461,70.5084457397461,6591649
998,2021-12-10,70.90589394252102,71.38284428552866,70.50843936646503,70.98538970947266,7135132
999,2021-12-09,70.8264074304659,70.8264074304659,70.11098794840548,70.74691772460938,6024815
1000,2021-12-08,70.26997375488281,70.90589746939811,69.95200886528725,70.26997375488281,7557251
1001,2021-12-07,69.23659065586631,69.95201015447223,69.15710094817142,69.87252044677734,5879728
1002,2021-12-06,69.47505854700273,70.0314925071034,69.07760398559502,69.39556884765625,4409680
1003,2021-12-03,70.11098861158997,70.34946379609114,69.71353401387195,69.79302978515625,5788772
1004,2021-12-02,69.3160803635612,69.95201015447223,68.91862576041079,69.87252044677734,6726345
1005,2021-12-01,68.60066692963122,69.87252044677734,68.60066692963122,69.87252044677734,6657439
1006,2021-11-30,68.75964387869884,69.7930282356941,68.28269958496094,68.28269958496094,13251967
1007,2021-11-29,67.72626765029563,69.3160861966845,67.64677793591147,68.83914184570312,5209775
1008,2021-11-26,69.55456140451342,69.79303661234233,68.75965213131897,68.83914184570312,4772500
1009,2021-11-25,69.63404620860688,69.95201110839844,69.31608130881531,69.95201110839844,3184017
1010,2021-11-24,69.87252402745573,69.95201373922413,68.83913958043759,69.1571044921875,3025600
1011,2021-11-23,68.75964197410761,69.63404083251953,68.20320799093882,69.63404083251953,7292071
1012,2021-11-22,69.07760843723969,69.31607755064707,68.20320955872795,68.7596435546875,6291214
1013,2021-11-19,69.79303335599725,70.0315024880234,68.60066950183791,69.0776138305664,9694761
1014,2021-11-18,70.34947015023253,70.42895986402068,69.55456088299827,70.19049072265625,5827444
1015,2021-11-17,70.82640872503654,70.905898432346,69.39557579943863,70.3494644165039,8390958
1016,2021-11-16,69.15710154991238,70.428955078125,69.15710154991238,70.428955078125,17041869
1017,2021-11-15,67.56728859834892,68.60067308513545,66.69288960589382,68.36219787597656,19533977
1018,2021-11-12,65.89798068269423,66.37492503890071,65.42103632648772,65.97747039794922,7132855
1019,2021-11-11,65.81849230513203,65.9774717388731,65.34154187455547,65.58001708984375,3897482
1020,2021-11-10,65.18255924160135,66.69288804672007,65.10306952863223,65.81848907470703,12973091
1021,2021-11-09,64.78510511678382,64.78510511678382,63.91070613795884,64.4671401977539,6292288
1022,2021-11-08,63.67222869900938,64.78510284423828,63.43375956660931,64.78510284423828,8283192
1023,2021-11-05,63.35426010731753,63.751714702883326,62.559350916185934,63.592735290527344,6514564
1024,2021-11-04,62.79782926965153,63.43375908053112,62.79782926965153,63.35426330566406,5626752
1025,2021-11-03,63.19528424317803,63.19528424317803,62.55935442869696,62.8773193359375,2870953
1026,2021-11-02,62.87731647583599,63.11579166158791,62.71833706178531,62.95680618286133,5505332
1027,2021-11-01,62.08240286662365,62.71833260700917,62.08240286662365,62.400367736816406,3933504
1028,2021-10-29,62.718341602480415,62.718341602480415,61.843942632544966,62.00292205810547,3812538
1029,2021-10-28,62.877325077890006,62.877325077890006,62.40038070581277,62.718345642089844,1942404
1030,2021-10-27,62.55935192058898,62.95680652253599,62.320882798226336,62.479862213134766,3029230
1031,2021-10-26,62.241392754957374,63.036301954562575,62.161896983256135,62.95680618286133,5728725
1032,2021-10-25,62.241392473124606,62.55935129978622,61.8439378751217,61.92342758178711,3668673
1033,2021-10-22,62.40037346030932,62.638848650996195,61.923429143611585,62.24139404296875,5412171
1034,2021-10-21,62.55935129978622,62.55935129978622,61.68495239711502,61.92342758178711,5977720
1035,2021-10-20,63.35425918450607,63.35425918450607,62.161895415176524,62.32088088989258,6521950
1036,2021-10-19,62.956809648020865,63.11579513549805,62.47986531494178,63.11579513549805,4326526
1037,2021-10-18,62.718345642089844,63.11580029626699,62.40038070581277,62.718345642089844,6313816
1038,2021-10-15,63.03630036442545,63.27476947948591,62.161895415176524,62.32088088989258,7553657
1039,2021-10-14,62.08241576953571,62.718345642089844,61.843946615835456,62.718345642089844,5903000
1040,2021-10-13,61.843935337273756,62.08240444748408,61.04902617388811,61.525970458984375,4641253
1041,2021-10-12,61.684955000392954,61.684955000392954,60.651576640779474,61.12852096557617,5900051
1042,2021-10-08,62.16189256800297,62.877312009767806,62.08240286662365,62.400367736816406,3446324
1043,2021-10-07,62.00291919591846,62.877318125489786,61.92342948680762,62.0824089050293,6537994
1044,2021-10-06,61.28750003237886,61.76444435442662,61.049030903693016,61.605464935302734,4479267
1045,2021-10-05,61.5259774909603,61.5259774909603,60.890047661699334,61.28750228881836,4669613
1046,2021-10-04,61.605463026257944,62.320882519498056,61.36698784028594,61.44648361206055,4425429
1047,2021-10-01,61.208015441894524,62.002924733347704,60.81056079616794,61.20801544189453,6088389
1048,2021-09-30,60.57208051696915,61.84394012866466,60.492590807407204,61.605464935302734,5807586
1049,2021-09-29,61.04902778311399,61.287496899610254,60.65157319094444,60.96953201293945,5958971
1050,2021-09-28,61.76444435442662,62.16189896691245,61.3669897419408,61.605464935302734,5093238
1051,2021-09-27,62.32087740307678,62.55934650479503,61.84393313496486,62.16189193725586,4267204
1052,2021-09-24,63.433754954201966,63.51324465922212,62.08240571015637,62.32088088989258,10116510
1053,2021-09-23,62.00291817143278,63.195281982421875,61.92342846363537,63.195281982421875,13174590
1054,2021-09-22,61.12851712056303,62.32088088989258,60.25411823598985,62.32088088989258,11901596
1055,2021-09-17,60.413098896440914,61.92342758178711,60.33360918977551,61.92342758178711,13198926
1056,2021-09-16,60.57207679093622,60.73106226495637,60.01564279355501,60.4130973815918,2889679
1057,2021-09-15,60.413100243105276,60.890044558405116,60.17462505311735,60.33361053466797,5160989
1058,2021-09-14,59.618187590391194,60.492586462115135,59.53869788653914,60.17462158203125,3809027
1059,2021-09-13,59.538702956759224,60.015647285163034,59.22073804959796,59.77717208862305,4521538
1060,2021-09-10,59.93615086233438,60.015640564053655,58.664297440799466,59.5386962890625,7887542
1061,2021-09-09,60.174622202899435,60.810551969628584,59.77716761486265,60.4130973815918,3619829
1062,2021-09-08,61.128518784472774,61.366987906024335,60.41309929046628,60.572078704833984,4630219
1063,2021-09-07,60.890045770839755,61.60546529037286,60.810556060819664,61.12852096557617,2775049
1064,2021-09-06,61.92342536056391,61.92342536056391,61.04902648925782,61.04902648925781,2903966
1065,2021-09-03,61.446480755580936,61.843935337273756,61.20800558069499,61.525970458984375,3458795
1066,2021-09-02,61.84394240559079,62.00292183056787,61.20801257632982,61.28750228881836,2601339
1067,2021-09-01,62.16190148366597,62.241397261122565,61.843942632544966,62.00292205810547,4478307
1068,2021-08-31,61.605461415359706,62.32088088989258,61.36698623562349,62.32088088989258,9507244
1069,2021-08-30,61.12852061325496,61.605464935302734,60.969535129454975,61.605464935302734,4769667
1070,2021-08-27,60.492586433208004,61.12851619307189,60.413096729393935,61.04902648925781,3111142
1071,2021-08-26,61.208007184229565,61.36698659520141,60.41309800001879,60.651573181152344,4238317
1072,2021-08-25,61.049036009474534,61.36699487431452,61.049036009474534,61.20801544189453,5509668
1073,2021-08-24,60.65157319094444,61.2080071941115,60.5720774207699,60.96953201293945,5969031
1074,2021-08-23,60.7310651415305,60.890044558405116,60.01564563624274,60.33361053466797,5686983
1075,2021-08-20,60.33360992267639,60.81055423313836,59.459211009383445,60.09513473510742,6569952
1076,2021-08-19,59.618185990781775,59.8566611606151,58.90276654595729,59.5386962890625,6757878
1077,2021-08-18,58.66430401057288,60.015647285163034,58.42582881403289,59.77717208862305,12259323
1078,2021-08-17,58.187347412109375,58.187347412109375,58.187347412109375,58.187347412109375,0
1079,2021-08-16,58.505312285361306,58.58480198750541,57.63091343242513,58.187347412109375,12197156
1080,2021-08-13,60.3336123100712,60.3336123100712,58.26684950650376,58.584808349609375,13867370
1081,2021-08-12,60.810551969628584,60.8900416743008,60.09513249822722,60.4130973815918,6481460
1082,2021-08-11,61.208008147873635,61.208008147873635,60.57207836462278,60.73106384277344,7812995
1083,2021-08-10,61.84394240559079,61.84394240559079,61.04903315135274,61.28750228881836,5731256
1084,2021-08-09,61.3669897419408,61.605464935302734,60.57208051696915,61.605464935302734,8208627
1085,2021-08-06,61.128522863841276,61.605467203448846,60.572082747068855,61.28750228881836,5712734
1086,2021-08-05,60.49258865788539,61.12851844113625,60.49258865788539,60.73106384277344,7275890
1087,2021-08-04,61.52597338506795,61.52597338506795,60.49258899765013,60.572078704833984,15708778
1088,2021-08-03,62.00291474408064,62.08240444748408,60.81055099900217,61.525970458984375,10883841
1089,2021-08-02,61.44648800396737,62.320886973902816,61.44648800396737,62.00292205810547,8699179
1090,2021-07-30,62.320882519498056,62.320882519498056,61.287498133187235,61.44648361206055,13100331
1091,2021-07-29,62.797825184689245,62.877314889709396,62.161895415176524,62.32088088989258,8907901
1092,2021-07-28,62.95680426883649,63.195279447338244,62.24139086268267,62.79782485961914,12086130
1093,2021-07-27,64.38764222201746,64.38764222201746,63.27476818055364,63.91069793701172,16431557
1094,2021-07-26,65.58001244845562,65.58001244845562,64.06968367610139,64.30815887451172,32381187
1095,2021-07-23,67.60516508913234,67.90462967930486,66.70675418285204,66.93135833740234,19239644
1096,2021-07-22,67.30569568007681,67.97950244074714,67.15595767108285,67.38056182861328,12928407
1097,2021-07-21,68.72817289796377,68.87790518969479,67.2308271329704,67.60516357421875,14722803
1098,2021-07-20,68.27895896394409,68.27895896394409,67.38055386386075,68.12922668457031,10285154
1099,2021-07-19,67.60516036969759,68.1292290778358,67.230823946193,67.90462493896484,8355394
1100,2021-07-16,67.00622367431133,68.42870330810547,66.70675337584086,68.42870330810547,8525372
1101,2021-07-15,67.38056093458204,67.75489738421861,66.6318880353089,66.93135833740234,10310787
1102,2021-07-14,68.57843622016048,68.72817422670722,67.15595657353137,67.30569458007812,10869563
1103,2021-07-13,68.42869441330814,68.72816467285156,68.12922415376471,68.72816467285156,7442058
1104,2021-07-12,68.12923191135796,68.50356835043137,67.75489547228457,68.35383605957031,9861498
1105,2021-07-09,67.82976421959137,68.1292345247216,67.38056161785653,67.75489807128906,9938380
1106,2021-07-08,67.45542127303005,68.42869824303727,67.45542127303005,67.82975769042969,7974579
1107,2021-07-07,66.93135181629403,67.30568822945908,66.93135181629403,67.00621795654297,5886365
1108,2021-07-06,67.53028665020588,68.05436105578917,67.00621795654297,67.00621795654297,10317705
1109,2021-07-05,66.85649525498322,67.82976664150664,66.78162339208656,67.5302963256836,9768466
1110,2021-07-02,65.8832077887449,66.93135087322263,65.73347551035678,66.55701446533203,9660285
1111,2021-07-01,65.4340088669301,66.48215200947857,65.20940472498378,66.03294372558594,10914191
1112,2021-06-30,65.28426885083451,65.73347712084518,65.20940270980621,65.50887298583984,7883918
1113,2021-06-29,65.80835003520455,65.88321618393846,64.8350729659007,65.05967712402344,8364930
1114,2021-06-28,65.50887519580229,65.73347933838471,65.13453876611199,65.65860748291016,7112027
1115,2021-06-25,64.83507166371052,65.7334825662362,64.76020551648028,65.35914611816406,9891344
1116,2021-06-24,65.13453452344852,65.35913865140093,64.61046584078657,64.98480224609375,13184651
1117,2021-06-23,64.53560374873214,65.43401468447182,64.53560374873214,65.1345443725586,10352831
1118,2021-06-22,65.13453933236246,65.28427162077203,64.1612623219382,64.53559875488281,16564571
1119,2021-06-21,65.13453784919919,65.58374041611991,64.7602014247785,65.20940399169922,9551541
1120,2021-06-18,65.65861313446591,65.73348499638504,65.1345443725586,65.1345443725586,13025204
1121,2021-06-17,65.50887409208244,65.73347823088065,64.90993352990091,65.583740234375,13619556
1122,2021-06-16,65.20940770657265,66.10781860351562,65.13454155980762,66.10781860351562,12936217
1123,2021-06-15,64.90993370977856,65.7334784130405,64.61046913977844,65.20940399169922,10852947
1124,2021-06-11,63.8617955544357,64.68533453627944,63.78692370087862,64.3858642578125,7604865
1125,2021-06-10,63.71206283569336,64.53560188574026,63.637196687856544,63.71206283569336,11643146
1126,2021-06-09,64.76020604117166,64.9099383368453,63.71206283569336,63.71206283569336,15056153
1127,2021-06-08,65.28427142940592,65.65860786125324,64.83506885357325,64.9099349975586,7669763
1128,2021-06-07,65.20941052255662,65.28427667255465,64.38587144873608,65.1345443725586,8701508
1129,2021-06-04,65.35914198861981,65.50887427361987,64.98480556419914,65.20940399169922,8873229
1130,2021-06-03,66.03293928467303,66.332409549821,65.43400446629737,65.73347473144531,12628760
1131,2021-06-02,67.30568744913145,67.60515771857557,66.03294023197405,66.18267822265625,14603435
1132,2021-06-01,67.68003102856363,67.90462947050239,67.23082843276521,67.30569458007812,9046608
1133,2021-05-31,65.95808452763907,67.23083194615434,65.88321837641375,67.15596008300781,10783170
1134,2021-05-28,64.9848105547889,66.48215636746218,64.9848105547889,65.808349609375,12911640
1135,2021-05-27,64.83506519537481,65.80834214803077,64.46072878464872,65.43400573730469,37523666
1136,2021-05-26,65.73347952668604,65.95807795799124,64.76020252193494,65.28427124023438,14434395
1137,2021-05-25,65.808349609375,66.33241835904226,65.73348346112553,65.808349609375,11904473
1138,2021-05-24,66.10781991429386,66.33241835904226,65.50887930445616,65.808349609375,7643016
1139,2021-05-21,66.4072829877342,67.97950062460183,66.18268454812515,66.4821548461914,10762341
1140,2021-05-20,66.9313510403064,67.75488999733749,66.1078120832753,66.18267822265625,11302433
1141,2021-05-19,67.0810840967919,68.05436105578917,66.55701540312899,67.00621795654297,9807870
1142,2021-05-18,65.58374570413274,67.60516598614373,64.76020664638943,67.38056182861328,15627231
1143,2021-05-17,66.18268475028066,67.00622378853772,65.13454155980762,66.10781860351562,16249845
1144,2021-05-14,67.38055942470143,69.62657807219148,66.93135683758757,67.60516357421875,14940351
1145,2021-05-13,65.13454502438331,67.23083151683309,63.7869314632483,65.95808410644531,15584122
1146,2021-05-12,67.45542771854723,68.35383863330378,62.88852413227791,65.808349609375,23856377
1147,2021-05-11,69.62657991002817,69.9260502133157,67.82976380222391,68.50357055664062,12086198
1148,2021-05-10,71.42339475520039,71.87259734623015,70.599855719659,70.74958801269531,6937375
1149,2021-05-07,69.62657721135078,71.42339324951172,69.62657721135078,71.42339324951172,10535488
1150,2021-05-06,70.15064802677345,70.52498447454049,69.10251054256247,69.62657928466797,13531308
1151,2021-05-05,70.22552057484349,71.04905962562648,70.15064871501879,70.45011901855469,7746365
1152,2021-05-04,72.0223273908247,72.0223273908247,69.92604679415527,70.599853515625,12328643
1153,2021-05-03,72.69613029448158,73.3699369805647,72.02232360839844,72.02232360839844,11319980
1154,2021-04-29,73.2950666842319,73.74426921217585,73.14532870030388,73.66940307617188,7582174
1155,2021-04-28,73.36993535416924,73.66940562044786,72.54639640584323,73.07046508789062,7962122
1156,2021-04-27,74.4180917368214,74.4180917368214,72.62127552978272,72.92074584960938,10976758
1157,2021-04-26,73.07047639128896,73.96888732910156,72.9956102411182,73.96888732910156,6110509
1158,2021-04-23,73.36993535416924,73.89400403621664,72.62126254443282,73.07046508789062,9668766
1159,2021-04-22,73.5196766244605,73.66941463187626,72.47153913215489,72.77100372314453,12584591
1160,2021-04-21,72.99560307397502,73.74427592601579,72.99560307397502,73.22020721435547,8067130
1161,2021-04-20,72.99561286459164,73.74428581704899,72.92074671173016,73.36994934082031,7722895
1162,2021-04-19,72.84587097167969,73.22020739864223,72.47153454471714,72.84587097167969,6484258
1163,2021-04-16,72.02232716806856,73.29507446289062,71.8725948801698,73.29507446289062,9318846
1164,2021-04-15,71.7977294921875,71.87259563692515,71.27365505518249,71.7977294921875,8869329
1165,2021-04-14,72.54640347755108,72.8458737730216,71.12392385800679,71.87259674072266,12157347
1166,2021-04-13,72.62126850814312,72.92073879901446,71.27365505518249,71.7977294921875,12107857
1167,2021-04-12,73.36994847338873,74.11862141699474,72.92074584960938,72.92074584960938,5563713
1168,2021-04-09,73.96888118227635,74.1186134701751,73.07047031912184,73.29507446289062,9445184
1169,2021-04-08,74.04375347927233,74.49295609221807,73.96888732910156,73.96888732910156,6911796
1170,2021-04-07,74.86728706745185,75.24162350278912,73.74427776144009,74.11861419677734,7813612
1171,2021-04-01,74.86728706745185,75.24162350278912,74.04374805209403,74.11861419677734,8810043
1172,2021-03-31,74.86729524573501,76.36464115064972,73.36994934082031,73.36994934082031,22792150
1173,2021-03-30,73.36994132610282,74.41808448743129,72.32179816477435,74.11861419677734,14385589
1174,2021-03-29,71.04906433058679,73.66941966418752,71.04906433058679,73.36994934082031,13901772
1175,2021-03-26,69.77630360785159,70.59984826839509,69.77630360785159,70.375244140625,5517504
1176,2021-03-25,69.4768469903295,70.59985633363061,69.25224283690093,69.62657928466797,7319547
1177,2021-03-24,70.00091772581176,70.74959064266537,69.85118542720946,70.15065002441406,6555809
1178,2021-03-23,67.90462807148111,71.04905760112804,67.90462807148111,69.9260482788086,14252281
1179,2021-03-22,67.0810964619355,68.12923975438729,66.85649799978817,67.97950744628906,5520567
1180,2021-03-19,68.12923383385517,68.4287041359486,66.93135833740234,66.93135833740234,13185852
1181,2021-03-18,66.33241799770717,70.15064865684066,66.33241799770717,68.50357055664062,15936336
1182,2021-03-17,66.55702451252897,66.85649482643241,66.10782189763438,66.3324203491211,8256256
1183,2021-03-16,66.70674768362686,67.15595023704084,66.33241127046182,67.00621795654297,8212520
1184,2021-03-15,65.8832077887449,66.78161288291422,65.73347551035678,66.55701446533203,8225231
1185,2021-03-12,64.98480394464855,66.40727775245983,64.98480394464855,66.2575454711914,10505777
1186,2021-03-11,64.2361294354794,65.05966838477114,64.2361294354794,64.98480224609375,6774139
1187,2021-03-10,64.76019539084847,64.76019539084847,64.01152261176351,64.1612548828125,8556254
1188,2021-03-09,64.2361321525896,64.2361321525896,62.738786468025005,64.01152801513672,11323259
1189,2021-03-08,64.8350749540944,64.8350749540944,63.33772908581544,63.63719940185547,9522414
1190,2021-03-05,63.4874593103073,64.01152801513672,63.262855172854415,64.01152801513672,10146193
1191,2021-03-04,64.08640039266434,64.3110045519715,63.63719778597112,63.786930084228516,11632021
1192,2021-03-03,64.76020197574583,64.98480611707735,63.86179683426095,64.08639526367188,9971057
1193,2021-03-02,64.23613197453926,64.76020067791606,64.16126012098218,64.3858642578125,7958467
1194,2021-02-26,64.38587233599495,64.46073848702466,63.48746709979605,63.63719940185547,15149831
1195,2021-02-25,64.61047561065128,65.1345443725586,64.23613914874002,65.1345443725586,9471218
1196,2021-02-24,64.83506699926315,65.35914141601306,63.78692387768383,64.01152801513672,9423197
1197,2021-02-23,65.20940528542059,65.20940528542059,64.46073242172592,64.9099349975586,8164545
1198,2021-02-22,66.10781901430835,67.08109035214336,65.35914611816406,65.35914611816406,10534330
1199,2021-02-19,66.03294372558594,66.18268172419035,64.98480629495806,66.03294372558594,9293138
1200,2021-02-18,66.03294006713303,66.85648473402857,65.73347551035678,66.55701446533203,12081970
1201,2021-02-17,65.13454588242337,66.55702561304444,64.46073909297957,66.40728759765625,20455516
1202,2021-02-05,63.26286023675151,64.23613729439299,62.88852378564647,63.71206283569336,7604580
1203,2021-02-04,64.0115283762915,64.16126066082455,63.26285552978516,63.262855529785156,5602226
1204,2021-02-03,64.08639415698084,64.460730578122,63.11312288916615,64.01152801513672,9941294
1205,2021-02-02,61.99011132468995,63.712055370868946,61.99011132468995,63.33771896362305,14721538
1206,2021-02-01,60.56763887376292,62.06498467676363,60.56763887376292,61.7655143737793,8201176
1207,2021-01-29,61.61578517223444,62.2147200963572,60.417903900146484,60.417903900146484,10507384
1208,2021-01-28,62.21471838247038,63.637198069947544,61.46604546400041,61.99011993408203,10844332
1209,2021-01-27,62.2895835915075,63.56233096084362,62.2895835915075,62.9633903503418,7225655
1210,2021-01-26,63.113135418806266,63.113135418806266,62.13985824584961,62.13985824584961,7027506
1211,2021-01-25,61.84038128665926,63.262860959493615,61.84038128665926,63.113128662109375,9653974
1212,2021-01-22,61.016840383532625,62.0649835693149,60.86710809067266,61.69064712524414,7904229
1213,2021-01-21,61.39117723336227,61.765513679907166,60.64250434027249,60.94197463989258,7760207
1214,2021-01-20,61.84037951555906,62.139849813671766,60.04356343880366,60.792236328125,12676370
1215,2021-01-19,62.514184531781005,62.81365482162278,61.840377807617195,61.84037780761719,7966074
1216,2021-01-18,63.03824645734467,63.03824645734467,61.24143633589414,62.289573669433594,10214078
1217,2021-01-15,64.53560463805437,64.9099411051241,63.63719940185547,63.63719940185547,10853652
1218,2021-01-14,64.38586554814037,65.05967226021433,63.63719269292943,64.08639526367188,10893302
1219,2021-01-13,63.637192510362375,65.05967207356635,63.56232636744018,64.46073150634766,13551025
1220,2021-01-12,63.56232452392578,63.637190664676616,62.73878555182581,63.56232452392578,8356934
1221,2021-01-11,63.33772038975288,63.637190664676616,62.58904755840374,63.56232452392578,7976386
1222,2021-01-08,63.63718923180382,63.63718923180382,62.66391228819636,63.33771896362305,9482793
1223,2021-01-07,62.738785897411,63.562324874047285,62.738785897411,62.81365203857422,8882793
1224,2021-01-06,62.88851817973744,64.23613156835712,62.21471148542759,62.81365203857422,14764528
1225,2021-01-05,60.86711049102475,63.4874657028562,60.79223862972128,63.412593841552734,16991944
1226,2021-01-04,60.19330035134481,61.016839372267334,60.04356234904569,60.717369079589844,9153285
1227,2020-12-31,60.417892780409495,60.79222918106115,60.19329436717061,60.567630767822266,3723596
1228,2020-12-30,60.417897687652896,60.64250183105469,59.893828968942906,60.64250183105469,4201886
1229,2020-12-29,60.49276862251373,60.567634765201085,59.89382805717377,60.19329833984375,3961897
1230,2020-12-28,60.26816050491691,60.642496905568564,59.89382410426525,60.567630767822266,6714132
1231,2020-12-25,59.29489036162377,59.89383095595162,59.07029192269145,59.74409866333008,4620520
1232,2020-12-24,59.22002461843974,59.22002461843974,58.62108973195561,58.995426177978516,3655745
1233,2020-12-23,58.39648398870155,59.14515686035157,57.647811117051525,59.14515686035156,6474036
1234,2020-12-22,59.519491250945876,59.519491250945876,58.32161583985182,58.62108612060547,6898829
1235,2020-12-21,59.07029430978637,59.51949691772461,58.39648754191848,59.51949691772461,6381039
1236,2020-12-18,58.546218965154615,59.74410018430619,58.39648666872116,59.07029342651367,10469138
1237,2020-12-17,59.07028579834547,59.07028579834547,58.171875,58.171875,6066968
1238,2020-12-16,58.39648666872116,59.444629879518295,58.097016363933264,59.07029342651367,11125876
1239,2020-12-15,59.744095250515464,59.89382753458372,57.87241314005972,58.09701156616211,11927312
1240,2020-12-14,60.64250109308501,60.64250109308501,59.81896209716797,59.81896209716797,8490615
1241,2020-12-11,60.41789878691236,61.31630966494482,59.818963913478136,60.717369079589844,8750967
1242,2020-12-10,60.642503130560236,60.792235421422944,59.81896410697382,60.34303283691406,10607250
1243,2020-12-09,61.39117702924424,61.39117702924424,60.79223643199547,61.31631088256836,7156346
1244,2020-12-08,61.39117702924424,62.43932021846917,60.56763799196782,61.31631088256836,13621584
1245,2020-12-07,59.893831447182706,61.01684078681738,59.744099153333096,60.94197463989258,16927163
1246,2020-12-04,58.24675169913983,59.14515686035157,58.097013697657395,59.14515686035156,9493804
1247,2020-12-03,58.39648346033055,58.62108760456162,57.87241473968559,57.94728088378906,7789105
1248,2020-12-02,57.94728339133348,58.471352134656385,57.72267923738314,58.24675369262695,9101148
1249,2020-12-01,57.273479018672816,58.022151947021484,56.89914255449848,58.022151947021484,6082745
1250,2020-11-30,58.246756334094385,58.32162248483268,56.89914277312044,57.6478157043457,19100842
1251,2020-11-27,57.94727658435381,58.171875,57.64780631823865,58.171875,8142375
1252,2020-11-26,58.246746850468966,58.62108325513285,57.87241044580508,58.171875,6617401
1253,2020-11-25,58.022151947021484,58.171884247922755,57.72268163329779,58.022151947021484,6882150
1254,2020-11-24,58.097013171996004,58.321617316227076,57.647810595454516,57.94728088378906,8432194
1255,2020-11-23,57.947285796570846,58.022151947021484,57.273479018672816,58.022151947021484,9945738
1256,2020-11-20,57.4980721377092,57.57293827377954,56.899131625306374,57.273468017578125,5012860
1257,2020-11-19,57.048863897447056,57.4980721377092,56.599661369104965,57.273468017578125,9137022
1258,2020-11-18,56.524804355534165,57.27347726090548,56.30020019915439,57.12374496459961,13732422
1259,2020-11-17,57.34834331429038,57.64781361832822,56.075601662030735,56.59967041015625,21271366
1260,2020-11-16,54.877725956113295,57.12374466026111,54.80285409643829,56.97400665283203,23016048
1261,2020-11-13,53.00603691176218,53.7547097172282,53.00603691176218,53.53010559082031,9460363
1262,2020-11-12,54.05417943367828,54.12905129091356,53.23064041137695,53.23064041137695,9922097
1263,2020-11-11,53.754714656055555,54.2787833832636,53.3803782189296,53.604976654052734,14133616
1264,2020-11-10,54.65311576119719,54.87771989155928,53.90444294255066,53.97930908203125,11659311
1265,2020-11-09,55.6263985876875,55.70126473507844,55.02745798471812,55.40179443359375,6819544
1266,2020-11-06,54.57825321302033,55.25205993652344,54.50338706861348,55.25205993652344,7519064
1267,2020-11-05,54.50338442593946,55.326923398325825,54.42851257324218,54.42851257324219,7419708
1268,2020-11-04,54.6531167074932,54.87772084174421,54.12904801013471,54.42851257324219,6598015
1269,2020-11-03,54.50338725858791,54.95258983851547,54.203916967995966,54.877723693847656,5491004
1270,2020-11-02,53.90444686787168,54.503387451171875,53.60497657622158,54.503387451171875,4396962
1271,2020-10-30,53.53011300828722,54.203919768957554,53.38038071121426,53.904449462890625,7800361
1272,2020-10-29,53.75471716581767,54.35365206603052,53.30550885075678,53.904449462890625,7243017
1273,2020-10-28,54.12905051621509,54.80285152632312,54.12905051621509,54.72798538208008,5929978
1274,2020-10-27,53.8295809157732,54.27878349889717,53.38037833264924,54.129051208496094,4262483
1275,2020-10-26,53.97931780837741,54.20392197504921,53.90445165679389,54.05418395996094,4133671
1276,2020-10-23,53.97931803680778,54.05418418870813,53.45524926158413,53.679847717285156,5340975
1277,2020-10-22,53.08090398442353,54.05417522151184,53.00603784494294,53.97930908203125,10713441
1278,2020-10-21,55.17718594247549,55.17718594247549,53.305503845214844,53.305503845214844,15597770
1279,2020-10-20,55.32692322354124,55.32692322354124,54.72798267537761,54.80284881591797,3610012
1280,2020-10-19,54.95258680891907,55.02745294945943,54.65311653483725,54.80284881591797,3650878
1281,2020-10-16,55.252057083000885,55.4017893640816,54.80284881591797,54.80284881591797,5874286
1282,2020-10-15,55.102321436866085,55.55152401116062,54.80285115002951,55.47665786743164,6149276
1283,2020-10-14,55.326927185058594,55.55152562276135,55.027456889534115,55.326927185058594,4729510
1284,2020-10-13,54.80285273991055,55.326927185058594,54.50338815630687,55.326927185058594,6437497
1285,2020-10-12,56.00073299962691,56.15046528896253,54.72798569259134,54.877723693847656,12446272
1286,2020-10-08,55.77612937700851,56.075599670410156,55.47665908360686,56.075599670410156,7270324
1287,2020-10-07,56.07559955633373,56.15046570155165,55.25206053509512,55.5515251159668,8629674
1288,2020-10-06,55.925861667748954,56.2253319611506,55.40179293823664,56.075599670410156,8615949
1289,2020-10-05,56.59966992761159,56.7494079343144,55.1771902795,55.40179443359375,9349746
1290,2020-09-30,56.075601662030735,56.59967041015625,55.776131357992895,56.59967041015625,7021849
1291,2020-09-29,56.15046328346201,56.37506742136406,55.476656581676366,55.776126861572266,6077188
1292,2020-09-28,55.17718867795646,55.70126311832338,54.9525902423027,55.5515251159668,8221454
1293,2020-09-25,55.40179737721379,55.476663528582534,54.20392181955017,54.95259475708008,7114338
1294,2020-09-24,55.77612351718014,56.0755937791195,54.42851019441309,54.653114318847656,13664963
1295,2020-09-23,56.59966437849057,57.04886693071661,56.150461826264525,56.44993209838867,5435354
1296,2020-09-22,56.52480426212703,57.048873010252535,56.3002001061184,56.59967041015625,7007505
1297,2020-09-21,58.39648661896245,58.47135276711539,57.12374496459961,57.12374496459961,6363307
1298,2020-09-18,58.62108962883343,58.92055421558827,58.17188132485946,58.471351623535156,10013346
1299,2020-09-17,58.99542587099345,59.51949460793016,58.770821719780095,58.84568786621094,7201912
1300,2020-09-16,58.845688172416835,59.369762624001424,58.396485579573515,58.995426177978516,10763554
1301,2020-09-15,58.54621426647667,58.770818405022034,58.097011701306464,58.62108612060547,8749597
1302,2020-09-14,57.498080292740234,58.471351623535156,57.048871988766265,58.471351623535156,8796455
1303,2020-09-11,56.824271963515685,57.1986083984375,56.300197527472726,57.1986083984375,7365656
1304,2020-09-10,56.67453415413399,57.19860859194998,56.22533157309222,56.82427215576172,11524031
1305,2020-09-09,55.4766630782275,55.70126724243164,54.428519831810114,55.70126724243164,13942749
1306,2020-09-08,57.27347513209598,57.27347513209598,55.701263231638286,56.075599670410156,11086323
1307,2020-09-07,57.49808132226978,57.49808132226978,56.52480426212703,56.59967041015625,8978169
1308,2020-09-04,57.04886532636726,57.797538129663,56.22532638512599,57.49807357788086,17430539
1309,2020-09-03,58.62109014126358,58.920554730636155,58.02214953867662,58.24675369262695,12603137
1310,2020-09-02,58.62109014126358,58.84568858329301,57.797545384726284,58.24675369262695,12238780
1311,2020-09-01,58.171875321921235,58.995419986275444,57.647806637259706,58.32161331176758,15309592
1312,2020-08-31,58.47135478630927,58.8456912519219,57.49808340286912,57.6478157043457,15953639
1313,2020-08-28,58.995431506418086,58.995431506418086,57.12374910725408,57.797550201416016,16321210
1314,2020-08-27,59.22001935590383,59.29488549607132,58.02214397746286,58.770816802978516,12578055
1315,2020-08-26,59.81896855541661,59.89383470641539,58.69595915467132,59.220027923583984,13695958
1316,2020-08-25,58.995427278296944,59.36976373130157,58.695956973509055,59.07029342651367,13014794
1317,2020-08-24,58.621085984242015,58.845684410344404,57.94727928209385,58.09701156616211,9335394
1318,2020-08-21,59.893825077672425,60.0435573555985,57.647806637259706,58.32161331176758,19709895
1319,2020-08-20,61.01684183975352,61.01684183975352,56.9740070049194,59.07029342651367,15190597
1320,2020-08-19,62.13985124833744,63.113128311694254,61.016841888427734,61.016841888427734,10396615
1321,2020-08-18,63.337724878437214,63.63719517458413,61.31631037530698,61.54090881347656,16017372
1322,2020-08-17,61.540910979969766,63.33772710818574,61.39117868258552,63.113128662109375,26052630
1323,2020-08-14,57.647810382607545,61.39117469316648,57.49807809495344,60.64250183105469,44662142
1324,2020-08-13,56.300195387757846,56.44993338318813,55.55152254636787,56.15046310424805,5731191
1325,2020-08-12,56.7494062871365,56.7494062871365,55.25206053509512,55.5515251159668,5835317
1326,2020-08-11,57.27347768761876,57.27347768761876,56.37507247924805,56.37507247924805,7943289
1327,2020-08-10,57.12374496459961,58.09701631442973,57.12374496459961,57.12374496459961,10840768
1328,2020-08-07,57.04886787217248,57.87241256208462,56.89913558959961,56.89913558959961,9316727
1329,2020-08-06,58.022143217157605,58.2467473466373,56.82426785441325,57.048866271972656,11131499
1330,2020-08-05,56.67453358634741,58.321617316227076,56.375069009933526,57.94728088378906,16250900
1331,2020-08-04,55.77613186572023,56.37507247924805,54.87772665734951,56.37507247924805,16153435
1332,2020-08-03,55.92586450413442,57.04887387740556,55.027459290285925,55.102325439453125,34948928
1333,2020-07-31,59.11467506628706,59.18616029642161,58.47135162353515,58.471351623535156,20983875
1334,2020-07-30,58.61431123897188,58.97171557579488,57.89950256532588,58.685791015625,20279862
1335,2020-07-29,57.18469846332064,58.113951994772734,57.11321868095306,57.613582611083984,13760755
1336,2020-07-28,56.39840550856185,57.82802285755679,56.39840550856185,56.97024917602539,15522929
1337,2020-07-27,57.0417366027832,58.47135400682732,56.97025136973492,57.0417366027832,13449732
1338,2020-07-24,58.042456687404474,58.61430575423439,56.61283947388656,57.11320877075195,13726761
1339,2020-07-23,58.61430740356445,59.18615648648546,57.685054007207086,58.61430740356445,9547855
1340,2020-07-22,56.97024538033435,58.61430740356445,56.97024538033435,58.61430740356445,14392163
1341,2020-07-21,56.75580446737248,57.32764808064552,56.75580446737248,57.11320877075195,14055707
1342,2020-07-20,56.183962211707644,56.89877090512265,55.96952287581767,56.469886779785156,8673119
1343,2020-07-17,56.82729038825402,57.0417351749157,55.54063257539887,55.75507736206055,6826458
1344,2020-07-16,56.68433083285121,56.68433083285121,55.75507736206055,55.75507736206055,6483667
1345,2020-07-15,55.969520655125166,56.68432932017884,55.826555649980044,56.25543975830078,10257813
1346,2020-07-14,55.46915434023605,55.68359913286122,54.754345636229,55.397674560546875,5872204
1347,2020-07-13,55.25471342552221,55.826557100286564,55.18322819431389,55.612117767333984,6935986
1348,2020-07-10,55.0402717590332,55.2547165576993,53.610654310746625,55.0402717590332,10192024
1349,2020-07-09,55.25471431749243,56.25544212787404,54.68286517993933,54.82582473754883,15508715
1350,2020-07-08,54.182501274748525,55.11174930632538,53.968056484776724,54.82582473754883,14601784
1351,2020-07-07,53.96806175038434,54.46842570439514,53.539177582152504,54.1825065612793,16760003
1352,2020-07-06,53.1102874651206,53.896575927734375,53.038802233790506,53.896575927734375,9586314
1353,2020-07-03,52.181034809834244,53.038803063641375,52.181034809834244,52.895843505859375,11031971
1354,2020-07-02,51.394739614225934,52.25250775586603,51.32325984468206,51.895103454589844,11648718
1355,2020-07-01,50.75141375560683,51.25177762529559,50.67993398187375,51.1802978515625,7218199
1356,2020-06-30,51.037335973420724,51.037335973420724,50.53696667302472,50.75141143798828,8072316
1357,2020-06-29,50.10809011337153,51.10882341072667,49.96513055098839,50.67993927001953,7515570
1358,2020-06-24,50.39401469169553,51.03734362953511,50.32253491050396,50.67993927001953,6660955
1359,2020-06-23,50.10808942987476,50.39401400429862,49.82216485545089,50.0366096496582,7105249
1360,2020-06-22,50.10808942987476,50.17956921009131,49.82216485545089,50.0366096496582,7559976
1361,2020-06-19,50.46549150784391,51.18030018487727,49.75068283081055,49.75068283081055,19301217
1362,2020-06-18,48.96439584623843,49.17884063720703,48.74995105526983,49.17884063720703,7745057
1363,2020-06-17,48.96439517777442,49.25031974397657,48.32106626720895,48.678470611572266,6771531
1364,2020-06-16,48.60698699951172,48.67846677203488,48.321062455862,48.60698699951172,7856143
1365,2020-06-15,48.03514477665755,48.46403438020098,47.67774040940993,47.89218521118164,8911957
1366,2020-06-12,49.250319685435606,49.32179946351181,48.24958643169633,48.46403121948242,14108068
1367,2020-06-11,50.17956312477426,50.39400789297568,49.67919927038028,49.82215881347656,9533157
1368,2020-06-10,50.75142220433529,51.03734680042344,49.89365386962891,49.893653869628906,14046152
1369,2020-06-09,50.32253489442361,50.679939253824976,49.67920595678961,50.60845947265625,12637883
1370,2020-06-08,50.03661031619097,50.60845947265625,49.321801597388244,50.60845947265625,20925364
1371,2020-06-05,51.39474489352385,51.466224670410156,51.108820332421196,51.466224670410156,7689958
1372,2020-06-04,50.46548918378458,51.46622237625655,50.39400941008454,51.10881805419922,18978891
1373,2020-06-03,50.251054461061166,50.394014021543185,49.893650106298445,50.108089447021484,10202967
1374,2020-06-02,50.03661345264149,50.25105826314746,49.679209070836905,49.96513366699219,7537887
1375,2020-06-01,50.10809323829079,50.39401783444607,49.679209070836905,49.96513366699219,9483498
1376,2020-05-29,49.67920529501779,50.0366096496582,49.25032116016082,50.0366096496582,24360965
1377,2020-05-28,49.750682810409806,49.8936478178923,49.250318918114594,49.679203033447266,13483389
1378,2020-05-27,50.03660506096439,50.108084834625764,49.17883686991358,49.32179641723633,10711000
1379,2020-05-26,49.53624347952218,49.96512759485484,49.53624347952218,49.679203033447266,8795859
1380,2020-05-25,49.67920073910036,49.82216028642311,48.32106322530561,49.32179641723633,5751434
1381,2020-05-22,50.03660665838502,50.03660665838502,49.03587343450585,49.10735321044922,9504649
1382,2020-05-21,49.321804677452604,49.96513365526143,49.250324891820085,49.893653869628906,15977331
1383,2020-05-20,49.32179790527889,49.46475745691474,48.392544458973894,48.821434020996094,10280733
1384,2020-05-19,48.606989239985,49.53624268628999,48.24958490733805,48.821434020996094,20745776
1385,2020-05-18,46.60552136254447,47.89217910192963,46.60552136254447,47.53477478027344,13618500
1386,2020-05-15,46.81997076607784,47.10589534238375,46.033682271404864,46.605525970458984,13727025
1387,2020-05-14,46.81996688842773,47.32033076535444,46.10515823364258,46.462562561035156,8347048
1388,2020-05-13,46.677009620723304,46.891448955507485,46.53404461064301,46.819969177246094,6963950
1389,2020-05-12,46.4625648513088,47.17737354132893,46.31960529472778,46.891448974609375,11313889
1390,2020-05-11,47.03441621441474,47.463300358046574,46.53404683554612,47.10589599609375,12186129
1391,2020-05-08,46.46256253840413,47.320330742305615,46.31960298893963,46.391082763671875,10388422
1392,2020-05-07,46.105159759521484,46.31960454447711,45.96220020525601,46.105159759521484,6470523
1393,2020-05-06,45.747755420300386,46.24811931378695,45.24738880003511,46.105159759521484,8366864
1394,2020-05-05,45.676277178472446,46.24812086831298,45.60479467215828,45.74775695800781,10354755
1395,2020-05-04,45.74775695800781,45.962201750171516,45.03294825553894,45.74775695800781,10448965
1396,2020-04-30,45.4618293314809,46.391082763671875,45.3188697820164,46.391082763671875,14997987
1397,2020-04-29,45.39035301703015,45.89071693185782,45.10442844274678,45.17591094970703,12204298
1398,2020-04-28,45.032938757160686,45.17590101285652,44.81849673700604,44.889976501464844,10079757
1399,2020-04-27,45.17590367035568,45.17590367035568,44.318132812500004,44.675537109375,8624648
1400,2020-04-24,45.03294522865136,45.10442500338221,44.46109885046865,44.604061126708984,4645810
1401,2020-04-23,44.532580892364194,45.24738958317832,44.2466590521058,44.96146774291992,5613054
1402,2020-04-22,44.31814193725586,44.60406652433683,44.1036998603346,44.31814193725586,5995944
1403,2020-04-21,44.74701953569989,45.175906353489815,44.10369339918283,44.461097717285156,7052376
1404,2020-04-20,44.818505497147285,45.247389621285464,44.747022991938415,45.104427337646484,8380004
1405,2020-04-17,45.46182279746997,45.74774730886165,44.46109246115556,44.889976501464844,11505227
1406,2020-04-16,44.889985275577395,45.533314188563416,44.747022991938415,45.104427337646484,11116449
1407,2020-04-15,45.53331643176445,45.67627872244647,45.10442955971838,45.31887435913086,13919256
1408,2020-04-14,44.74702256214795,45.60479352896426,44.604063006660844,45.5333137512207,10769024
1409,2020-04-13,44.31813810239091,44.604062664730726,44.103696044025405,44.24665832519531,3715114
1410,2020-04-10,44.38961676612122,44.604061545886324,44.103694937732165,44.175174713134766,3689074
1411,2020-04-09,46.10515864357018,46.10515864357018,43.96073266014831,44.175174713134766,12000739
1412,2020-04-08,44.74701687803865,45.03294140625,44.53257484526932,44.675537109375,7034523
1413,2020-04-07,45.31886326855236,45.533305288707005,44.532572225614366,44.889976501464844,11580295
1414,2020-04-06,45.67626754440284,45.74774730886165,44.24665044100092,44.889976501464844,15563075
1415,2020-04-01,43.03148424468171,43.245926309123256,42.60259738901982,42.67407989501953,5843251
1416,2020-03-31,43.60332909006354,44.31813776367114,42.74555813637868,43.0314826965332,9430723
1417,2020-03-30,42.24519194257584,42.888520845976984,41.8877876021927,42.602596282958984,7054744
1418,2020-03-27,43.7462913701408,43.96073342686734,42.38815379957489,43.0314826965332,7426101
1419,2020-03-26,43.10296136086061,43.317403412053224,42.1022308797022,42.959999084472656,8167624
1420,2020-03-25,43.24592518636013,43.31740496372527,41.8877876021927,42.602596282958984,10533388
1421,2020-03-24,39.242998807685076,41.03002056164562,39.17151630145938,40.95853805541992,11018118
1422,2020-03-23,37.170053842350306,39.24300024350063,37.170053842350306,37.59893798828125,7673021
1423,2020-03-20,37.45598081322859,40.02929130650668,37.45598081322859,39.1715202331543,17800218
1424,2020-03-19,38.099301136320705,38.67114752052109,36.24079970597477,36.95560836791992,16602828
1425,2020-03-18,39.60040440824973,40.243730623911354,39.31447982788086,39.31447982788086,12345681
1426,2020-03-17,39.10003952042947,40.958541196357565,39.10003952042947,40.1722526550293,15429722
1427,2020-03-16,42.88852209505307,43.102964160172576,40.95853805541992,40.95853805541992,16417272
1428,2020-03-13,40.17224908787068,43.74629255250724,38.9570737645385,43.317405700683594,23301672
1429,2020-03-12,43.031479622227494,43.031479622227494,41.31593783742154,42.03074645996094,12769619
1430,2020-03-11,43.174443448908235,43.88925209722275,43.102960948009624,43.388885498046875,5650159
1431,2020-03-10,42.88852155701188,43.889254817387,42.745559273132756,43.24592590332031,8958447
1432,2020-03-09,43.388888187199434,44.03221437448735,43.031483840891006,43.24592590332031,9009696
1433,2020-03-06,44.31813699071862,44.38961676612122,44.03221243555091,44.175174713134766,6809058
1434,2020-03-05,44.38962284687529,44.818509738378324,44.175180764513286,44.53258514404297,7914156
1435,2020-03-04,43.81777152150134,44.389617919921875,43.81777152150134,44.389617919921875,4472934
1436,2020-03-03,44.0322151184082,44.31813969099713,43.81777305235592,44.0322151184082,8387190
1437,2020-03-02,43.03148456790459,44.31813969099713,43.03148456790459,44.0322151184082,14853195
1438,2020-02-27,44.53258401417711,44.81850860125808,44.31814193725586,44.31814193725586,7586203
1439,2020-02-26,44.38962017809092,44.96146933238103,44.38962017809092,44.74702453613281,6271941
1440,2020-02-25,44.46109246115556,45.10441852161949,44.46109246115556,44.889976501464844,5280276
1441,2020-02-24,44.31814260331411,45.03295135498047,44.31814260331411,45.03295135498047,7615282
1442,2020-02-21,45.03295135498047,45.24739343512457,44.81850927483636,45.03295135498047,5153796
1443,2020-02-20,45.39035301703015,45.39035301703015,45.032948662565346,45.17591094970703,4264077
1444,2020-02-19,45.032948679665765,45.39035303426629,44.675544325065246,45.24739074707031,4328961
1445,2020-02-18,45.032947559216375,45.31887212649433,44.389618646230346,45.104427337646484,8384820
1446,2020-02-17,45.032946029589816,45.60479241794316,44.81850397480464,45.461830139160156,6061111
1447,2020-02-14,45.74775695800781,46.39108588094132,45.676277178472446,45.74775695800781,6923400
1448,2020-02-13,45.8907171903858,46.46256634217409,45.8907171903858,46.31960678100586,6336760
1449,2020-02-12,45.461830818191416,46.105159718934544,45.461830818191416,45.96220016479492,5625421
1450,2020-02-11,45.39035148848234,46.03368039556602,45.24738920615499,45.604793548583984,6193506
1451,2020-02-10,44.88997995703574,45.46182629706083,44.46109588371153,45.39034652709961,5635808
1452,2020-02-07,45.318871691211314,45.5333137512207,44.88998484441379,45.5333137512207,6313054
1453,2020-02-06,44.88997995703574,45.533308793800494,44.60405815041241,45.39034652709961,7356149
1454,2020-02-05,44.24665567177947,44.88998180829653,43.96073112658619,44.461097717285156,10940429
1455,2020-02-04,44.53257904370508,44.53257904370508,44.175174713134766,44.175174713134766,7625538
1456,2020-02-03,42.88852380452317,44.24666148237797,42.67408173085634,43.67481231689453,12501606
1457,2020-01-31,44.03221735017488,44.889988384638855,44.03221735017488,44.31814193725586,12648920
1458,2020-01-30,45.39035274803739,45.39035274803739,43.81777305235592,44.0322151184082,22625696
1459,2020-01-20,46.462562561035156,46.53404233580222,46.319603011501016,46.462562561035156,3718133
1460,2020-01-17,46.462562561035156,46.60552211056929,46.24811778317671,46.462562561035156,6210195
1461,2020-01-16,46.319603011501016,46.462562561035156,46.03367845887551,46.462562561035156,7655506
1462,2020-01-15,46.1766357421875,46.46256028078062,46.03367619966943,46.1766357421875,7788837
1463,2020-01-14,45.962196428410394,46.1766357421875,45.67627188981727,46.1766357421875,7456035
1464,2020-01-13,45.74775697580792,45.819236755371094,45.03294827306092,45.819236755371094,5858080
1465,2020-01-10,45.10442803507431,45.81923673754318,45.10442803507431,45.74775695800781,7789946
1466,2020-01-09,44.675543213508305,45.39035190492444,44.604063435078196,45.104427337646484,4931541
1467,2020-01-08,44.17517429798799,44.74702067617069,44.17517429798799,44.604061126708984,6623136
1468,2020-01-07,44.675544755235975,44.8185070438085,44.10369832772473,44.74702453613281,13139415
1469,2020-01-06,44.60406719469225,45.24739343512457,43.96073822748093,45.03295135498047,14527954
1470,2020-01-03,45.747756993552564,45.890716552734375,45.39035264204043,45.890716552734375,7229367
1471,2020-01-02,45.962201750171516,45.962201750171516,45.39035260677338,45.74775695800781,8212565
1472,2019-12-31,46.03367994186473,46.105159718934544,45.819235157097886,45.96220016479492,4422115
1473,2019-12-30,46.31960454447711,46.391084321609846,45.96220020525601,46.105159759521484,4703271
1474,2019-12-27,46.105155970928465,46.1766357421875,45.89071120359438,46.1766357421875,5418394
1475,2019-12-26,45.890716552734375,45.96220178588288,45.747756993552564,45.890716552734375,3172355
1476,2019-12-25,45.890716552734375,46.176641124655596,45.747756993552564,45.890716552734375,4336644
1477,2019-12-24,46.03368156547379,46.176641124655596,45.67627721396166,45.890716552734375,6465313
1478,2019-12-23,45.890716552734375,45.96220178588288,45.31887286244953,45.890716552734375,8238558
1479,2019-12-20,45.890716517078545,46.31960610140595,45.53331489262291,45.74775695800781,15020616
1480,2019-12-19,45.0329482905283,45.96220178588288,45.0329482905283,45.890716552734375,18108008
1481,2019-12-18,44.389618608845616,44.96146774291992,44.31813883047571,44.96146774291992,9089449
1482,2019-12-17,44.17517586136152,44.53258020122169,44.17517586136152,44.389617919921875,7079242
1483,2019-12-16,44.53258514404297,44.53258514404297,43.889258896956946,44.53258514404297,14500
1484,2019-12-13,44.74701953569989,44.74701953569989,44.175173172091874,44.461097717285156,7824948
1485,2019-12-12,43.960737566794116,44.60406652433683,43.81777527325363,44.31814193725586,8461881
1486,2019-12-11,44.03221127987419,44.1036937801793,43.817769232516014,43.960731506347656,3499432
1487,2019-12-10,43.960731506347656,43.960731506347656,43.460364911326195,43.960731506347656,3434197
1488,2019-12-09,43.74628945898948,43.960731506347656,43.531847411631304,43.960731506347656,3937265
1489,2019-12-06,43.88925439676683,44.032213952497116,43.67480960961393,43.74629211425781,3277606
1490,2019-12-05,44.103696457141,44.17517623500614,43.60332983174879,43.74629211425781,6802585
1491,2019-12-04,43.96073530338212,43.96073530338212,43.317406378962566,43.88925552368164,5335009
1492,2019-12-03,43.46036870000916,44.0322151184082,43.24592663395688,44.0322151184082,6336268
1493,2019-12-02,43.102960948009624,43.53184777306549,42.53111457471373,43.388885498046875,7636218
1494,2019-11-29,43.603329111018006,43.603329111018006,42.88852043706689,43.102962493896484,9090053
1495,2019-11-28,43.88925711734027,43.88925711734027,43.46037024322769,43.67481231689453,11139010
1496,2019-11-27,44.318135827537475,44.318135827537475,43.817769232516014,43.960731506347656,10545056
1497,2019-11-26,45.032944080893174,45.032944080893174,44.175173172091874,44.461097717285156,23660122
1498,2019-11-25,45.31887480713745,45.390354589795635,44.747025638756256,44.81850814819336,6803005
1499,2019-11-22,45.032948662565346,45.46183279721158,44.96146888238392,45.17591094970703,12776578
1500,2019-11-21,44.88998682470534,45.17591140185039,44.60406497433914,44.74702453613281,9284334
1501,2019-11-20,45.533308793800494,46.10515513382559,45.247384260398725,45.39034652709961,12685403
1502,2019-11-19,45.1759044904375,45.890710370385044,45.03294222373662,45.39034652709961,14283365
1503,2019-11-18,44.818506595242226,45.247390729888465,44.818506595242226,45.17591094970703,12449794
1504,2019-11-15,45.39034303301116,45.60478505316581,44.81849673700604,44.889976501464844,13991863
1505,2019-11-14,44.389618646230346,45.39035190492444,44.389618646230346,45.104427337646484,34091791
1506,2019-11-13,43.60332868345343,43.67480845943614,43.17444457399977,43.5318489074707,7287763
1507,2019-11-12,43.96072919251489,43.96072919251489,43.38888285406551,43.60332489013672,8301378
1508,2019-11-11,44.318136195500024,44.318136195500024,43.388885498046875,43.388885498046875,9456066
1509,2019-11-08,43.8892528847457,44.31813699071862,43.817770382564454,44.175174713134766,8257520
1510,2019-11-07,44.246657574412566,44.246657574412566,43.31740412596521,43.5318489074707,10723752
1511,2019-11-06,44.74702609109837,44.74702609109837,43.60333319633238,44.31814193725586,12227142
1512,2019-11-05,44.31813657422832,45.10442500338221,43.9607322470168,44.604061126708984,22584800
1513,2019-11-04,43.60332983174879,43.88925439676683,43.17444571100046,43.74629211425781,21349262
1514,2019-11-01,41.95926855910086,42.817039489746094,41.74482650813421,42.817039489746094,14040034
1515,2019-10-31,41.88778684394231,42.03074912286341,41.67334478894998,41.816307067871094,8621557
1516,2019-10-30,41.673348575859485,41.74483108520508,41.45890650138055,41.74483108520508,6996430
1517,2019-10-29,41.81630479129928,42.17370910575483,41.31593820570581,41.53038024902344,14441723
1518,2019-10-28,41.67334747314453,41.67334747314453,41.38742562366467,41.67334747314453,10022539
1519,2019-10-25,41.45890047684374,41.67334252016136,41.10149616238819,41.53038024902344,14390990
1520,2019-10-24,41.31594198215216,41.45890426635742,40.95853763502839,41.45890426635742,16063304
1521,2019-10-23,41.31593931115792,41.81630591013924,40.88705521304742,41.601863861083984,20184810
1522,2019-10-22,40.67261579339664,41.67334632927593,40.458171003699356,41.45890426635742,24242946
1523,2019-10-21,39.31447524714706,40.315208435058594,39.242995473772766,40.315208435058594,17727077
1524,2019-10-18,39.171519093953364,39.671885766088664,38.74263493313968,38.885597229003906,25954536
1525,2019-10-17,39.17151411114029,39.314476388818996,38.59966772720411,38.74263000488281,16488807
1526,2019-10-16,39.0285518554959,39.0285518554959,38.52818797350591,38.814109802246094,11126153
1527,2019-10-15,38.67115019057463,38.95707476580584,38.38522834212226,38.59967041015625,10807864
1528,2019-10-14,39.171516816612,39.38595888455168,38.52819061279297,38.52819061279297,11862139
1529,2019-10-09,39.38596117436021,39.38596117436021,38.885597229003906,38.885597229003906,5289295
1530,2019-10-08,39.02855524751199,39.60040440824973,39.02855524751199,39.31447982788086,6464857
1531,2019-10-07,39.38596117436021,39.528923470224434,38.814114717682294,38.885597229003906,6817763
1532,2019-10-04,39.02854919433594,39.38595350097557,39.02854919433594,39.02854919433594,4560705
1533,2019-10-03,39.171519093953364,39.171519093953364,38.599672637275454,38.885597229003906,11694960
1534,2019-10-02,40.17224421411585,40.243723984025046,39.38595311122252,39.457435607910156,9168605
1535,2019-10-01,41.24445912281727,41.24445912281727,39.95780411462999,40.315208435058594,8035093
1536,2019-09-27,41.03002099318738,41.101500773386086,40.45817184448242,40.45817184448242,4857795
1537,2019-09-26,41.1014976275109,41.17297740223861,40.601131024081134,41.0300178527832,7786049
1538,2019-09-25,41.10150032308218,41.17298010249776,40.52965390742114,40.88705825805664,4943373
1539,2019-09-24,41.60186811498893,41.744830404570244,40.601134814698575,41.10150146484375,10781235
1540,2019-09-23,41.10149879985531,41.744827697868864,40.95853651954354,41.315940856933594,12025557
1541,2019-09-20,40.243730889476126,40.60113525390625,40.17225110730166,40.60113525390625,5397802
1542,2019-09-19,40.45817452152185,40.60113681815763,40.1007701433219,40.1722526550293,3128693
1543,2019-09-18,40.38669206428372,40.60113413165866,40.10076748993124,40.45817184448242,4215571
1544,2019-09-17,40.52965048196005,40.52965048196005,40.02928388800428,40.315208435058594,3081811
1545,2019-09-16,40.60113141726562,40.60113141726562,40.315209588807306,40.5296516418457,2363769
1546,2019-09-12,40.601134114402946,40.672616621350095,40.24372976000366,40.38669204711914,2866602
1547,2019-09-11,40.38669204711914,40.38669204711914,40.10076747288818,40.38669204711914,3445467
1548,2019-09-10,40.31521495166508,40.31521495166508,39.886328061757744,40.1722526550293,3736206
1549,2019-09-06,40.386688208432886,40.386688208432886,40.02928388800428,40.315208435058594,2801332
1550,2019-09-05,40.24372863769531,40.31521114264898,40.02928657639182,40.24372863769531,2877645
1551,2019-09-04,39.81484339682366,40.100765228271484,39.67188111771041,40.100765228271484,5537764
1552,2019-09-03,40.10076788923911,40.31521268552824,39.81484603881836,39.81484603881836,2035285
1553,2019-09-02,40.38669359929302,40.458173382208514,39.95780944824219,39.95780944824219,2293603
1554,2019-08-30,39.95780791255153,40.38669204711914,39.81484562543605,40.38669204711914,6298091
1555,2019-08-29,39.314478281381966,39.88632469284631,39.171515996821185,39.67188262939453,4841751
1556,2019-08-28,39.31447982788086,39.528921899768065,39.171517537696424,39.31447982788086,2870796
1557,2019-08-27,39.457438266776656,39.671880317733006,39.10003393958988,39.24299621582031,8459439
1558,2019-08-26,39.528921899768065,39.528921899768065,39.02855524751199,39.31447982788086,4200014
1559,2019-08-23,39.81484337574122,40.0292854309082,39.60040132057423,40.0292854309082,2998542
1560,2019-08-22,40.24372519683964,40.31520769568152,39.52891656909194,39.74335861206055,5591740
1561,2019-08-21,40.10076635456673,40.31521114264898,39.88632429326324,40.24372863769531,4003692
1562,2019-08-20,40.10076520703765,40.315209988983305,39.52891881766612,40.0292854309082,6508912
1563,2019-08-19,40.601131841778525,40.601131841778525,40.0292854521042,40.100765228271484,3796986
1564,2019-08-16,40.172247731217446,40.3152100103307,39.600401341543126,40.100765228271484,7454083
1565,2019-08-15,39.95781057346513,40.31521495166508,39.457443898629414,40.1722526550293,6091281
1566,2019-08-14,39.60040245378484,40.4581706989988,39.457440170656255,40.24372863769531,15084160
1567,2019-08-13,38.67115019057463,38.74263269777185,38.24226605450665,38.59967041015625,5164536
1568,2019-08-12,38.957069396972656,39.242993932799436,38.7426273584918,38.957069396972656,5228431
1569,2019-08-08,38.52818532001095,39.100031664886046,38.45670282266502,38.957069396972656,6484823
1570,2019-08-07,38.242261145528076,38.5281856840565,38.242261145528076,38.456703186035156,7307638
1571,2019-08-06,37.74189718025758,38.31374357013841,37.67041740406448,38.24226379394531,8834402
1572,2019-08-05,39.02855452905927,39.171516816612,38.38522832524024,38.52819061279297,8835757
1573,2019-08-02,39.38595576527213,39.6004005430071,39.171513714315786,39.24299621582031,11400205
1574,2019-08-01,40.45816954124218,40.672614323187844,40.0292854309082,40.0292854309082,10912496
1575,2019-07-31,41.45890582540761,41.60186811498893,40.81557688568112,41.10150146484375,8239553
1576,2019-07-30,41.60186269735353,41.744824968317474,41.387420654296875,41.387420654296875,8222399
1577,2019-07-29,41.1729758844617,41.60186269735353,41.030016340276276,41.387420654296875,15763893
1578,2019-07-26,41.153740594800986,41.557870532067284,41.153740594800986,41.423160552978516,13128506
1579,2019-07-25,41.086386889946176,41.49051425783333,41.086386889946176,41.423160552978516,11168785
1580,2019-07-24,41.62522112628894,41.62522112628894,41.08638381958008,41.08638381958008,10110558
1581,2019-07-23,41.35581384610893,41.490521278612945,41.019040126089735,41.15374755859375,7620822
1582,2019-07-22,41.01903318509136,41.557870532067284,41.01903318509136,41.423160552978516,3444225
1583,2019-07-19,41.557872714630406,41.759936409186096,40.95167906158405,41.01903533935547,8466970
1584,2019-07-18,41.62522664949413,41.62522664949413,41.28845296694259,41.490516662597656,3433019
1585,2019-07-17,41.69258275856701,41.827290175537954,41.49051649435204,41.5578727722168,4842040
1586,2019-07-16,41.557871195518466,41.89464486392724,41.557871195518466,41.69258117675781,6791977
1587,2019-07-15,40.95167691085741,41.423160552978516,40.88432320600259,41.423160552978516,4648723
1588,2019-07-12,40.74961314131141,41.086386803636294,40.74961314131141,40.88432312011719,3045195
1589,2019-07-11,41.153740508349614,41.221096782442075,40.81696684602473,40.88432312011719,4620849
1590,2019-07-10,40.61490538086481,41.08638904774761,40.54755167247267,41.01903533935547,4634199
1591,2019-07-09,40.81696776167664,40.81696776167664,40.41284038557259,40.480194091796875,3269793
1592,2019-07-08,40.81697082519531,41.01903709779262,40.749617113915804,40.81697082519531,2689095
1593,2019-07-05,40.95168081713372,41.08639080907213,40.54755341069788,40.81697082519531,5290070
1594,2019-07-04,40.88432015073662,41.35580375762399,40.88432015073662,41.08638381958008,3804119
1595,2019-07-03,41.153740508349614,41.288450487155394,40.81696684602473,40.88432312011719,4692396
1596,2019-07-02,40.95168208443239,41.355812072753906,40.88432837106854,41.355812072753906,7393843
1597,2019-07-01,41.288452911838405,41.35580918988639,40.749615534350944,40.95167922973633,6927711
1598,2019-06-28,40.95167982864857,41.15374352698911,40.61490614162123,40.6822624206543,4784767
1599,2019-06-27,40.54755247868491,41.221099853515625,40.54755247868491,41.221099853515625,7613658
1600,2019-06-26,40.61490407362462,41.01903401910786,40.480194091796875,40.480194091796875,5635427
1601,2019-06-25,40.81697001021855,41.22109997796467,40.614906311035156,40.614906311035156,6549152
1602,2019-06-24,41.153740508349614,41.288450487155394,40.74961314131141,40.88432312011719,5948009
1603,2019-06-21,40.95167847256219,41.2884521484375,40.95167847256219,41.2884521484375,9659033
1604,2019-06-20,40.749615534350944,41.08638921645302,40.61490554763426,40.95167922973633,8277201
1605,2019-06-19,40.412842611851765,40.614906311035156,40.27813262260306,40.614906311035156,7549922
1606,2019-06-18,39.80664889998059,40.14342258803247,39.80664889998059,40.07606887817383,3010207
1607,2019-06-17,39.60458455871635,40.34548820204208,39.53723084995005,39.80664825439453,3544246
1608,2019-06-14,40.21077964574906,40.41284334861626,39.739295959472656,39.739295959472656,3834275
1609,2019-06-13,40.412841796875,40.74961547851562,40.07606811523437,40.412841796875,4538412
1610,2019-06-12,40.14342182381078,40.412841796875,40.07606811523437,40.412841796875,4766348
1611,2019-06-11,39.874003773777964,40.41284114179268,39.806647496914096,40.1434211730957,6568399
1612,2019-06-10,39.402516093941806,39.67193603515625,38.93103248150602,39.67193603515625,5437881
1613,2019-06-06,39.20045471191406,39.40251839493534,38.99839102889278,39.20045471191406,3504157
1614,2019-06-05,39.402520808257805,39.60458450365507,39.1331008348086,39.2678108215332,3577205
1615,2019-06-04,39.06574390086583,39.469871258295576,38.86368022215097,38.998390197753906,3954885
1616,2019-06-03,39.2004555387907,39.73929289467314,38.796325594844475,39.40251922607422,5251722
1617,2019-05-31,38.19013149723478,39.94135340699171,38.122775227241675,39.67193603515625,11873943
1618,2019-05-30,37.78600599680801,38.32484594214473,37.78600599680801,38.19013595581055,5048621
1619,2019-05-29,38.05542514867512,38.25748883912852,37.85336145822171,37.98807144165039,4655421
1620,2019-05-28,37.92071598314219,38.661619623290534,37.92071598314219,38.19013595581055,14225406
1621,2019-05-27,37.65129644683527,37.92071383486133,37.4492301940918,37.4492301940918,2558319
1622,2019-05-24,37.651300110217775,37.78600753264795,37.5165901184082,37.5165901184082,2529337
1623,2019-05-23,37.92071976782481,37.98807605240404,37.51659233786756,37.651302337646484,3435767
1624,2019-05-22,38.122781262546575,38.32484753513647,37.85336384805902,38.05542755126953,3821952
1625,2019-05-21,37.85336227466474,38.45955335909963,37.58394230199638,38.19013595581055,4602820
1626,2019-05-20,37.98807160873145,38.12277902337338,37.38187796532583,37.92071533203125,6816423
1627,2019-05-17,38.5942625130106,38.99839246329663,37.85336145822171,37.98807144165039,6627683
1628,2019-05-16,38.72897497618477,38.86368496823868,38.59426498413086,38.59426498413086,7230863
1629,2019-05-15,38.66162348815857,39.13310463339161,38.190139773545994,38.72897720336914,11488396
1630,2019-05-14,38.39219732272059,38.93103466600576,38.05542366199497,38.661617279052734,7570833
1631,2019-05-13,39.604583673598896,39.604583673598896,38.86368261621076,39.06574630737305,8234778
1632,2019-05-10,39.60457992553711,39.80664359757669,39.4698699543844,39.60457992553711,4988203
1633,2019-05-09,39.80664359757669,39.873999867842535,39.4698699543844,39.60457992553711,6540923
1634,2019-05-08,39.806647496914096,40.1434211730957,39.60458380508098,40.1434211730957,5359735
1635,2019-05-07,39.671939177188825,40.547550201416016,39.402519214636214,40.547550201416016,7614472
1636,2019-05-06,39.53723445997763,39.6045881748938,39.13310446234206,39.33517074584961,8649829
1637,2019-05-03,40.14342100613113,40.27813098991933,39.94135731513844,40.210777282714844,8233653
1638,2019-05-02,39.874003773777964,40.27813115744419,39.874003773777964,40.1434211730957,8004569
1639,2019-04-30,40.076064224809386,40.076064224809386,39.26780695345843,39.874000549316406,9086051
1640,2019-04-29,39.94135731513844,40.34548726650305,39.87400360793395,40.210777282714844,8983495
1641,2019-04-26,40.14342336520706,40.14342336520706,39.267812273196256,39.739295959472656,7382558
1642,2019-04-25,40.74961707902503,40.74961707902503,40.14342340051092,40.278133392333984,7626675
1643,2019-04-24,40.95167922973633,41.01903550778432,40.54755183896556,40.95167922973633,3620578
1644,2019-04-23,40.210779715541555,40.81697082519531,39.874006020385224,40.81697082519531,5149793
1645,2019-04-22,40.74961707902503,40.74961707902503,40.14342340051092,40.278133392333984,4141125
1646,2019-04-19,40.88432628953257,40.95167999946725,40.34548890191708,40.614906311035156,5964167
1647,2019-04-18,40.88432552106763,41.08638921645302,40.54755183896556,40.95167922973633,6914022
1648,2019-04-17,40.008712111948306,41.42316046596118,39.941355837855845,40.88432312011719,19391883
1649,2019-04-16,39.60458455871635,39.87400453254012,39.53723084995005,39.80664825439453,5864611
1650,2019-04-15,39.80664359757669,39.9413535687294,39.4698699543844,39.60457992553711,7979868
1651,2019-04-12,39.60457992553711,39.671936195802964,39.06574261030525,39.60457992553711,5389019
1652,2019-04-11,39.739292056430514,39.739292056430514,39.20045471191406,39.20045471191406,5258163
1653,2019-04-10,39.53723225660545,39.739295959472656,39.40252226490085,39.739295959472656,4430452
1654,2019-04-09,39.33516855373825,39.739295959472656,39.06574857032905,39.739295959472656,6067155
1655,2019-04-08,39.537230794982406,39.537230794982406,39.065747126135946,39.2678108215332,6540252
1656,2019-04-03,39.06574789219824,39.13310160219167,38.796327913465824,38.93103790283203,4326573
1657,2019-04-02,39.40251998243661,39.40251998243661,38.86368261621076,39.06574630737305,9059223
1658,2019-04-01,39.46987817568194,39.6045881748938,39.13310446234206,39.33517074584961,8961842
1659,2019-03-29,38.66162049347896,38.93103790283203,38.45955422473998,38.93103790283203,9618423
1660,2019-03-28,38.3922004699707,38.3922004699707,38.12278049155251,38.3922004699707,3430559
1661,2019-03-27,38.3922004699707,38.3922004699707,38.05542678163763,38.3922004699707,3431879
1662,2019-03-26,38.05542678163763,38.3922004699707,37.92071679242853,38.3922004699707,5235142
1663,2019-03-25,37.17981582812465,38.0554269067945,37.17981582812465,37.786006927490234,4549512
1664,2019-03-22,37.85336384805902,38.190137543203,37.78600756740259,38.05542755126953,2825247
1665,2019-03-21,38.19014057367435,38.19014057367435,37.65130313256193,37.85336685180664,5077725
1666,2019-03-20,38.32484611127405,38.32484611127405,37.92071615048806,38.122779846191406,4902291
1667,2019-03-19,38.661618027597605,38.661618027597605,38.19013437957731,38.32484436035156,3253635
1668,2019-03-18,38.39220269220255,38.526912689208984,38.25749269519612,38.526912689208984,4582487
1669,2019-03-15,37.92071679242853,38.3922004699707,37.92071679242853,38.3922004699707,7312709
1670,2019-03-14,37.92071533203125,38.12277902337338,37.85336162471029,37.92071533203125,2963053
1671,2019-03-13,37.85336227466474,38.19013595581055,37.85336227466474,38.19013595581055,2458241
1672,2019-03-12,37.92071755933606,38.122781262546575,37.718653856125556,38.05542755126953,2834878
1673,2019-03-11,37.718652400063306,38.1227797908837,37.51658870465311,37.58394241333008,5069240
1674,2019-03-08,38.055424485887805,38.12277819173947,37.51658713093691,37.718650817871094,4745052
1675,2019-03-07,37.78600836835813,38.25749206542969,37.71865465565338,38.25749206542969,6447112
1676,2019-03-06,37.85336162471029,38.190135300073585,37.71865164068912,37.92071533203125,6377982
1677,2019-03-05,37.85336244171338,38.39219982004873,37.71865245478472,38.122779846191406,5247673
1678,2019-03-04,38.52690980697739,38.72897350268074,37.85336244171338,38.122779846191406,7917703
1679,2019-02-27,38.45955640601603,38.526912689208984,38.190138981382646,38.526912689208984,6530339
1680,2019-02-26,38.72897173329515,38.79632543899268,38.32484436035156,38.32484436035156,6984610
1681,2019-02-25,38.0554275852946,38.59426498413086,37.92071759324069,38.59426498413086,7519682
1682,2019-02-22,37.78600452372277,37.92071450480528,37.44923085570606,37.718650817871094,5691761
1683,2019-02-21,38.39220429291906,38.459558009540764,37.78601056580534,37.85336685180664,6951085
1684,2019-02-20,37.78600541300739,38.66161902596153,37.78600541300739,38.45955276489258,8987513
1685,2019-02-19,37.786006927490234,38.0554269067945,37.71865321735384,37.786006927490234,2335649
1686,2019-02-18,38.12277819173947,38.25748817282199,37.718650817871094,37.718650817871094,4807014
1687,2019-02-15,38.39219982004873,38.39219982004873,37.85336244171338,38.122779846191406,5174894
1688,2019-02-14,37.583943104095454,38.3922004699707,37.583943104095454,38.3922004699707,7519150
1689,2019-02-13,38.32485057629735,38.39220429291906,37.44923684393763,37.85336685180664,7590224
1690,2019-02-12,38.055428357936,38.25749206542969,37.92071836314707,38.25749206542969,8350725
1691,2019-02-11,38.32484753513647,38.32484753513647,37.65130014484851,38.05542755126953,9876938
1692,2019-01-30,37.78600976804588,37.78600976804588,37.51659233786756,37.651302337646484,8607778
1693,2019-01-29,37.65129869138634,37.65129869138634,37.179815022509686,37.58394241333008,6137797
1694,2019-01-28,37.71865605284618,37.78600976804588,37.38188233808862,37.651302337646484,5649961
1695,2019-01-25,37.38188233808862,37.71865605284618,37.17981862311,37.651302337646484,11604416
1696,2019-01-24,37.314524191968154,37.44923160637169,37.17981420818539,37.38187789916992,3453720
1697,2019-01-23,36.70832597057611,37.1798095703125,36.573616003597294,37.1798095703125,6540160
1698,2019-01-22,37.1798187955698,37.1798187955698,36.708335078846325,37.045108795166016,7080786
1699,2019-01-21,37.44922693489122,37.651293170048895,36.97774590453374,37.1798095703125,11686296
1700,2019-01-18,37.38187789916992,37.38187789916992,37.17981420818539,37.38187789916992,9399984
1701,2019-01-17,37.04509960333369,37.381873236091266,36.97774590453374,37.1798095703125,14666891
1702,2019-01-16,36.64098294754841,37.17982040308125,36.57362665974452,36.910400390625,22987961
1703,2019-01-15,35.76535949978844,36.23684310913086,35.76535949978844,36.23684310913086,11133854
1704,2019-01-14,35.832718059745226,35.90007176422265,35.63065437693382,35.76536178588867,4529183
1705,2019-01-11,35.900075421544166,35.967431702262644,35.630658006808424,35.83272171020508,7091748
1706,2019-01-10,35.6980103097026,35.90007400512695,35.56330032295995,35.90007400512695,9211090
1707,2019-01-09,35.698008081411245,35.90007176422265,35.563298103077265,35.76536178588867,10510000
1708,2019-01-08,35.42858729654359,35.698007246913434,35.36123359364067,35.563297271728516,7578712
1709,2019-01-07,35.56330026737414,35.69801025390625,35.024462890624996,35.361236572265625,10231318
1710,2019-01-04,34.889749864072655,35.361233491163986,34.48562250906812,35.02445983886719,6337211
1711,2019-01-03,35.22652658573352,35.49594655879773,34.889752904092894,35.361236572265625,4913571
1712,2019-01-02,35.69800959195039,35.69800959195039,35.09181594848633,35.09181594848633,4213011
1713,2018-12-28,34.88974759956825,35.495941162109375,34.88974759956825,35.495941162109375,6739681
1714,2018-12-27,35.02446283418721,35.29388280681729,34.755042861557136,34.8223991394043,4049843
1715,2018-12-26,34.55297554150532,34.889749187269274,34.48562184010414,34.75503921508789,2217757
1716,2018-12-25,34.755043801287854,34.755043801287854,34.28356269050592,34.418270111083984,2578787
1717,2018-12-24,34.55297776687248,35.15917139604079,34.55297776687248,34.88975143432617,3558309
1718,2018-12-21,34.95710517797722,35.02445887883877,34.21620162160516,34.2835578918457,7290947
1719,2018-12-20,34.485625458306345,35.226526528970126,34.485625458306345,34.8223991394043,8052112
1720,2018-12-19,34.21621002701163,34.48563003540039,34.014146305409874,34.48563003540039,4272875
1721,2018-12-18,33.94679118284153,34.216208610698665,33.81208118422321,34.01414489746094,3486551
1722,2018-12-17,34.48562156380936,34.55297526467091,34.21620162160516,34.2835578918457,3200100
1723,2018-12-14,34.41827312958866,34.48562941516424,33.81208197568595,34.216209411621094,3110131
1724,2018-12-13,34.081496420880114,34.418270111083984,33.94678900030204,34.418270111083984,5135083
1725,2018-12-12,34.01414489746094,34.01414489746094,33.74472490022429,34.01414489746094,3724840
1726,2018-12-11,33.23956371527695,33.74472427368164,33.23956371527695,33.74472427368164,4854318
1727,2018-12-10,32.80175949934287,32.970146352451025,32.66704950298046,32.90279006958008,2452717
1728,2018-12-07,33.03749465942383,33.20588148497581,33.00381780818924,33.03749465942383,2520505
1729,2018-12-06,33.5089767136961,33.5089767136961,32.801752593413475,32.86910629272461,6860078
1730,2018-12-05,33.50898361206055,33.64369360779397,33.27324304656165,33.50898361206055,4266109
1731,2018-12-04,33.879432678222656,34.21620636800495,33.67736897822915,33.879432678222656,9413739
1732,2018-12-03,33.879432678222656,34.08149637821616,33.67736897822915,33.879432678222656,12611714
1733,2018-11-30,33.34059140255076,33.6436882019043,33.17220457728535,33.6436882019043,9620518
1734,2018-11-29,33.44162827200054,33.47530512695071,33.104854583740234,33.104854583740234,5767782
1735,2018-11-28,33.30691598837242,33.30691598837242,32.86910919604193,33.27323913574219,9139644
1736,2018-11-27,33.13853224964951,33.340595953674686,32.835435408922045,33.30691909790039,4973854
1737,2018-11-26,33.10485546357516,33.47530601663118,32.86911233389995,33.003822326660156,4518010
1738,2018-11-23,32.70072689192253,33.1385337448807,32.70072689192253,32.93647003173828,3155326
1739,2018-11-22,33.0374953993694,33.0374953993694,32.667044888733805,32.700721740722656,4344140
1740,2018-11-21,33.00381780818924,33.13852778250664,32.63336730585068,33.03749465942383,4052588
1741,2018-11-20,33.306916153894996,33.407946712287774,33.00381933995832,33.20588302612305,2647360
1742,2018-11-19,33.4079442680315,33.54265423874513,33.13852689598322,33.44162368774414,4748120
1743,2018-11-16,33.205885961198106,33.340595953674686,33.00382225717292,33.30691909790039,4184933
1744,2018-11-15,33.20588691905064,33.20588691905064,32.7007263597262,32.90279006958008,5848900
1745,2018-11-14,32.80175785628186,33.34059524536133,32.768081001223024,33.34059524536133,6156180
1746,2018-11-13,32.56601468864409,33.273241490832476,32.56601468864409,32.8017578125,3491150
1747,2018-11-12,33.239562110805466,33.475305234976034,33.13853154562894,33.34059524536133,2064042
1748,2018-11-09,33.67736650606329,33.67736650606329,32.80175549078147,33.27323913574219,3318584
1749,2018-11-08,33.879431859171014,33.879431859171014,33.50898132324219,33.6773681640625,4472488
1750,2018-11-07,33.13852841995262,33.61001205444336,33.07117214680875,33.61001205444336,6798055
1751,2018-11-06,33.27324071750518,33.27324071750518,32.83543390436198,33.13853073120117,2627456
1752,2018-11-05,33.1385291558421,33.27323913574219,32.56601238361153,33.27323913574219,5013317
1753,2018-11-02,33.1722069954782,33.47530381692694,33.003820157937696,33.4079475402832,7167551
1754,2018-11-01,32.59969335536442,33.13853073120117,32.532337077522776,33.13853073120117,4045094
1755,2018-10-31,32.76808264259714,32.90279006958008,32.33027579676417,32.90279006958008,6991024
1756,2018-10-30,32.29659811548184,32.36395182725376,31.926147561977466,32.161888122558594,4086059
1757,2018-10-29,31.993500569770532,32.296597404833705,31.89246743495636,32.19556427001953,4373794
1758,2018-10-26,32.12820782701188,32.33027151007401,31.993497848510742,31.993497848510742,6253161
1759,2018-10-25,32.16188467929238,32.29659465779351,31.65672418694747,31.993497848510742,10073079
1760,2018-10-24,32.46497951333748,32.66704318410564,32.060849602422195,32.59968948364258,5991800
1761,2018-10-23,32.19556269120737,32.59969264126691,32.19556269120737,32.33027267456055,5578492
1762,2018-10-22,32.26292125959588,32.29659811548184,32.027178129635345,32.161888122558594,7601824
1763,2018-10-19,32.667047778006605,32.667047778006605,32.027177256107926,32.26292037963867,11037231
1764,2018-10-18,33.00382222460592,33.00382222460592,32.7344022399186,32.76808166503906,3723564
1765,2018-10-17,32.936468614969755,33.205886031110765,32.86911233389995,33.003822326660156,5847559
1766,2018-10-16,32.56601006403207,32.7343968845687,32.56601006403207,32.59968948364258,7792846
1767,2018-10-15,32.80175628239482,32.936466265545896,32.59969259235781,32.63336944580078,7087051
1768,2018-10-12,32.73440147115043,33.205885148590724,32.33027407298979,33.104854583740234,8980814
1769,2018-10-11,33.20587992803814,33.407943595350474,32.835429443069046,32.86910629272461,20255531
1770,2018-10-09,34.48562331147235,34.48562331147235,34.08149337768555,34.08149337768555,6965549
1771,2018-10-08,34.01413951002284,34.350913168537915,33.74471955545913,34.14884948730469,5591274
1772,2018-10-05,34.68769232117303,34.82240231979136,34.01414489746094,34.01414489746094,6804915
1773,2018-10-04,35.36123812777325,35.36123812777325,34.68769073486328,34.68769073486328,7281181
1774,2018-10-03,35.56330026737414,35.630656545329835,35.29388286368921,35.361236572265625,2429510
1775,2018-10-02,35.90007092500128,35.96742719728328,35.36123359364067,35.563297271728516,4748517
1776,2018-10-01,35.90007400512695,36.30420396535493,35.83272029644527,35.90007400512695,5560195
1777,2018-09-28,35.563301726089946,35.83272171020508,35.563301726089946,35.83272171020508,6101626
1778,2018-09-27,35.563299507313715,35.6980094909668,35.293882109386786,35.6980094909668,4252097
1779,2018-09-26,35.63065719604492,35.6980109058514,35.42859092786683,35.63065719604492,3110438
1780,2018-09-25,35.15917212573371,35.6980094909668,35.15917212573371,35.6980094909668,4535209
1781,2018-09-21,35.159175872802734,35.49594958313728,34.75504587877357,35.159175872802734,8838131
1782,2018-09-20,35.76536700977722,35.83272329347183,35.024465874793016,35.159175872802734,4650788
1783,2018-09-19,35.83271947461988,35.9000731817568,35.563299507313715,35.6980094909668,4976126
1784,2018-09-18,35.15916991555282,35.90007092500128,34.95710623746497,35.563297271728516,14219096
1785,2018-09-17,35.0244644635416,35.22652816772461,34.687690766776775,35.22652816772461,5057989
1786,2018-09-14,35.02445983886719,35.361233491163986,35.02445983886719,35.02445983886719,11865640
1787,2018-09-13,34.21620548567627,35.02446283418721,34.148851777208385,34.8223991394043,9841924
1788,2018-09-12,33.542658988440365,33.879432678222656,33.542658988440365,33.879432678222656,6377627
1789,2018-09-11,33.67737117779045,33.67737117779045,33.40795118061632,33.47530746459961,8568258
1790,2018-09-10,33.67736750809969,33.7447212153642,33.10485328821369,33.4079475402832,11269010
1791,2018-09-07,34.01414426591593,34.216207975401915,33.74472427368164,33.74472427368164,9879477
1792,2018-09-06,34.68768682705299,34.75504053100436,33.81207582878961,34.14884948730469,13692450
1793,2018-09-05,35.02445915945065,35.02445915945065,34.75503921508789,34.75503921508789,8808028
1794,2018-09-04,35.226523516369454,35.226523516369454,34.55297621177586,35.02445983886719,13815036
1795,2018-09-03,35.76536700977722,35.76536700977722,35.09181958910813,35.159175872802734,5564044
1796,2018-08-31,35.83271722209836,35.90007092500128,35.36123359364067,35.563297271728516,5944923
1797,2018-08-30,36.03478541360173,36.1694954056593,35.630658006808424,35.83272171020508,3687242
1798,2018-08-29,36.03478240966797,36.23684609622018,35.83271872311576,36.03478240966797,6627484
1799,2018-08-28,35.02446214208063,35.6980094909668,35.02446214208063,35.6980094909668,9607556
1800,2018-08-27,35.09181654265509,35.15917282050225,34.8223991394043,34.8223991394043,5842595
1801,2018-08-24,35.15917122958505,35.15917122958505,34.88975126914596,34.95710754394531,3943526
1802,2018-08-23,35.226529587117845,35.361239585127564,35.09181958910813,35.159175872802734,2940277
1803,2018-08-22,35.22652816772461,35.293884448705214,35.0244644635416,35.22652816772461,3368799
1804,2018-08-21,35.159172877157104,35.361236572265625,35.024462890624996,35.361236572265625,3430268
1805,2018-08-20,35.428593299442674,35.428593299442674,35.09181958910813,35.159175872802734,3890197
1806,2018-08-17,35.024465874793016,35.29388587081245,34.8897558767833,35.159175872802734,5703659
1807,2018-08-16,34.75504586853193,34.88975586650195,34.485628441971386,34.620338439941406,4748701
1808,2018-08-15,34.88975143432617,35.02446141518348,34.75504145346886,34.88975143432617,4885153
1809,2018-08-14,35.02446283418721,35.15917282050225,34.755042861557136,34.8223991394043,4435480
1810,2018-08-13,35.42858878837623,35.42858878837623,34.75504145346886,34.88975143432617,9730522
1811,2018-08-10,35.428592681884766,35.56330267754635,35.361238968743706,35.428592681884766,5656855
1812,2018-08-09,35.832722668869515,35.967432664531096,35.428592681884766,35.428592681884766,5959703
1813,2018-08-08,35.63065437693382,35.832718059745226,35.563298103077265,35.76536178588867,5729384
1814,2018-08-07,35.63065896006687,35.765366386348994,35.361238968743706,35.428592681884766,5687099
1815,2018-08-06,35.49594896440529,35.63065896006687,35.293885255602646,35.428592681884766,4351255
1816,2018-08-03,35.361238968743706,35.56330267754635,35.226528973082125,35.428592681884766,5459081
1817,2018-08-02,35.900075561254255,35.96743184223486,35.15917445612341,35.22652816772461,6392027
1818,2018-08-01,35.63065660102092,35.90007400512695,35.49594661427826,35.90007400512695,4843428
1819,2018-07-31,35.361237218060346,35.63065719604492,35.159173519261586,35.63065719604492,5570688
1820,2018-07-30,35.49594655879773,35.49594655879773,35.09181659920141,35.361236572265625,15728655
1821,2018-07-27,35.22240560660574,35.34887792074207,34.96946097833309,35.1591682434082,16548409
1822,2018-07-26,35.412115423529,35.412115423529,34.90622854278752,35.0959358215332,12011555
1823,2018-07-25,34.52681015762019,34.906227111816406,34.463575204716896,34.906227111816406,8123398
1824,2018-07-24,34.463574740331595,34.52680969238281,34.337102423970364,34.52680969238281,6702981
1825,2018-07-23,34.27386619446884,34.46357345581055,33.95768662147975,34.46357345581055,5084087
1826,2018-07-20,34.52681463214045,34.590052005497846,34.14740004103263,34.27387237548828,7538463
1827,2018-07-19,34.14739515555791,34.52680969238281,34.14739515555791,34.52680969238281,6254627
1828,2018-07-18,33.95769260756033,34.14739990234375,33.767985312776915,34.14739990234375,6629127
1829,2018-07-17,33.26209304142553,33.70474496502618,33.198858086164975,33.641510009765625,4680949
1830,2018-07-16,33.26209259033203,33.32532995699389,33.009150360461234,33.26209259033203,3297492
1831,2018-07-13,33.072382755419525,33.19885506669678,32.94591044414228,33.1356201171875,4050033
1832,2018-07-12,32.882677702779084,33.009150022549235,32.692970429253286,32.81944274902344,4103207
1833,2018-07-11,32.50326456990791,33.009151458740234,32.440027201142016,33.009151458740234,6479186
1834,2018-07-10,33.19885763592905,33.26209259033203,32.882678039396396,33.26209259033203,4030612
1835,2018-07-09,33.009151458740234,33.07238641524716,32.88267913346741,33.009151458740234,2716452
1836,2018-07-06,32.94591250197371,33.072384821150536,32.56649795670208,32.692970275878906,5596489
1837,2018-07-05,33.19885988140611,33.19885988140611,32.756207933868886,32.94591522216797,6616034
1838,2018-07-04,33.135622342319394,33.19885729607504,32.81944274902344,32.81944274902344,8652119
1839,2018-07-03,33.515034638760554,33.57826958826983,33.1356201171875,33.1356201171875,7281688
1840,2018-07-02,33.83121713602318,33.89445209100003,33.45180258164424,33.515037536621094,5320798
1841,2018-06-29,33.51503910528165,33.894453677418966,33.262094449017425,33.83121871948242,6245813
1842,2018-06-28,33.32533010878556,33.45180243042646,33.135622832453656,33.38856506347656,8066496
1843,2018-06-27,33.89445209100003,33.9576894582358,33.45180258164424,33.515037536621094,6434058
1844,2018-06-26,33.83121728780621,33.95768961058624,33.641510009765625,33.641510009765625,5379098
1845,2018-06-25,34.27387080817793,34.46357809505671,33.89445382216134,33.95769119262695,5780783
1846,2018-06-22,34.08415893312713,34.59004576745792,33.831214309832376,34.46357345581055,5975291
1847,2018-06-21,34.40034457022773,34.46357953106916,34.14739990234375,34.14739990234375,4156448
1848,2018-06-20,33.89445523445978,34.33710719712717,33.57827560573437,34.14739990234375,5720927
1849,2018-06-19,34.08416337574665,34.33710561975185,33.83121871948242,33.83121871948242,8472699
1850,2018-06-15,34.46357824113727,34.65328552882016,34.02092629503783,34.084163665771484,14462637
1851,2018-06-14,34.77975302879964,34.77975302879964,34.46357345581055,34.46357345581055,7708928
1852,2018-06-13,34.779754793750996,35.095934382785096,34.71651984084771,34.906227111816406,6428759
1853,2018-06-12,35.34887755396111,35.34887755396111,34.71651840209961,34.71651840209961,9292997
1854,2018-06-11,35.665059917153144,35.665059917153144,34.84299102568068,34.96946334838867,11459918
1855,2018-06-08,36.04448025191663,36.04448025191663,35.28564860626653,35.53859329223633,9368640
1856,2018-06-07,36.17094788192583,36.297420208431724,35.79153090240811,36.04447555541992,6046805
1857,2018-06-06,36.10771065892564,36.29742035558308,35.72829609012876,36.17094802856445,6711635
1858,2018-06-05,36.55036244918454,36.55036244918454,35.72829594528466,36.04447555541992,10394541
1859,2018-06-04,35.34888290698923,36.36065673828125,35.34888290698923,36.36065673828125,20805287
1860,2018-06-01,33.957693162400666,34.96946702594985,33.831220826392226,34.842994689941406,15769129
1861,2018-05-31,33.9576894582358,33.9576894582358,33.515037536621094,33.515037536621094,13842910
1862,2018-05-30,33.89445239399443,34.02092471733762,33.64151015956696,33.767982482910156,7922270
1863,2018-05-29,34.084163665771484,34.210633582720725,33.894453965829555,34.084163665771484,3804761
1864,2018-05-28,34.02092728895785,34.46357924798935,33.76798503541064,33.89445495605469,8191701
1865,2018-05-25,33.767982482910156,33.83121743845229,33.5782727917659,33.767982482910156,7005722
1866,2018-05-24,33.83121871948242,34.02092600555108,33.64151143341376,33.83121871948242,4233233
1867,2018-05-23,34.65328361201682,34.65328361201682,33.515037536621094,33.515037536621094,12458222
1868,2018-05-22,33.83121958645908,35.03270311611546,33.83121958645908,34.77975845336914,14228448
1869,2018-05-21,33.262095410932154,33.64151240630094,33.262095410932154,33.451805114746094,6268907
1870,2018-05-18,33.51503723246171,33.57827218686469,33.19885763592905,33.26209259033203,6113523
1871,2018-05-17,33.38856774272175,33.704747366066194,33.325332782956494,33.451805114746094,7758055
1872,2018-05-16,33.26209259033203,33.26209259033203,32.945912993799375,33.26209259033203,6101081
1873,2018-05-15,32.88267676943825,33.4518009861205,32.566497185116724,33.198856353759766,9083515
1874,2018-05-14,33.57827445800427,33.57827445800427,32.31355598633166,32.94591522216797,17435546
1875,2018-05-11,33.5150350082896,33.76797963363301,33.5150350082896,33.578269958496094,6220627
1876,2018-05-10,33.1988604511669,33.5782750342766,33.13562549140165,33.451805114746094,5848061
1877,2018-05-09,33.26209001620605,33.32532737797403,33.00914780591025,33.1356201171875,11332813
1878,2018-05-08,33.578272339808464,33.578272339808464,33.32533010878556,33.38856506347656,6605100
1879,2018-05-07,33.578269958496094,33.831214583839504,33.38856269561789,33.578269958496094,3353534
1880,2018-05-04,33.198857787144654,33.578272339808464,33.07238546550376,33.38856506347656,9035040
1881,2018-05-03,33.831215681749725,33.831215681749725,33.26209146238686,33.3253288269043,10122134
1882,2018-05-02,34.21063458218303,34.46357924798935,33.89445495605469,33.89445495605469,7274571
1883,2018-04-30,34.46358081623242,34.46358081623242,34.02092883705832,34.210636138916016,7477744
1884,2018-04-27,34.40034457022773,34.653286825852575,34.14739990234375,34.14739990234375,4905619
1885,2018-04-26,34.33710847757422,34.59005315489062,34.210636138916016,34.210636138916016,3542319
1886,2018-04-25,34.14740004103263,34.40034470994394,34.08416507993437,34.27387237548828,3176823
1887,2018-04-24,34.27386984094124,34.653284403991414,33.894452865632104,34.33710479736328,5863563
1888,2018-04-23,34.210636138916016,34.52681577943191,34.08416621251703,34.210636138916016,4615329
1889,2018-04-20,34.71652419895313,34.71652419895313,34.14739990234375,34.14739990234375,6436170
1890,2018-04-19,33.831214624590025,34.71651840209961,33.831214624590025,34.71651840209961,6804567
1891,2018-04-18,33.95768961058624,34.40034153418689,33.51503768698559,33.641510009765625,12331134
1892,2018-04-17,34.77975511770362,34.77975511770362,34.02092361450195,34.02092361450195,13820134
1893,2018-04-16,35.4121189958498,35.47535395772444,34.77975972806677,34.842994689941406,11047799
1894,2018-04-13,35.91800133962721,35.91800133962721,35.47534942626953,35.47534942626953,10833249
1895,2018-04-12,36.42389384240003,36.48713121824047,35.791534557551,35.918006896972656,9075144
1896,2018-04-11,36.67683636209239,36.92978102604494,36.36065673828125,36.36065673828125,5553371
1897,2018-04-10,36.42388803097758,36.67683266946363,36.42388803097758,36.487125396728516,5668601
1898,2018-04-09,36.67683792114258,36.929782595847236,36.36065828389135,36.67683792114258,6047812
1899,2018-04-03,36.993015145264394,37.11948747436667,36.86654281616211,36.86654281616211,6079271
1900,2018-04-02,37.37243143348832,37.49890376838818,37.245961510847614,37.30919647216797,2509689
1901,2018-03-30,37.309192505780594,37.43566482723502,37.18272018432617,37.18272018432617,3571191
1902,2018-03-29,37.309192505780594,37.37242746037836,36.99301290827398,37.18272018432617,6820448
1903,2018-03-28,37.562133625509794,37.688603522842946,37.30918900632615,37.43566131591797,7256236
1904,2018-03-27,38.00478984200755,38.00478984200755,37.62537525809011,37.81508255004883,10110334
1905,2018-03-26,37.68861049734901,38.13126245670648,37.625375536980414,38.06802749633789,2426889
1906,2018-03-23,37.68860656886924,38.1312584820868,37.68860656886924,37.941551208496094,4365774
1907,2018-03-22,38.70038718412963,38.95332944070668,38.51067988863206,38.637149810791016,3424884
1908,2018-03-21,38.510674806786454,38.70038207725037,38.4474374417926,38.573909759521484,3016456
1909,2018-03-20,38.32096877130818,38.57391343084026,38.32096877130818,38.44744110107422,2396727
1910,2018-03-19,38.19449521859366,38.573909759521484,38.131257853599806,38.573909759521484,2965401
1911,2018-03-16,38.19449728663072,38.4474395235252,37.941552637477294,38.13125991821289,7849616
1912,2018-03-15,37.941555302561696,38.257734930083046,37.941555302561696,38.19449996948242,2241255
1913,2018-03-14,37.941552784817276,38.44743967282972,37.941552784817276,38.25773239135742,3559513
1914,2018-03-13,37.9415551633416,38.06802749633789,37.815082830345304,38.06802749633789,4049331
1915,2018-03-12,37.62537161509196,37.941551208496094,37.562136661314675,37.941551208496094,4336432
1916,2018-03-09,37.30919408311499,37.68860865126002,37.30919408311499,37.4989013671875,2934270
1917,2018-03-08,37.30918755240351,37.4988948032691,37.11948030153792,37.24595260620117,4019849
1918,2018-03-07,37.3091950514474,37.43566738153123,37.11948776245117,37.11948776245117,5662175
1919,2018-03-06,37.815081125142406,37.941553452435656,37.62537384033203,37.62537384033203,3219445
1920,2018-03-05,37.4989013671875,37.62537369398884,37.37242904038616,37.4989013671875,3656117
1921,2018-03-02,36.99301447224113,37.56213873671767,36.86654214543979,37.4989013671875,3670030
1922,2018-03-01,36.99301290827398,37.37242746037836,36.99301290827398,37.18272018432617,8551442
1923,2018-02-27,37.8150824084897,37.9415547400751,37.6886100769043,37.6886100769043,8018963
1924,2018-02-26,38.068025926801724,38.131260884563154,37.68860894345612,37.75184631347656,2848002
1925,2018-02-23,37.8150824084897,37.9415547400751,37.62537511724114,37.6886100769043,4960924
1926,2018-02-22,37.625373985694694,37.87831864125843,37.56213902793326,37.75184631347656,3804667
1927,2018-02-21,38.32096802205641,38.32096802205641,37.56213888281491,37.62537384033203,7654776
1928,2018-02-12,37.43566337641544,37.43566337641544,36.80330420590929,36.993011474609375,9309905
1929,2018-02-09,36.67682987062571,37.62536857417637,36.36065030277548,37.43566131591797,8603373
1930,2018-02-08,37.941553452435656,38.00478840995278,37.62537384033203,37.62537384033203,6064491
1931,2018-02-07,38.44744294475431,38.63715024237092,37.56214141845703,37.56214141845703,8197660
1932,2018-02-06,38.70038271511778,38.890089988708496,37.62537161509196,37.941551208496094,13141598
1933,2018-02-05,39.83862939446746,40.15480899283625,39.52244979609868,39.775394439697266,5863282
1934,2018-02-02,40.15481340885162,40.723937713408304,40.091578447127176,40.47099304199219,3717189
1935,2018-02-01,40.21804837057607,40.97688238482442,40.15481340885162,40.47099304199219,4430376
1936,2018-01-31,40.21803917700569,40.59745368513913,39.71215236207491,40.15480422973633,6816743
1937,2018-01-30,40.78716738250628,41.10334697461873,40.281280517578125,40.281280517578125,5360545
1938,2018-01-29,40.976876276872815,40.976876276872815,40.470987009447676,40.787166595458984,6222070
1939,2018-01-26,41.10334873546935,41.10334873546935,40.47098952415444,40.723934173583984,7057843
1940,2018-01-25,40.470987317689506,41.22981640008913,40.2812800470896,41.04011154174805,6735080
1941,2018-01-24,40.534226740685384,40.59746170043945,40.15481215764279,40.59746170043945,6290805
1942,2018-01-23,41.10335102750837,41.10335102750837,40.470991780931314,40.59746170043945,6758455
1943,2018-01-22,41.10334777832031,41.166582733075714,40.66069827051475,41.10334777832031,6335442
1944,2018-01-19,40.85040313478094,41.166582733075714,40.47098858173077,41.10334777832031,7173544
1945,2018-01-18,40.59745439928973,41.10334363537824,40.2812772451224,40.850399017333984,7849540
1946,2018-01-17,40.09157324476243,40.53422274391278,39.838628606168925,40.281280517578125,6885562
1947,2018-01-16,39.71216242076135,40.154814400542,39.522455118643705,40.09157943725586,4954355
1948,2018-01-15,39.45920838378505,39.71215057373047,39.395971027104814,39.71215057373047,4302663
1949,2018-01-12,39.26950341945311,39.459213099909206,39.2062684674736,39.332740783691406,4535207
1950,2018-01-11,39.143034639528416,39.26950454711914,38.63714536013005,39.26950454711914,6888073
1951,2018-01-10,38.89009124090065,39.269505800298546,38.82685628508732,39.143035888671875,8044295
1952,2018-01-09,39.459211318847835,39.522446267973116,38.51067260841648,38.89008712768555,10794847
1953,2018-01-08,39.079802608476776,39.585689544677734,39.079802608476776,39.585689544677734,3713980
1954,2018-01-05,39.838631205125225,39.838631205125225,39.01656469445539,39.07979965209961,7424266
1955,2018-01-04,39.58568475086887,39.83862939446746,39.332742519529184,39.775394439697266,8196231
1956,2018-01-03,39.20627494559181,39.838634218907806,38.890095308933816,39.585689544677734,12171169
1957,2018-01-02,39.20627084448521,39.269505800298546,38.89009124090065,39.143035888671875,2783538
1958,2017-12-29,39.143035888671875,39.52245044806977,38.89009124090065,39.143035888671875,8411902
1959,2017-12-28,38.89008712768555,39.206266697829335,38.7636148171763,38.89008712768555,4224801
1960,2017-12-27,38.76361846923828,38.95332574674583,38.700383514155405,38.76361846923828,1354622
1961,2017-12-26,38.82685837806644,39.07980062721369,38.57391371666013,38.70038604736328,1438358
1962,2017-12-25,39.016565811128984,39.016565811128984,38.763621148794705,38.82685852050781,964343
1963,2017-12-22,38.826852178560266,38.953322076810835,38.700379868051016,38.89008712768555,2887362
1964,2017-12-21,39.26950388864211,39.26950388864211,38.573909759521484,38.573909759521484,3382277
1965,2017-12-20,38.57391665058751,39.206275939941406,38.57391665058751,39.206275939941406,2780391
1966,2017-12-19,38.63714326351932,38.95332283985666,38.38420104980469,38.38420104980469,3928033
1967,2017-12-18,38.89008934771429,38.89008934771429,38.4474374417926,38.573909759521484,3213218
1968,2017-12-15,39.33274271401984,39.33274271401984,38.700383514155405,38.76361846923828,7498578
1969,2017-12-14,39.0797961512558,39.83862763630382,38.826853931078986,39.332740783691406,8934465
1970,2017-12-13,38.82685852050781,39.07980077058301,38.38420656755237,38.82685852050781,6033797
1971,2017-12-12,38.25773521979587,38.89009447962721,38.13126288537777,38.637149810791016,7734510
1972,2017-12-11,37.87831373124203,38.32096320271115,37.87831373124203,38.004783630371094,6412426
1973,2017-12-08,37.751847590148955,38.00478984200755,37.62537525809011,37.81508255004883,8080480
1974,2017-12-07,37.87831864125843,38.068025926801724,37.68860894345612,37.75184631347656,7014381
1975,2017-12-06,38.447440199809066,38.82685718021309,37.43566640991633,37.4989013671875,14783998
1976,2017-12-05,38.82685809037234,38.89009304912584,38.44744110107422,38.44744110107422,9366204
1977,2017-12-04,39.26950806120418,39.26950806120418,38.763621148794705,38.82685852050781,7832491
1978,2017-12-01,39.016562319678826,39.26950454711914,38.63714536013005,39.26950454711914,15653404
1979,2017-11-30,39.332739008338585,39.585681217098404,38.573907557541766,38.89008712768555,22464600
1980,2017-11-29,40.97687821809221,41.040113173386615,40.21804428100586,40.21804428100586,8334803
1981,2017-11-28,41.103348761927265,41.35629341151964,40.913639068603516,40.913639068603516,3002375
1982,2017-11-27,41.2298186744645,41.54599828032548,40.913639068603516,40.913639068603516,5799596
1983,2017-11-24,41.35629499335752,41.92541927057931,41.229820251464844,41.229820251464844,8000229
1984,2017-11-23,42.24159657121918,42.24159657121918,41.29305776939106,41.356292724609375,9770692
1985,2017-11-22,41.98864778676968,42.74747682362297,41.9254128377848,42.24159240722656,10563645
1986,2017-11-21,41.798943844837495,42.30483315509542,41.73570888718476,41.862178802490234,8653871
1987,2017-11-20,42.05188337552585,42.11511832547278,41.29305432712784,41.7989387512207,8099111
1988,2017-11-17,42.05188847770428,42.05188847770428,41.41952925247565,41.6724739074707,10131784
1989,2017-11-16,41.16658461927409,41.92541858466099,40.470990436057946,41.862178802490234,11841997
1990,2017-11-15,43.37983488511738,43.443069832531755,41.16657795399387,41.293052673339844,41686359
1991,2017-11-14,45.02397496631885,45.78280893231269,44.83427009320891,45.719573974609375,3650924
1992,2017-11-13,45.78280704546677,46.03575169037344,45.150447845458984,45.150447845458984,2897254
1993,2017-11-10,45.782808639331556,45.782808639331556,45.08721446001042,45.46662902832031,2471693
1994,2017-11-09,45.27691962165013,45.719573974609375,45.213684663946815,45.719573974609375,3752629
1995,2017-11-08,45.52986114181989,45.65633104851788,45.27691650390625,45.27691650390625,4822905
1996,2017-11-07,45.65633135774988,46.098985683226296,45.40339154264075,45.52986145019531,3800436
1997,2017-11-06,46.03575358764397,46.09898854534728,45.340154579353445,45.719573974609375,3406841
1998,2017-11-03,45.46663088488476,46.22546005249024,45.340156140605046,46.225460052490234,5557256
1999,2017-11-02,44.77103361549809,45.9725122446241,44.77103361549809,45.59309768676758,4536907
2000,2017-11-01,44.897507979074774,44.897507979074774,44.64456330724674,44.77103805541992,3759937
2001,2017-10-31,44.51808456415524,45.40338832790747,44.32837489173784,44.897499084472656,3990492
2002,2017-10-30,45.087214842725196,45.276919716231426,44.58132553100586,44.58132553100586,3336387
2003,2017-10-27,45.08721513479313,45.08721513479313,44.45485590330665,44.83427047729492,3127558
2004,2017-10-26,45.087211335050725,45.15044628796661,44.960736604701296,45.02397155761719,1851885
2005,2017-10-25,45.34014758598872,45.40338735845581,44.960733073772545,45.08720779418945,2887018
2006,2017-10-24,46.03574648698852,46.03574648698852,44.89749812582273,45.08720779418945,3748211
2007,2017-10-23,45.34015304002394,45.84604233351121,45.34015304002394,45.59309768676758,1930274
2008,2017-10-20,45.65633618198878,45.97251580880177,45.34015655517578,45.34015655517578,6575047
2009,2017-10-19,46.098983806060964,47.17399245005324,45.78280422553177,46.28868865966797,5485909
2010,2017-10-18,46.66811281371316,46.66811281371316,45.213684663946815,45.719573974609375,6764071
2011,2017-10-17,47.047522505383924,47.047522505383924,46.035748813502906,46.09898376464844,7396325
2012,2017-10-16,44.58132509283117,46.79458236694336,44.58132509283117,46.79458236694336,17482550
2013,2017-10-13,44.01219780787907,44.07543276075253,43.569548313247225,43.69601821899414,1992244
2014,2017-10-12,43.948964446691846,44.13867413670053,43.63278484635594,44.01219940185547,4652133
2015,2017-10-11,43.25336745182606,43.88572661099159,43.19013250081301,43.632781982421875,8900504
2016,2017-10-06,43.7592547271971,44.01219937219896,43.379840171953234,43.82249450683594,5243152
2017,2017-10-05,43.9489697913153,44.45485914318097,43.9489697913153,44.13867950439453,2120581
2018,2017-10-03,44.2651469028026,44.45485660505044,43.82249736358183,44.39161682128906,3272912
2019,2017-10-02,43.948967282068296,44.77103622578474,43.948967282068296,44.39161682128906,3555877
2020,2017-09-29,44.64456403174179,44.64456403174179,43.569555189675256,44.13867950439453,5617294
2021,2017-09-28,43.126900800663186,44.20191446724814,42.937195912102375,44.13867950439453,11613930
2022,2017-09-27,43.37984409622193,43.44307905706336,42.68424987792969,42.68424987792969,11314519
2023,2017-09-26,43.31660367723575,43.69601821899414,42.8739541826039,43.69601821899414,6964038
2024,2017-09-25,44.39161330991404,44.58132299715585,43.126894927016004,43.31660461425781,8456160
2025,2017-09-22,46.162226513696595,46.22546147552402,44.77103805541992,44.77103805541992,8351456
2026,2017-09-21,44.454857053238044,46.60487463629298,44.454857053238044,46.225460052490234,11739043
2027,2017-09-20,45.150451673798926,45.59310122152982,44.39161767473681,45.34015655517578,10990207
2028,2017-09-19,44.1386740903501,45.656332310754514,44.07543431073507,45.150447845458984,13150909
2029,2017-09-18,43.948964446691846,44.201909091864145,43.56954989119232,44.01219940185547,7259569
2030,2017-09-15,43.75925697213221,44.3916162048192,43.506317138671875,43.506317138671875,9323420
2031,2017-09-14,44.51809283153312,44.77103750022444,43.63278890337263,44.2651481628418,7443885
2032,2017-09-13,43.6327816977765,44.77103010665592,43.44307202145743,44.51808547973633,12159782
2033,2017-09-12,43.063657415622984,43.44307194305893,42.87395256416375,43.19013214111328,3003709
2034,2017-09-11,42.93718945287918,42.93718945287918,42.68424481499788,42.81071472167969,3333494
2035,2017-09-08,42.87395958497224,42.87395958497224,42.36807024920429,42.68424987792969,4447975
2036,2017-09-07,43.06366346575789,43.25337316838745,42.68424888501693,42.873958587646484,4200865
2037,2017-09-06,43.316603015450866,43.50631269569053,43.000423431396484,43.000423431396484,4302303
2038,2017-09-05,43.75925697213221,43.75925697213221,43.31660743905855,43.506317138671875,4687340
2039,2017-09-04,43.56955209703696,43.75925697213221,43.37984239742364,43.506317138671875,2901645
2040,2017-09-01,43.50631304964452,43.63278295448816,43.44307327270508,43.44307327270508,3439789
2041,2017-08-31,43.69601790690998,43.7592528593318,43.379838320283255,43.44307327270508,7210002
2042,2017-08-30,43.31660743905855,43.63278705540204,43.126897739445226,43.506317138671875,6199134
2043,2017-08-29,44.26514077293471,44.26514077293471,43.1268923661094,43.19013214111328,9937733
2044,2017-08-28,43.63278640404861,44.454855324077016,43.5695514466275,44.3283805847168,6213536
2045,2017-08-25,43.632789336730895,43.94896896960576,43.253374742184725,43.379844665527344,11876148
2046,2017-08-24,43.632781982421875,44.138671239561305,43.50631208039577,43.632781982421875,4144057
2047,2017-08-23,44.26514244389055,44.328377396764004,43.63278326612068,43.69601821899414,3783904
2048,2017-08-22,44.07543845519373,44.45485787048985,43.88573357206395,44.2651481628418,3893240
2049,2017-08-21,43.696019801519554,44.13867413670053,43.56954989119232,44.01219940185547,3572280
2050,2017-08-18,44.012196831652645,44.1386715591119,43.443072619379876,43.88572692871094,6801000
2051,2017-08-17,44.2651481628418,44.51809283153312,44.13867824075527,44.2651481628418,5227000
2052,2017-08-16,44.64456275361964,44.64456275361964,44.01220349415047,44.2651481628418,8764000
2053,2017-08-15,44.64455701560422,45.27691619379838,44.64455701560422,45.02397155761719,4602000
2054,2017-08-14,45.84604498854117,45.90927994775967,43.69602260348527,44.20191192626953,11777000
2055,2017-08-11,44.96073721716432,45.78280608982216,44.58132266998291,45.52986145019531,17697000
2056,2017-08-10,48.18577036752757,48.69165967053511,47.30047132404129,47.869590759277344,8196000
2057,2017-08-09,47.80635482267481,48.501948981664576,47.74311986722444,48.05929946899414,6881000
2058,2017-08-08,48.37547398366348,48.37547398366348,47.74311484662213,48.18576431274414,4367000
2059,2017-08-07,48.43871658315578,48.7548962016157,47.743122387447585,47.99606704711914,5518000
2060,2017-08-04,47.869592305024305,48.31224666557905,47.61665246987086,47.99606704711914,9164000
2061,2017-08-03,47.11075752258301,47.61664678149158,46.79457794189453,47.426937103271484,5312000
2062,2017-08-02,46.85781412550785,47.300468444824226,46.54163453650373,47.30046844482422,7824000
2063,2017-08-01,45.52985955530363,46.9842875542384,45.52985955530363,46.09898376464844,11581000
2064,2017-07-31,46.79457950687045,46.85781446021944,45.27691650390625,45.27691650390625,15327000
2065,2017-07-28,46.72848550638379,47.030349101895226,46.48699370876007,46.668113708496094,10779000
2066,2017-07-27,46.72848129272461,47.39258022175121,46.48698951687698,46.72848129272461,7791000
2067,2017-07-26,48.23780117772449,48.29817297272585,46.486991486248634,46.54736328125,9814000
2068,2017-07-25,47.090722366900295,47.935941381879786,47.090722366900295,47.81519317626953,11185000
2069,2017-07-24,46.12476128931571,47.09072393601941,46.12476128931571,46.78886032104492,9291000
2070,2017-07-21,44.91729563792858,46.66810508976761,44.85692385119042,46.00400161743164,6952000
2071,2017-07-20,45.27954039461812,45.27954039461812,44.917304992675774,44.91730499267578,4521000
2072,2017-07-19,44.85693199863873,45.15879559322964,44.85693199863873,45.098419189453125,3605000
2073,2017-07-18,44.73618276911344,44.79655456542968,44.5550673801647,44.79655456542969,2971000
2074,2017-07-17,44.55506817279761,45.03804715799256,44.55506817279761,44.675811767578125,4275000
2075,2017-07-14,44.67581256666674,44.79655616360692,44.313577169773225,44.55506896972656,3598000
2076,2017-07-13,44.07208497514149,44.675812166581785,44.07208497514149,44.615440368652344,5850000
2077,2017-07-12,44.13245710659218,44.37394890620791,43.6494781134337,43.77022171020508,6269000
2078,2017-07-11,43.468356144313766,43.95133972167969,43.468356144313766,43.95133972167969,6751000
2079,2017-07-10,43.16648970709907,43.58909685480951,43.16648970709907,43.468353271484375,3844000
2080,2017-07-07,43.407986086399475,43.52872968253827,42.864630691629024,43.34761428833008,8331000
2081,2017-07-06,43.3476120570804,43.4683556470041,42.80425669027831,43.226863861083984,5252000
2082,2017-07-05,42.6835106913479,43.407986086399475,42.6835106913479,43.34761428833008,5047000
2083,2017-07-04,43.16649341357687,43.287237007269624,42.62313802981378,42.683509826660156,9094000
2084,2017-07-03,43.22686608611834,43.34761428833008,42.50239529713971,43.34761428833008,4438000
2085,2017-06-30,43.52872506314694,43.709845044207114,43.226861498761636,43.468353271484375,4922000
2086,2017-06-29,44.01170544778894,44.01170544778894,43.589093724356886,43.83058547973633,4383000
2087,2017-06-28,43.468360096447384,43.64948010594519,43.166496484666496,43.58910369873047,7718000
2088,2017-06-27,44.253205309436524,44.31357710782222,43.528729910589355,43.77022171020508,4888000
2089,2017-06-26,43.649478733138814,44.25320593771294,43.649478733138814,44.1324577331543,4889000
2090,2017-06-23,43.52872506314694,43.58909685480951,43.16648970709907,43.468353271484375,2413000
2091,2017-06-22,43.89096507702759,44.313576875659244,43.28723788418774,43.34761428833008,4383000
2092,2017-06-21,43.83059152430182,44.01171151733224,43.28723615128335,43.95133972167969,8567000
2093,2017-06-20,44.43431404694693,44.67580581037966,43.58909517796854,44.072078704833984,5629000
2094,2017-06-19,42.20053100278144,45.03804691977095,42.07978280256671,44.253204345703125,10893000
2095,2017-06-16,41.11382023421191,42.56276639438424,41.11382023421191,42.200531005859375,7110000
2096,2017-06-15,42.01940892243161,42.14015711666038,41.41568176950566,41.5968017578125,3148000
2097,2017-06-14,42.2609009635509,42.442020952966615,41.89866559079214,42.0194091796875,3753000
2098,2017-06-13,42.26090702785254,42.32127883096337,41.89867160311418,42.14016342163086,7500000
2099,2017-06-12,42.20053021183213,42.44202200166252,41.777918428110745,42.32127380371094,7320000
2100,2017-06-09,41.355314585381514,42.562769025830605,41.355314585381514,42.381649017333984,11197000
2101,2017-06-08,41.35530668041897,41.65717023283079,41.05344312800715,41.17418670654297,7302000
2102,2017-06-07,40.570459601719335,41.415678469686874,40.570459601719335,41.17418670654297,17227000
2103,2017-06-06,40.75158444542835,40.872328038393086,40.14785726845904,40.208229064941406,10220000
2104,2017-06-05,41.05344627997599,41.355309855564045,40.75158270438793,40.811954498291016,5987000
2105,2017-06-02,41.355307466843556,41.6571710249957,40.570460373219035,41.053443908691406,10650000
2106,2017-06-01,41.415678469686874,42.26089733765442,41.17418670654297,41.17418670654297,7770000
2107,2017-05-31,42.260904988093486,42.381648588487366,41.05345055986224,41.536434173583984,17559000
2108,2017-05-26,41.17418748952333,42.26089814129998,40.751580350539264,41.053443908691406,17448000
2109,2017-05-25,39.84598795924193,40.6308350190498,39.84598795924193,40.38934326171875,9751000
2110,2017-05-24,39.00077486526814,40.14785742726161,38.759283072310645,39.725250244140625,9148000
2111,2017-05-23,38.75928497314453,38.94040497826335,38.57816957409877,38.75928497314453,4463000
2112,2017-05-22,39.121518755060904,39.18189054513137,38.75927880249348,39.000770568847656,5773000
2113,2017-05-19,38.39704170919896,38.57816167724297,38.21592404419101,38.336669921875,3371000
2114,2017-05-18,38.63853691241515,38.63853691241515,38.3366733427869,38.39704513549805,5436000
2115,2017-05-17,39.24226512087116,39.24226512087116,38.51779207341704,38.698909759521484,5260000
2116,2017-05-16,39.12152218390524,39.12152218390524,38.88003039638529,39.0611457824707,7605000
2117,2017-05-15,38.03481399701842,39.121524810791016,38.03481399701842,39.121524810791016,5640000
2118,2017-05-12,38.09518051147461,38.27630049066755,37.8536910442777,38.09518051147461,5223000
2119,2017-05-11,38.33667228170773,38.33667228170773,38.034808720434434,38.09518051147461,3391000
2120,2017-05-10,38.215928565184335,38.457420349121094,38.15555677071831,38.457420349121094,3348000
2121,2017-05-09,38.215922213534505,38.3366680854344,37.914058685302734,37.914058685302734,4002000
2122,2017-05-08,38.397052877061824,38.397052877061824,38.034817441689,38.15556335449219,2432000
2123,2017-05-05,37.97443692939426,38.33667228170773,37.97443692939426,38.09518051147461,1436000
2124,2017-05-04,38.39705217065195,38.39705217065195,37.97444493817082,38.03481674194336,2780000
2125,2017-05-03,38.155552256867054,38.336669921875,37.97443459185911,38.336669921875,2279000
2126,2017-05-02,37.914058685302734,38.397039869866376,37.61219515707097,37.914058685302734,5325000
2127,2017-04-28,37.431080932617185,37.73294448852539,37.431080932617185,37.73294448852539,3090000
2128,2017-04-27,37.49145929444621,37.793322903267956,37.37071569334676,37.431087493896484,4956000
2129,2017-04-26,38.45741989954329,38.51779169330355,37.491455078125,37.491455078125,8094000
2130,2017-04-25,38.51779547138032,38.75928497314453,38.27630596961611,38.75928497314453,6208000
2131,2017-04-24,37.97444254642002,38.27630615234375,37.97444254642002,38.27630615234375,2356000
2132,2017-04-21,37.37071569334676,37.73295110271823,37.37071569334676,37.431087493896484,2290000
2133,2017-04-20,37.491455870345355,37.793319451597846,37.24996638716517,37.37071228027344,3708000
2134,2017-04-19,37.49145311174573,37.97443664864116,37.43108132115189,37.67257308959961,6520000
2135,2017-04-18,38.578159829234195,38.578159829234195,37.79331281340284,37.914058685302734,6823000
2136,2017-04-17,37.97443798044752,38.39704513549805,37.67257441081927,38.39704513549805,1934000
2137,2017-04-14,38.034817441689,38.27630926729537,37.91407152888581,38.15556335449219,2197000
2138,2017-04-13,38.095178166507026,38.45741579955898,38.095178166507026,38.336669921875,4314000
2139,2017-04-12,37.97443692939426,38.27630049066755,37.91406283531788,38.09518051147461,6316000
2140,2017-04-11,38.15555460555099,38.33667228170773,37.79331695020132,38.09518051147461,6894000
2141,2017-04-10,37.91406388470011,38.5177910239566,37.85369209198897,38.39704513549805,5833000
2142,2017-04-07,37.431080932617185,37.73294448852539,36.82735382080078,37.73294448852539,8041000
2143,2017-04-06,37.85369037149591,37.97443625446642,37.5518268155877,37.73294448852539,5573000
2144,2017-04-05,37.31034358148948,38.03481674194336,37.31034358148948,38.03481674194336,8299000
2145,2017-03-31,37.43108335237075,37.672575133923154,37.24996566772461,37.24996566772461,5860000
2146,2017-03-30,37.97443944277843,37.97443944277843,37.31033818220113,37.37071228027344,8720000
2147,2017-03-29,39.00077050212538,39.121518688132056,37.73294448852539,37.73294448852539,15361000
2148,2017-03-28,40.087484830127906,40.087484830127906,39.24226587468928,39.84599304199219,5080000
2149,2017-03-27,39.00077408655356,39.96673663302367,39.00077408655356,39.84599304199219,3603000
2150,2017-03-24,39.48375701904297,39.66487240263711,39.24226523484477,39.48375701904297,2800000
2151,2017-03-23,38.9404016561152,39.48375701904297,38.9404016561152,39.48375701904297,2640000
2152,2017-03-22,39.84599132929324,39.906363122214024,39.061144203105414,39.18189239501953,6080000
2153,2017-03-21,39.845993679974384,40.26860086142377,39.66487368445446,40.208229064941406,6517000
2154,2017-03-20,39.54412763037033,39.725247614617835,39.48375583764534,39.66487121582031,2454000
2155,2017-03-17,39.96673583984375,40.26859941750442,39.725248662573335,39.96673583984375,4745000
2156,2017-03-16,39.78562045689094,40.32897581789468,39.66487226218308,39.96673583984375,5269000
2157,2017-03-15,39.84599304199219,39.84599304199219,39.24226587468928,39.84599304199219,3329000
2158,2017-03-14,39.18189407917354,39.84599304199219,39.061145882069304,39.84599304199219,5610000
2159,2017-03-13,39.00077241018464,39.18189239501953,38.81965703142229,39.18189239501953,3139000
2160,2017-03-10,38.397044616657794,38.94039995586105,38.155555146040086,38.81965637207031,3351000
2161,2017-03-09,38.39704585731844,38.69890943262137,37.85369280359495,38.517791748046875,4694000
2162,2017-03-08,39.181894129752166,39.181894129752166,38.4574210674462,38.57816696166992,3026000
2163,2017-03-07,38.63853704658739,39.242264187940314,38.63853704658739,39.18189239501953,4817000
2164,2017-03-06,38.27630676361423,38.69891397622723,38.27630676361423,38.63854217529297,1884000
2165,2017-03-03,38.397050365482755,38.69891397622723,37.97444315286975,38.63854217529297,6213000
2166,2017-03-02,37.91406491771133,38.940401543018304,37.91406491771133,38.698909759521484,10295000
2167,2017-03-01,37.85369037149591,38.39704339030897,37.73294448852539,37.73294448852539,5892000
2168,2017-02-24,38.215928565184335,38.759281624487535,37.672575505881134,38.457420349121094,7175000
2169,2017-02-23,37.37071154371752,38.517791748046875,37.37071154371752,38.517791748046875,7298000
2170,2017-02-22,37.91406534470612,37.91406534470612,37.31033818220113,37.37071228027344,4588000
2171,2017-02-21,37.914068807403964,37.974442910990255,37.24996978921075,37.431087493896484,3940000
2172,2017-02-20,38.15555539352013,38.39704486570416,37.97443771362305,37.97443771362305,4929000
2173,2017-02-17,38.397052877061824,38.397052877061824,38.034817441689,38.15556335449219,4135000
2174,2017-02-16,38.698909759521484,38.88002974866227,38.51779207341704,38.698909759521484,8455000
2175,2017-02-15,38.69891397622723,38.69891397622723,38.397050365482755,38.63854217529297,9129000
2176,2017-02-14,38.4574210674462,38.69891055285727,38.39704696881615,38.57816696166992,8291000
2177,2017-02-13,38.457420349121094,38.63853803555549,38.09518267321596,38.457420349121094,8020000
2178,2017-02-10,37.24996943159576,38.39704975228401,37.24996943159576,38.27630615234375,10812000
2179,2017-02-09,37.129215240478516,37.249961116501915,36.94809757796144,37.129215240478516,11475000
2180,2017-02-08,37.31034298827117,37.43108889693312,36.70661574799805,36.887733459472656,8993000
2181,2017-02-07,37.49145929444621,37.73295110271823,37.310341589760476,37.431087493896484,5725000
2182,2017-02-06,37.67257269855821,37.91406216146308,37.431080932617185,37.73294448852539,5443000
2183,2017-02-03,38.03480843923499,38.155554323458844,37.43108132115189,37.67257308959961,6297000
2184,2017-02-02,38.63854043533952,38.63854043533952,37.31034014726743,38.2159309387207,9739000
2185,2017-01-24,38.276301550075765,38.63853691241515,38.276301550075765,38.39704513549805,6520000
2186,2017-01-23,38.336669921875,38.39704170919896,38.276298134551034,38.336669921875,3975000
2187,2017-01-20,38.155559140505076,38.51779453587179,38.03481324103734,38.2159309387207,2782000
2188,2017-01-19,38.09518675473828,38.69891397622723,37.85369724796465,38.63854217529297,4947000
2189,2017-01-18,38.336669921875,38.75927703921485,38.095178166507026,38.336669921875,5389000
2190,2017-01-17,38.45741923124545,38.578165119704,38.21592745432835,38.39704513549805,5305000
2191,2017-01-16,38.638533464566926,38.638533464566926,38.03480637918307,38.336669921875,3554000
2192,2017-01-13,38.33667856454849,38.63854217529297,38.034814953804016,38.63854217529297,5772000
2193,2017-01-12,38.21592404419101,38.39704170919896,38.03480637918307,38.336669921875,7304000
2194,2017-01-11,37.7329531170073,38.33668036687941,37.7329531170073,38.03481674194336,6829000
2195,2017-01-10,37.189587026972205,37.249961116501915,36.76697991544436,37.129215240478516,4979000
2196,2017-01-09,36.46512347765632,37.24996837008502,36.46512347765632,37.18959426879883,4435000
2197,2017-01-06,36.52549784008562,36.585869642573584,36.22363422157251,36.465126037597656,7894000
2198,2017-01-05,36.40474668218449,36.646238463384364,36.16325720402092,36.223628997802734,9542000
2199,2017-01-04,36.28400079158455,36.58586436656624,36.16325720402092,36.223628997802734,3250000
2200,2017-01-03,36.46512077900261,36.706610257166176,36.16325720402092,36.223628997802734,3449000
2201,2016-12-30,36.34437521495309,36.404747009277344,35.98213753989861,36.404747009277344,3176000
2202,2016-12-29,36.22363250293275,36.28400430255636,35.98214069836525,36.04251480102539,3691000
2203,2016-12-28,35.74064359192407,36.28399658203125,35.619897715332684,36.28399658203125,2727000
2204,2016-12-27,35.61990316736065,35.740649062433555,35.37841137721483,35.680274963378906,1156000
2205,2016-12-26,35.31804375729319,35.61990737915039,35.31804375729319,35.61990737915039,1441000
2206,2016-12-23,35.3180431583341,35.55953497293907,35.197297251031614,35.25767135620117,4265000
2207,2016-12-22,35.55952453613281,35.921759848686705,35.31803279240625,35.55952453613281,5000000
2208,2016-12-21,35.80102509165739,36.04251691035782,35.61990737915039,35.61990737915039,3023000
2209,2016-12-20,35.9821403877557,36.28400398934102,35.499159085826484,35.86139678955078,4118000
2210,2016-12-19,36.22363250293275,36.22363250293275,35.801022996457895,36.04251480102539,2586000
2211,2016-12-16,36.827358983144045,36.827358983144045,35.80102228858027,35.92176818847656,7069000
2212,2016-12-15,36.64623675521293,36.94810031612402,36.585862661209,36.827354431152344,4382000
2213,2016-12-14,37.12921799206343,37.12921799206343,36.76698264018461,36.827354431152344,7104000
2214,2016-12-13,36.34437593224258,36.585865417341914,36.10288414410686,36.52549362182617,4982000
2215,2016-12-12,36.28400215187548,36.82735752842749,36.102884460703606,36.70661163330078,6500000
2216,2016-12-09,35.740650490150365,36.34437768659535,35.740650490150365,35.92176818847656,4962000
2217,2016-12-08,35.921764039712805,35.921764039712805,35.61990047635387,35.74064636230469,4644000
2218,2016-12-07,35.61990047635387,35.80101815376199,35.55952868489657,35.74064636230469,2685000
2219,2016-12-06,35.86139503513026,35.86139503513026,35.378411453793184,35.438785552978516,2783000
2220,2016-12-05,35.559531050414066,35.68027464136086,35.378411057921134,35.4991569519043,2503000
2221,2016-12-02,35.80102509165739,35.80102509165739,35.37841556044996,35.61990737915039,4480000
2222,2016-12-01,35.61990737915039,35.80102509165739,35.49916146980018,35.61990737915039,5876000
2223,2016-11-30,35.37841318458506,35.86139678955078,35.37841318458506,35.86139678955078,10593000
2224,2016-11-29,35.68027504061066,35.801020935944926,35.438785552978516,35.438785552978516,6849000
2225,2016-11-28,35.37841137721483,35.86139495750646,35.37841137721483,35.680274963378906,4716000
2226,2016-11-25,35.31803854510827,35.619902122416896,35.31803854510827,35.37841033935547,1693000
2227,2016-11-24,35.8010163420583,35.861390433496595,35.25766333733023,35.31803512573242,1798000
2228,2016-11-23,35.680275678435,35.982139270648624,35.49915798371412,35.801021575927734,4846000
2229,2016-11-22,35.13692157299118,36.10288411878375,35.13692157299118,35.4991569519043,8353000
2230,2016-11-21,35.438787638120694,35.499159437821774,34.653942726823956,35.016178131103516,5974000
2231,2016-11-18,35.076547866975716,35.619903244461725,35.01617607082678,35.438785552978516,5232000
2232,2016-11-17,35.136924033542215,35.197295833243295,34.835060428963736,35.016178131103516,4891000
2233,2016-11-16,35.136924342346454,35.619905653309445,35.01617843884657,35.197296142578125,7453000
2234,2016-11-15,34.71431452652504,35.136924033542215,34.71431452652504,35.016178131103516,6632000
2235,2016-11-14,35.016173985629365,35.19729166632709,34.71431041678773,34.83505630493164,9444000
2236,2016-11-11,36.28400434911851,36.52549615399591,34.89543222866482,35.016178131103516,9961000
2237,2016-11-10,37.9140667129862,38.21593030513264,37.672577221090904,37.853694915771484,4256000
2238,2016-11-09,39.24226765179988,39.483759450871695,37.008476571013205,37.18959426879883,7716000
2239,2016-11-08,39.36301299865045,39.483761206592135,38.578170374358706,38.63854217529297,3719000
2240,2016-11-07,38.155557483405076,38.759282348450945,37.73294800514023,38.57816696166992,2620000
2241,2016-11-04,37.97443591211959,38.034807701542505,37.12921704198197,37.55182647705078,3790000
2242,2016-11-03,38.517790753314294,38.81965662385777,37.97443771362305,37.97443771362305,3450000
2243,2016-11-02,38.69890943262137,38.880029420232184,38.457419954200816,38.517791748046875,2528000
2244,2016-11-01,38.45742350203704,39.302640209037754,38.45742350203704,39.121524810791016,2838000
2245,2016-10-31,38.63854217529297,39.18189759584766,38.27630676361423,38.63854217529297,4309000
2246,2016-10-28,39.061144203105414,39.3026359808611,38.759280632428954,39.18189239501953,2952000
2247,2016-10-27,40.08748161707204,40.08748161707204,38.940399169921875,38.940399169921875,5644000
2248,2016-10-26,40.14785385131836,40.14785385131836,39.72524670583872,40.14785385131836,4585000
2249,2016-10-25,39.66487226218308,40.02711224023401,39.48375687923027,39.96673583984375,5299000
2250,2016-10-24,39.785617147265114,39.90636072585608,39.30263362075668,39.42338180541992,3331000
2251,2016-10-21,39.24226626586297,39.84599343918394,39.00077447532003,39.785621643066406,4672000
2252,2016-10-20,39.66487094622034,39.845990929236784,39.24226379394531,39.24226379394531,2745000
2253,2016-10-19,39.90636483750793,40.14785662564365,39.544129458340734,39.84599304199219,5326000
2254,2016-10-18,40.32897661826362,40.32897661826362,39.48375766282499,39.84599304199219,3541000
2255,2016-10-17,38.698907828702914,40.32897383142245,38.638536037359025,40.14785385131836,5794000
2256,2016-10-14,39.24226352141036,39.24226352141036,38.578164598416365,38.81965637207031,4436000
2257,2016-10-13,39.96673411383009,40.14785409503366,39.00077162824678,39.302635192871094,7231000
2258,2016-10-12,39.84598883707595,40.08748059972722,39.54412528527992,39.9063606262207,3748000
2259,2016-10-11,40.7515813758211,40.811953167755966,39.72524709471089,40.08748245239258,6786000
2260,2016-10-07,40.26859546832388,40.5704590163805,40.14785189153012,40.32897186279297,8923000
2261,2016-10-06,39.96673846380986,40.26860206128901,39.725251270684915,40.02711486816406,5017000
2262,2016-10-05,39.72524709471089,40.14785424432745,39.72524709471089,40.08748245239258,5851000
2263,2016-10-04,39.84599383758295,40.14785742726161,39.54413024790429,39.725250244140625,6992000
2264,2016-10-03,39.966732415365456,40.26859596716149,39.7856170479312,39.9063606262207,3807000
2265,2016-09-30,40.20822736331554,40.44971914509781,38.94040126654938,39.54412841796875,8833000
2266,2016-09-29,40.44972330729167,41.05345052083334,40.14785970052083,40.7515869140625,12743000
2267,2016-09-28,39.84599304199219,39.84599304199219,39.84599304199219,39.84599304199219,0
2268,2016-09-27,39.84599304199219,39.84599304199219,39.84599304199219,39.84599304199219,0
2269,2016-09-26,40.32897661826362,40.32897661826362,39.84599304199219,39.84599304199219,3986000
2270,2016-09-23,40.14785189153012,40.389343651189854,39.72524476667974,40.32897186279297,7393000
2271,2016-09-22,40.63084264126871,41.05344984132371,39.483760033311235,39.6045036315918,11953000
2272,2016-09-21,39.423386654461964,41.23456819253392,39.423386654461964,39.725250244140625,20783000
2273,2016-09-20,38.15556085870912,39.302641197716184,38.034814953804016,38.63854217529297,15907000
2274,2016-09-19,37.129218803388326,39.000772000718605,36.887727028168044,37.97443771362305,19440000
2275,2016-09-14,36.04251368819841,36.465123181625025,35.80102189108707,35.982139587402344,6738000
2276,2016-09-13,36.22362479525358,36.76698008839679,36.04250713188451,36.28399658203125,5502000
2277,2016-09-12,35.86139709911804,36.28400430255636,35.801022996457895,36.04251480102539,4901000
2278,2016-09-09,37.18959228909286,37.551829968417664,37.18959228909286,37.37071228027344,4019000
2279,2016-09-08,37.73295171531584,38.1555612351347,37.67257991378598,37.7933235168457,9049000
2280,2016-09-07,37.431087493896484,37.61220519858222,37.18959568562446,37.431087493896484,4421000
2281,2016-09-06,36.70661101969613,37.43108407530939,36.70661101969613,37.37071228027344,9952000
2282,2016-09-05,36.76698540996189,37.129220789129086,36.40474772775832,36.52549362182617,2880000
2283,2016-09-02,35.61989847938147,36.22362557225234,35.61989847938147,36.16325378417969,5234000
2284,2016-09-01,35.4387896666434,35.68027918230717,34.71431651357877,35.61990737915039,7049000
2285,2016-08-31,36.22363462286481,36.284006426021584,35.4387896666434,35.61990737915039,11926000
2286,2016-08-30,37.00847916909926,37.00847916909926,36.28400602406048,36.465126037597656,4137000
2287,2016-08-29,36.887733459472656,37.068853473983914,35.98214259906298,36.887733459472656,4165000
2288,2016-08-26,37.189587026972205,37.49145056551268,36.94809757796144,37.129215240478516,2474000
2289,2016-08-25,36.64623581749024,37.67257235893275,36.58586172503119,37.55182647705078,5946000
2290,2016-08-24,36.34437593224258,36.70661131140977,36.163258242658976,36.52549362182617,3812000
2291,2016-08-23,36.223627309330176,37.008472107091755,36.1028814243585,36.827354431152344,7812000
2292,2016-08-22,36.58586090676043,36.94809854430461,36.102879693070946,36.16325378417969,5164000
2293,2016-08-19,37.551827778407684,37.551827778407684,36.70660887897904,37.00847244262695,3189000
2294,2016-08-18,37.61220176345362,37.61220176345362,37.06884869902095,37.37071228027344,3384000
2295,2016-08-17,37.310341589760476,37.61220519858222,37.24996978921075,37.431087493896484,7264000
2296,2016-08-16,36.76698440765612,37.37071155850081,36.70661031074986,37.24996566772461,11697000
2297,2016-08-15,35.92176606513212,36.70661091351093,35.80102017237314,36.58586502075195,12124000
2298,2016-08-12,35.61990737915039,35.74065328850061,35.4387896666434,35.61990737915039,6085000
2299,2016-08-11,35.9217710010076,35.982142804164376,35.07655193859276,35.61990737915039,5592000
2300,2016-08-10,35.982142804164376,36.04251691035782,35.4387896666434,35.61990737915039,9756000
2301,2016-08-09,35.74065088830935,35.9821403877557,35.74065088830935,35.86139678955078,5548000
2302,2016-08-08,35.680274963378906,35.740649062433555,35.49915727228774,35.680274963378906,6065000
2303,2016-08-05,35.559531050414066,35.74064873987063,35.378411057921134,35.4991569519043,6373000
2304,2016-08-04,35.61990284588746,35.74064873987063,35.31803926244773,35.4991569519043,6498000
2305,2016-08-03,36.22363001276691,36.22363001276691,35.4991569519043,35.4991569519043,7269000
2306,2016-08-02,36.28400183369046,36.70661131140977,36.28400183369046,36.52549362182617,5670000
2307,2016-08-01,36.70661555058615,36.88773326108669,36.28400602406048,36.465126037597656,12266000
2308,2016-07-29,37.00140349967655,37.28559247330906,36.71721452604404,36.88772964477539,11229000
2309,2016-07-28,36.66037964454064,37.00140556465575,36.43302758567062,36.9445686340332,6911000
2310,2016-07-27,36.94457215699692,37.228761173589206,36.66038314040464,36.83089828491211,5616000
2311,2016-07-26,36.774051666259766,36.94456678597767,36.319351907644744,36.774051666259766,11122000
2312,2016-07-25,37.62662047426342,38.02448766138091,36.20567769499053,36.9445686340332,8679000
2313,2016-07-22,38.30867682186044,38.4223506836129,37.342431651445075,37.39927291870117,9436000
2314,2016-07-21,37.96764836702684,39.21807810839485,37.85397017647911,38.64970016479492,11289000
2315,2016-07-20,37.342428257424714,37.91080618728737,37.228754406003965,37.74029541015625,10293000
2316,2016-07-19,37.797130901428446,38.02448293202117,37.399268100175654,37.910804748535156,8319000
2317,2016-07-18,37.115082580893805,38.081323379860784,37.115082580893805,37.79713439941406,11488000
2318,2016-07-15,36.376190271408596,36.83089438435312,36.31935334138548,36.60354232788086,6977000
2319,2016-07-14,36.94456616996079,36.94456616996079,35.86464721463987,36.26251220703125,8402000
2320,2016-07-13,36.09199804272204,37.17191696166992,35.750972156838344,37.17191696166992,12525000
2321,2016-07-12,34.38687025271482,35.694139266700674,34.38687025271482,35.409950256347656,6954000
2322,2016-07-11,35.694129943847656,36.09199488806263,35.35310408777169,35.694129943847656,7477000
2323,2016-07-08,35.012081146240234,35.012081146240234,35.012081146240234,35.012081146240234,0
2324,2016-07-07,34.27319023868387,35.239433195422116,34.27319023868387,35.012081146240234,7230000
2325,2016-07-06,34.671056026170234,34.89840808050304,33.81848907470703,33.81848907470703,6394000
2326,2016-07-05,35.2394311176083,35.353107135496586,34.89840523213313,34.95524215698242,3978000
2327,2016-07-04,35.23943143348532,35.69413334092461,34.78472952604604,35.35310745239258,5853000
2328,2016-07-01,34.72789053510883,35.296268463134766,34.55737759033899,35.296268463134766,7539000
2329,2016-06-30,34.38686586598881,34.67105484008789,33.76165099024675,34.67105484008789,11741000
2330,2016-06-29,34.15951156616211,34.21635065814652,33.87532261080904,34.15951156616211,6350000
2331,2016-06-28,33.25011294527504,33.70481491088867,33.19327601264459,33.70481491088867,5529000
2332,2016-06-27,33.534300003033685,33.76165205677088,33.25011101995713,33.59113693237305,4062000
2333,2016-06-24,34.27318692953317,34.27318692953317,32.96591819343156,33.647972106933594,9147000
2334,2016-06-23,33.81849312616274,34.21635818481445,33.70481708537795,34.21635818481445,7560000
2335,2016-06-22,33.53430183399594,33.761653900146484,33.42062580092067,33.761653900146484,7911000
2336,2016-06-21,33.70481295924164,33.76165205677088,33.477463073694324,33.59113693237305,6521000
2337,2016-06-20,33.989001942318204,33.989001942318204,33.42062397616509,33.59113693237305,7292000
2338,2016-06-17,33.534295876202265,33.70480881142639,33.07959399287473,33.47745895385742,4897000
2339,2016-06-16,33.36378665174318,33.76165165697696,32.965921646509415,33.2501106262207,7086000
2340,2016-06-15,32.96592712402344,33.30695308906484,32.852251079612905,32.96592712402344,6302000
2341,2016-06-14,32.90909018591327,32.96592712402344,32.738575035202366,32.96592712402344,4352000
2342,2016-06-13,32.96592712402344,33.022764062133604,32.79541414150274,32.96592712402344,7108000
2343,2016-06-08,32.96592712402344,33.19327921284451,32.90909018591327,32.96592712402344,7147000
2344,2016-06-07,32.96592712402344,33.13644010654414,32.738575035202366,32.96592712402344,5160000
2345,2016-06-06,33.07960103815143,33.19327707524138,32.3975469838018,32.68173599243164,3313000
2346,2016-06-03,33.19327921284451,33.19327921284451,32.79541414150274,32.96592712402344,2383000
2347,2016-06-02,32.5112251145715,33.250116150954675,32.5112251145715,32.96592712402344,7387000
2348,2016-06-01,32.6817380970922,33.30695308906484,32.6817380970922,32.96592712402344,7759000
2349,2016-05-31,32.6817380970922,33.19327921284451,32.6817380970922,32.96592712402344,9375000
2350,2016-05-30,32.68172848342794,33.136430359124674,32.28386352912221,32.909080505371094,3853000
2351,2016-05-27,32.738572744075825,32.90908788285366,32.17019472998985,32.51122283935547,2326000
2352,2016-05-26,32.5112210828542,32.62489711316777,32.11335606085168,32.568058013916016,2234000
2353,2016-05-25,32.56805958971679,32.56805958971679,31.999681578837993,32.3407096862793,4606000
2354,2016-05-24,31.885998338251653,32.511215309862,31.6586484861848,32.454376220703125,4289000
2355,2016-05-23,30.97659779748998,32.05651675311876,30.521895878137258,31.999677658081055,6924000
2356,2016-05-20,31.374465715255752,31.715491644519084,31.033437617802438,31.09027671813965,3138000
2357,2016-05-19,31.544982862939374,31.601819802623517,31.033441733021007,31.317630767822266,4262000
2358,2016-05-18,31.090279066898233,31.82917008158266,30.806090048312672,31.7723331451416,8453000
2359,2016-05-17,31.033439759579224,31.488143920898438,30.408224790050497,31.488143920898438,5701000
2360,2016-05-16,30.919763753507983,31.147113650286876,30.408222691423006,31.09027671813965,4159000
2361,2016-05-13,30.408224381889337,31.260791420633897,30.408224381889337,30.91976547241211,10616000
2362,2016-05-12,29.896683291366557,30.919765472412113,29.896683291366557,30.91976547241211,7026000
2363,2016-05-11,29.55565518142178,30.35138522665911,29.385142219782335,30.294546127319336,8920000
2364,2016-05-10,28.703089058632195,29.441980026503536,28.703089058632195,29.214630126953125,3712000
2365,2016-05-09,29.100952012161255,29.214628037902834,28.589410980419085,28.759923934936523,2788000
2366,2016-05-06,28.703085207471663,29.214626207157934,28.532572263639477,28.987274169921875,4481000
2367,2016-05-05,28.98727603202393,28.98727603202393,28.390479606179056,28.873600006103516,6403000
2368,2016-05-04,29.783006137891086,29.783006137891086,28.64625021153173,29.1009521484375,8242000
2369,2016-05-03,29.498815946011263,30.01035479097142,29.271463902791343,29.839841842651367,5701000
2370,2016-04-29,30.692406507638786,30.692406507638786,29.555650711059574,29.55565071105957,6359000
2371,2016-04-28,31.601815338349198,31.658654438194155,30.521898459574544,30.692411422729492,7451000
2372,2016-04-27,31.26078820443368,31.715490144678377,31.090275247865655,31.54497718811035,4310000
2373,2016-04-26,31.0334338624219,31.431298843876483,31.0334338624219,31.203948974609375,3923000
2374,2016-04-25,30.806081992005446,31.147107857848074,30.74924290223862,30.976594924926758,1600000
2375,2016-04-22,31.14711534910864,31.14711534910864,30.806089401245117,30.806089401245117,2294000
2376,2016-04-21,31.033437617802438,31.43130264740298,30.97660068565521,31.09027671813965,3504000
2377,2016-04-20,32.056513780411045,32.056513780411045,30.74924290223862,30.976594924926758,6127000
2378,2016-04-19,31.60181435641789,32.1133553981781,31.60181435641789,31.829166412353516,6585000
2379,2016-04-18,31.431299209594727,31.6586512496969,31.31762318954364,31.431299209594727,4346000
2380,2016-04-15,31.71548817562757,31.829164195678658,31.203949337682296,31.431299209594727,4664000
2381,2016-04-14,32.340711182312724,32.340711182312724,31.715494040510407,31.7723331451416,5167000
2382,2016-04-13,31.772329482464556,32.17019232806706,31.60181435641789,31.829166412353516,4300000
2383,2016-04-12,31.77232924232764,31.886003101246406,31.43130116100171,31.54497718811035,6154000
2384,2016-04-11,31.829166171787023,31.829166171787023,31.374464231542326,31.54497718811035,6659000
2385,2016-04-08,31.43130116100171,32.17019208492307,31.374464231542326,31.54497718811035,8074000
2386,2016-04-07,31.260789871215817,31.43130283687536,30.86292483921689,31.26078987121582,5684000
2387,2016-04-06,31.2607861081996,31.544975072819597,31.03343406922771,31.374462127685547,8101000
2388,2016-04-01,31.60181435641789,32.22703142614591,31.60181435641789,31.829166412353516,7540000
2389,2016-03-31,32.568063219947256,32.68173926843203,31.658659168449606,31.942848205566406,8347000
2390,2016-03-30,31.829168609212367,32.56805958971679,31.772331675400505,32.3407096862793,5813000
2391,2016-03-29,32.113355155463694,32.511220166249004,31.54497718811035,31.54497718811035,4080000
2392,2016-03-28,32.113355484729645,32.22703151300384,31.94284252641331,32.0565185546875,3221000
2393,2016-03-25,32.8522467264007,33.07959878509563,31.99967975857963,32.17019271850586,4006000
2394,2016-03-24,32.9659231180502,33.47746417164075,32.624897194449794,32.79541015625,4731000
2395,2016-03-23,33.19327921284451,33.477468239775746,32.6817380970922,32.96592712402344,4490000
2396,2016-03-22,33.81848898611024,33.8753259154496,33.25011101995713,33.59113693237305,4881000
2397,2016-03-21,34.102673993205066,34.102673993205066,33.306944066087766,33.647972106933594,8585000
2398,2016-03-18,33.591139062863824,34.04584319917746,33.591139062863824,33.875328063964844,8464000
2399,2016-03-17,33.0795997947344,33.5343017578125,32.965923761917374,33.5343017578125,5759000
2400,2016-03-16,33.022758283493246,33.022758283493246,32.68173237812785,32.85224533081055,3211000
2401,2016-03-15,32.9659231180502,33.079599148646984,32.624897194449794,32.79541015625,4911000
2402,2016-03-14,32.681734125653215,32.852247087453414,32.56805809505643,32.79541015625,4338000
2403,2016-03-11,32.45438187418339,32.62489700317383,32.2270319825127,32.62489700317383,5746000
2404,2016-03-10,32.511215309862,32.624891319990205,32.17018727947739,32.454376220703125,2734000
2405,2016-03-09,32.45438373703284,32.51122283935547,32.17019472998985,32.51122283935547,3789000
2406,2016-03-08,32.45438373703284,32.51122283935547,31.999681759402076,32.51122283935547,6478000
2407,2016-03-07,32.62489869171869,32.85224859515618,32.17019454846363,32.3407096862793,7217000
2408,2016-03-04,32.68173562553056,32.68173562553056,32.11335761465176,32.3407096862793,4295000
2409,2016-03-03,32.3975469838018,32.73857292688158,32.22703401226191,32.68173599243164,7277000
2410,2016-03-02,32.39754466711048,32.62489672503283,32.22703170776367,32.22703170776367,4344000
2411,2016-03-01,31.203953595817566,32.340709615072264,31.203953595817566,32.11335754394531,5645000
2412,2016-02-26,31.772335216934383,31.942848205566406,31.54498311996483,31.942848205566406,4793000
2413,2016-02-25,31.658653215218994,31.658653215218994,31.147112177325038,31.54497718811035,3261000
2414,2016-02-24,31.31762339477569,31.658651457163792,31.14711044767652,31.6018123626709,2927000
2415,2016-02-23,32.11336093254189,32.11336093254189,31.147117780579563,31.317630767822266,3941000
2416,2016-02-22,31.94284073123313,32.11335367996668,31.54497573872833,31.999677658081055,3176000
2417,2016-02-19,31.43130513626442,31.71549415588379,31.090279179997236,31.71549415588379,3696000
2418,2016-02-18,31.260786263612967,31.48813830371514,31.033434223510795,31.431299209594727,3880000
2419,2016-02-17,30.74924290223862,30.976594924926758,30.408217036395992,30.976594924926758,3950000
2420,2016-02-16,30.124033433419687,30.692411422729492,30.06719650176469,30.692411422729492,4967000
2421,2016-02-15,29.726170112200556,30.692413183083804,29.385144166331216,30.635576248168945,5667000
2422,2016-02-03,30.124030968960692,30.521895962566052,29.72616597535533,29.896678924560547,5177000
2423,2016-02-02,30.521900420693296,30.919765472412113,30.294548343085374,30.91976547241211,4875000
2424,2016-02-01,30.35138530755938,30.52189826965332,30.294546208068102,30.52189826965332,5244000
2425,2016-01-29,28.75992293722368,30.12403086242052,28.646249083615423,29.95351791381836,9268000
2426,2016-01-28,28.532574185257822,29.38514113002734,28.418898158983914,29.1009521484375,7966000
2427,2016-01-27,28.475736317214544,28.58941234839541,28.27680488879049,28.362062454223633,2466000
2428,2016-01-26,28.475733523032773,28.646248637167254,27.964194685198557,28.390478134155273,4925000
2429,2016-01-25,28.106288819964153,28.987274169921875,27.878936782728097,28.987274169921875,5515000
2430,2016-01-22,27.566335821468396,27.82210638128501,27.28214679238109,27.623172760009766,3198000
2431,2016-01-21,27.793685436122058,27.822103902861198,27.111631393432617,27.111631393432617,4827000
2432,2016-01-20,27.85051996563865,27.878938429924805,26.91269546686672,27.594749450683594,8148000
2433,2016-01-19,28.049451675256574,28.305222192869007,27.992614746093754,27.99261474609375,4101000
2434,2016-01-18,27.793682455650888,28.362060402243422,27.736843360077756,28.021032333374023,5718000
2435,2016-01-15,28.58941234839541,28.70308837957628,27.907358329500163,28.362062454223633,9238000
2436,2016-01-14,28.13470894048403,28.816762924194336,27.992614450885622,28.816762924194336,5034000
2437,2016-01-13,28.703086898877643,28.87359985275776,28.333640358645855,28.816762924194336,3015000
2438,2016-01-12,28.532573746591936,28.98727567650702,27.99261425623472,28.646249771118164,5746000
2439,2016-01-11,28.305219759119776,28.703084733619768,27.31055840696464,28.53257179260254,6594000
2440,2016-01-08,28.390479364336596,28.75992373519355,27.93577743271813,28.58941078186035,8562000
2441,2016-01-07,28.134708991417515,28.27680348127316,27.282142052283653,27.708425521850586,9132000
2442,2016-01-06,28.87360235201879,28.930441453691977,28.276805877685543,28.276805877685547,11475000
2443,2016-01-05,28.81676272381259,29.271464653727676,28.646249771118164,28.646249771118164,4586000
2444,2016-01-04,30.124031907455745,30.124031907455745,28.70308700616066,28.759923934936523,5645000
2445,2015-12-31,30.124032974243164,30.23770900401037,29.95352001368732,30.124032974243164,2047000
2446,2015-12-30,30.18086778922465,30.351382906016585,29.839841892020328,29.95351791381836,3409000
2447,2015-12-29,30.18086624145508,30.46505519728117,29.839840361739636,30.180866241455078,2326000
2448,2015-12-28,30.46505519728117,30.52189428936019,30.18086624145508,30.180866241455078,1687000
2449,2015-12-25,30.124033056422515,30.40822204752084,30.067196125478826,30.35138511657715,1215000
2450,2015-12-24,30.69241095488926,30.69241095488926,30.124032974243164,30.124032974243164,1693000
2451,2015-12-23,30.294546167844654,30.465059129712195,30.12403320597711,30.408222198486328,2001000
2452,2015-12-22,30.521899777120698,30.635575813527733,29.89668266097704,30.067197799682617,3878000
2453,2015-12-21,29.896677602026486,30.578731536865238,29.896677602026486,30.578731536865234,2825000
2454,2015-12-18,30.12403316567989,30.749248081087835,29.839844173550834,30.294546127319336,4224000
2455,2015-12-17,29.66933125160035,30.806087221637224,29.61249215218454,30.408222198486328,7145000
2456,2015-12-16,30.124032453206073,30.124032453206073,29.328302426788824,29.441978454589844,7040000
2457,2015-12-15,29.89668059494953,29.953519693320175,29.38514171875315,29.612491607666016,6463000
2458,2015-12-14,29.498815590529215,29.55565251655438,29.15778752980897,29.32830047607422,4981000
2459,2015-12-11,30.806084774051367,31.09027374398138,29.839841842651367,29.839841842651367,11149000
2460,2015-12-10,30.29454684155842,31.260789871215817,30.124033875898878,31.26078987121582,9912000
2461,2015-12-09,31.090276214146442,31.147113145372305,30.408222198486328,30.408222198486328,9427000
2462,2015-12-08,31.48814592325523,31.772334958056486,31.26079382813812,31.317630767822266,7208000
2463,2015-12-07,32.397542650585855,32.45437957743378,31.886001636195427,31.999677658081055,8047000
2464,2015-12-04,30.976599830832328,32.624896835895704,30.862923801484868,32.17019271850586,13491000
2465,2015-12-03,31.03343780487643,31.544978870045053,30.6355749410675,31.26078987121582,9434000
2466,2015-12-02,30.18087462861724,31.601819802623517,30.18087462861724,31.317630767822266,13912000
2467,2015-12-01,29.271464054744822,29.896678924560547,28.93043815633439,29.896678924560547,7491000
2468,2015-11-30,29.15778711375406,29.15778711375406,28.703085207471663,28.987274169921875,12047000
2469,2015-11-27,29.78300673458805,29.83984366476879,29.555654677485276,29.612491607666016,4251000
2470,2015-11-26,30.010356623500915,30.351384709155074,29.555654677485276,29.612491607666016,4525000
2471,2015-11-25,29.839839660204376,30.010352596053334,29.271461761914768,29.55565071105957,5020000
2472,2015-11-24,30.465056867371125,30.465056867371125,29.896678924560547,29.896678924560547,3006000
2473,2015-11-23,30.351385417381533,30.52189838009245,30.067196423466687,30.465059280395508,4377000
2474,2015-11-20,30.57873293946552,30.635572034753192,30.01035499572754,30.01035499572754,3752000
2475,2015-11-19,30.124029636369297,30.578731536865238,30.01035361919789,30.578731536865234,6329000
2476,2015-11-18,30.69240891177127,30.749245838776414,29.896678924560547,29.896678924560547,5734000
2477,2015-11-17,30.806089221103615,30.919765259123423,30.578737145063997,30.635576248168945,4633000
2478,2015-11-16,30.351385033777575,30.408221964566213,29.72616795415291,30.124032974243164,6410000
2479,2015-11-13,30.692411149938003,30.692411149938003,29.839844173550834,30.294546127319336,9817000
2480,2015-11-12,30.692413362560576,30.976602375176878,30.578737323876037,30.806089401245117,5578000
2481,2015-11-11,31.31762610723985,31.37446520665566,30.12403320597711,30.408222198486328,7476000
2482,2015-11-10,31.601811998467703,31.601811998467703,31.203949182551494,31.374462127685547,5694000
2483,2015-11-09,31.772333145141605,32.11335910016822,31.5449810629971,31.7723331451416,3059000
2484,2015-11-06,32.397544384002686,32.454381313891645,31.60181435641789,31.829166412353516,6060000
2485,2015-11-05,32.681728240959536,32.681728240959536,32.454376220703125,32.454376220703125,3964000
2486,2015-11-04,32.68173599243164,32.85224896397153,32.28387094671185,32.68173599243164,9516000
2487,2015-11-03,31.942842910466037,32.51122089048077,31.942842910466037,32.397544860839844,6662000
2488,2015-11-02,31.5449811777502,31.772333260721755,31.488144241102386,31.71549415588379,4425000
2489,2015-10-30,31.77232924232764,31.829166171787023,31.54497718811035,31.54497718811035,5746000
2490,2015-10-29,32.39754234005338,32.45437926635651,31.6018123626709,31.6018123626709,6921000
2491,2015-10-28,32.45438366724259,32.45438366724259,32.056520792790025,32.283870697021484,4317000
2492,2015-10-27,32.90908026121594,32.90908026121594,32.22702636863627,32.454376220703125,3516000
2493,2015-10-26,32.68173393404402,32.96592292477484,32.51122097324351,32.62489700317383,6126000
2494,2015-10-23,33.250113752527824,33.36378978873858,32.283870697021484,32.283870697021484,9427000
2495,2015-10-22,32.113354423725625,32.85224533081055,32.113354423725625,32.85224533081055,6264000
2496,2015-10-21,32.056520610258595,32.28387051319551,31.942844574695112,32.11335754394531,4589000
2497,2015-10-20,32.511226279800006,32.568063219947256,31.772335216934383,31.942848205566406,7417000
2498,2015-10-19,33.13643588557534,33.193274984635465,32.56805790411371,32.62489700317383,4665000
2499,2015-10-16,33.59113633263537,33.59113633263537,32.85224542346649,33.07959747314453,7222000
2500,2015-10-15,33.420623580409504,33.53429960593199,33.02275857517573,33.2501106262207,6732000
2501,2015-10-14,33.2501106262207,33.36378665174318,32.965921646509415,33.2501106262207,6787000
2502,2015-10-13,33.30694735463274,33.30694735463274,32.909084519980915,33.07959747314453,7751000
2503,2015-10-12,33.079595929899476,33.420621820317,32.85224389082797,33.30694580078125,13256000
2504,2015-10-08,32.511217485017276,32.90908246299028,32.34070454251162,32.73856735229492,12222000
2505,2015-10-07,32.34070986876769,32.79541184639845,32.34070986876769,32.51122283935547,9069000
2506,2015-10-06,32.85224117205706,33.19326920244168,32.454376220703125,32.454376220703125,6887000
2507,2015-10-05,32.568059773488045,32.738572744075825,32.397546802900266,32.51122283935547,5201000
2508,2015-10-02,32.68173385084721,32.68173385084721,32.34070793011434,32.397544860839844,8535000
2509,2015-10-01,32.51122089048077,32.62489692012171,32.11335587083247,32.397544860839844,9380000
2510,2015-09-30,31.6586484861848,32.681728240959536,31.601809397025917,32.454376220703125,8927000
2511,2015-09-29,32.454376220703125,32.454376220703125,32.454376220703125,32.454376220703125,0
2512,2015-09-25,32.85224117205706,32.90908026121594,32.28386328960559,32.454376220703125,3215000
2513,2015-09-24,33.25011400969132,33.420626981231216,32.568059955341695,32.68173599243164,3385000
2514,2015-09-23,34.045836609690134,34.045836609690134,32.68172880114895,33.02275466918945,6454000
2515,2015-09-22,34.500541793329546,34.61421781629104,34.216352820020724,34.443702697753906,2835000
2516,2015-09-21,35.239430463779605,35.239430463779605,34.15951156616211,34.15951156616211,4805000
2517,2015-09-18,35.2394317423317,35.750972747802734,34.8415667567642,35.750972747802734,4913000
2518,2015-09-17,35.23943122433784,35.637296204057016,34.84156624461867,35.182594299316406,5883000
2519,2015-09-16,34.95524421803968,35.239433195422116,34.7278921688578,35.012081146240234,4011000
2520,2015-09-15,35.23943278828605,35.23943278828605,34.67105484008789,34.67105484008789,2378000
2521,2015-09-14,35.2394311176083,35.2394311176083,34.72789012120584,34.95524215698242,4279000
2522,2015-09-11,35.2394311176083,35.353107135496586,34.95524215698242,34.95524215698242,4211000
2523,2015-09-10,34.557377691362056,35.52362060546875,34.04583885555714,35.52362060546875,5115000
2524,2015-09-09,34.10267872688242,34.95524569505448,33.81848973749173,34.55738067626953,6280000
2525,2015-09-08,33.81848680459727,33.81848680459727,33.022756836036734,33.30694580078125,3197000
2526,2015-09-07,33.53430156890633,33.87532749724634,33.30694950455301,33.36378860473633,3250000
2527,2015-09-04,33.306949692178456,33.87532768807358,33.306949692178456,33.5343017578125,3059000
2528,2015-09-03,33.81849075576007,33.81849075576007,33.306949692178456,33.5343017578125,3111000
2529,2015-09-02,33.70481304754063,33.9890020313617,33.250111107064896,33.81848907470703,4965000
2530,2015-09-01,33.81848927014315,34.3300303112532,33.59113721449648,33.9890022277832,6432000
2531,2015-08-31,33.30694822903309,33.9890022277832,32.51122037064954,33.9890022277832,7310000
2532,2015-08-28,33.079595929899476,33.70481078506152,32.3975419808747,33.30694580078125,6820000
2533,2015-08-27,32.1133553981781,32.1133553981781,31.48814049663997,31.829166412353516,9132000
2534,2015-08-26,31.31762909477864,32.11335921698894,30.237712121139122,31.71549415588379,6057000
2535,2015-08-25,30.408219214339614,31.8860009630877,29.441976300993677,31.374462127685547,8609000
2536,2015-08-24,30.124033354973673,31.20395239912607,29.61249229865097,30.465059280395508,10547000
2537,2015-08-21,30.91976543992966,31.26079138779318,30.180872272575193,30.806089401245117,8097000
2538,2015-08-20,31.260785899878726,31.829163825331065,30.521895030428627,31.203948974609375,8297000
2539,2015-08-19,32.454381068599744,32.738570052276415,31.374464231542326,31.54497718811035,6445000
2540,2015-08-18,32.85224533081055,33.193273404365776,32.68173237812785,32.85224533081055,6160000
2541,2015-08-17,32.96592712402344,33.19327921284451,32.79541414150274,32.96592712402344,6446000
2542,2015-08-14,33.36378852622063,33.36378852622063,32.795410534864885,33.136436462402344,4443000
2543,2015-08-13,31.88600330171615,33.9890022277832,31.88600330171615,33.9890022277832,7841000
2544,2015-08-12,32.11335587083247,32.51122089048077,31.658653920458672,32.397544860839844,9259000
2545,2015-08-11,33.98899751955699,34.273186465653936,33.02275466918945,33.02275466918945,7661000
2546,2015-08-10,33.19327389508879,33.87532571590292,33.19327389508879,33.420623779296875,3893000
2547,2015-08-07,33.47746444638947,33.704814341258945,33.193275451660156,33.193275451660156,3739000
2548,2015-08-06,34.55738179529341,34.67105782836868,33.306949767845396,33.761653900146484,5341000
2549,2015-08-05,35.23943863364527,35.23943863364527,34.55738454903346,34.78473663330078,4998000
2550,2015-08-04,35.23944091796875,35.23944091796875,34.50054984848811,35.23944091796875,4629000
2551,2015-08-03,34.38687156992805,34.78473663330078,33.53430450621082,34.78473663330078,7713000
2552,2015-07-31,35.12575676500846,35.12575676500846,34.4437027935327,34.67105484008789,6703000
2553,2015-07-30,34.72789012120584,35.2394311176083,34.671053196356546,34.95524215698242,6367000
2554,2015-07-29,34.95525187830771,35.23944091796875,34.44371073964172,35.23944091796875,6792000
2555,2015-07-28,33.81076982135163,35.03734101920791,33.81076982135163,34.55738067626953,9457000
2556,2015-07-27,34.55738284388788,34.664039800408304,33.49079496952427,33.81077194213867,11849000
2557,2015-07-24,35.19732865553635,35.25065712763775,34.23739988290472,34.66403579711914,5489000
2558,2015-07-23,35.30398467909101,35.57063110134608,34.93068131541451,35.03733825683594,6378000
2559,2015-07-22,35.090676367961336,35.57063674926758,34.93068686172448,35.57063674926758,7750000
2560,2015-07-21,35.57063386756062,35.78395183569404,34.82402708214641,35.197330474853516,7657000
2561,2015-07-20,35.677290871200576,35.7306193400574,35.1973265140864,35.62396240234375,3372000
2562,2015-07-17,35.73062336083615,35.83728031055194,34.71736606372878,35.197330474853516,7709000
2563,2015-07-16,36.21058958778097,36.3172465428452,35.57063565128952,35.73062515258789,3852000
2564,2015-07-15,36.74387849077764,36.74387849077764,35.19732839890368,35.943939208984375,8200000
2565,2015-07-14,36.26391419279995,36.903863992251075,36.050596236749044,36.37057113647461,9208000
2566,2015-07-13,36.21059146883797,36.21059146883797,35.67729852840944,36.050601959228516,5681000
2567,2015-07-10,35.144004821777344,35.144004821777344,35.144004821777344,35.144004821777344,0
2568,2015-07-09,34.664040372115316,35.144004821777344,34.024088450682974,35.144004821777344,8137000
2569,2015-07-08,37.33050212233246,37.54382009105758,34.984012603759766,34.984012603759766,12813000
2570,2015-07-07,37.91712754248016,38.13044553403339,37.703809550926934,37.81047058105469,3587000
2571,2015-07-06,37.437152739456025,38.130435003361235,37.437152739456025,37.86378860473633,4493000
2572,2015-07-03,38.02378857260791,38.077117053320656,37.06385964496952,37.81047058105469,11634000
2573,2015-07-02,38.130440658993194,38.39708709716797,37.86379422081841,38.39708709716797,5454000
2574,2015-07-01,38.34376341851104,38.55708140946857,38.02378846642587,38.45042037963867,2839000
2575,2015-06-30,38.077106484825954,38.93037414550781,38.023778018914804,38.93037414550781,4964000
2576,2015-06-29,38.397085186675994,38.5570746691011,37.97044927934342,38.077110290527344,4629000
2577,2015-06-26,38.82372193114532,38.82372193114532,38.39708601461341,38.55707550048828,3706000
2578,2015-06-25,38.39709288354986,38.66373936190785,38.237103369054125,38.50374984741211,6121000
2579,2015-06-24,38.66374022623118,38.77039719247772,38.1304472575935,38.34376525878906,4587000
2580,2015-06-23,38.39708709716797,38.66373353534275,38.02378371120398,38.39708709716797,5698000
2581,2015-06-22,37.70380383981815,38.50374313544683,37.70380383981815,38.13043975830078,6185000
2582,2015-06-18,37.383826138157374,37.863790493362806,37.330497669512624,37.54381561279297,5138000
2583,2015-06-17,37.86379443577358,37.86379443577358,37.06385511670794,37.330501556396484,6726000
2584,2015-06-16,37.81046686585661,37.86379534132937,37.33050244919797,37.59714889526367,4943000
2585,2015-06-15,38.02378857260791,38.29043504487388,37.703809550926934,37.81047058105469,4255000
2586,2015-06-12,38.13044368310263,38.39709014242502,37.86379722378023,37.9171257019043,4107000
2587,2015-06-11,38.82372312047653,38.82372312047653,37.86379431322395,38.18376922607422,4743000
2588,2015-06-10,38.77038855406584,38.93037803649094,38.077110290527344,38.077110290527344,6535000
2589,2015-06-09,39.09037695804443,39.30369089451795,38.82373046875,38.82373046875,5586000
2590,2015-06-08,39.09037485682569,39.46367829429075,38.823728381864264,39.35702133178711,6425000
2591,2015-06-05,39.35702133178711,39.996971244213604,39.25036030058115,39.35702133178711,5290000
2592,2015-06-04,39.89031141909098,40.05029685136552,39.35701850743843,39.41034698486328,6660000
2593,2015-06-03,40.26361760457357,40.636921040976105,39.996971130371094,39.996971130371094,5340000
2594,2015-06-02,40.583590552233254,40.583590552233254,39.89031219482421,39.89031219482422,8507000
2595,2015-06-01,41.22354330327174,41.276871780185665,40.58358937419868,40.690250396728516,4806000
2596,2015-05-29,41.27686782399416,41.59684272351163,41.223539352191516,41.543514251708984,5732000
2597,2015-05-28,41.650170275921546,41.75683128587398,41.170205902889364,41.2768669128418,5753000
2598,2015-05-27,41.756831205249526,41.756831205249526,41.49018478393555,41.49018478393555,4000000
2599,2015-05-26,42.29012973353017,42.34345821122236,41.97015072997296,42.02348327636719,2923000
2600,2015-05-25,41.86349377458858,42.13014023175156,41.86349377458858,42.02348327636719,4766000
2601,2015-05-22,41.4901828985824,42.13013265317542,41.38352189368268,41.810157775878906,5565000
2602,2015-05-21,41.1168775247297,41.70349884033203,40.530256209127366,41.70349884033203,5070000
2603,2015-05-20,41.7568304562634,41.7568304562634,41.38352303189889,41.436851501464844,3958000
2604,2015-05-19,41.59684753417969,41.75683703679198,41.1168830950449,41.59684753417969,4549000
2605,2015-05-18,41.010225265605314,41.3835286721467,40.42360388302515,41.3302001953125,4494000
2606,2015-05-15,40.95689491427838,41.06355186306537,40.31694101545109,41.010223388671875,7505000
2607,2015-05-14,40.53026207377134,40.53026207377134,39.303686725636894,39.89031219482422,10825000
2608,2015-05-13,39.996966226606986,40.31694114267948,39.996966226606986,40.15695571899414,4270000
2609,2015-05-12,40.53026407877604,40.79691055297852,39.890314168171024,39.996971130371094,11722000
2610,2015-05-11,41.916818717746004,41.970147190941404,41.1702078869054,41.38352584838867,2232000
2611,2015-05-08,41.91682157789267,42.02348260026305,41.3302001953125,41.3302001953125,3679000
2612,2015-05-07,41.863488161111185,42.13013458251953,41.70349868078557,42.13013458251953,2314000
2613,2015-05-06,42.13013458251953,42.503437945010624,41.91681663165255,42.13013458251953,5251000
2614,2015-05-05,42.34345725959031,42.45011421257766,41.810164357249626,42.396785736083984,4432000
2615,2015-05-04,41.54351595852086,42.556773239207075,41.38352646783817,42.29012680053711,6647000
2616,2015-04-30,41.81016760617653,41.97015304808949,41.06355667114257,41.06355667114258,7741000
2617,2015-04-29,42.02347687279458,42.18346228149243,41.06354814580176,41.436851501464844,8594000
2618,2015-04-28,42.130137593837404,42.18346606819051,41.490187764196534,41.65017318725586,6432000
2619,2015-04-27,42.450115166606736,42.503443644298926,41.91682225228077,42.02348327636719,12267000
2620,2015-04-24,42.0768100213132,42.61010291367788,41.33019915826228,41.91682052612305,12985000
2621,2015-04-23,41.330198085766575,42.07680892944336,41.17020859472807,42.07680892944336,8404000
2622,2015-04-22,41.170213632417884,41.33020314303311,40.85023867988969,41.06355667114258,9768000
2623,2015-04-21,41.33020512497681,41.33020512497681,40.850240638817226,41.17021560668945,8904000
2624,2015-04-20,39.73032324450402,41.276873553668096,39.73032324450402,41.22354507446289,10665000
2625,2015-04-17,40.21028245421663,40.263610926471635,39.83697501102837,40.05029296875,6978000
2626,2015-04-16,40.05029936970722,40.42360687255859,39.9969708889291,40.423606872558594,5389000
2627,2015-04-15,39.99696548936582,40.26361192596159,39.94363701578701,40.10362243652344,9482000
2628,2015-04-14,39.890314168171024,39.996971130371094,39.67699617506858,39.996971130371094,4549000
2629,2015-04-13,39.836978912353516,39.99696841348828,39.623665002443204,39.836978912353516,5102000
2630,2015-04-10,39.67699344068956,39.730321918114406,39.090372051612164,39.41034698486328,9307000
2631,2015-04-09,39.46368013476956,39.99697310956375,39.35702316729173,39.676998138427734,6032000
2632,2015-04-08,39.94364101356008,39.99696949247629,39.19703010262676,39.25035858154297,9022000
2633,2015-04-07,39.83697682981906,40.210284290050986,39.5170019129787,39.94363784790039,7498000
2634,2015-04-02,39.57033245626359,40.21028639210063,39.517003978786015,39.836978912353516,7930000
2635,2015-04-01,40.21028736142703,40.21028736142703,39.46367645263672,39.46367645263672,10795000
2636,2015-03-31,40.850237044749036,40.850237044749036,40.21028716530837,40.31694412231445,9082000
2637,2015-03-30,39.996966419604,40.156955912763145,39.517002008828385,39.73031997680664,7366000
2638,2015-03-27,39.46367645263672,39.99696937767235,39.46367645263672,39.46367645263672,8779000
2639,2015-03-26,39.357021219766075,40.21028912347353,39.19703170776367,39.996971130371094,7810000
2640,2015-03-25,40.79690574799608,40.79690574799608,39.73031997680664,39.73031997680664,11902000
2641,2015-03-24,41.06355195886948,41.06355195886948,40.636916025322584,40.796905517578125,6763000
2642,2015-03-23,41.01023015710457,41.17021560668945,40.95690167390961,41.17021560668945,4223000
2643,2015-03-20,41.59684753417969,41.70350449011984,41.33020107562726,41.59684753417969,5224000
2644,2015-03-19,41.49019057823954,41.59684753417969,41.17021157301497,41.59684753417969,5689000
2645,2015-03-18,41.06355195886948,41.22354145112502,40.796905517578125,40.796905517578125,6008000
2646,2015-03-17,41.170210801189064,41.59684675435555,41.063553847248436,41.11688232421875,2922000
2647,2015-03-16,41.170213632417884,41.49019265364834,41.06355667114257,41.06355667114258,4483000
2648,2015-03-13,41.38353162367076,41.756839125538875,41.06355667114257,41.06355667114258,7783000
2649,2015-03-12,41.383522881895665,41.863487243652344,41.27686594315036,41.863487243652344,7200000
2650,2015-03-11,41.38352584838867,41.81016177135522,41.33019737519328,41.38352584838867,5939000
2651,2015-03-10,42.290124062845145,42.5567704842535,41.91681663165255,42.13013458251953,7697000
2652,2015-03-09,41.91682239680526,42.34345835721785,41.54351898297079,42.23679733276367,3297000
2653,2015-03-06,41.54351883973341,42.02348327636719,41.170211358484,42.02348327636719,7355000
2654,2015-03-05,42.130134743698186,42.23679168518897,41.330195476412776,41.70349884033203,5146000
2655,2015-03-04,42.29012878309663,42.55677523426697,42.29012878309663,42.396785736083984,3970000
2656,2015-03-03,42.82342454085834,42.82342454085834,42.130142094107335,42.34346008300781,5088000
2657,2015-03-02,43.67668951544201,43.73001799193568,42.18346776140732,42.396785736083984,7754000
2658,2015-02-26,42.18347057415689,42.66343503200743,42.07681361405777,42.34346008300781,5535000
2659,2015-02-25,42.876747220295506,42.93007569313049,42.396782827377315,42.663429260253906,7383000
2660,2015-02-24,42.823419744883275,43.62335906214484,42.556773305796085,42.716758728027344,13543000
2661,2015-02-13,41.86349087118446,42.39678374852439,41.81016239719082,42.29012680053711,7396000
2662,2015-02-12,41.863487243652344,41.863487243652344,41.43685135126832,41.863487243652344,5266000
2663,2015-02-11,41.54351905620962,41.863493992732124,41.54351905620962,41.59684753417969,5515000
2664,2015-02-10,41.59684471290275,41.81016267901697,41.43685522114164,41.65017318725586,4089000
2665,2015-02-09,42.29012497714912,42.29012497714912,41.596842639018185,41.756832122802734,4279000
2666,2015-02-06,41.86349672230209,42.34346119273137,41.810168240854914,42.1834716796875,8119000
2667,2015-02-05,42.45010947446926,42.503437945010624,41.970145102193925,42.13013458251953,13827000
2668,2015-02-04,42.716753820465634,43.99665739478135,42.450107412012414,43.730010986328125,10394000
2669,2015-02-03,42.130142094107335,42.77009199210655,42.130142094107335,42.34346008300781,5104000
2670,2015-02-02,41.06354889688613,42.13013458251953,41.06354889688613,42.13013458251953,3254000
2671,2015-01-30,41.59684961492365,41.91682456745183,41.06355667114257,41.06355667114258,8644000
2672,2015-01-29,42.66342741023645,42.93007383155043,41.43685224471155,41.49018478393555,8413000
2673,2015-01-28,42.450112288940154,42.93007669303744,42.34345534078599,42.716758728027344,5540000
2674,2015-01-27,42.66343108964768,42.71675956476937,42.290127695094,42.5567741394043,5452000
2675,2015-01-26,42.66343034822013,42.66343034822013,42.183465943062295,42.503440856933594,2561000
2676,2015-01-23,42.396782827377315,43.03673263880046,42.396782827377315,42.663429260253906,10859000
2677,2015-01-22,41.863488161111185,42.13013458251953,41.650170210244205,42.13013458251953,6263000
2678,2015-01-21,41.81015777587891,41.86348624397811,41.5435113666816,41.810157775878906,4020000
2679,2015-01-20,41.4368532394021,41.703499667116915,41.116878339884636,41.543514251708984,4496000
2680,2015-01-19,40.6369122518713,41.65016944843007,40.6369122518713,41.436851501464844,6125000
2681,2015-01-16,41.01022654896026,41.01022654896026,40.31694412231445,40.31694412231445,5603000
2682,2015-01-15,41.116880433387394,41.43685534919667,40.796905517578125,40.796905517578125,4888000
2683,2015-01-14,41.6501780955613,41.81016760617653,40.956899709867265,41.06355667114258,8399000
2684,2015-01-13,41.43685522114164,41.75683420466386,41.38352674678853,41.65017318725586,4133000
2685,2015-01-12,41.223540428802494,42.503440060298736,41.1702078869054,41.38352584838867,2967000
2686,2015-01-09,42.23679150865349,42.34345251839998,41.43685224471155,41.49018478393555,3390000
2687,2015-01-08,41.86348832126971,41.86348832126971,41.1168775247297,41.70349884033203,3336000
2688,2015-01-07,40.583592327373964,41.22354630301501,40.53026384657945,40.85023880004883,5917000
2689,2015-01-06,41.436860226193076,41.75683924836474,40.7435818384598,40.85023880004883,6982000
2690,2015-01-05,41.863487243652344,42.023476720471706,41.43685135126832,41.863487243652344,4211000
2691,2014-12-31,42.396786835093906,42.396786835093906,41.810165441053144,42.23679733276367,1986000
2692,2014-12-30,42.503443644298926,42.66343314607753,42.02348327636719,42.02348327636719,2573000
2693,2014-12-29,41.86349087118446,42.61010171320072,41.86349087118446,42.29012680053711,3741000
2694,2014-12-26,41.863487243652344,42.023476720471706,41.59684082808768,41.863487243652344,2357000
2695,2014-12-25,41.863493992732124,42.02348349534441,41.54351905620962,41.59684753417969,1811000
2696,2014-12-24,41.97014418239765,42.023476720471706,41.27686594315036,41.863487243652344,5905000
2697,2014-12-23,42.023476720471706,42.07680518984436,41.54351235871503,41.863487243652344,2681000
2698,2014-12-22,41.490183889342376,42.023476720471706,41.330194412523014,41.863487243652344,5421000
2699,2014-12-19,40.476934159483456,41.22354507446289,40.26361617396045,41.22354507446289,6675000
2700,2014-12-18,40.26361760457357,40.53026407877604,39.996971130371094,39.996971130371094,4464000
2701,2014-12-17,41.59684997558593,41.86349644978841,39.890314168171024,39.996971130371094,13073000
2702,2014-12-16,40.79691019925204,41.703506576198954,40.690253237976734,41.06355667114258,5935000
2703,2014-12-15,41.06355391061748,41.06355391061748,40.476932525634766,40.476932525634766,7911000
2704,2014-12-12,40.050291744948616,41.59684180529608,40.050291744948616,41.2768669128418,4461000
2705,2014-12-11,40.316941109513316,41.116880433387394,39.99696619370404,40.796905517578125,3046000
2706,2014-12-10,41.11688328067993,41.49019076555999,40.530261882956495,40.74357986450195,5090000
2707,2014-12-09,41.863493992732124,42.02348349534441,41.38352955359733,41.59684753417969,4070000
2708,2014-12-08,41.490184957350465,41.86348832126971,41.1168775247297,41.70349884033203,3601000
2709,2014-12-05,41.11688243025839,41.27687193028393,40.903564453125,40.903564453125,2321000
2710,2014-12-04,41.970150161849745,42.13013966146268,40.9035643476355,41.11688232421875,5445000
2711,2014-12-03,41.916816792015105,42.343452695381266,41.54351342809586,41.70349884033203,4291000
2712,2014-12-02,40.69024931490542,42.29012799199945,40.583588295211364,41.91682052612305,8374000
2713,2014-12-01,40.5302637273615,41.543521134285996,40.26361725547097,41.06355667114258,5291000
2714,2014-11-28,41.11688515178023,41.27687466239546,40.956899709867265,41.06355667114258,5355000
2715,2014-11-27,40.796902539809615,41.2768669128418,40.63691305923172,41.2768669128418,6552000
2716,2014-11-26,40.5302619934082,40.796908453891156,40.26361553292526,40.5302619934082,4961000
2717,2014-11-25,40.5302619934082,40.90356541060349,40.5302619934082,40.5302619934082,8054000
2718,2014-11-24,40.743579975534985,40.743579975534985,40.31694401128143,40.5302619934082,7548000
2719,2014-11-21,40.156954978803974,40.63691530971498,39.62366210561243,40.10362243652344,6799000
2720,2014-11-20,39.357016394462,40.15695571899414,39.250355376636634,40.15695571899414,7413000
2721,2014-11-19,38.66373706508327,39.99696937767235,38.397090602565456,39.46367645263672,11881000
2722,2014-11-18,38.39708709716797,38.55707658755354,38.1837691328878,38.39708709716797,5585000
2723,2014-11-17,38.23709670357061,38.29042924490718,37.59714689454832,38.13043975830078,8667000
2724,2014-11-14,38.02378281303095,38.29042924490718,37.70380383981815,38.13043975830078,15151000
2725,2014-11-13,37.06385784581305,38.66373660174742,37.06385784581305,37.9171257019043,19999000
2726,2014-11-12,41.06355229146965,41.06355229146965,39.14369871236208,39.51700210571289,7754000
2727,2014-11-11,41.06355667114257,41.170213632417884,40.636920688636806,41.06355667114258,3041000
2728,2014-11-10,40.796907498909306,41.11688243025839,40.26361459042683,40.903564453125,3422000
2729,2014-11-07,40.42360216050485,40.5835875841902,40.103623175730554,40.15695571899414,2484000
2730,2014-11-06,41.063554802469085,41.063554802469085,40.530261882956495,40.74357986450195,2316000
2731,2014-11-05,40.74357704306021,41.116880433387394,40.636916025322584,40.796905517578125,2996000
2732,2014-11-04,41.06355195886948,41.5968448414522,40.796905517578125,40.796905517578125,2930000
2733,2014-11-03,41.01022819050492,41.06355667114257,40.74358171861439,41.06355667114258,3481000
2734,2014-10-31,40.743579864501946,40.743579864501946,40.21028694498936,40.74357986450195,3890000
2735,2014-10-30,40.636918950120545,40.636918950120545,40.26361553292526,40.5302619934082,2744000
2736,2014-10-29,40.26361542320021,40.79690834271279,39.89031200702223,40.74357986450195,6844000
2737,2014-10-28,39.35701840085288,40.21028624344575,39.303685854870444,39.62366485595703,10921000
2738,2014-10-27,39.783644684618764,39.94363416262893,38.87704849243164,38.87704849243164,3019000
2739,2014-10-24,39.99696752119316,40.05029599748103,39.30368512334504,39.57033157348633,2525000
2740,2014-10-23,39.57033710224739,39.78365510590557,39.410351651030645,39.676998138427734,1345000
2741,2014-10-22,39.89031056861742,39.89031056861742,39.30368512334504,39.57033157348633,2918000
2742,2014-10-21,39.46367546228813,39.517003939712986,39.19702900646186,39.41034698486328,4721000
2743,2014-10-20,39.30368512334504,39.99696752119316,38.93038172062801,39.57033157348633,8216000
2744,2014-10-17,38.55707081542861,39.197020543764715,38.34375288308286,38.93037414550781,11689000
2745,2014-10-16,38.397086190177006,38.98370752656438,37.917121799059466,38.13043975830078,6194000
2746,2014-10-15,38.3970944583979,39.57033738381238,38.07711948498509,38.82373046875,11270000
2747,2014-10-14,38.39708709716797,38.45041557106257,38.02378371120398,38.39708709716797,4858000
2748,2014-10-13,37.75713638115472,38.45041466281192,37.33050046267209,38.13043975830078,10453000
2749,2014-10-09,39.730318349558154,40.210282740675694,37.86379332642455,38.13043975830078,10557000
2750,2014-10-08,40.21028448616649,40.530259404567445,39.51700210571289,39.51700210571289,7946000
2751,2014-10-07,41.010227553912685,41.010227553912685,40.21028815065835,40.37027359008789,6026000
2752,2014-10-06,41.33020314303311,41.38353162367076,40.85023867988969,41.06355667114258,3880000
2753,2014-10-03,40.31694573610862,41.33020314303311,40.31694573610862,41.06355667114258,4564000
2754,2014-10-02,40.26361444401314,40.79690735055637,39.83697849129778,40.690250396728516,5263000
2755,2014-10-01,40.636925763722715,40.7969152943188,40.26362228393555,40.26362228393555,6589000
2756,2014-09-30,41.543523126459114,42.02348761261869,40.796912155622266,41.17021560668945,6461000
2757,2014-09-29,41.8101606794238,41.91681762302909,41.116878339884636,41.543514251708984,8666000
2758,2014-09-26,39.99696878286509,41.863493992732124,39.99696878286509,41.59684753417969,7304000
2759,2014-09-25,40.69025346731341,41.06355690258325,39.99697100900966,40.210289001464844,4644000
2760,2014-09-24,40.530256357678844,41.22353868601449,40.42359941579714,40.63691329956055,4390000
2761,2014-09-23,41.86349608681418,42.13014255870472,40.690253237976734,41.06355667114258,8018000
2762,2014-09-22,42.290126894594124,42.39678384281862,41.65017299914184,42.07680892944336,6887000
2763,2014-09-19,42.39678967417855,42.39678967417855,42.07681471679314,42.1834716796875,7684000
2764,2014-09-18,42.45010947446926,42.45010947446926,41.863488161111185,42.13013458251953,7260000
2765,2014-09-17,42.23679544780148,42.29012799199945,41.54351712894852,41.91682052612305,8611000
2766,2014-09-16,42.130135663630355,42.45011056379102,41.70349975094839,41.97014617919922,4797000
2767,2014-09-15,42.39678209188118,42.93007494838283,41.916817707289376,41.97014617919922,6847000
2768,2014-09-12,43.19672212600708,43.463368558883666,42.663429260253906,42.663429260253906,4061000
2769,2014-09-11,43.99666903291196,43.99666903291196,43.09007263183594,43.09007263183594,5569000
2770,2014-09-10,43.78334530118355,43.78334530118355,43.09006698784435,43.19672393798828,3970000
2771,2014-09-09,44.156652626178655,44.26330957598946,43.78334516443716,44.049991607666016,2106000
2772,2014-09-05,43.73001380463925,43.99666023027729,43.5700243217758,43.67668533325195,3828000
2773,2014-09-04,43.99665739478135,44.04998586273173,43.463364577874906,43.730010986328125,4448000
2774,2014-09-03,44.10332291124135,44.369969371572196,43.94333747626409,43.996665954589844,5260000
2775,2014-09-02,44.68995038414787,44.68995038414787,43.783349937123,44.10332489013672,3858000
2776,2014-09-01,45.22323349016676,45.5965368426848,44.31663324037793,44.6366081237793,4660000
2777,2014-08-29,44.68995467325915,45.48989416691866,44.58329363288295,45.00992965698242,5008000
2778,2014-08-28,44.7966023278534,45.0632487702811,44.58328436017088,44.90325927734375,3181000
2779,2014-08-27,45.0632487702811,45.5965416551365,44.5299558854257,44.90325927734375,5505000
2780,2014-08-26,44.796597599830676,45.00991554499872,44.58327965466263,44.6366081237793,1752000
2781,2014-08-25,44.7966023278534,45.00992029553592,44.5299558854257,44.90325927734375,1913000
2782,2014-08-22,44.529965147046184,45.00992965698242,44.316647134996444,45.00992965698242,5450000
2783,2014-08-21,44.423293275787024,44.52995021168779,43.730010986328125,43.730010986328125,4393000
2784,2014-08-20,44.31663217914042,44.79659652709961,43.730010895502,44.79659652709961,5432000
2785,2014-08-19,43.94333176338511,44.31663513183593,43.83667075189805,44.31663513183594,2242000
2786,2014-08-18,44.476621743737404,44.476621743737404,43.51669304582529,43.730010986328125,1831000
2787,2014-08-15,44.58328634972021,44.79660432692214,43.78334698673946,43.943336486816406,5254000
2788,2014-08-14,45.06325814281919,45.5965511385922,44.42330817537265,45.00992965698242,5788000
2789,2014-08-13,44.15665341789408,44.52995681762695,43.99666392160747,44.52995681762695,2605000
2790,2014-08-12,44.26331131190383,44.58328624258683,43.783346881528324,44.156654357910156,3778000
2791,2014-08-11,44.26330488948023,44.26330488948023,43.09006229097457,43.57002258300781,5075000
2792,2014-08-08,44.1566468673338,44.209975335284184,43.30337510532246,43.730010986328125,6538000
2793,2014-08-07,44.10332213326848,44.10332213326848,43.463372267243855,43.516700744628906,4951000
2794,2014-08-06,44.20998592027615,44.58328935400844,43.783349937123,44.10332489013672,5578000
2795,2014-08-05,44.84993370139132,45.00992320466929,43.25005494341991,44.209983825683594,8067000
2796,2014-08-04,43.73001930935381,44.84993362426758,43.41004437205017,44.84993362426758,8170000
2797,2014-08-01,42.503436893247134,42.93007278442383,42.236790478437044,42.93007278442383,8153000
2798,2014-07-31,44.15476421389469,44.562191519132654,42.57599020574836,42.98341751098633,9273000
2799,2014-07-30,45.07146004001076,45.07146004001076,44.00196854497763,44.15475082397461,4354000
2800,2014-07-29,45.32610016829905,45.42795501896624,43.900108945877506,44.664031982421875,4491000
2801,2014-07-28,43.69640697266032,45.12239456176758,43.69640697266032,45.12239456176758,5780000
2802,2014-07-25,45.32610458601289,45.32610458601289,43.33990372030955,43.69640350341797,7183000
2803,2014-07-24,45.07146453857421,45.17331940140496,44.8168234959834,45.07146453857422,3913000
2804,2014-07-23,44.664031982421875,44.664031982421875,44.664031982421875,44.664031982421875,0
2805,2014-07-22,44.409390970240416,44.71496329326896,44.409390970240416,44.664031982421875,2653000
2806,2014-07-21,44.0019773717763,44.66404181793384,44.0019773717763,44.10383224487305,1955000
2807,2014-07-18,43.543618616613564,44.052900705696764,43.543618616613564,43.64547348022461,2759000
2808,2014-07-17,44.10382705960805,44.61310913624443,43.696403729607276,44.00197219848633,5763000
2809,2014-07-16,44.5621843282887,44.5621843282887,43.798261168375184,44.05290222167969,5727000
2810,2014-07-15,44.5112497064211,44.664031982421875,44.001967682058186,44.664031982421875,7939000
2811,2014-07-14,43.33990500387749,44.765896407516045,43.288977572071964,43.64547348022461,7339000
2812,2014-07-11,44.46033679877736,44.46033679877736,43.08527255268795,43.28898620605469,6534000
2813,2014-07-10,44.81681797862425,44.81681797862425,44.103822370043446,44.51124954223633,4149000
2814,2014-07-09,45.02053804342535,45.02053804342535,44.20568746729155,44.56218338012695,4723000
2815,2014-07-08,44.052894099431555,45.020530700683594,43.64546693505804,45.020530700683594,7694000
2816,2014-07-07,44.154750570660745,44.307536734294764,43.696399850785774,43.84918212890625,5569000
2817,2014-07-04,44.30753967263327,44.66403556406963,43.951043781196915,44.35846710205078,3677000
2818,2014-07-03,44.56218576979363,44.76589939612982,44.154758517121245,44.30754470825195,5462000
2819,2014-07-02,45.427964090778865,45.427964090778865,44.460331159667064,44.765899658203125,3744000
2820,2014-07-01,45.224253518561014,46.3446726211299,44.30754415426705,45.42796325683594,9180000
2821,2014-06-30,43.798262585168594,45.58075001596034,43.798262585168594,44.30754470825195,10010000
2822,2014-06-27,43.5436134338379,43.95104061081606,43.33989984534881,43.54361343383789,4165000
2823,2014-06-26,43.288977572071964,43.64547348022461,43.034336527530364,43.64547348022461,3453000
2824,2014-06-25,43.543616785391386,43.59454421505516,42.77969368389329,42.93247985839844,3509000
2825,2014-06-24,43.03434137487588,43.74733715700629,43.03434137487588,43.441768646240234,6532000
2826,2014-06-23,42.83062725363983,42.932486013083405,42.52505874633788,42.52505874633789,6108000
2827,2014-06-20,42.83062725363983,43.28898195734995,42.52505874633788,42.52505874633789,7857000
2828,2014-06-19,43.74732640638242,43.79825383140927,42.77968978881836,42.77968978881836,8629000
2829,2014-06-18,43.23804499386103,43.90010929955864,42.93247655388417,43.54361343383789,10568000
2830,2014-06-17,42.77968978881836,43.288971810113814,42.57597620319748,42.77968978881836,7923000
2831,2014-06-16,43.08526694502746,43.90011756692471,42.27041632313021,42.42320251464844,10274000
2832,2014-06-13,42.52505400618152,43.39083199461677,42.52505400618152,43.03433609008789,7143000
2833,2014-06-12,42.372269969903094,43.085265700536596,42.11762891507071,42.47412872314453,7057000
2834,2014-06-11,41.96483898114502,42.42319357358312,41.81205282182784,42.32133483886719,8646000
2835,2014-06-10,40.793495873852734,42.47412837622509,40.640713573509686,41.86298751831055,14782000
2836,2014-06-09,41.04813353432474,41.0990609635637,40.436996612429596,40.589778900146484,6398000
2837,2014-06-06,40.99720879405368,40.99720879405368,40.742567745643406,40.793495178222656,4542000
2838,2014-06-05,40.64071410150791,40.79349640383589,40.13143198938633,40.74256896972656,7220000
2839,2014-06-04,40.69163872049517,40.74256615108125,40.386070251464844,40.386070251464844,5858000
2840,2014-06-03,40.487930239588046,40.79349874731225,40.08050297227952,40.33514404296875,11786000
2841,2014-05-30,40.233285858392,41.099063873291016,39.520290142026546,41.099063873291016,20174000
2842,2014-05-29,40.02957418449908,40.386074002743015,39.87679187854961,40.2332878112793,16230000
2843,2014-05-28,40.233285648822864,40.99720879405368,40.18235821624362,40.793495178222656,15330000
2844,2014-05-27,40.23328131238013,40.58977718752488,39.927712864325535,40.02956771850586,10268000
2845,2014-05-26,40.9972124399629,40.9972124399629,40.48793029785156,40.48793029785156,9381000
2846,2014-05-23,39.97864070773244,40.74256377858083,39.97864070773244,40.640708923339844,10110000
2847,2014-05-22,40.74257117939703,40.997212249268266,40.080502843526084,40.1823616027832,14024000
2848,2014-05-21,40.74256660034938,41.09906250389686,40.74256660034938,40.99720764160156,4496000
2849,2014-05-20,40.997206268796766,41.149992442637554,40.74256523607132,40.89535140991211,4647000
2850,2014-05-19,40.69163916920173,40.99720764160156,40.386070696801895,40.99720764160156,6278000
2851,2014-05-16,40.48792511263699,40.74256615108125,40.02957046633455,40.386070251464844,10340000
2852,2014-05-15,40.02956940749031,40.84441993185509,40.02956940749031,40.589778900146484,9633000
2853,2014-05-14,41.25184868285375,41.25184868285375,39.87678861429753,40.99720764160156,14832000
2854,2014-05-13,41.251845825813085,41.30277325343358,40.538850182585186,40.640708923339844,10610000
2855,2014-05-12,42.37226763139173,42.37226763139173,40.53885291488694,40.84442138671875,11298000
2856,2014-05-09,42.21948623657227,42.77969576110296,41.862986440588,42.219486236572266,5573000
2857,2014-05-08,41.50649313656762,42.779698447505275,41.50649313656762,42.42320251464844,10396000
2858,2014-05-07,41.76113471376269,42.168561972492924,40.895356645853816,41.14999771118164,7549000
2859,2014-05-06,40.79350062165062,41.50649642944336,40.3860772211366,41.50649642944336,4257000
2860,2014-05-05,41.14999374406449,41.30277603722343,40.79349395566577,40.84442138671875,2912000
2861,2014-05-02,42.16855798556718,42.32134027901013,40.99720764160156,40.99720764160156,9840000
2862,2014-04-30,41.76113656597279,42.16856384277344,40.997213336107436,42.16856384277344,12599000
2863,2014-04-29,40.946277858627624,41.353701169921635,40.742564260223766,41.25184631347656,5244000
2864,2014-04-28,39.367504039689464,41.659273265881936,39.16379044248073,40.9462776184082,5741000
2865,2014-04-25,40.84442187679964,41.09906292063384,39.724002838134766,39.724002838134766,11065000
2866,2014-04-24,41.761129603040445,41.81205703277065,40.9972065005458,41.20092010498047,5747000
2867,2014-04-23,42.11763347297167,42.27041967661103,40.99721426466491,41.50649642944336,5767000
2868,2014-04-22,41.81205514432818,42.21948233479606,41.65927286203796,42.06669616699219,5182000
2869,2014-04-21,41.76113006482383,41.86298492541054,41.455561597549845,41.81205749511719,1402000
2870,2014-04-18,41.659275204237126,41.86298492541054,41.455561597549845,41.81205749511719,1829000
2871,2014-04-17,41.7611299151533,41.86298477537496,41.30277527312811,41.65927505493164,3253000
2872,2014-04-16,42.06669592022543,42.16855466000171,41.50648645075356,41.76112747192383,6129000
2873,2014-04-15,41.506491666851616,42.01577377319336,41.506491666851616,42.01577377319336,5033000
2874,2014-04-14,42.168558289297174,42.168558289297174,40.844421756837235,41.455562591552734,5608000
2875,2014-04-11,41.964850204373114,42.423204919395225,41.60835036579393,42.16856384277344,4479000
2876,2014-04-10,42.01577519795981,42.270416259765625,41.20092457728404,42.270416259765625,9965000
2877,2014-04-09,40.89535321701211,41.659276348944985,40.89535321701211,41.60834503173828,7915000
2878,2014-04-08,41.40463463524052,41.50648949697846,40.284211728553615,40.6916389465332,12935000
2879,2014-04-07,41.25184890524771,41.608344810717114,41.099062725467135,41.30277633666992,11303000
2880,2014-04-03,42.57598060605908,42.57598060605908,41.71020263453048,41.81205749511719,9809000
2881,2014-04-02,41.81205929226823,42.67784118652344,41.557418244342706,42.67784118652344,18430000
2882,2014-04-01,41.3027737416991,41.65927351028429,41.048132715072704,41.25184631347656,11753000
2883,2014-03-31,42.37226436852702,42.37226436852702,41.2518454295833,41.76112747192383,16039000
2884,2014-03-28,44.562184116204826,45.12239365370573,43.28897885574183,43.74733352661133,10387000
2885,2014-03-27,43.03433709280831,44.562183380126946,43.03433709280831,44.56218338012695,18109000
2886,2014-03-26,41.9139256916301,43.54362714155248,41.86299436433929,42.98341751098633,16922000
2887,2014-03-25,40.793493200992096,41.65927505493164,40.53885216492409,41.65927505493164,10321000
2888,2014-03-24,39.87678608995446,41.2009186435407,39.87678608995446,40.9462776184082,9675000
2889,2014-03-21,40.233287547196504,40.43700117263958,39.673077991363705,39.774932861328125,10614000
2890,2014-03-20,40.2332878112793,40.335142681912274,39.77493312240237,40.2332878112793,11031000
2891,2014-03-19,40.7425699354727,40.89535612693643,40.02957418449908,40.2332878112793,8514000
2892,2014-03-18,41.761131939284496,41.81205937186374,40.58978156239163,40.793495178222656,7531000
2893,2014-03-17,41.76112836672936,41.76112836672936,41.09906014329524,41.25184631347656,12290000
2894,2014-03-14,41.30278278642907,41.76113751183258,40.94628682528998,41.50649642944336,20314000
2895,2014-03-13,40.28421383452862,42.01577377319336,40.080500214889106,42.01577377319336,20128000
2896,2014-03-12,40.23328245444071,40.538850911169156,39.52028679839851,39.82585525512695,8734000
2897,2014-03-11,39.87679187854961,40.53885630869249,39.62215081645291,40.2332878112793,11356000
2898,2014-03-10,39.72400385082077,39.978644901146545,38.909153266881106,39.36750793457031,10811000
2899,2014-03-07,40.38607110630927,40.640712150143464,39.52028922596461,39.724002838134766,13147000
2900,2014-03-06,40.74256599329583,41.404634244892435,40.02957031131037,40.08049774169922,19976000
2901,2014-03-05,38.24708181709267,40.13142776489258,38.24708181709267,40.13142776489258,19281000
2902,2014-03-04,37.483164512856575,37.68687814479618,37.38130963964395,37.53409194946289,7150000
2903,2014-03-03,37.94151159234949,37.992439018726444,37.12666111377759,37.68687057495117,13918000
2904,2014-02-27,38.196157929081245,38.24708536255053,37.58502095642159,37.9415168762207,8251000
2905,2014-02-26,37.63594484155051,38.2470817565918,37.53408609870113,38.2470817565918,7507000
2906,2014-02-25,38.298012583609314,38.34894390231023,37.5340894292646,37.635948181152344,2981000
2907,2014-02-24,38.75636497240918,38.807292402598804,37.534087220288946,38.04336929321289,5208000
2908,2014-02-21,38.65451672086759,39.21472631976127,38.04337579756259,38.39987564086914,6710000
2909,2014-02-20,38.247084347667226,38.298011779785156,37.8905884373277,38.298011779785156,7204000
2910,2014-02-19,37.78873075870641,38.094303131103516,37.78873075870641,38.094303131103516,3110000
2911,2014-02-18,38.19615523810455,38.19615523810455,37.48315956322383,37.73780059814453,4519000
2912,2014-02-17,37.483159867428476,38.348941724493635,37.483159867428476,38.1961555480957,5525000
2913,2014-02-14,37.83965673959559,38.19615260974781,37.43222955755285,37.68687057495117,4739000
2914,2014-02-13,37.534086993105205,38.19615523810455,37.534086993105205,37.73780059814453,3857000
2915,2014-02-12,37.5340897053849,38.45079905154798,37.5340897053849,38.094303131103516,8871000
2916,2014-02-11,37.177596007704345,37.53409194946289,36.87202750255211,37.53409194946289,8692000
2917,2014-02-10,37.68687057495117,38.39986620076918,37.534084410306754,37.68687057495117,3864000
2918,2014-02-07,37.94151694490496,38.24708543178795,36.92295273161893,38.094303131103516,8070000
2919,2014-02-06,37.89058937360469,38.34894404502003,37.279448516546196,37.78873062133789,8467000
2920,2014-02-05,35.90439322883046,37.890594482421875,35.598824701858234,37.890594482421875,20805000
2921,2014-01-27,38.39986915478832,38.705437622070306,37.483159867428476,38.1961555480957,11553000
2922,2014-01-24,39.57122144467339,39.67308020583761,38.960084419745904,39.214725494384766,5276000
2923,2014-01-23,39.82585885913649,39.82585885913649,38.96008083913903,39.52029037475586,7914000
2924,2014-01-22,39.16379188723381,39.62214652648376,38.96007828251008,39.4693603515625,8530000
2925,2014-01-21,40.23329105583973,40.23329105583973,39.16379928588867,39.16379928588867,8543000
2926,2014-01-20,39.11287001207194,40.691643873242306,38.90915637841768,40.33514404296875,10774000
2927,2014-01-17,38.756361879396735,39.163789059426065,38.45079343713151,39.11286163330078,10500000
2928,2014-01-16,39.825862274232506,39.825862274232506,38.60358823189913,38.756370544433594,14277000
2929,2014-01-15,38.70543732609541,39.62214660644531,38.70543732609541,39.62214660644531,17038000
2930,2014-01-14,37.177591323447736,38.45079650575759,37.177591323447736,38.04336929321289,15710000
2931,2014-01-13,35.8025328413374,37.075738079144365,35.8025328413374,36.71923828125,11355000
2932,2014-01-10,35.649744720018084,36.057171928166674,35.54788986073785,35.7006721496582,4040000
2933,2014-01-09,35.64975357055664,35.80253978292208,35.44603991590765,35.64975357055664,7209000
2934,2014-01-08,35.29325758905699,35.751608455123744,35.29325758905699,35.64975357055664,6948000
2935,2014-01-07,35.70067191594398,36.006240377298106,35.34417602528312,35.395103454589844,7194000
2936,2014-01-06,34.52933429825935,35.751608455123744,34.52933429825935,35.64975357055664,9148000
2937,2014-01-03,34.68210968887314,34.8858233027805,34.427468642867446,34.529327392578125,3849000
2938,2014-01-02,35.39510575984886,35.496960625096044,34.83489622996126,34.98767852783203,2189000
2939,2013-12-31,35.2932485959764,35.395103454589844,35.140462422542434,35.395103454589844,3768000
2940,2013-12-30,34.98767866958993,35.29325103759765,34.783968938270206,35.293251037597656,6611000
2941,2013-12-27,35.08953727859326,35.191392143840446,34.98767852783203,34.98767852783203,4270000
2942,2013-12-26,34.93675238519254,35.191393443226765,34.93675238519254,35.08953857421875,2985000
2943,2013-12-25,34.73303876166232,35.29325219774897,34.73303876166232,35.08953857421875,2801000
2944,2013-12-24,35.03861489948522,35.14046977942263,34.733042488643775,34.9367561340332,3423000
2945,2013-12-23,34.58025518132925,35.191392143840446,34.52932774870566,34.98767852783203,5752000
2946,2013-12-20,34.427468642867446,34.63118225677481,34.12190016476341,34.529327392578125,6057000
2947,2013-12-19,34.325612485830995,34.52932609206568,34.17282630977651,34.427467346191406,6070000
2948,2013-12-18,33.612610259859,34.07096481323242,33.612610259859,34.07096481323242,2874000
2949,2013-12-17,33.71447495100982,34.27468839410002,33.66354751586914,33.66354751586914,4400000
2950,2013-12-16,34.12190628051758,34.37654737216323,33.81633774764573,34.12190628051758,3728000
2951,2013-12-13,33.76540792966693,34.58025858847261,33.6126217312283,34.37654495239258,5401000
2952,2013-12-12,33.61262405201623,34.22376111693792,33.40891040187077,33.969120025634766,3415000
2953,2013-12-11,34.631179323884915,34.631179323884915,33.66354265390893,34.020042419433594,7469000
2954,2013-12-10,34.274687699988135,34.682111058376904,33.612619400024414,34.63118362426758,8580000
2955,2013-12-09,34.121897516405745,34.32561111450195,33.51076060763083,34.32561111450195,8583000
2956,2013-12-06,33.51076270537645,33.765403747558594,33.15426291501307,33.765403747558594,6065000
2957,2013-12-05,33.51075979447691,33.51075979447691,32.95054644192775,33.25611877441406,7377000
2958,2013-12-04,33.15426254272461,33.45983101280918,32.9505489341636,33.15426254272461,7180000
2959,2013-12-03,33.15426003508075,33.56168722138676,32.84869158810805,33.25611877441406,4156000
2960,2013-12-02,33.91818573919093,33.91818573919093,33.154262619454585,33.30704879760742,2598000
2961,2013-11-29,33.10333661547794,33.66354615032937,33.001481749328256,33.56169128417969,6455000
2962,2013-11-28,33.10333626245495,33.10333626245495,32.594054166109494,32.9505500793457,6098000
2963,2013-11-27,32.288479399030834,32.89961624145508,32.186622611041244,32.89961624145508,6338000
2964,2013-11-26,31.72827492813195,32.39034127973605,31.67734749445358,32.13570022583008,6988000
2965,2013-11-25,32.39034761452002,32.4922044445546,31.779210519827426,32.033851623535156,4639000
2966,2013-11-22,31.881053364689738,32.135694372212036,31.881053364689738,31.98291015625,6929000
2967,2013-11-21,32.441266556764255,32.441266556764255,31.728270918821682,31.830127716064453,7540000
2968,2013-11-20,32.390339547187196,32.644980587472496,32.18662788061314,32.44126892089844,5891000
2969,2013-11-19,32.186622611041244,33.00147497220131,32.186622611041244,32.89961624145508,4670000
2970,2013-11-18,33.10333641381692,33.10333641381692,32.23755645751953,32.23755645751953,4617000
2971,2013-11-15,33.10333251953125,33.2561186853653,32.695905334316194,33.10333251953125,9087000
2972,2013-11-14,33.51076240663989,33.51076240663989,33.103335188574945,33.30704879760742,3983000
2973,2013-11-13,33.918186839504884,33.96911427203662,32.89962264681396,32.9505500793457,7629000
2974,2013-11-12,33.35797766636623,33.71447358340421,33.25612280021655,33.56169128417969,10073000
2975,2013-11-11,34.376537708485166,34.42746513539502,33.2051874619906,33.25611877441406,7345000
2976,2013-11-08,35.39510280750462,35.7515986916481,33.918184071527584,34.4783935546875,6376000
2977,2013-11-07,35.90439107156405,36.108104705810554,35.70067743731754,36.10810470581055,7365000
2978,2013-11-06,34.58025426675735,35.4969596862793,34.37654065613672,35.4969596862793,4946000
2979,2013-11-05,34.88582571924328,34.987680590495216,33.918188900292805,34.274688720703125,4558000
2980,2013-11-04,34.37654256820679,34.88582468032837,34.37654256820679,34.63118362426758,4021000
2981,2013-11-01,34.88582709983543,35.14046817355686,34.37654495239258,34.37654495239258,6850000
2982,2013-10-31,35.904386907520575,36.05717308686454,35.4969596862793,35.4969596862793,8920000
2983,2013-10-30,35.446036365888006,36.15903214299358,35.293254054338924,36.10810470581055,10155000
2984,2013-10-29,34.5293280266377,35.4460334777832,34.121900791341425,35.4460334777832,5428000
2985,2013-10-28,34.52933017194209,34.9876809832351,34.325616541637245,34.885826110839844,7312000
2986,2013-10-25,34.37654495239258,34.63118602611401,34.07097644102976,34.37654495239258,5887000
2987,2013-10-24,33.96911149990326,34.58025229695259,33.663543044135466,34.4783935546875,4108000
2988,2013-10-23,35.08953691668786,35.24231921298288,34.12190016476341,34.529327392578125,4192000
2989,2013-10-22,35.34417343139649,35.49695570810406,34.88581883024675,35.344173431396484,5274000
2990,2013-10-21,35.293256251584516,35.5988247792208,34.83490151737277,35.54789733886719,7139000
2991,2013-10-18,34.37654170460262,35.395105903257516,34.07097322210897,35.293251037597656,11101000
2992,2013-10-17,34.070966200253785,34.172821044921875,33.765397780736244,34.172821044921875,5646000
2993,2013-10-16,34.37653829944458,34.37653829944458,33.867256250563926,34.020042419433594,3281000
2994,2013-10-15,34.121903878671155,34.427472390033984,34.121903878671155,34.37654495239258,6282000
2995,2013-10-14,33.30704923807861,34.37654084275027,33.00148076324585,33.91818618774414,7526000
2996,2013-10-11,33.307055194836856,33.40891007615923,32.89962789851804,33.35798263549805,4610000
2997,2013-10-09,32.89961892692372,33.2561186853653,32.64497790754272,33.10333251953125,4320000
2998,2013-10-08,32.848692710918954,33.103333739685766,32.44126745344343,33.052406311035156,3478000
2999,2013-10-07,32.84869521428222,32.9505500793457,32.44126992575726,32.9505500793457,2214000
3000,2013-10-04,32.84869384765625,33.00148002440904,32.59405281007752,32.84869384765625,2886000
3001,2013-10-03,32.18662783344272,33.30704879760742,32.13569845980612,33.30704879760742,8256000
3002,2013-10-02,32.39034134828519,32.644982402730065,32.135700293840316,32.28848648071289,3786000
3003,2013-10-01,32.288489246421356,32.64498519897461,32.23755986551573,32.64498519897461,3407000
3004,2013-09-30,32.59405776082621,32.64498519897461,32.0847756083133,32.64498519897461,3013000
3005,2013-09-27,32.6959112753671,32.95055234101798,32.441272152473374,32.543128967285156,3857000
3006,2013-09-26,32.644986430548215,32.695913870617915,32.3903453446851,32.594058990478516,3076000
3007,2013-09-25,32.848697601684265,32.848697601684265,32.339415468324816,32.6959114074707,5502000
3008,2013-09-24,32.848697601684265,32.95055247415042,32.49219971978122,32.6959114074707,12250000
3009,2013-09-23,33.61261394831139,33.66354137416067,32.23755208005639,32.33940887451172,20670000
3010,2013-09-18,34.02004471345925,34.52932679668161,33.4598313135035,33.61261749267578,31388000
3011,2013-09-17,34.17283372174377,34.325619930937044,33.81633774764573,34.12190628051758,8516000
3012,2013-09-16,34.274687699988135,34.63118362426758,33.91818789019453,34.63118362426758,7376000
3013,2013-09-13,34.17282461600039,34.223752043656376,33.765401309238804,33.86725616455078,6291000
3014,2013-09-12,33.86725616455078,34.32561078448202,33.61261514075717,33.86725616455078,6707000
3015,2013-09-11,33.76539640615451,34.12189223349323,33.51075541933739,34.07096481323242,7633000
3016,2013-09-10,34.47840225461561,34.63118846380888,34.0200513980652,34.12190628051758,5913000
3017,2013-09-09,34.58025189609958,34.58025189609958,33.91818367834926,34.020042419433594,4843000
3018,2013-09-06,34.07097152708347,34.58025360107422,33.867257920384404,34.58025360107422,4999000
3019,2013-09-05,33.612620401022724,34.274688720703125,33.45983420863055,34.274688720703125,9633000
3020,2013-09-04,32.33941828021566,33.40891007615923,32.33941828021566,33.35798263549805,3939000
3021,2013-09-03,32.54313032267781,32.899626275231064,32.339416684569755,32.64498519897461,3105000
3022,2013-09-02,32.13570170803803,32.84869746896335,32.13570170803803,32.543128967285156,4565000
3023,2013-08-30,31.524563250661412,32.18662960226551,31.524563250661412,32.13570022583008,4888000
3024,2013-08-29,31.371773099850394,31.982911940550196,31.371773099850394,31.830127716064453,4868000
3025,2013-08-28,31.371773099850394,32.23755296227871,31.371773099850394,31.830127716064453,3321000
3026,2013-08-27,31.575486694335936,32.135696165035945,31.575486694335936,31.830127716064453,3814000
3027,2013-08-26,31.881055143307425,32.08476873779296,31.728270918821682,31.830127716064453,1776000
3028,2013-08-23,31.88106038932742,32.13570145295706,31.47363507607143,32.084774017333984,4443000
3029,2013-08-22,31.015279749089384,31.982914544794387,30.811566138016236,31.881057739257812,6695000
3030,2013-08-20,31.4736335650014,31.931988234631685,31.4736335650014,31.67734718322754,2968000
3031,2013-08-19,32.33940975952148,32.33940975952148,31.269918245364444,31.830127716064453,4332000
3032,2013-08-16,30.86249708174446,31.931990747457846,30.86249708174446,31.57549285888672,4746000
3033,2013-08-15,31.575487705656474,31.77920130666669,31.117133074761934,31.473630905151367,5257000
3034,2013-08-14,32.441267700356306,32.543124501189645,32.03384243977983,32.49219512939453,3806000
3035,2013-08-13,31.575488995377025,32.44126892089844,31.575488995377025,32.44126892089844,3170000
3036,2013-08-12,31.32085300819377,31.830135170928628,31.269925569023194,31.524566650390625,2780000
3037,2013-08-09,31.72827363610937,31.72827363610937,31.0662073114656,31.16806411743164,4198000
3038,2013-08-08,31.473639129979222,31.88106449571293,31.168070591368284,31.371782302856445,4935000
3039,2013-08-07,32.13570243895764,32.28848863602897,31.57549285888672,31.57549285888672,5380000
3040,2013-08-06,32.95054905871207,32.95054905871207,32.28848468527865,32.44126892089844,4582000
3041,2013-08-05,32.644986430548215,32.84870007634163,32.44127472751211,32.594058990478516,5096000
3042,2013-08-02,33.663545791332155,33.86725940697315,32.79776778175049,32.9505500793457,4615000
3043,2013-08-01,33.51076349373694,34.07097302261414,32.9505500793457,32.9505500793457,7103000
3044,2013-07-31,33.84694317609713,34.03898330257621,33.5108757019043,33.5108757019043,10483000
3045,2013-07-30,33.55888137520873,33.99097069974608,33.22281027263062,33.65489959716797,6027000
3046,2013-07-29,34.03897772062951,34.03897772062951,33.03077180052283,33.41484832763672,5340000
3047,2013-07-26,33.9429517574264,34.08698272705078,33.60688437878246,34.08698272705078,5868000
3048,2013-07-25,33.55888190031158,33.846940233557,33.222810792474895,33.79893112182617,6241000
3049,2013-07-24,33.84693607260105,33.84693607260105,33.17479760241712,33.31882858276367,7530000
3050,2013-07-23,32.79071811567765,33.94295120239258,32.550668945468765,33.94295120239258,10355000
3051,2013-07-22,32.982753352700726,32.982753352700726,32.502655029296875,32.502655029296875,2877000
3052,2013-07-19,32.790716953626806,33.12678431486569,32.310618630222955,32.502655029296875,9814000
3053,2013-07-18,32.45465232934344,33.03077262875039,32.45465232934344,32.886741638183594,5213000
3054,2013-07-17,32.93475074741911,33.12679084722143,32.55067421067472,32.886741638183594,4876000
3055,2013-07-16,32.40664671888612,33.270825429867344,32.40664671888612,33.22281265258789,4602000
3056,2013-07-15,32.40664322010792,32.93475074741911,32.310625001636886,32.886741638183594,6402000
3057,2013-07-12,33.462856502730254,33.462856502730254,32.83873078999813,33.12678909301758,5282000
3058,2013-07-11,32.40664130066186,33.65489638115239,32.214601212234086,33.46285629272461,13424000
3059,2013-07-10,31.350424359722368,32.07057189941406,31.350424359722368,32.07057189941406,5683000
3060,2013-07-09,31.68649141247754,31.68649141247754,31.110374851940033,31.25440216064453,4986000
3061,2013-07-08,31.686493293901655,31.926542485522123,31.06236393054445,31.59047508239746,4790000
3062,2013-07-05,31.2063945423473,31.782511130292814,31.062363563930955,31.686492919921875,8377000
3063,2013-07-04,30.726297701322114,31.206396102905273,30.534257608116828,31.206396102905273,5163000
3064,2013-07-03,30.822315426984268,31.014355517139634,30.486248016357422,30.486248016357422,3400000
3065,2013-07-02,30.9183377945274,31.206396102905273,30.9183377945274,31.206396102905273,5462000
3066,2013-07-01,31.11037657980635,31.206394790942184,30.58226726140934,31.014354705810547,5088000
3067,2013-06-28,31.206396102905273,31.206396102905273,30.63027765471947,31.206396102905273,9265000
3068,2013-06-27,30.822319941179735,31.158391063887166,30.438243367477728,30.870332717895508,7930000
3069,2013-06-26,30.198195260576625,30.58227368002034,29.76610589405847,30.246204376220703,7530000
3070,2013-06-25,29.766105848080333,29.766105848080333,29.430036544799805,29.430036544799805,6886000
3071,2013-06-24,29.237998129417676,29.574065599869318,28.9979488897063,29.189987182617188,3300000
3072,2013-06-21,28.901922867396635,29.718090480391737,28.805902825027218,29.286001205444336,13525000
3073,2013-06-20,29.334015025967457,29.574064254760742,28.901927512997705,29.574064254760742,5615000
3074,2013-06-19,29.526053765414243,30.102172253952265,29.14197538353229,29.718093872070312,4653000
3075,2013-06-18,29.622072207817567,29.718092255923782,29.04595375061035,29.04595375061035,6169000
3076,2013-06-17,29.526052327465138,29.86212158203125,29.18998307289903,29.86212158203125,5778000
3077,2013-06-14,28.805902825027218,29.286001205444336,28.661873677188076,29.286001205444336,6084000
3078,2013-06-13,28.565855026245117,28.949933383001056,28.469834979198616,28.565855026245117,10226000
3079,2013-06-11,30.05416420436058,30.05416420436058,29.3340164822296,29.430036544799805,3796000
3080,2013-06-10,29.47804427442458,30.198191917955178,29.47804427442458,29.814111709594727,4580000
3081,2013-06-07,29.141972057605198,29.478041290183178,28.901922867396635,29.286001205444336,4825000
3082,2013-06-06,30.006150256587095,30.102170303694187,28.949933401269213,29.1419734954834,11578000
3083,2013-06-05,30.966346410315808,31.110377393647347,30.486248016357422,30.486248016357422,7472000
3084,2013-06-04,30.8223159164947,31.206396102905273,30.58226854713318,31.206396102905273,5337000
3085,2013-06-03,30.4862493151156,30.774307631190318,30.34222015707824,30.67828941345215,6254000
3086,2013-05-31,31.062371207566663,31.254411338424525,31.014362090567406,31.110383987426758,7992000
3087,2013-05-30,31.39843950720874,31.39843950720874,30.966350167646226,31.062368392944336,8193000
3088,2013-05-29,31.446444102281188,31.59047508239746,31.206394910660723,31.59047508239746,6324000
3089,2013-05-28,31.44644278904993,31.59047376315134,31.206393607454128,31.398433685302734,4997000
3090,2013-05-27,31.30241827595488,31.446449279785156,30.96635081749836,31.446449279785156,3576000
3091,2013-05-24,31.446448756560752,31.446448756560752,30.918341189404355,31.302417755126953,7988000
3092,2013-05-23,30.966344064123874,31.20639324291553,30.77430398851859,30.9183349609375,6870000
3093,2013-05-22,31.302411449288282,31.44644242170719,30.822313091704967,30.9183349609375,5915000
3094,2013-05-21,31.350427088524267,31.350427088524267,30.966346902113692,31.206396102905273,7613000
3095,2013-05-20,30.582267212350523,31.542462142178458,30.486247169938736,31.350425720214844,10310000
3096,2013-05-17,30.72629890448069,30.966348114671945,30.534258803755634,30.822317123413086,7979000
3097,2013-05-16,29.76610428094864,31.15839053633931,29.622075110391393,30.726301193237305,13489000
3098,2013-05-15,28.853913055898325,29.622071593384515,28.853913055898325,29.237993240356445,10458000
3099,2013-05-14,29.574060105933725,29.766100194599925,29.093961715698242,29.093961715698242,5788000
3100,2013-05-13,29.95814448597422,30.00615359916077,29.526055141574194,29.574064254760742,5500000
3101,2013-05-10,29.81411012313774,30.294208526611328,29.622071860606347,30.294208526611328,8823000
3102,2013-05-09,30.48624768066406,30.48624768066406,30.006149291992188,30.006149291992188,5703000
3103,2013-05-08,29.286007411896236,30.246204376220703,29.286007411896236,30.246204376220703,12327000
3104,2013-05-07,28.997942909766056,29.382021247813757,28.949931972866356,29.286001205444336,7407000
3105,2013-05-06,29.093963163690205,29.141974103961246,28.757895738943475,28.949934005737305,4802000
3106,2013-05-03,29.0459526092467,29.093961715698242,28.8539125205805,29.093961715698242,5763000
3107,2013-05-02,29.189980035468498,29.189980035468498,28.709881673597536,28.757892608642578,7045000
3108,2013-04-30,29.045952015235777,29.286001205444336,28.805902825027218,29.286001205444336,9266000
3109,2013-04-29,29.04595375061035,29.04595375061035,28.75789543772179,29.04595375061035,4689000
3110,2013-04-26,28.42182338904692,28.80590171225771,28.32580335038675,28.757892608642578,9660000
3111,2013-04-25,28.61386234457696,28.805902426660012,27.989734824951988,28.22978401184082,6737000
3112,2013-04-24,28.805904997906396,28.901925047518773,28.421826630887,28.61386489868164,10997000
3113,2013-04-23,27.461630757552424,28.42182762437992,27.461630757552424,28.325807571411133,15852000
3114,2013-04-22,27.36561042981229,27.413619540099546,27.077552105228435,27.269590377807617,8444000
3115,2013-04-19,27.65367113744864,27.65367113744864,27.07755443863413,27.41362190246582,8485000
3116,2013-04-18,27.845712103600775,27.89372121948311,27.461633682250977,27.461633682250977,12759000
3117,2013-04-17,28.32581115591115,28.32581115591115,27.749692596623486,27.845712661743164,8717000
3118,2013-04-16,27.845706509764522,28.277795791625977,27.55764820947689,28.277795791625977,10524000
3119,2013-04-15,28.421826320002673,28.661875525692846,27.845707860060234,28.133766174316406,10359000
3120,2013-04-12,29.093959996808323,29.093959996808323,28.661872569982403,28.757892608642578,14254000
3121,2013-04-11,29.382021848697544,29.574060105933725,28.99794350279516,29.093961715698242,8247000
3122,2013-04-10,29.286007244787807,29.526056484499186,28.949937942905812,29.189987182617188,8150000
3123,2013-04-09,30.054157881539737,30.054157881539737,29.18998116307492,29.286001205444336,9328000
3124,2013-04-08,30.486255322733232,31.014362950082408,29.7661075592041,29.7661075592041,12764000
3125,2013-04-03,31.254405047599217,31.302414154935295,30.822315755854323,30.966346740722656,8649000
3126,2013-04-02,31.350425720214844,31.398434825705746,31.014354656058597,31.350425720214844,3506000
3127,2013-04-01,31.638484016020225,31.686493121511127,30.91833644507679,31.350425720214844,6446000
3128,2013-03-29,32.118582366749294,32.118582366749294,31.63848398656727,31.926542282104492,3597000
3129,2013-03-28,32.11858257139049,32.11858257139049,31.25440401641282,31.59047508239746,5527000
3130,2013-03-27,32.07057308712551,32.07057308712551,31.590474709550936,31.686492919921875,2898000
3131,2013-03-26,31.542464372891352,31.97455367858717,31.15838783894191,31.83052635192871,7339000
3132,2013-03-25,31.590479757994554,31.87853809800163,31.302417755126953,31.302417755126953,3831000
3133,2013-03-22,31.830522384041796,31.926540589844794,31.25440216064453,31.25440216064453,6072000
3134,2013-03-21,31.542462313785382,31.686493293901655,31.110376699156525,31.59047508239746,7073000
3135,2013-03-20,31.014353167310247,31.302411449288282,30.678285782145842,30.9183349609375,7288000
3136,2013-03-19,31.110379105930804,31.158388215397,30.63027885411816,30.822317123413086,6036000
3137,2013-03-18,31.2063973248632,31.2063973248632,30.72629890448069,30.822317123413086,6653000
3138,2013-03-15,32.16659697321535,32.31062797704562,31.25440916229832,31.446449279785156,16740000
3139,2013-03-14,32.118582366749294,32.118582366749294,31.782511302905903,31.926542282104492,6716000
3140,2013-03-13,31.686494449788093,32.16659285054246,31.494454356914325,31.782512664794922,10129000
3141,2013-03-12,31.206394910660723,31.686493293901655,31.158385804908622,31.59047508239746,8373000
3142,2013-03-11,31.206394910660723,31.686493293901655,30.966345719040255,31.59047508239746,9632000
3143,2013-03-08,31.06236495539481,31.206395940263143,30.72629754118217,30.966346740722656,8074000
3144,2013-03-07,31.39843603246755,31.39843603246755,30.8703285260505,30.966346740722656,6228000
3145,2013-03-06,31.30241181494852,31.494451892797123,30.87032621836394,31.398433685302734,6492000
3146,2013-03-05,30.87033473956964,31.254411338424525,30.630283660282103,31.110383987426758,6570000
3147,2013-03-04,30.966347729526866,31.062365947265036,30.4862493151156,30.67828941345215,6509000
3148,2013-03-01,30.726298522321233,30.8223167400594,30.53425842398468,30.67828941345215,5036000
3149,2013-02-27,30.390228271484375,30.678288409562978,30.390228271484375,30.390228271484375,7281000
3150,2013-02-26,30.53425826851882,30.726298365877593,30.43824005126953,30.43824005126953,9059000
3151,2013-02-25,31.398433318520816,31.494451524893563,30.870325857751123,30.9183349609375,6912000
3152,2013-02-22,31.878538628415388,31.878538628415388,31.35043105247203,31.446449279785156,9718000
3153,2013-02-21,32.07057824620851,32.166596472025574,31.63848890431069,31.878538131713867,7150000
3154,2013-02-20,32.166589369846044,32.26260757446289,31.926540195444208,32.26260757446289,9182000
3155,2013-02-19,31.83052673350463,32.358634263303564,31.590477523336,31.97455406188965,12323000
3156,2013-02-18,33.60688950049073,33.60688950049073,32.55067443847656,32.55067443847656,13714000
3157,2013-02-06,33.12678488563089,33.12678488563089,32.45464648871283,32.64668655395508,5734000
3158,2013-02-05,33.03077285991214,33.03077285991214,32.406643446901775,32.55067443847656,8194000
3159,2013-02-04,33.36684097790953,33.36684097790953,32.982760767695936,33.174800872802734,6713000
3160,2013-02-01,33.31883417492053,33.31883417492053,32.74271381969959,33.07878494262695,6685000
3161,2013-01-31,32.646695591926395,33.126794056513546,32.454655473519416,33.07878494262695,20022000
3162,2013-01-30,32.262613064912905,32.502662280166305,31.974554739180892,32.35863494873047,12330000
3163,2013-01-29,32.31062592368015,32.3586350342857,31.73450560783254,32.02256393432617,10692000
3164,2013-01-28,30.91833641629424,31.926542282104492,30.91833641629424,31.926542282104492,22804000
3165,2013-01-25,29.862123084620183,30.534259796142578,29.76610303113693,30.534259796142578,13293000
3166,2013-01-24,30.00615073929384,30.29420905381902,29.6220723761169,29.86212158203125,8666000
3167,2013-01-23,30.3902335545833,30.630282795664417,30.246204376220703,30.246204376220703,7116000
3168,2013-01-22,30.726301193237305,30.822319419321957,30.342222794607892,30.726301193237305,5173000
3169,2013-01-21,30.87033219522482,30.87033219522482,30.534261078207464,30.726301193237305,7422000
3170,2013-01-18,31.158385685374267,31.206394790942184,30.630276366977256,31.014354705810547,10812000
3171,2013-01-17,31.014359081287445,31.302417418193922,30.486251519815497,30.582271575927734,9927000
3172,2013-01-16,30.53426159518808,30.870332717895508,29.81411389877864,30.870332717895508,13769000
3173,2013-01-15,30.966349968946446,31.062368193628444,30.390231463703255,30.582271575927734,9848000
3174,2013-01-14,30.006151048368732,30.390229415501828,29.862121889622586,30.342220306396484,8171000
3175,2013-01-11,30.53425712318125,30.582268061435105,30.150178774300546,30.486248016357422,7990000
3176,2013-01-10,30.534259796142578,30.534259796142578,30.102172302613223,30.534259796142578,13123000
3177,2013-01-09,29.76609933642609,30.486246901017044,29.526050148229103,29.958139419555664,21254000
3178,2013-01-08,30.72629945730555,30.72629945730555,29.47804427442458,29.814111709594727,22651000
3179,2013-01-07,31.542467103538456,31.590479879441318,30.726301193237305,30.726301193237305,11409000
3180,2013-01-04,32.79072206845847,32.79072206845847,31.44644508809803,31.542463302612305,15100000
3181,2013-01-03,32.646694707389834,33.03077493379744,32.55067648221818,32.79072570800781,6663000
3182,2013-01-02,32.64668599146184,32.88673515316376,32.40663682975991,32.502655029296875,6464000
3183,2012-12-28,33.03077493379744,33.07878404638327,32.598685594804,32.79072570800781,3682000
3184,2012-12-27,32.310627256428546,32.79072570800781,32.310627256428546,32.79072570800781,5772000
3185,2012-12-26,32.45464592952839,32.7427041909988,32.26260586759495,32.502655029296875,2452000
3186,2012-12-25,32.454659663297285,32.55068156632716,32.21461040001423,32.40665054321289,2234000
3187,2012-12-24,32.55066680862401,32.55066680862401,32.0225557385455,32.214595794677734,2154000
3188,2012-12-21,32.31062265725886,32.31062265725886,31.25440401641282,31.59047508239746,13502000
3189,2012-12-20,31.92654737859598,32.26261483322646,31.92654737859598,32.118587493896484,5965000
3190,2012-12-19,32.166589369846044,32.55066951403287,32.02255840006106,32.26260757446289,8647000
3191,2012-12-18,32.55067025920852,32.59867936261601,32.07057189941406,32.07057189941406,10613000
3192,2012-12-17,33.606896859628186,33.702915099796975,32.166601279929836,32.40665054321289,13471000
3193,2012-12-14,32.934748796693235,33.60688727476045,32.79072147751742,33.46285629272461,22881000
3194,2012-12-13,32.26261222954112,33.270821837788226,32.26261222954112,32.886741638183594,22014000
3195,2012-12-12,33.078781893809456,33.078781893809456,31.97455406188965,31.97455406188965,17396000
3196,2012-12-11,32.40663738811717,32.88673571979298,32.40663738811717,32.64668655395508,14638000
3197,2012-12-10,34.0389767716292,34.0389767716292,32.88673989669136,33.12678909301758,10595000
3198,2012-12-07,33.84693908691406,33.84693908691406,33.12679144676695,33.84693908691406,12119000
3199,2012-12-06,34.47106694965617,34.51907605759182,33.51087013950263,33.750919342041016,10297000
3200,2012-12-05,34.32703805041823,34.47106904584385,33.94295783785682,33.990970611572266,7697000
3201,2012-12-04,34.23101959023804,34.61509613726342,34.134997706336435,34.3270378112793,5218000
3202,2012-12-03,34.5190756189664,34.95116491061707,34.23101731215265,34.42305374145508,7310000
3203,2012-11-30,34.56708557965004,35.43126418428537,34.423054591257426,35.047183990478516,17732000
3204,2012-11-29,34.375045170951736,34.61509437418863,34.27902695480104,34.56708526611328,10210000
3205,2012-11-28,34.08698806706924,34.183006286621094,33.60688964358939,34.183006286621094,5871000
3206,2012-11-27,34.615096378409106,34.71111826297964,33.990970611572266,33.990970611572266,8368000
3207,2012-11-26,34.32703923226374,34.85514679557262,34.18300823187928,34.75912857055664,8783000
3208,2012-11-23,33.60689303406164,34.086991505976805,33.60689303406164,34.03898239135742,6346000
3209,2012-11-22,33.12679493856087,33.462862407575905,32.88674569987565,33.366844177246094,3749000
3210,2012-11-21,33.79892936509942,33.894947583570456,32.790723419712556,32.886741638183594,6378000
3211,2012-11-20,33.750919342041016,34.23101774711779,33.654897463309574,33.750919342041016,7271000
3212,2012-11-19,32.790721683304895,33.36683828934379,32.790721683304895,33.12678909301758,4153000
3213,2012-11-16,32.69470481417694,33.270825171307386,32.454655581087735,32.742713928222656,7034000
3214,2012-11-15,32.454652934920546,32.88674225182313,32.214603721403584,32.6947021484375,6979000
3215,2012-11-14,33.12678488563089,33.606883217306695,32.45464648871283,32.64668655395508,9447000
3216,2012-11-13,34.23101836408888,34.327036581690784,33.3668397542309,33.55887985229492,8576000
3217,2012-11-12,34.75912804410144,34.75912804410144,34.13499860236902,34.61509704589844,5306000
3218,2012-11-09,33.750916289238965,34.567082038902456,33.51086710841325,34.37504196166992,8821000
3219,2012-11-08,34.08698945507159,34.18300767853325,33.462860013989484,33.79893112182617,7368000
3220,2012-11-07,35.04718367258708,35.04718367258708,34.471067049962585,34.56708526611328,5413000
3221,2012-11-06,34.56708580145467,34.711116790771484,34.08698738754558,34.711116790771484,3508000
3222,2012-11-05,34.038974176715904,34.42305066384229,33.75091589565618,34.231014251708984,3800000
3223,2012-11-02,34.375049331278134,34.95116968648919,33.60689252052399,33.89495086669922,20336000
3224,2012-11-01,32.646691545220385,33.84693755791231,32.16659314014362,33.750919342041016,17985000
3225,2012-10-31,32.9827558527357,32.9827558527357,31.878531822924316,32.07057189941406,7478000
3226,2012-10-30,32.64668655395508,33.270815850277465,32.40663738811717,32.64668655395508,10681000
3227,2012-10-29,31.73450552392749,32.55067505350526,31.25440709342069,32.35863494873047,6806000
3228,2012-10-26,33.126790844587845,33.174799953819544,31.686495590475328,31.73450469970703,11160000
3229,2012-10-25,32.40664322010792,33.222809065692466,32.40664322010792,32.886741638183594,7049000
3230,2012-10-24,32.598677453359414,32.83872661919732,32.502655589308496,32.64668655395508,7177000
3231,2012-10-23,32.64669570013122,32.93475404726614,32.5986865860855,32.742713928222656,7983000
3232,2012-10-22,32.214601414405955,33.12678909301758,32.214601414405955,33.12678909301758,6496000
3233,2012-10-19,32.934749003384596,33.36683828934379,32.64669070036515,33.12678909301758,12293000
3234,2012-10-18,33.702909857313244,34.03898097135035,33.318833293520065,33.60689163208008,8943000
3235,2012-10-17,34.086991505976805,34.27903162731501,33.654902148681025,34.03898239135742,12611000
3236,2012-10-16,32.982761333970224,34.423056652708844,32.982761333970224,34.1349983215332,14742000
3237,2012-10-15,33.12679200140541,33.12679200140541,32.35863523829273,32.8387336730957,12736000
3238,2012-10-12,33.55887892538542,34.08698643332977,33.030771417441066,33.27082061767578,17945000
3239,2012-10-11,33.75091995035894,34.327036581690784,33.270821536629,33.55887985229492,26740000
3240,2012-10-09,34.471072363779214,34.999179959737695,34.32704135449021,34.663108825683594,21262000
3241,2012-10-08,35.38325552441214,35.719326648759306,35.28723729623331,35.527286529541016,9183000
3242,2012-10-05,35.52728118370155,35.62329939743239,35.0471827893272,35.4312629699707,19982000
3243,2012-10-04,36.5354868635686,36.5354868635686,35.43126276074424,35.767330169677734,21987000
3244,2012-10-03,37.1116107886184,37.543696453299376,37.1116107886184,37.255638122558594,2464000
3245,2012-10-02,37.68772298861772,37.68772298861772,37.25563371222718,37.44767379760742,3925000
3246,2012-10-01,37.495684046707844,37.59170592375624,37.11160752709452,37.39966583251953,3271000
3247,2012-09-28,36.91956743585782,37.495684046707844,36.727527344621116,37.39966583251953,10294000
3248,2012-09-27,36.96757858677914,36.96757858677914,36.39146194407735,36.48748016357422,12822000
3249,2012-09-26,37.83175301342308,37.87976211784131,37.06359269129195,37.15961456298828,6979000
3250,2012-09-25,37.927772521972656,38.071803503022885,37.68772332879561,37.927772521972656,6855000
3251,2012-09-24,37.447678422476024,38.071807861328125,37.11161097870053,38.071807861328125,5079000
3252,2012-09-21,37.44767823067259,37.783745672726766,37.1596198999318,37.255638122558594,7248000
3253,2012-09-20,36.96757561736407,37.399664896113045,36.96757561736407,37.11160659790039,5220000
3254,2012-09-19,37.351661158708346,37.59171038553074,37.06359915623306,37.2076301574707,6851000
3255,2012-09-18,37.49568725170688,37.831758355812305,37.35165991811347,37.59170913696289,5217000
3256,2012-09-17,38.40787090832674,38.40787090832674,37.78374154092243,37.927772521972656,3431000
3257,2012-09-14,37.68772740364075,38.50389328354358,37.495687295763496,38.407875061035156,11735000
3258,2012-09-13,37.44767823067259,37.831758446900565,37.1596198999318,37.255638122558594,5896000
3259,2012-09-12,37.44767379760742,37.63971388298766,37.15961550096705,37.44767379760742,5195000
3260,2012-09-11,37.35166447556518,37.735741074871,36.823553199370814,37.063602447509766,5713000
3261,2012-09-10,37.73573303222656,37.927773122380245,37.35165651477926,37.73573303222656,2797000
3262,2012-09-07,37.927773122380245,37.927773122380245,37.54369294207288,37.73573303222656,5593000
3263,2012-09-06,36.87155666573028,37.30364227294922,36.58349471043777,37.30364227294922,4088000
3264,2012-09-05,37.735726270218606,37.975775424180384,36.871551513671875,36.871551513671875,7880000
3265,2012-09-04,38.455882644201665,38.50389175354818,38.02379333436249,38.31185531616211,4931000
3266,2012-09-03,37.25563216758551,38.55189994301307,36.96757388288822,38.50388717651367,11081000
3267,2012-08-31,37.399664896113045,37.73573230021782,36.96757561736407,37.11160659790039,15071000
3268,2012-08-30,36.151408718766014,37.399663747939286,36.055386847069684,37.15961456298828,14147000
3269,2012-08-29,35.8153418677565,36.15141296386719,35.62330176467329,36.15141296386719,6050000
3270,2012-08-28,35.6713207156138,36.007388207068736,35.47928057927058,35.719329833984375,7673000
3271,2012-08-27,36.10340089536182,36.29544100219191,35.57529334872437,35.6233024597168,5261000
3272,2012-08-24,36.4874793153522,36.4874793153522,35.71932258865367,35.86334991455078,4675000
3273,2012-08-23,36.72752937517668,37.015587696527575,36.34344917146863,36.48748016357422,5015000
3274,2012-08-22,37.20762311601697,37.39966319370386,37.01558303833008,37.01558303833008,3471000
3275,2012-08-21,37.015586033257264,37.54369354248047,37.015586033257264,37.54369354248047,5860000
3276,2012-08-20,37.44767823067259,37.44767823067259,36.871561569191016,37.255638122558594,3046000
3277,2012-08-17,37.01558565004613,37.44767493961369,36.967576542951974,37.39966583251953,3308000
3278,2012-08-16,37.351654643521066,37.54369106119397,37.015583586873724,37.15961456298828,5673000
3279,2012-08-15,37.54369636290469,37.63971824816069,37.20762892165966,37.59170913696289,4929000
3280,2012-08-14,37.2076261264821,37.54369354248047,37.15961701889092,37.54369354248047,6378000
3281,2012-08-13,37.68772184223408,37.68772184223408,36.96757429110859,37.49568176269531,6107000
3282,2012-08-10,38.16782759961802,38.16782759961802,36.919572335221496,37.351661682128906,8890000
3283,2012-08-09,37.111611343140005,38.83996501627018,36.82354934523459,38.21583557128906,17902000
3284,2012-08-08,36.00737573247697,36.583492279052734,35.67130835745105,36.583492279052734,9563000
3285,2012-08-07,35.52728969764115,35.76733895235495,35.28724044292736,35.719329833984375,7568000
3286,2012-08-06,34.903151270559654,35.623298851076235,34.75912395217234,35.2872314453125,11913000
3287,2012-08-03,34.56708764972687,34.61509676111274,33.702908993339534,34.1349983215332,11954000
3288,2012-08-02,34.3270378112793,34.3270378112793,34.3270378112793,34.3270378112793,0
3289,2012-08-01,35.62330210963801,35.62330210963801,34.3270378112793,34.3270378112793,20366000
3290,2012-07-31,34.62674190313491,36.039147785549424,34.490056005195825,35.720218658447266,26113000
3291,2012-07-30,34.53562362571117,34.94567440701784,34.216690991723944,34.672306060791016,10062000
3292,2012-07-27,34.62674235026042,34.62674235026042,33.71551228841146,34.17112731933594,8019000
3293,2012-07-26,33.168780898503336,33.168780898503336,32.84984824066987,33.07765579223633,13908000
3294,2012-07-25,31.4374402802566,33.12321467297392,31.4374402802566,33.0320930480957,28535000
3295,2012-07-24,33.852202985598474,34.08001053334526,33.077655237619034,33.761077880859375,5522000
3296,2012-07-23,34.30781846979626,34.30781846979626,33.077655612385634,33.852203369140625,6684000
3297,2012-07-20,34.53562889754354,34.53562889754354,34.03444946421148,34.44450378417969,5898000
3298,2012-07-19,32.75872548950059,34.717868280291874,32.71316467595982,34.35337829589844,18363000
3299,2012-07-18,34.39893526138316,34.49005687827133,32.48535349819654,32.530914306640625,23376000
3300,2012-07-17,34.717868280291874,34.85455419698145,34.17113156566809,34.35337829589844,12808000
3301,2012-07-16,35.08236227090039,35.264609003884765,34.71786880493164,34.71786880493164,6463000
3302,2012-07-13,34.854549407958984,35.12791772771001,34.854549407958984,34.854549407958984,6105000
3303,2012-07-12,35.310164432899626,35.310164432899626,34.808988600678276,34.854549407958984,9305000
3304,2012-07-11,34.854557451968795,35.17348665260553,34.62674988692325,35.03680419921875,12600000
3305,2012-07-10,35.76578189800312,35.76578189800312,34.717865878717625,35.082359313964844,22593000
3306,2012-07-09,36.039153581057306,36.312521944829456,35.49241685351301,35.765785217285156,12976000
3307,2012-07-06,37.588238689589694,37.63379949581828,35.90246452666508,36.31251525878906,11057000
3308,2012-07-05,37.36044118952599,37.77049550755139,37.132633621297174,37.31488037109375,7748000
3309,2012-07-04,37.40599396402349,37.45155477265815,37.13262563614865,37.22374725341797,7188000
3310,2012-07-03,36.44920907369474,37.40600011666574,36.40364825756611,37.36043930053711,7573000
3311,2012-07-02,36.44920726004742,36.54032888777063,36.08471379702004,36.35808563232422,7126000
3312,2012-06-29,35.99359174111332,36.175838470458984,35.902470114474106,36.175838470458984,7409000
3313,2012-06-28,36.49477106903472,36.49477106903472,35.948034305690236,35.993595123291016,8667000
3314,2012-06-27,35.811348376820334,36.039155940891796,35.53797999514809,35.993595123291016,9799000
3315,2012-06-26,35.76578668447641,35.76578668447641,35.310171567476715,35.53797912597656,9263000
3316,2012-06-25,35.53797766813047,35.765785217285156,35.08236256982111,35.765785217285156,9400000
3317,2012-06-22,35.17348419905604,35.948031951822365,35.17348419905604,35.765785217285156,12504000
3318,2012-06-21,36.81370878487366,36.81370878487366,35.355738089551785,35.58354568481445,15790000
3319,2012-06-20,37.36043258383257,37.40599339177022,36.67701003656734,36.859256744384766,6738000
3320,2012-06-19,38.04386582245896,38.13498746394192,37.132635503358145,37.26932144165039,4781000
3321,2012-06-18,37.31487559244641,38.134980647404625,37.31487559244641,37.8160514831543,10102000
3322,2012-06-15,36.631452095350525,37.04150635101324,36.40364456176758,36.40364456176758,12342000
3323,2012-06-14,36.13027533488655,36.63145120132391,35.9935894276459,36.03915023803711,7501000
3324,2012-06-13,36.90482195954485,36.90482195954485,36.22139933066439,36.26696014404297,5038000
3325,2012-06-12,36.039148297239755,36.859256744384766,35.902465873426806,36.859256744384766,7819000
3326,2012-06-11,35.90247001090666,37.1781901605118,35.765784095274896,37.041507720947266,9339000
3327,2012-06-08,35.26460603158845,35.76578189800312,34.808990975562935,35.082359313964844,11434000
3328,2012-06-07,35.8569091560874,36.08471671991531,35.26461157577534,35.90247344970703,10349000
3329,2012-06-06,35.08235543639042,35.492409636704416,34.945669544263545,34.991233825683594,9305000
3330,2012-06-05,35.08236317144851,35.53797827757122,34.900116433785946,35.173484802246094,11255000
3331,2012-06-04,34.17112687054802,35.082356920429305,33.9433193580777,34.854549407958984,10855000
3332,2012-06-01,35.173480432491175,35.173480432491175,34.71786538297151,34.808990478515625,13267000
3333,2012-05-31,35.72022586798994,35.72022586798994,34.80899563399054,35.53797912597656,20407000
3334,2012-05-30,35.53797665578277,36.175838470458984,34.717868111760886,36.175838470458984,20608000
3335,2012-05-29,34.62674425950745,36.312518576451396,34.49005835226679,36.03915023803711,15245000
3336,2012-05-28,34.17113498611186,34.49006418888853,34.125574168010566,34.26225662231445,17424000
3337,2012-05-25,35.17348534190435,35.53797882282181,34.171133483482514,34.39894104003906,14184000
3338,2012-05-24,35.12792669312724,35.90247451884799,35.08236587421842,35.4924201965332,14376000
3339,2012-05-23,35.99358645466757,36.358079859825075,34.945670521889795,35.44684982299805,31519000
3340,2012-05-22,38.043857181487326,38.089417991880495,36.904819541323036,36.995941162109375,6169000
3341,2012-05-21,35.40129471233111,37.31488037109375,35.40129471233111,37.31488037109375,7701000
3342,2012-05-18,36.950382885621906,36.950382885621906,35.35573008003715,35.40129089355469,10987000
3343,2012-05-17,37.72493517521393,37.81605681325253,37.17819491877931,37.67937088012695,8035000
3344,2012-05-16,37.588245521303946,37.770492255408584,36.67701532684809,36.72257614135742,7291000
3345,2012-05-15,35.99359620990175,37.63381002551918,35.99359620990175,37.58824920654297,10404000
3346,2012-05-14,37.04150831505613,37.5426842202989,36.22139976024628,36.4492073059082,6348000
3347,2012-05-11,36.49476753448744,37.58824443133986,36.358085094922906,37.041507720947266,12525000
3348,2012-05-10,36.813700769394195,36.90482239723205,36.4492073059082,36.4492073059082,9719000
3349,2012-05-09,36.677015708620594,37.22375244055817,36.54032978760251,36.81370162963867,14182000
3350,2012-05-08,36.99594768993283,37.63380957618704,36.904826053068355,37.31488037109375,10517000
3351,2012-05-07,38.317225465095056,38.317225465095056,36.90481948852539,36.90481948852539,23045000
3352,2012-05-04,37.1326296937281,39.3651443214479,37.04150806650168,39.228458404541016,14872000
3353,2012-05-03,36.995941162109375,37.58824212542161,36.72257282368335,36.995941162109375,13550000
3354,2012-05-02,35.21904522430669,37.40599540778192,35.21904522430669,36.995941162109375,27784000
3355,2012-04-30,34.44449373324272,35.53797044205783,34.17112542505561,34.991233825683594,19413000
3356,2012-04-27,34.12557134768115,34.17113216201704,33.71551706652348,33.761077880859375,9126000
3357,2012-04-26,34.58118731152411,34.717869757963946,33.71551791313553,34.125572204589844,6007000
3358,2012-04-25,34.76343456267292,34.945677827282886,34.35338026516557,34.49006271362305,7165000
3359,2012-04-24,34.21668761973444,35.1279176680686,34.21668761973444,34.763427734375,6859000
3360,2012-04-23,35.21904477289801,35.31016639251642,34.30781467244597,34.90011215209961,9379000
3361,2012-04-20,35.401284549930956,35.492409636704416,34.991233825683594,34.991233825683594,10439000
3362,2012-04-19,34.7178673585175,34.945674896240234,33.943323120687076,34.945674896240234,14651000
3363,2012-04-18,34.39894296553158,34.626750534839736,33.89776700826717,34.44450378417969,11408000
3364,2012-04-17,34.62674962060683,34.672310438052016,33.761080184878146,33.89776611328125,9265000
3365,2012-04-16,33.71551647812585,34.39893910943921,33.6243948510443,34.35337829589844,8465000
3366,2012-04-13,34.262256128910266,34.353381239868185,33.761080184878146,33.89776611328125,7941000
3367,2012-04-12,34.39894205731336,34.39894205731336,33.761080184878146,33.89776611328125,8679000
3368,2012-04-11,34.35338127897675,34.5356280250325,33.94332696936818,33.988887786865234,10493000
3369,2012-04-10,33.66996125742596,34.535630762764065,33.48771449692301,34.307823181152344,7368000
3370,2012-04-09,33.66994952392359,34.08000372314016,33.25989532470703,33.25989532470703,6311000
3371,2012-04-06,34.44449759183002,34.49005840228731,33.806635817226926,34.21669006347656,6226000
3372,2012-04-05,33.71552207853473,34.808999165484565,33.62440043631718,34.307823181152344,8252000
3373,2012-04-03,35.31017130863774,35.76578642229759,34.49006271362305,34.49006271362305,11439000
3374,2012-04-02,35.219049093712286,35.31017072450987,34.67230888072459,35.173484802246094,14867000
3375,2012-03-30,33.39658720196447,35.21904754638672,33.39658720196447,35.21904754638672,31072000
3376,2012-03-29,32.48536006059513,32.940975189208984,31.80193736767434,32.940975189208984,14998000
3377,2012-03-28,32.84984772636263,32.94097283120296,32.34867181597646,32.713165283203125,7300000
3378,2012-03-27,32.348665730936546,32.71315912959911,32.1208582257891,32.576473236083984,9152000
3379,2012-03-26,32.758721868899286,32.758721868899286,31.710805892944336,31.710805892944336,6812000
3380,2012-03-23,32.348665730936546,32.576473236083984,32.21197983742141,32.576473236083984,8379000
3381,2012-03-22,31.665251037316438,32.75872802734375,31.665251037316438,32.75872802734375,10190000
3382,2012-03-21,32.348670007737454,32.4397916314169,31.66524740194018,31.84749412536621,7405000
3383,2012-03-20,32.02974323768842,32.2119864986397,31.665249763651097,32.12086486816406,8159000
3384,2012-03-19,31.847499830621743,31.847499830621743,31.118516282392473,31.801939010620117,6793000
3385,2012-03-16,32.25754599439201,32.3486676113211,31.665245056152344,31.665245056152344,8163000
3386,2012-03-15,32.25755074652996,32.25755074652996,31.756371351386317,32.02974319458008,5497000
3387,2012-03-14,32.66760501885427,32.80429095492689,31.756374714550738,31.801939010620117,12311000
3388,2012-03-13,32.02974089883916,32.21198414648282,31.847494175128364,31.938615798950195,6277000
3389,2012-03-12,32.029740873851445,32.029740873851445,31.80193333840746,31.893054962158203,7784000
3390,2012-03-09,31.984178903336197,32.02974319458008,31.57412809068032,32.02974319458008,10196000
3391,2012-03-08,32.30311156170646,32.30311156170646,31.39188135390694,32.02974319458008,8483000
3392,2012-03-07,31.665247426714213,32.07530168572682,31.4830007031456,31.893054962158203,8072000
3393,2012-03-06,32.57647756849016,32.57647756849016,31.665247426714213,31.893054962158203,6526000
3394,2012-03-05,31.893059600439575,32.25755310058594,31.756373668867777,32.25755310058594,4595000
3395,2012-03-02,32.53091672732291,32.89540669806482,32.43979162758709,32.84984588623047,9072000
3396,2012-03-01,33.30546040482753,33.53326793629156,32.21198355858678,32.485355377197266,9766000
3397,2012-02-29,31.80193377866673,33.12321472167969,31.80193377866673,33.12321472167969,23106000
3398,2012-02-24,31.528557688463053,31.71080438991275,30.936260253834917,30.981821060180664,11366000
3399,2012-02-23,31.756370041338453,31.801934330702668,31.25519414293724,31.437440872192383,5305000
3400,2012-02-22,30.799575818571988,31.710805892944336,30.799575818571988,31.710805892944336,7899000
3401,2012-02-21,31.80193968045008,31.80193968045008,31.02739181983748,31.164077758789062,7891000
3402,2012-02-20,31.89305257454193,31.938613383006473,31.528559154691845,31.665245056152344,3389000
3403,2012-02-17,32.120863547721534,32.16642436108641,31.255194189519848,31.528562545776367,5979000
3404,2012-02-16,31.984174220042668,32.12086012162527,31.16406923874768,31.710805892944336,7099000
3405,2012-02-15,31.984180826820182,32.303113504370614,31.665251625337348,32.0753059387207,16501000
3406,2012-02-14,32.75872429205878,32.75872429205878,31.893054962158203,31.893054962158203,16809000
3407,2012-02-13,32.166426977225925,32.75872802734375,32.07530534308512,32.75872802734375,10545000
3408,2012-02-10,32.48535687508042,32.5309176882606,32.075302604324364,32.348670959472656,12507000
3409,2012-02-09,32.348670959472656,32.89540766976925,31.984177501896777,32.348670959472656,22065000
3410,2012-02-08,30.799574000720614,32.75871993541527,30.75401319490446,32.576473236083984,26641000
3411,2012-02-07,29.61498102895627,30.708457946777344,29.61498102895627,30.708457946777344,11363000
3412,2012-02-06,30.981824983525346,31.164071708053633,29.569418951548652,30.16171646118164,10527000
3413,2012-02-03,30.754010676718213,30.84513228088934,30.207274099558663,30.57176399230957,12066000
3414,2012-02-02,29.20492677185016,30.79957959766487,29.15936595775463,30.754018783569336,32408000
3415,2012-02-01,28.70375464445424,29.022685599221617,28.29370031146277,28.840438842773438,21824000
3416,2012-01-31,28.931558371416426,29.52385938204557,28.567066645052552,28.79487419128418,13660000
3417,2012-01-30,30.02503016999011,30.02503016999011,29.113800140406596,29.2504825592041,15045000
3418,2012-01-18,29.341614624033713,29.75166893005371,29.159367879572876,29.75166893005371,8403000
3419,2012-01-17,29.933909868564044,30.070595785287708,29.432733967356032,29.614980697631836,6436000
3420,2012-01-16,30.161712151923446,30.161712151923446,29.159360524326388,29.93390464782715,8325000
3421,2012-01-13,30.343963185709924,30.480649098122925,30.116155649066357,30.16171646118164,9271000
3422,2012-01-12,30.116155649066357,30.29840237359464,29.979473212720503,30.16171646118164,6577000
3423,2012-01-11,29.93391077408777,30.07059669494629,29.842789144226998,30.07059669494629,5856000
3424,2012-01-10,30.025033484693815,30.025033484693815,29.523857608307406,29.797225952148438,8526000
3425,2012-01-09,29.387171698353345,29.797225952148438,29.296050075762032,29.797225952148438,5541000
3426,2012-01-06,29.614979230898722,29.797225952148438,29.296050075762032,29.797225952148438,7357000
3427,2012-01-05,29.614980697631836,29.614980697631836,29.34161234025176,29.614980697631836,17016000
3428,2012-01-04,28.931553439276556,29.52385434893252,28.794869282445696,29.2504825592041,19288000
3429,2012-01-03,28.931561999850803,29.15936957465278,28.567070227774416,28.703754425048828,11161000
3430,2012-01-02,28.79487973001999,29.06824814286728,28.612632962765804,28.749317169189453,5899000
3431,2011-12-30,29.159366372204378,29.341613107244125,28.29369698781609,29.022682189941406,8722000
3432,2011-12-29,28.658190457895586,29.11380555746128,28.47594372285584,29.022682189941406,5768000
3433,2011-12-28,28.430382229216598,28.840434766213768,28.20257468487362,28.65818977355957,6066000
3434,2011-12-27,28.248135047126794,28.47594258782943,28.157011683239016,28.430381774902344,3229000
3435,2011-12-26,28.202571868896484,28.430379390493275,28.111448512651073,28.202571868896484,2564000
3436,2011-12-23,28.02032683361274,28.1114501953125,27.42802758961463,28.1114501953125,8928000
3437,2011-12-22,26.015624529894296,27.97477107737856,26.015624529894296,27.746963500976562,16333000
3438,2011-12-21,28.157006719291246,28.157006719291246,27.792515066031914,27.92919921875,5367000
3439,2011-12-20,28.0203325606752,28.202579321324052,26.92685547284992,27.063541412353516,5304000
3440,2011-12-19,28.475947050249395,28.475947050249395,27.473593366473843,27.746963500976562,4093000
3441,2011-12-16,28.11145402875572,28.430384969179403,27.61027634008027,28.157014846801758,8723000
3442,2011-12-15,26.607921545226358,27.70139670172179,26.33455145257729,27.564712524414062,7785000
3443,2011-12-14,26.744605801619603,26.881289979331516,26.197867352738342,26.65348243713379,7793000
3444,2011-12-13,26.699045370537192,26.972415485703014,26.516800365127065,26.74460792541504,8923000
3445,2011-12-12,27.33690643310547,27.610274802223042,27.154659695004618,27.33690643310547,3632000
3446,2011-12-09,27.564710112310035,27.564710112310035,27.017971712888926,27.29134178161621,10247000
3447,2011-12-08,28.02032683361274,28.1114501953125,27.564711763147493,28.1114501953125,9778000
3448,2011-12-07,28.020328499478307,28.20257523371277,27.564713401925815,27.974767684936523,6920000
3449,2011-12-06,27.97476770715055,28.111451888918104,27.83808178734933,28.020328521728516,9077000
3450,2011-12-05,28.065891472675876,28.33926159505352,27.838083906378074,28.157014846801758,6667000
3451,2011-12-02,28.065893173217773,28.202579111705443,27.79252477231025,28.065893173217773,9758000
3452,2011-12-01,28.749315913520487,28.749315913520487,27.838085593116872,28.065893173217773,12353000
3453,2011-11-30,27.154658795856786,27.154658795856786,26.56235952369185,26.881290435791016,11717000
3454,2011-11-29,26.83573129713698,27.01797630254711,26.425676993405123,26.74460792541504,7687000
3455,2011-11-28,25.423318404440057,26.6990401447497,25.24107343470063,26.106740951538086,9167000
3456,2011-11-25,24.785465473270925,25.195518075675793,24.60321871351282,24.967710494995117,11517000
3457,2011-11-24,25.05883321082423,25.286640785468084,24.32984966717743,24.55765724182129,23321000
3458,2011-11-23,26.744607185964412,26.744607185964412,25.286638492825396,25.423322677612305,17287000
3459,2011-11-22,28.248137475708923,28.248137475708923,26.562361181971156,26.74460792541504,8808000
3460,2011-11-21,27.974766794370858,28.248135148986314,27.519151711322692,27.564712524414062,8625000
3461,2011-11-18,28.020328499478307,28.111451866595537,27.610274216467598,27.974767684936523,7273000
3462,2011-11-17,28.384820704329258,28.52150488827277,27.929205599161744,28.248136520385742,5864000
3463,2011-11-16,28.977122179248454,29.113808111536187,28.202577832465053,28.384822845458984,11155000
3464,2011-11-15,28.70374465388091,28.840428804626068,28.475937156627886,28.612621307373047,8366000
3465,2011-11-14,28.52150788800606,28.931562220997527,28.29370031146277,28.840438842773438,12024000
3466,2011-11-11,27.564713000526066,27.883643911775245,27.291344641188854,27.83808135986328,5580000
3467,2011-11-10,27.382469177246094,27.564715928183148,27.336908358528742,27.382469177246094,15904000
3468,2011-11-09,28.339259889025982,28.475944072969497,28.1570131517455,28.248136520385742,10015000
3469,2011-11-08,28.20257479977268,28.430382345043757,27.70139715735613,27.79252052307129,8632000
3470,2011-11-07,28.567063555844662,28.93155524279284,27.33690259161528,28.202571868896484,14372000
3471,2011-11-04,29.068245764453778,29.387176712036133,28.33926223115169,28.4759464263916,14275000
3472,2011-11-03,28.703750825184798,28.931558371416426,28.020328186489923,28.79487419128418,19089000
3473,2011-11-02,28.020327954185788,28.65818977355957,27.5191520518447,28.65818977355957,11275000
3474,2011-11-01,27.33690488431625,28.61262676464429,27.291344071389165,28.430381774902344,23311000
3475,2011-10-31,27.336902590720694,27.42802594696312,26.79016419129959,27.29134178161621,14774000
3476,2011-10-28,27.336900246047982,27.56470774809838,26.926846047143936,27.154653549194336,14298000
3477,2011-10-27,27.336905527923065,27.883643986088256,26.790167069757874,26.881290435791016,14084000
3478,2011-10-26,26.699044587786194,27.33690643310547,26.65348377227783,27.33690643310547,6441000
3479,2011-10-25,27.6102767469005,27.6102767469005,27.109100788874336,27.382469177246094,7211000
3480,2011-10-24,27.382469177246094,27.792523497837553,27.245784983060215,27.382469177246094,11602000
3481,2011-10-21,27.06353719076524,27.24578218495213,26.60792209824753,26.926851272583008,7232000
3482,2011-10-20,27.428035141236172,27.564719352401603,27.017980769705837,27.10910415649414,7319000
3483,2011-10-19,27.33690498288998,27.746959252846775,27.29134416979861,27.564712524414062,8331000
3484,2011-10-18,27.33690643310547,27.655837355765104,26.83573051037868,27.33690643310547,13214000
3485,2011-10-17,28.703747721196045,28.703747721196045,27.88364099105428,28.202571868896484,12933000
3486,2011-10-14,28.33925675786467,29.022679340105622,28.111449230451022,28.56706428527832,12332000
3487,2011-10-13,28.47594045318971,28.47594045318971,28.111448762995575,28.339256286621094,8002000
3488,2011-10-12,29.022684945385087,29.022684945385087,28.248138854980468,28.4759464263916,7465000
3489,2011-10-11,27.382466788684702,29.022682189941406,27.382466788684702,29.022682189941406,20832000
3490,2011-10-07,27.01796939557076,27.154653549194336,27.01796939557076,27.154653549194336,1706000
3491,2011-10-06,27.109098647111562,27.519152935306558,26.790167727185864,27.20022201538086,16065000
3492,2011-10-05,26.65348243713379,26.972413343817326,26.51679825942188,26.65348243713379,8495000
3493,2011-10-04,25.970060043205986,26.83572940652631,25.51444495472869,26.7901668548584,14160000
3494,2011-10-03,26.653477594901226,26.926845900661252,26.015615897416765,26.152301788330078,13075000
3495,2011-09-30,25.833381955560046,27.154664980871267,25.24108254848715,27.10910415649414,19982000
3496,2011-09-29,25.514440797557672,26.288986669375912,25.19550993998153,25.651124954223633,15348000
3497,2011-09-28,24.922141371651247,25.605563886021756,24.78545721638381,25.514440536499023,20314000
3498,2011-09-27,23.91979119488012,24.37540626525879,23.509736936325893,24.37540626525879,10951000
3499,2011-09-26,22.7807559967041,22.7807559967041,22.7807559967041,22.7807559967041,6552000
3500,2011-09-23,22.78075617612196,22.963002920744444,21.91508674621582,21.91508674621582,21614000
3501,2011-09-22,24.466529910218846,24.557653272956333,23.555299758911133,23.555299758911133,22949000
3502,2011-09-21,25.058830707996815,25.560006626943277,24.739899787742846,25.286638259887695,20050000
3503,2011-09-20,25.970062255859375,26.1523090019912,25.46888631104753,25.970062255859375,9178000
3504,2011-09-19,25.970058192634134,26.061181551443063,25.56000394701072,25.8333740234375,7952000
3505,2011-09-16,26.1523090019912,26.24343063702333,25.69669387469542,25.970062255859375,26396000
3506,2011-09-15,25.970062255859375,26.1523090019912,25.78781550972755,25.970062255859375,15965000
3507,2011-09-14,25.97006115479365,26.152307893198667,25.05883093883598,25.423322677612305,22285000
3508,2011-09-13,25.74225232639036,25.970059869101778,25.65112896169907,25.696691513061523,6566000
3509,2011-09-09,25.78781550972755,26.24343063702333,25.605570501629508,25.970062255859375,12925000
3510,2011-09-08,25.970059916359727,26.061183281216838,25.514444830107802,25.787813186645508,13107000
3511,2011-09-07,25.058830686525678,25.37776160650638,24.967707318240663,25.241077423095703,8617000
3512,2011-09-06,24.648775293730974,24.876582835218443,24.28428357495774,24.694337844848633,10674000
3513,2011-09-05,25.742256616916194,25.742256616916194,24.876587115116067,24.967710494995117,12246000
3514,2011-09-02,26.79016787064516,26.79016787064516,26.061184396654507,26.334552764892578,6144000
3515,2011-09-01,26.74460531496174,27.564712104343762,26.243427688426248,26.38011360168457,27745000
3516,2011-08-31,26.061185244551112,26.74460792541504,25.605570123975163,26.74460792541504,11022000
3517,2011-08-30,25.742255137821175,26.516801215238484,25.605570944873133,26.243431091308594,27638000
3518,2011-08-29,25.970061391468324,26.106745577500888,25.28663872327179,25.560007095336914,19412000
3519,2011-08-26,26.28899251274811,26.425676699795478,25.37776228172068,25.60556983947754,19850000
3520,2011-08-25,26.38011656563909,27.336907637746712,25.878938882793463,25.970062255859375,13774000
3521,2011-08-24,25.970058192634134,25.970058192634134,25.19551224980852,25.8333740234375,9342000
3522,2011-08-23,25.05883200126782,26.061185628925287,24.60321687397204,25.970062255859375,15401000
3523,2011-08-22,25.05882887082679,25.241075594191685,24.147598730069454,24.37540626525879,14894000
3524,2011-08-19,24.14760188958835,25.01327133178711,23.236371629603884,25.01327133178711,27153000
3525,2011-08-18,24.64877700805664,24.831023749135348,24.329847818219502,24.64877700805664,16607000
3526,2011-08-17,25.92450071954012,25.970061535792933,24.193161893393608,24.64877700805664,26834000
3527,2011-08-16,26.288992748324695,26.288992748324695,25.696693440456,25.74225425720215,11705000
3528,2011-08-15,26.10674450627294,26.288991238860778,25.787813593261045,25.92449951171875,9709000
3529,2011-08-12,26.334547475586785,26.334547475586785,25.514440797557672,25.651124954223633,22080000
3530,2011-08-11,25.970058192634134,26.33454988983633,25.28663560861745,25.8333740234375,29118000
3531,2011-08-10,28.430386903118162,28.430386903118162,26.69904789105581,27.063541412353516,43071000
3532,2011-08-09,25.241079412921735,27.792523497837553,25.241079412921735,27.382469177246094,25136000
3533,2011-08-08,27.519158528024473,28.38482635742823,26.926857382917536,27.10910415649414,16427000
3534,2011-08-05,27.47358963473578,28.52150399623996,27.47358963473578,27.83808135986328,16397000
3535,2011-08-04,29.842790122430586,30.11615849704088,29.523860931396484,29.523860931396484,7122000
3536,2011-08-03,29.70610508882744,30.11615940108588,29.52386181766154,30.02503776550293,16082000
3537,2011-08-02,31.437441376664665,31.437441376664665,30.526211191833806,30.66289710998535,9887000
3538,2011-08-01,31.027379538411076,31.619680404663086,30.890697129629693,31.619680404663086,10390000
3539,2011-07-29,31.05488668990315,31.357648876351373,30.233099369723252,30.70886993408203,11831000
3540,2011-07-28,30.881884599079463,31.18464684716552,30.622373629311266,31.141395568847656,10826000
3541,2011-07-27,30.665619685189053,31.573909574623954,30.319602917851732,30.968381881713867,16573000
3542,2011-07-26,30.23310042426624,30.319602966308594,29.930334927397094,30.319602966308594,7100000
3543,2011-07-25,29.887086003399006,30.449362470411057,29.84383472898132,30.233102798461914,7056000
3544,2011-07-22,29.80058479309082,30.189852880055835,29.67082766414886,29.80058479309082,9129000
3545,2011-07-21,30.060094502987898,30.103345777552427,29.238307086818963,29.58432388305664,16339000
3546,2011-07-20,29.843833498032243,30.70887215014912,29.757330952764786,30.016841888427734,21659000
3547,2011-07-19,29.19505954731511,29.757336088170828,28.97879984696463,29.497821807861328,12948000
3548,2011-07-18,29.41131659613715,29.41131659613715,28.719286277376682,29.195056915283203,7351000
3549,2011-07-15,29.454561462709535,29.584318562929717,29.151799295342617,29.41131019592285,13930000
3550,2011-07-14,29.714072363289766,29.84382946350995,29.1950505621293,29.41131019592285,8249000
3551,2011-07-13,29.757326929936585,29.887080730296635,29.281553095702666,29.41131019592285,13780000
3552,2011-07-12,29.108556540580196,29.75733563167906,29.108556540580196,29.67082977294922,11170000
3553,2011-07-11,29.93033951682208,29.93033951682208,29.411317585261845,29.45456886291504,15767000
3554,2011-07-08,30.10334587097168,30.449362668283143,29.930337472315944,30.10334587097168,8033000
3555,2011-07-07,30.579115032387357,30.622369604881662,30.016841888427734,30.016841888427734,14311000
3556,2011-07-06,29.800580074877026,30.88187831199259,29.584320427453914,30.70886993408203,17013000
3557,2011-07-05,29.930340749416544,29.930340749416544,29.32481623761315,29.67082977294922,14748000
3558,2011-07-04,29.627573835003023,30.362855369358137,29.238305781578312,30.016841888427734,20029000
3559,2011-07-01,29.757336088170828,29.84383864836656,29.497821807861328,29.497821807861328,11225000
3560,2011-06-30,29.022042195122435,29.541067296143034,28.892288394762385,29.41131019592285,15568000
3561,2011-06-29,28.113759635250997,28.892295837402344,28.113759635250997,28.892295837402344,10392000
3562,2011-06-28,28.11375828709118,28.935545727762936,27.98400115966797,27.98400115966797,11003000
3563,2011-06-27,28.200260838799437,28.37326924207678,27.94074988381384,27.98400115966797,5388000
3564,2011-06-24,28.200259966434526,28.45977421325297,27.89749774496064,28.33001708984375,8787000
3565,2011-06-23,29.195054984031255,29.238306257368805,28.027254104614258,28.027254104614258,10507000
3566,2011-06-22,29.281557986774562,29.411315108668845,28.762536098918797,29.02204704284668,6816000
3567,2011-06-21,28.89229298580674,29.23830647494259,28.676033317649086,29.065298080444336,9867000
3568,2011-06-20,29.195056597696862,29.195056597696862,28.50302628646436,28.71928596496582,8067000
3569,2011-06-17,28.33001708984375,28.719285160210692,28.200259966434526,28.33001708984375,6742000
3570,2011-06-16,28.978796107168414,29.108553230577638,28.33001708984375,28.33001708984375,8736000
3571,2011-06-15,29.84383864836656,29.84383864836656,29.45457052776346,29.497821807861328,13823000
3572,2011-06-14,29.281563085745564,29.843839645385742,28.978800815084707,29.843839645385742,11115000
3573,2011-06-13,29.324812322122046,29.324812322122046,28.89229298580674,29.065298080444336,9748000
3574,2011-06-10,29.843836961515695,29.843836961515695,29.281560452441305,29.45456886291504,13333000
3575,2011-06-09,29.195059099448937,29.843838190547803,29.195059099448937,29.67082977294922,12315000
3576,2011-06-08,29.36806531993853,29.757333405447813,28.97879723442925,29.195056915283203,14211000
3577,2011-06-07,29.411318307552808,30.146599945297208,29.238309892830287,29.32481575012207,20474000
3578,2011-06-03,27.940752625310083,29.627578948016076,27.940752625310083,29.497821807861328,22378000
3579,2011-06-02,27.508230760119194,28.200261079268817,27.508230760119194,27.940750122070312,9263000
3580,2011-06-01,28.33001708984375,28.45977421325297,27.767740621551415,28.33001708984375,14796000
3581,2011-05-31,27.940751341689158,28.676036269017896,27.940751341689158,28.157011032104492,25913000
3582,2011-05-30,27.68123770176006,28.459773832066336,27.46497803221506,27.76774024963379,21067000
3583,2011-05-27,26.34042886033626,27.984000397027103,26.08091626249268,27.681238174438477,22275000
3584,2011-05-26,25.95115976885331,26.383679098334195,25.821404299995102,26.16741943359375,9710000
3585,2011-05-25,25.864659046813294,25.864659046813294,25.605148074242365,25.648399353027344,4874000
3586,2011-05-24,25.951162338256836,26.037666542703786,25.561894243210798,25.951162338256836,5113000
3587,2011-05-23,25.951165919114857,26.253929851490668,25.86466170273167,26.037670135498047,5616000
3588,2011-05-20,26.816201632140114,26.816201632140114,26.21067383853894,26.383682250976562,5183000
3589,2011-05-19,26.383681331577087,26.945956177509853,26.383681331577087,26.643192291259766,8573000
3590,2011-05-18,26.167422799361333,26.340431213378906,25.907911828265494,26.340431213378906,6637000
3591,2011-05-17,26.167423007006327,26.38368270127911,25.994414591615893,26.210674285888672,6450000
3592,2011-05-16,26.08091879931111,26.340431422396765,25.73490361846077,26.210674285888672,6775000
3593,2011-05-13,26.21067070656972,26.253923629475988,25.821404299995102,26.16741943359375,8196000
3594,2011-05-12,25.47539004884747,26.210671614490412,25.38888584996878,25.907909393310547,14904000
3595,2011-05-11,24.826612104477768,25.561893701879406,24.826612104477768,25.51864242553711,10489000
3596,2011-05-10,25.08612341604347,25.1293746929955,24.696855323753372,24.78335952758789,8675000
3597,2011-05-09,25.691649803350128,25.734901077962796,25.215877532958984,25.215877532958984,6532000
3598,2011-05-06,25.951163254313776,25.994414533098755,25.4753925879569,25.648399353027344,4802000
3599,2011-05-05,25.605148131883208,26.253927214701548,25.21588002221999,26.210674285888672,14964000
3600,2011-05-04,25.129375757954964,25.77815483931281,24.869864785384035,25.648399353027344,19014000
3601,2011-05-03,24.437343695582403,25.086122731748308,24.437343695582403,24.999618530273438,9305000
3602,2011-04-29,23.788566420563555,24.437345504760742,23.572306725831158,24.437345504760742,7080000
3603,2011-04-28,23.875072005054747,24.00482749938965,23.44255259065133,24.00482749938965,4709000
3604,2011-04-27,24.048079245683553,24.134583460222405,23.745316969693565,23.831819534301758,5735000
3605,2011-04-26,23.61555936645432,24.00482749938965,23.57230808498623,24.00482749938965,6585000
3606,2011-04-25,23.831818095822477,23.831818095822477,23.442551628789612,23.702062606811523,2448000
3607,2011-04-22,23.78856658935547,23.831817868636623,23.615558172369756,23.78856658935547,6090000
3608,2011-04-21,23.529054864919267,23.702061626467934,23.226290969795983,23.442550659179688,7802000
3609,2011-04-20,23.139785095497416,23.35604476928711,22.837021222205767,23.35604476928711,5023000
3610,2011-04-19,22.923532243262095,23.269547494306295,22.923532243262095,23.01003646850586,3500000
3611,2011-04-18,23.356047616564357,23.442551826611822,23.09653663635254,23.09653663635254,6306000
3612,2011-04-15,22.923525072206512,23.010029270389587,22.491005731221485,22.837020874023438,3285000
3613,2011-04-14,22.923519360273126,22.96677062362242,22.707259743666775,22.880268096923828,4820000
3614,2011-04-13,22.75051903985108,22.837023247022824,22.53425934688698,22.70726776123047,4474000
3615,2011-04-12,22.534256004256413,22.750515665141524,22.404500537711403,22.5775089263916,8151000
3616,2011-04-11,23.788571195838024,23.831822483494474,22.923532243262095,23.01003646850586,8241000
3617,2011-04-08,24.00482605844545,24.6103538622343,23.831817643097054,23.875070571899414,5719000
3618,2011-04-07,23.961576217921557,24.00482749938965,23.788567792187937,24.00482749938965,3203000
3619,2011-04-06,24.00482749938965,24.091331712256455,23.65881229785304,24.00482749938965,7186000
3620,2011-04-01,23.788566831479187,23.91832232057387,23.572307133011194,23.745315551757812,5779000
3621,2011-03-31,24.394095632324973,24.394095632324973,23.74531651071985,24.00482749938965,8169000
3622,2011-03-30,23.485802750341268,24.913116419712072,23.485802750341268,24.394094467163086,11679000
3623,2011-03-29,22.837020780605098,23.658808185087143,22.793769506655657,23.48579978942871,5569000
3624,2011-03-28,23.485802631454973,23.485802631454973,22.620763848344804,23.22629165649414,7122000
3625,2011-03-25,22.966776252383752,23.875067854695015,22.923524978434312,23.48579978942871,8961000
3626,2011-03-24,23.01002948848849,23.269540435567123,22.707265616943175,22.750516891479492,7675000
3627,2011-03-23,23.183033869803864,23.183033869803864,22.577507838461862,22.92352294921875,4364000
3628,2011-03-22,23.269534416857297,23.31278733013653,22.8370151836446,22.880268096923828,3515000
3629,2011-03-21,23.139787432394098,23.442551336261996,22.880276457610492,23.18303871154785,3202000
3630,2011-03-18,22.707272505118112,23.22629620664984,22.534264054630583,23.01003646850586,6037000
3631,2011-03-17,21.842223290948695,22.880270206332153,21.842223290948695,22.793766021728516,6225000
3632,2011-03-16,23.139781110212972,23.139781110212972,22.57750638518447,22.793766021728516,7185000
3633,2011-03-15,22.83702419447403,23.35604780910697,21.582718913202562,22.447757720947266,11613000
3634,2011-03-14,22.966779015918,23.399298407177703,22.79377224937244,23.18303871154785,6735000
3635,2011-03-11,24.22108646063536,24.350841950974075,23.658811569213867,23.658811569213867,12829000
3636,2011-03-10,25.086123884769908,25.086123884769908,24.610353229686122,24.65360450744629,6631000
3637,2011-03-09,25.951164192256062,25.951164192256062,25.215880876822688,25.34563636779785,4708000
3638,2011-03-08,25.864658133809886,26.08091781996203,25.734902652104697,25.951162338256836,3579000
3639,2011-03-07,26.21067092096939,26.383679314149052,25.994411254459973,26.080915451049805,1831000
3640,2011-03-04,26.297178044757754,27.1189655289407,26.167422560394787,26.383682250976562,7028000
3641,2011-03-03,25.648398211187313,26.03766630264442,25.302383046520138,25.994413375854492,8801000
3642,2011-03-02,25.95116319327519,25.95116319327519,25.086124420166016,25.086124420166016,6724000
3643,2011-03-01,25.4753942749344,26.383684389010032,25.43214134335469,26.29718017578125,7623000
3644,2011-02-25,24.567098725951833,25.56189289999141,24.13457937637546,25.12937355041504,8823000
3645,2011-02-24,24.307587776748456,24.394091976651836,23.918319702148438,23.918319702148438,4255000
3646,2011-02-23,23.529056803518138,24.264338488059447,23.529056803518138,24.00482749938965,6534000
3647,2011-02-22,24.177833212503565,24.177833212503565,23.399297033980382,23.615556716918945,7259000
3648,2011-02-21,24.783360931574823,24.783360931574823,24.26433732909529,24.394094467163086,3269000
3649,2011-02-18,24.82661291834793,24.8698641961081,24.39409354102431,24.65360450744629,4542000
3650,2011-02-17,24.35084176442384,24.523850183503775,24.264337554883873,24.30759048461914,6353000
3651,2011-02-16,24.86985972949437,24.86985972949437,24.134576590114584,24.221080780029297,3445000
3652,2011-02-15,23.78856658935547,24.13458177339635,23.44255140531459,23.78856658935547,7518000
3653,2011-02-14,23.96157027346503,24.523845042712573,23.529050966362266,24.048072814941406,11536000
3654,2011-02-11,24.913116349970963,24.913116349970963,23.39929847610289,23.78856658935547,12877000
3655,2011-02-10,24.913116455078125,25.215880361115193,24.783360966756682,24.913116455078125,9247000
3656,2011-02-09,26.0376648666634,26.340428737773625,25.864656468906023,25.907909393310547,8094000
3657,2011-02-08,26.7729495587687,26.7729495587687,25.51864273067843,25.994413375854492,9971000
3658,2011-01-28,26.643190620237785,26.8161990157957,26.426930950755562,26.599939346313477,4287000
3659,2011-01-27,26.816200697668513,26.945956177509853,26.643192291259766,26.643192291259766,5851000
3660,2011-01-26,26.59994081364841,26.816200495060183,26.556689537338226,26.77294921875,4429000
3661,2011-01-25,26.383679676831253,26.686443544092434,26.383679676831253,26.599939346313477,3097000
3662,2011-01-24,26.8161990157957,26.8161990157957,26.47018387461021,26.599939346313477,3713000
3663,2011-01-21,26.167421217887632,26.816200256347656,26.08091701610688,26.816200256347656,5614000
3664,2011-01-20,26.383677992998756,26.599937648679074,26.340426721834785,26.5134334564209,2646000
3665,2011-01-19,26.5999410146228,26.686445217827174,26.21067292516834,26.643192291259766,3626000
3666,2011-01-18,26.16742000734903,26.643190620237785,26.080915809570072,26.599939346313477,4482000
3667,2011-01-17,26.21067070656972,26.253923629475988,26.080915237711512,26.16741943359375,2518000
3668,2011-01-14,26.38368270127911,26.38368270127911,26.08091879931111,26.210674285888672,2909000
3669,2011-01-13,26.81620380522331,26.81620380522331,26.08092046767461,26.29718017578125,4354000
3670,2011-01-12,26.816197304359388,26.902701496617563,26.470182185256927,26.5134334564209,4631000
3671,2011-01-11,26.599942693123218,26.90270659847821,26.297178787768228,26.729698181152344,15766000
3672,2011-01-10,25.43213520086137,26.556686401367188,25.172624273784002,26.556686401367188,13192000
3673,2011-01-07,24.95636220146315,25.042866385423093,24.30758329665872,24.82660675048828,15786000
3674,2011-01-06,25.734901787689637,25.99441274238325,24.956367273678385,25.042871475219727,12629000
3675,2011-01-05,25.951161104090076,26.124169504756164,25.388886276820866,25.734901428222656,6381000
3676,2011-01-04,26.59994139671326,26.643192673971498,25.907911060998597,25.951162338256836,7796000
3677,2011-01-03,26.51343514853452,26.77294774187139,26.47018387461021,26.599939346313477,2109000
3678,2010-12-31,26.72969527400547,26.72969527400547,26.470184326171875,26.470184326171875,1870000
3679,2010-12-30,26.72969649446414,26.85945197430548,26.34043005494012,26.643192291259766,3792000
3680,2010-12-29,26.599942693123218,26.729698181152344,26.383682996431162,26.729698181152344,2698000
3681,2010-12-28,26.686445217827174,26.72969649446414,26.167421648531374,26.643192291259766,2158000
3682,2010-12-27,26.556686401367188,26.729693136108686,26.38367801669545,26.556686401367188,1526000
3683,2010-12-24,26.816202389815277,26.816202389815277,26.556691413757026,26.729698181152344,1190000
3684,2010-12-23,26.94595573405358,26.94595573405358,26.729696054566904,26.816200256347656,1472000
3685,2010-12-22,26.81620169915068,27.032461390272864,26.772950420898447,26.94595718383789,4156000
3686,2010-12-21,26.599940576860984,26.90270445812841,26.47018509915506,26.816200256347656,2191000
3687,2010-12-20,27.205467080835838,27.205467080835838,26.253924205127987,26.599939346313477,4988000
3688,2010-12-17,27.032460926469334,27.11896513142013,26.85945251656774,27.075712203979492,7797000
3689,2010-12-16,26.9027056827693,27.032461166381836,26.72969727133226,27.032461166381836,6434000
3690,2010-12-15,27.24871746138401,27.24871746138401,26.729693941657306,26.90270233154297,11962000
3691,2010-12-14,27.20546867231755,27.335224151611328,27.032460266638886,27.335224151611328,8298000
3692,2010-12-13,27.24872085571289,27.24872085571289,26.72969727133226,27.032461166381836,10270000
3693,2010-12-10,27.464978147798018,27.464978147798018,26.7296949382646,27.162214279174805,5989000
3694,2010-12-09,27.205464438850832,27.551479546434003,27.075707329818236,27.464975357055664,13229000
3695,2010-12-08,27.03246132272189,27.075712600866044,26.383682250976562,26.383682250976562,4431000
3696,2010-12-07,26.902705905585655,27.032461390272864,26.47018652334129,26.94595718383789,8072000
3697,2010-12-06,26.94595740844999,26.98921033699327,26.772950644068423,26.859453201293945,5304000
3698,2010-12-03,26.340431717064966,26.816202389815277,26.210674579105294,26.729698181152344,8928000
3699,2010-12-02,25.994416254445827,26.383684389010032,25.994416254445827,26.29718017578125,13464000
3700,2010-12-01,25.907905782893163,26.037661238163835,25.47538649870416,25.821401596069336,7587000
3701,2010-11-30,26.16742034001625,26.210671614490412,25.907909393310547,25.907909393310547,10321000
3702,2010-11-29,26.167419647639633,26.297175117559224,25.951159981130218,26.080915451049805,5891000
3703,2010-11-26,26.08091781996203,26.08091781996203,25.864658133809886,25.951162338256836,10710000
3704,2010-11-25,25.302383046520138,26.080917579503897,25.302383046520138,25.994413375854492,13781000
3705,2010-11-24,25.086121844430252,25.345632789745324,25.04287057018786,25.30238151550293,4731000
3706,2010-11-23,25.259130241260536,25.43213698816046,25.12937311867265,25.30238151550293,9386000
3707,2010-11-22,24.65360503361143,25.129375698849266,24.65360503361143,25.086124420166016,4428000
3708,2010-11-19,25.1293746929955,25.172627619877986,24.65360404680134,24.78335952758789,4651000
3709,2010-11-18,25.172625249584872,25.215876522464296,24.869861389638,24.95636558532715,3542000
3710,2010-11-17,24.869863072137044,25.042871475219727,24.567099191707555,25.042871475219727,6632000
3711,2010-11-16,24.913116455078125,24.913116455078125,24.65360547843524,24.913116455078125,4504000
3712,2010-11-15,24.69685937071735,24.7401123046875,24.437348366619343,24.7401123046875,4771000
3713,2010-11-12,24.653602363696052,24.869862033553037,24.221083023982086,24.696853637695312,9275000
3714,2010-11-11,24.783359990657278,24.783359990657278,24.5238490242353,24.65360450744629,4927000
3715,2010-11-10,24.17783340060718,24.78335952758789,24.004824992938147,24.78335952758789,7580000
3716,2010-11-09,24.350842700926254,24.350842700926254,23.875072005054747,24.00482749938965,6952000
3717,2010-11-08,24.65359963443952,24.65359963443952,24.221080342607248,24.3508358001709,9817000
3718,2010-11-05,24.74010723586887,24.74010723586887,24.22108368408105,24.480594635009766,14834000
3719,2010-11-04,24.65360450744629,24.74010871289711,24.5238490242353,24.65360450744629,8372000
3720,2010-11-03,24.653601138084976,24.826609525341887,24.134577626244504,24.523845672607422,18199000
3721,2010-11-02,24.65360450744629,24.74010871289711,24.39409354102431,24.65360450744629,11643000
3722,2010-11-01,24.307589335573493,24.696855785206456,24.307589335573493,24.65360450744629,20924000
3723,2010-10-29,24.56710146330848,24.56710146330848,24.177834995274473,24.30759048461914,9438000
3724,2010-10-28,23.78856781554649,24.567102432250977,23.48580389518068,24.567102432250977,21577000
3725,2010-10-27,24.004826285622336,24.04807756490349,23.78856658935547,23.78856658935547,9483000
3726,2010-10-26,24.17783447379384,24.221085752665676,23.658810877679187,23.875070571899414,10408000
3727,2010-10-25,23.788563798002947,24.134578941442374,23.702059599660505,24.091327667236328,17937000
3728,2010-10-22,23.26954344826714,23.702062849349915,23.053283747725754,23.658811569213867,19662000
3729,2010-10-21,23.31279633650591,23.31279633650591,22.66401723604579,23.09653663635254,12010000
3730,2010-10-20,22.058489415644114,23.09653663635254,21.97198520559665,23.09653663635254,19053000
3731,2010-10-19,22.05848650628809,22.231494903564453,21.842226834657815,22.231494903564453,16594000
3732,2010-10-18,22.27474468829585,22.361248881149066,21.885476645421495,22.05848503112793,12080000
3733,2010-10-15,22.05848503112793,22.18824049544263,21.97198083827471,22.05848503112793,19845000
3734,2010-10-14,21.258329309285376,21.971985334003868,21.258329309285376,21.84222984313965,22784000
3735,2010-10-13,21.150199024223745,21.150199024223745,20.717679630271775,20.825809478759766,7772000
3736,2010-10-12,21.2366989573663,21.27995188137204,20.912309452009804,21.04206657409668,8872000
3737,2010-10-11,21.452957835424467,21.452957835424467,21.193446900694205,21.279951095581055,5933000
3738,2010-10-08,21.755721025034312,21.755721025034312,21.38808027045835,21.4962100982666,5351000
3739,2010-10-07,21.798973946115755,21.798973946115755,21.344827349376907,21.4962100982666,5821000
3740,2010-10-06,21.625967123353924,21.84222679458746,21.474586013462588,21.56108856201172,7755000
3741,2010-10-05,21.755722935099552,21.798975859978427,21.12856954876409,21.452959060668945,9955000
3742,2010-10-04,22.058485930049656,22.058485930049656,21.712470794466313,21.798974990844727,7447000
3743,2010-10-01,21.92873046044719,22.101737203273707,21.755722067690364,21.798974990844727,8841000
3744,2010-09-30,21.84222771620549,21.971983194434486,21.604342397797254,21.92873191833496,11408000
3745,2010-09-29,21.40971066468788,21.885481352819813,21.40971066468788,21.755725860595703,20478000
3746,2010-09-28,20.544671921968703,21.323206527972975,20.50142064105259,21.128572463989258,17070000
3747,2010-09-27,20.587917649592523,20.674421838022106,20.350032368858795,20.479787826538086,11309000
3748,2010-09-24,20.60954493414754,20.69604747264696,20.350032368858795,20.479787826538086,12822000
3749,2010-09-23,20.760927766367935,20.782553402805174,20.458163906455674,20.609546661376953,10511000
3750,2010-09-21,20.76093112099487,20.84743533065179,20.393290292366142,20.69605255126953,11863000
3751,2010-09-20,21.085322738556844,21.171826956701175,20.52304779551481,20.674428939819336,10441000
3752,2010-09-17,21.236704482317855,21.388087280826248,21.020444755817955,21.085323333740234,9780000
3753,2010-09-16,21.38808282495356,21.561089580151762,21.193448781666458,21.2367000579834,5024000
3754,2010-09-15,21.085318742271184,21.366456985473633,21.085318742271184,21.366456985473633,9679000
3755,2010-09-14,21.215073320328603,21.215073320328603,20.955562376015546,21.04206657409668,7954000
3756,2010-09-13,21.106944816847058,21.301578862326487,20.73930401422071,21.193449020385742,13962000
3757,2010-09-10,21.36645982904347,21.517840964803504,20.84743619940379,21.063695907592773,9524000
3758,2010-09-09,21.928729720378083,21.971980992142456,21.150195279107614,21.34482765197754,8013000
3759,2010-09-08,21.539465312769234,21.971984703186006,21.279954338491383,21.47458839416504,10596000
3760,2010-09-07,21.23670270535367,21.84223054885864,21.23670270535367,21.6259708404541,16291000
3761,2010-09-06,20.674425449084083,21.539464184610033,20.674425449084083,21.193449020385742,20605000
3762,2010-09-03,19.917513823722945,20.285156225855946,19.917513823722945,20.24190330505371,13929000
3763,2010-09-02,19.98239730994006,20.06890152295629,19.7661376023648,19.895893096923828,19392000
3764,2010-09-01,20.501415832898733,20.501415832898733,19.636377218007315,19.658002853393555,29505000
3765,2010-08-31,21.45296043215526,21.45296043215526,20.652800244941247,21.02044105529785,14735000
3766,2010-08-30,21.6259708404541,21.84223054885864,21.431336772903887,21.6259708404541,4521000
3767,2010-08-27,21.53946158037735,21.604340137669823,21.323201922642777,21.409706115722656,7187000
3768,2010-08-26,21.625969053373915,21.842228743907654,21.32320515664058,21.60434341430664,14606000
3769,2010-08-25,22.318000995956666,22.318000995956666,21.669221878051758,21.669221878051758,14340000
3770,2010-08-24,22.491009001362265,22.664017422883443,22.27474929942609,22.447757720947266,9045000
3771,2010-08-23,22.534256004256413,22.750515665141524,22.4910047320515,22.5775089263916,5481000
3772,2010-08-20,22.923524053821723,22.923524053821723,22.5775089263916,22.5775089263916,7335000
3773,2010-08-19,22.83701875904698,23.01002713939052,22.75051456887521,22.92352294921875,9891000
3774,2010-08-18,23.053276925609335,23.139781110212972,22.70726183712488,22.793766021728516,10605000
3775,2010-08-17,23.312790980026616,23.312790980026616,22.92352294921875,22.92352294921875,3833000
3776,2010-08-16,22.923524620890202,23.05328009064503,22.88027334761537,22.96677589416504,3628000
3777,2010-08-13,23.183035560399855,23.183035560399855,22.837020424410216,22.96677589416504,12216000
3778,2010-08-12,22.75051456887521,23.09653132956229,22.75051456887521,22.92352294921875,8914000
3779,2010-08-11,22.491003648290093,23.183033869803864,22.491003648290093,22.92352294921875,13913000
3780,2010-08-10,23.18303842577928,23.269542632951023,22.620763554058723,22.70726776123047,17118000
3781,2010-08-09,23.139787432394098,23.5723068236538,23.09653615324034,23.18303871154785,10667000
3782,2010-08-06,23.26954080653323,23.312793731689453,22.966776930161213,23.312793731689453,15834000
3783,2010-08-05,24.65360304188786,24.826611442504838,22.96677691062864,23.269540786743164,38973000
3784,2010-08-04,25.432139056642708,25.432139056642708,24.43734481878448,24.65360450744629,13426000
3785,2010-08-03,25.605148999678764,25.605148999678764,25.086125385847527,25.34563636779785,10649000
3786,2010-08-02,25.086119109409964,25.60514259338379,25.086119109409964,25.60514259338379,6958000
3787,2010-07-30,25.129375698849266,25.129375698849266,24.869864726888725,25.086124420166016,4102000
3788,2010-07-29,25.172626495361328,25.302381970351412,24.653602945470606,25.172626495361328,10640000
3789,2010-07-28,25.172626495361328,25.25913069533151,24.95636682040106,25.172626495361328,9121000
3790,2010-07-27,25.518644789051795,25.648400280026955,25.34563636779785,25.34563636779785,4555000
3791,2010-07-26,25.51864242553711,25.561893701879406,25.388886946579785,25.51864242553711,3179000
3792,2010-07-23,25.7349025721782,25.7349025721782,25.345634478341136,25.388887405395508,9338000
3793,2010-07-22,25.951164192256062,25.994415472604253,25.259133807101467,25.34563636779785,10312000
3794,2010-07-21,25.950613830243544,26.072829909632592,25.706180117403676,25.828397750854492,12532000
3795,2010-07-20,25.66543925639634,26.072827181101044,25.58396136064308,25.950611114501953,9911000
3796,2010-07-19,25.86913007446217,26.03208584616209,25.46174219927379,25.909868240356445,7446000
3797,2010-07-16,25.62470030362192,26.072826385498047,25.421006347485218,26.072826385498047,17690000
3798,2010-07-15,25.421008262639635,25.583962507388623,25.25805246382897,25.543224334716797,6297000
3799,2010-07-14,25.135833411942244,25.787653421789415,25.135833411942244,25.421005249023438,19108000
3800,2010-07-13,24.932139104860966,25.01361699343159,24.728445160465146,24.891399383544922,5563000
3801,2010-07-12,25.054355160686168,25.054355160686168,24.769183327719723,24.891399383544922,6992000
3802,2010-07-09,24.769184565060122,24.932140350341797,24.606230333839992,24.932140350341797,13469000
3803,2010-07-08,24.23958338101705,24.44327735900879,24.07662757699897,24.44327735900879,10559000
3804,2010-07-07,24.361798715935546,24.361798715935546,23.87293287281389,24.035888671875,6987000
3805,2010-07-06,23.709977281650485,24.361797332763672,23.62849938674594,24.361797332763672,6928000
3806,2010-07-05,23.01741645239582,23.750714364845688,22.976678283839195,23.709976196289062,5350000
3807,2010-07-02,23.628506526356404,23.628506526356404,22.85446862197163,22.89520835876465,9274000
3808,2010-07-01,23.791457262489608,23.791457262489608,23.424807480303645,23.465545654296875,1794000
3809,2010-06-30,23.628499414166832,23.99514916463199,23.628499414166832,23.83219337463379,7862000
3810,2010-06-29,24.07662684460944,24.484014788200543,23.87293287281389,24.035888671875,4997000
3811,2010-06-28,24.28032081640499,24.28032081640499,23.913672599610006,24.035888671875,4681000
3812,2010-06-25,24.321059736527335,24.402537633355454,24.117365771487844,24.158103942871094,3385000
3813,2010-06-24,24.565492409716846,24.891402450088982,24.4840145111084,24.4840145111084,4395000
3814,2010-06-23,24.646970308325294,24.646970308325294,24.32106026795316,24.4840145111084,4287000
3815,2010-06-22,24.809921689493056,24.891398019537444,24.361794103942017,24.68770408630371,7087000
3816,2010-06-21,24.2395857508507,24.932145654544524,24.03589175294439,24.769189834594727,20925000
3817,2010-06-18,24.2395812955677,24.2395812955677,23.587761243698075,23.83219337463379,6208000
3818,2010-06-17,23.832194700079448,24.158104744139997,23.79145652734501,24.035888671875,6742000
3819,2010-06-15,23.547022527074144,24.158104434631753,23.343328557888274,23.79145622253418,5928000
3820,2010-06-14,23.628501675991888,23.832195655957335,23.506285598824967,23.54702377319336,2872000
3821,2010-06-11,23.2211090733003,23.547019065271176,23.139631186792226,23.50628089904785,6753000
3822,2010-06-10,22.935946541495614,22.935946541495614,22.61003641746173,22.89520835876465,5080000
3823,2010-06-09,22.36559854532158,22.569292515482754,22.243380919975543,22.44707489013672,11234000
3824,2010-06-08,22.406336630500967,22.56929242762018,22.1619044888838,22.284120559692383,7068000
3825,2010-06-07,22.40633816753241,22.77298795917128,22.202644184191207,22.569293975830078,9024000
3826,2010-06-04,24.117367759290257,24.117367759290257,23.58776371734887,23.628501892089844,8018000
3827,2010-06-03,23.832194700079448,24.07662684460944,23.79145652734501,24.035888671875,5085000
3828,2010-06-02,23.628501892089844,23.75071797037451,23.465546085002455,23.628501892089844,6471000
3829,2010-06-01,23.465547171854233,23.791458801124232,23.261853180591395,23.75071907043457,5576000
3830,2010-05-31,23.628498305114295,23.709976196289062,23.465542522764764,23.709976196289062,5638000
3831,2010-05-28,23.34332957825546,23.791457262489608,23.22111350221405,23.465545654296875,17266000
3832,2010-05-27,23.017414986503656,23.302586810423065,22.772982882607828,23.05815315246582,13896000
3833,2010-05-26,22.08042543941446,23.302589191920113,22.08042543941446,23.221111297607422,21732000
3834,2010-05-25,22.12116571522286,22.12116571522286,21.387867704730166,21.795255661010742,11494000
3835,2010-05-24,22.284121445272696,22.569293324533344,22.08042746780962,22.324859619140625,5147000
3836,2010-05-21,21.754517702624074,22.20264383734955,21.673039799748057,21.876733779907227,18864000
3837,2010-05-20,22.406338332989893,22.610032317835255,22.12116644339403,22.20264434814453,9494000
3838,2010-05-19,22.447070179850297,22.569287779550226,21.998944161155006,22.40633201599121,17876000
3839,2010-05-18,23.261849492141693,23.424805280938067,22.202641527149993,22.69150733947754,16764000
3840,2010-05-17,23.424804231200856,23.547020290290472,23.139632390617415,23.26184844970703,15690000
3841,2010-05-14,23.66924116311707,23.791458801124232,23.424808995226396,23.75071907043457,5917000
3842,2010-05-13,23.62849706307697,23.832191003275913,23.587758896661757,23.669235229492188,4821000
3843,2010-05-12,23.343326795165954,23.5470207489703,23.221110733695653,23.4248046875,8852000
3844,2010-05-11,23.709976533638393,23.79145442597244,23.221110733695653,23.4248046875,13997000
3845,2010-05-10,23.05815330028415,23.70997483828733,23.05815330028415,23.50628089904785,12299000
3846,2010-05-07,22.202640532181682,23.50628212194777,22.039684750687854,23.26184844970703,18346000
3847,2010-05-06,22.528548061629806,22.610025943409312,22.40633201599121,22.40633201599121,12126000
3848,2010-05-05,23.30259200504606,23.343330180089595,22.365599992488875,22.569293975830078,22633000
3849,2010-05-04,23.791454087463826,23.995148038369987,23.66923647367092,23.709976196289062,9195000
3850,2010-05-03,24.11736626241924,24.23958233311843,23.669238597773333,23.79145622253418,8574000
3851,2010-04-30,24.402537633355454,24.64696976977819,24.158103942871094,24.158103942871094,9139000
3852,2010-04-29,25.176572253386908,25.176572253386908,24.32105827331543,24.32105827331543,15497000
3853,2010-04-28,24.687705439149102,25.01361699343159,24.4432733274987,24.891399383544922,14429000
3854,2010-04-27,25.258051938303716,25.42100773372388,25.05435797105933,25.217313766479492,22796000
3855,2010-04-26,24.68771153136807,25.05436134338379,24.68771153136807,25.05436134338379,13937000
3856,2010-04-23,24.932140464183387,24.972878633659047,24.484012829643383,24.56549072265625,8558000
3857,2010-04-22,24.484014374137903,24.97288020899208,24.443276202092406,24.850664138793945,10290000
3858,2010-04-21,24.321061211117,24.972881317138672,24.280321483202073,24.972881317138672,14753000
3859,2010-04-20,24.239581839699213,24.321059736527335,23.954409977831606,24.158103942871094,11368000
3860,2010-04-19,24.361798715935546,24.4432766154661,23.99515049914056,24.035888671875,8746000
3861,2010-04-16,24.606235294320236,24.769189558391037,24.48401765368981,24.524757385253906,6507000
3862,2010-04-15,24.443275895193846,24.646969860987127,24.321059826530202,24.606231689453125,11333000
3863,2010-04-14,24.484015532982447,24.484015532982447,24.19884520704339,24.44327735900879,11867000
3864,2010-04-13,24.443276338835005,24.6062321360519,24.158104470736266,24.4840145111084,9486000
3865,2010-04-12,25.135837120674946,25.339531098064434,24.891403415370533,24.972881317138672,9157000
3866,2010-04-09,25.339527690229694,25.339527690229694,25.05435584942395,25.135833740234375,6976000
3867,2010-04-08,25.217314433995515,25.380268679667527,25.095096807164406,25.17657470703125,10771000
3868,2010-04-07,25.4617459055481,25.4617459055481,25.135835868769412,25.217313766479492,9076000
3869,2010-04-06,25.339529037475586,25.461745103158428,25.217312971792744,25.339529037475586,12662000
3870,2010-04-02,25.054358634261824,25.339530506764945,25.01362046135924,25.17657470703125,9065000
3871,2010-04-01,25.09509289499315,25.217310502771284,24.932138674724705,25.01361656188965,12483000
3872,2010-03-31,25.095094680786133,25.298788636162843,24.972878618372416,25.095094680786133,12398000
3873,2010-03-30,25.258051938303716,25.298790110127936,25.01361979923511,25.217313766479492,12751000
3874,2010-03-29,25.0543547284414,25.176570782158095,24.932138674724705,25.01361656188965,10808000
3875,2010-03-26,24.7691894400451,25.09509952069138,24.565495445383444,25.05436134338379,18329000
3876,2010-03-25,25.054361742475933,25.135839652450834,24.68771192461983,24.769189834594727,11869000
3877,2010-03-24,25.298787967793725,25.46174374941458,25.01361768104949,25.135833740234375,10881000
3878,2010-03-23,25.706175867784356,25.869131649405215,25.05435584942395,25.135833740234375,16097000
3879,2010-03-22,25.95060706394381,26.032084946979413,25.583957367314266,25.869129180908203,6505000
3880,2010-03-19,25.828400946572508,26.032094955444336,25.62470693770068,26.032094955444336,17974000
3881,2010-03-18,25.70618159786543,25.787659506837834,25.62470524295488,25.665443420410156,12731000
3882,2010-03-17,25.828397535558793,25.86913571032831,25.380269842785346,25.746919631958008,19197000
3883,2010-03-16,25.950606222067144,25.991344385232658,25.380262613382072,25.461740493774414,7541000
3884,2010-03-15,25.787657806727527,25.86913571032831,25.54322564998692,25.746919631958008,7217000
3885,2010-03-12,26.0728296922994,26.0728296922994,25.70617990312674,25.746919631958008,6317000
3886,2010-03-11,26.154300343844906,26.357994281439098,25.787652188612213,25.909868240356445,6911000
3887,2010-03-10,26.520952467374173,26.56169063697689,25.991348492231054,26.072826385498047,5736000
3888,2010-03-09,26.480214753234705,26.60243237226813,26.15430317456101,26.235782623291016,6368000
3889,2010-03-08,26.68391480079064,26.76539115998625,26.23578860896702,26.480220794677734,4171000
3890,2010-03-05,26.276526788564826,26.480220794677734,26.072832782451922,26.480220794677734,6959000
3891,2010-03-04,26.195041617862007,26.3987355554562,25.706174302762253,25.909868240356445,7504000
3892,2010-03-03,26.398738861083988,26.72464733717098,26.19504489798341,26.398738861083984,4364000
3893,2010-03-02,27.009820168399646,27.009820168399646,26.602432250976562,26.602432250976562,5233000
3894,2010-03-01,26.64316749572754,26.846861432073894,26.235779623034833,26.64316749572754,7682000
3895,2010-02-26,26.113564759258043,26.683908462524414,26.03208841941562,26.683908462524414,5727000
3896,2010-02-25,26.072826385498047,26.480214297771454,25.950610322628336,26.072826385498047,9301000
3897,2010-02-24,25.746916366491632,26.60243191470272,25.746916366491632,26.072826385498047,10737000
3898,2010-02-23,26.68390802226659,26.68390802226659,25.909870374041873,25.991348266601562,9907000
3899,2010-02-22,26.561691542092753,26.88760312626648,26.11356544494629,26.11356544494629,6502000
3900,2010-02-10,26.31725851123747,26.31725851123747,25.869132429361343,26.072826385498047,4746000
3901,2010-02-09,25.29879193918456,26.032091517529885,25.054359782443957,25.746919631958008,4703000
3902,2010-02-08,25.258050366843598,25.461744321414916,24.85066245770096,24.932140350341797,6609000
3903,2010-02-05,25.706174717638063,25.869130491967947,24.972876841276456,25.01361656188965,9541000
3904,2010-02-04,26.969079471267026,26.969079471267026,26.357997581965297,26.398738861083984,9069000
3905,2010-02-03,26.806125963624478,27.09129625995369,26.683908346270176,27.05055809020996,10914000
3906,2010-02-02,26.84686437980578,27.050558338517323,26.317258843906515,26.602432250976562,13332000
3907,2010-02-01,26.15430317456101,26.35799713420128,25.991348939285746,26.235782623291016,9423000
3908,2010-01-29,26.032094955444336,26.032094955444336,25.380273194617313,26.032094955444336,11236000
3909,2010-01-28,26.15430785652454,26.602437134452664,26.072831501332363,26.276525497436523,17649000
3910,2010-01-27,26.398737829715355,26.439475999119235,25.909870472499534,26.1543025970459,7117000
3911,2010-01-26,26.96907841761584,27.09129603395057,25.869132303095654,26.1543025970459,11747000
3912,2010-01-25,26.480216264894448,26.887604207431288,26.27652229362603,26.7653865814209,8255000
3913,2010-01-22,27.294990335711994,27.294990335711994,26.52095267471643,26.683908462524414,14225000
3914,2010-01-21,27.743119763126696,27.906075570564916,27.376469973421578,27.580163955688477,9669000
3915,2010-01-20,28.517151513217037,28.72084545259716,27.6616375894451,27.946807861328125,17827000
3916,2010-01-19,29.250449369206773,29.291187533272986,28.272717891004262,28.476411819458008,15873000
3917,2010-01-18,28.7208469630955,29.45414642667906,28.7208469630955,29.12823486328125,17917000
3918,2010-01-15,28.924548076399965,29.250459720510325,28.924548076399965,28.965286254882812,21392000
3919,2010-01-14,28.354196454401844,28.80232251070296,28.06902617533466,28.72084617614746,21653000
3920,2010-01-13,28.1097702785873,28.272726090232812,27.946814466941785,27.987552642822266,8466000
3921,2010-01-12,28.43567419705707,28.43567419705707,28.191238991758233,28.27271842956543,7174000
3922,2010-01-11,28.191245716827844,28.39493969775326,28.06903119314669,28.23198699951172,10211000
3923,2010-01-08,28.028294067653526,28.15050859590903,27.53942663026069,27.906076431274414,6780000
3924,2010-01-07,28.313460092169294,28.476415879792015,27.74311638955133,28.028289794921875,12368000
3925,2010-01-06,27.620898467721602,28.313456594407654,27.620898467721602,28.27271842956543,10046000
3926,2010-01-05,28.191242018986102,28.313459634759475,27.74311594135553,27.865333557128906,10391000
3927,2010-01-04,28.47641484724495,28.47641484724495,28.02828877862374,28.069026947021484,6064000
3928,2009-12-31,28.231983945350667,28.435677904240286,28.150504496920927,28.354198455810547,5845000
3929,2009-12-30,28.272725174072104,28.272725174072104,27.946813561342044,28.23198699951172,10474000
3930,2009-12-29,28.72085117093093,28.761589345293373,28.191245579848772,28.31346321105957,10138000
3931,2009-12-28,28.55789039891353,28.80232251070296,28.47641406435803,28.72084617614746,10558000
3932,2009-12-25,28.639371863129906,28.6801100332832,28.354198455810547,28.354198455810547,4948000
3933,2009-12-24,28.191238454749154,28.63936758384554,27.906068198162988,28.476411819458008,17663000
3934,2009-12-23,28.517152888763757,28.639370501536234,27.987547377580373,28.150503158569336,7886000
3935,2009-12-22,28.35419475924988,28.51715052674152,28.191238991758233,28.27271842956543,7992000
3936,2009-12-21,28.43568336861748,28.720853722613793,28.109771728515625,28.109771728515625,18234000
3937,2009-12-18,27.906068729739918,28.313456594407654,27.82459240005547,28.27271842956543,25404000
3938,2009-12-17,27.45794696080159,28.028290681459584,27.33572933918801,27.783855438232422,27708000
3939,2009-12-16,27.58016038307194,27.58016038307194,27.091296132206182,27.132034301757812,5636000
3940,2009-12-15,27.417214320008835,27.580167037532092,27.25425849436172,27.45795249938965,7650000
3941,2009-12-14,27.37646453568705,27.620899752354436,27.25425003547625,27.417205810546875,6909000
3942,2009-12-11,27.25425148010254,27.335727817895105,26.7246459600817,27.25425148010254,10722000
3943,2009-12-10,27.580165158199463,27.74312097274265,26.765389193607177,27.17277717590332,16269000
3944,2009-12-09,27.824599360653924,28.069031518977134,27.417211394074062,27.498687744140625,17627000
3945,2009-12-08,27.946809438764298,27.987547607315186,27.45794519990758,27.702377319335938,13402000
3946,2009-12-07,26.80612366567316,28.02828730195389,26.561688451918727,27.946807861328125,31596000
3947,2009-12-04,26.39873670615102,26.928339102107063,26.39873670615102,26.561689376831055,6052000
3948,2009-12-03,27.132033974905262,27.132033974905262,26.724646068050458,26.887601852416992,9787000
3949,2009-12-02,26.7246450587818,27.009818447684296,26.7246450587818,26.9283390045166,18962000
3950,2009-12-01,26.480212151082643,26.724644257006524,26.276518211458928,26.520950317382812,9398000
3951,2009-11-30,25.869138776339017,26.480220794677734,25.82840059674121,26.480220794677734,6936000
3952,2009-11-27,26.35799484302854,26.35799484302854,25.706174850463867,25.706174850463867,13802000
3953,2009-11-26,26.72464382701696,26.765381992661666,26.480211725025896,26.64316749572754,8139000
3954,2009-11-25,26.480213041491037,26.765383323304064,26.39873670615102,26.561689376831055,19469000
3955,2009-11-24,26.48021551684493,26.602433139402745,26.35799789428711,26.35799789428711,13998000
3956,2009-11-23,26.35799789428711,26.48021551684493,26.113565757294733,26.35799789428711,6508000
3957,2009-11-20,27.050558329197017,27.091296499300658,26.19504432452794,26.317258834838867,18115000
3958,2009-11-19,26.92834148742989,27.1727736232248,26.887603316151278,27.00982093811035,12550000
3959,2009-11-18,27.0505596892524,27.21351548598325,26.724648095790695,26.806127548217773,8503000
3960,2009-11-17,27.376467587741097,27.417208867142946,26.68390935163498,27.00982093811035,8119000
3961,2009-11-16,26.683910526446443,27.376468793043795,26.683910526446443,27.294992446899414,13612000
3962,2009-11-13,26.683908462524414,26.806126080411182,26.52095267471643,26.683908462524414,5228000
3963,2009-11-12,27.25425397733911,27.33573032259714,26.643172063533854,26.7653865814209,15924000
3964,2009-11-11,26.48021438942842,27.09129625995369,26.27652043258666,27.05055809020996,14453000
3965,2009-11-10,26.806126209688102,27.050558338517323,26.561690972735732,26.602432250976562,11732000
3966,2009-11-09,26.806126209688102,26.806126209688102,26.480214632500378,26.602432250976562,7949000
3967,2009-11-06,26.88760254992346,26.928340720041138,26.561690972735732,26.602432250976562,8544000
3968,2009-11-05,26.846864250332395,26.887602420253607,26.561690844637642,26.683908462524414,10073000
3969,2009-11-04,26.480214504795217,26.887602420253607,26.480214504795217,26.683908462524414,13307000
3970,2009-11-03,26.80613244770793,26.80613244770793,26.154309141647534,26.480220794677734,15842000
3971,2009-11-02,25.461750764113205,26.887608806903543,25.461750764113205,26.480220794677734,22066000
3972,2009-10-30,25.461740493774414,25.828390178509288,25.339524450216558,25.461740493774414,10004000
3973,2009-10-29,25.46174657953437,25.46174657953437,24.7691867617587,25.17657470703125,23513000
3974,2009-10-28,26.31726184904001,26.602435288673632,25.665441728357223,25.746919631958008,14789000
3975,2009-10-27,26.683908582017942,26.765384922225227,26.19504432452794,26.317258834838867,12244000
3976,2009-10-26,26.887604207431288,27.213515804710095,26.724648408791886,26.7653865814209,8588000
3977,2009-10-23,27.294989759271797,27.294989759271797,26.765384237111324,26.887601852416992,12011000
3978,2009-10-22,27.702382796137766,27.702382796137766,26.846868654940593,27.17277717590332,16143000
3979,2009-10-21,28.10976237751255,28.15050054194237,27.62089818810924,27.661636352539062,8166000
3980,2009-10-20,27.70238373245018,28.313465726548348,27.58016609038105,28.109771728515625,18986000
3981,2009-10-19,27.254254139831563,27.743118430541088,27.254254139831563,27.376468658447266,7459000
3982,2009-10-16,27.132033865290637,27.417207263810724,27.132033865290637,27.25425148010254,6782000
3983,2009-10-15,27.82459788440825,27.946812403023948,27.254254139831563,27.376468658447266,12981000
3984,2009-10-14,27.13203563217626,27.702379358235167,27.091297460627036,27.62090301513672,20557000
3985,2009-10-13,26.520951113046994,27.091294782729037,26.35799533483456,26.9283390045166,16554000
3986,2009-10-12,27.091295805844393,27.091295805844393,26.724646068050458,26.887601852416992,12118000
3987,2009-10-09,26.88760083699423,27.172771117773777,26.35799533483456,26.9283390045166,17516000
3988,2009-10-08,27.702378251170384,27.702378251170384,26.60243212268199,26.683908462524414,15684000
3989,2009-10-07,28.476417050163448,28.476417050163448,27.457947220816564,27.62090301513672,16802000
3990,2009-10-06,26.68390843218833,28.109766134671673,26.68390843218833,28.028289794921875,36403000
3991,2009-10-05,26.887600934437053,27.00981854557004,25.991347259143524,26.561689376831055,17930000
3992,2009-10-02,26.68391023616287,27.091298178699706,26.643172063533854,26.7653865814209,19908000
3993,2009-10-01,27.62090374724693,27.62090374724693,26.643172063533854,26.7653865814209,32012000
3994,2009-09-30,27.294993760850694,27.906075710720486,27.294993760850694,27.498687744140625,17444000
3995,2009-09-29,27.702376085828305,27.824593694161997,27.009817926931753,27.417205810546875,15813000
3996,2009-09-28,28.109768340836712,28.231985968176655,27.213516100755037,27.294992446899414,11594000
3997,2009-09-25,27.824601374519315,28.313465726548348,27.620907376486592,28.109771728515625,11822000
3998,2009-09-24,28.394935973193004,28.394935973193004,27.702377772138767,27.865333557128906,9239000
3999,2009-09-23,29.006018040597542,29.33192961287877,27.90607192336383,28.191242218017578,10315000
4000,2009-09-22,29.73931911508449,29.902274909942484,29.006019592285156,29.006019592285156,8010000
4001,2009-09-21,30.024485737666023,30.024485737666023,29.413403913088374,29.617097854614258,5221000
4002,2009-09-18,29.617105024601237,29.739322662353516,29.33193468067744,29.739322662353516,6840000
4003,2009-09-17,30.391133616782987,30.635565710212664,29.413402134941585,29.535619735717773,10758000
4004,2009-09-16,29.983754059711178,30.676315475648778,29.983754059711178,30.30966567993164,13800000
4005,2009-09-15,29.20971704292516,29.739322662353516,29.1282406898394,29.739322662353516,11362000
4006,2009-09-14,29.291196257398052,29.291196257398052,28.80232881863059,29.209716796875,9618000
4007,2009-09-11,29.12823384840627,29.372665958376707,28.761584129389163,29.16897201538086,8416000
4008,2009-09-10,29.20971355882683,29.25045483863378,28.31346134929277,29.006019592285156,19723000
4009,2009-09-09,28.965279871093166,28.965279871093166,28.109765879008823,28.191242218017578,7375000
4010,2009-09-08,28.924548076399965,29.291197898993172,28.517160075323908,28.965286254882812,13260000
4011,2009-09-07,29.08750020329928,29.535626325930096,28.802326773899026,28.883806228637695,11999000
4012,2009-09-04,28.598631659201807,29.16897538714315,28.150505554434776,29.006019592285156,22259000
4013,2009-09-03,28.51715660095215,28.84306820535525,27.906074673788886,28.51715660095215,12872000
4014,2009-09-02,28.59863002942208,29.08749738613647,28.59863002942208,28.84306526184082,12689000
4015,2009-09-01,27.946812431930287,29.372670240785133,27.946812431930287,29.331932067871094,18139000
4016,2009-08-31,28.272722816563515,28.272722816563515,27.661640924742073,27.783855438232422,10365000
4017,2009-08-28,27.580159479169463,28.313458939558302,27.580159479169463,28.150503158569336,13817000
4018,2009-08-27,28.191240302917294,28.43567551958468,27.417205810546875,27.417205810546875,8945000
4019,2009-08-26,27.37646639543761,28.720847745943797,26.969078484147627,28.191242218017578,29097000
4020,2009-08-25,27.335729598999023,27.335729598999023,27.172773804673188,27.335729598999023,32564000
4021,2009-08-24,24.646967728693383,25.66543746954848,24.565489838612674,25.583959579467773,17653000
4022,2009-08-21,24.076623364168363,24.646967024373485,23.913669142725077,24.280317306518555,14648000
4023,2009-08-20,24.035885643045848,24.198841421572446,23.628497750790835,23.91366958618164,7185000
4024,2009-08-19,24.4432766154661,24.484014788200543,24.035888671875,24.035888671875,5828000
4025,2009-08-18,24.198842212456864,24.809924070811213,24.117364320530648,24.32105827331543,11299000
4026,2009-08-17,25.25804875901908,25.624698475532643,24.6469669342041,24.6469669342041,9122000
4027,2009-08-14,25.013623256754638,25.991353502237914,24.97288352523751,25.665443420410156,18841000
4028,2009-08-13,24.239582233741636,25.054358107144715,24.035888265390867,24.850664138793945,15927000
4029,2009-08-12,23.221112014501767,24.239581839699213,23.221112014501767,24.158103942871094,12880000
4030,2009-08-11,23.954415351267322,23.954415351267322,23.058161393234258,23.302595138549805,10968000
4031,2009-08-10,24.23957888367379,24.23957888367379,23.587758896661757,23.669235229492188,8347000
4032,2009-08-07,24.158103942871094,24.158103942871094,24.158103942871094,24.158103942871094,0
4033,2009-08-06,23.424805979541258,24.158103942871094,23.30258991132989,24.158103942871094,12438000
4034,2009-08-05,23.34333038330078,23.913674163245883,23.22111430304448,23.34333038330078,7881000
4035,2009-08-04,24.280322404014782,24.56549429398733,23.180376127646305,23.34333038330078,20612000
4036,2009-08-03,25.054358985095323,25.135836886103096,23.954411206644654,24.19884490966797,15564000
4037,2009-07-31,25.461745772596615,25.624701567165886,25.05435784023507,25.298789978027344,12467000
4038,2009-07-30,26.27652186675734,26.31726003872455,25.25805202696054,25.380268096923828,19564000
4039,2009-07-29,26.0990932736877,26.481780130945445,26.022555902236153,26.13736343383789,17680050
4040,2009-07-28,24.874507059626264,26.099096298217773,24.874507059626264,26.099096298217773,15863060
4041,2009-07-27,25.907751158817952,26.060825900771768,25.678141994736045,25.869483947753906,13228980
4042,2009-07-24,24.606623224332566,26.17563048281272,24.606623224332566,25.869483947753906,27867920
4043,2009-07-23,23.87952334426185,24.64489265386465,23.611644012179653,24.491819381713867,13267360
4044,2009-07-22,23.9943299379688,24.109134526029703,23.726450599927382,23.84125518798828,6364010
4045,2009-07-21,23.726449413097182,24.07086463447624,23.535107459617215,23.91779136657715,11739230
4046,2009-07-20,24.032599051868857,24.032599051868857,23.382034301757812,23.382034301757812,12366440
4047,2009-07-17,24.223942883974246,24.338748957338648,23.68818415712295,23.879526138305664,14352100
4048,2009-07-16,22.693201812520446,24.0325984954834,22.693201812520446,24.0325984954834,30893880
4049,2009-07-15,22.61666581333387,22.65493450294926,22.272249081219925,22.463592529296875,14988400
4050,2009-07-14,22.731471164600897,22.769739853008236,22.195712475747207,22.387054443359375,11371590
4051,2009-07-13,22.76973928073349,22.76973928073349,22.387053880702712,22.57839584350586,15397450
4052,2009-07-10,22.57839584350586,22.65493321839691,22.425322568148236,22.57839584350586,8378960
4053,2009-07-09,22.540127722564208,22.884544443805726,22.387054443359375,22.387054443359375,12352300
4054,2009-07-08,22.425323131766714,22.578396410971546,21.927833131320362,22.387054443359375,13092630
4055,2009-07-07,22.57839584350586,22.76973928073349,21.81302651786879,22.57839584350586,32924990
4056,2009-07-06,22.57839584350586,22.693201905842436,22.501858468614806,22.57839584350586,13175450
4057,2009-07-03,22.15744323045404,22.693201905842436,21.927832580205365,22.57839584350586,29535430
4058,2009-07-02,21.813027275693223,22.731471383020825,21.77475858691817,22.15744400024414,34506650
4059,2009-07-01,20.588435205436483,21.69822120666504,20.4736306213513,21.69822120666504,35083360
4060,2009-06-30,20.473634883031895,20.703245573421206,20.244022718217842,20.282291412353516,11883660
4061,2009-06-29,20.74151279313214,20.74151279313214,20.244022718217842,20.282291412353516,9355630
4062,2009-06-26,20.66497758744291,20.66497758744291,20.282292107396845,20.358829498291016,10265640
4063,2009-06-25,20.818050894806458,20.818050894806458,20.16748749548038,20.358829498291016,7578030
4064,2009-06-24,20.129215727115785,20.932853785547167,20.129215727115785,20.43536376953125,15039910
4065,2009-06-23,20.20575114341365,20.473631964172476,19.937873271503882,20.129215240478516,11946280
4066,2009-06-22,19.89960506391033,20.43536376953125,19.78479899509532,20.43536376953125,15057080
4067,2009-06-19,19.97613733963175,19.97613733963175,19.59345346195301,19.74652671813965,9814170
4068,2009-06-18,19.51692008972168,19.593457470686353,18.828088084313436,19.51692008972168,18133540
4069,2009-06-17,18.981161371818178,19.555188780204016,18.7898193938311,19.51692008972168,18189090
4070,2009-06-16,19.172505019553544,19.172505019553544,17.89051188608082,18.981163024902344,17891140
4071,2009-06-15,19.210769653320312,19.516917664715045,18.751548373440425,19.210769653320312,7270990
4072,2009-06-12,19.669991729779156,19.708260414187777,19.363843728934558,19.593454360961914,9010210
4073,2009-06-11,19.363845262568603,19.555187225341797,19.076830843984332,19.555187225341797,9346540
4074,2009-06-10,19.44038137135096,19.51691874705022,19.2490394065273,19.325576782226562,8984960
4075,2009-06-09,19.019427699107762,19.325575710502495,18.90462311635,19.210769653320312,15162120
4076,2009-06-08,19.74653284043336,19.74653284043336,18.981163373353382,19.019432067871094,14175350
4077,2009-06-05,19.708260414187777,19.82306499298927,19.47864830773605,19.593454360961914,13736000
4078,2009-06-04,19.631727021115996,19.784800315325956,19.249041573954102,19.402114868164062,16029710
4079,2009-06-03,19.86133860575891,20.05268060085695,19.516921835042663,19.70826530456543,16107480
4080,2009-06-02,20.320556491409576,20.473631240719882,19.823066505000032,20.052677154541016,17843670
4081,2009-06-01,20.58843597946062,20.856315318296236,20.014408614180795,20.320556640625,14322810
4082,2009-05-27,19.89960479736328,19.89960479736328,19.74653004099364,19.89960479736328,17310390
4083,2009-05-26,19.593455912781334,19.976139838327718,19.363845262568603,19.555187225341797,18350690
4084,2009-05-25,19.593457470686353,19.70826354213336,19.24904073076993,19.51692008972168,16239790
4085,2009-05-22,19.47864830773605,19.631723045370535,19.40211093891881,19.593454360961914,15588340
4086,2009-05-21,19.47864830773605,19.593454360961914,19.210768991300075,19.593454360961914,16118590
4087,2009-05-20,19.555185676553293,19.784796308580653,19.325575044525937,19.593454360961914,18938510
4088,2009-05-19,20.090946768400787,20.167484146585608,19.74653004099364,19.89960479736328,21876600
4089,2009-05-18,19.51692008972168,19.593457470686353,19.13423613374752,19.51692008972168,8986980
4090,2009-05-15,19.89960659200895,19.93787528455262,19.555189833540584,19.63172721862793,17427550
4091,2009-05-14,19.363842840460908,20.205747961123855,19.363842840460908,19.74652671813965,28287070
4092,2009-05-13,19.210771206521635,19.478650553847164,18.866355955977763,19.172502517700195,16696310
4093,2009-05-12,19.74652976186078,20.090946484399325,19.249039759540956,19.363845825195312,16774080
4094,2009-05-11,20.58843683425163,20.779778805814214,20.43536355188647,20.664974212646484,14269280
4095,2009-05-08,20.550167231771766,20.856315257320922,20.205750518725907,20.81804656982422,20119200
4096,2009-05-07,21.009388744565115,21.009388744565115,20.129214820970574,20.588436126708984,18170910
4097,2009-05-06,20.741507110802264,21.238998523848878,20.473629274089653,21.04765510559082,21968510
4098,2009-05-05,21.23900000797799,21.35380459253075,20.511897916637935,20.7032413482666,40534330
4099,2009-05-04,20.205753326416016,20.205753326416016,20.205753326416016,20.205753326416016,19555620
4100,2009-04-30,18.904624938964844,18.904624938964844,18.904624938964844,18.904624938964844,16385230
4101,2009-04-29,17.680030822753906,17.81397048370866,17.239943154699098,17.680030822753906,11178680
4102,2009-04-28,18.100984968835444,18.177520865144842,17.68003090422395,17.8139705657959,9067780
4103,2009-04-27,18.17752323652724,18.196658318919194,17.852241580109975,17.986181259155273,15833770
4104,2009-04-24,17.526958613592928,17.909642539732122,17.526958613592928,17.794837951660156,13490570
4105,2009-04-23,17.98618019453145,18.04358248946041,17.526958886250757,17.871374130249023,14406640
4106,2009-04-22,17.603497304411338,18.15838962855988,17.412153852614775,17.986181259155273,15565110
4107,2009-04-21,17.029467437221367,17.450420021499653,16.83812548749709,17.412151336669922,13688530
4108,2009-04-20,16.952930067561905,17.412151336669922,16.952930067561905,17.412151336669922,14578340
4109,2009-04-17,17.45042173018688,17.62263009157055,16.283233363502582,16.83812713623047,47042770
4110,2009-04-16,16.95293116177744,17.259079185751027,16.83812657430264,17.029468536376953,23341100
4111,2009-04-15,16.378904202195454,16.761589610139268,16.340635513958624,16.742454528808594,14420780
4112,2009-04-14,16.378902435302734,16.41717111941129,16.149291805075762,16.378902435302734,11573590
4113,2009-04-13,16.685051241975767,16.742453533707007,16.302367331201605,16.589380264282227,14260190
4114,2009-04-10,16.838127630505028,16.914663535480923,16.436308600289447,16.6850528717041,9633380
4115,2009-04-09,16.512842892357625,16.627648950244527,16.436306994857446,16.589380264282227,10138380
4116,2009-04-08,16.551111334812763,16.685050996498028,16.072756453382826,16.18756103515625,13929920
4117,2009-04-07,16.761588252353945,16.838125622627643,16.4937089308204,16.551111221313477,6043840
4118,2009-04-06,16.933799331339316,17.22081230455241,16.646784883701585,16.7615909576416,8343610
4119,2009-04-03,17.067739429297948,17.067739429297948,16.570249378960654,16.933799743652344,7620450
4120,2009-04-02,16.914662120410807,17.067736866405596,16.761588848840464,16.991199493408203,8911230
4121,2009-03-31,16.225828621368485,16.665916262010676,16.225828621368485,16.39803695678711,11315030
4122,2009-03-30,16.264097857401424,16.455439803519845,16.130158200233662,16.378902435302734,6448850
4123,2009-03-27,16.646787384543767,16.83813086985594,16.474578984975235,16.57025146484375,7301290
4124,2009-03-26,16.799858447653595,16.952931727536566,16.455441724886253,16.83812713623047,16571070
4125,2009-03-25,16.187563875629575,16.79986000061035,15.996221889482332,16.79986000061035,12366440
4126,2009-03-24,16.03448776798355,16.2640984059548,15.881413026386447,16.18756103515625,14019810
4127,2009-03-23,15.001240572344054,15.556132876818486,15.001240572344054,15.53699779510498,17720450
4128,2009-03-20,14.924699783325197,15.077773029925904,14.809893742556511,14.924699783325195,10911030
4129,2009-03-19,15.249984778821142,15.479595437501965,14.73336116539542,14.771628379821777,21404930
4130,2009-03-18,15.613535296250744,15.613535296250744,14.924703312047265,15.020374298095703,12807810
4131,2009-03-17,15.345653300781079,15.42219066619873,15.116042678952425,15.42219066619873,5789320
4132,2009-03-16,15.479594150237459,15.479594150237459,15.192581219360214,15.345654487609863,6630650
4133,2009-03-13,15.135179043808604,15.498729348802954,15.116043963615812,15.460460662841797,14767210
4134,2009-03-12,15.001237143837653,15.077773029925904,14.809893742556511,14.924699783325195,9904060
4135,2009-03-11,14.714222779128042,15.116041710182133,14.714222779128042,14.924699783325195,18383010
4136,2009-03-10,13.776647632095058,14.388943672180176,13.757514025903097,14.388943672180176,11093840
4137,2009-03-09,14.082796561228768,14.159333939786265,13.77664852142334,13.77664852142334,8301190
4138,2009-03-06,14.082794189453125,14.159331555120461,13.948854536747438,14.082794189453125,8437540
4139,2009-03-05,13.967991719481642,14.121064999450606,13.776648276489778,13.853185653686523,10079800
4140,2009-03-04,13.317426620549238,13.872320379355116,13.202622032123532,13.814916610717773,10492890
4141,2009-03-03,13.240889658058395,13.39396441329694,13.10695145886147,13.355695724487305,8002230
4142,2009-03-02,13.54703489062946,13.604437174752572,13.393961641493084,13.489632606506348,5138880
4143,2009-02-27,13.776647887998912,13.814916575518138,13.642708218893867,13.661843299865723,2837090
4144,2009-02-26,13.700108857961437,13.853182098648364,13.6235715004059,13.757511138916016,3281490
4145,2009-02-25,13.89145549130767,13.89145549130767,13.585307431622375,13.642709732055664,3828910
4146,2009-02-24,13.585307431622375,13.642709732055664,13.413099055897856,13.642709732055664,3127970
4147,2009-02-23,13.317427198927472,13.795783603274991,13.240889820369977,13.77664852142334,8914260
4148,2009-02-20,13.393963813781738,13.604439381177029,13.374828733021142,13.393963813781738,6340780
4149,2009-02-19,13.432235718000832,13.81491973177488,13.317429629213725,13.585309028625488,7515410
4150,2009-02-18,13.585309028625487,13.757517424593738,13.279160932951356,13.585309028625488,12492690
4151,2009-02-17,14.044527261993675,14.159333324843871,13.623574647058604,13.814916610717773,8926380
4152,2009-02-16,13.929721641132872,14.159332275390625,13.795781981613818,14.159332275390625,5376230
4153,2009-02-13,13.317425816236588,14.235869840294793,13.317425816236588,13.92972183227539,11622070
4154,2009-02-12,13.508770232971713,13.527903839814764,13.355695480529263,13.432232856750488,9238470
4155,2009-02-11,13.126087622326702,13.60444263954426,13.126087622326702,13.585309028625488,9881840
4156,2009-02-10,13.470504414263202,13.585309028625487,13.298296018294952,13.585309028625488,11528140
4157,2009-02-09,13.834054817118476,13.834054817118476,13.393967021738463,13.585309028625488,11658430
4158,2009-02-06,13.585303992350294,13.948854260432052,13.527901706449036,13.680974960327148,12166460
4159,2009-02-05,13.011278417238946,13.5853057748409,12.953876123806092,13.393963813781738,10967590
4160,2009-02-04,13.106950759887695,13.20262173959753,12.896473719871382,13.106950759887695,11463500
4161,2009-02-03,13.011278790440649,13.126084855023803,12.896474200282007,12.953876495361328,12452290
4162,2009-02-02,12.322447334595477,12.839070960472437,12.188507657601514,12.781668663024902,21172630
4163,2009-01-21,11.327467919507722,12.303313664552041,11.327467919507722,12.0928373336792,15336850
4164,2009-01-20,11.671881445660619,11.71015012937199,11.499673843383789,11.499673843383789,8305230
4165,2009-01-19,12.016297470517012,12.054566154493005,11.863224209037394,11.88235855102539,4562170000
4166,2009-01-16,12.01629728870456,12.01629728870456,11.863224029541016,11.863224029541016,6340780
4167,2009-01-15,11.72928710638986,12.054568779379462,11.633615375617328,11.748420715332031,13650150
4168,2009-01-14,11.595345703973337,12.360715013576131,11.595345703973337,12.245909690856934,22405840
4169,2009-01-13,11.327466754640103,11.5953460957738,11.327466754640103,11.557077407836914,19557640
4170,2009-01-12,11.595345597236124,11.691016575752748,11.308331924474032,11.48054027557373,26486240
4171,2009-01-09,12.781666919534818,12.934741657747434,11.901493072509766,11.901493072509766,21751360
4172,2009-01-08,13.27915868122754,13.27915868122754,12.762535055350583,12.781668663024902,10695900
4173,2009-01-07,13.623576458724294,13.757516145981935,13.508771855031851,13.527905464172363,8269880
4174,2009-01-06,13.432235718000832,13.585309028625487,13.355698325476094,13.585309028625488,6630650
4175,2009-01-05,13.623575538626858,13.814917514808029,13.317427492082231,13.508770942687988,6183220
4176,2009-01-02,13.240889549255371,13.240889549255371,13.240889549255371,13.240889549255371,0
4177,2008-12-31,13.393964303236071,13.393964303236071,13.04954758120402,13.240889549255371,3033030
4178,2008-12-30,12.973011678638192,13.393964303236071,12.973011678638192,13.240889549255371,4298560
4179,2008-12-29,12.839071625018473,12.953877700280438,12.762535715935144,12.877340316772461,2885570
4180,2008-12-26,12.915607133699925,12.973010900210515,12.800802549527614,12.85820484161377,3367340
4181,2008-12-25,13.049547120181526,13.087815807324722,12.819936471746827,12.915607452392578,3953140
4182,2008-12-24,12.839071090437908,13.260025207779865,12.839071090437908,13.049548149108887,6226650
4183,2008-12-23,13.585305618732633,13.585305618732633,12.81993630886635,13.126084327697754,10138380
4184,2008-12-22,14.23587391623612,14.350678530598405,13.470504414263202,13.585309028625488,7945670
4185,2008-12-19,14.350675582885742,14.350675582885742,14.350675582885742,14.350675582885742,6967990000
4186,2008-12-18,14.695094621805344,14.695094621805344,14.408080150736154,14.542019844055176,5091410
4187,2008-12-17,14.71422541488755,14.733360495655436,14.350675098966912,14.50374984741211,11569550
4188,2008-12-16,14.235870474285656,14.522883415222168,13.967991139641791,14.522883415222168,9707110
4189,2008-12-15,14.503752624042386,14.809899230693219,14.388946540729759,14.542019844055176,9311190
4190,2008-12-12,14.350677846292218,14.542019844055176,13.58530838081563,14.542019844055176,10019200
4191,2008-12-11,14.350677846292218,14.733363316242887,14.350677846292218,14.542019844055176,13018900
4192,2008-12-10,14.235867866355905,14.886431003069,14.235867866355905,14.790760040283203,13775390
4193,2008-12-09,14.637691165829716,14.886435448468163,14.522885091548762,14.752495765686035,12271500
4194,2008-12-08,13.795782785310097,14.542017021514816,13.795782785310097,14.522883415222168,10209080
4195,2008-12-05,13.547036373432835,13.795782089233398,13.547036373432835,13.795782089233398,6609440
4196,2008-12-04,13.814916610717773,13.834051691738384,13.700112022292068,13.814916610717773,9775790000
4197,2008-12-03,13.451366289995555,13.814916610717773,13.451366289995555,13.814916610717773,11998800
4198,2008-12-02,13.451366289995555,13.834051691738384,13.336561701569849,13.814916610717773,9742460
4199,2008-12-01,13.336563000913207,13.948857639161572,13.336563000913207,13.834053039550781,14127880
4200,2008-11-28,14.178467547213362,14.23587131834376,13.623575238732903,13.77664852142334,10979710
4201,2008-11-27,13.929721408938521,14.465480038084184,13.929721408938521,14.235869407653809,7324520
4202,2008-11-26,13.18348597397689,14.159332275390625,13.18348597397689,14.159332275390625,20703990
4203,2008-11-25,14.159332275390625,14.484613884387077,13.987123931091215,14.159332275390625,13459260
4204,2008-11-24,13.547036566094391,14.025392924746907,13.24088855553376,13.566171646118164,7722460
4205,2008-11-21,12.666862324997702,13.814915488083571,12.628593640490777,13.547036170959473,12920930000
4206,2008-11-20,12.915607452392578,13.22175547511367,12.609459429671489,12.915607452392578,15651970000
4207,2008-11-19,13.011277536711278,13.585304855466397,13.011277536711278,13.547036170959473,9264730
4208,2008-11-18,13.795783906959747,13.929723585171484,13.12608551590106,13.508770942687988,12561370
4209,2008-11-17,13.795784466669389,14.293274509578884,13.776649383620189,14.101932525634766,11584700
4210,2008-11-14,14.274138413142822,14.293272018432617,13.547036346915997,14.293272018432617,13389570
4211,2008-11-13,13.41309941027405,14.274141311645508,13.279159722774565,14.274141311645508,16625610
4212,2008-11-12,14.006260462221853,14.427214608320051,13.85318716554731,14.274141311645508,9865680
4213,2008-11-11,14.159335233321084,14.274141311645508,13.585307790548342,14.274141311645508,9238470
4214,2008-11-10,14.006257302799076,14.312405301514364,13.85318404065361,14.235869407653809,9567730
4215,2008-11-07,12.896474565710353,13.77664852142334,12.896474565710353,13.77664852142334,8820330
4216,2008-11-06,13.470500985238356,13.680976549465898,13.470500985238356,13.623574256896973,10568640
4217,2008-11-05,14.656823727157317,14.695092415850151,14.15933372299953,14.465481758117676,8493090
4218,2008-11-04,14.121065620985757,14.61855564581245,13.96799233427931,14.427213668823242,12646210
4219,2008-11-03,13.967989615376425,14.082794189453125,13.623572944297717,14.082794189453125,16949820
4220,2008-10-31,13.164356231689453,13.393966933323156,12.628597436402544,13.164356231689453,12951230
4221,2008-10-30,12.016298019945607,13.087815322569625,11.958895728569154,13.068681716918945,13342100
4222,2008-10-29,12.456385992973424,12.628594345658332,11.327466371891136,12.245909690856934,21638240
4223,2008-10-28,11.729287440694836,12.169374465942383,11.23179663813533,12.169374465942383,16468050
4224,2008-10-27,11.231793364997847,12.073699951171875,11.231793364997847,12.073699951171875,11999810
4225,2008-10-24,12.092834292295668,12.092834292295668,12.073699951171875,12.073699951171875,6663980
4226,2008-10-23,12.494653701782227,12.513787306394503,12.494653701782227,12.494653701782227,10826190
4227,2008-10-22,12.973010659365407,13.20262129787172,12.934741973876953,12.934741973876953,16399370
4228,2008-10-21,13.470501187975191,13.48963479431132,12.934742517469964,13.393963813781738,13204740
4229,2008-10-20,12.934742752448226,13.317426681518555,12.70513210012113,13.317426681518555,6714480
4230,2008-10-17,13.240892149284146,13.2791608452939,12.7434035244318,13.164356231689453,13272410
4231,2008-10-16,13.164356231689453,13.2791608452939,13.164356231689453,13.164356231689453,9995970
4232,2008-10-15,13.221755260065601,13.661842943417739,12.81993626323423,13.623574256896973,9857600
4233,2008-10-14,13.221755981445312,13.221755981445312,13.145218604227898,13.221755981445312,10265640
4234,2008-10-13,12.360713958740234,12.398982642118277,12.360713958740234,12.360713958740234,6932640
4235,2008-10-09,13.011279726762249,13.317427779923932,12.743401838973472,12.800804138183594,13738020
4236,2008-10-08,13.35569464822563,13.58530528815586,13.068681716918945,13.068681716918945,13322910
4237,2008-10-07,13.87232017374681,14.255004095393206,13.853185093009808,14.044527053833008,10204030
4238,2008-10-06,14.695091692222736,14.905568732456581,14.388943672180176,14.388943672180176,13743070
4239,2008-10-03,14.388945408766634,14.924704139895148,14.350676717339649,14.752495765686035,11538240
4240,2008-10-02,14.771630485278077,15.07777856529713,14.14020218972435,14.408080101013184,15197470
4241,2008-10-01,15.116046285050027,15.30738826981657,14.905570691576688,15.001241683959961,12585610
4242,2008-09-30,14.962973594665527,15.039510981424089,14.962973594665527,14.962973594665527,12465420
4243,2008-09-29,16.233484268188477,16.233484268188477,16.233484268188477,16.233484268188477,0
4244,2008-09-26,16.32150198402296,16.32150198402296,15.69007231119875,16.072757720947266,14821750
4245,2008-09-25,15.690073941944403,16.493712058960234,15.690073941944403,16.302370071411133,12853260
4246,2008-09-24,16.07275736554963,16.14929326626737,15.690071964262978,16.034488677978516,20080820
4247,2008-09-23,16.417171362391873,16.685050680692118,16.321500387916693,16.6085147857666,10130300
4248,2008-09-22,16.474575331962427,17.010334023189614,16.30236844500328,16.83812713623047,13545110
4249,2008-09-19,16.264100035174025,16.283233642578125,15.977085603140639,16.283233642578125,33778440
4250,2008-09-18,15.307386118220554,15.632669215911685,15.154312846808127,15.230850219726562,20942350
4251,2008-09-17,16.83812996879899,16.83812996879899,15.957954406738281,15.957954406738281,26106480
4252,2008-09-16,14.542017556377722,16.072757720947266,14.542017556377722,16.072757720947266,18836500
4253,2008-09-15,15.690070700151349,16.111023280669478,15.17344567120129,15.49872875213623,13623890
4254,2008-09-12,16.225829516556203,16.37890278180439,15.479593846713383,15.938815116882324,20870640
4255,2008-09-11,16.07275607060595,16.111023280669478,15.326520409152879,15.49872875213623,36099420
4256,2008-09-10,16.608517482073168,17.220812113002037,16.359771728515625,16.359771728515625,40200020
4257,2008-09-09,18.560208463051172,18.6558794506926,17.584362030029297,17.584362030029297,15560060
4258,2008-09-08,18.942892153957203,19.057698222207957,18.636744113046415,18.904624938964844,18418360
4259,2008-09-05,17.220812547591294,18.062719345092773,17.029470562748802,18.062719345092773,14764180
4260,2008-09-04,17.986178626496677,17.986178626496677,17.450419988735128,17.73743438720703,16542790
4261,2008-09-03,17.2208110001855,17.450421656249357,17.14427362335604,17.335617065429688,10216150
4262,2008-09-02,16.838125946937595,17.316480834300545,16.838125946937595,17.086870193481445,11962440
4263,2008-09-01,18.024447836907022,18.081850128505693,17.029467901882775,17.086870193481445,20633290
4264,2008-08-29,18.866355242627492,18.866355242627492,17.699166912616263,18.292327880859375,27845700
4265,2008-08-28,18.75154757747279,19.000293286929857,18.694145288530528,18.82808494567871,18888010
4266,2008-08-27,18.75155223242127,18.86635831323,18.59847893243435,18.71328353881836,11928100
4267,2008-08-26,18.445401303898986,18.67501195556324,18.29232802759765,18.56020736694336,11686710
4268,2008-08-25,18.368867556553248,18.694149228345392,18.100988185800972,18.63674545288086,12984560
4269,2008-08-22,18.234926082141428,18.38799936137122,17.641763623367744,17.9670467376709,10729230
4270,2008-08-21,18.560203983414368,18.560203983414368,18.12011636694241,18.234922409057617,8865780
4271,2008-08-20,17.718305133866334,18.541078440649557,17.52696312158297,18.445405960083008,17351800
4272,2008-08-19,17.31648024705621,17.641761854316805,17.02946732437175,17.60349464416504,7467940
4273,2008-08-18,17.756571046541218,17.77570612942362,17.316483307766163,17.526960372924805,9221300
4274,2008-08-15,18.61760815052296,18.61760815052296,17.60349464416504,17.60349464416504,15026780
4275,2008-08-14,18.445403490897007,18.713282862004107,18.388001189781104,18.46453857421875,7565910
4276,2008-08-13,18.923760616422005,18.923760616422005,18.25406216443288,18.71328353881836,13497640
4277,2008-08-12,18.675012802463336,18.98116084337412,18.44540214038638,18.904624938964844,31341310
4278,2008-08-11,18.215790652234737,18.981159982590405,18.196657045606255,18.56020736694336,41211030
4279,2008-08-08,17.12514177947768,17.98618219697158,17.106006696088002,17.83310890197754,23384530
4280,2008-08-07,17.277067184448242,17.624926706965894,17.19976457685834,17.277067184448242,9943955
4281,2008-08-06,17.22080885858395,17.22080885858395,16.991198231074762,17.106002807617188,16421590
4282,2008-08-05,17.33561932172425,17.354752931209664,16.49371249029649,16.780725479125977,21324130
4283,2008-08-04,16.76158760356557,17.106002807617188,16.589379264327594,17.106002807617188,15023750
4284,2008-08-01,16.646782913430727,16.76158897378259,16.570247014287272,16.627649307250977,11140300
4285,2008-07-31,16.799858298376098,17.067737641609412,16.60851633161645,16.742454528808594,13594600
4286,2008-07-30,16.685053807487865,16.685053807487865,16.417174438986756,16.531980514526367,16188280
4287,2008-07-29,16.45544336656548,16.45544336656548,16.07275939146728,16.302370071411133,11197870
4288,2008-07-28,17.425138473510742,17.425138473510742,17.425138473510742,17.425138473510742,0
4289,2008-07-25,17.32189769520146,17.599047959338026,16.73295321205942,17.25261116027832,32029796
4290,2008-07-24,17.321896644117412,17.633690844203368,17.183322207865093,17.529760360717773,26425700
4291,2008-07-23,16.94081747135203,17.079391920348982,16.802241647540367,16.975460052490234,19120714
4292,2008-07-22,16.62902086197907,16.802239242130984,16.59437691098578,16.767595291137695,14337414
4293,2008-07-21,16.2306167364629,16.940814261913943,16.2306167364629,16.80223846435547,18378980
4294,2008-07-18,15.797565824997358,16.2306144437896,15.780244540156513,15.866853713989258,10890900
4295,2008-07-17,15.589707241013548,16.02275458799645,15.347200946673459,15.710960388183594,18001351
4296,2008-07-16,15.312559745621638,15.38184766354552,15.07005340770288,15.243271827697754,7237367
4297,2008-07-15,15.433812914581015,15.433812914581015,15.191306576662258,15.243271827697754,9452165
4298,2008-07-14,15.762925638084798,15.762925638084798,15.485774040222168,15.485774040222168,7180150
4299,2008-07-11,15.589708328247069,15.762928104009408,15.555064373094602,15.58970832824707,6853496
4300,2008-07-10,15.86685859465213,16.022755705430896,15.520420417942134,15.58970832824707,9479213
4301,2008-07-09,15.589706048056456,16.28258230013458,15.589706048056456,15.953465461730957,17177433
4302,2008-07-08,15.762928104009408,15.918823839973491,15.399167262315837,15.58970832824707,12131978
4303,2008-07-07,15.537741999316268,15.745604340919975,15.537741999316268,15.710960388183594,6045183
4304,2008-07-04,15.762923574734385,15.762923574734385,15.433806782760795,15.503094673156738,9432400
4305,2008-07-03,15.572387038078176,15.745605439025834,15.087373040758308,15.58970832824707,15770948
4306,2008-07-02,16.109364905904723,16.161331526040765,15.555064373094602,15.58970832824707,19255953
4307,2008-07-01,16.369192863769545,16.386514152860833,16.12668656760392,16.178651809692383,8897685
4308,2008-06-30,16.62902333059076,16.62902333059076,16.17865327563422,16.28258514404297,6917995
4309,2008-06-27,16.230621464755885,16.334551968387245,16.17865483812535,16.213298797607422,15550404
4310,2008-06-26,17.495114702518926,17.495114702518926,16.80223846435547,16.80223846435547,12034190
4311,2008-06-25,16.732951187481625,17.35653955004245,16.69830723680441,17.321895599365234,16431538
4312,2008-06-24,16.62902069091797,16.73295116801419,16.559732789644155,16.62902069091797,10987648
4313,2008-06-23,15.86685618877404,16.55973243713379,15.849534901231559,16.55973243713379,7086523
4314,2008-06-20,16.594379675425156,16.594379675425156,16.04007911682129,16.04007911682129,6495633
4315,2008-06-19,16.542415725279675,16.542415725279675,16.19597613045896,16.213298797607422,10006645
4316,2008-06-18,17.21796884990236,17.21796884990236,16.69831085205078,16.69831085205078,8810300
4317,2008-06-17,17.079391043968364,17.391185256731056,17.079391043968364,17.18332290649414,7998866
4318,2008-06-16,17.14867988408035,17.460474113784166,16.802241698318923,17.287254333496094,8863356
4319,2008-06-13,16.455797925818906,16.97545434063049,16.386510037226895,16.59437370300293,5720609
4320,2008-06-12,16.715632533524023,16.80224173645729,16.17865327563422,16.28258514404297,9449044
4321,2008-06-11,16.80223846435547,16.940814261913943,16.68098532889903,16.80223846435547,4478491
4322,2008-06-10,17.495115015826237,17.495115015826237,16.71562957763672,16.71562957763672,6939841
4323,2008-06-09,16.975456178346782,17.35653823204349,16.90616965706825,17.1486759185791,6386401
4324,2008-06-06,17.148677220793676,17.425827451396874,17.010101418084822,17.321895599365234,7647245
4325,2008-06-05,17.114035088784238,17.148679043142984,16.68098772152192,17.010103225708008,10739016
4326,2008-06-04,16.802239168557477,17.114033351317257,16.802239168557477,16.940814971923828,5678997
4327,2008-06-03,16.76759451496585,16.958135549201526,16.62902009222183,16.80223846435547,5484461
4328,2008-06-02,16.698306320215806,16.958135248625354,16.698306320215806,16.88884735107422,5000722
4329,2008-05-30,16.698307217377284,16.97545744765804,16.559732789644155,16.62902069091797,11113524
4330,2008-05-29,17.148677200842577,17.148677200842577,16.559732789644155,16.62902069091797,8459719
4331,2008-05-28,17.287256551012284,17.287256551012284,16.698311972115633,16.732955932617188,11210272
4332,2008-05-27,17.772267057476974,17.772267057476974,17.23528783966213,17.26993179321289,5883936
4333,2008-05-26,17.425830110466226,17.772268295288086,17.25261170546265,17.772268295288086,6837891
4334,2008-05-23,17.77227098567925,17.77227098567925,17.425832748413086,17.425832748413086,12283862
4335,2008-05-22,17.668337207085383,17.737625122070312,17.5297627519303,17.737625122070312,8267264
4336,2008-05-21,18.014772415161133,18.118704270376714,17.77226612780599,18.014772415161133,10825361
4337,2008-05-20,18.049415841452625,18.361210023208,17.66833375823728,17.806909561157227,8082090
4338,2008-05-19,18.18798899560477,18.361208737121757,18.01477062890219,18.32656478881836,6887826
4339,2008-05-16,18.15334951655307,18.36121186699146,18.049417653926554,18.187992095947266,11081275
4340,2008-05-15,18.153345520780125,18.153345520780125,17.876193948113855,18.049413681030273,6096158
4341,2008-05-14,18.01477284585957,18.084060750993164,17.876197035592384,17.91084098815918,12962138
4342,2008-05-13,17.841551376344913,18.084057627613557,17.668331643428495,18.049413681030273,7903159
4343,2008-05-12,17.8415562072154,17.945486700291656,17.66833642739711,17.772268295288086,3297751
4344,2008-05-09,18.15334884322372,18.187991421332985,17.5644043931474,17.841554641723633,8086251
4345,2008-05-08,17.84155937191163,17.94548988342285,17.668339561367997,17.94548988342285,9509382
4346,2008-05-07,18.014772415161133,18.395854509470382,17.876196608207024,18.014772415161133,18384181
4347,2008-05-06,18.014771709115735,18.014771709115735,17.564403103795087,17.876195907592773,7756476
4348,2008-05-05,17.94548451168408,18.18799079903922,17.841554031283046,18.014772415161133,24624941
4349,2008-05-02,17.737622867113966,18.084061023181697,17.6683349609375,17.6683349609375,26992664
4350,2008-04-30,17.079389591542,17.668334012808465,17.079389591542,17.564403533935547,38917623
4351,2008-04-29,16.95813549250217,16.97545677973184,16.64634132385254,16.64634132385254,4746888
4352,2008-04-28,17.044748625389293,17.079392582685696,16.750277050592004,16.958139419555664,7022025
4353,2008-04-25,16.975460052490234,17.01010400844315,16.836885603493283,16.975460052490234,8250619
4354,2008-04-24,16.80223846435547,16.871526363134706,16.611697430119793,16.80223846435547,8247498
4355,2008-04-23,16.403835349993567,16.73295081181649,16.334547450194698,16.55973243713379,6484189
4356,2008-04-22,16.629022216369325,16.715631413499374,16.317228006849444,16.403837203979492,7391331
4357,2008-04-21,16.940816847408485,17.07939129130163,16.680987874738673,16.78491973876953,16283815
4358,2008-04-18,16.975461142658048,16.975461142658048,16.594380352332305,16.69831085205078,10894021
4359,2008-04-17,16.490447418778835,17.01010400844315,16.490447418778835,16.975460052490234,24479299
4360,2008-04-16,16.109364557744886,16.178652466552354,16.022755359142877,16.161331176757812,8533580
4361,2008-04-15,15.762925326849254,16.005431595376354,15.762925326849254,15.90149974822998,2877469
4362,2008-04-14,15.936144480628734,15.936144480628734,15.693638200181104,15.76292610168457,4831153
4363,2008-04-11,15.918819381033726,16.109360393593484,15.832210204819555,16.092039108276367,9305483
4364,2008-04-10,15.503096808703338,15.901500171138522,15.485774146311018,15.797568321228027,8362971
4365,2008-04-09,15.312553661975036,15.624347793942498,15.312553661975036,15.503094673156738,5866251
4366,2008-04-08,15.589706321311384,15.589706321311384,15.277912139892576,15.277912139892578,4364058
4367,2008-04-07,15.624349771425646,15.762925569756268,15.555061872260335,15.6589937210083,8452437
4368,2008-04-03,15.122016661248518,15.710961136177298,15.087372706862748,15.52042007446289,22136543
4369,2008-04-02,14.792900937082393,15.070051193237305,14.7582569832112,15.070051193237305,12182953
4370,2008-04-01,14.515751817078112,14.792902094925628,14.377175990746986,14.619682312011719,8979869
4371,2008-03-31,14.30788557330295,14.533070564270018,14.151988483374135,14.53307056427002,3181237
4372,2008-03-28,14.100020670369819,14.359849564411824,14.100020670369819,14.29056167602539,6180422
4373,2008-03-27,14.481107038393489,14.481107038393489,14.100024912431907,14.238600730895996,7383009
4374,2008-03-26,14.758258309860025,14.792902266845433,14.550395942762343,14.654326438903809,7230085
4375,2008-03-25,14.862190541685015,14.896833124696823,14.706292044057939,14.879511833190918,9156720
4376,2008-03-24,14.896832762986897,14.896832762986897,14.550395942762343,14.654326438903809,10388435
4377,2008-03-21,14.030737003199864,14.273243310697358,13.96145046878248,14.238600730895996,6338547
4378,2008-03-20,13.926806277024161,14.013415474682125,13.718942552867482,13.892162322998047,4991359
4379,2008-03-19,13.857518196105957,13.909483439089566,13.718942381730173,13.857518196105957,5587451
4380,2008-03-18,13.511078236677774,13.684296606777792,13.476434287694882,13.580366134643555,5418922
4381,2008-03-17,13.649654636597138,13.701619874963681,13.233928605221294,13.511078834533691,7132296
4382,2008-03-14,14.06537952092559,14.134667423079325,13.71894138497144,13.805550575256348,3596317
4383,2008-03-13,14.203957488113252,14.238601444465461,13.857519299405896,13.99609375,4987198
4384,2008-03-12,14.359855766854125,14.359855766854125,14.082705468413304,14.186635971069336,6471706
4385,2008-03-11,13.85751763488526,14.100023925406912,13.736264489624435,14.08270263671875,6753627
4386,2008-03-10,14.13466783390403,14.186633074622444,13.92680549621582,13.92680549621582,4958069
4387,2008-03-07,14.20395817361671,14.20395817361671,14.082705007939493,14.13467025756836,5174452
4388,2008-03-06,13.92680616265265,14.273242950439453,13.909483498374534,14.273242950439453,8607442
4389,2008-03-05,14.030735977652647,14.048058641101823,13.78822968788064,13.92680549621582,8137226
4390,2008-03-04,13.926807381386945,14.04806054268611,13.788231554293759,14.03073787689209,7178070
4391,2008-03-03,13.996092025568851,14.08270259318562,13.840194928599054,13.92680549621582,7321631
4392,2008-02-29,14.13466509215787,14.342527389526367,14.048055916155523,14.342527389526367,10580891
4393,2008-02-27,14.030734006892468,14.203953742980957,14.013412720690802,14.203953742980957,12898679
4394,2008-02-26,14.134667045374691,14.186632283194124,13.944126006950794,13.961448669433594,8025914
4395,2008-02-25,14.03073787689209,14.186634994964551,13.926807381386945,14.03073787689209,7689897
4396,2008-02-22,13.892162149699903,13.892162149699903,13.718942381730173,13.857518196105957,4082137
4397,2008-02-21,13.788230460919708,13.944127566629898,13.736265217287857,13.892162322998047,6966889
4398,2008-02-20,13.718940555760682,13.857516351692245,13.545722185660665,13.580366134643555,6442577
4399,2008-02-19,13.718943425223184,13.736266090745065,13.615012931350781,13.68429946899414,6818126
4400,2008-02-18,13.545723259577194,13.649655114765674,13.441791404388717,13.563044548034668,6013974
4401,2008-02-15,13.303216927507627,13.407147407531738,13.199285072668976,13.407147407531738,4880047
4402,2008-02-14,13.026066570136845,13.441791236055499,12.991422618841202,13.424469947814941,9956711
4403,2008-02-13,13.060708690129852,13.078029975941712,12.818201065063477,12.818201065063477,4096701
4404,2008-02-12,12.870167672127725,13.060708690129852,12.818201065063477,12.818201065063477,5873533
4405,2008-02-01,13.112675190583884,13.199284377648336,13.026066003519432,13.060709953308105,5231668
4406,2008-01-31,13.164643934489812,13.25125314462412,12.852849678154428,12.991425514221191,5855848
4407,2008-01-30,13.407149440888329,13.528402602515662,13.043389956006328,13.129999160766602,8764527
4408,2008-01-29,13.441790102402091,13.441790102402091,13.251249073753167,13.389824867248535,6515398
4409,2008-01-28,13.233930243594006,13.303218153203636,13.129998379179561,13.164642333984375,7785605
4410,2008-01-25,13.164641121056093,13.407147407531738,12.991422737806213,13.407147407531738,7866748
4411,2008-01-24,13.251249502957373,13.251249502957373,12.714271722806297,12.748915672302246,11938482
4412,2008-01-23,13.493755774614563,13.493755774614563,12.714271722806297,12.748915672302246,21334472
4413,2008-01-22,13.476434170919445,13.822872282931975,13.268571853637695,13.268571853637695,19320451
4414,2008-01-21,14.446464350872287,14.48110830852692,14.221279313524565,14.2559232711792,7042831
4415,2008-01-18,14.065377201430275,14.394492620164918,13.961446740153173,14.342527389526367,7682615
4416,2008-01-17,14.481104736939885,14.533069973197856,13.909481638844452,14.169310569763184,18906412
4417,2008-01-16,14.273244714850268,14.359855297318104,14.030738383495832,14.13467025756836,16853900
4418,2008-01-15,14.654326438903807,15.000764633943113,14.56771723384767,14.654326438903809,11979054
4419,2008-01-14,14.619679753160584,14.72361160471796,14.463782663231768,14.53307056427002,9459447
4420,2008-01-11,14.377172947127885,14.654323166303246,14.377172947127885,14.42913818359375,9385586
4421,2008-01-10,14.446463083777468,14.533072282910192,14.238600730895996,14.238600730895996,9440722
4422,2008-01-09,14.030734948456896,14.34252911952547,13.857516575558558,14.30788516998291,13169157
4423,2008-01-08,14.134666797084572,14.411817018610588,14.134666797084572,14.30788516998291,6186664
4424,2008-01-07,14.723614794349757,14.723614794349757,14.065382341520008,14.13467025756836,14998005
4425,2008-01-04,15.173979937753007,15.173979937753007,15.070049462887404,15.104693412780762,17144144
4426,2008-01-03,15.416486560807497,15.503095742368515,15.34719866563293,15.381842613220215,6203308
4427,2008-01-02,15.953466148459059,16.00543276323127,15.589706719126282,15.607028007507324,8201725
4428,2007-12-31,16.24793835004923,16.24793835004923,15.936144174095519,15.953465461730957,6168979
4429,2007-12-28,15.832215376233782,16.04007911682129,15.676318258200522,16.04007911682129,9122390
4430,2007-12-27,15.503099827261748,15.88418197631836,15.503099827261748,15.88418197631836,5079784
4431,2007-12-26,15.676313024332313,15.676313024332313,15.416485497568951,15.503094673156738,4511781
4432,2007-12-25,15.866857311817501,15.901501264169008,15.589707067820024,15.676316261291504,3245736
4433,2007-12-24,15.41648796898174,15.762926101684572,15.173980313719602,15.76292610168457,7702381
4434,2007-12-21,15.208621721229052,15.277909611145942,14.723609241439382,15.018080711364746,15699167
4435,2007-12-20,15.43380905498745,15.503096955584233,15.070049639076068,15.139337539672852,6925277
4436,2007-12-19,15.416487039796571,15.555061459636818,15.2779112451419,15.433808326721191,10153328
4437,2007-12-18,15.399163957472954,15.55506103479436,15.173978984716616,15.208622932434082,12264096
4438,2007-12-17,16.282581315424537,16.282581315424537,15.416486740112305,15.416486740112305,6323983
4439,2007-12-14,16.28258224599586,16.28258224599586,15.589705996221513,15.797568321228027,19707443
4440,2007-12-13,16.73295392794682,16.73295392794682,16.109365463256836,16.109365463256836,9296120
4441,2007-12-12,16.87152697056182,16.87152697056182,16.542411501732953,16.62902069091797,9522906
4442,2007-12-11,16.958139419555664,16.975460710796483,16.836886256425633,16.958139419555664,4260028
4443,2007-12-10,17.010100785878723,17.096709971945543,16.80223846435547,16.80223846435547,6758829
4444,2007-12-07,17.18332378820773,17.269932990682666,16.975460052490234,16.975460052490234,19059336
4445,2007-12-06,16.940814261913943,17.02742344798076,16.80223846435547,16.80223846435547,16365999
4446,2007-12-05,16.784917477656784,16.8888479528724,16.62902039001888,16.71562957763672,10043056
4447,2007-12-04,16.767597074023723,16.836884983377626,16.629022630130578,16.78491973876953,6623590
4448,2007-12-03,16.66366428683209,16.80223871161536,16.5077658248774,16.55973243713379,14448726
4449,2007-11-30,16.80223846435547,17.07938868465796,16.784917177067886,16.80223846435547,11836533
4450,2007-11-29,16.698306320215806,16.975456535605925,16.6290197974791,16.88884735107422,9529148
4451,2007-11-28,16.62901979853764,16.62901979853764,16.334546921333782,16.351869583129883,8625127
4452,2007-11-27,16.629019320931018,16.6463406074152,16.230615983650917,16.50776481628418,12865390
4453,2007-11-26,16.975457547950906,17.07938940047567,16.802239168557477,16.940814971923828,9038126
4454,2007-11-23,17.148680348575745,17.252612219563726,16.819564819335938,16.819564819335938,9569719
4455,2007-11-22,17.28725190446783,17.391183758037233,16.975457718574155,17.079389572143555,24033010
4456,2007-11-21,17.599048563199908,17.77226834348798,17.287254333496094,17.287254333496094,13575915
4457,2007-11-20,17.425827729018955,17.564403533935547,17.200642733436755,17.564403533935547,21046309
4458,2007-11-19,18.0147727611863,18.084060665994226,17.56440412956393,17.59904670715332,12146542
4459,2007-11-16,18.014772415161133,18.014772415161133,17.460471936973796,18.014772415161133,15157171
4460,2007-11-15,18.153345520780125,18.3265638788822,18.049413681030273,18.049413681030273,11852137
4461,2007-11-14,18.22263318180495,18.257277130560627,18.014770864085328,18.08405876159668,18158436
4462,2007-11-13,17.564405934320856,17.80691225125174,17.46047406642988,17.772268295288086,11522362
4463,2007-11-12,17.52976463203741,17.77227098567925,17.28725690358065,17.425832748413086,17470798
4464,2007-11-09,17.529759582706397,17.73762191526676,17.26993063589505,17.564403533935547,13450038
4465,2007-11-08,17.87619838337166,17.910842338550445,17.32189785014048,17.391185760498047,24969280
4466,2007-11-07,18.361207825465485,18.430495718632052,18.049413681030273,18.049413681030273,18771173
4467,2007-11-06,17.980126915329656,18.326565028071975,17.87619506906263,18.08405876159668,16005015
4468,2007-11-05,17.841554457840164,18.049416798426368,17.70297864757298,17.91084098815918,12697901
4469,2007-11-02,18.01477189072264,18.1187037429126,17.59904585677731,17.806909561157227,26560939
4470,2007-11-01,18.984796255544804,18.984796255544804,18.361207962036133,18.361207962036133,29194979
4471,2007-10-31,19.054090469041572,19.227308885884714,18.74229621887207,18.74229621887207,49004371
4472,2007-10-30,19.227307087847162,19.400525488491823,18.742294466190373,18.880868911743164,47742487
4473,2007-10-29,18.81157525887163,19.331233051796872,18.776931314355664,19.0540828704834,58300492
4474,2007-10-26,18.534431017664424,18.811581287801886,18.43050052562206,18.638362884521484,35245364
4475,2007-10-25,18.084057762122765,18.361207962036133,18.0494138152818,18.361207962036133,19214341
4476,2007-10-24,18.638360066340088,18.74229191748231,17.876195907592773,17.876195907592773,31093526
4477,2007-10-23,17.806907562209393,18.534426321426608,17.806907562209393,18.361207962036133,37185523
4478,2007-10-22,17.702978564365207,17.772266469173132,17.529760177159968,17.59904670715332,21086881
4479,2007-10-19,17.772267578659243,18.257280192963915,17.702979669525813,18.11870574951172,45657726
4480,2007-10-18,17.599050071770773,17.841557784961562,17.529763528531095,17.70298194885254,18022157
4481,2007-10-17,17.52975731955924,17.702975678527416,17.46046942604623,17.495113372802734,13955624
4482,2007-10-16,17.668334796970097,17.668334796970097,17.425828502417595,17.529760360717773,16210994
4483,2007-10-15,17.945488287228496,17.945488287228496,17.599050071770773,17.70298194885254,7151022
4484,2007-10-12,17.945484856378375,18.0147727611863,17.59904670715332,17.59904670715332,17993028
4485,2007-10-11,18.014777807640304,18.04942176974903,17.84155937191163,17.94548988342285,10530956
4486,2007-10-09,18.049415659496475,18.25727798696643,17.876195907592773,17.876195907592773,17108773
4487,2007-10-08,17.910839857973514,17.980127758734994,17.80690938164578,17.876195907592773,6015014
4488,2007-10-05,18.1187037429126,18.153347693642587,17.806909561157227,17.806909561157227,9454246
4489,2007-10-04,17.841555487792668,18.18799228383049,17.702979669525813,18.11870574951172,15667958
4490,2007-10-03,17.910841172756747,17.980129078604456,17.772266735875927,17.841554641723633,9139035
4491,2007-10-02,17.980128893292775,18.01477284585957,17.876197035592384,17.91084098815918,10115877
4492,2007-10-01,17.980127939992652,18.084059792182615,17.737621659697254,17.806909561157227,15211266
4493,2007-09-28,18.187993017222546,18.2226369731862,17.772268295288086,17.772268295288086,12990226
4494,2007-09-27,17.66833427259041,18.014772415161133,17.52975984045085,18.014772415161133,17421904
4495,2007-09-26,17.599043838257902,17.66833173177091,17.495113372802734,17.495113372802734,9228501
4496,2007-09-21,17.35654025070634,17.460472106933594,17.252609769293652,17.460472106933594,7916683
4497,2007-09-20,16.975459521327085,17.39118560493927,16.975459521327085,17.25261116027832,12093487
4498,2007-09-19,17.52976232452879,17.564406281176584,17.044748306274414,17.044748306274414,27280827
4499,2007-09-18,17.30457878112793,17.30457878112793,17.30457878112793,17.30457878112793,0
4500,2007-09-17,17.8069141334767,17.8069141334767,17.252613529096976,17.30457878112793,28350255
4501,2007-09-14,17.945483989262666,18.01477189072264,17.66833375823728,17.806909561157227,15348586
4502,2007-09-13,18.11870489029987,18.25727932718069,17.841554641723633,17.841554641723633,14181369
4503,2007-09-12,18.153349704078433,18.39585601123077,18.084061794945004,18.11870574951172,13683065
4504,2007-09-11,18.187989590001994,18.257277488873168,17.98012726820292,18.15334701538086,11767873
4505,2007-09-10,18.361212056664055,18.361212056664055,18.084061794945004,18.11870574951172,17755840
4506,2007-09-07,18.81157963113875,18.81157963113875,18.36121099738311,18.395854949951172,21891032
4507,2007-09-06,18.291925805135236,18.811582421097633,18.222637889722975,18.67300796508789,24001801
4508,2007-09-05,18.56907571145276,18.84622599260767,18.29192543029785,18.29192543029785,15824003
4509,2007-09-04,18.60371421510854,18.707646055631436,18.2919200683542,18.361207962036133,12432625
4510,2007-09-03,18.846225886262406,18.950157756664566,18.465145111083984,18.465145111083984,19313169
4511,2007-08-31,18.534429896906804,18.81158015028528,18.326567550576602,18.603717803955078,23820789
4512,2007-08-30,18.291920840514962,18.430496633728552,18.118702473812384,18.32656478881836,15264321
4513,2007-08-29,17.841555487792668,18.11870574951172,17.6683357149591,18.11870574951172,12895558
4514,2007-08-28,18.222632174672274,18.60371421510854,18.18798822783131,18.361207962036133,12812334
4515,2007-08-27,19.05408937928933,19.05408937928933,18.222637176513672,18.222637176513672,34611821
4516,2007-08-24,18.811579955345916,19.64303208167984,18.534429704839475,19.158018112182617,96919549
4517,2007-08-23,18.361207962036133,18.534426321426608,18.153345655804692,18.361207962036133,26340396
4518,2007-08-22,18.08405960987722,18.22263403658569,17.77226543126504,17.876195907592773,22559945
4519,2007-08-21,18.222634750777747,18.222634750777747,17.737622176067465,18.014772415161133,23801023
4520,2007-08-20,19.05408937928933,19.05408937928933,18.18799322016346,18.222637176513672,52921101
4521,2007-08-17,17.52975984045085,18.361210557731855,17.391184033496742,18.014772415161133,45263453
4522,2007-08-16,18.04941815926558,18.187992605166034,17.287253894961694,17.391185760498047,39459619
4523,2007-08-15,18.880864415021907,19.36587829598107,18.361207962036133,18.361207962036133,38207098
4524,2007-08-14,19.573739288594382,19.989463873157465,19.0540828704834,19.0540828704834,49205149
4525,2007-08-13,19.19266179812225,19.60838785550093,18.742293162875384,19.400524139404297,57316368
4526,2007-08-10,17.564406358709515,18.707651433874275,17.564406358709515,18.465145111083984,22709749
4527,2007-08-09,18.118704270376714,18.18799079903922,17.80691007954452,18.014772415161133,16462747
4528,2007-08-08,17.39118462852813,17.841554641723633,17.39118462852813,17.841554641723633,17729832
4529,2007-08-07,17.88138960399771,17.91378370366923,17.103937768064192,17.168725967407227,19359878
4530,2007-08-06,17.4602692921402,17.75181355085071,17.298300113830308,17.654632568359375,16456692
4531,2007-08-03,17.233515706409076,17.848998410209397,16.94197140579173,17.784210205078125,27670461
4532,2007-08-02,17.330695154528236,17.36308925419975,16.68281840604421,17.168725967407227,15771218
4533,2007-08-01,17.395479091276336,18.10814255323549,16.812389373779297,16.812389373779297,42119541
4534,2007-07-31,17.006750856732584,17.848990598651966,17.006750856732584,17.395477294921875,31963696
4535,2007-07-30,16.45605829841785,16.812389373779297,16.326481931483226,16.812389373779297,25502621
4536,2007-07-27,16.877180419279618,17.103936477396,16.58563616670914,16.650423049926758,31911701
4537,2007-07-26,17.97857057918028,18.108145657088652,17.557451248168945,17.557451248168945,19699432
4538,2007-07-25,18.140536307818618,18.20532317884558,17.978567163396868,18.043354034423828,16221127
4539,2007-07-24,18.49686586019759,18.529259948673545,18.302503951814128,18.39968490600586,19281357
4540,2007-07-23,18.13418794239812,18.229457125493724,17.975393295288086,17.975393295288086,17465528872
4541,2007-07-20,18.043358141726852,18.561659784107384,18.01096535445775,18.334903717041016,26406683
4542,2007-07-19,17.816600799560547,18.04335685039842,17.751812607186046,17.816600799560547,12292913
4543,2007-07-18,18.302508339236184,18.302508339236184,17.88138771057129,17.88138771057129,13954605
4544,2007-07-17,18.302508369205498,18.302508369205498,18.108145102675476,18.205326080322266,11679593
4545,2007-07-16,18.56165848674104,18.59405258298249,18.108145073070077,18.140539169311523,20797677
4546,2007-07-13,18.464477509253133,18.62644667922394,18.043356880587176,18.140539169311523,23763468
4547,2007-07-12,18.27011424304088,18.9179909229241,18.043356880587176,18.140539169311523,26510672
4548,2007-07-11,18.3025070853551,18.464476244229196,17.9785687676069,18.270112991333008,27247079
4549,2007-07-10,19.306709907081128,19.306709907081128,18.46447154430713,18.496864318847656,43962682
4550,2007-07-09,18.140540474930823,19.04756736755371,17.719421127192312,19.04756736755371,70766220
4551,2007-07-06,17.330693290461117,18.17293323514742,17.298299194273866,17.816600799560547,43074536
4552,2007-07-05,16.71521095301202,17.233512565900657,16.71521095301202,17.20111846923828,46063672
4553,2007-07-04,16.68281364440918,16.909570966151787,16.58563268436875,16.68281364440918,17965585
4554,2007-07-03,16.585634546684158,16.84478467671474,16.520846358558337,16.61802864074707,21814217
4555,2007-07-02,16.618031837674543,16.65042462673273,16.45606264743719,16.55324363708496,9981824
4556,2007-06-29,16.715213138620367,16.715213138620367,16.488457054807014,16.58563804626465,7836267
4557,2007-06-28,16.68281364440918,16.68281364440918,16.48845172432832,16.68281364440918,13962032
4558,2007-06-27,16.81239381697008,16.81239381697008,16.52084953679017,16.55324363708496,10670481
4559,2007-06-26,16.68281431808093,16.97435852121132,16.68281431808093,16.812389373779297,10290605
4560,2007-06-25,16.68281364440918,16.812388694875153,16.650419553983635,16.68281364440918,12755555
4561,2007-06-22,17.006757736206055,17.23351513541573,16.941970844458044,17.006757736206055,22495447
4562,2007-06-21,17.006754859131906,17.006754859131906,16.65042242547118,16.844785690307617,19254829
4563,2007-06-20,16.520847352659036,16.87717978631976,16.45606047187118,16.844785690307617,27718210
4564,2007-06-15,16.19690802310164,16.423665370063453,16.16451524030968,16.358877182006836,30129043
4565,2007-06-14,16.034939626004682,16.14831698436443,16.018741923927358,16.051136016845703,14106343
4566,2007-06-13,16.067333688970756,16.08353139233976,15.95395632156977,15.986349105834961,14096793
4567,2007-06-12,16.3588788831569,16.423667077950807,16.067334629057303,16.083532333374023,16594636
4568,2007-06-11,16.261697797037343,16.48845516611307,16.229303699849883,16.32648468017578,11946992
4569,2007-06-08,16.229305267333984,16.294093467966373,16.18071477247799,16.229305267333984,5027520
4570,2007-06-07,16.29409061846947,16.42366568583767,16.22930242916718,16.391271591186523,5958110
4571,2007-06-06,16.488453558120074,16.650421405788922,16.19690802310164,16.358877182006836,23388898
4572,2007-06-05,16.164516816711444,16.391272874550697,16.164516816711444,16.32648468017578,11034441
4573,2007-06-04,16.35888002223845,16.39127412189103,16.132123947143555,16.132123947143555,7143365
4574,2007-06-01,16.196910835212133,16.261699034517292,16.115926241698975,16.132123947143555,10236489
4575,2007-05-31,16.19690704345703,16.229301135526033,16.115922468902657,16.19690704345703,6083320
4576,2007-05-30,16.35887970772902,16.35887970772902,16.067335438934084,16.099729537963867,11464189
4577,2007-05-29,16.780000690862487,16.780000690862487,16.294093129910554,16.45606231689453,34491250
4578,2007-05-28,16.03494048373307,16.520846658554724,15.986348686138166,16.391271591186523,29011699
4579,2007-05-25,15.646215438842773,15.694805929761683,15.58142855469639,15.646215438842773,7819290
4580,2007-05-24,15.711005404738275,15.711005404738275,15.613823100712237,15.662413597106934,10241795
4581,2007-05-23,15.54903445700495,15.646215438842773,15.54903445700495,15.646215438842773,12301401
4582,2007-05-22,15.549033164978027,15.613820043741027,15.532835461859985,15.549033164978027,7838390
4583,2007-05-21,15.549034449318137,15.613821333432492,15.45185215629186,15.484246253967285,6889761
4584,2007-05-18,15.613821333432492,15.613821333432492,15.484246253967285,15.484246253967285,4923531
4585,2007-05-17,15.581428546993564,15.646215431107917,15.45185215629186,15.484246253967285,6278564
4586,2007-05-16,15.565228285035074,15.613818767946125,15.500441411565768,15.516637802124023,8614058
4587,2007-05-15,15.694804165729899,15.711001868373312,15.516638615306803,15.532835006713867,3400844
4588,2007-05-14,15.727199383276819,15.791987576006015,15.678608894348143,15.678608894348145,3545155
4589,2007-05-11,15.71100093960091,15.75959142218597,15.646212755329978,15.694803237915039,2894697
4590,2007-05-10,15.678608254810289,15.77578922870358,15.64621415976706,15.711002349853516,8461259
4591,2007-05-09,15.775792296185655,15.791990002474984,15.613823100712237,15.662413597106934,10038062
4592,2007-05-08,15.775788447375675,15.840576634253363,15.678607478295467,15.759592056274414,6039815
4593,2007-05-07,15.87297215405382,15.9701544511313,15.694806576266599,15.77579116821289,7159282
4594,2007-05-04,15.872970243966215,16.067333503495753,15.872970243966215,16.034940719604492,9227377
4595,2007-05-03,15.759592836800163,16.067333461619846,15.630017767863643,15.711002349853516,12100852
4596,2007-05-02,15.678608254810289,15.77578922870358,15.54903318587377,15.711002349853516,2475560
4597,2007-04-30,16.05113704814593,16.05113704814593,15.50044267809668,15.549033164978027,10653504
4598,2007-04-27,16.32648560869924,16.391273806758804,16.067335438934084,16.099729537963867,13203341
4599,2007-04-26,16.358878777363238,16.456061068925614,16.261697797037343,16.32648468017578,3219395
4600,2007-04-25,16.391273160365166,16.423667258117483,16.294092178344727,16.294092178344727,4262462
4601,2007-04-24,16.14831753767735,16.391271276035145,16.13212114628137,16.358877182006836,7052110
4602,2007-04-23,16.32648288512362,16.391271072375254,16.148317337036133,16.148317337036133,9205094
4603,2007-04-20,16.294091866296977,16.35887874932437,16.26169776916504,16.26169776916504,6900372
4604,2007-04-19,16.32648496486054,16.391273160365166,16.196909885087788,16.294092178344727,8549331
4605,2007-04-18,16.19690833451604,16.42366568583767,16.19690833451604,16.391271591186523,4299601
4606,2007-04-17,16.520845341674523,16.553239433743528,16.164514262624298,16.19690704345703,13719039
4607,2007-04-16,16.52084505630971,16.650420111111302,16.3264818184892,16.423664093017578,6496090
4608,2007-04-13,16.682815820574067,16.71520991522521,16.29409061846947,16.391271591186523,11423867
4609,2007-04-12,16.8447831065258,16.8447831065258,16.650419871502287,16.715208053588867,6239303
4610,2007-04-11,16.844784414202213,17.0715417578724,16.812390320644138,16.90957260131836,10171762
4611,2007-04-10,16.68281649143548,16.877179755921844,16.650422395481684,16.779998779296875,4679477
4612,2007-04-09,16.715211244380857,16.747605341607905,16.520847972255044,16.650423049926758,6548085
4613,2007-04-04,16.35887590999866,16.488452276036497,16.294089038215986,16.423664093017578,6193675
4614,2007-04-03,16.391271276035145,16.488453558120074,16.19690802310164,16.358877182006836,8967406
4615,2007-04-02,16.358877182006836,16.520846340912033,16.326483087978527,16.358877182006836,3931397
4616,2007-03-30,16.358877182006836,16.488453558120074,16.294090305186568,16.358877182006836,4999931
4617,2007-03-29,16.294090305186568,16.391271276035145,16.229302117129947,16.358877182006836,7094554
4618,2007-03-28,16.391271276035145,16.553240434940342,16.294090305186568,16.358877182006836,5536851
4619,2007-03-27,16.68281420262076,16.68281420262076,16.39127000150812,16.423664093017578,8985445
4620,2007-03-26,16.68281364440918,16.877176875726242,16.650419553983635,16.68281364440918,6183064
4621,2007-03-23,16.97435783576667,17.006751926192216,16.650419553983635,16.68281364440918,6555512
4622,2007-03-22,16.715205629343117,17.103930731776195,16.650417456652917,16.974355697631836,20833755
4623,2007-03-21,16.877176875726242,16.909570966151787,16.650419553983635,16.68281364440918,5758622
4624,2007-03-20,17.071543367930282,17.103936153307064,16.877180099487305,16.877180099487305,10739453
4625,2007-03-19,16.488454567883323,17.03914895514405,16.488454567883323,16.844785690307617,12448895
4626,2007-03-16,16.52084732055664,16.618029608404235,16.180712591181134,16.52084732055664,16017395
4627,2007-03-15,16.391268736997105,16.61802604883379,16.391268736997105,16.48845100402832,6926899
4628,2007-03-14,16.58563614643897,16.58563614643897,16.180713209686935,16.32648468017578,18431411
4629,2007-03-13,17.201115852110657,17.265904035577968,16.812389373779297,16.812389373779297,12712049
4630,2007-03-12,16.844788539981046,17.07154593919072,16.780001648233036,17.006757736206055,5432862
4631,2007-03-09,17.168721760377,17.168721760377,16.715208409814586,16.812389373779297,3667182
4632,2007-03-08,16.618029063344352,17.168723431472607,16.618029063344352,17.10393524169922,4812115
4633,2007-03-07,16.844785659968043,16.877179755921844,16.520847322902917,16.779998779296875,8050611
4634,2007-03-06,16.585633000651935,16.779996235675448,16.553238909608645,16.715208053588867,9819474
4635,2007-03-05,17.330695810737506,17.330695810737506,16.58563804626465,16.58563804626465,13224564
4636,2007-03-02,17.460269278910836,17.525057474680306,17.29830010072366,17.3306941986084,8904801
4637,2007-03-01,17.97857189839647,17.97857189839647,17.460270237495003,17.492664337158203,12840443
4638,2007-02-27,18.302505493164062,18.496867417915762,18.237717310756004,18.302505493164062,5327813
4639,2007-02-26,18.46447154430713,18.529258404624198,18.14053330901374,18.496864318847656,8272382
4640,2007-02-14,18.270111401960033,18.496867417915762,18.237717310756004,18.302505493164062,5361768
4641,2007-02-13,18.626447029230967,18.788416202245315,18.20532639265179,18.237720489501953,5811677
4642,2007-02-12,18.95038376806179,18.95038376806179,18.594052641984476,18.788415908813477,5107103
4643,2007-02-09,18.334899431616577,19.112351057854987,18.334899431616577,18.917987823486328,19504189
4644,2007-02-08,18.334900571160205,18.561656599320038,18.334900571160205,18.464475631713867,5495467
4645,2007-02-07,18.46447463794797,18.56165560032382,18.302505493164062,18.302505493164062,4523494
4646,2007-02-06,18.302505493164062,18.33489958436809,18.140536348380156,18.302505493164062,6074831
4647,2007-02-05,18.432083413011686,18.52926439049959,18.140539169311523,18.140539169311523,5322507
4648,2007-02-02,18.20532480328883,18.3025070853551,18.140537926481,18.270112991333008,3035824
4649,2007-02-01,18.302507032319774,18.334901126247996,17.91378052765381,17.94617462158203,4143618
4650,2007-01-31,18.237721414266165,18.302509611251647,17.687026984835686,18.01096534729004,7725912
4651,2007-01-30,18.108144760131836,18.237719831621924,18.010963784323376,18.108144760131836,3580171
4652,2007-01-29,18.27011392730355,18.432083094475264,18.108144760131836,18.108144760131836,3932458
4653,2007-01-26,18.334903717041016,18.691234866893385,18.30250961853538,18.334903717041016,3366889
4654,2007-01-25,18.39969002205113,18.69123427692651,18.334903138321316,18.65884017944336,8175821
4655,2007-01-24,18.334904051180033,18.432085037231445,18.270115852988052,18.432085037231445,4275196
4656,2007-01-23,18.20532317884558,18.27011136110877,17.978567163396868,18.043354034423828,6173514
4657,2007-01-22,18.464476244229196,18.464476244229196,18.10814383245891,18.270112991333008,5300224
4658,2007-01-19,18.626444821757744,18.72362578955457,18.52926254272461,18.52926254272461,4753754
4659,2007-01-18,18.00714734774412,18.356494756169333,17.97539183012481,18.261219024658203,8371808
4660,2007-01-17,18.33489962413675,18.46447467799768,18.270111441588167,18.367292404174805,5065720
4661,2007-01-16,18.36729335287139,18.65883756692621,18.302506478212713,18.464475631713867,7784273
4662,2007-01-15,18.626442214101402,18.788411345245038,18.36729081752991,18.39968490600586,10561188
4663,2007-01-12,18.464475667938824,18.65883760353248,18.270112421108863,18.52926254272461,17023323
4664,2007-01-11,18.46447847339493,18.46447847339493,17.81660175968216,17.97857093811035,6821850
4665,2007-01-10,17.946174113471027,18.594050728746698,17.784204959652108,18.52926254272461,12541211
4666,2007-01-09,18.07575066445021,18.27011392730355,18.043356568768584,18.108144760131836,5421190
4667,2007-01-08,18.302511568106354,18.302511568106354,17.978573171017395,18.075754165649414,8269199
4668,2007-01-05,18.853198210960816,18.91798638791272,18.39968490600586,18.39968490600586,10739453
4669,2007-01-04,18.39968970874017,18.885597229003906,18.30250872918201,18.885597229003906,7521119
4670,2007-01-03,19.015173576013037,19.079961774205014,18.399690938135453,18.432085037231445,18176745
4671,2007-01-02,19.30671334511013,19.403895619745416,18.917988180277717,19.015169143676758,10076262
4672,2006-12-29,18.88559663555941,20.051773598558277,18.88559663555941,19.144746780395508,27443384
4673,2006-12-28,18.885597229003906,19.079960499356694,18.820809035140822,18.885597229003906,5560195
4674,2006-12-27,19.112348151434325,19.177135012214237,18.820802688598633,18.820802688598633,6124703
4675,2006-12-26,18.853201576050292,19.209533990414943,18.658838321738997,18.982776641845703,16371804
4676,2006-12-25,18.334896512436977,18.853196639917588,18.334896512436977,18.496864318847656,5193052
4677,2006-12-22,18.917992245196285,18.917992245196285,18.334903717041016,18.334903717041016,5312957
4678,2006-12-21,17.881386838014567,19.11235325646407,17.881386838014567,18.626445770263672,16492770
4679,2006-12-20,18.108148267605642,18.237723364193894,17.978573171017395,18.075754165649414,2977463
4680,2006-12-19,17.784207661749218,18.237721099100856,17.687026679186907,17.97857093811035,4739960
4681,2006-12-18,18.043356880541687,18.140539169265786,17.75181263684226,17.88138771057129,5427557
4682,2006-12-15,17.75181263684226,17.946175903054023,17.589843466871862,17.88138771057129,4820604
4683,2006-12-14,17.213187248161642,17.340219827578593,17.11791019112619,17.149669647216797,5719021
4684,2006-12-13,17.42787485902409,17.654632228791105,17.298299781115716,17.557451248168945,5460451
4685,2006-12-12,17.65462737955732,17.65462737955732,17.395477294921875,17.395477294921875,4104358
4686,2006-12-11,17.881388631251323,17.978570924979163,17.4602692921402,17.654632568359375,7963600
4687,2006-12-08,18.302508339236184,18.302508339236184,17.4926624893842,17.88138771057129,10695948
4688,2006-12-07,18.464475631713867,18.561656599320038,18.270112385265218,18.464475631713867,4853498
4689,2006-12-06,18.626447053036056,18.85320310880406,18.36729558914002,18.56165885925293,5406335
4690,2006-12-05,18.950384111630523,19.047566402425154,18.756022152514202,18.885597229003906,9865102
4691,2006-12-04,18.62644642765448,18.8855965716131,18.367294972459437,18.75602149963379,6343291
4692,2006-12-01,18.270113351469437,18.7236267430092,18.108144189402637,18.626445770263672,8812485
4693,2006-11-30,18.43208215020711,18.43208215020711,18.04335564441473,18.270112991333008,6415446
4694,2006-11-29,18.43208437546199,18.496871260091364,17.751813563816278,17.97857093811035,13368874
4695,2006-11-28,18.496867417915762,18.594049691527847,18.172930439584185,18.302505493164062,5842449
4696,2006-11-27,19.112353611122373,19.144746395147727,18.594052020643478,18.7236270904541,12688705
4697,2006-11-24,18.917992284498517,19.112355564699573,18.5292657240964,19.04756736755371,12319440
4698,2006-11-23,18.23772053531892,18.885597229003906,18.23772053531892,18.885597229003906,19699432
4699,2006-11-22,17.913781836145453,18.205326080322266,17.687025784557463,18.205326080322266,14879889
4700,2006-11-21,17.427874296901464,17.913781806812654,17.427874296901464,17.88138771057129,15114393
4701,2006-11-20,17.78420408727102,17.78420408727102,17.395478923915814,17.427871704101562,9352588
4702,2006-11-17,17.427877699329507,17.946179406669614,17.427877699329507,17.784210205078125,25351944
4703,2006-11-16,17.265903869464076,17.460265795523558,17.039146540746355,17.427871704101562,7952989
4704,2006-11-15,17.265905380249023,17.33069225752569,17.10393490896646,17.265905380249023,5880649
4705,2006-11-14,16.94197050072403,17.330695777035253,16.94197050072403,17.2335147857666,10149478
4706,2006-11-13,16.779996593281897,16.941965740713922,16.74760250154824,16.812389373779297,4529861
4707,2006-11-10,16.909573851875642,16.94196794782944,16.585635514810512,16.779998779296875,6736961
4708,2006-11-09,17.136327303442954,17.168721394486244,16.488452038758293,16.715208053588867,5959171
4709,2006-11-08,17.33069291252745,17.395481103489104,17.071542771153666,17.136329650878906,5273696
4710,2006-11-07,16.974362680614703,17.201120067078744,16.974362680614703,17.168725967407227,8467625
4711,2006-11-06,16.650422395481684,16.97436073254681,16.650422395481684,16.779998779296875,10152662
4712,2006-11-03,16.423664206684194,17.039146704678632,16.391270114950537,16.812389373779297,14711173
4713,2006-11-02,16.261696523818326,16.42366568583767,16.14831784815751,16.391271591186523,6401652
4714,2006-11-01,16.18071349182988,16.553242337890236,16.13212300081966,16.294092178344727,11727343
4715,2006-10-31,15.93775685565165,16.051135521750552,15.872968671813343,15.9701509475708,5126203
4716,2006-10-30,16.1969076152943,16.1969076152943,15.872969305640055,15.93775749206543,6634034
4717,2006-10-27,16.650421405788922,16.74760368787385,16.358877182006836,16.358877182006836,4346290
4718,2006-10-26,16.133389447265387,16.35570168955428,16.00635818859091,16.19690704345703,9545051
4719,2006-10-25,16.6828164890662,16.844785657575763,16.48845453584387,16.52084732055664,3893197
4720,2006-10-24,17.168721067083737,17.168721067083737,16.68281364440918,16.68281364440918,5461512
4721,2006-10-23,17.16872339875192,17.265905683226787,16.779998194561593,17.039148330688477,7366197
4722,2006-10-20,16.520847081688856,17.49266207869517,16.261696940315073,17.136329650878906,15837007
4723,2006-10-19,16.618028622996963,16.77999778190216,16.19690802310164,16.358877182006836,12831954
4724,2006-10-18,17.26590631599263,17.26590631599263,16.196909015010455,16.844785690307617,16470487
4725,2006-10-17,17.26590509958648,17.49266113322336,17.26590509958648,17.298297882080078,6952366
4726,2006-10-16,17.168723097479486,17.3630863517822,17.168723097479486,17.265905380249023,4843948
4727,2006-10-13,17.46026766298008,17.525055852753468,17.10393524169922,17.10393524169922,12719477
4728,2006-10-12,17.039148031689795,17.427873229058868,16.844784777387076,17.265905380249023,13623539
4729,2006-10-11,17.265909236908062,17.589846318121428,16.52085014753103,17.006757736206055,17700309
4730,2006-10-09,17.181428909301758,17.181428909301758,17.181428909301758,17.181428909301758,0
4731,2006-10-05,16.387456658653583,17.308458494379956,16.35570113971598,17.181419372558594,34449421731
4732,2006-10-04,16.65042462673273,16.71521282732231,16.32648624625803,16.55324363708496,18314689
4733,2006-10-03,15.711002791476528,16.779998779296875,15.711002791476528,16.779998779296875,42099380
4734,2006-10-02,15.225094857914275,15.970152487726555,14.90115652995478,15.711002349853516,19165696
4735,2006-09-29,15.306079085102553,15.468048245327784,15.273684990810235,15.354669570922852,8218265
4736,2006-09-28,15.743395112503416,16.00254656126458,15.322275811216555,15.549033164978027,16175499
4737,2006-09-27,16.196906324388877,16.29408859628144,15.937756221814464,16.002544403076172,6874905
4738,2006-09-26,16.19690857276998,16.32648364204421,16.002546624476835,16.034940719604492,3754193
4739,2006-09-25,15.905362837308541,16.261695227595037,15.905362837308541,16.19690704345703,1037761
4740,2006-09-22,16.132120170555293,16.19690704345703,16.018741503931917,16.19690704345703,2597587
4741,2006-09-21,16.456058468772788,16.520845341674523,16.164514262624298,16.19690704345703,3273512
4742,2006-09-20,16.196909602662426,16.32648468017578,16.132122719523988,16.32648468017578,2876658
4743,2006-09-19,16.52084792374757,16.52084792374757,16.229303672033105,16.26169776916504,2610320
4744,2006-09-18,16.196911457960862,16.58563804626465,16.164518668299404,16.58563804626465,6794261
4745,2006-09-15,15.775788337238309,15.970151585278119,15.71100146204925,15.93775749206543,2821480
4746,2006-09-14,16.034940380974238,16.09972725862497,15.581426992473663,15.840577125549316,2265461
4747,2006-09-13,15.970152529349182,16.132121693751063,15.970152529349182,16.034940719604492,3822103
4748,2006-09-12,15.743394382530825,16.002545819275937,15.743394382530825,15.921561241149902,5663122
4749,2006-09-11,15.646212931744394,16.1807108686792,15.565228356110747,15.743393898010254,5719361
4750,2006-09-08,15.58142605797925,15.970151234278976,15.565228356110747,15.743393898010254,3332933
4751,2006-09-07,15.775787812635567,15.775787812635567,15.646212755329978,15.694803237915039,5004175
4752,2006-09-06,15.808183700659917,16.034941060132674,15.711002724449548,15.872970581054688,6192614
4753,2006-09-05,15.87297058105469,15.937758772685882,15.56522994889757,15.872970581054688,5301285
4754,2006-09-04,15.791987449166768,16.034941203095215,15.549033695238323,15.85677433013916,9604070
4755,2006-09-01,14.836369219115307,15.387064933776855,14.836369219115307,15.387064933776855,5547462
4756,2006-08-31,14.820169145244687,15.516636156397777,14.60960953413833,15.289878845214844,13205464
4757,2006-08-30,14.188490926695145,14.512429237365723,14.091309957988502,14.512429237365723,4978709
4758,2006-08-29,14.220885392038653,14.220885392038653,13.961735261217155,14.042719841003418,4996748
4759,2006-08-28,14.868762374593116,14.998337443003987,13.961735584480644,13.97793197631836,13389035
4760,2006-08-25,15.144108594206475,15.289880038858833,14.933548966662237,14.998335838317871,1757191
4761,2006-08-24,15.387060556176948,15.387060556176948,15.09551638892687,15.1441068649292,2455399
4762,2006-08-23,15.387062030900328,15.500440693262908,15.07932013466421,15.225092887878418,6141681
4763,2006-08-22,15.257486978730043,15.306077459389373,15.160304706175165,15.225092887878418,2122
4764,2006-08-21,15.694806867387824,15.711004572819464,15.24129340632373,15.257491111755371,5305
4765,2006-08-18,15.549033556607984,16.132122036343045,15.516639460792387,15.872970581054688,9520243
4766,2006-08-17,15.419455525065642,15.59762237738787,15.338472261038078,15.516637802124023,7105165
4767,2006-08-16,15.11171770324767,15.28988327707938,15.06312721140598,15.192702293395996,5366013
4768,2006-08-15,14.901156284754697,14.965943162538686,14.884958581881422,14.917352676391602,1836774
4769,2006-08-14,15.03073147103692,15.111716052337924,14.690596754067261,14.739187240600586,4580794
4770,2006-08-11,15.289881332187694,15.289881332187694,14.99833710698581,15.030731201171875,2111600
4771,2006-08-10,14.868762662001789,15.451851136739817,14.836368566463806,15.09552001953125,11561810
4772,2006-08-09,14.512427700224627,14.803973197937012,14.447640831694462,14.803973197937012,2727042
4773,2006-08-08,14.318066181918862,14.544822194940114,14.318066181918862,14.463837623596191,3822103
4774,2006-08-07,14.49623213461184,14.512428524855654,14.22088432181321,14.318066596984863,5071025
4775,2006-08-04,14.496233614746616,14.577218196707111,14.382854937754646,14.56102180480957,8219327
4776,2006-08-03,14.577217423994368,14.674398392701011,14.4638387530124,14.512429237365723,8437914
4777,2006-08-02,14.141802710684264,14.503640174865724,14.096572872061476,14.503640174865723,9014732
4778,2006-08-01,14.051341512120542,14.141799926757812,14.051341512120542,14.141799926757812,3393781
4779,2006-07-31,14.051342380913116,14.111647994399984,14.036265355141062,14.09657096862793,6842755
4780,2006-07-28,14.171962173975873,14.32272753037966,13.900583038687472,14.051349639892578,7354636
4781,2006-07-27,13.652178059015194,13.797105245469005,13.652178059015194,13.73913860321045,4357946816
4782,2006-07-26,13.623201043320805,13.739139313031261,13.492758353087401,13.652178764343262,2533034875
4783,2006-07-25,14.141801424192387,14.247338119645075,14.141801424192387,14.217184066772461,2345129
4784,2006-07-24,13.870427226751174,14.02119255065918,13.870427226751174,14.02119255065918,3234698
4785,2006-07-21,14.02119058466017,14.36795227478821,14.02119058466017,14.322722434997559,2302923
4786,2006-07-20,14.217187524045798,14.217187524045798,14.051346416921557,14.171958923339844,3169766
4787,2006-07-19,14.232263674879048,14.232263674879048,13.870426177978516,13.870426177978516,4314734
4788,2006-07-18,13.900583038687472,14.14180810685406,13.900583038687472,14.051349639892578,1756411
4789,2006-07-17,13.870423783156312,14.006113287866663,13.779965358150152,13.9005765914917,2306169
4790,2006-07-14,14.021188188121108,14.021188188121108,13.870422911122056,13.945805549621582,6887125
4791,2006-07-13,14.428257255835481,14.428257255835481,14.232262121999472,14.262414932250977,6096037
4792,2006-07-12,14.443337440490723,14.639332617168773,14.428260409668914,14.443337440490723,6355765
4793,2006-07-11,14.639332617168773,14.835327793846824,14.443337440490723,14.443337440490723,5723759
4794,2006-07-10,14.775021070921794,14.775021070921794,14.488567440700196,14.63933277130127,4775752
4795,2006-07-07,14.714716533355263,14.895634694600968,14.594104010924395,14.835329055786133,7671721
4796,2006-07-06,15.076548758946705,15.317772473540405,14.684558511130902,14.865476608276367,18807567
4797,2006-07-05,15.558998477331572,15.679610965124906,15.287620690996784,15.378080368041992,11597945
4798,2006-07-04,15.528849477381334,15.528849477381334,15.347931323694228,15.438389778137207,2246648
4799,2006-07-03,15.649461994773121,15.770074512164907,15.076553470762994,15.438389778137207,6988852
4800,2006-06-30,15.46854189814364,15.649461288466462,15.378083447783316,15.619308471679688,8782059
4801,2006-06-29,15.257470166053421,15.37808267191637,15.19716453552246,15.197164535522461,6679343
4802,2006-06-28,15.227314436809564,15.31777286529541,15.076549144532368,15.31777286529541,5257331
4803,2006-06-27,15.136854763522932,15.468538157572608,15.136854763522932,15.31777286529541,7249663
4804,2006-06-26,15.227317678997434,15.287623310828222,14.955938601355722,15.136857986450195,2462006
4805,2006-06-23,15.1067043544374,15.287622484957224,15.1067043544374,15.227316856384277,4011718
4806,2006-06-22,15.347933718917309,15.408239364624025,15.136861469341124,15.408239364624023,4855834
4807,2006-06-21,14.805168874880557,14.986088206181355,14.775016067930654,14.91070556640625,4657792
4808,2006-06-20,15.076553091446197,15.106705908835231,14.775021183152514,14.895633697509766,4749779
4809,2006-06-19,15.046398387038131,15.287623405456543,14.850403215173303,15.287623405456543,7362211
4810,2006-06-16,14.98609233906204,15.287622981318902,14.77502014260162,15.197164535522461,5893665
4811,2006-06-15,14.624257132369912,14.624257132369912,14.30764941005006,14.56395149230957,6215079
4812,2006-06-14,14.247339174710646,14.247339174710646,14.02118998542255,14.202109336853027,4982452
4813,2006-06-13,13.87042536777121,14.111650351614324,13.84027255599104,13.960885047912598,4233569
4814,2006-06-12,14.247339174710646,14.247339174710646,13.719659392772849,14.202109336853027,6668521
4815,2006-06-09,13.870423549939293,14.111648502167915,13.599045789882274,14.006113052368164,13124931
4816,2006-06-08,14.56394835823811,14.56394835823811,13.840273364437044,13.870426177978516,13687675
4817,2006-06-07,15.07654814662944,15.07654814662944,14.62425105493419,14.684557914733887,3920813
4818,2006-06-06,15.016243614555517,15.13685610805081,14.820248468225778,15.076550483703613,6330874
4819,2006-06-05,15.317774552396349,15.528846731712406,14.925784251381478,15.016243934631348,14110816
4820,2006-06-02,14.895629820992205,15.317772888981276,14.895629820992205,15.257467269897461,22753271
4821,2006-06-01,14.473488531239019,14.805171966552734,14.44333571799249,14.805171966552734,9405407
4822,2006-05-30,14.86548187519355,14.86548187519355,14.684563713947846,14.835329055786133,5162097
4823,2006-05-29,14.28985832012313,14.28985832012313,14.115944701829983,14.260871887207031,5370035
4824,2006-05-26,14.563946699122967,14.729787777109038,14.503639834109187,14.624252319335938,7913052
4825,2006-05-25,14.503640665839542,14.895630954105476,14.443335042168268,14.473487854003906,10122906
4826,2006-05-24,14.383027686805237,14.684559529356875,14.383027686805237,14.503640174865723,10107755
4827,2006-05-23,14.503638597994073,14.563945457868027,14.277490674268341,14.383026123046875,14704944
4828,2006-05-22,14.925785962682546,15.076552533651963,14.63933234088311,14.714715003967285,10040658
4829,2006-05-19,14.492759379290044,14.492759379290044,14.2029037435759,14.318845748901367,16716909
4830,2006-05-18,14.840584439267412,14.840584439267412,14.492759661323195,14.550728797912598,10789605
4831,2006-05-17,15.589155654892913,15.649461288466462,15.528848776518277,15.619308471679688,4310405
4832,2006-05-16,15.679613608372748,15.860531748161259,15.528848284415478,15.649460792541504,7336239
4833,2006-05-15,15.77007333735293,15.800226153254318,15.559001136441113,15.589155197143555,6191270
4834,2006-05-12,16.131909445668107,16.131909445668107,15.649459454416451,15.830377578735352,14644341
4835,2006-05-11,16.22236876878138,16.34298127316199,16.01129781971607,16.13191032409668,13774251
4836,2006-05-10,16.765123000629828,16.85558268247811,16.162061774443693,16.373132705688477,12959354
4837,2006-05-09,17.277725740254944,17.488797915695756,16.976195128025985,17.187267303466797,10930227
4838,2006-05-08,17.338030631839228,17.639561209672713,17.338030631839228,17.549102783203125,7966079
4839,2006-05-05,17.066659499146915,17.428497080126984,17.036506678598887,17.247577667236328,7223690
4840,2006-05-04,17.277723039459957,17.277723039459957,16.825427191817873,16.976192474365234,5453209
4841,2006-05-03,16.915887680875553,17.217418260615695,16.795275200019343,16.825428009033203,8183602
4842,2006-05-02,16.79527581181578,16.97619391728996,16.64451051645383,16.946041107177734,6689083
4843,2006-04-28,16.885732806916536,17.066652141813936,16.765120331918503,16.976192474365234,5425072
4844,2006-04-27,17.09680846563639,17.09680846563639,16.915890338330556,17.036502838134766,3657838
4845,2006-04-26,16.765122813321057,17.126960291870642,16.765122813321057,17.0968074798584,3972759
4846,2006-04-25,17.006348360980358,17.217420541642532,16.704817741292338,16.76512336730957,6301655
4847,2006-04-24,17.03650199735232,17.338032609581276,17.03650199735232,17.187267303466797,5164262
4848,2006-04-21,17.518947951151315,17.549102003435426,17.096804911981568,17.338029861450195,12621707
4849,2006-04-20,17.63956359087507,17.66971640376866,17.30788015944373,17.57925796508789,5339578
4850,2006-04-19,17.63956306934556,17.730022750152735,17.54910463333928,17.669715881347656,9515791
4851,2006-04-18,17.60940679588284,17.60940679588284,17.277722194655986,17.488794326782227,5602553
4852,2006-04-17,17.21741815174568,17.639561209672713,17.21741815174568,17.549102783203125,11726727
4853,2006-04-14,16.734971418053874,17.096808927235813,16.734971418053874,17.0666561126709,9353461
4854,2006-04-13,16.825431691764134,16.88573732299148,16.523901046025316,16.73497200012207,9395667
4855,2006-04-12,16.88573507665288,16.88573507665288,16.674664150635255,16.795276641845703,6954222
4856,2006-04-11,17.18726834068075,17.18726834068075,16.644512707994153,16.8857364654541,12308951
4857,2006-04-10,16.795276641845703,16.795276641845703,16.795276641845703,16.795276641845703,8885950
4858,2006-04-07,15.679613572177814,15.860531711548695,15.619307940654538,15.709766387939453,7869764
4859,2006-04-06,15.92083976623515,15.981145402221879,15.770074431467192,15.950992584228516,7071099
4860,2006-04-04,15.619307976710259,15.709766424203991,15.528848284415478,15.649460792541504,15321798
4861,2006-04-03,15.860530391988343,16.011296947855193,15.709765080922436,15.830377578735352,7073264
4862,2006-03-31,16.07160186767578,16.222367172112378,15.890683751312043,16.07160186767578,7724749
4863,2006-03-30,16.101754822095323,16.252521372667015,16.011296385513386,16.16206169128418,10775473
4864,2006-03-29,15.830376426134853,16.04144859313965,15.830376426134853,16.04144859313965,8608907
4865,2006-03-28,15.528849315126456,15.920839681353721,15.528849315126456,15.800227165222168,10926981
4866,2006-03-27,15.498695959731503,15.619308471679688,15.40823626457009,15.619308471679688,5804925
4867,2006-03-24,15.34792755729387,15.468538800286362,15.25746788024866,15.378080368041992,4725970
4868,2006-03-23,15.528845197328405,15.528845197328405,15.167007744882511,15.34792709350586,10050398
4869,2006-03-22,15.136855392455326,15.408233178790116,15.136855392455326,15.378080368041992,10302551
4870,2006-03-21,15.679611196434834,16.071601476345705,15.10670280456543,15.10670280456543,18040287
4871,2006-03-20,15.739920484836285,15.830378932330015,15.408235776289454,15.649460792541504,11952907
4872,2006-03-17,15.00116884462106,15.679614067077638,14.880557577767618,15.679614067077637,12978834
4873,2006-03-16,15.076549455802228,15.378080046582012,14.955935725729338,15.031319618225098,6981277
4874,2006-03-15,15.13685610805081,15.227315789372506,15.046396426729116,15.076550483703613,6090626
4875,2006-03-14,15.347928282867798,15.438386719388594,15.046396426729116,15.076550483703613,4857999
4876,2006-03-13,15.046395090236297,15.31777286529541,15.016242280741016,15.31777286529541,6425026
4877,2006-03-10,14.925786514898798,15.04639902925605,14.805174000541548,14.895633697509766,3942457
4878,2006-03-09,14.865480880120732,15.00116918077194,14.790098214247589,14.895633697509766,3236862
4879,2006-03-08,14.77501542715383,15.016240361892764,14.71470981586941,14.850398063659668,2958736
4880,2006-03-07,15.016247217031838,15.016247217031838,14.714716533355263,14.835329055786133,6273517
4881,2006-03-06,14.925787487600461,15.106706893327265,14.895634668246391,15.00117015838623,3794195
4882,2006-03-03,15.287623549406298,15.287623549406298,14.835327569213709,14.925786018371582,4870985
4883,2006-03-02,15.167010896247337,15.287623405456543,15.046398387038131,15.287623405456543,6858988
4884,2006-03-01,14.654406134069635,15.076550483703613,14.624253321896036,15.076550483703613,10085029
4885,2006-02-27,14.850399635344088,15.001164924311933,14.850399635344088,14.971012115478516,4587449
4886,2006-02-24,14.98609439762442,14.98609439762442,14.75994638486699,14.835329055786133,7659817
4887,2006-02-23,15.076550909091242,15.10670372211561,14.594100921497654,14.654406547546387,14717930
4888,2006-02-22,15.37808267191637,15.679613314173233,15.061474999626256,15.197164535522461,15592348
4889,2006-02-21,15.679613572177814,15.860531711548695,15.649460756416175,15.709766387939453,12137964
4890,2006-02-20,15.378080487337323,15.619305464795291,15.378080487337323,15.52884578704834,9125117
4891,2006-02-17,15.227317543116145,15.679613512214148,15.227317543116145,15.498695373535156,27273624
4892,2006-02-16,14.95593674540742,15.106703295877212,14.865478308886624,15.076550483703613,7869764
4893,2006-02-15,14.865481314649962,14.955939769461231,14.77502161503754,14.82025146484375,5106905
4894,2006-02-14,14.624253842272612,14.805171966552734,14.624253842272612,14.805171966552734,3626454
4895,2006-02-13,14.925786514898798,15.031323242962088,14.775021183152514,14.895633697509766,5923967
4896,2006-02-10,14.925782225724603,15.001164869935275,14.744864128579138,14.865476608276367,15515512
4897,2006-02-09,14.88055493580124,14.88055493580124,14.669482766680328,14.744865417480469,11400985
4898,2006-02-08,14.805172888359126,14.925785393655818,14.56394912256676,14.699637413024902,13260206
4899,2006-02-07,14.473488531239019,14.865478837846737,14.367953062475692,14.805171966552734,18578140
4900,2006-02-06,14.352871507834706,14.367948532104492,14.111646588321435,14.367948532104492,8700894
4901,2006-02-03,14.367948532104492,14.413177115312749,14.23225904807807,14.367948532104492,10008192
4902,2006-01-25,14.202111738744158,14.322724245162444,14.111652047730185,14.171958923339844,6346025
4903,2006-01-24,14.307644795320257,14.473487119197921,14.141802471442594,14.202109336853027,17001374
4904,2006-01-23,14.05134661128162,14.141805058745794,13.900580042572566,14.02119255065918,13074067
4905,2006-01-20,14.292569012568265,14.292569012568265,14.036267012975363,14.202109336853027,10048234
4906,2006-01-19,14.594102073403329,14.60917785870497,14.021192356716213,14.171958923339844,17281664
4907,2006-01-18,14.624252269547595,14.895630049183673,14.458409947325322,14.518716812133789,18812978
4908,2006-01-17,15.076548206317069,15.076548206317069,14.684557972869637,14.790093421936035,12848969
4909,2006-01-16,15.197160344432056,15.43838404483198,14.91070556640625,14.91070556640625,11351204
4910,2006-01-13,15.22731735078794,15.37808267191637,15.016245154327521,15.197164535522461,14279639
4911,2006-01-12,14.744866848596763,15.498694674564506,14.71471403431029,15.227316856384277,46316029
4912,2006-01-11,14.473487024002702,14.65440512944242,14.398104376336084,14.624252319335938,12202896
4913,2006-01-10,14.805171273797681,14.805171273797681,14.428258013850009,14.473487854003906,18590045
4914,2006-01-09,15.001167119856593,15.136856646667392,14.744866340059675,14.805171966552734,21245765
4915,2006-01-06,14.74486787525476,14.955938834757541,14.624255364909855,14.925786018371582,27816889
4916,2006-01-05,14.594097525587472,14.699632969016108,14.398102419333924,14.579020500183105,16308765
4917,2006-01-04,14.775017961801607,14.865477639047183,14.352874875990326,14.503640174865723,21207888
4918,2006-01-03,14.021192760871385,14.835327513862177,13.99103994459793,14.714715003967285,26919744
4919,2006-01-02,13.900578179551378,14.111650351614324,13.810119744210871,13.960885047912598,7916298
4920,2005-12-30,13.9005765914917,14.232261217583172,13.840270974820925,13.9005765914917,17408281
4921,2005-12-29,14.081495931105499,14.156878574344336,13.870423783156312,13.9005765914917,30181497
4922,2005-12-28,14.383027216649765,14.383027216649765,14.06641960144043,14.06641960144043,15641047
4923,2005-12-27,14.533793405500791,14.563947461987569,14.413180913956317,14.428257942199707,8242041
4924,2005-12-26,14.202902354651846,14.24637453399305,13.956523905827655,14.043473243713379,7316532260
4925,2005-12-23,14.775018692016602,14.82024853287475,14.714713067406338,14.775018692016602,4040937
4926,2005-12-22,14.376811941704348,14.391318849011556,14.144927978515625,14.144927978515625,7443747127
4927,2005-12-21,15.01624101313126,15.061470845956459,14.790093093805947,14.91070556640625,5289797
4928,2005-12-20,14.744863260980749,14.955934154430766,14.729786235105454,14.91070556640625,6810289
4929,2005-12-19,14.7750186208527,14.8353254899734,14.6694831558926,14.729788780212402,6007296
4930,2005-12-16,14.533795030905583,14.775020040972226,14.533795030905583,14.594101905822754,9525531
4931,2005-12-15,14.955939061216926,14.955939061216926,14.32272492831953,14.443337440490723,16401835
4932,2005-12-14,15.227317916634382,15.317776365792257,14.925786018371582,14.925786018371582,6054913
4933,2005-12-13,15.227317678997434,15.408235819290853,15.136857986450197,15.136857986450195,8240958
4934,2005-12-12,15.106703295877212,15.16700892022441,15.076550483703613,15.076550483703613,3779045
4935,2005-12-09,15.076550483703613,15.16700892022441,15.016243614555517,15.076550483703613,9767944
4936,2005-12-08,15.197162977198907,15.438386719388594,15.046396426729116,15.076550483703613,10987584
4937,2005-12-07,15.3177742258933,15.347928282867798,14.925783933233822,15.076550483703613,13238562
4938,2005-12-06,15.619304694650594,15.770069986927792,15.28762005580013,15.31777286529541,8984430
4939,2005-12-05,15.679614105253236,15.679614105253236,15.46854189814364,15.619308471679688,7187977
4940,2005-12-02,15.649461288466462,15.70976692204001,15.498695959731503,15.619308471679688,9469256
4941,2005-12-01,15.498692855835326,15.589152532880536,15.34792755729387,15.378080368041992,5688047
4942,2005-11-30,15.31777599005512,15.528848189181481,15.25747035876247,15.498695373535156,8031012
4943,2005-11-29,15.197162482945126,15.498693084476301,15.10670280456543,15.10670280456543,9805821
4944,2005-11-28,15.10670280456543,15.227315294138073,15.076549993372485,15.10670280456543,5238934
4945,2005-11-25,15.13685610805081,15.287621413719702,15.061473455216364,15.076550483703613,6164215
4946,2005-11-24,15.438386719388594,15.558999212883888,15.046396426729116,15.076550483703613,13758018
4947,2005-11-23,15.528845197328405,15.619304871640077,15.287620229031143,15.34792709350586,10764651
4948,2005-11-22,15.528849477381334,15.709767631068441,15.438389778137207,15.438389778137207,6750768
4949,2005-11-21,16.07160510100311,16.101757918996473,15.83038006745392,15.950992584228516,6176119
4950,2005-11-18,15.34793124515668,15.950992584228516,15.34793124515668,15.950992584228516,12607639
4951,2005-11-17,15.498694674564506,15.498694674564506,15.136857168723871,15.227316856384277,6194517
4952,2005-11-16,15.43838610930139,15.558998598030374,15.136855509879357,15.52884578704834,7874092
4953,2005-11-15,15.679611086759358,15.679611086759358,15.046395832132406,15.52884578704834,6979112
4954,2005-11-14,15.679611086759358,15.709763897741391,15.378080487337323,15.52884578704834,5166426
4955,2005-11-11,15.43838855648261,15.73992044850214,15.43838855648261,15.709766387939453,8977937
4956,2005-11-10,15.34792755729387,15.468538800286362,15.25746788024866,15.378080368041992,6309230
4957,2005-11-09,14.865480245624852,15.287623405456543,14.775020552517681,15.287623405456543,8190095
4958,2005-11-08,14.684559794760704,14.790095256920726,14.548870276439931,14.744865417480469,4947821
4959,2005-11-07,14.955939492805355,14.955939492805355,14.44333785728684,14.533796310424805,4883972
4960,2005-11-04,15.076550340558033,15.227315644795471,14.66948302327624,14.986090660095215,10162947
4961,2005-11-03,14.775018487282269,15.031320500326624,14.609176154700732,14.986090660095215,13813210
4962,2005-11-02,14.66948215689607,14.66948215689607,14.48856405145635,14.624252319335938,8612153
4963,2005-11-01,14.141801173152478,14.39810314921554,14.00611291683732,14.383026123046875,19090021
4964,2005-10-31,13.568894760367757,14.006114887983292,13.41812945666603,13.960885047912598,21448137
4965,2005-10-28,13.885503863419371,13.885503863419371,13.267365554999861,13.418130874633789,12055716
4966,2005-10-27,14.111651814967887,14.126728844821875,13.870426806110162,13.930733680725098,6488875
4967,2005-10-26,13.991039734837788,14.126729273235622,13.779968779287,14.02119255065918,8471467
4968,2005-10-25,14.262417134303714,14.41318245363954,13.9307336807251,13.930733680725098,11405314
4969,2005-10-24,14.63932680886549,14.654402588904736,14.081494316999633,14.141799926757812,12107662
4970,2005-10-21,14.62425472088083,15.061474896026493,14.563949090764677,14.594101905822754,8295069
4971,2005-10-20,15.046400036439255,15.076554100647872,14.54887415941267,14.835329055786133,20657048
4972,2005-10-19,15.679613515554745,15.679613515554745,15.00116831696215,15.046398162841797,6993181
4973,2005-10-18,15.679613572177814,15.800226080025418,15.46854137224425,15.709766387939453,5389359
4974,2005-10-17,15.800226019600492,15.800226019600492,15.468541313087789,15.498695373535156,3426247
4975,2005-10-14,15.739920983627874,15.890686312362833,15.589155654892913,15.619308471679688,6469396
4976,2005-10-13,16.10175723546794,16.131911296982384,15.679614067077638,15.679614067077637,9959493
4977,2005-10-12,16.433439490631788,16.463592302825766,16.041449197707365,16.16206169128418,5563594
4978,2005-10-11,16.28267538510572,16.433440701989873,16.13191006822156,16.403287887573242,6931496
4979,2005-10-10,15.652177810668945,15.652177810668945,15.652177810668945,15.652177810668945,0
4980,2005-10-07,16.252521976115172,16.463592914110883,16.252521976115172,16.28267478942871,2750954
4981,2005-10-06,16.373128921717523,16.403282971898694,16.22236365001414,16.252517700195312,3606975
4982,2005-10-05,16.885735640222222,16.915889697631897,16.463592529296875,16.463592529296875,6151229
4983,2005-10-04,16.463594169996927,16.88573732299148,16.433441354383255,16.73497200012207,10919405
4984,2005-10-03,16.373132705688477,16.554052069385044,16.222367399141945,16.373132705688477,6022447
4985,2005-09-30,15.860531004068891,16.554053204457396,15.830378189652258,16.403287887573242,19505586
4986,2005-09-29,15.619308433650918,15.770073762018805,15.528848738709751,15.679614067077637,6349272
4987,2005-09-28,14.9275426864624,15.101453832794764,14.869571059550625,14.927542686462402,4091786
4988,2005-09-27,14.9275426864624,15.130440268651148,14.811598187837856,14.927542686462402,3672019
4989,2005-09-26,14.869571059550625,14.985513068573189,14.6087018504501,14.927542686462402,6865493
4990,2005-09-23,14.782613127519372,14.927542818481063,14.695657553584159,14.840584754943848,7028564
4991,2005-09-22,14.898551632015053,14.985510927157803,14.492757770426111,14.666668891906738,13820202
4992,2005-09-21,14.956525802612305,15.159425863141841,14.956525802612305,14.956525802612305,9715552
4993,2005-09-20,15.07246864173937,15.07246864173937,14.811598187837856,14.927542686462402,32989222
4994,2005-09-19,15.42029344959291,15.565221871313684,15.10145141972752,15.130437850952148,11753637
4995,2005-09-16,15.594204471577283,15.623190902622431,15.362321736821592,15.44927978515625,6565160
4996,2005-09-15,16.11594547905553,16.11594547905553,15.594205856323244,15.594205856323242,10720918
4997,2005-09-14,16.173918226617516,16.202903415221257,16.057976227401667,16.14493179321289,4672807
4998,2005-09-13,16.00000557223203,16.289861232738094,15.942036431812507,16.202905654907227,7715374
4999,2005-09-12,15.768122934191322,16.057978597411413,15.6521809178635,16.0000057220459,9368842
5000,2005-09-09,15.420295216591953,15.623192789609481,15.420295216591953,15.507250785827637,7409861
5001,2005-09-08,15.362324760435325,15.362324760435325,15.217396311087112,15.30435562133789,3532902
5002,2005-09-07,15.246378403742705,15.30435126072523,14.985509260926058,15.04348087310791,9750568
5003,2005-09-06,15.53623938875979,15.710154285907183,15.101455257894076,15.188414573669434,10662369
5004,2005-09-05,15.536237387243144,15.594206522555293,15.449281817073501,15.478265762329102,3711217
5005,2005-09-02,15.217393315998207,15.768119323445816,15.217393315998207,15.44927978515625,8912803312
5006,2005-09-01,15.101451873779295,15.101451873779295,15.101451873779295,15.101451873779297,0
5007,2005-08-31,15.101451873779295,15.507249475117222,15.101451873779295,15.101451873779297,7827783
5008,2005-08-30,15.217393410223664,15.333337890321394,15.10145141972752,15.130437850952148,7509467
5009,2005-08-29,15.942033508551305,16.028989070437294,14.927540750007319,15.101451873779297,16799450
5010,2005-08-26,15.913047792669653,16.31884541227172,15.826092226869969,16.028989791870117,7684309
5011,2005-08-25,15.913046992524803,15.913046992524803,15.681164250584361,15.768119812011719,7687404
5012,2005-08-24,16.28985799103075,16.28985799103075,15.797104835510254,15.797104835510254,5808539
5013,2005-08-23,16.202904868938653,16.347833314562045,16.1449332417291,16.173919677734375,7063706
5014,2005-08-22,16.28985898103248,16.318845414437106,16.02898979399704,16.14493179321289,4694570
5015,2005-08-19,16.37681601616433,16.37681601616433,16.057977668116262,16.173919677734375,9506152
5016,2005-08-18,16.811599882119825,16.840586317735237,16.376815795898438,16.376815795898438,9538304
5017,2005-08-17,16.7246431705126,16.86957035951433,16.55072830306891,16.753625869750977,8202563
5018,2005-08-16,16.956525926034832,17.014495058914274,16.579714736709974,16.753625869750977,10449126
5019,2005-08-15,17.536236227102584,17.536236227102584,16.840584263602572,16.927539825439453,8939910
5020,2005-08-12,17.942035352253033,17.942035352253033,17.391310523168695,17.536237716674805,13331499
5021,2005-08-11,16.9855095818486,17.942031860351562,16.9855095818486,17.942031860351562,20336182587
5022,2005-08-10,17.304354290167026,17.333336989194443,16.956525802612305,16.956525802612305,8801575
5023,2005-08-09,16.98551381920967,17.072469393202105,16.8116001816228,16.898555755615234,7847798695
5024,2005-08-08,16.753629060395873,17.24638483332696,16.579717894234356,16.985515594482422,17734732
5025,2005-08-05,16.811595916748047,16.811595916748047,16.811595916748047,16.811595916748047,0
5026,2005-08-04,16.95652308143704,16.98550951021539,16.666667507258367,16.811595916748047,6504217199
5027,2005-08-03,16.4637738615134,17.072467801929953,16.31884542876567,16.956525802612305,21481267
5028,2005-08-02,15.185073609687365,15.537628173828127,15.185073609687365,15.537628173828125,16747342
5029,2005-08-01,15.235436352070165,15.235436352070165,14.908063885456745,15.10952377319336,5622579
5030,2005-07-29,15.260619781138532,15.260619781138532,14.75697061208081,14.782150268554688,8698619
5031,2005-07-28,15.210253890946339,15.260619163513184,15.109524538144093,15.260619163513184,7292656
5032,2005-07-27,15.361352191732996,15.361352191732996,15.10952815330925,15.210257530212402,7134763
5033,2005-07-26,15.361350501479016,15.462081059630224,15.285803179031412,15.386533737182617,6470917
5034,2005-07-25,15.361351013183594,15.462081574690254,15.33616896897275,15.361351013183594,5903674
5035,2005-07-22,15.61317775569889,15.66354542605472,15.28580518719646,15.310988426208496,7344877
5036,2005-07-21,15.865001633213518,16.142008850664972,15.713903427124025,15.713903427124023,12894480
5037,2005-07-20,15.865003522848097,16.04128021367766,15.66354359594887,15.739090919494629,11347922
5038,2005-07-19,15.865004049775683,16.11682807251489,15.663544116185326,16.04128074645996,8906306
5039,2005-07-18,15.839816093444824,15.839816093444824,15.839816093444824,15.839816093444824,0
5040,2005-07-15,15.915363396990664,16.091641233485152,15.839816093444824,15.839816093444824,10988801
5041,2005-07-14,15.71390113876206,15.864999322847638,15.487259228124543,15.839816093444824,11472563
5042,2005-07-13,15.462082058523038,15.713906085506377,15.4117167761937,15.688726425170898,11820651
5043,2005-07-12,15.159892274833554,15.51244924010686,15.159892274833554,15.361351013183594,10958223
5044,2005-07-11,14.857698615439746,15.159889043210358,14.857698615439746,15.10952377319336,10034142
5045,2005-07-08,14.605873595933657,15.033977833912282,14.580690362465301,14.782150268554688,9663794
5046,2005-07-07,14.857702382873146,14.857702382873146,14.454780120569081,14.605875968933105,15026030
5047,2005-07-06,15.613173714754732,15.663541372074588,14.78214969674346,14.857699394226074,14237559
5048,2005-07-05,15.688725887835446,15.764273212576136,15.562810897827148,15.562810897827148,4276578
5049,2005-07-04,15.361350863208509,15.839820429527954,15.33616881924352,15.638358116149902,9955303
5050,2005-07-01,15.23543959979773,15.462081574690254,15.210256363255244,15.361351013183594,4250336
5051,2005-06-30,15.462080303116693,15.487262345256614,15.185073070251413,15.235438346862793,5281270
5052,2005-06-29,15.713905764317635,15.739091385796705,15.361351179881757,15.41171646118164,12744847
5053,2005-06-28,15.739090375818089,15.814637696754211,15.462080750278634,15.613175392150879,6187484
5054,2005-06-27,15.159891990203379,15.78945619930234,15.159891990203379,15.739090919494629,13256839
5055,2005-06-24,15.3613546833952,15.436902026409523,15.109530604124762,15.159895896911621,7493582
5056,2005-06-23,15.638355713491986,15.739088643201967,15.436895815729242,15.462079048156738,14268799
5057,2005-06-22,15.68872509775015,15.739090375818089,15.462080750278634,15.613175392150879,10559150
5058,2005-06-21,15.865003773784812,15.890185817921164,15.562810897827148,15.562810897827148,6843539
5059,2005-06-20,15.864998551920712,16.066458415697188,15.663538688144236,15.890180587768555,12381945
5060,2005-06-17,15.562806531670383,16.016093929939316,15.562806531670383,15.839816093444824,25235120
5061,2005-06-16,15.562810216862616,15.940550401032613,15.537628173828127,15.537628173828125,21355232
5062,2005-06-15,15.663543158326902,15.789455758162514,15.462080852393076,15.537628173828125,13038883
5063,2005-06-14,15.411716143470116,16.016098314277762,15.411716143470116,15.638358116149902,35920949
5064,2005-06-13,14.404413913975892,15.361349377038948,14.404413913975892,15.336167335510254,32589378
5065,2005-06-10,14.328867367177637,14.505144052015687,14.328867367177637,14.379231452941895,5968771
5066,2005-06-09,14.27850314355163,14.328868425366947,14.127408490437343,14.303685188293457,5111121
5067,2005-06-08,14.25332137274295,14.303685463194547,14.051861433941509,14.27850341796875,5024369
5068,2005-06-07,14.15258918626562,14.253319740295408,13.92594722819592,14.25331974029541,5124248
5069,2005-06-06,14.177773582872234,14.177773582872234,13.976313650633642,14.102226257324219,2540802
5070,2005-06-03,14.17777129827541,14.25331861164978,13.976311398499934,14.202953338623047,5440798
5071,2005-06-02,14.102225202077722,14.20295456449378,14.02667788218279,14.177772521972656,4998069
5072,2005-06-01,14.454778776044122,14.479962011261527,13.925947529120679,14.026678085327148,7098117
5073,2005-05-31,14.580691269444234,14.580691269444234,14.404414585858069,14.454778671264648,4590503
5074,2005-05-30,14.454777793378632,14.580690383911133,14.429595752204731,14.580690383911133,2765688
5075,2005-05-27,14.530327354593151,14.631056718920231,14.404414754935617,14.505144119262695,5758077
5076,2005-05-26,14.530323028564451,14.555505064066026,14.404410466394134,14.530323028564453,3532560
5077,2005-05-25,14.454774537397281,14.63105236290197,14.354045203059762,14.530323028564453,8879313
5078,2005-05-24,14.278503417968748,14.580692730005069,14.278503417968748,14.27850341796875,7403966
5079,2005-05-23,14.32886870075203,14.354050745977828,14.127408761950589,14.27850341796875,3619232
5080,2005-05-20,14.479963078481234,14.580692449780203,14.303685188293457,14.303685188293457,10942373
5081,2005-05-19,14.429596731037726,14.65623869397161,14.228136810985973,14.379231452941895,14007748
5082,2005-05-18,14.354046730845372,14.454776075904109,14.102222772032858,14.228134155273438,6308035
5083,2005-05-17,14.605876135971268,14.681425849514826,14.253321537086642,14.328868865966797,7855354
5084,2005-05-16,14.42959807534092,14.782152670193604,14.40441603011276,14.605875968933105,17397235
5085,2005-05-13,13.850397821433017,14.479962009133558,13.825214586219312,14.379231452941895,24151251
5086,2005-05-12,13.850401442481203,13.925951167874032,13.800036151217872,13.825218200683594,18310137
5087,2005-05-11,13.749670859954541,13.850401442481203,13.648941469759766,13.825218200683594,7361873
5088,2005-05-10,14.001498508603085,14.001498508603085,13.699306761023097,13.825218200683594,6777719
5089,2005-05-09,13.850397823468464,14.077042171098805,13.774850502479401,14.026678085327148,20522988
5090,2005-05-06,13.371930894210388,13.925947770622052,13.321565615233729,13.850398063659668,21926821
5091,2005-05-05,13.094920090735046,13.472656599608323,13.069738054253918,13.371927261352539,9863295
5092,2005-05-04,13.094921596743326,13.120101251457745,12.868277280691121,12.89345932006836,5363321
5093,2005-05-03,13.145289253309189,13.346749181880334,13.094923973083494,13.094923973083496,6140696
5094,2005-05-02,13.145289421081543,13.145289421081543,13.145289421081543,13.145289421081543,0
5095,2005-04-29,13.472660765897698,13.472660765897698,13.094924140213042,13.145289421081543,5188365
5096,2005-04-28,13.523025409441594,13.62375596643128,13.422296044783492,13.598572731018066,7106990
5097,2005-04-27,13.52302551269531,13.573390791574715,13.447478190542004,13.523025512695312,6070936
5098,2005-04-26,13.523027813965234,13.674122483984258,13.422298431396484,13.422298431396484,6802348
5099,2005-04-25,13.346749602338246,13.49784425544358,13.220836993973245,13.472661018371582,4985597
5100,2005-04-22,13.044554038781751,13.497841481952774,12.96900672775229,13.397110939025879,10033607554
5101,2005-04-21,12.33944499546245,13.145286953420854,12.33944499546245,13.01937198638916,6118152
5102,2005-04-20,12.84309739615377,12.86828063442568,12.717185974121096,12.717185974121094,2191787909
5103,2005-04-19,12.792733304273387,12.969010010518163,12.717185974121096,12.717185974121094,5093837
5104,2005-04-18,12.969007889973021,13.069740826589959,12.641636576951704,12.666818618774414,5139203
5105,2005-04-15,13.246018577667751,13.29638385772705,13.094923929821475,13.29638385772705,4579201
5106,2005-04-14,13.472662526514961,13.523027813965234,13.371933143946212,13.422298431396484,2331485
5107,2005-04-13,13.497842689232447,13.598572048837399,13.447477413264208,13.573390007019043,5101729
5108,2005-04-12,13.447478973631247,13.523026300183913,13.346749602338246,13.472661018371582,3138640
5109,2005-04-11,13.39711519150545,13.472662526514961,13.246020521486427,13.422298431396484,3238268
5110,2005-04-08,13.094921694908036,13.397110939025879,13.06973965534202,13.397110939025879,5931110
5111,2005-04-07,13.145286953420854,13.195651032503264,13.01937198638916,13.01937198638916,3156616
5112,2005-04-06,13.145289421081543,13.246018790486904,13.120103799818189,13.145289421081543,2572538
5113,2005-04-05,13.145289421081543,13.145289421081543,13.145289421081543,13.145289421081543,0
5114,2005-04-04,13.321566115623835,13.422296677360839,13.145289421081543,13.145289421081543,5103950
5115,2005-04-01,13.321563627996419,13.422294170923312,13.271198356532972,13.397110939025879,8341888
5116,2005-03-31,13.44748015482525,13.472662201777514,13.296385488448127,13.32156753540039,4674991
5117,2005-03-30,13.195654915975533,13.346750774684423,13.195654915975533,13.32156753540039,5373191
5118,2005-03-29,13.195651054382324,13.271198365462618,13.094921703719073,13.195651054382324,5820171
5119,2005-03-28,13.044553282205538,13.371928123896108,13.019371244100066,13.246015548706055,5472821
5120,2005-03-25,12.969007459106853,12.994193077087402,12.89346014381709,12.994193077087402,2169021
5121,2005-03-24,12.994195296659427,13.044557002571052,12.868280300895158,12.943827629089355,4637950
5122,2005-03-23,12.943825418120761,13.019372733410522,12.817912828527328,12.994193077087402,4155402333
5123,2005-03-22,12.817915017988465,12.943827629089354,12.692002406887575,12.943827629089355,5788815057
5124,2005-03-21,12.767551700959329,12.84309904078589,12.641640262802976,12.742369651794434,5044909
5125,2005-03-18,12.843095096851766,12.969007688674003,12.767547780224726,12.817913055419922,3428366803
5126,2005-03-17,13.06974062372741,13.094922665159254,12.767547780224726,12.817913055419922,12640937
5127,2005-03-16,13.09492417638487,13.271200871414088,13.09492417638487,13.12010383605957,3755359
5128,2005-03-15,13.422294179954626,13.472658259120541,13.094921703719073,13.195651054382324,7171730
5129,2005-03-14,13.22083742553242,13.57339202506363,13.145290096513712,13.497844696044922,7678893
5130,2005-03-11,13.195650280163763,13.346746085790638,13.094920935410528,13.246015548706055,9132885
5131,2005-03-10,13.170469014799366,13.422294179954626,13.170469014799366,13.195651054382324,26263555
5132,2005-03-09,12.843096379623404,13.17047129725622,12.843096379623404,13.094923973083496,17896586
5133,2005-03-08,13.220834977900571,13.220834977900571,12.843094825744629,12.843094825744629,8274221
5134,2005-03-07,13.296382045683142,13.296382045683142,13.06974010480071,13.220834732055664,7898254
5135,2005-03-04,13.271197586811525,13.296380817248346,13.044553282205538,13.246015548706055,12103140
5136,2005-03-03,13.749669487579494,13.749669487579494,13.296385488448127,13.32156753540039,9808879
5137,2005-03-02,13.95112629429345,13.95112629429345,13.724484345834233,13.800031661987305,6914612
5138,2005-03-01,14.102226197156785,14.102226197156785,13.548209299284,13.976313591003418,7455561
5139,2005-02-28,13.976313591003418,13.976313591003418,13.976313591003418,13.976313591003418,0
5140,2005-02-25,13.850398600186766,14.102226197156785,13.850398600186766,13.976313591003418,7014085
5141,2005-02-24,13.724487304687502,13.850399922865208,13.598574686509796,13.7244873046875,5405507
5142,2005-02-23,13.724487304687502,13.850399922865208,13.47266206833209,13.7244873046875,5081246
5143,2005-02-22,13.976313049598714,13.976313049598714,13.724485462383816,13.850398063659668,12267663
5144,2005-02-21,14.102226257324219,14.228137671683147,13.976313650633642,14.102226257324219,9645633
5145,2005-02-18,14.102226257324219,14.228137671683147,13.976313650633642,14.102226257324219,8213011
5146,2005-02-17,14.228137671683147,14.354050278373721,14.102226257324219,14.102226257324219,11555408
5147,2005-02-16,14.354046730845372,14.354046730845372,14.22813415527344,14.228134155273438,7054141
5148,2005-02-15,14.479962284081834,14.479962284081834,14.102225672019495,14.354049682617188,9339770
5149,2005-02-14,14.605875912933728,14.731790907918517,14.479963302612303,14.479963302612305,19111804
5150,2005-02-11,14.354049682617188,14.354049682617188,14.354049682617188,14.354049682617188,0
5151,2005-02-10,14.354049682617188,14.354049682617188,14.354049682617188,14.354049682617188,0
5152,2005-02-09,14.354049682617188,14.354049682617188,14.354049682617188,14.354049682617188,0
5153,2005-02-08,14.354049682617188,14.354049682617188,14.354049682617188,14.354049682617188,0
5154,2005-02-07,14.354049682617188,14.354049682617188,14.354049682617188,14.354049682617188,0
5155,2005-02-04,14.354049682617188,14.354049682617188,14.354049682617188,14.354049682617188,0
5156,2005-02-03,14.354049682617188,14.354049682617188,14.102225672019495,14.354049682617188,10949939
5157,2005-02-02,13.850398084427008,14.479962284081834,13.724485482962361,14.354049682617188,25079011
5158,2005-02-01,13.47266206833209,13.850399922865208,13.34675064248614,13.7244873046875,15818693
5159,2005-01-31,13.220834810803536,13.472658793617926,13.09492222323061,13.346747398376465,12770904
5160,2005-01-28,12.843095846567362,13.220836028747668,12.717184439726555,12.969008445739746,9766343838
5161,2005-01-27,13.094925009546,13.094925009546,12.717185974121096,12.717185974121094,14462897
5162,2005-01-26,12.41499447853408,13.094923973083494,12.389812434587046,13.094923973083496,33110513
5163,2005-01-25,12.012076084826608,12.46536251474394,12.012076084826608,12.339449882507324,16558492
5164,2005-01-24,12.314266706588118,12.38981404055328,11.886162365344706,11.986891746520996,30268612
5165,2005-01-21,12.843099554256852,12.843099554256852,12.137987841466712,12.289082527160645,21627728
5166,2005-01-20,12.717185974121096,12.969010010518163,12.5912733597567,12.717185974121094,9995971803
5167,2005-01-19,12.843094825744629,12.969007414908955,12.717183428911785,12.843094825744629,9079566665
5168,2005-01-18,13.094922388736245,13.094922388736245,12.843094825744629,12.843094825744629,6522243
5169,2005-01-17,13.094923973083494,13.220836577481915,12.969008984021823,13.094923973083496,5794807
5170,2005-01-14,12.969008445739746,13.094923429575285,12.717184439726555,12.969008445739746,14156176
5171,2005-01-13,13.472660593947127,13.472660593947127,12.843096379623404,13.094923973083496,11732358
5172,2005-01-12,13.598571381190853,13.598571381190853,13.346747398376465,13.346747398376465,5155272
5173,2005-01-11,13.47266013094675,13.724485331089383,13.47266013094675,13.598572731018066,3855715
5174,2005-01-10,13.47266013094675,13.724485331089383,13.34674872320702,13.598572731018066,6558986
5175,2005-01-07,13.598571381190853,13.598571381190853,13.346747398376465,13.346747398376465,7042837
5176,2005-01-06,13.724485331089383,13.724485331089383,13.47266013094675,13.598572731018066,3731834
5177,2005-01-05,13.850399922865208,13.850399922865208,13.598574686509796,13.7244873046875,5671290
5178,2005-01-04,14.102226197156785,14.102226197156785,13.850398600186766,13.976313591003418,2819643
5179,2005-01-03,14.354050278373721,14.354050278373721,14.102226257324219,14.102226257324219,3950699
5180,2004-12-31,13.724485482962361,14.354049682617188,13.724485482962361,14.354049682617188,15895944
5181,2004-12-30,13.850398063659668,13.850398063659668,13.598572861107964,13.850398063659668,9165443
5182,2004-12-29,13.850398063659668,13.976313049598714,13.724485462383816,13.850398063659668,11562911
5183,2004-12-28,13.724485462383816,13.850398063659668,13.598572861107964,13.850398063659668,6723747
5184,2004-12-27,13.724485462383816,13.850398063659668,13.598572861107964,13.850398063659668,4449578
5185,2004-12-24,13.724487304687502,13.850399922865208,13.598574686509796,13.7244873046875,7376176
5186,2004-12-23,13.724487304687502,13.724487304687502,13.47266206833209,13.7244873046875,4212444
5187,2004-12-22,13.724487304687502,13.724487304687502,13.47266206833209,13.7244873046875,6115366
5188,2004-12-21,13.34675064248614,13.724487304687502,13.220838024308435,13.7244873046875,9308818
5189,2004-12-20,13.59857130019305,13.724483887016,13.220834732055664,13.220834732055664,12680810
5190,2004-12-17,13.724487304687502,13.850399922865208,13.598574686509796,13.7244873046875,7143578
5191,2004-12-16,13.724487304687502,13.850399922865208,13.47266206833209,13.7244873046875,12078322
5192,2004-12-15,13.724485331089383,13.724485331089383,13.47266013094675,13.598572731018066,10387009
5193,2004-12-14,13.724487304687502,13.724487304687502,13.47266206833209,13.7244873046875,8408784
5194,2004-12-13,13.850398063659668,13.976313049598714,13.346748850887858,13.850398063659668,11581262
5195,2004-12-10,13.724486052589196,14.102226257324219,13.598573445898621,14.102226257324219,16546168
5196,2004-12-09,13.598574686509796,13.850399922865208,13.598574686509796,13.7244873046875,13966277
5197,2004-12-08,13.598572731018066,13.724485331089383,13.47266013094675,13.598572731018066,11207404
5198,2004-12-07,13.598572731018066,13.724485331089383,13.47266013094675,13.598572731018066,16567301
5199,2004-12-06,13.47266013094675,13.724485331089383,13.34674872320702,13.598572731018066,16634259
5200,2004-12-03,13.47266013094675,13.598572731018066,13.34674872320702,13.598572731018066,16927307
5201,2004-12-02,13.47266101837158,13.59857362673658,13.094924385608246,13.472661018371582,21596586
5202,2004-12-01,13.346747398376465,13.598571381190853,13.220834810803536,13.346747398376465,11485008
5203,2004-11-30,13.346747318878613,13.59857130019305,13.094922145232717,13.220834732055664,14346854
5204,2004-11-29,13.47266101837158,13.72448623510158,13.346749602338246,13.472661018371582,8604319
5205,2004-11-26,13.598571381190853,14.102224116145498,13.346747398376465,13.346747398376465,13392783
5206,2004-11-25,13.724483968763781,13.724483968763781,13.346747398376465,13.346747398376465,5429705
5207,2004-11-24,13.850397931160702,13.850397931160702,13.598572731018066,13.598572731018066,5507082
5208,2004-11-23,13.598572861107964,13.850398063659668,13.346748850887858,13.850398063659668,9203046
5209,2004-11-22,14.228136923706236,14.354049523777553,13.598572731018066,13.598572731018066,12394940
5210,2004-11-19,14.857702382873146,14.857702382873146,14.605875968933105,14.605875968933105,5992152
5211,2004-11-18,15.1095256083913,15.1095256083913,14.731789018212506,14.983613014221191,12492747
5212,2004-11-17,14.605874039379339,14.983613014221191,14.47996144520923,14.983613014221191,12118858
5213,2004-11-16,14.605875968933105,14.605875968933105,14.354050747324752,14.605875968933105,5313755
5214,2004-11-15,14.605875968933105,14.731790964400657,14.354050747324752,14.605875968933105,7771193
5215,2004-11-12,14.479963302612303,14.479963302612303,14.228138081969455,14.479963302612305,5516736
5216,2004-11-11,14.354049682617188,14.479962284081834,14.228137081152543,14.354049682617188,4047786
5217,2004-11-10,14.35405069229088,14.605875912933728,14.228138081969455,14.479963302612305,10286037
5218,2004-11-09,14.479963302612303,14.479963302612303,14.228138081969455,14.479963302612305,6838762
5219,2004-11-08,14.605875968933105,14.605875968933105,14.102226718048085,14.605875968933105,10411436
5220,2004-11-05,14.35405069229088,14.605875912933728,14.35405069229088,14.479963302612305,12835031
5221,2004-11-04,14.228137081152543,14.354049682617188,14.102225672019495,14.354049682617188,14540496
5222,2004-11-03,14.102222772032858,14.22813415527344,13.850395236226284,14.228134155273438,10282192
5223,2004-11-02,13.598573445898621,14.102226257324219,13.598573445898621,14.102226257324219,13085953
5224,2004-11-01,13.598572731018066,13.724485331089383,13.34674872320702,13.598572731018066,6581599
5225,2004-10-29,13.34674872320702,13.724485331089383,13.34674872320702,13.598572731018066,8930002
5226,2004-10-28,13.598571381190853,13.724483968763781,13.346747398376465,13.346747398376465,10792513
5227,2004-10-27,13.598572731018066,13.598572731018066,13.34674872320702,13.598572731018066,4113529
5228,2004-10-26,13.976313836494906,13.976313836494906,13.47266101837158,13.472661018371582,4678640
5229,2004-10-25,14.102226257324219,14.102226257324219,14.102226257324219,14.102226257324219,0
5230,2004-10-22,13.976313650633642,14.228137671683147,13.976313650633642,14.102226257324219,5354935
5231,2004-10-21,13.850398063659668,14.102225650874566,13.850398063659668,13.850398063659668,5181926
5232,2004-10-20,14.228137671683147,14.228137671683147,13.976313650633642,14.102226257324219,5513038
5233,2004-10-19,14.102222772032858,14.354046730845372,13.976310196460924,14.228134155273438,6771805
5234,2004-10-18,13.850398063659668,14.102225650874566,13.850398063659668,13.850398063659668,1937512
5235,2004-10-15,14.102225650874566,14.22813705981882,13.850398063659668,13.850398063659668,6980148
5236,2004-10-14,14.228137671683147,14.228137671683147,13.976313650633642,14.102226257324219,10295284
5237,2004-10-13,14.22813415527344,14.354046730845372,14.102222772032858,14.228134155273438,6926581
5238,2004-10-12,14.479959306417307,14.731786842223881,14.102222772032858,14.228134155273438,8231374
5239,2004-10-11,14.73178958892822,14.857700995644661,14.47996200616904,14.731789588928223,5346344
5240,2004-10-08,14.857699394226074,14.983611979702758,14.731788001080838,14.857699394226074,14667131
5241,2004-10-07,15.487262798553159,15.487262798553159,14.354049407121027,14.731789588928223,10142559
5242,2004-10-06,15.361351013183594,15.613176224618604,15.23543959979773,15.361351013183594,14984452
5243,2004-10-05,15.361347289610688,15.61317244000357,15.235435906745597,15.487259864807129,19416871
5244,2004-10-04,14.983613156137434,15.235438346862793,14.983613156137434,15.235438346862793,17382770
5245,2004-10-01,14.60587303094126,14.857699394226074,14.479960445464576,14.857699394226074,7112993
5246,2004-09-30,14.605874605217055,14.983613594692676,14.605874605217055,14.731789588928223,8362090
5247,2004-09-29,14.983614936229683,15.109527546551108,14.479963302612303,14.479963302612305,6619065
5248,2004-09-28,15.109523773193358,15.109523773193358,15.109523773193358,15.10952377319336,0
5249,2004-09-27,15.235436352070165,15.361347738615587,14.857698615439746,15.10952377319336,6047201
5250,2004-09-24,15.61317244000357,15.61317244000357,15.235435906745597,15.487259864807129,4104625
5251,2004-09-23,15.361347289610688,15.487259864807129,15.361347289610688,15.487259864807129,2843207
5252,2004-09-22,15.361350194142757,15.613175392150877,15.23543878747027,15.613175392150879,3536823
5253,2004-09-21,15.613176224618604,15.739091214999386,15.109526994080223,15.361351013183594,5480169
5254,2004-09-20,14.983610756352713,15.61317244000357,14.983610756352713,15.487259864807129,9339304
5255,2004-09-17,14.983611979702758,15.109524565179443,14.60587303094126,14.857699394226074,6012576
5256,2004-09-16,15.109524565179443,15.109524565179443,14.731788001080838,14.857699394226074,2198396
5257,2004-09-15,15.109523773193358,15.361347738615587,14.983611194316552,15.10952377319336,2537869
5258,2004-09-14,15.109525751500113,15.361349749893932,14.857700560774752,15.235438346862793,5893594
5259,2004-09-13,14.731788001080838,14.983611979702758,14.731788001080838,14.857699394226074,5162603
5260,2004-09-10,14.605874605217055,14.73178958892822,14.47996200616904,14.731789588928223,4158528
5261,2004-09-09,14.605875968933105,14.731790964400657,14.354050747324752,14.605875968933105,8333405
5262,2004-09-08,14.857700995644661,14.857700995644661,14.605874605217055,14.731789588928223,4700871
5263,2004-09-07,14.60587303094126,14.857699394226074,14.479960445464576,14.857699394226074,6144940
5264,2004-09-06,14.102226663979712,14.479963302612303,14.102226663979712,14.479963302612305,5132229
5265,2004-09-03,14.857702325908258,14.857702325908258,14.102226663979712,14.479963302612305,8948810
5266,2004-09-02,14.983613594692676,14.983613594692676,14.605874605217055,14.731789588928223,5342923
5267,2004-09-01,14.60587303094126,14.983611979702758,14.60587303094126,14.857699394226074,8342905
5268,2004-08-31,15.109527604481501,15.235440215285678,14.605875968933105,14.605875968933105,12812515
5269,2004-08-30,15.613176224618604,15.86500382071689,15.109526994080223,15.361351013183594,6354893
5270,2004-08-27,15.235441478354053,15.990917205810547,15.109528857111304,15.990917205810547,15836419
5271,2004-08-26,14.60587226535475,15.109523773193358,14.60587226535475,15.10952377319336,18049936
5272,2004-08-25,14.22813415527344,14.22813415527344,14.22813415527344,14.228134155273438,0
5273,2004-08-24,14.22813415527344,14.22813415527344,14.22813415527344,14.228134155273438,0
5274,2004-08-23,14.605871881989241,14.857698225464462,14.22813415527344,14.228134155273438,13941164
5275,2004-08-20,14.228138136520574,14.857702382873146,14.228138136520574,14.605875968933105,10512730
5276,2004-08-19,14.354046730845372,14.605871881989241,14.22813415527344,14.228134155273438,7544130
5277,2004-08-18,13.598573387880032,14.102226197156785,13.346749367904941,13.976313591003418,6328752
5278,2004-08-17,13.724485331089383,13.976312915895187,13.47266013094675,13.598572731018066,6598438
5279,2004-08-16,13.850399922865208,13.976314925706426,13.724487304687502,13.7244873046875,3301077
5280,2004-08-13,14.102225672019495,14.354049682617188,13.47266028003307,14.354049682617188,10347705
5281,2004-08-12,14.605875912933728,14.731790907918517,14.479963302612303,14.479963302612305,3125547
5282,2004-08-11,14.605874177717851,15.235438346862793,14.22813639162981,15.235438346862793,4377673
5283,2004-08-10,14.731790964400657,14.983614993677325,14.479963358128929,14.605875968933105,3819545
5284,2004-08-09,14.47996200616904,14.73178958892822,14.354049407121027,14.731789588928223,2760971
5285,2004-08-06,14.47996200616904,14.983613594692676,14.22813680807301,14.731789588928223,9611594
5286,2004-08-05,13.976314053658289,14.605875912933728,13.724486448352074,14.479963302612305,8682177
5287,2004-08-04,13.850398063659668,13.976313049598714,13.598572861107964,13.850398063659668,4880685
5288,2004-08-03,13.724485462383816,14.102225650874566,13.724485462383816,13.850398063659668,6824283
5289,2004-08-02,13.850398600186766,14.102226197156785,13.598573387880032,13.976313591003418,8280511
5290,2004-07-30,13.598572861107964,14.102225650874566,13.472660259832113,13.850398063659668,14255037
5291,2004-07-29,13.167577083454413,13.499531122274258,13.056924584130547,13.388879776000977,10757345
5292,2004-07-28,13.720833814820821,13.831488620245857,13.167577083454413,13.388879776000977,9048680
5293,2004-07-27,13.38888100299299,13.942141244213364,13.278229646579328,13.610183715820312,4834780
5294,2004-07-26,13.499531122274258,13.720833814820821,13.278228429727694,13.388879776000977,4802461
5295,2004-07-23,13.499532024715062,13.831489544877948,13.388880671044761,13.720834732055664,4142968
5296,2004-07-22,13.056925780701317,13.720835072233973,13.056925780701317,13.610183715820312,7739088
5297,2004-07-21,13.278228105100196,13.610182135804395,13.16757676153213,13.499530792236328,12534339
5298,2004-07-20,13.38887740236457,13.499528729021119,12.946270942687988,12.946270942687988,6856434
5299,2004-07-19,13.61018246854754,13.720833814820821,13.278228429727694,13.388879776000977,4335107
5300,2004-07-16,13.831485748291016,14.052788394886536,13.831485748291016,13.831485748291016,7117108
5301,2004-07-15,13.720833159663732,14.052790641784666,13.610181818673949,14.052790641784668,6115456
5302,2004-07-14,14.05279225221855,14.05279225221855,13.499532024715062,13.720834732055664,7216255
5303,2004-07-13,14.606050805885168,14.606050805885168,13.720833159663732,14.052790641784668,12492436045
5304,2004-07-12,14.938006115964765,15.048658619539278,14.495400713869222,14.716703414916992,6100621
5305,2004-07-09,14.827352208596015,14.938003540039062,14.38474457672296,14.938003540039062,6976363123
5306,2004-07-08,15.048654408628302,15.15930572818976,14.827350616455078,14.827350616455078,7174621
5307,2004-07-07,14.827352208596015,15.04865602453254,14.716700877152967,14.938003540039062,6476721550
5308,2004-07-06,15.04865550994873,15.269958165267456,14.827351701579614,15.04865550994873,4618383413
5309,2004-07-05,14.606052099334518,15.2699613571167,14.384747091656072,15.2699613571167,7928806433
5310,2004-07-02,15.49126199297475,15.601914465586514,14.827350616455078,14.827350616455078,11160438648
5311,2004-07-01,15.823221206665039,15.933870232683987,15.601916236324522,15.823221206665039,3093417
5312,2004-06-30,15.491263751154264,15.823221206665039,15.380612419034442,15.823221206665039,8368563
5313,2004-06-29,15.491266250610352,15.601918753633965,15.269961244563126,15.491266250610352,4208571
5314,2004-06-28,15.933872803552935,15.933872803552935,15.380614900637362,15.491266250610352,3210619
5315,2004-06-25,15.933873176574705,15.933873176574705,15.601919118884487,15.933873176574707,4970169
5316,2004-06-24,16.044526835239413,16.044526835239413,15.601919118884487,15.933873176574707,5003835
5317,2004-06-23,15.159307448693925,15.823221206665039,15.159307448693925,15.823221206665039,10390126
5318,2004-06-22,15.04865550994873,15.04865550994873,15.04865550994873,15.04865550994873,0
5319,2004-06-21,15.823220568816222,15.823220568816222,15.04865550994873,15.04865550994873,2782084
5320,2004-06-18,15.491266364795145,15.60191886863437,15.159310006328107,15.2699613571167,3641359
5321,2004-06-17,15.38061249479128,15.601916313171385,15.0486561906959,15.601916313171387,8348489
5322,2004-06-16,15.491263126686963,15.491263126686963,14.827351701579614,15.04865550994873,4001879210
5323,2004-06-15,14.606049046260889,15.04865550994873,14.495397718601525,15.04865550994873,4520203448
5324,2004-06-14,14.827356072918219,15.15931130681234,14.606053352355959,14.606053352355957,8048546
5325,2004-06-11,15.26995704775122,15.26995704775122,14.71669929689362,14.827350616455078,7579566507
5326,2004-06-10,16.155179081729223,16.155179081729223,15.2699613571167,15.2699613571167,6498996
5327,2004-06-09,16.37647882431068,16.59778379200248,16.155176162719727,16.155176162719727,8054530
5328,2004-06-08,16.37647882431068,16.487130155106158,15.933870041977503,16.155176162719727,10132533
5329,2004-06-07,15.712570471447894,15.933873176574705,15.49126661327043,15.933873176574707,6034834
5330,2004-06-04,14.827353262557033,15.269959772841105,14.827353262557033,15.159308433532715,3640731
5331,2004-06-03,15.82322110988603,15.82322110988603,14.938003540039062,14.938003540039062,5657982
5332,2004-06-02,15.933869023173388,16.155175129765404,15.601915052011938,15.712566375732422,5605698
5333,2004-06-01,16.376476587286973,16.4871279029675,16.044521487195126,16.265825271606445,6258481
5334,2004-05-31,16.597781221256806,16.597781221256806,16.265824974184536,16.376476287841797,7555888
5335,2004-05-28,16.155176181918613,16.81908416748047,16.044523697941212,16.81908416748047,13574607
5336,2004-05-27,15.933869605272143,16.15517571994895,15.601915621983695,16.044523239135742,5942829
5337,2004-05-26,16.26582768819476,16.376479020314584,15.823221206665039,15.823221206665039,4855292
5338,2004-05-25,15.933869605272143,16.15517571994895,15.82322058361011,16.044523239135742,8153080
5339,2004-05-24,15.8232241301126,16.15517934085347,15.712570471447894,15.933873176574707,8692662
5340,2004-05-21,15.269958780813747,16.15517635607494,15.048656116574104,15.823221206665039,15743705
5341,2004-05-20,15.048658655539516,15.2699613571167,14.827354800911701,15.2699613571167,8772826263
5342,2004-05-19,15.048658655539516,15.491266364795145,14.71670345012311,15.2699613571167,15197817
5343,2004-05-18,14.16344106090875,15.048656343412507,14.16344106090875,14.49539852142334,13891860
5344,2004-05-17,14.163441766193342,14.384745597839355,13.610181610553052,14.384745597839355,11855742
5345,2004-05-14,15.04865994653121,15.04865994653121,14.274095812360375,14.606053352355957,12951049
5346,2004-05-13,14.827351701579614,15.159306837608094,14.71670037392025,15.04865550994873,9810338
5347,2004-05-12,14.71670037392025,15.269958165267456,14.71670037392025,15.04865550994873,22664934
5348,2004-05-11,14.384748325692236,14.606053352355959,13.720835551802532,14.606053352355957,10995008091
5349,2004-05-10,14.384745597839355,14.384745597839355,13.831487748300088,14.384745597839355,12762306
5350,2004-05-07,14.606049855211083,14.716701188998826,14.274092394696492,14.49539852142334,14619287
5351,2004-05-06,14.606053352355959,14.938007433199349,14.384748325692236,14.606053352355957,10762458235
5352,2004-05-05,15.380616333476063,15.380616333476063,14.384748325692236,14.606053352355957,10407287523
5353,2004-05-04,15.49126466567847,15.601917157381079,15.159308343621147,15.380613327026367,9623323
5354,2004-05-03,15.49126466567847,15.601917157381079,15.159308343621147,15.380613327026367,6482413
5355,2004-04-30,16.376481662596763,16.59778666864399,15.380614900637362,15.491266250610352,18462663
5356,2004-04-29,16.59778668228825,16.7084380323522,16.155178975931193,16.487133026123047,8255719
5357,2004-04-28,17.261692863495597,17.3723453469163,16.70843505859375,16.70843505859375,6758787
5358,2004-04-27,17.704300456972916,17.704300456972916,17.261693954467773,17.261693954467773,4927787
5359,2004-04-26,17.704299214641843,17.814952850341797,17.59365019114353,17.814952850341797,4813615
5360,2004-04-23,17.37234592460831,17.81495356690856,17.26169343750802,17.704299926757812,6716813
5361,2004-04-22,17.81495454464357,18.036258377939475,17.372346878051758,17.372346878051758,9374841
5362,2004-04-21,17.372345225844448,17.814952850341797,17.261692743194907,17.814952850341797,6694855
5363,2004-04-20,17.81495454464357,17.81495454464357,17.372346878051758,17.372346878051758,3724970
5364,2004-04-19,17.59365019114353,17.814952850341797,17.482998861544402,17.814952850341797,9261729
5365,2004-04-16,17.48300137968309,17.814955416293003,17.261695229458084,17.593652725219727,6491480
5366,2004-04-15,17.704300456972916,17.704300456972916,17.261693954467773,17.261693954467773,6447287
5367,2004-04-14,17.37234592460831,17.704299926757812,17.37234592460831,17.704299926757812,6424013
5368,2004-04-13,17.483000524275493,17.593651864398186,17.261694384878545,17.372346878051758,3705772
5369,2004-04-12,17.261694384878545,17.593651864398186,17.261694384878545,17.372346878051758,4037125
5370,2004-04-09,17.26169427766787,17.372346770153833,17.040391598796973,17.151042938232422,4093219
5371,2004-04-08,17.483000088346575,17.593651425710238,17.261693954467773,17.261693954467773,3601644
5372,2004-04-07,17.59365113718479,17.70430016663289,17.151042335837186,17.482999801635742,11634048
5373,2004-04-06,18.146908722108524,18.25756236225927,17.704299926757812,17.704299926757812,7839703
5374,2004-04-05,17.814952976347175,18.036256790161133,17.593650315583634,18.036256790161133,6896957
5375,2004-04-02,17.704299926757812,17.81495356690856,17.48299956475906,17.704299926757812,8055524
5376,2004-04-01,17.04039253838481,17.70430176465521,17.04039253838481,17.593652725219727,12670873
5377,2004-03-31,17.261694605065347,17.261694605065347,16.92974058046293,17.04039192199707,5609458
5378,2004-03-30,17.261694605065347,17.37234709965002,17.04039192199707,17.04039192199707,7718790
5379,2004-03-29,16.708436114598967,17.261693954467773,16.597784777235304,17.261693954467773,11920718
5380,2004-03-26,16.487127601499058,16.708432534914063,16.265824974184536,16.376476287841797,5662313
5381,2004-03-25,16.7084380323522,16.8190870763149,16.376481676059097,16.487133026123047,6929245
5382,2004-03-24,16.3764790713285,16.819084401186533,16.26582773886399,16.5977840423584,12969968
5383,2004-03-23,15.491263141170489,16.708434664863812,15.491263141170489,16.044523239135742,24472088
5384,2004-03-22,16.5977840423584,16.5977840423584,16.5977840423584,16.5977840423584,4043559
5385,2004-03-19,17.482998861544402,17.925604179940926,17.482998861544402,17.814952850341797,10145320
5386,2004-03-18,17.151042335837186,17.814953808282883,16.929739664739092,17.482999801635742,28670827
5387,2004-03-17,17.26169427766787,17.372346770153833,17.151042938232422,17.151042938232422,11149823
5388,2004-03-16,17.372346770153833,17.372346770153833,17.040391598796973,17.151042938232422,19585963
5389,2004-03-15,17.925605884766263,18.036258377939475,17.372346878051758,17.372346878051758,17453275
5390,2004-03-12,18.036256662590468,18.036256662590468,17.704299214641843,17.814952850341797,10787202
5391,2004-03-11,18.25756175702551,18.36821308740728,17.925604306728943,18.036256790161133,6902831
5392,2004-03-10,18.700168807991922,18.81082244788517,18.368213653564453,18.368213653564453,6948109
5393,2004-03-09,18.700167898690445,18.92147286161501,18.3682127604044,18.810821533203125,5777894
5394,2004-03-08,18.921475510878032,18.921475510878032,18.700170516967773,18.700170516967773,7768017
5395,2004-03-05,18.589518020012644,18.921475510878032,18.589518020012644,18.700170516967773,11368062
5396,2004-03-04,18.368215233836434,18.589517920460437,18.257563890524434,18.478866577148438,6446841
5397,2004-03-03,18.478864987356793,18.700168807991922,18.257562319772116,18.368213653564453,6210892
5398,2004-03-02,18.810821533203125,18.92147286161501,18.478864088816284,18.810821533203125,10088541
5399,2004-03-01,18.700167898690445,18.92147286161501,18.700167898690445,18.810821533203125,8426861
5400,2004-02-27,18.810824166973465,18.810824166973465,18.589518020012644,18.700170516967773,5858457
5401,2004-02-26,18.589515417228167,18.810821533203125,18.478864088816284,18.810821533203125,14629766
5402,2004-02-25,18.257563890524434,18.478866577148438,18.146910241111325,18.478866577148438,6162597
5403,2004-02-24,18.589514702452327,18.700167179659967,18.146907099722476,18.25756072998047,7466205
5404,2004-02-23,18.589515417228167,18.810821533203125,18.3682127604044,18.810821533203125,13862137
5405,2004-02-20,18.146909921822218,18.700170087799446,18.146909921822218,18.58951759338379,22041916
5406,2004-02-19,18.14690399169922,18.25755760300555,17.814948923031007,18.14690399169922,15749459
5407,2004-02-18,17.59365019114353,17.814952850341797,17.482998861544402,17.814952850341797,11542452
5408,2004-02-17,17.261694384878545,17.483000524275493,17.151043044755856,17.372346878051758,5498309
5409,2004-02-16,17.372346770153833,17.483000415690306,17.151042938232422,17.151042938232422,6976744
5410,2004-02-13,17.261693954467773,17.483000088346575,17.15104261710411,17.261693954467773,16939531
5411,2004-02-12,17.15104261710411,17.372346444881927,17.040391279740447,17.261693954467773,16987780
5412,2004-02-11,16.819085779777186,17.151043263531207,16.819085779777186,17.04039192199707,11438624
5413,2004-02-10,17.15104161941267,17.15104161941267,16.70843514265434,16.81908416748047,17974681
5414,2004-02-09,17.151042938232422,17.26169427766787,17.040391598796973,17.151042938232422,11073921
5415,2004-02-06,16.819085779777186,17.151043263531207,16.819085779777186,17.04039192199707,11073888
5416,2004-02-05,17.15104161941267,17.372345434317047,16.81908416748047,16.81908416748047,20693295
5417,2004-02-04,17.704300898419838,17.81495454464357,17.372346878051758,17.372346878051758,10582525
5418,2004-02-03,17.81495356690856,17.925604900958398,17.704299926757812,17.704299926757812,12567623
5419,2004-02-02,18.14690960585329,18.25756325139281,17.92560577392578,17.92560577392578,5073117
5420,2004-01-30,18.14690399169922,18.36820890821157,18.036252686493203,18.14690399169922,6498910
5421,2004-01-29,18.036252686493203,18.14690399169922,17.925600228237027,18.14690399169922,16813307
5422,2004-01-28,18.14690399169922,18.36820890821157,18.036252686493203,18.14690399169922,14280378
5423,2004-01-27,19.032122809368936,19.253428936104974,18.368213653564453,18.368213653564453,13583265
5424,2004-01-26,18.92146873474121,18.92146873474121,18.92146873474121,18.92146873474121,0
5425,2004-01-23,18.92146873474121,18.92146873474121,18.92146873474121,18.92146873474121,0
5426,2004-01-22,18.92146873474121,18.92146873474121,18.92146873474121,18.92146873474121,0
5427,2004-01-21,18.92146873474121,18.92146873474121,18.92146873474121,18.92146873474121,0
5428,2004-01-20,18.92146873474121,18.92146873474121,18.92146873474121,18.92146873474121,0
5429,2004-01-19,18.92146873474121,18.92146873474121,18.92146873474121,18.92146873474121,0
5430,2004-01-16,19.14277249634784,19.253423800626077,18.810817430462972,18.92146873474121,6046179
5431,2004-01-15,19.032123599071333,19.364081073373665,18.81082322840512,19.142778396606445,6464284
5432,2004-01-14,18.810817430462972,19.364075104904316,18.810817430462972,18.92146873474121,8131047
5433,2004-01-13,19.364075104904316,19.47472640918256,18.810817430462972,18.92146873474121,8232536
5434,2004-01-12,19.253429412841797,19.58538342243837,19.142778076309604,19.253429412841797,6636201
5435,2004-01-09,19.36408284815243,19.917341896879403,19.36408284815243,19.6960391998291,13023453
5436,2004-01-08,19.253429412841797,19.253429412841797,19.032123280625964,19.253429412841797,5545751
5437,2004-01-07,19.032123599071333,19.142778396606445,18.81082322840512,19.142778396606445,7305948
5438,2004-01-06,18.7001714251866,19.03212547302246,18.589518922857366,19.03212547302246,11063020
5439,2004-01-05,18.58951759338379,18.700170087799446,18.368214910653535,18.58951759338379,6236411
5440,2004-01-02,18.478866577148438,18.589517920460437,18.368215233836434,18.478866577148438,8378054
5441,2004-01-01,18.478866577148438,18.478866577148438,18.478866577148438,18.478866577148438,0
5442,2003-12-31,18.368215233836434,18.478866577148438,18.257563890524434,18.478866577148438,1486574
5443,2003-12-30,18.146909921822218,18.58951759338379,18.03625858045709,18.58951759338379,9340516
5444,2003-12-29,18.25756325139281,18.368214590831304,17.92560577392578,17.92560577392578,2997212
5445,2003-12-26,18.368212054137754,18.368212054137754,18.146907099722476,18.25756072998047,2373381
5446,2003-12-25,18.146907099722476,18.368212054137754,18.146907099722476,18.25756072998047,1087053
5447,2003-12-24,18.14690399169922,18.478860213417587,18.14690399169922,18.14690399169922,3582040
5448,2003-12-23,18.25755760300555,18.25755760300555,18.14690399169922,18.14690399169922,3487965
5449,2003-12-22,18.368212054137754,18.478863378295042,18.25756072998047,18.25756072998047,8423176
5450,2003-12-19,18.478863378295042,18.478863378295042,18.146907099722476,18.25756072998047,4089266
5451,2003-12-18,18.368213653564453,18.58951632114913,18.257562319772116,18.368213653564453,9457101
5452,2003-12-17,19.36407932831294,19.36407932831294,18.589515417228167,18.810821533203125,6309291
5453,2003-12-16,18.92147766472335,19.364084243774414,18.810826308223255,19.364084243774414,10544966
5454,2003-12-15,18.810817430462972,19.032117732919158,18.700163820084438,18.92146873474121,4152972
5455,2003-12-12,18.81082373526564,19.032124111894824,18.58951759338379,18.58951759338379,4064053
5456,2003-12-11,18.146907797479837,18.810821533203125,18.146907797479837,18.810821533203125,8384016
5457,2003-12-10,18.25755760300555,18.25755760300555,18.036252686493203,18.14690399169922,9075720
5458,2003-12-09,18.478864987356793,18.58951632114913,18.257562319772116,18.368213653564453,4285452
5459,2003-12-08,18.368215233836434,18.478866577148438,18.146910241111325,18.478866577148438,4264114
5460,2003-12-05,18.700170416822992,18.810824066236098,18.478866577148438,18.478866577148438,4421320
5461,2003-12-04,18.478864088816284,18.810821533203125,18.478864088816284,18.810821533203125,13018884
5462,2003-12-03,18.589517920460437,18.700170416822992,18.368215233836434,18.478866577148438,4147101
5463,2003-12-02,18.3682127604044,18.810821533203125,18.257561431992517,18.810821533203125,7873626
5464,2003-12-01,17.814951974200262,18.368212054137754,17.814951974200262,18.25756072998047,8099297
5465,2003-11-28,18.1469079921896,18.478864287087816,17.704299214641843,17.814952850341797,7522799
5466,2003-11-27,18.36820890821157,18.478860213417587,18.14690399169922,18.14690399169922,3998631
5467,2003-11-26,18.700170416822992,18.700170416822992,18.257563890524434,18.478866577148438,4002399
5468,2003-11-25,18.58951759338379,18.700170087799446,18.478866252018662,18.58951759338379,6377297
5469,2003-11-24,18.146907099722476,18.368212054137754,18.036255775565188,18.25756072998047,8011037
5470,2003-11-21,17.704299339864566,18.146908120542903,17.593650315583634,18.036256790161133,19083574
5471,2003-11-20,18.146908722108524,18.368213696309105,17.704299926757812,17.704299926757812,24187637
5472,2003-11-19,18.92146889339213,18.92146889339213,18.036252686493203,18.14690399169922,18584082
5473,2003-11-18,19.14278028145293,19.253431630731548,18.92147642984507,19.03212547302246,5718098
5474,2003-11-17,19.58538375014088,19.806688733009103,19.032123599071333,19.142778396606445,8754718
5475,2003-11-14,19.91733876095908,20.02799239816339,19.474731130444397,19.58538246154785,6125292
5476,2003-11-13,20.249289816348764,20.35994111879651,19.917333602905273,19.917333602905273,5640176
5477,2003-11-12,19.917333602905273,20.470594727344512,19.69603099800978,19.917333602905273,13519354
5478,2003-11-11,20.027987211453272,20.138640820001275,19.69603099800978,19.917333602905273,4110651
5479,2003-11-10,20.249298028035344,20.35994937535547,20.027995333395094,20.138648986816406,4289630
5480,2003-11-07,19.696033485446485,20.249292373657227,19.5853798629239,20.249292373657227,8734230
5481,2003-11-06,20.24929824855607,20.24929824855607,19.6960391998291,19.6960391998291,11240453
5482,2003-11-05,20.91320257829001,20.91320257829001,20.249292373657227,20.249292373657227,7328874
5483,2003-11-04,20.802556662662973,21.023861659063176,20.691905317513445,20.9132080078125,11057502
5484,2003-11-03,20.470603278007175,20.802557324009108,20.249298274571338,20.691905975341797,8408451
5485,2003-10-31,21.023861051379594,21.023861051379594,20.47060203552246,20.47060203552246,7551763
5486,2003-10-30,21.023860931396484,21.13450996661514,20.80255594265597,21.023860931396484,9786940
5487,2003-10-29,21.023860931396484,21.245161307934865,20.691904601336248,21.023860931396484,23531720
5488,2003-10-28,20.027990332504746,20.581249237060547,19.917336706713094,20.581249237060547,12579598
5489,2003-10-27,19.806682300457524,20.027987211453272,19.806682300457524,19.917333602905273,5710966
5490,2003-10-24,20.027995215503214,20.138648868273183,19.806690216064453,19.806690216064453,6180989
5491,2003-10-23,20.138647802799415,20.138647802799415,19.917340508968163,20.02799415588379,9605338
5492,2003-10-22,20.249297766049956,20.470602763928156,19.696038730506203,20.359949111938477,9155417
5493,2003-10-21,20.470597312601853,20.581248629023893,19.917336118290564,20.249292373657227,14175120
5494,2003-10-20,20.02798974081315,20.691899945445932,20.02798974081315,20.249292373657227,17466865
5495,2003-10-17,20.02799415588379,20.138647802799415,19.917340508968163,20.02799415588379,15552880
5496,2003-10-16,19.917340508968163,20.02799415588379,19.696037827339023,20.02799415588379,14577226
5497,2003-10-15,19.917333602905273,20.138640820001275,19.69603099800978,19.917333602905273,21423161
5498,2003-10-14,19.6960391998291,19.6960391998291,19.474734196677584,19.6960391998291,12278521
5499,2003-10-13,19.474731130444397,19.58538246154785,19.36407979934094,19.58538246154785,13660707
5500,2003-10-10,19.364084243774414,19.364084243774414,19.364084243774414,19.364084243774414,0
5501,2003-10-09,18.92147766472335,19.364084243774414,18.810826308223255,19.364084243774414,9636675
5502,2003-10-08,19.47472640918256,19.47472640918256,18.700163820084438,18.92146873474121,12629127
5503,2003-10-07,19.47473560027451,19.47473560027451,19.03212671512206,19.364084243774414,8802162
5504,2003-10-06,19.253428779527553,19.4747314453125,18.921473627799692,19.4747314453125,15310377
5505,2003-10-03,18.92147642984507,19.14278028145293,18.7001714251866,19.03212547302246,7029280
5506,2003-10-02,18.58951136275605,18.92146873474121,18.47886005847781,18.92146873474121,12938755
5507,2003-10-01,18.257562319772116,18.478864987356793,18.257562319772116,18.368213653564453,8116358
5508,2003-09-30,18.368212054137754,18.478863378295042,18.146907099722476,18.25756072998047,5290894
5509,2003-09-29,18.14690399169922,18.478860213417587,18.14690399169922,18.14690399169922,13767503
5510,2003-09-26,18.257562319772116,18.58951632114913,18.14690867987887,18.368213653564453,14608875
5511,2003-09-25,18.25756356928841,18.58951759338379,18.25756356928841,18.58951759338379,13882637
5512,2003-09-24,18.7001714251866,19.03212547302246,18.478867573578746,19.03212547302246,19482640
5513,2003-09-23,18.700170516967773,18.810824166973465,18.478866676108073,18.700170516967773,11018696
5514,2003-09-22,19.253423800626077,19.253423800626077,18.700163820084438,18.92146873474121,15427071
5515,2003-09-19,19.364084243774414,19.585386956774602,19.25343288727432,19.364084243774414,16528144
5516,2003-09-18,19.47473560027451,19.47473560027451,19.14278153077423,19.364084243774414,8308855
5517,2003-09-17,19.58538277820497,19.806687750090806,19.364080112420027,19.4747314453125,24238759
5518,2003-09-16,19.25342846823748,19.80668742985562,19.142777137134022,19.58538246154785,31962770
5519,2003-09-15,19.142778076309604,19.364080749373986,18.921474250194738,19.253429412841797,18880609
5520,2003-09-12,18.257563077335572,19.253429734990057,18.146909432850958,19.142778396606445,34809882
5521,2003-09-11,18.25756072998047,18.25756072998047,18.25756072998047,18.25756072998047,0
5522,2003-09-10,18.478863378295042,18.478863378295042,18.146907099722476,18.25756072998047,10527096
5523,2003-09-09,18.25756356928841,18.81082373526564,18.25756356928841,18.58951759338379,21427745
5524,2003-09-08,18.146907099722476,18.589514702452327,18.036255775565188,18.25756072998047,10000133
5525,2003-09-05,18.036252686493203,18.478860213417587,18.036252686493203,18.14690399169922,9537648
5526,2003-09-04,18.25756175702551,18.25756175702551,18.036256790161133,18.036256790161133,6446432
5527,2003-09-03,18.368212054137754,18.700167179659967,18.25756072998047,18.25756072998047,11790543
5528,2003-09-02,18.368213653564453,18.478864987356793,18.257562319772116,18.368213653564453,5493667
5529,2003-09-01,18.700170416822992,18.700170416822992,18.368215233836434,18.478866577148438,7825638
5530,2003-08-29,18.589518020012644,18.810824166973465,18.3682153322035,18.700170516967773,17625189
5531,2003-08-28,18.58951759338379,18.700170087799446,18.368214910653535,18.58951759338379,12345265
5532,2003-08-27,18.25756356928841,18.700170087799446,18.25756356928841,18.58951759338379,26649121
5533,2003-08-26,19.032121152131822,19.032121152131822,18.25756072998047,18.25756072998047,20675264
5534,2003-08-25,19.696036098752163,19.696036098752163,19.142777137134022,19.58538246154785,10556127
5535,2003-08-22,19.6960391998291,19.917341896879403,19.474734196677584,19.6960391998291,17620108
5536,2003-08-21,19.585385545202733,19.917341896879403,19.253431499627283,19.6960391998291,21926945
5537,2003-08-20,19.142777137134022,19.91733876095908,19.032122346879284,19.58538246154785,35096019
5538,2003-08-19,18.478865754102788,19.364081073373665,18.478865754102788,19.142778396606445,36753928
5539,2003-08-18,18.589517920460437,18.810824066236098,18.368215233836434,18.478866577148438,10813210
5540,2003-08-15,18.921475076630763,19.253430253776674,18.478866252018662,18.58951759338379,17884248
5541,2003-08-14,19.14277249634784,19.14277249634784,18.700163820084438,18.92146873474121,25008461
5542,2003-08-13,18.700169583920506,19.364081073373665,18.700169583920506,19.142778396606445,24270789
5543,2003-08-12,18.589518020012644,18.921475510878032,18.478866676108073,18.700170516967773,12011813
5544,2003-08-11,18.25756356928841,18.700170087799446,18.03625858045709,18.58951759338379,13457276
5545,2003-08-08,17.92560329835755,18.589514702452327,17.814951974200262,18.25756072998047,18020934
5546,2003-08-07,18.03625826641479,18.14690960585329,17.704300788947766,17.92560577392578,10595938
5547,2003-08-06,18.146908120542903,18.25756175702551,17.925604306728943,18.036256790161133,10815245
5548,2003-08-05,18.700168807991922,18.81082244788517,18.14690867987887,18.368213653564453,14669957
5549,2003-08-04,18.810824166973465,18.810824166973465,18.3682153322035,18.700170516967773,7536224
5550,2003-08-01,17.925603987605676,19.032121883926095,17.925603987605676,18.810821533203125,19935151
5551,2003-07-31,18.03625826641479,18.14690960585329,17.704300788947766,17.92560577392578,8944000
5552,2003-07-30,18.25755760300555,18.36820890821157,17.814948923031007,18.14690399169922,12467780
5553,2003-07-29,19.032121152131822,19.032121152131822,18.25756072998047,18.25756072998047,11064985
5554,2003-07-28,19.474734329288786,19.917342032504497,18.92147642984507,19.03212547302246,19971122
5555,2003-07-25,18.589520136071,19.696040619376078,18.36821742307081,19.364084243774414,31751279
5556,2003-07-24,18.03625858045709,18.700170087799446,18.03625858045709,18.58951759338379,28062298
5557,2003-07-23,17.704299339864566,18.36821308740728,17.704299339864566,18.036256790161133,19306344
5558,2003-07-22,17.26169343750802,17.704299926757812,17.151042103458185,17.704299926757812,12003110
5559,2003-07-21,17.483000088346575,17.925605437801224,17.261693954467773,17.261693954467773,10075279
5560,2003-07-18,17.261693671386233,17.59365113718479,17.04039100028814,17.482999801635742,15162933
5561,2003-07-17,17.704300898419838,17.704300898419838,17.261694384878545,17.372346878051758,11011184
5562,2003-07-16,17.704299926757812,18.036257388058687,17.48299956475906,17.704299926757812,15180157
5563,2003-07-15,18.146908722108524,18.25756236225927,17.704299926757812,17.704299926757812,12380721
5564,2003-07-14,17.482995007412953,18.478860213417587,17.482995007412953,18.14690399169922,22287863
5565,2003-07-11,17.151042335837186,17.70430016663289,17.151042335837186,17.482999801635742,26221370
5566,2003-07-10,17.56161036153495,17.56161036153495,16.972952635175986,17.365388870239258,28467901
5567,2003-07-09,17.463497194249772,18.248374028619025,17.463497194249772,17.561607360839844,26630439
5568,2003-07-08,17.267276829048967,17.463497161865234,16.874838412592084,17.463497161865234,26604726
5569,2003-07-07,16.482403609436645,17.169170379638672,16.38429455280264,17.169170379638672,30933750
5570,2003-07-04,15.20697909648672,16.089963912963867,15.10886892270843,16.089963912963867,31780018
5571,2003-07-03,15.206977810746812,15.501307182608418,14.912647314297393,15.108867645263672,23348590
5572,2003-07-02,14.716431819887099,15.108867992487147,14.422101316673542,14.81454086303711,21525621
5573,2003-07-01,14.127772774769578,14.520211219787596,14.127772774769578,14.520211219787598,11787382
5574,2003-06-30,14.127769865519678,14.127769865519678,13.833441654659422,14.0296630859375,11996082
5575,2003-06-27,14.127771377563475,14.323991705254624,13.833443135202343,14.127771377563477,16286478
5576,2003-06-26,14.422100744512402,14.422100744512402,14.127771377563475,14.127771377563477,6951990
5577,2003-06-25,14.127772189812628,14.42210157368346,14.029665394089978,14.225883483886719,15028794
5578,2003-06-24,13.931551808004624,14.029663085937502,13.735332625901897,14.0296630859375,7076967
5579,2003-06-23,14.323990172210081,14.422099200967608,14.029663085937502,14.0296630859375,10535027
5580,2003-06-20,14.52021082172897,14.618320992587826,14.127772387469301,14.323992729187012,20561875
5581,2003-06-19,14.912646485776104,14.912646485776104,14.520209219410136,14.7164306640625,13248784
5582,2003-06-18,15.010757770396161,15.108866805840716,14.716430664062498,14.7164306640625,16702387
5583,2003-06-17,14.912647657011442,15.010758949337134,14.716431819887099,14.81454086303711,10431091
5584,2003-06-16,15.108867927917204,15.108867927917204,14.61832046508789,14.61832046508789,12135967
5585,2003-06-13,14.814539508635102,15.010757576996118,14.716430474454594,14.912646293640137,7876156
5586,2003-06-12,14.716431819887099,15.305086078787172,14.618320527561407,14.81454086303711,19815065
5587,2003-06-11,14.61832046508789,14.814540799725018,14.22588316957714,14.61832046508789,16814301
5588,2003-06-10,14.323992212307868,14.912647593280077,14.323992212307868,14.61832046508789,20226679
5589,2003-06-09,13.63722603152653,14.42210177545799,13.5391147360798,14.323992729187012,29433751
5590,2003-06-06,13.931555498513212,13.931555498513212,13.539115905761719,13.539115905761719,8160988
5591,2003-06-05,13.931554571055587,14.029665868446918,13.539115004429755,13.735335350036621,8433744
5592,2003-06-04,13.637227058410645,13.637227058410645,13.637227058410645,13.637227058410645,0
5593,2003-06-03,13.735336112069243,13.931555343974399,13.539115755576127,13.637227058410645,9121389
5594,2003-06-02,13.73533535003662,13.931554571055587,13.637226301821086,13.735335350036621,8918672
5595,2003-05-30,13.539115755576127,13.735336112069243,13.244788594600333,13.637227058410645,11186924
5596,2003-05-29,13.441006851014825,13.539115905761719,13.146678562186171,13.539115905761719,10457615
5597,2003-05-28,13.539113371664078,13.63722465722356,13.244786262512207,13.244786262512207,10377455
5598,2003-05-27,13.244789106599717,13.342898164050883,12.950460809658212,13.146678924560547,7041752576
5599,2003-05-26,13.048569867109379,13.342898164050883,13.048569867109379,13.146678924560547,10708930979
5600,2003-05-23,12.852349281311035,13.146676397079418,12.754237993545999,12.852349281311035,9924521119
5601,2003-05-22,12.459913804775347,12.852352300497731,12.263694556914155,12.754240989685059,11473003
5602,2003-05-21,12.558019427531685,12.558019427531685,12.16557991468664,12.45991039276123,7730378
5603,2003-05-20,12.067471998643532,12.55802059173584,11.969362954777779,12.55802059173584,10085528
5604,2003-05-19,12.067470762025406,12.263691078824865,11.96936172821341,12.165579795837402,3205469
5605,2003-05-16,12.656129469134662,12.754236245099332,12.165578720496807,12.263689994812012,8021611
5606,2003-05-15,12.852349972508794,12.852349972508794,12.361801379416487,12.55802059173584,7394041
5607,2003-05-14,12.950458319900497,12.950458319900497,12.558019916367078,12.852349281311035,6097489450
5608,2003-05-13,12.754237993545999,12.950458319900497,12.558019916367078,12.852349281311035,10244545388
5609,2003-05-12,12.361802101135252,12.558021324910468,12.361802101135252,12.361802101135254,7856464
5610,2003-05-09,11.969360670216933,12.361799019951949,11.871251645076995,12.263689994812012,9206413
5611,2003-05-08,12.165582054686535,12.165582054686535,11.675035669956431,11.773144721984863,6542751
5612,2003-05-07,12.165579795837402,12.263691078824865,11.96936172821341,12.165579795837402,11466784
5613,2003-05-06,12.165579365926801,12.361799675792172,11.969361305236815,11.969361305236816,7734886
5614,2003-05-05,11.773142119959138,12.165579365926801,11.675033089614145,11.969361305236816,6621417
5615,2003-05-02,11.969361088505035,12.067470117073547,11.38070354333095,11.871252059936523,18786112
5616,2003-05-01,11.969361305236815,11.969361305236815,11.969361305236815,11.969361305236816,0
5617,2003-04-30,12.558018861069849,12.754236921759833,11.969361305236815,11.969361305236816,15344465
5618,2003-04-29,12.852352300497731,12.852352300497731,12.263694556914155,12.754240989685059,11038795
5619,2003-04-28,12.361801379416487,12.754238679467345,12.263692335550735,12.55802059173584,7215106
5620,2003-04-25,12.754241014798666,13.146679511293778,12.754241014798666,12.950461387634277,8254727977
5621,2003-04-24,13.735333908668457,13.833442946588555,13.048567269464423,13.3428955078125,10243443
5622,2003-04-23,13.931551888224096,14.225881225366807,13.735332704991515,13.833441734313965,12043331
5623,2003-04-22,14.029665868446918,14.029665868446918,13.637226301821086,13.735335350036621,6608338
5624,2003-04-21,13.833443135202343,14.225882665996846,13.735334095944564,14.127771377563477,13441610
5625,2003-04-18,13.833444398252155,14.32399301309352,13.637226301821086,13.735335350036621,14054222
5626,2003-04-17,13.735336112069243,13.83344516572784,13.441006701917528,13.637227058410645,6947439
5627,2003-04-16,13.342896907998686,13.73533535003662,13.244787859783152,13.735335350036621,11706343
5628,2003-04-15,12.950456837206005,13.146674891919972,12.950456837206005,13.048565864562988,4068447694
5629,2003-04-14,13.146676397079418,13.146676397079418,12.852349281311035,12.852349281311035,6933152159
5630,2003-04-11,13.342898164050883,13.342898164050883,13.048569867109379,13.146678924560547,4223364391
5631,2003-04-10,13.146678924560545,13.342898164050883,13.048569867109379,13.146678924560547,9461509625
5632,2003-04-09,13.146674891919972,13.146674891919972,12.75423653331672,13.048565864562988,8528152618
5633,2003-04-08,13.342898164050883,13.539116278953216,13.146678924560545,13.146678924560547,7667291256
5634,2003-04-07,12.950460452692385,13.637227209684559,12.950460452692385,13.539115905761719,8657550177
5635,2003-04-04,12.852351752207046,13.342898164050883,12.656133637304713,13.146678924560547,10427910979
5636,2003-04-03,12.558019916367078,12.950458319900497,12.459910877777617,12.852349281311035,10274375256
5637,2003-04-02,12.361799019951949,12.45990916967952,12.165578720496807,12.263689994812012,6742434
5638,2003-04-01,11.87125281037528,12.558019427531685,11.87125281037528,12.45991039276123,10581662
5639,2003-03-31,12.656130140590228,12.656130140590228,11.871252274891823,11.969361305236816,13681780
5640,2003-03-28,13.048570423770872,13.146679485407443,12.754240989685059,12.754240989685059,11134850111
5641,2003-03-27,12.950460809658212,13.146678924560545,12.754240445579871,13.146678924560547,9638938678
5642,2003-03-26,13.146679511293778,13.244789697711584,12.754241014798666,12.950461387634277,8376285343
5643,2003-03-25,13.244785043864614,13.244785043864614,12.852347809849022,13.048565864562988,10664456
5644,2003-03-24,13.441004753112793,13.63722508115602,13.342895713678978,13.441004753112793,9096827
5645,2003-03-21,13.83344316002365,13.83344316002365,13.441004753112793,13.441004753112793,7076362
5646,2003-03-20,13.833441734313965,14.029663166721908,13.539112397171253,13.833441734313965,17211289
5647,2003-03-19,13.441006701917528,13.637227058410645,13.244788594600333,13.637227058410645,12787246
5648,2003-03-18,13.539113792546608,13.63722508115602,13.244786674245162,13.441004753112793,15866513
5649,2003-03-17,12.558022866411918,12.852352300497731,12.459913804775347,12.754240989685059,12959260
5650,2003-03-14,12.55802139871301,12.852350798399542,12.55802139871301,12.656132698059082,12761119
5651,2003-03-13,12.06746969535687,12.361799019951949,11.969360670216933,12.263689994812012,9989444
5652,2003-03-12,11.773142119959138,12.165579365926801,11.773142119959138,11.969361305236816,4539293
5653,2003-03-11,11.675035669956431,12.067473002658103,11.576926617927999,11.773144721984863,5581452
5654,2003-03-10,11.773144721984863,11.871254898601238,11.675035669956431,11.773144721984863,4039656
5655,2003-03-07,11.773143149174912,11.969362351606199,11.478816032409666,11.478816032409668,7541930
5656,2003-03-06,11.773144721984863,11.96936395062967,11.675035669956431,11.773144721984863,3568236
5657,2003-03-05,11.773144721984863,11.871254898601238,11.576926617927999,11.773144721984863,7449189
5658,2003-03-04,12.067470335581808,12.165579365926801,11.969361305236815,11.969361305236816,5650057
5659,2003-03-03,12.067472703178472,12.558021324910468,11.871254603991172,12.361802101135254,8915049
5660,2003-02-28,11.773144721984863,11.773144721984863,11.773144721984863,11.773144721984863,0
5661,2003-02-27,11.478817565899567,12.263693355890851,11.38070626469525,11.773144721984863,12071262
5662,2003-02-26,11.675036241893192,11.969364536984989,11.576927185058592,11.576927185058594,5736242
5663,2003-02-25,11.871255480150388,11.871255480150388,11.478818128223994,11.576927185058594,5282110
5664,2003-02-24,11.576923849643318,11.969361088505035,11.478814821074806,11.871252059936523,5188965
5665,2003-02-21,11.9693634970629,11.9693634970629,11.380705833435059,11.380705833435059,5290977
5666,2003-02-20,11.576923849643318,11.871252059936525,11.478814821074806,11.871252059936523,6206904
5667,2003-02-19,12.263693956664781,12.459913194921977,11.576927185058592,11.576927185058594,5331949
5668,2003-02-18,12.263692802260346,12.263692802260346,11.969363410286332,12.067472457885742,4955444
5669,2003-02-17,12.06746969535687,12.263689994812012,11.871251645076995,12.263689994812012,7135416
5670,2003-02-14,11.380704744312336,11.478816032409666,11.282595705390587,11.478816032409668,3612203
5671,2003-02-13,11.28259734972906,11.478817705345515,11.184488296508789,11.184488296508789,3714102
5672,2003-02-12,12.06747254537359,12.06747254537359,11.380705833435059,11.380705833435059,7720726
5673,2003-02-11,11.675032615661621,11.871251792973704,11.576923589299403,11.675032615661621,3127067
5674,2003-02-10,11.576927185058592,11.773145298727792,11.3807068222134,11.576927185058594,8767422
5675,2003-02-07,11.478814562937185,11.675032615661621,11.282594261037454,11.675032615661621,10320314
5676,2003-02-06,12.754239164845291,12.950459509219893,12.067472457885742,12.067472457885742,5111241
5677,2003-02-05,12.950461387634276,12.950461387634276,12.950461387634276,12.950461387634277,0
5678,2003-02-04,12.950461387634276,12.950461387634276,12.950461387634276,12.950461387634277,0
5679,2003-02-03,12.950461387634276,12.950461387634276,12.950461387634276,12.950461387634277,0
5680,2003-01-31,12.950461387634276,12.950461387634276,12.950461387634276,12.950461387634277,0
5681,2003-01-30,12.950461387634276,12.950461387634276,12.950461387634276,12.950461387634277,0
5682,2003-01-29,12.950461387634276,12.950461387634276,12.950461387634276,12.950461387634277,0
5683,2003-01-28,13.146679511293778,13.244789697711584,12.754241014798666,12.950461387634277,4089115541
5684,2003-01-27,12.852352325804524,13.146679511293778,12.754241014798666,12.950461387634277,4880565068
5685,2003-01-24,13.048567358489956,13.146676397079418,12.754237993545999,12.852349281311035,5313257026
5686,2003-01-23,12.950458319900497,13.146676397079418,12.656131204132114,12.852349281311035,10340531349
5687,2003-01-22,12.950461387634276,13.146679511293778,12.852352325804524,12.950461387634277,3837317451
5688,2003-01-21,13.244789697711584,13.342898759541335,12.852352325804524,12.950461387634277,6127213407
5689,2003-01-20,13.539113371664078,13.63722465722356,13.04856706515653,13.244786262512207,4766508
5690,2003-01-17,13.342896907998686,13.73533535003662,13.244787859783152,13.735335350036621,4892110
5691,2003-01-16,13.735334120589835,14.029664612654674,13.441004753112793,13.441004753112793,4773743
5692,2003-01-15,13.833444398252155,14.127772667486656,13.539115004429755,13.735335350036621,7078655
5693,2003-01-14,14.127769946868995,14.127769946868995,13.833441734313965,13.833441734313965,7885432
5694,2003-01-13,13.24478665048008,14.127771377563475,13.24478665048008,14.127771377563477,16430184
5695,2003-01-10,13.244786262512207,13.441004335280121,13.146676101540487,13.244786262512207,9478646
5696,2003-01-09,12.950461387634276,13.048570449464027,12.656134202145022,12.950461387634277,8978793114
5697,2003-01-08,12.361803642891608,12.950461387634276,12.263694581061857,12.950461387634277,15591835
5698,2003-01-07,12.558019304848587,12.65613058783605,12.165579795837402,12.165579795837402,11675581
5699,2003-01-06,11.478817047701387,12.067472457885742,11.380705750926195,12.067472457885742,9292798
5700,2003-01-03,11.380703710798322,11.478814989985889,11.184485650773944,11.282594680786133,5536420
5701,2003-01-02,10.988267154031695,11.282595387081013,10.988267154031695,11.086376190185547,4293923
5702,2003-01-01,11.184488296508789,11.184488296508789,11.184488296508789,11.184488296508789,0
5703,2002-12-31,11.28259734972906,11.380706402949333,11.08637811870056,11.184488296508789,3030043
5704,2002-12-30,11.380704744312336,11.478816032409666,10.792047137018475,11.478816032409668,5928174
5705,2002-12-27,11.87125331268445,11.87125331268445,11.478816032409666,11.478816032409668,2751479
5706,2002-12-26,11.77314190678034,11.969361088505035,11.576923849643318,11.871252059936523,2417755
5707,2002-12-25,11.576923589299403,11.77314164202384,11.478814562937185,11.675032615661621,2496574
5708,2002-12-24,11.969364536984989,11.969364536984989,11.576927185058592,11.576927185058594,2515942
5709,2002-12-23,12.263690147597872,12.263690147597872,11.675032615661621,11.675032615661621,3040143
5710,2002-12-20,11.57692344506955,12.263689994812012,11.380703145614408,12.263689994812012,11390850
5711,2002-12-19,11.871255480150388,11.969364536984989,11.478818128223994,11.576927185058594,8995382
5712,2002-12-18,12.55802106964647,12.852350461620484,11.969363410286332,12.067472457885742,5768889
5713,2002-12-17,12.75423949905347,12.950459848569771,12.55802139871301,12.656132698059082,3523946342
5714,2002-12-16,12.65613269805908,12.950459848569771,12.65613269805908,12.656132698059082,4554725303
5715,2002-12-13,12.950461387634276,13.146679511293778,12.754241014798666,12.950461387634277,6253331840
5716,2002-12-12,13.342898759541335,13.637228194206696,12.852352325804524,12.950461387634277,7297741731
5717,2002-12-11,13.931555343974399,13.931555343974399,13.342897648258932,13.637227058410645,8290805
5718,2002-12-10,14.520208360302766,14.520208360302766,13.833441779061086,13.931551933288574,4556813
5719,2002-12-09,14.61832046508789,14.61832046508789,14.323992212307868,14.61832046508789,4041792
5720,2002-12-06,14.323992729187012,14.52021082172897,14.225883682916033,14.323992729187012,3025267
5721,2002-12-05,14.127772387469301,14.52021082172897,14.127772387469301,14.323992729187012,2867452
5722,2002-12-04,14.520210061950353,14.520210061950353,14.225882938538255,14.422101020812988,6002642
5723,2002-12-03,14.127772774769578,14.618321393336055,14.029665974984841,14.520211219787598,12670127
5724,2002-12-02,13.539115905761719,13.539115905761719,13.539115905761719,13.539115905761719,0
5725,2002-11-29,13.539115905761719,13.833445319178345,13.539115905761719,13.539115905761719,3521744
5726,2002-11-28,13.735336264431451,13.735336264431451,13.441006851014825,13.539115905761719,5619108
5727,2002-11-27,13.539113583652698,13.735333908668457,13.3428955078125,13.3428955078125,7371357
5728,2002-11-26,13.735336264431451,13.931555498513212,13.441006851014825,13.539115905761719,4190736
5729,2002-11-25,13.833441734313965,13.833441734313965,13.441003367848802,13.833441734313965,5148391
5730,2002-11-22,13.83344516572784,14.029666646808916,13.637227058410645,13.637227058410645,8090522
5731,2002-11-21,14.323991730956122,14.520209809823752,13.244786674245162,13.441004753112793,11376825
5732,2002-11-20,14.61832078806806,14.81454112704052,14.225883483886719,14.225883483886719,4356431
5733,2002-11-19,14.912647657011442,15.108867992487147,14.618320527561407,14.81454086303711,5876434
5734,2002-11-18,14.912647314297393,15.108867645263674,14.71643148168237,15.108867645263672,6821639
5735,2002-11-15,14.912646293640137,15.010757576996118,14.618319191098612,14.912646293640137,7094649
5736,2002-11-14,14.912647351087632,14.912647351087632,14.422101020812987,14.422101020812988,4882845
5737,2002-11-13,14.814540559125899,14.814540559125899,14.422101020812987,14.422101020812988,4947492
5738,2002-11-12,14.225883230373517,14.912647657011442,14.225883230373517,14.81454086303711,5968823
5739,2002-11-11,15.305086985235725,15.403197158784184,14.422102170827046,14.520211219787598,6197002
5740,2002-11-08,15.305087680415767,15.403197858420537,15.206979751586914,15.206979751586914,7791646
5741,2002-11-07,15.501306667978293,15.501306667978293,15.108867143662204,15.40319538116455,14509585
5742,2002-11-06,14.716430993109448,15.403195381164549,14.520209544069738,15.40319538116455,17550784
5743,2002-11-05,14.716430664062498,14.716430664062498,14.422100183965581,14.7164306640625,14017078
5744,2002-11-04,14.323992729187012,14.42210177545799,14.127772387469301,14.323992729187012,8824821
5745,2002-11-01,14.029663166721908,14.323990254689257,13.833441734313965,13.833441734313965,13484627
5746,2002-10-31,13.637223675669064,13.931551888224096,13.539112397171253,13.833441734313965,9837910
5747,2002-10-30,13.342895713678978,13.539113792546608,13.146676510223548,13.441004753112793,7346737
5748,2002-10-29,13.2447864698924,13.441004545732598,13.2447864698924,13.3428955078125,5063149
5749,2002-10-28,13.539113583652698,13.637224870748357,13.2447864698924,13.3428955078125,4974315
5750,2002-10-25,13.735333693607517,13.735333693607517,13.244786262512207,13.244786262512207,6853040
5751,2002-10-24,14.127769946868995,14.225881225366807,13.637223675669064,13.833441734313965,10071103
5752,2002-10-23,13.24478665048008,14.225882665996846,12.950458408118948,14.127771377563477,17679209
5753,2002-10-22,13.539113583652698,13.833442946588555,12.754237906528564,13.3428955078125,18427227
5754,2002-10-21,13.146676510223548,13.441004753112793,12.852349391922102,13.441004753112793,9726201
5755,2002-10-18,13.146678924560545,13.244789106599717,12.656133637304713,13.146678924560547,19240709343
5756,2002-10-17,12.558022891139164,13.048570449464027,12.459913829309412,12.950461387634277,13994353915
5757,2002-10-16,12.459913804775347,12.852352300497731,12.263694556914155,12.754240989685059,19632573
5758,2002-10-15,11.576926095300799,12.067472457885742,11.576926095300799,12.067472457885742,11187204
5759,2002-10-14,10.595828096937746,11.282594680786133,10.497719066925557,11.282594680786133,10841867
5760,2002-10-11,11.478817012294634,11.576926059591425,10.497720916387292,10.595829963684082,8808889
5761,2002-10-10,11.282594680786133,11.282594680786133,11.282594680786133,11.282594680786133,0
5762,2002-10-09,11.675033050010265,11.773142080022453,11.282594680786133,11.282594680786133,6145907
5763,2002-10-08,11.478814562937185,11.77314164202384,11.282594261037454,11.675032615661621,9059196
5764,2002-10-07,12.06746984569814,12.263690147597872,11.675032615661621,11.675032615661621,9449295
5765,2002-10-04,12.459910392761232,12.754237497072591,12.16557991468664,12.45991039276123,5921690
5766,2002-10-03,13.146676397079418,13.244786560256665,12.852349281311035,12.852349281311035,4204503915
5767,2002-10-02,13.342898164050883,13.44100722150205,13.146678924560545,13.146678924560547,6099142
5768,2002-10-01,12.754241014798666,13.342898759541335,12.754241014798666,12.950461387634277,4917865127
5769,2002-09-30,12.950456837206005,13.048565864562988,12.558018478602754,13.048565864562988,3819747168
5770,2002-09-27,13.244786262512207,13.539113371664078,13.146676101540487,13.244786262512207,3972707943
5771,2002-09-26,13.539116278953216,13.539116278953216,13.146678924560545,13.146678924560547,4803860479
5772,2002-09-25,13.146674891919972,13.342894071221597,12.950456837206005,13.048565864562988,4005087937
5773,2002-09-24,13.146676101540487,13.63722465722356,13.04856706515653,13.244786262512207,5625811104
5774,2002-09-23,13.735333908668457,13.931553109096434,13.3428955078125,13.3428955078125,4113923
5775,2002-09-20,13.735332749421282,13.931551933288574,13.441003411326502,13.931551933288574,5066070
5776,2002-09-19,14.127769992568181,14.323990301023159,13.931551933288574,13.931551933288574,8143212
5777,2002-09-18,14.029663212103749,14.127769992568181,13.833441779061086,13.931551933288574,8224233
5778,2002-09-17,13.441005501760458,14.225883483886719,13.441005501760458,14.225883483886719,8187664
5779,2002-09-16,13.931553109096434,13.931553109096434,13.14667630738452,13.3428955078125,6870046
5780,2002-09-13,13.735332749421282,14.127769992568181,13.441003411326502,13.931551933288574,7208734
5781,2002-09-12,13.735332749421282,13.931551933288574,13.539112440966305,13.931551933288574,8704382
5782,2002-09-11,13.539115004429755,13.73533535003662,13.44100595621422,13.735335350036621,11500562
5783,2002-09-10,13.146678562186171,13.637227209684559,13.048569507439277,13.539115905761719,17947444872
5784,2002-09-09,12.16558324610148,12.754240989685059,11.96936512282834,12.754240989685059,14795207
5785,2002-09-06,11.969361305236815,11.969361305236815,11.969361305236815,11.969361305236816,0
5786,2002-09-05,12.950457231625206,13.048566261970198,11.969361305236815,11.969361305236816,13326322768
5787,2002-09-04,12.754237993545999,13.146676397079418,12.558019916367078,12.852349281311035,12437792405
5788,2002-09-03,13.735336643031557,13.833445700482724,13.048569867109379,13.146678924560547,20742663226
5789,2002-09-02,14.520208360302766,14.716429793345428,13.931551933288574,13.931551933288574,12598564
5790,2002-08-30,15.108866611176627,15.305084679537643,14.912646293640137,14.912646293640137,8026610
5791,2002-08-29,15.108867143662204,15.403195381164549,14.912646819210273,15.40319538116455,7401955
5792,2002-08-28,16.089963858914906,16.089963858914906,15.501308441162111,15.50130844116211,8489225
5793,2002-08-27,16.482402358901204,16.482402358901204,15.991854863773487,16.089963912963867,5643358
5794,2002-08-26,16.580509517576314,16.580509517576314,16.286182403564453,16.286182403564453,4566482
5795,2002-08-23,16.87483787536621,16.87483787536621,16.87483787536621,16.87483787536621,0
5796,2002-08-22,16.678620922560164,17.07105820193562,16.58050963468767,16.87483787536621,12493244
5797,2002-08-21,16.48240014975028,16.580509185791016,16.286182077668805,16.580509185791016,4982799
5798,2002-08-20,16.286182077668805,16.67862047100727,16.08996175641181,16.580509185791016,8057837
5799,2002-08-19,16.286181147121184,16.38429017755624,15.991851806640623,15.991851806640625,3634454
5800,2002-08-16,16.580509517576314,16.67862080475583,16.1880733655605,16.286182403564453,7126815
5801,2002-08-15,16.18807828163988,16.580514552832774,16.18807828163988,16.384296417236328,17025460
5802,2002-08-14,14.912646889471821,15.59941577911377,14.814540100546951,15.59941577911377,11646352
5803,2002-08-13,14.716430474454594,15.010757576996118,14.716430474454594,14.912646293640137,6207540
5804,2002-08-12,14.912646485776104,15.010757770396161,14.716430664062498,14.7164306640625,4618823
5805,2002-08-09,14.912645216346352,15.20697567138857,14.81453843842858,15.010756492614746,8353037
5806,2002-08-08,14.814540799725018,14.912647593280077,14.520210297769326,14.61832046508789,6124575
5807,2002-08-07,15.010756492614746,15.20697567138857,14.81453843842858,15.010756492614746,4177390
5808,2002-08-06,14.029665084115681,14.71643175699429,14.029665084115681,14.61832046508789,3750870
5809,2002-08-05,14.814539699507053,15.305084876729826,14.716430664062498,14.7164306640625,6914729
5810,2002-08-02,15.69752712454183,15.79563617706299,15.403197717802458,15.795636177062988,4819015
5811,2002-08-01,16.482402358901204,16.482402358901204,16.089963912963867,16.089963912963867,2721161
5812,2002-07-31,16.67862315433948,16.776733330752386,16.482402801513672,16.482402801513672,6442922
5813,2002-07-30,16.286182879455612,16.678621292114258,16.286182879455612,16.678621292114258,18525268
5814,2002-07-29,15.501306741013336,15.991853056103288,15.305085291049123,15.59941577911377,4800772
5815,2002-07-26,15.501308441162111,15.697526538883741,15.01075982309432,15.50130844116211,6586639
5816,2002-07-25,16.089961329067442,16.089961329067442,15.697524070739746,15.697524070739746,3860348
5817,2002-07-24,15.89374463660537,15.99185481005409,15.501308441162111,15.50130844116211,6090350
5818,2002-07-23,15.403197194867479,16.089963912963867,15.20697909648672,16.089963912963867,8996228
5819,2002-07-22,14.912646819210273,15.403195381164549,14.716430993109448,15.40319538116455,8443226
5820,2002-07-19,15.305085727054324,15.403195892537463,15.010758604368347,15.108867645263672,9425854
5821,2002-07-18,16.089962094203724,16.482400495781025,15.501306741013336,15.59941577911377,15946337
5822,2002-07-17,16.482402358901204,16.580511408091585,15.991854863773487,16.089963912963867,5846142
5823,2002-07-16,17.07105773975798,17.16916677579872,16.580509185791016,16.580509185791016,5111632
5824,2002-07-15,17.169168068545098,17.169168068545098,16.776731894833805,16.972949981689453,9243900
5825,2002-07-12,16.286182518596913,16.87483787536621,16.286182518596913,16.87483787536621,10929834
5826,2002-07-11,16.089964459214414,16.28618481343263,15.79563617706299,15.795636177062988,6240793
5827,2002-07-10,16.874842880815567,16.874842880815567,16.2861873494381,16.384296417236328,8389114
5828,2002-07-09,17.169171149043276,17.36538927110444,16.972953026982115,17.071062088012695,19031186
5829,2002-07-08,14.008452365360775,14.802746772766112,13.936243086288371,14.802746772766113,24795196
5830,2002-07-05,13.43078213339472,13.936242694170422,13.21415758615448,13.864035606384277,12853603
5831,2002-07-04,12.853115756235708,13.430782318115234,12.636491206016117,13.430782318115234,8335036
5832,2002-07-03,12.492076135714864,13.069742808166993,11.98661547123583,12.997535705566406,10502227
5833,2002-07-02,12.131032031519654,12.56428337097168,12.05882383982012,12.56428337097168,11755714
5834,2002-07-01,13.575200549459673,13.575200549459673,12.636490903747166,12.708700180053711,11745507
5835,2002-06-28,13.286364080242688,13.864034986873257,13.2141569956831,13.575200080871582,9863470
5836,2002-06-27,13.141948699951172,13.358574330217744,12.92532416431181,13.141948699951172,8947163
5837,2002-06-26,13.141948699951172,13.28636396241687,12.997532342858264,13.141948699951172,8059422
5838,2002-06-25,13.647409057589392,13.647409057589392,13.0697403064553,13.430782318115234,10229132189
5839,2002-06-24,12.853115756235708,13.719618335623206,12.780907572829179,13.430782318115234,23053153
5840,2002-06-21,12.203241156047417,13.141950919577516,11.986614394566185,12.925326347351074,22227215
5841,2002-06-20,11.9866102304832,12.347654342651365,11.553359047284623,12.347654342651367,10019255
5842,2002-06-19,13.069737093852625,13.141946354137065,12.347654342651365,12.347654342651367,14169766
5843,2002-06-18,13.358577450973254,13.358577450973254,13.141951770099812,13.214159965515137,7276202
5844,2002-06-17,13.141953409156113,13.358579117046977,12.997537000313937,13.069744110107422,19751832383
5845,2002-06-14,12.997537000313937,13.141953409156113,12.997537000313937,13.069744110107422,6885569413
5846,2002-06-13,12.780908200369621,13.43078297756442,12.70870110804502,13.286365509033203,16608032
5847,2002-06-12,13.502988128420792,13.502988128420792,12.564278701325815,12.63648796081543,24382660
5848,2002-06-11,14.58612093716891,14.58612093716891,13.502992630004883,13.502992630004883,10382632
5849,2002-06-10,14.441703796386719,14.730535420349465,14.441703796386719,14.441703796386719,10243833
5850,2002-06-07,14.730535420349465,14.802745789251412,14.441703796386719,14.441703796386719,7346894
5851,2002-06-06,15.23599929751984,15.452624978517381,14.874956130981447,14.874956130981445,5200456
5852,2002-06-05,15.163790026182465,15.452624997621248,15.01937363509054,15.308207511901855,6635389
5853,2002-06-04,14.730536111321896,15.16378739878404,14.730536111321896,15.019371032714844,4132187
5854,2002-06-03,14.874952135574661,15.16378593444824,14.586118336701082,15.163785934448242,4167025
5855,2002-05-31,14.874956130981447,15.091582906606455,14.730538645440596,14.874956130981445,6993406
5856,2002-05-30,14.874956130981447,15.163790007435681,14.730538645440596,14.874956130981445,9895908
5857,2002-05-29,15.235995205137016,15.308203381198616,14.874952135574661,15.163785934448242,6263935
5858,2002-05-28,15.813663659019522,15.885871833992125,15.452620594902195,15.524829864501953,7811990
5859,2002-05-27,15.38041023067528,15.66924621444716,15.019369355812264,15.524829864501953,5826963
5860,2002-05-24,14.874954643152778,15.452623432908894,14.874954643152778,15.380413055419922,13152368
5861,2002-05-23,14.87495585104814,15.019373333871183,14.730538368225096,14.730538368225098,5400899
5862,2002-05-22,14.730538368225096,14.87495585104814,14.5139137859317,14.730538368225098,13448429
5863,2002-05-21,14.586121630364188,14.802748396719398,14.586121630364188,14.658330917358398,10561425
5864,2002-05-20,14.730538015097768,15.019372973819767,14.586121630364188,14.658330917358398,10053888
5865,2002-05-17,15.380413973835575,15.95808498734106,15.01937301110534,15.091582298278809,23625737
5866,2002-05-16,15.741459469727987,15.813666563334884,15.380413055419924,15.380413055419922,6525700
5867,2002-05-15,15.308205039600077,16.102498346208307,15.163787577204356,15.885873794555664,16481024
5868,2002-05-14,15.235998683370903,15.452624355636466,15.01937301110534,15.091582298278809,4584822
5869,2002-05-13,14.874952135574661,15.16378593444824,14.730534688824285,15.163785934448242,7605462
5870,2002-05-10,14.441705181219444,15.16378814156302,14.441705181219444,14.947163581848145,12650444
5871,2002-05-09,15.741456816076917,15.741456816076917,15.16378593444824,15.163785934448242,14139666
5872,2002-05-08,15.452624997621248,15.597041388713171,15.235999316355894,15.308207511901855,8773325
5873,2002-05-07,14.297286609505804,15.380411513703004,14.297286609505804,15.23599624633789,10834441
5874,2002-05-06,15.452624317275347,15.452624317275347,14.658330917358397,14.658330917358398,15820245
5875,2002-05-03,15.741456985473633,16.102496775039686,15.669246619380617,15.741456985473633,7285101
5876,2002-05-02,16.752377068362158,16.896793442067512,15.741459168542656,16.10249900817871,22424583
5877,2002-05-01,16.896791458129883,16.896791458129883,16.896791458129883,16.896791458129883,0
5878,2002-04-30,17.474460169006313,17.474460169006313,16.680164733752413,16.896791458129883,7914655
5879,2002-04-29,17.25783606131832,17.47446060180664,16.969002246039988,17.47446060180664,6322930
5880,2002-04-26,17.330043146853857,17.47446060180664,17.18562678652831,17.47446060180664,5306485
5881,2002-04-25,17.618873233037007,17.618873233037007,17.18562421684207,17.25783348083496,4745572
5882,2002-04-24,17.18562678652831,17.47446060180664,17.041209331575526,17.47446060180664,9748872
5883,2002-04-23,17.3300420644502,17.474459510382925,16.9690011861863,17.041208267211914,13956450
5884,2002-04-22,17.907710407478948,17.907710407478948,17.330042788855557,17.61887550354004,13849375
5885,2002-04-19,17.69108603615952,17.763294219970703,17.474461484725968,17.763294219970703,7936084
5886,2002-04-18,17.618878679678325,17.76329615768178,17.402254104614258,17.402254104614258,10263998
5887,2002-04-17,17.691085142294963,17.763293322457734,17.330043146853857,17.47446060180664,14041253
5888,2002-04-16,17.47445740657316,17.618872645864908,17.257832905694986,17.330039978027344,6186179
5889,2002-04-15,17.907713635685234,17.979922922000664,17.402254104614258,17.402254104614258,11233058
5890,2002-04-12,17.330040069404742,17.76329016807255,17.257832996691654,17.691082000732422,17468593
5891,2002-04-11,17.54666557353255,17.69108190745133,17.257832905694986,17.330039978027344,9900250
5892,2002-04-10,17.25783881586562,17.618878679678325,17.18562952955019,17.402254104614258,10496013
5893,2002-04-09,17.618873233037007,17.835497741134475,17.04120678348335,17.25783348083496,12145441
5894,2002-04-08,17.763292955509495,18.052126764821192,17.546668419496132,17.61887550354004,9677350
5895,2002-04-05,17.763294219970703,17.763294219970703,17.763294219970703,17.763294219970703,0
5896,2002-04-04,18.34096844747849,18.62978804719575,17.763294219970703,17.763294219970703,17369397
5897,2002-04-03,18.990845621550925,19.063045053402153,18.485388299459803,18.629789352416992,13126347
5898,2002-04-02,19.135262723976695,19.49630145143968,19.06304359436035,19.06304359436035,8752533
5899,2002-04-01,19.063042410513123,19.351881693713455,18.918623863540173,19.13526153564453,6701905
5900,2002-03-29,19.49630145143968,19.49630145143968,19.06304359436035,19.06304359436035,7520928
5901,2002-03-28,19.063045795070206,19.640722274780273,18.918627222456394,19.640722274780273,17115492
5902,2002-03-27,19.49630145143968,19.49630145143968,18.84642561209352,19.06304359436035,21731182
5903,2002-03-26,18.774208370795083,19.496303412386215,18.774208370795083,19.351884841918945,41049033
5904,2002-03-25,18.990845621550925,19.27968275554103,18.629789352416992,18.629789352416992,18996810
5905,2002-03-22,18.34097174178614,19.207467913901198,18.124340583678716,18.77420997619629,33067084
5906,2002-03-21,18.196549180839583,18.34096883539836,17.979921340942383,17.979921340942383,9314172
5907,2002-03-20,18.196552644081944,18.62979198692253,17.97992476295524,18.413171768188477,18460288
5908,2002-03-19,17.907711029052734,18.12433666721235,17.618876115088412,17.907711029052734,7889500
5909,2002-03-18,18.052127391407645,18.052127391407645,17.47446084736075,17.907711029052734,8375125
5910,2002-03-15,18.196548795974255,18.34096844747849,17.69108603615952,17.763294219970703,11831619
5911,2002-03-14,17.691083959483993,18.052125930786133,17.691083959483993,18.052125930786133,6212367
5912,2002-03-13,18.12433666721235,18.413167202667672,17.763293572070573,17.907711029052734,8821239
5913,2002-03-12,18.6297888918557,18.6297888918557,17.979921775854322,18.124338150024414,15669546
5914,2002-03-11,17.402255886421635,18.413171768188477,17.402255886421635,18.413171768188477,26288039
5915,2002-03-08,17.90770809975444,18.052124438486086,17.18562421684207,17.25783348083496,15829613
5916,2002-03-07,18.052125520146056,18.485384413944942,17.763291730749145,17.835498809814453,17297579
5917,2002-03-06,17.90771206097665,18.05212843165349,17.618877130368343,17.979921340942383,16182729
5918,2002-03-05,18.34096777850822,18.485386330117628,17.618876115088412,17.907711029052734,19721264
5919,2002-03-04,17.618877130368343,18.05212843165349,17.474461854318818,17.979921340942383,19731104
5920,2002-03-01,17.330046159220352,17.474463639276262,17.041212293735953,17.113420486450195,15837738
5921,2002-02-28,17.47446060180664,17.47446060180664,17.47446060180664,17.47446060180664,0
5922,2002-02-27,16.824582601832738,17.47446060180664,16.824582601832738,17.47446060180664,18269456
5923,2002-02-26,17.402252407464548,17.546669871383727,16.752376556396484,16.752376556396484,15219599
5924,2002-02-25,17.979919606881186,18.05212669062833,16.896791458129883,16.896791458129883,9971515
5925,2002-02-22,17.04120780457044,17.835498809814453,17.04120780457044,17.835498809814453,14538153
5926,2002-02-21,17.691087965993756,17.907713635685234,17.330045912926234,17.402254104614258,11669063
5927,2002-02-20,17.979918327675293,18.196546131267688,17.33004148466089,17.546667098999023,20808837
5928,2002-02-19,19.207465132324646,19.35188369422696,18.34096908569336,18.34096908569336,17293589
5929,2002-02-18,19.92955912378802,19.92955912378802,19.20746627145168,19.351884841918945,16432108
5930,2002-02-15,19.640722274780273,19.640722274780273,19.640722274780273,19.640722274780273,0
5931,2002-02-14,19.640722274780273,19.640722274780273,19.640722274780273,19.640722274780273,0
5932,2002-02-13,19.640722274780273,19.640722274780273,19.640722274780273,19.640722274780273,0
5933,2002-02-12,19.640722274780273,19.640722274780273,19.640722274780273,19.640722274780273,0
5934,2002-02-11,19.640722274780273,19.640722274780273,19.640722274780273,19.640722274780273,0
5935,2002-02-08,19.640722274780273,19.640722274780273,19.640722274780273,19.640722274780273,0
5936,2002-02-07,19.640722274780273,19.640722274780273,19.640722274780273,19.640722274780273,0
5937,2002-02-06,19.640722274780273,19.857342471309124,19.424084564212873,19.640722274780273,16455517
5938,2002-02-05,19.424085129550512,19.424085129550512,19.06304634989982,19.27968406677246,12892791
5939,2002-02-04,19.49630355834961,19.640722129898098,19.20746641525263,19.49630355834961,13528218
5940,2002-02-01,20.2905980394745,20.2905980394745,19.49630355834961,19.49630355834961,20419671
5941,2002-01-31,19.929555892944336,19.929555892944336,19.929555892944336,19.929555892944336,0
5942,2002-01-30,19.6407187988341,20.146176051136507,19.6407187988341,19.929555892944336,17589008
5943,2002-01-29,20.579437246238534,20.723855816905697,20.218378778669283,20.290597915649414,16919835
5944,2002-01-28,20.65163682723422,20.868257022388363,20.362799683839608,20.435016632080078,20277751
5945,2002-01-25,20.796055398931525,21.084892542326138,20.362799683839608,20.435016632080078,30812116
5946,2002-01-24,20.14617934498225,20.651636679925563,19.929559151373265,20.290597915649414,40281062
5947,2002-01-23,19.785137176513672,20.50721458082673,19.712920241213837,19.785137176513672,35037552
5948,2002-01-22,20.50721371811483,20.579432839630915,19.640717804435347,19.857337951660156,25519260
5949,2002-01-21,19.424084440944135,20.435016632080078,19.351885006742105,20.435016632080078,30480477
5950,2002-01-18,19.496303412386215,20.362799510406326,19.20746627145168,19.351884841918945,30889481
5951,2002-01-17,19.063045511729623,19.496303412386215,18.918626941262353,19.351884841918945,15075634
5952,2002-01-16,20.218378902053644,20.362799662856936,19.49630355834961,19.49630355834961,20447900
5953,2002-01-15,20.07396125793457,20.29059897691271,19.640723037311645,20.07396125793457,17526326
5954,2002-01-14,19.785142179028295,20.50721976591288,19.496305014360555,20.00176239013672,26166671
5955,2002-01-11,20.723852251199766,21.084888764101883,19.496300084876097,19.785137176513672,38413122
5956,2002-01-10,20.435016632080078,20.507218255536916,19.49630357843941,20.435016632080078,28561746
5957,2002-01-09,20.21837056458909,20.796046801821074,19.712915624250815,20.50720977783203,53269297
5958,2002-01-08,19.351884986801117,20.07396033050515,19.20746641525263,19.49630355834961,40444664
5959,2002-01-07,18.05212793292392,19.06304359436035,17.83550119363882,19.06304359436035,41608580
5960,2002-01-04,17.257834514902044,17.835498809814453,17.113415978262882,17.835498809814453,38761653
5961,2002-01-03,17.113420486450195,17.113420486450195,17.113420486450195,17.113420486450195,0
5962,2002-01-02,16.463543468139733,17.330046159220352,16.319127082711248,17.113420486450195,34028570
5963,2002-01-01,16.46354103088379,16.46354103088379,16.46354103088379,16.46354103088379,0
5964,2001-12-31,16.319124666834643,16.752375948236605,16.17470720815823,16.46354103088379,18660255
5965,2001-12-28,15.597040811860548,16.030292158367562,15.380414043979613,15.958085060119629,14079330
5966,2001-12-27,16.391334105859702,16.6801679700236,15.308206841588229,15.452624320983887,17258708
5967,2001-12-26,16.607957440640753,17.04120869467959,16.31912363615726,16.39133071899414,28268849
5968,2001-12-25,15.741457121817469,16.46353999108541,15.669246755099005,16.39133071899414,24784824
5969,2001-12-24,15.163785138803108,15.741455990121345,15.019368794257444,15.597036361694336,18095702
5970,2001-12-21,15.163790007435681,15.380414593805757,14.80274903015222,14.874956130981445,13666169
5971,2001-12-20,14.73053717205691,15.452623432908894,14.586120795588398,15.380413055419922,18113224
5972,2001-12-19,15.741460747986398,15.81366784745675,14.730538368225096,14.730538368225098,19849974
5973,2001-12-18,16.319123073082054,16.319123073082054,15.308203150329833,15.524829864501953,39719663
5974,2001-12-17,15.452624997621248,15.741461063687499,15.01937363509054,15.308207511901855,13704048
5975,2001-12-14,15.452622501995796,16.319125087115534,15.452622501995796,15.885873794555664,30255802
5976,2001-12-13,16.7523763796754,16.969003120582627,15.66924814827573,15.885873794555664,46500263
5977,2001-12-12,15.308205039600077,15.885873794555664,15.163787577204356,15.885873794555664,37660761
5978,2001-12-11,13.86403811070536,14.874956130981447,13.647411335080353,14.874956130981445,42925614885
5979,2001-12-10,13.719616626666161,14.802744715982815,13.430780645136474,13.936241149902344,48929453
5980,2001-12-07,14.1528694306652,14.1528694306652,13.575200687476086,13.864035606384277,37867684
5981,2001-12-06,12.92532566890084,13.286365509033201,12.70870110804502,13.286365509033203,41614085
5982,2001-12-05,12.131032684907266,12.708702628126966,12.058824489318537,12.419866561889648,56635813548
5983,2001-12-04,11.842195811014326,12.058822552237393,11.553361980429058,11.986613273620605,33426464
5984,2001-12-03,11.697778785440045,12.1310300542762,11.625570605509763,11.769988059997559,26411722
5985,2001-11-30,11.842195721092244,11.91440499916072,11.553361892700195,11.553361892700195,15359597
5986,2001-11-29,11.336738054090564,11.842196464538574,11.12011239554007,11.842196464538574,11903186
5987,2001-11-28,11.842195493039604,11.986612951768132,11.40894640073581,11.48115348815918,9373613
5988,2001-11-27,12.347657477449953,12.49207384542894,11.914405089631112,11.986613273620605,18359882
5989,2001-11-26,11.914403957832466,12.347656304494869,11.914403957832466,12.275445938110352,32887345
5990,2001-11-23,11.408946065718917,11.842195145300611,11.408946065718917,11.769988059997559,10657140
5991,2001-11-22,11.842197095573948,11.842197095573948,11.408947944641113,11.408947944641113,7934293
5992,2001-11-21,11.553362618013702,11.842196464538574,11.553362618013702,11.842196464538574,10707392
5993,2001-11-20,12.058822771214817,12.131030956515547,11.625571470155814,11.697779655456543,16349061
5994,2001-11-19,11.697779443035337,11.986613273620605,11.481153796439564,11.986613273620605,12801232
5995,2001-11-16,11.986613491286775,12.058822771214817,11.697779655456543,11.697779655456543,13008570
5996,2001-11-15,11.625571259045843,11.986613273620605,11.553361980429058,11.986613273620605,23733447
5997,2001-11-14,11.336738350512817,11.625572204589844,11.264527971395644,11.625572204589844,19094802
5998,2001-11-13,11.264527700756162,11.408947360893329,11.120112419128418,11.120112419128418,9638197
5999,2001-11-12,11.625572446513322,11.625572446513322,11.264528205805938,11.336738586425781,11865981
6000,2001-11-09,11.481153488159178,11.481153488159178,11.481153488159178,11.48115348815918,0
6001,2001-11-08,11.264526752752754,11.625570946887706,11.120111483278754,11.48115348815918,27908693
6002,2001-11-07,11.2645263671875,11.40894601022732,11.047901828450286,11.2645263671875,20919504
6003,2001-11-06,11.40894601022732,11.697778728543605,11.2645263671875,11.2645263671875,27480981
6004,2001-11-05,11.19232177734375,11.336739263324157,10.975697190314342,11.19232177734375,15390112
6005,2001-11-02,10.975696042873318,11.336738078138424,10.975696042873318,11.120112419128418,27901262
6006,2001-11-01,10.83127872653423,10.97569619947727,10.759069442749023,10.759069442749023,17020058
6007,2001-10-31,10.686859130859375,10.903483633116446,10.542441701394287,10.686859130859375,13645316
6008,2001-10-30,10.54244327545166,10.54244327545166,10.325816551596686,10.54244327545166,5537259984
6009,2001-10-29,10.831275465697423,10.903483633116446,10.686859130859375,10.686859130859375,6451618
6010,2001-10-26,10.975698207679821,11.192322814788715,10.831280708312988,10.831280708312988,15140242
6011,2001-10-25,11.120108982878142,11.120108982878142,10.831275224993766,10.903483390808105,12796448
6012,2001-10-24,10.398029304840056,10.831280708312988,10.398029304840056,10.831280708312988,22119346
6013,2001-10-23,10.398026384873742,10.54244384368537,10.325817108154297,10.325817108154297,12918142622
6014,2001-10-22,10.109191402319642,10.470234460622228,10.109191402319642,10.253607749938965,13576845
6015,2001-10-19,9.964775385303529,10.181399937715641,9.748150832891417,10.109192848205566,10046604
6016,2001-10-18,10.253608161057654,10.325816337762504,9.964774359611068,10.036982536315918,14648467757
6017,2001-10-17,10.68686072647924,10.759067810052224,10.39802582442408,10.54244327545166,12272318
6018,2001-10-16,10.03698274416873,10.614650359024644,10.03698274416873,10.54244327545166,10060225
6019,2001-10-15,9.964774359611068,10.253608161057654,9.964774359611068,10.036982536315918,6157966
6020,2001-10-12,10.686860076678354,10.686860076678354,10.03698213388284,10.253607749938965,16145027
6021,2001-10-11,10.325816242032726,10.686860406091316,10.325816242032726,10.398025512695312,22870116
6022,2001-10-10,10.109192848205565,10.109192848205565,10.109192848205565,10.109192848205566,0
6023,2001-10-09,9.820357922401493,10.325817400617677,9.820357922401493,10.109192848205566,12307660
6024,2001-10-08,9.748151184254475,9.964775744474618,9.675941902887093,9.820358276367188,7008884
6025,2001-10-05,9.603733080999339,10.036983267413742,9.387106345851246,9.964775085449219,18347018
6026,2001-10-04,9.45931339263916,9.45931339263916,9.24268780318256,9.45931339263916,14127266
6027,2001-10-03,8.737230203948739,9.098272195383462,8.737230203948739,8.881647109985352,10337315
6028,2001-10-02,9.314898922722408,9.314898922722408,8.737230203948739,8.881647109985352,6847207
6029,2001-10-01,9.314898490905762,9.314898490905762,9.314898490905762,9.314898490905762,0
6030,2001-09-28,9.314898490905762,9.314898490905762,9.314898490905762,9.314898490905762,0
6031,2001-09-27,9.24268922026449,9.531523018948063,9.098271773609119,9.314898490905762,12020742
6032,2001-09-26,8.809437427611961,9.314898490905762,8.737229798911446,9.314898490905762,22293780
6033,2001-09-25,8.881647208542486,9.098272296344424,8.665021026113312,8.73723030090332,17686203
6034,2001-09-24,8.80943775177002,8.80943775177002,8.80943775177002,8.80943775177002,0
6035,2001-09-21,8.80943775177002,8.80943775177002,8.80943775177002,8.80943775177002,1750035
6036,2001-09-20,9.098272323608398,9.242689778993944,9.098272323608398,9.098272323608398,9746617
6037,2001-09-19,9.675942420959473,9.675942420959473,9.675942420959473,9.675942420959473,0
6038,2001-09-18,9.675942420959473,9.675942420959473,9.675942420959473,9.675942420959473,0
6039,2001-09-17,9.675942420959473,9.675942420959473,9.675942420959473,9.675942420959473,0
6040,2001-09-14,10.181400849830556,10.398027610904068,9.675942420959473,9.675942420959473,10395587
6041,2001-09-13,10.398025512695312,10.398025512695312,10.398025512695312,10.398025512695312,2192536
6042,2001-09-12,11.120112419128418,11.120112419128418,11.120112419128418,11.120112419128418,0
6043,2001-09-11,11.62557192527598,11.69778011340353,10.831278571990861,11.120112419128418,11349718
6044,2001-09-10,11.553361670209812,11.553361670209812,11.192319665329386,11.48115348815918,5465641
6045,2001-09-07,10.975695330543385,11.697779354209862,10.975695330543385,11.553361892700195,7359661
6046,2001-09-06,11.697778728543605,11.769988002749901,11.2645263671875,11.2645263671875,8445225
6047,2001-09-05,11.986612599788407,12.058821874345918,11.769988059997559,11.769988059997559,18851665
6048,2001-09-04,11.264527676861478,11.842196464538574,11.192320583514451,11.842196464538574,22954740
6049,2001-09-03,11.264527700756162,11.264527700756162,11.120112419128418,11.120112419128418,11747987
6050,2001-08-31,11.047903136373511,11.264527700756162,10.831278571990861,11.120112419128418,17284613
6051,2001-08-30,11.264529922530775,11.264529922530775,10.831280708312988,10.831280708312988,6373356
6052,2001-08-29,10.542443476769561,11.2645263671875,10.542443476769561,11.2645263671875,12481559
6053,2001-08-28,10.542441701394287,10.759066203651358,10.398024271929199,10.686859130859375,8773705
6054,2001-08-27,10.686860406091316,10.686860406091316,10.25360806599731,10.398025512695312,7005130
6055,2001-08-24,10.90348493419756,10.90348493419756,10.398025512695312,10.398025512695312,9181915
6056,2001-08-23,11.264525298997555,11.40894492834238,10.903484435338902,10.975693702697754,8997669
6057,2001-08-22,10.975697190314342,11.336739263324157,10.903487900010404,11.19232177734375,11874252
6058,2001-08-21,11.336739263324157,11.336739263324157,10.975697190314342,11.19232177734375,10836265
6059,2001-08-20,11.55336323365798,11.62557252010753,10.975696604453457,11.408947944641113,19138507
6060,2001-08-17,12.1310300542762,12.203239328833714,11.769988059997559,11.769988059997559,16307529
6061,2001-08-16,12.27544778163956,12.419865252215672,11.842196464538574,11.842196464538574,9483829208
6062,2001-08-15,12.203236916709502,12.492070673966214,12.131027656425063,12.347654342651367,6871798
6063,2001-08-14,12.131030082702638,12.419863897727817,12.131030082702638,12.131030082702637,9321459721
6064,2001-08-13,11.986616196633404,12.131033694456812,11.842198698809996,12.058825492858887,5238097
6065,2001-08-10,12.49207384542894,12.49207384542894,11.842195811014326,11.986613273620605,16191056
6066,2001-08-09,12.997529879755499,13.286361444578947,12.492070536463201,12.63648796081543,17596805
6067,2001-08-08,13.141949584489113,13.430782318115234,13.141949584489113,13.430782318115234,3001201
6068,2001-08-07,13.069739426777508,13.141948699951172,12.92532416431181,13.141948699951172,3222351546
6069,2001-08-06,13.286368723370686,13.286368723370686,12.925328795892849,13.069744110107422,6471345
6070,2001-08-03,13.502991596149048,13.575200874182862,13.358575229335989,13.430782318115234,4607589
6071,2001-08-02,13.35857625213459,13.647410102502542,13.21415877963693,13.502992630004883,10054041
6072,2001-08-01,13.358577450973254,13.430784551761112,13.069742480057021,13.214159965515137,4650494076
6073,2001-07-31,12.92532566890084,13.502992259143697,12.92532566890084,13.286365509033203,7159733
6074,2001-07-30,13.141948699951172,13.141948699951172,13.141948699951172,13.141948699951172,0
6075,2001-07-27,13.502990687310652,13.502990687310652,13.141948699951172,13.141948699951172,12158427
6076,2001-07-26,12.708700484049931,13.430782318115234,12.41986446654196,13.430782318115234,12613753416
6077,2001-07-25,11.553358920114219,12.63648796081543,11.553358920114219,12.63648796081543,13556821
6078,2001-07-24,12.203240688292533,12.27544778163956,11.481154430039323,11.842196464538574,10844794
6079,2001-07-23,12.361285209655762,12.417126214983636,12.020543549865017,12.361285209655762,19772414676000
6080,2001-07-20,12.077526933582464,12.474108602843243,11.850745060860403,12.24732780456543,19772414676000
6081,2001-07-19,11.227383396660288,12.36128972658397,11.113422448566347,12.077528953552246,39544829352000
6082,2001-07-18,12.474107759577745,12.474107759577745,11.62396240234375,11.62396240234375,19772414676
6083,2001-07-17,12.474110603332518,12.700891437979468,12.247329768685569,12.47411060333252,11863448805
6084,2001-07-16,12.361287840455546,12.700889587402344,12.247327984194424,12.700889587402344,17795173208400
6085,2001-07-13,12.588067037438972,12.643906968322812,12.361285209655762,12.361285209655762,19772414676000
6086,2001-07-12,12.474106130987403,12.588067037438972,12.190344387200426,12.361285209655762,19772414676000
6087,2001-07-11,12.814847790778149,12.871827706781916,12.134504456316586,12.361285209655762,19772414676000
6088,2001-07-10,13.098614567353367,13.154454519692198,12.814852714538574,12.814852714538574,19772414676000
6089,2001-07-09,13.041631288483359,13.154452233556047,12.927671432495115,12.927671432495117,19772414676000
6090,2001-07-06,13.041629881698812,13.32539165458909,13.041629881698812,13.098610877990723,9886207338000
6091,2001-07-05,12.927672536584815,13.211434364318848,12.927672536584815,13.211434364318848,13840690273200
6092,2001-07-04,13.32539165458909,13.32539165458909,13.041629881698812,13.098610877990723,11863448805600
6093,2001-07-03,13.438213665032857,13.495193591449551,13.268412796666802,13.325392723083496,9886207338000
6094,2001-07-02,13.268413425647628,13.495194231180779,13.09861254923227,13.438214302062988,15817931740800
6095,2001-06-29,13.325393473325933,13.552175355321118,13.154452610007358,13.268413543701172,19772414676000
6096,2001-06-28,13.154450723380226,13.32539156218226,13.041629791259766,13.041629791259766,13840690273200
6097,2001-06-27,12.927671521294892,13.211433326743355,12.927671521294892,13.154452323913574,7908965870400
6098,2001-06-26,13.26841316398855,13.381234109061237,12.927671432495115,12.927671432495117,13840690273200
6099,2001-06-25,13.268413543701172,13.268413543701172,13.268413543701172,13.268413543701172,0
6100,2001-06-22,13.154452610007358,13.325393473325933,13.041631661705985,13.268413543701172,39544829352000
6101,2001-06-21,13.438214129362038,13.721975934810501,13.041631378065922,13.154452323913574,39544829352000
6102,2001-06-20,13.041631661705985,13.381234492002545,12.984651732081224,13.268413543701172,19772414676000
6103,2001-06-19,13.041629791259766,13.154450723380226,12.814849016234042,13.041629791259766,9886207338000
6104,2001-06-18,13.154450723380226,13.154450723380226,12.871828937686674,13.041629791259766,5931724402800
6105,2001-06-15,12.814849105100443,13.098610877990723,12.814849105100443,13.098610877990723,9886207338000
6106,2001-06-14,13.154450723380226,13.268411640729628,12.814849016234042,13.041629791259766,11863448805600
6107,2001-06-13,13.325393473325933,13.438214421627306,13.268413543701172,13.268413543701172,15817931740800
6108,2001-06-12,13.325392723083496,13.438213665032857,13.268412796666802,13.325392723083496,17795173208400
6109,2001-06-11,13.211432870250109,13.381233738616164,13.154451869389185,13.325392723083496,19772414676000
6110,2001-06-08,13.041632402305817,13.211434364318848,13.041632402305817,13.211434364318848,19772414676000
6111,2001-06-07,12.984651360489238,13.154452233556047,12.927671432495115,12.927671432495117,19772414676000
6112,2001-06-06,13.268414297179348,13.495195117608526,13.154453357013994,13.211434364318848,39544829352000
6113,2001-06-05,13.268411640729628,13.32539156218226,13.041629791259766,13.041629791259766,19772414676000
6114,2001-06-04,13.041632402305817,13.268414297179348,12.87183151473714,13.211434364318848,39544829352000
6115,2001-06-01,12.984649869807134,13.154450723380226,12.814849016234042,13.041629791259766,39544829352000
6116,2001-05-31,12.474104205769713,12.927666716890554,12.417124298560061,12.757865905761719,39544829352
6117,2001-05-30,12.588068962097168,12.757869825394353,12.531087962937232,12.588068962097168,13840690273200
6118,2001-05-29,12.417128857667823,12.927671463450567,12.417128857667823,12.700889587402344,39544829352
6119,2001-05-28,12.643906968322812,12.643906968322812,12.247325377648227,12.361285209655762,9886207338000
6120,2001-05-25,12.700890339524822,12.814851276978755,12.531089455996138,12.64391040802002,19772414676000
6121,2001-05-24,12.417128857667823,12.814850518107729,12.361287840455546,12.700889587402344,19772414676000
6122,2001-05-23,11.85074404320197,12.474107531654743,11.793764120800157,12.41712760925293,39544829352
6123,2001-05-22,11.566981325919558,12.020543921047508,11.566981325919558,11.793763160705566,19772414676000
6124,2001-05-21,11.793767039684816,11.793767039684816,11.22738333345738,11.566985130310059,11863448805600
6125,2001-05-18,11.793763160705566,11.907722996232069,11.680942235890127,11.793763160705566,19772414676000
6126,2001-05-17,11.397180483340868,11.793763160705566,11.283220647814366,11.793763160705566,39544829352000
6127,2001-05-16,12.020546010670266,12.020546010670266,11.397182464599608,11.39718246459961,19772414676
6128,2001-05-15,12.36128866827536,12.36128866827536,11.907725960248658,12.020546913146973,15817931740800
6129,2001-05-14,12.361287659155126,12.588069531877185,12.24732780456543,12.24732780456543,9886207338000
6130,2001-05-11,12.531084112979364,12.757865905761719,11.850740883520036,12.757865905761719,39544829352
6131,2001-05-10,12.81484975011009,12.81484975011009,12.474108038221495,12.588068962097168,13840690273200
6132,2001-05-09,12.814851009929187,12.871830940246582,12.588070199621601,12.871830940246582,19772414676000
6133,2001-05-08,12.474108785798384,12.700889587402344,12.190346981619602,12.700889587402344,19772414676000
6134,2001-05-07,12.588069832138784,12.700889704073733,12.304308025353341,12.531088829040527,19772414676000
6135,2001-05-04,12.814850544454465,12.92767149002926,12.13450706379957,12.30430793762207,19772414676000
6136,2001-05-03,12.757865905761719,12.81484581297137,12.474104205769713,12.757865905761719,19772414676000
6137,2001-05-02,12.588065094632883,12.757865905761719,12.474104205769713,12.757865905761719,39544829352000
6138,2001-05-01,12.474110603332518,12.474110603332518,12.474110603332518,12.47411060333252,0
6139,2001-04-30,12.643911501546674,12.757872448856682,12.361289641551158,12.47411060333252,19772414676000
6140,2001-04-27,12.588069832138784,12.81485063582597,12.474108900386545,12.531088829040527,19772414676000
6141,2001-04-26,13.041633555012153,13.041633555012153,12.531090861723783,12.814852714538574,19772414676000
6142,2001-04-25,13.041633555012153,13.041633555012153,12.531090861723783,12.814852714538574,19772414676000
6143,2001-04-24,12.814851009929187,13.154452769909568,12.814851009929187,12.871830940246582,39544829352000
6144,2001-04-23,12.814852714538574,12.92767367921862,12.700891764300595,12.814852714538574,19772414676000
6145,2001-04-20,13.041633555012153,13.041633555012153,12.814852714538574,12.814852714538574,39544829352000
6146,2001-04-19,13.154454519692198,13.154454519692198,12.814852714538574,12.814852714538574,59317244028000
6147,2001-04-18,12.474108785798384,12.814850518107729,12.417128857667823,12.700889587402344,59317244028000
6148,2001-04-17,12.247328009374362,12.588069742384254,12.190347006682389,12.30430793762207,19772414676000
6149,2001-04-16,12.588067037438972,12.588067037438972,12.247325377648227,12.361285209655762,39544829352000
6150,2001-04-13,13.154453044036122,13.268413981490056,12.588070461945268,12.64391040802002,59317244028000
6151,2001-04-12,13.211431810893556,13.268411732741324,12.984649959851044,13.098610877990723,39544829352000
6152,2001-04-11,13.381234492002545,13.381234492002545,12.871830783779851,13.268413543701172,79089658704000
6153,2001-04-10,13.664993364090291,13.834795293285035,13.041629881698812,13.098610877990723,59317244028000
6154,2001-04-09,14.005739113709167,14.005739113709167,13.438216478066058,13.552177429199219,59317244028000
6155,2001-04-06,13.438213827316508,14.005736351013184,13.438213827316508,14.005736351013184,138406902732000
6156,2001-04-05,13.098610877990723,13.098610877990723,13.098610877990723,13.098610877990723,0
6157,2001-04-04,12.814849105100443,13.098610877990723,12.814849105100443,13.098610877990723,59317244028000
6158,2001-04-03,13.325395407826946,13.381236434610223,12.757872776641808,12.814852714538574,59317244028000
6159,2001-04-02,13.495194025505109,13.664994899332589,13.154452292485223,13.381234169006348,79089658704000
6160,2001-03-30,13.154452292485223,13.552175028198752,13.098612349600765,13.381234169006348,98862073380000
6161,2001-03-29,12.700889644231944,13.211433326743355,12.700889644231944,13.154452323913574,59317244028000
6162,2001-03-28,12.927666716890554,13.098607512963376,12.757865905761719,12.757865905761719,39544829352000
6163,2001-03-27,13.041626531309856,13.21142841688256,12.7008849241082,12.757865905761719,59317244028000
6164,2001-03-26,13.041632452305025,13.211434414969043,12.984652519226072,12.984652519226074,59317244028000
6165,2001-03-23,13.211433235994429,13.381234109061237,12.927671432495115,12.927671432495117,59317244028000
6166,2001-03-22,13.154452323913574,13.325393183514386,12.927671521294892,13.154452323913574,59317244028
6167,2001-03-21,12.700889644231944,13.268413255128872,12.700889644231944,13.154452323913574,98862073380000
6168,2001-03-20,12.81484581297137,12.927666716890554,12.588065094632883,12.757865905761719,59317244028000
6169,2001-03-19,12.92766871210979,13.211430455896767,12.361285209655762,12.361285209655762,79089658704000
6170,2001-03-16,12.474109264542507,13.041631820236772,12.474109264542507,12.871830940246582,118634488056000
6171,2001-03-15,12.304309705118364,12.588071550642526,12.134508806904208,12.47411060333252,59317244028000
6172,2001-03-14,11.9635648727417,11.9635648727417,11.9635648727417,11.9635648727417,0
6173,2001-03-13,11.680943084807904,12.247326645913473,11.680943084807904,11.9635648727417,59317244028000
6174,2001-03-12,11.907726287841795,12.247329141318433,11.907726287841795,11.907726287841797,39544829352
6175,2001-03-09,12.474110467620074,12.474110467620074,12.07752873907359,12.190348625183105,39544829352000
6176,2001-03-08,12.474108038221495,12.700888826234417,12.304307174924311,12.588068962097168,79089658704000
6177,2001-03-07,12.134508806904208,12.700891437979468,12.077528870471413,12.47411060333252,158179317408000
6178,2001-03-06,12.30430907483244,12.361289008346448,11.907726287841795,11.907726287841797,79089658704000
6179,2001-03-05,12.07752873907359,12.304309571253272,12.020547728816304,12.190348625183105,79089658704000
6180,2001-03-02,11.850743939726948,12.190345649565035,11.736784095918363,11.9635648727417,98862073380000
6181,2001-03-01,11.680942970758002,12.0205446772803,11.623961974965912,11.736783981323242,79089658704000
6182,2001-02-28,11.793763160705566,11.793763160705566,11.793763160705566,11.793763160705566,0
6183,2001-02-27,12.077524913254827,12.134504831018077,11.680942235890127,11.793763160705566,98862073380000
6184,2001-02-26,11.340200565577616,11.793763160705566,11.340200565577616,11.793763160705566,79089658704
6185,2001-02-23,11.113421237684282,11.283223193009851,10.943620356803022,11.056441307067871,17795173208400
6186,2001-02-22,11.566987123613652,11.566987123613652,11.113424301147461,11.113424301147461,39544829352000
6187,2001-02-21,11.340201695953672,11.680943400230857,11.340201695953672,11.62396240234375,39544829352000
6188,2001-02-20,11.73678710318082,11.963567938111156,11.510005193806062,11.566985130310059,98862073380000
6189,2001-02-19,11.454160176598467,11.850742846190004,11.454160176598467,11.510001182556152,59317244028
6190,2001-02-16,11.680945143457475,12.24732880438249,11.510004273173836,12.020546913146973,197724146760000
6191,2001-02-15,10.773820008746512,11.454163551330566,10.773820008746512,11.454163551330566,98862073380
6192,2001-02-14,11.000598676613325,11.113418524894497,10.716836929321289,10.716836929321289,59317244028000
6193,2001-02-13,10.716842499449053,11.113424301147461,10.716842499449053,11.113424301147461,59317244028000
6194,2001-02-12,10.263276810045554,10.60287857055664,10.263276810045554,10.60287857055664,19772414676000
6195,2001-02-09,10.433076968669505,10.433076968669505,10.263276100158691,10.263276100158691,13840690273200
6196,2001-02-08,10.26327535720052,10.433076213419456,10.206295434860024,10.320255279541016,15817931740800
6197,2001-02-07,10.206296173693422,10.490057969579007,10.206296173693422,10.263276100158691,11863448805600
6198,2001-02-06,10.320257608672055,10.659860472197472,10.320257608672055,10.3760986328125,19772414676000
6199,2001-02-05,10.886639821198406,10.886639821198406,10.433077148963969,10.547038078308105,19772414676000
6200,2001-02-02,10.943618863857735,11.34020157657855,10.943618863857735,11.00059986114502,79089658704
6201,2001-02-01,10.886639595031738,11.000600522008371,10.773818653380353,10.886639595031738,19772414676000
6202,2001-01-31,10.7738179180851,11.170400627564593,10.716837995707685,10.943618774414062,79089658704000
6203,2001-01-30,10.376095265321663,10.716836929321289,10.320254259304035,10.716836929321289,19772414676000
6204,2001-01-29,10.659858838089821,10.943619559531177,10.14931517278392,10.263276100158691,39544829352000
6205,2001-01-26,10.60287857055664,10.60287857055664,10.60287857055664,10.60287857055664,0
6206,2001-01-25,10.60287857055664,10.60287857055664,10.60287857055664,10.60287857055664,0
6207,2001-01-24,10.60287857055664,10.60287857055664,10.60287857055664,10.60287857055664,0
6208,2001-01-23,10.60287857055664,10.60287857055664,10.60287857055664,10.60287857055664,0
6209,2001-01-22,10.60287857055664,10.60287857055664,10.60287857055664,10.60287857055664,0
6210,2001-01-19,10.60287857055664,10.60287857055664,10.60287857055664,10.60287857055664,0
6211,2001-01-18,10.716839505813825,10.82966045566293,10.433077690301097,10.60287857055664,39544829352000
6212,2001-01-17,10.376097759894659,10.773819436220263,10.320256740451992,10.60287857055664,39544829352000
6213,2001-01-16,9.922535898887016,10.490059577656961,9.922535898887016,10.3760986328125,39544829352000
6214,2001-01-15,9.865554064720358,9.979513913184915,9.63877220418742,9.922533988952637,11863448805600
6215,2001-01-12,10.092334637184472,10.206295557681004,9.752732920659886,9.865553855895996,17795173208400
6216,2001-01-11,10.37609891438556,10.659860761470892,10.036497116088867,10.036497116088867,59317244028000
6217,2001-01-10,10.3760986328125,10.602879462553044,10.263277673472022,10.3760986328125,39544829352000
6218,2001-01-09,9.979515834087048,10.433078568012533,9.979515834087048,10.3760986328125,39544829352
6219,2001-01-08,10.092336990905974,10.320257810610267,9.86555615672797,9.97951602935791,19772414676000
6220,2001-01-05,9.638772581922249,10.263276100158691,9.582932640786208,10.263276100158691,59317244028000
6221,2001-01-04,9.411991229264412,9.638772010803223,9.356150216992845,9.638772010803223,39544829352000
6222,2001-01-03,8.958430488127803,9.411993221663023,8.958430488127803,9.015410423278809,19772414676000
6223,2001-01-02,9.185212201884791,9.695754859997283,8.90258981687811,9.411993026733398,19772414676000
6224,2001-01-01,9.865553855895996,9.865553855895996,9.865553855895996,9.865553855895996,0
6225,2000-12-29,10.206295557681004,10.206295557681004,9.865553855895996,9.865553855895996,9886207338000
6226,2000-12-28,9.865554251648337,10.263275892413958,9.865554251648337,10.20629596710205,19772414676000
6227,2000-12-27,10.20629596710205,10.37609683217583,10.20629596710205,10.20629596710205,13840690273
6228,2000-12-26,10.886639821198406,11.00060075054254,10.547038078308104,10.547038078308105,5931724402800
6229,2000-12-25,10.886639595031738,10.886639595031738,10.886639595031738,10.886639595031738,0
6230,2000-12-22,11.170401389925958,11.283222331577345,10.829659668765537,10.886639595031738,13840690273200
6231,2000-12-21,11.113421520345481,11.227382458921118,11.056441588279831,11.170402526855469,13840690273200
6232,2000-12-20,10.773820008746512,11.454163551330566,10.71684007531213,11.454163551330566,39544829352000
6233,2000-12-19,11.34020312362626,11.34020312362626,11.056441307067871,11.056441307067871,9886207338000
6234,2000-12-18,11.510001044310814,11.510001044310814,11.113418379482587,11.283220291137695,9886207338000
6235,2000-12-15,11.34020034330562,11.793762929543579,11.283220426659195,11.510001182556152,19772414676000
6236,2000-12-14,11.340202536931104,11.397182464599608,11.170401664834639,11.39718246459961,7908965870
6237,2000-12-13,11.34020020709974,11.34020020709974,11.22737928585071,11.283220291137695,7908965870400
6238,2000-12-12,11.227383277531246,11.39718417511177,11.17040334131108,11.340204238891602,9886207338000
6239,2000-12-11,11.113424301147461,11.283226303279681,11.113424301147461,11.113424301147461,5931724402800
6240,2000-12-08,11.056441307067871,11.113421237684282,10.886640426186611,11.056441307067871,11863448805600
6241,2000-12-07,11.113419630743023,11.22738054994201,10.886638852036645,10.943618774414062,9886207338000
6242,2000-12-06,11.68094809070461,11.736789125745872,11.113424301147461,11.113424301147461,13840690273200
6243,2000-12-05,11.11342178730421,11.454163551330566,11.11342178730421,11.454163551330566,13840690273
6244,2000-12-04,11.397180123061784,11.45416003902383,11.283220291137695,11.283220291137695,3954482935200
6245,2000-12-01,11.000599976945248,11.680943400230857,11.000599976945248,11.62396240234375,17795173208400
6246,2000-11-30,11.454164111331936,11.623965008912458,11.227383277531246,11.340204238891602,15817931740800
6247,2000-11-29,11.510003409027568,11.680944266477336,11.397182464599608,11.39718246459961,9886207338000
6248,2000-11-28,11.680943400230857,11.793764336292135,11.566982478900817,11.62396240234375,11863448805600
6249,2000-11-27,11.963567240286942,11.963567240286942,11.680945396423338,11.68094539642334,11863448805600
6250,2000-11-24,11.850743939726948,12.020544794645993,11.680943084807904,11.9635648727417,19772414676000
6251,2000-11-23,11.170403396953384,11.56698513031006,11.113422386004967,11.566985130310059,19772414676000
6252,2000-11-22,11.283220291137695,11.736782871927966,11.22737928585071,11.283220291137695,39544829352000
6253,2000-11-21,10.206296917249293,11.056441307067871,10.206296917249293,11.056441307067871,39544829352000
6254,2000-11-20,10.773820342597539,10.886641301938017,10.3760986328125,10.3760986328125,17795173208400
6255,2000-11-17,11.340203684461803,11.566984507175034,11.11342178730421,11.454163551330566,19772414676000
6256,2000-11-16,11.113422386004967,11.623965066814057,11.113422386004967,11.566985130310059,19772414676000
6257,2000-11-15,12.36128559136002,12.36128559136002,11.793763160705566,11.793763160705566,39544829352000
6258,2000-11-14,11.907726287841795,11.963567310329916,11.56698452333927,11.907726287841797,39544829352000
6259,2000-11-13,11.680942235890127,12.134504831018077,11.623961243682809,11.793763160705566,39544829352000
6260,2000-11-10,12.757872448856682,12.927673347070836,12.474110603332518,12.47411060333252,39544829352
6261,2000-11-09,13.154452233556047,13.211433235994429,12.700889556989925,12.927671432495117,59317244028000
6262,2000-11-08,13.211433326743355,13.608015003595204,12.814850575447242,13.154452323913574,138406902732000
6263,2000-11-07,12.757870647061726,13.268413255128872,12.58806977282856,13.154452323913574,79089658704000
6264,2000-11-06,12.700891437979468,12.700891437979468,12.247329768685569,12.47411060333252,39544829352
6265,2000-11-03,13.041631820236772,13.211433774671267,12.814851009929187,12.871830940246582,59317244028000
6266,2000-11-02,12.700890074850093,13.154452769909568,12.474109264542507,12.871830940246582,79089658704000
6267,2000-11-01,12.643911501546674,12.643911501546674,12.247329768685569,12.47411060333252,39544829352
6268,2000-10-31,12.247329768685569,12.814852385289475,12.247329768685569,12.47411060333252,79089658704000
6269,2000-10-30,12.64391040802002,12.64391040802002,12.64391040802002,12.64391040802002,3954482935
6270,2000-10-27,12.984652519226072,12.984652519226072,12.984652519226072,12.984652519226074,0
6271,2000-10-26,13.041632452305025,13.381235303188706,12.984652519226072,12.984652519226074,39544829352000
6272,2000-10-25,13.154452492967765,13.495194231180779,12.814850740137047,13.438214302062988,59317244028000
6273,2000-10-24,13.154452323913574,13.438214129362038,12.814850575447242,13.154452323913574,59317244028000
6274,2000-10-23,12.531090861723783,13.154454519692198,12.190349071012225,12.814852714538574,59317244028000
6275,2000-10-20,11.793763160705566,11.793763160705566,11.566981325919558,11.793763160705566,19772414676000
6276,2000-10-19,11.7367858904495,11.793765821065909,11.00060136186374,11.056441307067871,39544829352000
6277,2000-10-18,12.1903447636262,12.36128559136002,11.793763160705566,11.793763160705566,59317244028000
6278,2000-10-17,11.454164029458612,12.190348625183105,11.397184093645732,12.190348625183105,79089658704000
6279,2000-10-16,11.907726287841795,11.907726287841795,11.907726287841795,11.907726287841797,0
6280,2000-10-13,10.43307825929982,11.907726287841795,10.43307825929982,11.907726287841797,39544829352
6281,2000-10-12,11.397183344121132,11.736786188965493,11.113421520345481,11.170402526855469,15817931740800
6282,2000-10-11,11.850746154785156,12.247328935098148,11.850746154785156,11.850746154785156,11863448805
6283,2000-10-10,12.24732780456543,12.24732780456543,12.24732780456543,12.24732780456543,0
6284,2000-10-09,12.53108853013809,12.53108853013809,12.134506860877313,12.24732780456543,19772414676
6285,2000-10-06,12.247327250208572,13.041630538123012,12.134506311627126,12.588068962097168,59317244028000
6286,2000-10-05,11.680944385214882,12.30430793762207,11.340202652204988,12.30430793762207,79089658704000
6287,2000-10-04,11.680945396423338,11.680945396423338,11.680945396423338,11.68094539642334,5931724402800
6288,2000-10-03,11.510005258599948,12.36128972658397,11.454164232867253,12.077528953552246,39544829352000
6289,2000-10-02,12.134508114272522,12.304309002794529,11.39718356709616,11.68094539642334,15817931740800
6290,2000-09-29,12.474108602843243,12.474108602843243,11.907724988155252,12.24732780456543,19772414676
6291,2000-09-28,12.814852385289475,13.09861423081364,12.474110603332518,12.47411060333252,19772414676000
6292,2000-09-27,12.814852714538574,13.041633555012153,12.643911826403828,12.814852714538574,19772414676000
6293,2000-09-26,12.247327954868064,13.098612290921741,11.680944333229254,12.927671432495117,39544829352000
6294,2000-09-25,11.680944189877438,12.24732780456543,11.623963188138344,12.24732780456543,19772414676000
6295,2000-09-22,11.73678710318082,12.07752888556357,11.454164168387717,11.566985130310059,17795173208400
6296,2000-09-21,12.24732780456543,12.474108602843243,12.190346802826335,12.24732780456543,19772414676000
6297,2000-09-20,12.247329768685569,12.531090539765312,12.134508806904208,12.47411060333252,59317244028
6298,2000-09-19,11.227380347095659,11.907723745367106,11.227380347095659,11.736783981323242,39544829352000
6299,2000-09-18,11.340200725293576,11.680942400405108,11.22737979888916,11.22737979888916,15817931740800
6300,2000-09-15,11.113422386004967,11.793767039684816,11.113422386004967,11.566985130310059,39544829352000
6301,2000-09-14,11.22738526823842,11.454166142249212,11.113424301147461,11.113424301147461,19772414676000
6302,2000-09-13,11.566981488829509,11.623961407395267,11.11341888731356,11.22737979888916,13840690273200
6303,2000-09-12,11.62396240234375,11.62396240234375,11.62396240234375,11.62396240234375,0
6304,2000-09-11,11.454161542839538,11.736784412849202,11.454161542839538,11.62396240234375,9886207338000
6305,2000-09-08,12.474109754309762,12.643910640966794,11.850746154785156,11.850746154785156,15817931740
6306,2000-09-07,12.814852385289475,12.814852385289475,12.474110603332518,12.47411060333252,9886207338000
6307,2000-09-06,13.154452233556047,13.154452233556047,12.87183041541655,12.927671432495117,9886207338000
6308,2000-09-05,13.098612380895705,13.325393183514386,12.984651449680408,13.154452323913574,19772414676000
6309,2000-09-04,13.154454519692198,13.154454519692198,12.700891764300595,12.814852714538574,13840690273200
6310,2000-09-01,12.984651510859173,13.041631439513157,12.474108900386545,12.531088829040527,15817931740800
6311,2000-08-31,12.700891764300595,13.041633555012153,12.700891764300595,12.814852714538574,17795173208400
6312,2000-08-30,13.154447435229041,13.154447435229041,12.7008849241082,12.757865905761719,11863448805
6313,2000-08-29,12.700889644231944,13.154452323913574,12.58806977282856,13.154452323913574,19772414676000
6314,2000-08-28,12.984651391581128,12.984651391581128,12.700889587402344,12.700889587402344,11863448805600
6315,2000-08-25,13.154453407445736,13.211434414969043,12.927672586147121,12.984652519226074,9886207338000
6316,2000-08-24,13.438214129362038,13.552175060577335,13.154452323913574,13.154452323913574,11863448805
6317,2000-08-23,13.438214302062988,13.438214302062988,13.438214302062988,13.438214302062988,0
6318,2000-08-22,13.721976111158211,13.721976111158211,13.211433496529837,13.438214302062988,15817931740800
6319,2000-08-21,13.608014400374488,13.948756119103951,13.608014400374488,13.721975326538086,19772414676000
6320,2000-08-18,13.325393183514386,13.495194057747552,13.154452323913574,13.154452323913574,19772414676000
6321,2000-08-17,13.154452610007358,13.381234492002545,13.041631661705985,13.268413543701172,39544829352000
6322,2000-08-16,12.700889556989925,13.041631288483359,12.643909628995804,12.927671432495117,19772414676000
6323,2000-08-15,12.984651391581128,13.041631319711689,12.643909659271783,12.700889587402344,39544829352000
6324,2000-08-14,13.72197706508958,13.834798020230291,12.984652519226072,12.984652519226074,19772414676000
6325,2000-08-11,14.175536902401925,14.345337756126918,13.83479520972198,13.891775131225586,19772414676000
6326,2000-08-10,14.175540924072264,14.515142727868943,14.061579974289637,14.175540924072266,39544829352000
6327,2000-08-09,14.005738947729483,14.459301701308789,13.94875901006039,14.175540924072266,39544829352000
6328,2000-08-08,14.005736351013184,14.345339166290662,13.664994624837924,14.005736351013184,19772414676000
6329,2000-08-07,14.741925380009656,15.025687266580178,14.345343589782715,14.345343589782715,19772414676
6330,2000-08-04,16.273549828071356,16.6131515716096,16.216569900512695,16.216569900512695,17795173208400
6331,2000-08-03,16.784091549292313,16.784091549292313,16.216569050811707,16.443349838256836,17795173208400
6332,2000-08-02,17.237655675880013,17.237655675880013,17.010873794555664,17.010873794555664,5931724402800
6333,2000-08-01,17.464434513609877,17.57725544885673,17.237653732299805,17.237653732299805,5931724402800
6334,2000-07-31,17.69121812128388,17.69121812128388,17.237655439304323,17.350475311279297,9886207338000
6335,2000-07-28,17.804039408051235,18.25760209870125,17.691218459475262,17.917999267578125,13840690273200
6336,2000-07-27,18.48438290680411,18.48438290680411,17.691218459475262,17.917999267578125,15817931740800
6337,2000-07-26,18.371561682511754,18.598342487211138,18.14478087781237,18.48438262939453,39544829352
6338,2000-07-25,17.804041091456597,18.48438465453723,17.804041091456597,18.030820846557617,39544829352
6339,2000-07-24,17.804039408051235,18.030819141709802,17.691218459475262,17.917999267578125,15817931740800
6340,2000-07-21,17.464436178097145,18.144780735757458,17.23765537517322,17.804039001464844,39544829352000
6341,2000-07-20,17.12369281179242,17.464434513609877,17.01087187654557,17.237653732299805,5931724402800
6342,2000-07-19,17.691216369364113,17.691216369364113,17.01087187654557,17.237653732299805,9886207338000
6343,2000-07-18,17.691216369364113,17.691216369364113,17.01087187654557,17.237653732299805,9886207338000
6344,2000-07-17,17.804044122984894,17.91800401269107,17.464441201926853,17.69122314453125,7908965870400
6345,2000-07-14,17.464436576928108,18.37156195822814,17.464436576928108,17.917999267578125,39544829352
6346,2000-07-13,17.46443431505923,17.804037102199423,17.350473395847448,17.577255249023438,13840690273
6347,2000-07-12,17.01087187654557,17.237653732299805,16.89691203048235,17.237653732299805,7908965870400
6348,2000-07-11,16.953893865099452,17.237655675880013,16.784092987675603,17.010873794555664,9886207338000
6349,2000-07-10,17.12369646333531,17.2376574081443,16.67013372955101,16.953895568847656,7908965870400
6350,2000-07-07,17.577256120584053,17.80403798500492,17.123693466186523,17.123693466186523,11863448805600
6351,2000-07-06,17.918000198967718,17.918000198967718,17.350476544846263,17.46443748474121,9886207338
6352,2000-07-05,17.010873886278095,18.14478115012528,16.67013214420405,17.917999267578125,19772414676000
6353,2000-07-04,17.350475549403367,17.350475549403367,16.784092987675603,17.010873794555664,9886207338000
6354,2000-07-03,17.350474256163185,17.350474256163185,17.01087252662814,17.123693466186523,7908965870400
6355,2000-06-30,17.350475311279297,17.464436243071965,17.01087356109241,17.350475311279297,11863448805600
6356,2000-06-29,17.464436482760075,17.464436482760075,17.010873794555664,17.010873794555664,7908965870400
6357,2000-06-28,17.464434513609877,17.57725544885673,17.12369281179242,17.237653732299805,7908965870400
6358,2000-06-27,17.57725843918169,17.69121937907664,17.23765666485013,17.46443748474121,11863448805600
6359,2000-06-26,17.57725843918169,17.69121937907664,17.350476544846263,17.46443748474121,11863448805600
6360,2000-06-23,17.80404033351712,17.918000198967718,17.46443748474121,17.46443748474121,7908965870
6361,2000-06-22,17.804039001464844,18.144780735757458,17.691218055465338,17.804039001464844,13840690273200
6362,2000-06-21,18.0308187299445,18.0308187299445,17.691218055465338,17.804039001464844,9886207338000
6363,2000-06-20,18.371556126743297,18.598336862861597,18.030813418383243,18.144775390625,13840690273
6364,2000-06-19,18.371556126743297,18.371556126743297,17.804033756708893,18.144775390625,9886207338
6365,2000-06-16,18.144776485910157,18.711158905100117,18.030814506789238,18.371557235717773,19772414676
6366,2000-06-15,18.030820846557617,18.030820846557617,17.691220132213196,18.030820846557617,13840690273200
6367,2000-06-14,18.030819141709802,18.37156195822814,17.804039408051235,17.917999267578125,59317244028
6368,2000-06-13,17.123692617115616,17.577255249023438,17.010871683151407,17.577255249023438,19772414676000
6369,2000-06-12,17.265346357990573,17.42593529079576,16.141222763179556,16.702880859375,110725522188000
6370,2000-06-09,17.586524395855832,17.82700462879633,17.18464889128389,17.26534652709961,27681380547
6371,2000-06-08,18.309572483426503,18.309572483426503,17.66640853881836,17.66640853881836,27681380547
6372,2000-06-07,17.66641291464798,18.389467239379883,17.505824005538173,18.389467239379883,55362761094
6373,2000-06-06,17.66640853881836,17.66640853881836,17.66640853881836,17.66640853881836,0
6374,2000-06-05,17.826997408151573,17.826997408151573,17.58651727261512,17.66640853881836,22145104437
6375,2000-06-02,17.907702459007712,18.0682924603038,17.505826950073242,17.505826950073242,27681380547
6376,2000-06-01,17.98840009569944,17.98840009569944,17.505826950073242,17.505826950073242,27681380547
6377,2000-05-31,18.14898254891901,18.14898254891901,17.66640853881836,17.66640853881836,55362761094
6378,2000-05-30,16.462400436401367,16.462400436401367,16.462400436401367,16.462400436401367,0
6379,2000-05-29,16.221113871390674,16.622989367329826,16.221113871390674,16.462400436401367,27681380547000
6380,2000-05-26,15.980631107989426,16.301808918885467,15.899932421536866,16.221111297607422,24913242492300
6381,2000-05-25,16.06051917557883,16.301806735157445,15.899930291642683,15.980628967285156,24913242492300
6382,2000-05-24,15.980628967285156,16.06051917557883,15.899930291642683,15.980628967285156,22145104437600
6383,2000-05-23,16.54228910850346,16.54228910850346,16.141220013437447,16.221111297607422,19376966382900
6384,2000-05-22,16.863469595104508,17.104757225289887,16.221113871390674,16.462400436401367,27681380547000
6385,2000-05-19,17.104753168968514,17.18464444686885,16.702876703158015,16.944164276123047,24913242492300
6386,2000-05-18,17.50582256548141,17.50582256548141,17.024054812608426,17.104753494262695,24913242492300
6387,2000-05-17,17.34523801395187,17.827004822315985,17.1846490778305,17.505826950073242,55362761094
6388,2000-05-16,16.14122121063477,16.863468170166016,16.14122121063477,16.863468170166016,55362761094000
6389,2000-05-15,16.381702219338713,16.462399850549136,16.060523303736996,16.14122200012207,27681380547000
6390,2000-05-12,16.70287801395148,16.70287801395148,15.899932421536866,16.221111297607422,27681380547000
6391,2000-05-11,16.702878796530676,16.702878796530676,16.060522079467773,16.060522079467773,27681380547000
6392,2000-05-10,17.104757998559432,17.265346936747772,16.863470357465953,17.024059295654297,22145104437600
6393,2000-05-09,17.184646606445312,17.184646606445312,17.184646606445312,17.184646606445312,0
6394,2000-05-08,17.425933144558133,17.58652205758464,16.86346771521773,17.184646606445312,19376966382900
6395,2000-05-05,17.10474851028182,17.505817464637076,17.02404985214152,17.425926208496094,27681380547000
6396,2000-05-04,16.86346591670892,17.50582256548141,16.86346591670892,17.104753494262695,55362761094000
6397,2000-05-03,17.345235987417396,17.666413822135254,16.863468170166016,16.863468170166016,55362761094000
6398,2000-05-02,18.470158672814122,18.470158672814122,17.826995849609375,17.826995849609375,27681380547
6399,2000-05-01,19.112520217895508,19.112520217895508,19.112520217895508,19.112520217895508,0
6400,2000-04-28,18.871232650935827,19.433697995592723,18.550054873238608,19.112520217895508,55362761094
6401,2000-04-27,18.79133998257954,19.1125198850319,18.470162210475955,18.5500545501709,27681380547
6402,2000-04-26,19.594293320467933,19.594293320467933,18.068294058527496,18.79134750366211,55362761094
6403,2000-04-25,18.470167524293732,19.273113250732422,18.470167524293732,19.273113250732422,27681380547
6404,2000-04-24,19.754880516667203,19.754880516667203,18.951934814453125,18.951934814453125,27681380547
6405,2000-04-21,20.155945105630224,20.316535070360636,19.7548770904541,19.7548770904541,27681380547
6406,2000-04-20,20.076060129939595,20.47713038015443,19.513594600961973,19.915470123291016,55362761094
6407,2000-04-19,21.28007018431405,21.28007018431405,20.07605650905856,20.155946731567383,55362761094
6408,2000-04-18,21.521359217524036,21.521359217524036,20.879003524780273,20.879003524780273,83044141641
6409,2000-04-17,20.076051988959893,20.477122076538,19.83476444077371,20.316532135009766,83044141641
6410,2000-04-14,21.200181371152155,21.521359217524036,20.879003524780273,20.879003524780273,83044141641
6411,2000-04-13,21.36077253052403,21.681950394503087,20.87900466938075,21.521360397338867,110725522188
6412,2000-04-12,23.368533606410555,23.609013775336983,22.083820343017578,22.083820343017578,138406902735
6413,2000-04-11,23.68971767870649,24.41196577943792,23.368539810180668,23.368539810180664,138406902735
6414,2000-04-10,25.13502052626476,25.37630817465031,24.171486868015283,24.25137710571289,249132424923
6415,2000-04-07,22.88676895079754,23.689714582337633,22.64548134713963,23.20794677734375,193769663829
6416,2000-04-06,23.52912435710125,24.010892157042043,22.645481109619144,22.64548110961914,193769663829
6417,2000-04-05,22.405001875977348,23.769605579871747,22.3243042481372,23.287839889526367,276813805470
6418,2000-04-04,21.36077117919922,21.36077117919922,21.36077117919922,21.36077117919922,0
6419,2000-04-03,21.36077117919922,21.36077117919922,21.36077117919922,21.36077117919922,0
6420,2000-03-31,21.68194902285993,22.00312686652064,21.20018119219424,21.36077117919922,276813805470
6421,2000-03-30,20.0760551255225,20.958890914916992,19.915465158904652,20.958890914916992,110725522188
6422,2000-03-29,19.67418022177175,19.67418022177175,19.4337000318142,19.594287872314453,24913242492
6423,2000-03-28,20.316541944175643,20.316541944175643,19.67418612861988,19.834774017333984,55362761094
6424,2000-03-27,19.192413620404867,20.47712707519531,19.192413620404867,20.477127075195312,110725522188
6425,2000-03-24,19.594286834179044,19.594286834179044,19.031821460388507,19.192411422729492,55362761094
6426,2000-03-23,18.791342278766084,19.67418022177175,18.791342278766084,19.594287872314453,83044141641
6427,2000-03-22,18.38946193081683,18.871229584246905,18.068284205312935,18.47015953063965,55362761094
6428,2000-03-21,16.86346243587802,18.47015953063965,16.86346243587802,18.47015953063965,55362761094000
6429,2000-03-20,17.425926208496094,17.425926208496094,17.425926208496094,17.425926208496094,5536276109
6430,2000-03-17,18.068289951779047,18.47016540491883,17.827002347290577,17.9883975982666,55362761094
6431,2000-03-16,17.265339932989665,18.068285363387897,17.265339932989665,17.747106552124023,27681380547
6432,2000-03-15,18.470162280919492,18.470162280919492,18.068286895751953,18.068286895751953,27681380547
6433,2000-03-14,17.66640781481199,18.55005185874301,17.66640781481199,18.47015953063965,55362761094
6434,2000-03-13,18.791338026251875,18.791338026251875,17.66640853881836,17.66640853881836,55362761094
6435,2000-03-10,19.674182884354096,19.674182884354096,18.951934814453125,18.951934814453125,24913242492
6436,2000-03-09,19.27311058629691,19.674180758035817,19.112522741419472,19.433700561523438,27681380547
6437,2000-03-08,19.031824111938477,19.273111725012615,19.031824111938477,19.031824111938477,19376966382
6438,2000-03-07,18.95193388593246,19.433701709727302,18.95193388593246,19.031824111938477,13840690273
6439,2000-03-06,19.674183477917783,19.674183477917783,19.273113250732422,19.273113250732422,16608828328
6440,2000-03-03,19.031823206546136,19.67418098449707,18.630755160539795,19.67418098449707,27681380547
6441,2000-03-02,18.95192718406972,18.95192718406972,18.47015953063965,18.47015953063965,16608828328
6442,2000-03-01,18.951937519163124,18.951937519163124,18.630759618510723,18.79134750366211,16608828328
6443,2000-02-29,19.112522629286325,19.19241285010346,18.30957701856275,18.389467239379883,27681380547
6444,2000-02-28,18.951934814453125,18.951934814453125,18.951934814453125,18.951934814453125,0
6445,2000-02-25,19.51359289177155,19.51359289177155,18.871237182140018,18.951934814453125,24913242492
6446,2000-02-24,19.433703248159915,19.59429111523802,19.273113250732422,19.273113250732422,22145104437
6447,2000-02-23,19.75488111266551,19.75488111266551,19.273113250732422,19.273113250732422,19376966382
6448,2000-02-22,19.273110060964914,19.834768062272005,19.273110060964914,19.594287872314453,27681380547
6449,2000-02-21,19.75488111266551,19.75488111266551,19.273113250732422,19.273113250732422,27681380547
6450,2000-02-18,20.316533784964616,20.477123739534747,20.076053619384766,20.076053619384766,27681380547
6451,2000-02-17,20.07605650905856,20.47712668693711,20.07605650905856,20.155946731567383,55362761094
6452,2000-02-16,20.155946731567383,20.316536709252244,20.155946731567383,20.155946731567383,24913242492
6453,2000-02-15,20.316533784964616,20.316533784964616,20.076053619384766,20.076053619384766,27681380547
6454,2000-02-14,20.637709887717588,20.718407494375537,20.236641930488126,20.316532135009766,55362761094
6455,2000-02-11,20.879003524780273,21.280071598971926,20.7184135364197,20.879003524780273,83044141641
6456,2000-02-10,21.11948258182022,21.36077018712929,20.718412399291992,20.718412399291992,55362761094
6457,2000-02-09,21.440652115495954,21.681939627454483,21.03958421848406,21.119474411010742,83044141641
6458,2000-02-08,21.20017623901367,21.20017623901367,21.20017623901367,21.200176239013672,0
6459,2000-02-07,21.20017623901367,21.20017623901367,21.20017623901367,21.200176239013672,0
6460,2000-02-04,21.20017623901367,21.20017623901367,21.20017623901367,21.200176239013672,0
6461,2000-02-03,21.20017623901367,21.20017623901367,21.20017623901367,21.200176239013672,0
6462,2000-02-02,21.20017623901367,21.20017623901367,21.20017623901367,21.200176239013672,0
6463,2000-02-01,21.280066447493617,21.280066447493617,21.03958841987746,21.200176239013672,55362761094
6464,2000-01-31,21.03959083557129,21.280068890798315,20.798303247726253,21.03959083557129,55362761094
6465,2000-01-28,20.316535913856956,21.60205456592922,20.316535913856956,21.28006935119629,138406902735
6466,2000-01-27,20.87899743590377,20.87899743590377,20.236641930488126,20.316532135009766,27681380547
6467,2000-01-26,20.07605650905856,20.47712668693711,20.07605650905856,20.155946731567383,27681380547
6468,2000-01-25,20.155943830394484,20.316533784964616,20.076053619384766,20.076053619384766,27681380547
6469,2000-01-24,20.637709887717588,20.637709887717588,20.316532135009766,20.316532135009766,24913242492
6470,2000-01-21,20.397229741667715,20.637709887717588,20.316532135009766,20.316532135009766,27681380547
6471,2000-01-20,20.87899743590377,20.87899743590377,20.236641930488126,20.316532135009766,27681380547
6472,2000-01-19,20.87900292565665,21.11948313493641,20.557825088500977,20.557825088500977,55362761094
6473,2000-01-18,20.879005846061528,20.879005846061528,20.477130324818486,20.637718200683594,27681380547
6474,2000-01-17,20.79830551147461,20.958893366527814,20.477127671018966,20.79830551147461,55362761094
6475,2000-01-14,21.119484500233515,21.20018213332624,20.155948796128246,20.236648559570312,55362761094
6476,2000-01-13,21.602056847715577,21.602056847715577,20.7184135364197,20.879003524780273,166088283282
6477,2000-01-12,19.674182367112518,20.879003524780273,19.59429000894348,20.879003524780273,138406902735
6478,2000-01-11,19.754875515470815,19.995355677092878,19.433697741965258,19.513587951660156,55362761094
6479,2000-01-10,19.03182094783719,19.75487626449591,19.03182094783719,19.352998733520508,55362761094
6480,2000-01-07,19.273110332195962,19.273110332195962,18.710644920689553,18.871234893798828,27681380547
6481,2000-01-06,19.5135886915366,19.99535643523601,19.352998733520508,19.352998733520508,55362761094
6482,2000-01-05,19.594288406400874,19.834768602913254,19.35300080758276,19.433700561523438,55362761094
6483,2000-01-04,20.07606168201788,20.7983098710173,19.353006090492325,19.834774017333984,83044141641
