,date,open,high,low,close,volume
0,2026-01-22,101.0,103.0,100.5,101.0,6659253
1,2026-01-21,100.5,102.0,99.5,99.69999694824219,6627386
2,2026-01-20,99.9000015258789,103.0,99.9000015258789,100.5,8261327
3,2026-01-19,99.30000305175781,100.5,98.0999984741211,99.80000305175781,7585572
4,2026-01-16,100.5,100.5,98.9000015258789,99.0,5924825
5,2026-01-15,102.5,102.5,98.69999694824219,100.0,13286285
6,2026-01-14,98.9000015258789,103.0,98.5999984741211,102.0,18113440
7,2026-01-13,101.0,101.5,98.0,98.0,12355126
8,2026-01-12,98.19999694824219,100.5,97.4000015258789,100.0,12945683
9,2026-01-09,97.0,98.4000015258789,94.69999694824219,97.4000015258789,14669139
10,2026-01-08,97.30000305175781,99.4000015258789,96.19999694824219,96.5,14653626
11,2026-01-07,96.4000015258789,97.19999694824219,95.0999984741211,96.30000305175781,7213115
12,2026-01-06,95.0999984741211,95.9000015258789,94.80000305175781,95.80000305175781,4514389
13,2026-01-05,96.80000305175781,97.19999694824219,94.69999694824219,95.0999984741211,5013012
14,2026-01-02,96.69999694824219,97.69999694824219,95.5999984741211,95.80000305175781,4992992
15,2025-12-31,96.0,97.19999694824219,95.5,96.0999984741211,3330128
16,2025-12-30,95.4000015258789,96.5,94.30000305175781,96.0,4714164
17,2025-12-29,96.0999984741211,96.30000305175781,95.19999694824219,95.5,5643565
18,2025-12-26,98.0999984741211,98.5999984741211,96.0,96.19999694824219,8473693
19,2025-12-24,99.0,99.0999984741211,98.0,98.0,5147245
20,2025-12-23,101.5,101.5,98.5999984741211,98.5999984741211,7665944
21,2025-12-22,103.0,103.5,100.5,101.0,3683901
22,2025-12-19,100.5,102.0,100.5,102.0,4428960
23,2025-12-18,100.5,102.0,100.0,100.0,4437485
24,2025-12-17,103.0,104.0,100.0,100.5,5576185
25,2025-12-16,100.5,104.5,100.0,103.0,9781305
26,2025-12-15,98.0,102.0,98.0,101.0,4624318
27,2025-12-12,99.80000305175781,102.5,99.0999984741211,99.30000305175781,6174170
28,2025-12-11,99.0999984741211,100.5,98.5,99.30000305175781,4376106
29,2025-12-10,99.9000015258789,101.0,98.5,98.5999984741211,6594743
30,2025-12-09,101.0,101.5,99.0,99.5,8860996
31,2025-12-08,102.0,102.5,101.0,101.0,2708054
32,2025-12-05,102.5,103.0,101.0,101.5,4854927
33,2025-12-04,102.5,103.5,102.0,102.5,3899427
34,2025-12-03,103.0,104.0,102.0,102.5,3283810
35,2025-12-02,103.0,104.0,101.5,102.0,4723100
36,2025-12-01,106.5,106.5,102.5,102.5,9013423
37,2025-11-28,107.0,107.5,106.5,107.5,3197371
38,2025-11-27,108.0,108.5,106.0,107.0,5386034
39,2025-11-26,107.5,108.0,105.5,108.0,7200496
40,2025-11-25,103.0,107.5,102.5,107.5,15701559
41,2025-11-24,102.0,103.0,100.5,102.5,75758684
42,2025-11-21,101.5,103.5,99.9000015258789,101.0,20195073
43,2025-11-20,104.0,104.5,101.5,103.0,18015777
44,2025-11-19,103.5,104.0,100.5,101.5,15581378
45,2025-11-18,101.0,105.5,100.5,103.0,15931020
46,2025-11-17,105.0,105.5,102.0,102.5,14434678
47,2025-11-14,108.0,109.0,104.5,105.5,12711834
48,2025-11-13,111.0,112.5,109.0,109.5,7171150
49,2025-11-12,110.0,112.0,109.5,110.0,4892245
50,2025-11-11,112.5,113.0,108.0,109.0,7593883
51,2025-11-10,115.0,115.0,111.5,112.0,11017633
52,2025-11-07,106.5,113.5,106.5,113.5,17976812
53,2025-11-06,104.5,107.5,104.0,106.5,7116166
54,2025-11-05,102.5,103.5,101.0,103.5,8801321
55,2025-11-04,109.0,110.0,103.5,104.5,9231102
56,2025-11-03,110.0,111.5,108.5,108.5,5947759
57,2025-10-31,109.5,110.5,109.0,109.5,5694749
58,2025-10-30,112.0,112.5,109.5,109.5,8249841
59,2025-10-29,109.5,114.0,109.0,112.0,14808161
60,2025-10-28,109.0,109.0,108.0,108.0,4294767
61,2025-10-27,109.5,110.5,108.5,109.0,5365552
62,2025-10-23,109.0,109.5,108.0,108.0,4949729
63,2025-10-22,110.0,111.0,109.0,110.0,4207800
64,2025-10-21,110.0,111.5,109.0,109.5,5613635
65,2025-10-20,109.0,110.0,107.0,109.0,4714812
66,2025-10-17,110.0,110.5,108.0,108.0,4681570
67,2025-10-16,110.5,111.5,108.5,109.5,5666001
68,2025-10-15,110.5,111.5,108.5,109.0,4267358
69,2025-10-14,115.0,115.5,108.5,108.5,10491558
70,2025-10-13,109.0,114.0,107.0,113.5,9367471
71,2025-10-09,114.0,114.0,111.5,112.0,4548835
72,2025-10-08,113.0,113.5,111.0,113.5,4829785
73,2025-10-07,114.0,114.5,112.0,113.0,6513976
74,2025-10-03,112.0,114.0,109.5,114.0,6680040
75,2025-10-02,114.0,115.0,112.5,112.5,4229735
76,2025-10-01,116.5,118.0,113.5,113.5,5264372
77,2025-09-30,116.0,116.5,114.0,116.0,5044795
78,2025-09-26,117.5,117.5,112.0,114.0,8539609
79,2025-09-25,117.5,120.5,117.0,118.0,6341977
80,2025-09-24,119.5,119.5,116.5,117.0,6581198
81,2025-09-23,121.5,122.0,119.0,119.5,4479845
82,2025-09-22,123.5,123.5,120.5,120.5,4327062
83,2025-09-19,122.0,123.5,121.0,122.5,6676576
84,2025-09-18,121.5,122.5,120.5,121.0,5055559
85,2025-09-17,123.0,124.0,120.5,120.5,4318339
86,2025-09-16,122.5,123.5,122.5,123.0,3219807
87,2025-09-15,125.0,125.0,122.5,122.5,5318885
88,2025-09-12,125.0,129.5,125.0,125.0,5269613
89,2025-09-11,127.5,128.5,124.0,124.5,6187075
90,2025-09-10,130.0,130.0,127.0,127.0,7584067
91,2025-09-09,129.5,130.5,128.0,129.5,2846329
92,2025-09-08,130.0,131.5,129.0,129.0,2083834
93,2025-09-05,131.5,131.5,129.5,129.5,2165833
94,2025-09-04,129.0,131.5,128.5,129.5,3383134
95,2025-09-03,128.5,129.5,127.5,127.5,3095240
96,2025-09-02,128.5,131.0,127.5,127.5,4145108
97,2025-09-01,134.5,134.5,127.0,127.0,8770370
98,2025-08-29,136.5,137.5,135.0,135.0,2912790
99,2025-08-28,137.0,138.0,136.0,136.5,2952550
100,2025-08-27,136.5,138.5,135.5,137.0,4105001
101,2025-08-26,135.0,136.0,132.5,134.5,5073180
102,2025-08-25,136.0,137.0,134.0,134.5,5457954
103,2025-08-22,134.9640287769784,135.92805755395685,134.0,134.0,4013516
104,2025-08-21,136.41006737712462,136.89208174948197,133.999995515338,134.4820098876953,5912381
105,2025-08-20,140.74820326401246,140.74820326401246,134.96403052713524,135.446044921875,6428666
106,2025-08-19,141.71223276669215,143.64029035535464,139.7841751780297,140.2661895751953,5120609
107,2025-08-18,140.2661895751953,142.6762615610234,139.30216078086406,140.2661895751953,3032240
108,2025-08-15,140.26619410021553,140.74820851293103,138.82015086206897,139.7841796875,3107483
109,2025-08-14,139.3021590444777,140.26618782679242,138.33813026216296,138.8201446533203,3715400
110,2025-08-13,140.26619239302048,141.71223561356706,138.338134765625,138.338134765625,2888367
111,2025-08-12,140.74819766773896,142.19424079446233,139.30215454101562,139.30215454101562,3681540
112,2025-08-11,143.64029035535464,143.64029035535464,138.33813198653283,140.2661895751953,7654101
113,2025-08-08,145.08633422851562,146.0503630273762,143.64029103022477,145.08633422851562,3449192
114,2025-08-07,147.01439182623676,147.97842062509733,142.19424783193392,145.08633422851562,5772859
115,2025-08-06,147.0143935554906,147.49640796059057,145.5683503401907,146.53237915039062,3738712
116,2025-08-05,143.6402883060643,147.49640342837475,143.15827391577548,147.01438903808594,7005561
117,2025-08-04,140.74820122153073,143.15827316025556,140.74820122153073,142.19424438476562,2681377
118,2025-07-31,137.85611587100558,140.26618782679242,135.44604391521878,138.8201446533203,4843969
119,2025-07-30,138.338134765625,139.30216357932272,136.8920915450784,138.338134765625,1666222
120,2025-07-29,139.3021527270337,140.2661814656291,137.85610961914062,137.85610961914062,2102609
121,2025-07-28,138.8201401654412,140.26618329216453,138.33812578986672,139.30215454101562,2092236
122,2025-07-25,139.78417343563504,139.78417343563504,138.33813026216296,138.8201446533203,1715314
123,2025-07-24,138.8201401654412,139.30215454101562,138.33812578986672,139.30215454101562,2618150
124,2025-07-23,136.41007713822952,138.82014917247386,135.4460483245318,138.338134765625,4271012
125,2025-07-22,141.71223678588868,145.08633766174316,134.9640350341797,134.9640350341797,11519945
126,2025-07-21,140.7481949842017,141.7122237169702,140.26618061781744,141.23020935058594,2004620
127,2025-07-18,141.71223276669215,142.6762615610234,140.2661895751953,140.2661895751953,4713705
128,2025-07-17,138.82014638369844,141.23021836952654,138.82014638369844,140.2661895751953,4575968
129,2025-07-16,139.30216357932272,140.74820679986934,138.338134765625,138.338134765625,3573421
130,2025-07-15,135.92805830637616,139.3021590444777,135.92805830637616,138.8201446533203,2514364
131,2025-07-14,137.37410250083408,137.85611689557385,134.96403052713524,135.446044921875,1998888
132,2025-07-11,137.85611411646792,138.33812850149053,136.41007096140007,137.3740997314453,2118246
133,2025-07-10,136.41006469726562,136.8920790601535,134.96402160860202,136.41006469726562,3325801
134,2025-07-09,135.44604664117517,137.37410424460828,134.9640322403169,136.89208984375,1623467
135,2025-07-08,135.92805931661476,136.41007371135456,134.48201613239547,135.446044921875,2438054
136,2025-07-07,137.85611232459968,138.33812670335703,135.44604043081299,135.9280548095703,3335775
137,2025-07-04,141.23021481162624,141.23021481162624,136.8920853464227,137.3740997314453,2976811
138,2025-07-03,138.82014638369844,140.2661895751953,138.82014638369844,140.2661895751953,3831406
139,2025-07-02,138.33813026216296,139.3021590444777,137.85611587100558,138.8201446533203,2481614
140,2025-07-01,138.8201401654412,139.7841689165901,137.8561114142923,139.30215454101562,4006765
141,2025-06-30,138.338134765625,139.30216357932272,136.8920915450784,138.338134765625,3009795
142,2025-06-27,135.92805214194985,138.33812398843833,135.92805214194985,137.85610961914062,3319480
143,2025-06-26,138.82014568505338,139.30216007979317,135.446044921875,135.446044921875,4701656
144,2025-06-25,139.30215727153578,140.266186041581,137.3740997314453,137.3740997314453,4803996
145,2025-06-24,134.96402160860202,138.3381221488171,134.96402160860202,136.41006469726562,4175651
146,2025-06-23,132.07194069602272,134.48201260653408,130.14388316761364,132.553955078125,3592750
147,2025-06-20,136.89208174948197,137.3740961218393,133.51798114298066,134.4820098876953,4031427
148,2025-06-19,138.33812670335703,138.33812670335703,135.44604043081299,135.9280548095703,2702121
149,2025-06-18,138.33812578986672,139.30215454101562,137.37409703871782,139.30215454101562,2824072
150,2025-06-17,140.74820679986934,141.2302212067182,137.37410595192728,138.338134765625,3377332
151,2025-06-16,138.82015086206897,139.7841796875,137.85612203663794,139.7841796875,2107199
152,2025-06-13,140.74820851293103,141.23022292564656,139.3021652747845,139.7841796875,4502535
153,2025-06-12,139.78416625143316,142.19423808335443,139.30215188504891,141.23020935058594,4918994
154,2025-06-11,140.26619410021553,140.74820851293103,138.82015086206897,139.7841796875,5358639
155,2025-06-10,137.37410147984824,139.78417343563504,135.92805830637616,138.8201446533203,9684922
156,2025-06-09,136.41006918832767,136.892083567085,134.96402605205563,135.9280548095703,2135321
157,2025-06-06,136.41006918832767,136.41006918832767,133.99999729454095,135.9280548095703,1768198
158,2025-06-05,135.4460359714899,137.37409342304136,133.99999288282632,136.41006469726562,4434016
159,2025-06-04,133.03597294817615,135.92805931661476,133.03597294817615,135.446044921875,5918385
160,2025-06-03,129.66186878551136,133.03596946022728,128.6978400213068,132.553955078125,6521988
161,2025-06-02,135.44604709353786,135.44604709353786,127.25180225158006,128.69784545898438,15029392
162,2025-05-29,135.44604219135485,137.3740997314453,131.58992711117392,137.3740997314453,19292658
163,2025-05-28,133.999995515338,134.4820098876953,131.107909281194,134.4820098876953,11674123
164,2025-05-27,132.5539595889349,133.51798838594533,129.6618731979036,132.0719451904297,11966528
165,2025-05-26,130.62590368387933,133.5179901123047,128.69784606492908,133.5179901123047,9511937
166,2025-05-23,130.6258985035455,131.10791288916744,128.2158265754358,129.1798553466797,7136882
167,2025-05-22,132.07194344495935,132.55395783709426,129.66187148428492,130.6259002685547,6226732
168,2025-05-21,133.0359712230216,134.0,129.66187050359713,134.0,6064347
169,2025-05-20,134.96403620793268,134.96403620793268,130.14389205764937,131.58993530273438,6750492
170,2025-05-19,134.0,139.3021582733813,132.07194244604315,134.0,11386728
171,2025-05-16,137.3740961218393,137.3740961218393,133.999995515338,134.4820098876953,8437581
172,2025-05-15,142.19423705192,142.19423705192,136.41006469726562,136.41006469726562,9081735
173,2025-05-14,139.7841724460408,142.6762587725106,139.7841724460408,142.19424438476562,5108584
174,2025-05-13,140.2661814656291,141.71222457352218,135.92805214194985,137.85610961914062,6938315
175,2025-05-12,140.2661895751953,142.6762615610234,138.82014638369844,140.2661895751953,3791596
176,2025-05-09,136.41007096140007,137.85611411646792,135.44604219135485,137.3740997314453,1856792
177,2025-05-08,136.892083567085,137.37409794584235,134.96402605205563,135.9280548095703,2421398
178,2025-05-07,136.41007826668877,137.37410708836148,134.00000621250697,134.9640350341797,2271502
179,2025-05-06,133.03597739083426,135.9280638558524,131.5899341583252,134.9640350341797,3382934
180,2025-05-05,142.19424272017045,142.19424272017045,130.62589754971592,132.553955078125,5459469
181,2025-05-02,137.3741076239224,139.7841796875,136.41007879849138,139.7841796875,2654108
182,2025-04-30,136.41006737712462,137.3740961218393,134.4820098876953,134.4820098876953,2292631
183,2025-04-29,133.51798903774207,136.89208984375,132.55396023602552,136.89208984375,3352592
184,2025-04-28,133.03597570756713,134.00000451704227,131.58993249335444,133.5179901123047,2686200
185,2025-04-25,131.58993530273438,133.5179929628477,130.6259064726777,131.58993530273438,4016484
186,2025-04-24,129.6618633987312,130.62589212288535,127.73380595042293,128.2158203125,3928685
187,2025-04-23,127.25179604584315,128.2158248037662,125.32373852999704,127.73381042480469,3877313
188,2025-04-22,122.43165139590992,125.32373764935662,120.50359389361213,122.91366577148438,3625376
189,2025-04-21,130.14388328374818,130.14388328374818,121.46762439816497,124.35971069335938,6308116
190,2025-04-18,132.07194801613136,132.55396242494936,130.14389038085938,130.14389038085938,2258917
191,2025-04-17,131.10791015625,132.0719389073989,129.66186702952666,131.10791015625,3604435
192,2025-04-16,136.41006828756895,136.89208266314338,130.1438814051011,131.10791015625,8346609
193,2025-04-15,129.17985097178212,137.85610961914062,129.17985097178212,137.85610961914062,5754369
194,2025-04-14,128.69784545898438,134.00000388613356,127.25180225158006,128.69784545898438,12422304
195,2025-04-11,118.09352634459968,123.39568467027559,117.61151195135642,122.43165588378906,15875188
196,2025-04-10,130.6259002685547,130.6259002685547,126.76978513147559,130.6259002685547,6344591
197,2025-04-09,119.05755615234375,119.05755615234375,119.05755615234375,119.05755615234375,3191299
198,2025-04-08,132.0719451904297,132.0719451904297,132.0719451904297,132.0719451904297,3339895
199,2025-04-07,146.53237915039062,146.53237915039062,146.53237915039062,146.53237915039062,357870
200,2025-04-02,161.95682840318992,163.4028715139327,160.99279966269472,162.4388427734375,1533063
201,2025-04-01,158.1007222189832,162.92086618907416,158.1007222189832,161.47482299804688,1881573
202,2025-03-31,159.06475490993924,160.51079813639322,155.69065404821325,156.17266845703125,5103392
203,2025-03-28,163.88489219643023,165.81294975168234,162.92086341880415,163.4028778076172,2768871
204,2025-03-27,165.3309326171875,166.77697575961187,163.40287509395498,165.3309326171875,3927600
205,2025-03-26,166.77697305377004,168.22301617273337,165.81294430779448,167.2589874267578,2125446
206,2025-03-25,166.2949676513672,167.25899644934614,164.84892445439877,166.2949676513672,2998387
207,2025-03-24,165.81295151738396,167.2589946992216,164.8489227294922,164.8489227294922,3198009
208,2025-03-21,165.3309326171875,166.77697575961187,164.36690385557125,165.3309326171875,3845809
209,2025-03-20,166.77697575961187,168.70503328284437,164.84891823637938,165.3309326171875,1985603
210,2025-03-19,168.22302348711338,168.22302348711338,163.8848939416004,164.8489227294922,3470106
211,2025-03-18,163.88489294188756,170.15108002495973,162.43884976887088,168.2230224609375,6695571
212,2025-03-17,164.84892552844167,165.33093993057162,161.47482471353203,162.92086791992188,5057963
213,2025-03-14,161.95683636581688,165.33093712343808,158.1007212142498,164.8489227294922,6420694
214,2025-03-13,169.66907249953218,169.66907249953218,160.0287842893315,160.99281311035156,18407928
215,2025-03-12,170.15108519825856,175.45324366052725,168.7050419812762,172.5611572265625,3840159
216,2025-03-11,166.776974836077,170.15107548304965,164.8489173235212,168.7050323486328,5609882
217,2025-03-10,176.89927863534382,176.89927863534382,169.18704850410268,170.1510772705078,7215179
218,2025-03-07,181.71942513887998,182.6834539194576,175.93525245541431,176.41726684570312,3653902
219,2025-03-06,183.16546001131573,185.57553185356988,181.2374025375124,182.20143127441406,2620359
220,2025-03-05,179.30935122841282,184.6115094636616,178.3453224583676,183.16546630859375,5305833
221,2025-03-04,175.93525418744179,178.8273405576463,173.52518221227135,177.86331176757812,4257186
222,2025-03-03,176.41725968928992,184.12948962106216,176.41725968928992,178.82733154296875,7020733
223,2025-02-27,187.98560931231523,187.98560931231523,175.935249741013,178.34532165527344,12427137
224,2025-02-26,186.05754897173713,188.94963522518384,184.12949146943933,188.46762084960938,4720710
225,2025-02-25,188.4676298715155,188.4676298715155,185.57554347962525,187.50360107421875,2826592
226,2025-02-24,191.84172959761187,192.32374399358577,189.43165761774236,190.87770080566406,3337311
227,2025-02-21,192.805761840213,197.1438914816178,190.39568981721035,193.76979064941406,6443356
228,2025-02-20,192.32373495437392,197.14387868756623,190.87769183441623,191.8417205810547,7339267
229,2025-02-19,194.73380682097007,197.62589306088546,190.39567746109697,191.8417205810547,7633309
230,2025-02-18,188.46762172480175,202.44603868137273,188.46762172480175,193.2877655029297,19136826
231,2025-02-17,184.6115058450138,189.9136639763327,184.6115058450138,188.46762084960938,5317063
232,2025-02-14,188.4676245438425,188.4676245438425,181.2374087685033,183.16546630859375,5398934
233,2025-02-13,187.50359029868213,190.87769089531653,186.05754718583884,187.02157592773438,6594534
234,2025-02-12,190.39568569993725,192.32374327664547,185.09352736398964,186.05755615234375,5538713
235,2025-02-11,185.09353077168367,189.43166039914502,184.6115163686324,188.94964599609375,5339215
236,2025-02-10,185.09353014561518,185.57554454703606,180.27338613140645,184.12950134277344,5227672
237,2025-02-07,185.57554175816668,190.39568569993725,184.12949857563552,186.05755615234375,7236811
238,2025-02-06,190.8776982957327,191.3597126853684,182.20143928229032,184.61151123046875,7063970
239,2025-02-05,189.91366577148438,193.76978081252975,187.02157949070033,189.91366577148438,7319699
240,2025-02-04,191.8417260585687,196.17985554230518,187.0215821877504,187.98561096191406,18798842
241,2025-02-03,172.07914188929968,191.84173241440132,170.6330986801459,188.94964599609375,16349941
242,2025-01-22,174.97122192382812,176.8992794656885,174.00719315289794,174.97122192382812,2693918
243,2025-01-21,176.4172696276923,176.4172696276923,174.4892120361328,174.4892120361328,1731632
244,2025-01-20,175.45324083191255,178.34532721925177,174.4892120361328,174.4892120361328,1635886
245,2025-01-17,174.0071913825141,175.45323452419706,172.56114824083116,173.52517700195312,1805416
246,2025-01-16,176.89927309834064,177.8633018345714,174.00718688964844,174.00718688964844,3075259
247,2025-01-15,178.345325438093,179.79136861732079,172.56115272118188,173.0431671142578,4521881
248,2025-01-14,176.89927850671717,179.7913648038297,175.935249741013,178.34532165527344,2910350
249,2025-01-13,176.41726235537828,180.27337737953954,174.0071904652775,176.89927673339844,6314869
250,2025-01-10,178.3453261626122,181.23741253281673,175.4532397924077,177.86331176757812,5216311
251,2025-01-09,187.98561299100837,189.4316561678623,180.7553971067388,181.23741149902344,8783739
252,2025-01-08,179.79136638152292,190.3956828973232,179.79136638152292,187.98561096191406,20292740
253,2025-01-07,182.68345748737295,187.98561588410408,179.30935668945312,179.30935668945312,13027833
254,2025-01-06,177.863310753031,182.20144028359272,176.41726757617707,181.23741149902344,5987939
255,2025-01-03,176.89928123599194,177.86331001656953,174.48920928454788,176.41726684570312,3552459
256,2025-01-02,175.93525245541431,177.86331001656953,174.9712236748367,176.41726684570312,3882209
257,2024-12-31,177.3812911114186,178.82733424547908,176.41726235537828,176.89927673339844,1995548
258,2024-12-30,177.8633162871651,180.27338832357654,176.89928747260052,177.3813018798828,3250383
259,2024-12-27,178.3453261626122,178.3453261626122,175.4532397924077,177.86331176757812,3185669
260,2024-12-26,178.34532165527344,180.2733791866818,176.41726412386507,178.34532165527344,3757272
261,2024-12-25,173.04316781723725,180.27338374274856,173.04316781723725,177.86331176757812,6182897
262,2024-12-24,172.5611464556526,174.48920395795037,171.5971177045037,172.07913208007812,2346091
263,2024-12-23,173.04316083122703,175.45323270909927,171.5971177045037,172.07913208007812,3418655
264,2024-12-20,170.15107457778032,172.5611464556526,169.66906020220588,172.07913208007812,3049285
265,2024-12-19,169.1870547012544,173.0431699081206,168.22302589953784,171.1151123046875,2524813
266,2024-12-18,165.8129512181189,174.48921029348557,165.8129512181189,173.0431671142578,5206507
267,2024-12-17,163.8848850338958,168.22301434361657,162.9208562984023,165.8129425048828,2608458
268,2024-12-16,164.84891462467544,166.7769721056658,162.4388427734375,162.4388427734375,1799024
269,2024-12-13,164.36690658524324,164.84892097405628,162.92086341880415,163.4028778076172,1400800
270,2024-12-12,164.36691284179688,165.33094165611826,163.88489843463617,164.36691284179688,935396
271,2024-12-11,164.8489164464614,165.8129451976103,163.8848876953125,163.8848876953125,1370005
272,2024-12-10,165.81295325237772,167.7410108483356,165.81295325237772,166.2949676513672,1378977
273,2024-12-09,168.7050350828667,170.15107824071984,166.7769775390625,166.7769775390625,1438339
274,2024-12-06,168.2230224609375,169.66906563395418,167.74100806993195,168.2230224609375,1073496
275,2024-12-05,169.18705578508047,169.18705578508047,165.33094055351168,167.7410125732422,1913339
276,2024-12-04,168.7050323486328,169.18704672677177,166.776974836077,168.7050323486328,1581061
277,2024-12-03,166.776974836077,169.6690611049107,166.776974836077,168.7050323486328,1949387
278,2024-12-02,164.36689940164257,167.25898560812308,164.36689940164257,165.8129425048828,1455339
279,2024-11-29,161.474821971871,165.81295151738396,160.02877879003336,164.8489227294922,2473068
280,2024-11-28,164.84891918727328,165.33093357086182,161.9568328857422,161.9568328857422,1663356
281,2024-11-27,166.7769739487592,167.74100269990808,163.8848876953125,163.8848876953125,1544724
282,2024-11-26,167.7410017997456,169.18704491870892,165.81294430779448,167.2589874267578,1266616
283,2024-11-25,168.7050350828667,170.63309262667087,166.7769775390625,166.7769775390625,4277216
284,2024-11-22,167.7410125732422,168.70504138113438,166.2949693614039,167.7410125732422,2752697
285,2024-11-21,162.9208685337812,167.7410125732422,162.9208685337812,167.7410125732422,2174945
286,2024-11-20,165.3309326171875,165.3309326171875,165.3309326171875,165.3309326171875,2312751
287,2024-11-19,162.92086685844092,166.77698205035665,162.43885245945143,166.2949676513672,2336382
288,2024-11-18,161.47482299804688,163.40288058608326,159.5467654100105,161.47482299804688,3060802
289,2024-11-15,165.33093357086182,167.25899110521587,160.99280411856515,161.9568328857422,5850105
290,2024-11-14,165.81295151738396,167.7410090931675,164.3669083355463,164.8489227294922,5170603
291,2024-11-13,171.59711491784384,172.0791292855906,162.43884193065554,165.8129425048828,11945168
292,2024-11-12,174.00719763824296,177.86331282136192,173.52518324035307,174.4892120361328,3646022
293,2024-11-11,179.30935318743596,180.75539635830236,175.4532380651255,176.41726684570312,2996071
294,2024-11-08,182.683455717919,184.12949890302124,177.38129737254403,177.86331176757812,4459553
295,2024-11-07,182.20143127441406,184.61150311666822,179.7913594321599,182.20143127441406,3969166
296,2024-11-06,180.75538816906158,182.68344564286488,178.82733069525824,182.20143127441406,3164595
297,2024-11-05,176.8992775833575,181.71942138671875,175.45323444234913,181.71942138671875,6607493
298,2024-11-04,174.48921375013379,176.4172713606325,174.0071993475091,175.9352569580078,2380274
299,2024-11-01,167.74101046567463,175.45324083191255,167.25899606778478,174.4892120361328,3711514
300,2024-10-30,176.4172660741913,179.30935240327642,171.5971221923828,171.5971221923828,3808548
301,2024-10-29,175.45323181152344,175.935246184632,171.5971168266548,175.45323181152344,3243575
302,2024-10-28,174.97122192382812,175.9352506947583,173.52517876743283,174.97122192382812,2156340
303,2024-10-25,174.0071913825141,174.4892057630751,172.0791338602702,173.52517700195312,1502284
304,2024-10-24,170.63309514887817,173.52518150733374,170.63309514887817,173.0431671142578,2310976
305,2024-10-23,174.48920212223032,174.48920212223032,170.63308715820312,170.63308715820312,2820123
306,2024-10-22,173.04316438196776,174.97122192382812,172.07913561103757,174.97122192382812,1949410
307,2024-10-21,174.9712246865615,176.8992822588652,173.0431671142578,173.0431671142578,4111408
308,2024-10-18,172.5611572265625,174.97122925486644,171.59712841524092,172.5611572265625,3193300
309,2024-10-17,172.56115550726233,174.97122751155368,171.1151123046875,171.1151123046875,2609357
310,2024-10-16,168.22302589953784,172.56115550726233,168.22302589953784,171.1151123046875,2767088
311,2024-10-15,168.7050341209001,171.11510603691298,167.74100535449497,170.1510772705078,2720193
312,2024-10-14,167.7410017997456,168.70503054572114,166.77697305377004,167.2589874267578,1508991
313,2024-10-11,164.36690118883115,168.22301617273337,164.36690118883115,167.2589874267578,2006765
314,2024-10-09,164.84891918727328,166.29496233803886,161.9568328857422,161.9568328857422,2003090
315,2024-10-08,163.8848876953125,164.8489164464614,162.9208589441636,163.8848876953125,2034343
316,2024-10-07,164.84891376938933,166.77697124037633,163.8848850338958,165.8129425048828,3165562
317,2024-10-04,167.74100269990808,169.18704582663145,162.43884456858916,163.8848876953125,3829996
318,2024-10-01,168.22301797049386,169.18704672677177,165.8129460797991,168.7050323486328,2669412
319,2024-09-30,167.7410125732422,169.18705578508047,166.77698376535,167.7410125732422,1941234
320,2024-09-27,168.22301617273337,170.63308803767222,166.77697305377004,167.2589874267578,2457782
321,2024-09-26,171.11510241066,171.59711678364778,166.77697305377004,167.2589874267578,2381475
322,2024-09-25,172.07913026971332,172.07913026971332,170.15107278769975,170.63308715820312,2601226
323,2024-09-24,170.15108350297095,171.1151123046875,169.1870547012544,171.1151123046875,1775709
324,2024-09-23,171.59712042011554,173.52517795292582,169.18704850410268,170.1510772705078,3324396
325,2024-09-20,166.77697219417595,172.56114464021672,166.77697219417595,170.63308715820312,6455332
326,2024-09-19,163.88488947476313,166.29496137880375,162.92086071314685,165.3309326171875,2175508
327,2024-09-18,164.84892552844167,164.84892552844167,161.95683911566198,162.92086791992188,1485681
328,2024-09-16,165.33094165611826,165.81295606327896,163.88489843463617,164.36691284179688,1131059
329,2024-09-13,164.3669083355463,165.81295151738396,163.8848939416004,164.8489227294922,1031313
330,2024-09-12,163.8848939416004,166.7769803052757,162.92086515370866,164.8489227294922,2090747
331,2024-09-11,162.43885003515038,163.40287881874178,160.02877807617188,160.02877807617188,2122777
332,2024-09-10,164.84891918727328,166.29496233803886,161.47481850215365,161.9568328857422,2571218
333,2024-09-09,160.02877269071692,165.8129451976103,160.02877269071692,163.8848876953125,4553610
334,2024-09-06,166.2949676513672,166.77698205035665,161.95683806046196,166.2949676513672,3884579
335,2024-09-05,168.22301707548255,169.66906020220588,163.8848876953125,163.8848876953125,2938395
336,2024-09-04,166.2949676513672,171.59712604025137,163.88489565641984,166.2949676513672,6418062
337,2024-09-03,176.89928402558218,177.86331282136192,174.4892120361328,174.4892120361328,2559008
338,2024-09-02,178.34531986745893,178.82733424547908,175.93524797735813,176.89927673339844,3461595
339,2024-08-30,178.82733424547908,179.30934862349923,175.45323359933795,176.89927673339844,4911690
340,2024-08-29,175.93525418744179,178.8273405576463,174.00719660730542,177.86331176757812,6083492
341,2024-08-28,176.89927673339844,179.30934862349923,174.48920484329764,176.89927673339844,10502824
342,2024-08-27,177.38129204644096,177.86330642700196,172.0791338602702,173.52517700195312,10295376
343,2024-08-26,175.93525865803593,179.79137391629425,172.07914339977762,177.3813018798828,21630625
344,2024-08-23,162.56500122070312,163.96642364501955,160.2292971801758,163.49928283691406,3897737
345,2024-08-22,164.4335656878592,164.90070649947242,160.6964391949533,162.56500244140625,3225008
346,2024-08-21,163.96642364501955,165.83498687744142,162.56500122070312,163.49928283691406,3238731
347,2024-08-20,163.96642487624595,164.4335656878592,162.09786162979302,162.56500244140625,2605820
348,2024-08-19,162.56500943683963,164.43357276369986,161.63072777340952,163.0321502685547,3011445
349,2024-08-16,160.69643342391305,163.03213739809783,160.2292926290761,161.16357421875,2844372
350,2024-08-15,162.5649930513822,162.5649930513822,157.89358520507812,157.89358520507812,2352305
351,2024-08-14,158.3607387877347,160.69644289964822,156.95931632058662,159.7621612548828,2624136
352,2024-08-13,158.82787756017737,158.82787756017737,154.15646939664273,155.55789184570312,3420237
353,2024-08-12,158.82787383763136,160.69643705925057,157.42645142141697,158.36073303222656,2626396
354,2024-08-09,154.15646939664273,157.89359592747044,153.2221877639358,155.55789184570312,2861875
355,2024-08-08,150.41934204101562,153.22218692376745,149.48506041343168,150.41934204101562,2518932
356,2024-08-07,147.14935279474025,154.15646483258504,147.14935279474025,153.22218322753906,2967871
357,2024-08-06,153.22217613268808,154.62359847536513,142.94507895305657,146.6822052001953,4121511
358,2024-08-05,157.42645424789524,157.8935950616872,147.1493563444718,150.41934204101562,5678932
359,2024-08-02,159.76215065728002,163.49927698844448,159.29500986588448,162.0978546142578,3143611
360,2024-08-01,160.22930527826435,164.43357276369986,159.7621644465493,163.0321502685547,3522259
361,2024-07-31,159.76215544844095,161.16357786465537,157.89359222682177,158.36073303222656,2471691
362,2024-07-30,158.82787142828673,160.69643462156068,156.49216743669427,160.2292938232422,2957392
363,2024-07-29,164.43357077205883,165.8349932502298,158.827880859375,158.827880859375,3643815
364,2024-07-26,163.03214325301948,163.03214325301948,158.36073513688712,162.56500244140625,4990738
365,2024-07-23,166.30213227607834,167.2364139180788,163.96642817107724,165.83499145507812,3966383
366,2024-07-22,168.63782325157752,169.10496403620792,160.22928912823016,163.96641540527344,6425241
367,2024-07-19,170.97353669480933,171.44067750545088,168.17069183096,168.63783264160156,4788646
368,2024-07-18,170.03925142626022,172.84209622998978,168.63782902439544,171.440673828125,4965626
369,2024-07-17,170.0392526286922,173.30923825616705,168.63783021691728,170.5063934326172,5363707
370,2024-07-16,169.57210599783375,170.97352836145222,169.10496520996094,169.10496520996094,1944285
371,2024-07-15,170.50639465163889,171.9078170734332,168.63783142257984,169.57211303710938,3768044
372,2024-07-12,169.57211426288467,170.50639588416777,167.70355102031843,168.63783264160156,2746422
373,2024-07-11,168.17069183096,170.97353669480933,167.23641020967688,168.63783264160156,2013396
374,2024-07-10,167.2364032321506,168.63782560560438,166.76926244099934,168.17068481445312,2737587
375,2024-07-09,171.90781831609243,172.37495912673398,168.17069183096,168.63783264160156,2778421
376,2024-07-08,170.50638406173042,172.84208795298701,169.10496172697648,171.90780639648438,3809287
377,2024-07-05,171.4406833439083,171.90782417045844,169.57212003770766,170.0392608642578,4021639
378,2024-07-04,170.50639222688181,172.37495542936819,169.57211062563863,171.440673828125,3993408
379,2024-07-03,170.50639588416777,170.97353669480933,167.70355102031843,168.63783264160156,5186294
380,2024-07-02,168.17067775885707,169.10495930196183,166.76925544419993,167.7035369873047,3622924
381,2024-07-01,169.10497345224312,170.50639588416777,167.70355102031843,168.63783264160156,4133554
382,2024-06-28,164.43356083216293,167.70354641689343,164.43356083216293,166.3021240234375,4548823
383,2024-06-27,163.49927462064304,164.90069697453424,160.69642991286057,163.96641540527344,6078468
384,2024-06-26,165.8349773633919,166.30211814469723,163.49927345686527,164.90069580078125,3793322
385,2024-06-25,169.10496283252922,169.10496283252922,163.49927345686527,164.90069580078125,7990902
386,2024-06-24,169.1049722298446,170.03925384437412,168.17069061531507,169.57211303710938,7890741
387,2024-06-21,168.17068481445312,168.17068481445312,165.36784006754556,168.17068481445312,6381503
388,2024-06-20,166.30212858839377,169.10497345224312,166.30212858839377,168.63783264160156,3714865
389,2024-06-19,166.30213227607834,168.63783638107944,165.3678506340779,165.83499145507812,3618980
390,2024-06-18,168.17068721471207,169.10496881034936,165.3678424278002,166.3021240234375,4891180
391,2024-06-17,167.7035369873047,168.63781853040945,166.76925544419993,167.7035369873047,4047621
392,2024-06-14,170.97352238817135,170.97352238817135,166.76925544419993,167.7035369873047,5535272
393,2024-06-13,167.23641467485274,171.90782290599387,167.23641467485274,170.97354125976562,4340542
394,2024-06-12,167.70354641689343,169.10496881034936,165.3678424278002,166.3021240234375,5506558
395,2024-06-11,171.90780393127613,172.37494470282851,167.2363962157523,167.7035369873047,5453455
396,2024-06-07,173.77637541326231,175.17779779562733,172.37495303089727,173.30923461914062,3311445
397,2024-06-06,176.57923443259887,176.57923443259887,171.90782611427613,174.2435302734375,5031213
398,2024-06-05,179.84921301564862,179.84921301564862,173.77638244628906,173.77638244628906,8497210
399,2024-06-04,183.11919833096593,185.45490239130987,178.44779021027801,179.84921264648438,9780244
400,2024-06-03,187.3234677774652,192.92915758626717,182.65205960346358,184.05348205566406,13880304
401,2024-05-31,181.2506208693701,184.05346552198924,178.9149169921875,178.9149169921875,13094672
402,2024-05-30,182.65205627756833,189.65916841097888,180.31635223309814,180.7834930419922,14230587
403,2024-05-29,187.3234594031225,188.72488179267208,182.18491064144087,184.52061462402344,12001691
404,2024-05-28,188.72488647460938,196.1991394042969,186.8563232421875,186.8563232421875,27849910
405,2024-05-27,175.64494384765626,190.1263088989258,175.64494384765626,186.8563232421875,23240937
406,2024-05-24,171.90781798337233,176.57922608074657,169.10497312494778,174.71066284179688,11035773
407,2024-05-23,170.03926278694706,176.57923443259887,167.7035586277857,174.2435302734375,22069705
408,2024-05-22,157.89358520507812,163.96641540527344,157.42644442044772,163.96641540527344,7980908
409,2024-05-21,157.893579283757,158.3607200508687,155.09073468108676,156.49215698242188,2059040
410,2024-05-20,160.696438299796,160.696438299796,156.4921710186967,157.42645263671875,2410403
411,2024-05-17,160.2292950314161,161.16357663509783,157.89359102221178,159.29501342773438,3244953
412,2024-05-16,159.76215422957523,160.69643583325697,158.36073182405264,159.29501342773438,3464643
413,2024-05-15,157.89358520507812,158.82786677433893,156.0250220665565,157.89358520507812,2498602
414,2024-05-14,158.82787506375186,164.43356477188428,157.42645263671875,157.42645263671875,7737688
415,2024-05-13,157.4264420158595,157.4264420158595,152.28789346341304,153.68931579589844,2751152
416,2024-05-10,153.22218202533145,154.15646362304688,151.35361882990057,154.15646362304688,2080478
417,2024-05-09,153.22218444449769,153.22218444449769,150.41933960709835,152.28790283203125,1999385
418,2024-05-08,152.75504363826448,153.68932525073092,150.41933960709835,152.28790283203125,5956700
419,2024-05-07,152.28790283203125,153.22218444449769,148.55077638216545,152.28790283203125,4039081
420,2024-05-06,150.4193408165449,152.287904056502,149.95220000655564,151.35362243652344,2461012
421,2024-05-03,149.95220371462264,151.82076700078616,148.55078125,148.55078125,1539196
422,2024-05-02,148.55078125,150.41934453616352,147.61649960691824,148.55078125,2262250
423,2024-04-30,149.48506992065046,150.88649245115656,148.55078823364641,149.01792907714844,2454487
424,2024-04-29,146.21506099700926,151.82075023651123,146.21506099700926,149.48504638671875,3286734
425,2024-04-26,145.2807840200571,147.61648794320914,145.2807840200571,145.7479248046875,2635392
426,2024-04-25,147.6165046938004,147.6165046938004,144.81365966796875,144.81365966796875,1926723
427,2024-04-24,146.2150783780255,149.0179233309589,146.2150783780255,147.6165008544922,2738288
428,2024-04-23,144.81365265583915,146.21507510089566,143.41223021078264,144.3465118408203,4207563
429,2024-04-22,143.87936401367188,145.7479271826806,142.01080084466315,143.87936401367188,4042850
430,2024-04-19,146.68220876718496,147.61649035168932,142.01080084466315,143.87936401367188,7145570
431,2024-04-18,149.95220122722364,151.82076448239155,148.5507787858477,150.41934204101562,3958822
432,2024-04-17,151.35361539763932,152.28789697416795,150.41933382111068,150.886474609375,2772809
433,2024-04-16,155.5578824920182,156.0250232802825,149.95219303284637,150.886474609375,3809521
434,2024-04-15,159.2950015850921,161.16356465353894,156.49215698242188,156.49215698242188,2689237
435,2024-04-12,160.2292950314161,161.16357663509783,159.29501342773438,159.29501342773438,3498476
436,2024-04-11,160.22929960041378,161.63072204589844,159.29501797009067,161.63072204589844,1921886
437,2024-04-10,162.56499660326088,163.49927819293478,160.69643342391305,161.16357421875,2736496
438,2024-04-09,160.69643342391305,162.09785580842393,160.2292926290761,161.16357421875,2327680
439,2024-04-08,159.29501222660522,162.09785701651614,159.29501222660522,160.2292938232422,3605001
440,2024-04-03,158.82787383763136,159.76215544844095,157.89359222682177,158.36073303222656,2543973
441,2024-04-02,158.36074003331802,159.295021685432,157.89359920726105,158.827880859375,2426531
442,2024-04-01,158.82787383763136,159.29501464303615,156.95931061601217,158.36073303222656,1785262
443,2024-03-29,156.02502900520258,159.29501464303615,155.5578881997978,158.36073303222656,2771000
444,2024-03-28,156.9593213475393,157.89360302222704,156.02503967285156,156.02503967285156,3126989
445,2024-03-27,157.42644559769403,158.36072717394148,156.02502323332288,156.9593048095703,2914030
446,2024-03-26,159.2950158727629,161.16357910880703,156.4921710186967,157.42645263671875,3304033
447,2024-03-25,159.76216251148898,160.69644416360296,158.827880859375,158.827880859375,2867895
448,2024-03-22,158.3607387877347,161.1635837220309,158.3607387877347,159.7621612548828,4099394
449,2024-03-21,158.82787262589352,159.29501342773438,155.55788701300747,159.29501342773438,5303722
450,2024-03-20,158.82787506375186,159.76215668177394,156.95931182770772,157.42645263671875,4131136
451,2024-03-19,161.16358498965994,162.0978666417739,158.827880859375,158.827880859375,4596495
452,2024-03-18,160.69643462156068,163.03213861315314,158.82787142828673,160.2292938232422,4825637
453,2024-03-15,164.90070430789373,165.36784511329853,156.95931061601217,158.36073303222656,13226668
454,2024-03-14,176.57922732445502,176.57922732445502,170.9735375681231,173.77638244628906,3751174
455,2024-03-13,176.5792236328125,177.98064604259673,175.64494202628967,176.5792236328125,4130441
456,2024-03-12,175.17779423640323,176.57921659029446,174.24351266714243,176.11207580566406,2652345
457,2024-03-11,176.11208527100914,177.98064850995885,174.71066284179688,174.71066284179688,1548763
458,2024-03-08,177.04636565675125,178.44778807619784,174.2435208178581,175.6449432373047,3983998
459,2024-03-07,180.78349803431368,181.71777967790186,176.11208981637276,177.04637145996094,3934861
460,2024-03-06,181.25062679626782,183.11918995911594,179.3820636334197,180.31634521484375,3984992
461,2024-03-05,180.78348365196814,183.11918757512018,179.3820612980769,182.18490600585938,3208465
462,2024-03-04,179.8492056131363,185.45489513874054,178.44778323173523,179.38206481933594,7578254
463,2024-03-01,179.38208135634818,180.78350386694464,178.4477996826172,178.4477996826172,3599245
464,2024-02-29,175.64495466142424,178.4477996826172,174.71067298769327,178.4477996826172,3326031
465,2024-02-27,178.44778092447916,180.78348486328125,175.17779541015625,175.17779541015625,4106231
466,2024-02-26,178.4477939253432,178.4477939253432,174.71066735099046,177.04637145996094,4273619
467,2024-02-23,178.44777621675098,181.2506208693701,177.98063544131446,178.9149169921875,4385467
468,2024-02-22,180.31635721251956,182.18492049969595,177.04637145996094,177.04637145996094,5212464
469,2024-02-21,177.5135040283203,178.91492642854388,176.57922242817125,177.5135040283203,3661692
470,2024-02-20,178.44778323173523,179.38206481933594,176.11207926273346,179.38206481933594,2868818
471,2024-02-19,179.84922219321365,179.84922219321365,176.11209549828973,178.4477996826172,3612930
472,2024-02-16,180.31636303007915,180.78350386694464,177.5135180088862,178.4477996826172,5175646
473,2024-02-15,181.71776758697985,183.11918995911594,175.64493730772347,180.31634521484375,9587101
474,2024-02-05,177.5135180088862,178.91494051948268,176.57923633515523,178.4477996826172,6337929
475,2024-02-02,172.37496324202002,179.38207556893138,171.90782242022593,177.04637145996094,8913399
476,2024-02-01,170.50638406173042,171.90780639648438,169.10496172697648,171.90780639648438,1867352
477,2024-01-31,171.90782417045844,171.90782417045844,169.10497921115748,170.0392608642578,3573926
478,2024-01-30,171.90780639648438,172.84208795298701,170.97352483998174,171.90780639648438,3652692
479,2024-01-29,169.10496982501704,172.84209622998978,168.63782902439544,171.440673828125,2260266
480,2024-01-26,172.37494470282851,172.37494470282851,167.2363962157523,167.7035369873047,3855408
481,2024-01-25,171.90782041807432,172.84210205078125,169.10497551995354,172.84210205078125,4663524
482,2024-01-24,170.97354125976562,171.90782290599387,169.10497796730917,170.97354125976562,3577498
483,2024-01-23,171.90782290599387,171.90782290599387,168.17069632108095,170.97354125976562,8075987
484,2024-01-22,173.77638244628906,176.11208651142735,171.44067838115078,173.77638244628906,8951730
485,2024-01-19,168.17068704744665,172.84209502098685,167.70354625009264,172.3749542236328,8134877
486,2024-01-18,168.17070135191167,172.37496888570945,166.3021380035571,167.23641967773438,8860787
487,2024-01-17,167.23641967773438,169.5721238631776,166.3021380035571,167.23641967773438,8534825
488,2024-01-16,168.17067775885707,170.0392408450666,167.2363962157523,167.7035369873047,4036325
489,2024-01-15,174.24351387656196,174.71065466443477,168.6378244220881,169.10496520996094,3703177
490,2024-01-12,172.3749542236328,173.30923581834085,170.97353183157077,172.3749542236328,2738784
491,2024-01-11,173.30923581834085,174.2435174130489,170.97353183157077,172.3749542236328,5233161
492,2024-01-10,163.49928455968058,175.17780488537204,163.49928455968058,173.77638244628906,10240900
493,2024-01-09,178.4477939253432,180.78349803431368,175.64494899457864,177.04637145996094,6003648
494,2024-01-08,174.71065462239585,179.84920328776042,173.3092322591146,175.17779541015625,4813499
495,2024-01-05,175.64494569839968,177.51350895051033,173.77638244628906,173.77638244628906,4571438
496,2024-01-04,177.51349934895833,177.51349934895833,174.24351383463542,175.17779541015625,7698173
497,2024-01-03,182.1849263775411,183.1192080512721,177.5135180088862,178.4477996826172,8501155
498,2024-01-02,191.06059303669014,191.9948746652314,183.58634000835997,184.98776245117188,9604549
499,2023-12-29,190.12630402808097,194.7977119894589,188.7248816396676,190.59344482421875,8020994
500,2023-12-28,186.85632899736353,189.659173932324,185.45490652988332,188.25775146484375,8736459
501,2023-12-27,185.4549008178711,190.1263088989258,184.98776000976562,186.8563232421875,13604565
502,2023-12-26,181.25063142508193,188.25774346471138,178.9149274118721,182.6520538330078,23136843
503,2023-12-25,172.84209256345127,183.11918995911594,172.84209256345127,180.31634521484375,16054644
504,2023-12-22,170.97352483998174,175.1777918442436,170.97352483998174,171.90780639648438,7817351
505,2023-12-21,170.03925384437412,171.9078170734332,168.63783142257984,169.57211303710938,9108932
506,2023-12-20,170.03925023686273,177.51350299452702,168.63782784480068,172.3749542236328,13805634
507,2023-12-19,169.1049722298446,170.50639465163889,166.7692681935208,169.57211303710938,5333088
508,2023-12-18,167.70355102031843,170.97353669480933,166.30212858839377,168.63783264160156,5185825
509,2023-12-15,170.97354637444352,170.97354637444352,167.23641967773438,167.23641967773438,5451250
510,2023-12-14,168.63783142257984,170.97353545890365,167.23640900078556,169.57211303710938,5324040
511,2023-12-13,167.2364056190748,169.10496881034936,166.3021240234375,166.3021240234375,5152980
512,2023-12-12,165.83498442913853,167.23640683276506,163.96642122430316,165.3678436279297,5403356
513,2023-12-11,167.23640683276506,169.10497003760042,164.90070282672085,165.3678436279297,4562138
514,2023-12-08,170.03926470026624,171.44068721153218,166.76927884064574,167.23641967773438,5637819
515,2023-12-07,166.3021216498481,168.63782560560438,164.9006992763943,168.17068481445312,4848018
516,2023-12-06,166.30211814469723,167.7035404886132,164.90069580078125,164.90069580078125,5349045
517,2023-12-05,168.17068721471207,169.572109608168,164.90070162998157,166.3021240234375,5980412
518,2023-12-04,174.24351863185456,175.17780023309777,170.9735330275034,171.440673828125,4047003
519,2023-12-01,171.44067960172086,172.84210205078125,169.10497551995354,172.84210205078125,6640830
520,2023-11-30,170.9735330275034,174.71065943247618,168.17068822377385,171.440673828125,12428272
521,2023-11-29,158.8278678767589,170.97352836145222,157.89358630101324,169.10496520996094,15134098
522,2023-11-28,157.89358638581777,158.36072717394148,155.55788244519914,156.9593048095703,3458339
523,2023-11-27,157.893579283757,159.2950015850921,156.02501621531016,156.49215698242188,2136431
524,2023-11-24,158.82786677433893,160.22928912823016,157.89358520507812,157.89358520507812,2197826
525,2023-11-23,158.36072598970853,159.29500755896936,156.9593036358173,157.89358520507812,2188523
526,2023-11-22,157.89359222682177,159.29501464303615,156.95931061601217,158.36073303222656,2624955
527,2023-11-21,155.09075425091913,159.76216251148898,155.09075425091913,158.827880859375,4860201
528,2023-11-20,156.02502681847776,156.02502681847776,153.22218202533145,154.15646362304688,2405548
529,2023-11-17,154.62360322331807,156.02502560902792,154.15646242808145,155.0907440185547,1705187
530,2023-11-16,156.49216046086923,156.49216046086923,153.2221750184033,153.68931579589844,3624902
531,2023-11-15,157.42644559769403,158.8278679620652,156.9593048095703,156.9593048095703,4926567
532,2023-11-14,155.55789184570312,156.49217347841005,152.75504694758234,155.55789184570312,4335055
533,2023-11-13,162.09785594710385,162.09785594710385,154.62360322331807,155.0907440185547,6756793
534,2023-11-10,161.16358694169446,163.9664319319848,160.6964461099794,163.0321502685547,3411828
535,2023-11-09,161.63070794038995,162.56498948917834,159.7621448428132,160.69642639160156,1581842
536,2023-11-08,160.69644041557532,162.56500367622155,159.7621587852522,161.63072204589844,2150924
537,2023-11-07,160.22930207726552,160.69644289964822,158.8278796101174,159.7621612548828,2405947
538,2023-11-06,160.2292926290761,161.63071501358695,158.82787024456522,161.16357421875,3954986
539,2023-11-03,159.295021685432,160.22930333754596,157.89359920726105,158.827880859375,2292575
540,2023-11-02,156.95930941853007,159.76215422957523,156.95930941853007,159.29501342773438,3486506
541,2023-11-01,155.0907440185547,156.02502560902792,152.28789924713502,155.0907440185547,1986179
542,2023-10-31,156.95930841619318,157.8935900139086,153.22218202533145,154.15646362304688,3894362
543,2023-10-30,156.4921640214466,157.89358638581777,154.156460080828,156.9593048095703,3009193
544,2023-10-27,154.62359391397504,157.4264385166453,154.62359391397504,156.49215698242188,3560301
545,2023-10-26,150.4193440693743,155.55789309037775,148.5507807890094,154.6236114501953,3872090
546,2023-10-25,151.35361190842278,155.55787890587897,151.35361190842278,153.68931579589844,2937942
547,2023-10-24,147.1493563444718,151.82076448239155,147.1493563444718,150.41934204101562,2604488
548,2023-10-23,143.87936740451389,149.48505704365078,143.87936740451389,147.14935302734375,1731478
549,2023-10-20,147.14935424609686,148.0836358603578,143.8793685961836,146.21507263183594,4285346
550,2023-10-19,148.55078125,149.48506289308176,146.2150771422956,148.55078125,3412765
551,2023-10-18,151.35361658969774,152.28789817358475,148.55077183803667,149.9521942138672,7065412
552,2023-10-17,154.62360810644833,155.0907489164376,151.35362243652344,151.35362243652344,2242839
553,2023-10-16,154.62360563510802,155.090746437631,153.22218322753906,153.22218322753906,2119000
554,2023-10-13,157.89359592747044,159.29501837653083,153.2221877639358,155.55789184570312,6713387
555,2023-10-12,158.82787024456522,161.16357421875,157.89358865489132,161.16357421875,3432126
556,2023-10-11,161.63071991781808,162.56500153584014,157.42645263671875,157.42645263671875,4366339
557,2023-10-06,156.4921640214466,157.89358638581777,154.6236008689517,156.9593048095703,2238721
558,2023-10-05,154.15646939664273,156.49217347841005,153.68932858028927,155.55789184570312,1607247
559,2023-10-04,154.15645657339357,155.09073812838383,152.75503424090817,153.68931579589844,3479987
560,2023-10-03,156.02503967285156,157.89360302222704,154.15647632347608,156.02503967285156,2839485
561,2023-10-02,154.15645314686336,157.893579283757,153.22217161263993,156.49215698242188,3960177
562,2023-09-28,156.02502804267698,156.49216884519996,152.2879016224931,153.22218322753906,5749449
563,2023-09-27,156.02503967285156,156.9593213475393,154.62361716081998,156.02503967285156,4228058
564,2023-09-26,159.2950158727629,161.63071991781808,156.4921710186967,157.42645263671875,4680339
565,2023-09-25,161.16357663509783,161.16357663509783,158.36073182405264,159.29501342773438,2368310
566,2023-09-22,160.22930207726552,160.69644289964822,156.95931632058662,159.7621612548828,4433654
567,2023-09-21,165.3678413722826,166.3021229619565,159.76215183423912,161.16357421875,10912626
568,2023-09-20,156.4921628511869,165.83497854379507,155.5578812819261,163.96641540527344,11635515
569,2023-09-19,157.89358878997436,158.82787038044756,155.0907440185547,155.0907440185547,6128044
570,2023-09-18,158.82787506375186,159.76215668177394,157.42645263671875,157.42645263671875,4239118
571,2023-09-15,156.95930823501277,160.69643462156068,155.0907450417388,160.2292938232422,6125887
572,2023-09-14,153.68931929270425,157.42644559769403,153.68931929270425,156.9593048095703,3923974
573,2023-09-13,153.68931579589844,154.15645657339357,151.35361190842278,153.68931579589844,3060262
574,2023-09-12,153.2221750184033,155.09073812838383,151.8207526859179,153.68931579589844,3280930
575,2023-09-11,155.0907489164376,157.42645296638395,151.35362243652344,151.35362243652344,5398245
576,2023-09-08,153.22217618143156,155.09073930559538,151.82075383830872,152.75503540039062,2618052
577,2023-09-07,153.2221750184033,155.55787890587897,152.28789346341304,153.68931579589844,2904185
578,2023-09-06,154.15646362304688,156.02502681847776,153.22218202533145,154.15646362304688,2803318
579,2023-09-05,149.95219643332743,156.49216761733547,149.95219643332743,154.15646362304688,4382957
580,2023-09-04,149.48505224458205,151.35361539763932,148.08362987978907,150.886474609375,2857205
581,2023-09-01,149.9522107641525,150.88649245115656,148.08364739014436,149.01792907714844,4071008
582,2023-08-31,150.41935160765453,150.88649245115656,148.08364739014436,149.01792907714844,6381194
583,2023-08-30,152.2879052961835,154.62360936514338,149.48506041343168,150.41934204101562,4239059
584,2023-08-29,151.35360946655274,151.82075023651123,147.61648330688476,149.48504638671875,4181055
585,2023-08-28,156.0250232802825,156.0250232802825,149.95219303284637,150.886474609375,4325212
586,2023-08-25,155.4105241514156,156.30885088061453,153.16470732841827,154.0630340576172,4941611
587,2023-08-24,157.20717589979228,157.20717589979228,154.06303238179643,155.4105224609375,3149706
588,2023-08-23,154.0630340576172,154.51219742221667,151.3680538700204,154.0630340576172,3289013
589,2023-08-22,155.41052587172564,157.2071793500115,151.81721891515394,152.71554565429688,4581799
590,2023-08-21,154.51219342810668,155.41052013408404,150.9188866041972,153.16470336914062,5541326
591,2023-08-18,159.45299269836073,159.9021560580744,154.5121957415101,155.4105224609375,5234788
592,2023-08-17,158.10551662071077,160.80049701765472,152.26639242733228,160.35133361816406,6729262
593,2023-08-16,156.75802642223883,160.35133361816406,156.30886302274817,160.35133361816406,5355365
594,2023-08-15,160.800473653561,161.69880032201664,157.65633031396624,158.55465698242188,5308047
595,2023-08-14,158.55467052674027,161.24965076232223,157.20718040894926,159.90216064453125,4858607
596,2023-08-11,166.19045193634886,166.19045193634886,160.35132794939605,160.8004913330078,5730783
597,2023-08-10,172.02957100423177,172.92789774576823,164.39379370117186,168.43626403808594,4500978
598,2023-08-09,172.47873152313625,179.66534533660027,172.47873152313625,174.72454833984375,6978690
599,2023-08-08,170.68207581837973,175.1737093925476,169.78374910354614,172.47872924804688,6671967
600,2023-08-07,166.1904455114294,170.68207917390046,165.74128214518228,169.78375244140625,3843478
601,2023-08-04,167.9871041316004,168.43626751163143,163.04630695125923,165.7412872314453,5263726
602,2023-08-02,173.37706288983745,175.17371639128655,164.84295875795425,167.08877563476562,6080650
603,2023-08-01,175.1737267201341,178.7670339349061,169.78376589797614,171.13125610351562,5360362
604,2023-07-31,183.25865224333225,183.70781560667376,172.92789488647776,174.72454833984375,5164108
605,2023-07-28,176.97036796304124,181.46200166768696,171.58040751746637,180.5636749267578,6523422
606,2023-07-27,185.05530392393774,185.5044672829764,175.17371002508668,176.07203674316406,6435420
607,2023-07-26,194.0385622216677,194.4877255601438,179.66533539043306,182.80947875976562,14789324
608,2023-07-25,176.97036208021697,189.54693603515625,176.52119872468344,189.54693603515625,9575136
609,2023-07-24,173.37705596288046,174.27538267771405,169.33458574612936,172.47872924804688,6480338
610,2023-07-21,166.1904329543948,173.37704627134158,165.29210628977643,172.02955627441406,7605649
611,2023-07-20,167.5379390101279,168.88542913621473,165.29212213331652,167.08877563476562,3804651
612,2023-07-19,176.07204726928057,176.07204726928057,166.63961616556912,167.9871063232422,6838101
613,2023-07-18,174.27538667194585,178.31785698134667,169.78375299483383,173.37705993652344,10392384
614,2023-07-17,165.29211490712268,174.7245453773661,165.29211490712268,168.8854217529297,5570230
615,2023-07-14,169.33458849932694,170.68207859348607,160.80048456965264,166.19044494628906,5397500
616,2023-07-13,166.19044161857443,174.2753820216402,166.19044161857443,168.8854217529297,11316703
617,2023-07-12,162.14797801761836,164.8429582616785,161.2496512695983,163.49546813964844,3577589
618,2023-07-11,158.55465383715617,161.69879711438023,158.10549051183844,161.2496337890625,2225871
619,2023-07-10,153.6138712565104,159.00383165147568,152.7155445240162,157.65634155273438,3074839
620,2023-07-07,156.75801254007857,158.10550261921966,153.61386902208272,155.4105224609375,3687805
621,2023-07-06,159.90215266834608,160.80047936873004,156.75800921700218,158.10549926757812,3249130
622,2023-07-05,161.69880032201664,162.14796365624446,157.65633031396624,158.55465698242188,1972804
623,2023-07-04,160.8004913330078,162.59714486745483,159.0038377985608,160.8004913330078,3203559
624,2023-07-03,160.8004800584581,162.59713346693252,159.90215335422093,161.6988067626953,4300160
625,2023-06-30,155.4105136428271,159.4529836508775,154.9613503085993,158.55465698242188,3927225
626,2023-06-29,157.2071798916521,158.1055066338901,154.96136303605707,156.30885314941406,3365766
627,2023-06-28,157.2071816264719,158.1055083786232,154.0630379939425,154.96136474609375,3256364
628,2023-06-27,157.2071798916521,158.5546700050091,154.96136303605707,156.30885314941406,3248723
629,2023-06-26,156.75801482024016,159.00383165147568,154.96136135525174,157.65634155273438,2808514
630,2023-06-21,157.20717256719416,159.0038259679621,156.75800921700218,158.10549926757812,3495301
631,2023-06-20,156.7580165205331,157.6563432627711,154.51219966493804,156.30885314941406,4321478
632,2023-06-19,158.5546700050091,159.0038333761281,154.96136303605707,156.30885314941406,6558312
633,2023-06-16,159.00383389933725,161.69881413491925,156.30885366375526,159.90216064453125,7679258
634,2023-06-15,161.24965076232223,163.04630425271023,158.55467052674027,159.90216064453125,6261859
635,2023-06-14,163.0463082510666,163.0463082510666,159.45300118217256,160.8004913330078,4000070
636,2023-06-13,161.69880906196488,164.39378921299763,161.69880906196488,163.9446258544922,5370008
637,2023-06-12,167.0887746060832,167.53793797868022,158.55467052674027,159.90216064453125,8684899
638,2023-06-09,163.49546475797086,168.43626176988755,161.69881129909206,166.19044494628906,10290298
639,2023-06-08,161.6988067626953,164.3937868754069,159.45299000210233,161.6988067626953,7164285
640,2023-06-07,157.2071898217295,162.59715061561735,157.2071898217295,160.35133361816406,9325053
641,2023-06-06,155.4105168323352,156.75800686267337,153.16470011510492,155.85968017578125,4318206
642,2023-06-05,154.06303238179643,155.4105224609375,151.36805222351427,155.4105224609375,4719010
643,2023-06-02,150.020563776222,155.4105241514156,149.12223704702305,154.0630340576172,10194359
644,2023-06-01,149.57140152712904,150.4697282630277,148.223911423281,149.1222381591797,5592050
645,2023-05-31,149.57140152712904,150.4697282630277,147.32558468738236,149.1222381591797,6691444
646,2023-05-30,150.0205511307644,150.0205511307644,146.42724451685388,147.7747344970703,5406706
647,2023-05-29,153.16470100766136,154.0630276997884,149.12223089308964,150.91888427734375,6417571
648,2023-05-26,149.1222442356886,156.75802180197388,148.67308084943653,152.26638793945312,15228771
649,2023-05-25,149.57141080416167,151.36806438739484,145.07977684607874,145.9781036376953,11837621
650,2023-05-24,142.83394655974016,144.63059997558594,141.93561985181725,144.63059997558594,5262019
651,2023-05-23,141.48645419051593,142.83394423042563,140.58812749724282,142.38478088378906,3930873
652,2023-05-22,141.9356231689453,143.28311326232136,140.13896971111058,141.9356231689453,4599937
653,2023-05-19,143.7322725915605,144.63059929525775,140.1389657767715,141.03729248046875,5906911
654,2023-05-18,140.5881369728712,142.83395385742188,140.1389735959611,142.83395385742188,5615107
655,2023-05-17,138.79147736282593,140.58813079147095,137.44398729134218,139.68980407714844,6377009
656,2023-05-16,136.99483507273652,140.13897882850424,136.54567167905543,138.79148864746094,7633762
657,2023-05-15,133.40152584879021,139.24064987584165,132.95236246209396,136.54566955566406,8073662
658,2023-05-12,130.2573873228946,132.95236775026484,128.01157030008608,132.50320434570312,4648558
659,2023-05-11,130.25736838070605,131.6048583984375,129.35904170221843,131.6048583984375,2171724
660,2023-05-10,130.2573699951172,130.70653333992794,128.4607166158742,130.2573699951172,1766932
661,2023-05-09,129.35906229933647,131.1557159423828,128.90989888857487,131.1557159423828,2304652
662,2023-05-08,128.90987597571478,129.35903930664062,128.01154931386313,129.35903930664062,1693557
663,2023-05-05,130.7065465023643,130.7065465023643,127.56240277206687,128.01156616210938,3170140
664,2023-05-04,129.35905283505153,131.60486972454896,128.01156270135309,130.70654296875,3633944
665,2023-05-03,128.90987597571478,131.15569263034396,127.11322265201144,129.35903930664062,2998598
666,2023-05-02,130.25739282994837,132.05404652415456,126.664085441536,128.4607391357422,3265090
667,2023-04-28,131.15570634664948,131.60486972454896,129.80821621295104,130.70654296875,1465289
668,2023-04-27,129.3590433054957,130.70653333992794,128.01155327106343,130.2573699951172,1567714
669,2023-04-26,127.11324886508754,128.90990255929373,126.21492201798445,128.4607391357422,1919521
670,2023-04-25,129.35905034491356,129.80821371416673,124.86741665238183,126.66407012939453,2696842
671,2023-04-24,129.80822940639683,131.15571967705145,128.01157571219065,128.4607391357422,1123685
672,2023-04-21,130.25736596849228,131.15569263034396,128.90987597571478,129.35903930664062,1504213
673,2023-04-20,130.70653333992794,131.60486002954943,129.3590433054957,130.2573699951172,1219921
674,2023-04-19,132.50318507692515,132.50318507692515,130.25736838070605,131.6048583984375,1644673
675,2023-04-18,132.50320434570312,132.95236775026484,131.155714132018,132.50320434570312,1817643
676,2023-04-17,131.155714132018,132.50320434570312,130.7065507274563,132.50320434570312,1025525
677,2023-04-14,131.15570462804263,132.50319474408417,130.25737788401494,132.0540313720703,2153356
678,2023-04-13,131.1557159423828,131.1557159423828,130.25738912085964,131.1557159423828,1538703
679,2023-04-12,132.05402173768132,132.05402173768132,130.25736838070605,131.6048583984375,2084465
680,2023-04-11,131.6048583984375,131.6048583984375,129.80820504146226,131.6048583984375,1613559
681,2023-04-10,129.35906229933647,131.1557159423828,128.90989888857487,131.1557159423828,1655432
682,2023-04-07,130.25736596849228,130.25736596849228,128.46071264478894,129.35903930664062,831402
683,2023-04-06,129.3590433054957,130.2573699951172,127.56238992625269,130.2573699951172,1519810
684,2023-03-31,129.35903930664062,129.80820263756647,128.01154931386313,129.35903930664062,2959306
685,2023-03-30,130.70653499377315,132.05402504525534,128.01155489080872,128.90988159179688,3930683
686,2023-03-29,127.5624122886391,128.90990255929373,127.11324886508754,128.4607391357422,1849070
687,2023-03-28,128.90989294219435,128.90989294219435,127.11323938202439,128.01156616210938,1232844
688,2023-03-27,129.35904494229095,129.35904494229095,127.56239154031468,128.90988159179688,1170570
689,2023-03-24,128.90987597571478,129.35903930664062,127.11322265201144,129.35903930664062,2496018
690,2023-03-23,128.46071264478894,129.80820263756647,128.01154931386313,129.35903930664062,966806
691,2023-03-22,126.66406873023222,129.80821228027344,126.66406873023222,129.80821228027344,3045491
692,2023-03-21,127.11322950635638,127.5623928615025,125.31657608577183,125.76573944091797,1424846
693,2023-03-20,128.90987716620504,129.3590405012789,125.31657048561395,126.21489715576172,3711322
694,2023-03-17,129.80820665030643,130.2573699951172,124.8674098573882,130.2573699951172,6311560
695,2023-03-16,126.6640759919819,129.35905633223683,125.76574921189692,128.01156616210938,7993636
696,2023-03-15,122.62159954043601,125.7657431183959,121.72327280387604,124.86741638183594,2930350
697,2023-03-14,123.07076065007583,125.76574081029646,120.37578048985519,122.62159729003906,4585885
698,2023-03-13,122.62160317794137,126.21491023077482,121.72327641473301,123.9690933227539,4626747
699,2023-03-10,123.5199183443167,123.96908168375057,120.82493830771341,123.07075500488281,4053690
700,2023-03-09,125.31657975011592,126.21490648667589,124.41825301355595,124.86741638183594,1371769
701,2023-03-08,125.31658935546875,126.21491616088429,123.96909914734542,125.31658935546875,2237880
702,2023-03-07,125.316580021635,127.1132334986477,125.316580021635,126.66407012939453,1401231
703,2023-03-06,127.11322950635638,127.11322950635638,124.86741273062569,125.76573944091797,1800070
704,2023-03-03,125.76575275817652,126.21491616088429,124.4182625500532,125.31658935546875,978547
705,2023-03-02,125.7657431183959,126.21490648667589,122.17243617215603,124.86741638183594,3877492
706,2023-03-01,122.62159954043601,125.7657431183959,121.27410943559605,124.86741638183594,2974173
707,2023-02-24,128.46071507808935,129.3590417569571,122.62159166544893,123.07075500488281,5850051
708,2023-02-23,125.76574534493705,130.25737910725624,125.31658196870514,127.11323547363281,7680676
709,2023-02-22,119.92661712981841,123.5199240101126,119.47745376978165,122.62159729003906,2844510
710,2023-02-21,121.27411651611327,121.72327991061739,120.82495312160916,121.27411651611328,627891
711,2023-02-20,121.27411455913104,122.17244133364312,120.37578778461895,120.824951171875,754447
712,2023-02-17,121.27411651611327,122.17244330512152,119.47746293809678,121.27411651611328,1861591
713,2023-02-16,118.57913061613526,122.172437604503,118.57913061613526,121.72327423095703,3048758
714,2023-02-15,119.92661043705832,120.82493710699882,117.23163042723678,117.68079376220703,1706198
715,2023-02-14,118.12996504360571,119.92661850434496,117.68080167842089,119.47745513916016,1499275
716,2023-02-13,115.43497708735575,118.57912043214755,115.43497708735575,117.68079376220703,2878796
717,2023-02-10,117.68080685389181,118.12997023883034,115.43498992919922,115.43498992919922,3500997
718,2023-02-09,119.02829545916933,119.92662221735173,118.12996870098692,118.57913208007812,2105166
719,2023-02-08,120.82493548123341,121.27409881015994,119.02828216552734,119.02828216552734,2727199
720,2023-02-07,119.02828814378425,120.82494154972817,118.1299614408123,120.37577819824219,2392375
721,2023-02-06,118.12995550767431,121.27409881015994,118.12995550767431,119.02828216552734,2646467
722,2023-02-03,118.57913208007812,120.37578559644294,118.12996870098692,118.57913208007812,2079523
723,2023-02-02,120.37578186952977,120.37578186952977,118.12996504360571,119.47745513916016,2807863
724,2023-02-01,118.1299614408123,120.82494154972817,116.78247138635436,120.37577819824219,4106102
725,2023-01-31,118.57912043214755,120.82493710699882,115.88414042232601,117.68079376220703,4824774
726,2023-01-30,116.78247494805127,119.92661850434496,116.78247494805127,119.47745513916016,5311964
727,2023-01-17,113.18916913200827,115.43498597986559,112.29084239286536,114.53665924072266,2867750
728,2023-01-16,113.18916886166272,114.53665896715871,111.84167875616674,112.74000549316406,2162267
729,2023-01-13,113.18916886166272,114.08749559866006,112.2908421246654,112.74000549316406,2053567
730,2023-01-12,112.74000549316406,113.6383322301614,111.84167875616674,112.74000549316406,1209358
731,2023-01-11,114.08749559866006,114.08749559866006,112.2908421246654,112.74000549316406,1301508
732,2023-01-10,112.7400018443232,113.6383285522461,111.84167513640031,113.6383285522461,2023221
733,2023-01-09,112.29084408472455,113.18917083740234,111.84168070838565,113.18917083740234,2305489
734,2023-01-06,110.94335371448147,111.84168046520603,110.4941903391192,111.39251708984375,915155
735,2023-01-05,110.49418077970805,111.39250745271382,110.04501744320517,110.94334411621094,2223376
736,2023-01-04,110.04501905597625,110.04501905597625,108.6975290267194,109.59585571289062,1214832
737,2023-01-03,106.90088500976562,110.04502868652344,106.90088500976562,110.04502868652344,1688380
738,2022-12-30,108.24837098061789,109.1466977107475,106.90088088542348,107.35004425048828,2303147
739,2022-12-29,105.1042293548584,108.69753634134929,104.65506598154704,107.79920959472656,3097993
740,2022-12-28,104.65506573046667,106.45171921940172,104.65506573046667,106.00255584716797,1828151
741,2022-12-27,107.35004596386925,107.79920933610302,105.10422910270044,106.00255584716797,2357971
742,2022-12-26,107.35004226299895,107.7992056197479,106.0025521927521,106.90087890625,1296316
743,2022-12-23,104.20590069503466,107.35004425048828,103.75673732996985,107.35004425048828,2507594
744,2022-12-22,105.55338287353516,107.35003619904214,105.10421954215842,105.55338287353516,10593644
745,2022-12-21,105.10423278808594,106.00255956405248,102.85841584816957,105.10423278808594,11772556
746,2022-12-20,110.04501786725274,111.39250788195379,104.20589447021484,104.20589447021484,12322994
747,2022-12-19,109.14669077019941,111.84167078921669,108.69752743369654,110.94334411621094,11289687
748,2022-12-16,108.69752743369654,111.84167078921669,106.45171075118215,110.94334411621094,13501587
749,2022-12-15,111.39252081149962,113.18917437297542,109.59586725002382,110.49419403076172,7146620
750,2022-12-14,108.24837515694753,110.94335545131138,108.24837515694753,110.04502868652344,2877965
751,2022-12-13,108.24836730957031,109.59585735906704,106.0025505604091,108.24836730957031,3976810
752,2022-12-12,105.55338721057687,108.24836730957031,104.20589716108014,108.24836730957031,3404948
753,2022-12-09,106.0025521927521,107.7992056197479,105.55338883600315,106.90087890625,2282205
754,2022-12-08,106.45170953628865,107.35003619904214,103.30756621665144,105.55338287353516,4767170
755,2022-12-07,108.6975323332458,108.6975323332458,104.65506212250526,106.90087890625,5363133
756,2022-12-06,111.3925148292824,112.29084156177662,108.69753463179977,109.14669799804688,3164788
757,2022-12-05,111.39251342773437,113.18916687011718,110.49418670654296,112.29084014892578,3113363
758,2022-12-02,109.59585410670229,112.29083412571957,109.59585410670229,110.94334411621094,2614762
759,2022-12-01,111.39250745271382,111.84167078921669,110.04501744320517,110.94334411621094,3529216
760,2022-11-30,109.59586725002382,111.39252081149962,108.24837707891697,110.49419403076172,4585366
761,2022-11-29,111.3925090852331,111.84167242831872,109.59585571289062,109.59585571289062,4538512
762,2022-11-28,110.94335742113067,113.18917437297542,110.49419403076172,110.49419403076172,2076632
763,2022-11-25,111.39251342773437,114.53665695190429,110.94335006713867,112.29084014892578,4282660
764,2022-11-24,110.94334411621094,111.84167078921669,110.04501744320517,110.94334411621094,2327900
765,2022-11-23,110.4941920689174,110.4941920689174,108.24837515694753,110.04502868652344,4161142
766,2022-11-22,111.84167242831872,111.84167242831872,107.79920234054816,109.59585571289062,6341887
767,2022-11-21,115.88415109543573,116.78247784811353,113.18917083740234,113.18917083740234,4255451
768,2022-11-18,115.8841535195537,118.12997044822723,114.98582674808429,117.23164367675781,5856861
769,2022-11-17,112.74000961956811,115.88415331413773,112.2908462346296,115.43498992919922,4038010
770,2022-11-16,109.59586760753722,115.88415509321558,109.59586760753722,114.0875015258789,7572903
771,2022-11-15,109.14670385965488,110.49419403076172,108.24837707891697,110.49419403076172,3537257
772,2022-11-14,110.4941920689174,110.94335545131138,108.24837515694753,110.04502868652344,4248414
773,2022-11-11,112.29084759223753,112.29084759223753,108.24837707891697,110.49419403076172,4881045
774,2022-11-10,106.90088284810385,108.24837296803793,103.30757586161296,107.79920959472656,5554089
775,2022-11-09,106.0025505604091,108.69753065940256,106.0025505604091,108.24836730957031,3557421
776,2022-11-08,106.45171921940172,107.35004596386925,104.65506573046667,106.00255584716797,3850751
777,2022-11-07,100.61259702756169,106.45172096219697,100.61259702756169,104.65506744384766,6245249
778,2022-11-04,101.06175994873047,101.9600867038303,99.71426981608073,101.06175994873047,2277392
779,2022-11-03,99.26510284020512,102.40924636908039,99.26510284020512,101.9600830078125,2962479
780,2022-11-02,98.81594112941197,101.06175797326225,98.36677776064192,100.61259460449219,1482515
781,2022-11-01,98.8159408569336,100.16343095952814,98.36677748940207,98.8159408569336,2253488
782,2022-10-31,101.51091902223351,101.51091902223351,98.36677551269531,98.36677551269531,3094992
783,2022-10-28,101.51092508676889,101.96008847210858,99.26510816007047,99.71427154541016,1949501
784,2022-10-27,100.16343123572213,101.5109213420323,99.71426786695208,100.61259460449219,2596008
785,2022-10-26,100.16343493074983,101.0617617014292,98.81594477473078,99.71427154541016,2226272
786,2022-10-25,100.1634292602539,101.96008269989971,99.265102540431,100.1634292602539,3707055
787,2022-10-24,98.36677776064192,103.30757481711251,98.36677776064192,100.61259460449219,6358611
788,2022-10-21,98.81593855037246,98.81593855037246,96.57012176513672,96.57012176513672,3478352
789,2022-10-20,97.46845461871172,99.71427154541016,96.12096446269267,99.71427154541016,5569473
790,2022-10-19,96.57012401927601,100.16343095952814,96.57012401927601,98.8159408569336,4644091
791,2022-10-18,97.4684504756221,104.2059009693287,96.5701237431279,97.019287109375,12906015
792,2022-10-17,95.22263728346779,96.57012743370555,92.97682036640488,96.12096405029297,4803636
793,2022-10-14,98.81594232550249,99.26510569970932,95.67179870605469,95.67179870605469,6304955
794,2022-10-13,94.77347410709486,98.36678118224538,94.77347410709486,97.91761779785156,5539839
795,2022-10-12,93.42598183502054,97.01928882867517,92.9768184608137,95.67179870605469,3681800
796,2022-10-11,94.32430634131798,96.12095979543832,92.97681625072772,93.42597961425781,4830517
797,2022-10-07,96.57012545446834,96.57012545446834,93.42598183502054,95.67179870605469,4628821
798,2022-10-06,98.81594057436342,99.26510394061053,96.12096037688079,97.019287109375,3235889
799,2022-10-05,101.06175769459117,101.51092106212269,98.36677748940207,98.8159408569336,3640333
800,2022-10-04,96.57012401927601,99.71426759199662,96.57012401927601,98.8159408569336,6955370
801,2022-10-03,94.77346801757812,95.67179472864522,92.97681459544394,94.77346801757812,4369468
802,2022-09-30,94.77346833694813,97.91761183627817,93.87514162285383,96.57012176513672,4507467
803,2022-09-29,96.57012176513672,101.96008204970249,95.22263169399528,96.57012176513672,9192912
804,2022-09-28,98.36677895129566,99.71426907391614,95.22263533184785,95.67179870605469,6183550
805,2022-09-27,100.61259633059954,101.06175970707544,97.01928931879242,99.26510620117188,5618678
806,2022-09-26,101.51092508676889,101.96008847210858,97.9176180040514,99.71427154541016,6859767
807,2022-09-23,101.0617621048637,105.10423258905826,101.0617621048637,103.30757904052734,3436386
808,2022-09-22,100.61258934054312,104.20589610270538,98.815935959462,102.85840606689453,8276476
809,2022-09-21,108.24837629898735,108.24837629898735,102.40925226626189,103.30757904052734,10245948
810,2022-09-20,110.49418239906187,110.94334574214749,108.6975290267194,109.59585571289062,5461890
811,2022-09-19,111.84168420186857,111.84168420186857,108.24837707891697,110.49419403076172,6685981
812,2022-09-16,108.69754028320312,110.04503045200316,107.35005011440309,108.69754028320312,6228346
813,2022-09-15,107.79921177455357,111.39251883370535,106.45172162737164,110.04502868652344,5585549
814,2022-09-14,107.35004622141521,109.595863087972,106.00255610148112,107.79920959472656,4975994
815,2022-09-13,106.90087565437693,112.73999911448995,106.00254896820569,109.59585571289062,10362227
816,2022-09-12,105.55338287353516,107.35003619904214,104.20589287940493,105.55338287353516,6226911
817,2022-09-08,99.26510874430338,105.10423278808594,98.36678196833684,105.10423278808594,5337143
818,2022-09-07,98.8159408569336,99.71426759199662,97.01928738680752,98.8159408569336,3501733
819,2022-09-06,101.96008269989971,102.40924605981117,99.265102540431,100.1634292602539,2378021
820,2022-09-05,99.71426981608073,102.40925008138021,99.26510643853082,101.06175994873047,2588097
821,2022-09-02,101.51092508676889,102.40925185744827,99.26510816007047,99.71427154541016,4138795
822,2022-09-01,101.9600810160679,102.4092443685616,101.06175431108052,101.51091766357422,2828292
823,2022-08-31,102.40925226626189,104.2059058147928,102.40925226626189,103.30757904052734,1837784
824,2022-08-30,102.40924636908039,102.85840973034828,101.51091964654461,101.9600830078125,2986013
825,2022-08-29,101.51092161212051,103.30757509198105,101.06175824215538,102.40924835205078,3185848
826,2022-08-26,104.20590406426032,105.55339420302231,103.75674068467299,104.65506744384766,2323588
827,2022-08-25,103.30756941216481,103.75673275743509,102.40924272162425,102.85840606689453,2171368
828,2022-08-24,105.10422653668778,105.55338989795567,101.51091964654461,101.9600830078125,4136379
829,2022-08-23,104.65506744384766,106.9008843417843,104.20590406426032,104.65506744384766,3080965
830,2022-08-22,102.8584141469706,106.9008845719607,102.40925076641614,106.45172119140625,3182000
831,2022-08-19,105.10422684310319,105.55339020568056,103.30757339279373,103.7567367553711,4001020
832,2022-08-18,104.65505780844852,104.65505780844852,103.30756779374747,104.20589447021484,4909875
833,2022-08-17,104.65506744384766,106.00255758260964,102.40925054591101,104.65506744384766,9443435
834,2022-08-16,103.86771240234376,105.92857971191407,103.04336547851562,105.10423278808594,10556618
835,2022-08-15,100.15815422333867,103.86771549086973,99.33380727499843,102.63119506835938,8575598
836,2022-08-12,94.79989772104513,98.50945893621646,94.79989772104513,97.68511199951172,6775000
837,2022-08-11,95.62424161141378,96.0364150666354,93.97554779052734,93.97554779052734,5054015
838,2022-08-10,94.38772124574895,94.79989470097057,92.73902742486251,93.97554779052734,5954340
839,2022-08-09,97.27292304203428,97.27292304203428,94.79988262571138,95.62422943115234,4302144
840,2022-08-08,96.86075450993386,98.09727478027344,96.44858108648732,98.09727478027344,2028236
841,2022-08-05,94.7998813061004,97.68509508498173,94.38770790911735,96.86074829101562,3240769
842,2022-08-04,95.62422943115234,96.03640283387283,92.73901561210896,95.62422943115234,3117691
843,2022-08-03,94.79989320168764,95.62424009909361,93.97554630428165,95.21206665039062,2991285
844,2022-08-02,94.38770922299089,97.27292304203428,93.97553582027041,95.62422943115234,4545602
845,2022-08-01,96.44857623659331,96.44857623659331,93.97553582027041,95.62422943115234,2730821
846,2022-07-29,96.44858706199517,98.0972808579267,96.03641361301229,97.27293395996094,3618348
847,2022-07-28,95.62422943115234,96.44857623659331,94.79988262571138,95.62422943115234,2607606
848,2022-07-27,93.5633758544922,95.6242431640625,93.15120239257813,94.79989624023438,2275339
849,2022-07-26,95.62423692610821,96.44858379616086,92.73902288092391,93.56336975097656,3062128
850,2022-07-25,93.5633788149581,97.68511356451573,93.5633788149581,96.44859313964844,3856172
851,2022-07-22,97.68511047363282,97.68511047363282,93.5633758544922,94.79989624023438,10321460
852,2022-07-21,97.68511047363282,99.33380432128907,97.27293701171875,98.921630859375,5804637
853,2022-07-20,98.921626262585,99.74597314810653,97.27293249154191,98.50945281982422,6384743
854,2022-07-19,95.6242401640294,98.92162775589247,94.79989326606362,97.27293395996094,6887111
855,2022-07-18,92.32685546875,95.21206970214844,91.09033508300782,94.79989624023438,5510408
856,2022-07-15,89.85381619565122,92.32685700837557,89.44164272686383,91.50251007080078,3578927
857,2022-07-14,88.20511637648491,90.67815702255459,87.38076949446169,90.26598358154297,1741973
858,2022-07-13,89.02946472167969,90.6781585128219,88.20511782610858,89.02946472167969,2418479
859,2022-07-12,86.55642240241384,86.96859584242533,84.08338176234487,86.14424896240234,3236094
860,2022-07-11,89.44163968081764,90.67816004506858,87.38077240706609,87.7929458618164,3341181
861,2022-07-08,86.55642403496635,91.09033196060746,86.1442505871808,89.02946472167969,7169796
862,2022-07-07,82.18738131554154,85.7320754107307,81.03330071642652,84.08338165283203,6200259
863,2022-07-06,84.08337844848633,84.9077252960205,82.43468475341797,82.43468475341797,3142271
864,2022-07-05,85.31990197125603,86.55642228968003,82.43468789493336,84.08338165283203,4578688
865,2022-07-04,84.49555044690963,86.14424411416641,83.25903019646705,83.67120361328125,5667503
866,2022-07-01,91.50250854492188,92.32685546875,85.31990661621094,86.55642700195312,8172325
867,2022-06-30,93.15119631595023,94.79989005605555,90.26598227076593,93.56336975097656,11163345
868,2022-06-29,100.1581544142503,100.57032788920607,95.21207271478116,96.44859313964844,6147750
869,2022-06-28,103.043351578809,103.45552498512423,100.98248454723281,101.80683135986328,2411311
870,2022-06-27,104.69205623793887,105.5164031374502,102.63118898916055,103.45553588867188,3164172
871,2022-06-24,102.21902153435656,104.69206237792969,100.98250111256998,104.69206237792969,4250137
872,2022-06-23,103.45553128051758,104.69205157470704,101.39466412353515,103.0433578491211,6110373
873,2022-06-22,105.9285668545082,106.34074026639345,100.5703125,100.5703125,6153934
874,2022-06-21,104.69206083423897,107.16510164134698,104.27988736638763,105.92858123779297,4008176
875,2022-06-20,103.86771392822266,104.69206086416092,101.39467312040783,103.86771392822266,4218161
876,2022-06-17,104.2798827881832,105.10422968769453,102.21901553940488,103.45553588867188,5653434
877,2022-06-16,109.22595800355423,110.05030485641124,105.51639716569767,106.34074401855469,2122073
878,2022-06-15,106.75292663574218,108.40162048339845,106.75292663574218,107.16510009765625,2431050
879,2022-06-14,106.75291442871094,107.98943467305894,105.10422076958027,106.75291442871094,2879243
880,2022-06-13,106.7529130600791,109.22595351706934,105.51639283158397,107.98943328857422,3860995
881,2022-06-10,110.0503112678241,110.46248471826539,108.81379091650024,109.63813781738281,2489905
882,2022-06-09,110.46248477499424,111.69900512695312,110.05031132434128,111.69900512695312,1776100
883,2022-06-08,110.46249083338174,112.11118472641729,110.05031736012285,110.87466430664062,2735340
884,2022-06-07,108.81378492668495,110.87465206544792,108.40161149893234,110.46247863769531,2126063
885,2022-06-06,110.46247236143867,112.11116597877358,108.81377874410377,109.2259521484375,2999418
886,2022-06-02,111.28681917010613,112.11116597877358,108.81377874410377,109.2259521484375,2518516
887,2022-06-01,111.28682865816005,112.93552241605872,110.4624817792107,112.11117553710938,2841118
888,2022-05-31,109.63814086914063,112.52335510253907,108.8137939453125,111.28683471679688,4348436
889,2022-05-30,110.87465206544792,112.93551920421089,109.63813178219013,110.46247863769531,5512274
890,2022-05-27,106.75292214480314,110.4624831459739,106.3407487002286,108.81378936767578,5200225
891,2022-05-26,105.10422214865685,106.75291582942009,104.27987530827522,105.51639556884766,2669764
892,2022-05-25,102.63119201660156,106.34075317382813,102.21901855468751,105.10423278808594,4885880
893,2022-05-24,103.86771085185389,104.69205776337654,102.2190170288086,102.2190170288086,3013491
894,2022-05-23,106.75292820400661,106.75292820400661,103.86771392822266,103.86771392822266,2846888
895,2022-05-20,107.16509087141169,108.81378457712572,105.92857059212618,106.34074401855469,2899258
896,2022-05-19,105.92857670692648,108.4016174082555,105.51640325670498,107.5772705078125,2622764
897,2022-05-18,107.98943328857422,108.4016066980726,106.34073965058072,107.98943328857422,2375414
898,2022-05-17,106.34075015714798,107.989443958034,105.51640325670498,107.5772705078125,2225176
899,2022-05-16,109.22596740722656,109.22596740722656,103.86771240234376,105.10423278808594,3675301
900,2022-05-13,107.57727355957032,107.98944702148438,105.51640625,107.16510009765625,2196301
901,2022-05-12,105.51640776994164,107.98944857704964,105.1042343020903,105.92858123779297,3245925
902,2022-05-11,107.16510009765625,108.40162048339845,105.51640625,107.16510009765625,4582020
903,2022-05-10,105.51639283158397,108.81378010757098,103.86769919359047,107.98943328857422,7609485
904,2022-05-09,104.69206083423897,106.75292817349565,103.8677138985363,105.92858123779297,7305030
905,2022-05-06,101.80683755493165,103.86770471191406,101.39466412353515,103.0433578491211,2843393
906,2022-05-05,104.69206086416092,105.10423433213006,103.45554046025352,103.86771392822266,2191632
907,2022-05-04,103.0433578491211,103.86770471191406,101.80683755493165,103.0433578491211,2638002
908,2022-05-03,98.92161751565664,102.21900476617851,98.92161751565664,101.80683135986328,2033516
909,2022-04-29,100.57032624552073,102.21902011839812,99.74597930908203,99.74597930908203,3173312
910,2022-04-28,98.50944680494887,99.74596705773064,97.685099969761,99.33379364013672,3217829
911,2022-04-27,98.09727937706344,100.1581465908673,97.68510593430267,98.50945281982422,3975633
912,2022-04-26,98.509458904424,100.98249971374008,97.68511196798529,99.74597930908203,2035913
913,2022-04-25,97.6851013568269,98.92162162716649,97.27292793338037,98.09727478027344,2731415
914,2022-04-22,99.74596705773064,99.74596705773064,98.09727338735493,99.33379364013672,2677170
915,2022-04-21,102.21901855468751,102.63119201660156,100.1581512451172,100.98249816894531,3712933
916,2022-04-20,103.04337013058546,103.86771709163014,100.98250272797374,101.3946762084961,4867715
917,2022-04-19,101.80684968901843,104.69206405267482,101.3946762084961,101.3946762084961,3545728
918,2022-04-18,98.50944544057377,102.219006147541,97.68509861680329,100.5703125,2859501
919,2022-04-15,100.98248731051243,100.98248731051243,99.33379364013672,99.33379364013672,1662576
920,2022-04-14,101.80684968901843,102.21902316954078,100.5703292474514,101.3946762084961,2740748
921,2022-04-13,100.15815576692906,102.63119665006312,99.33380880588437,101.3946762084961,4060644
922,2022-04-12,98.50945739746093,100.57032470703125,97.27293701171875,98.921630859375,4758262
923,2022-04-11,100.98249971374008,101.80684665017877,98.92163237264334,99.74597930908203,3004288
924,2022-04-08,103.04336547851562,103.86771240234376,100.57032470703125,100.98249816894531,3403122
925,2022-04-07,105.10422500610352,105.10422500610352,101.80683755493165,103.0433578491211,4350624
926,2022-04-06,107.16510009765625,107.57727355957032,104.27988586425782,105.10423278808594,3514919
927,2022-04-01,106.75292663574218,107.16510009765625,105.10423278808594,107.16510009765625,2958481
928,2022-03-31,108.8137939453125,109.63814086914063,107.16510009765625,107.16510009765625,6526591
929,2022-03-30,108.81378936767578,109.63813625682484,107.16509558937767,108.81378936767578,4170669
930,2022-03-29,110.05031120914151,110.46248465936303,107.5772705078125,107.5772705078125,2469437
931,2022-03-28,108.81378791037571,110.46248166659352,108.81378791037571,110.05030822753906,2429229
932,2022-03-25,110.05030520994272,111.28682549320051,108.40161149893234,110.46247863769531,4128621
933,2022-03-24,112.11116597877358,112.11116597877358,107.57725853110259,109.2259521484375,11080783
934,2022-03-23,116.23290369632471,116.64507711368756,112.11116952269617,112.93551635742188,6353703
935,2022-03-22,111.6990096715383,114.99639741091951,111.28683620411566,114.17205047607422,8632873
936,2022-03-21,117.88159923621343,119.11811950792196,115.40855869279636,115.82073211669922,3036833
937,2022-03-18,117.05725703679077,117.46943047706117,114.58421639516843,116.23291015625,5463851
938,2022-03-17,117.88161010742188,118.29378356933594,116.6450897216797,117.46943664550781,3289765
939,2022-03-16,116.23290857587543,117.05725544520787,114.58421483721052,115.40856170654297,1606334
940,2022-03-15,117.88160231454033,119.118122618539,114.99638827187675,115.40856170654297,2823460
941,2022-03-14,116.64510180066516,117.88162231445312,115.40858128687718,117.88162231445312,3655838
942,2022-03-11,119.53029928073077,119.9424727265264,116.64508516016141,117.05725860595703,3787087
943,2022-03-10,122.0033401177854,122.82768701047314,120.35464633240993,121.17899322509766,3010760
944,2022-03-09,120.76680726475186,122.82767428292168,117.05724663204617,118.70594024658203,6017292
945,2022-03-08,118.29377601886618,121.17899006810681,118.29377601886618,119.5302963256836,5169964
946,2022-03-07,125.30072442416487,125.71289785977068,119.5302963256836,119.5302963256836,5721590
947,2022-03-04,128.18593579959244,128.5981092266008,125.71289523754244,126.12506866455078,4059384
948,2022-03-03,131.4833219491752,131.89549537221336,129.0102814109462,129.42245483398438,1972331
949,2022-03-02,130.24681091308594,131.89550472211235,129.42246400857275,130.24681091308594,1963653
950,2022-03-01,130.24681091308594,132.71985162662554,128.59811710405953,130.24681091308594,3816113
951,2022-02-25,129.83463741192097,130.2468108640223,127.7737701514143,128.18594360351562,2601369
952,2022-02-24,128.59811401367188,129.8346343407264,127.77376712896886,128.59811401367188,2813404
953,2022-02-23,129.42246099526199,131.07115476590226,128.59811410994183,130.6589813232422,2021925
954,2022-02-22,129.8346343407264,129.8346343407264,126.53724680191432,128.59811401367188,3612838
955,2022-02-21,130.65899045938235,131.89551087382446,129.42247004494024,131.48333740234375,1540568
956,2022-02-18,130.24679889678956,132.3076659679413,129.8346254825592,131.89549255371094,1863002
957,2022-02-17,130.24681698790167,131.89551087382446,129.83464351642095,131.48333740234375,2539034
958,2022-02-16,129.42245483398438,129.83462825702253,128.18593456486988,129.42245483398438,2158314
959,2022-02-15,126.53726036317887,128.59812779580395,126.53726036317887,127.7737808227539,2160402
960,2022-02-14,128.18593579959244,128.18593579959244,125.71289523754244,126.12506866455078,2026641
961,2022-02-11,129.01028745602338,131.89550155248398,128.18594057132037,128.59811401367188,3163093
962,2022-02-10,129.0102814109462,129.83462825702253,126.94941429575537,129.42245483398438,2838545
963,2022-02-09,127.7737611418317,129.83462825702253,126.94941429575537,129.42245483398438,3425878
964,2022-02-08,126.53725583962253,129.83464361394493,125.30073542425163,127.36160278320312,5256473
965,2022-02-07,124.06421353218998,128.18594820103348,123.65204006530563,126.5372543334961,3984042
966,2022-01-26,126.53724660304998,127.36159348645748,124.47637939453125,124.47637939453125,2636426
967,2022-01-25,126.53724368206866,128.18593741082526,126.12507024987951,126.94941711425781,2461162
968,2022-01-24,127.36159069317216,129.01028442382812,125.30072352985223,129.01028442382812,2386172
969,2022-01-21,129.4224608983749,130.65898122542944,128.18594057132037,128.59811401367188,1301510
970,2022-01-20,130.65898436534255,131.89550472211235,129.83463746082933,130.24681091308594,1756553
971,2022-01-19,129.83463746082933,130.65898436534255,129.01029055631614,130.24681091308594,1328643
972,2022-01-18,129.83463443792206,132.71984853654254,129.42246099526199,130.6589813232422,2963509
973,2022-01-17,127.36159973144531,130.65898742675782,126.94942626953126,129.8346405029297,1778429
974,2022-01-14,127.7737701514143,128.59811705561697,125.30072943880627,128.18594360351562,2681598
975,2022-01-13,129.83463741192097,131.071157768225,127.36159669931295,128.18594360351562,2023259
976,2022-01-12,129.42246704101564,129.8346405029297,127.77377319335938,129.8346405029297,1984677
977,2022-01-11,131.89549845247603,132.71984531780402,126.94941726050818,129.01028442382812,6674484
978,2022-01-10,131.8955047702492,132.71985167506327,129.83463750821406,132.30767822265625,4541455
979,2022-01-07,132.71985167506327,133.1320251274703,129.83463750821406,132.30767822265625,3783963
980,2022-01-06,132.30767822265625,132.71985167506327,129.42246405580704,132.30767822265625,4193538
981,2022-01-05,132.71985473632813,133.9563751220703,131.8955078125,133.9563751220703,1927463
982,2022-01-04,132.7198456093992,134.36853934367744,132.30767217582962,133.13201904296875,3447557
983,2022-01-03,132.71983938217164,133.132012796402,131.89549255371094,131.89549255371094,1862131
984,2021-12-30,133.54419857987733,133.95637203228435,131.8955047702492,132.30767822265625,3857678
985,2021-12-29,136.8415768470293,136.8415768470293,133.13201602888697,133.544189453125,2730091
986,2021-12-28,133.5441986729371,136.42941284179688,133.5441986729371,136.42941284179688,5167510
987,2021-12-27,133.132012796402,133.54418621063232,131.48331913948059,131.89549255371094,2494116
988,2021-12-24,133.54419857987733,133.54419857987733,131.8955047702492,132.30767822265625,1428928
989,2021-12-23,134.78071584760772,135.19288929056677,132.30767518985346,132.7198486328125,1874369
990,2021-12-22,134.36853630160107,134.7807097258391,132.7198426046489,133.544189453125,2101345
991,2021-12-21,132.30766918041087,134.7807097258391,130.6589754834587,133.544189453125,3457115
992,2021-12-20,132.71985167506327,135.19289238950543,132.30767822265625,132.30767822265625,2823577
993,2021-12-17,136.01724243164062,136.01724243164062,133.13202819824218,133.9563751220703,3309656
994,2021-12-16,136.01723938910263,139.31462701065664,135.60506593640838,136.42941284179688,4919299
995,2021-12-15,136.01722999855323,136.42940342279127,132.7198426046489,133.544189453125,4586408
996,2021-12-14,138.4902676669034,138.90244108257872,135.60505375717625,136.01722717285156,4082855
997,2021-12-13,138.90245056152344,142.6120115557481,138.07810367391795,138.90245056152344,8392861
998,2021-12-10,137.66593013901308,139.314623913133,136.42940980842315,136.84158325195312,3515428
999,2021-12-09,138.49027410202478,140.55114127616207,136.84158036271498,139.3146209716797,6108353
1000,2021-12-08,138.07810358254306,139.314623913133,136.01723636489317,136.84158325195312,7385376
1001,2021-12-07,135.19289248371413,136.84158629449112,133.95637212563136,136.42941284179688,6040611
1002,2021-12-06,132.30767528288956,134.7807159423828,129.42246118014742,134.7807159423828,7596929
1003,2021-12-03,133.13201904296875,134.780712777247,132.30767217582962,133.13201904296875,3788683
1004,2021-12-02,134.78071584760772,136.84158306240295,131.8955017468944,132.7198486328125,4783144
1005,2021-12-01,135.19288333788467,136.84157703712717,133.5441896386422,135.6050567626953,4978296
1006,2021-11-30,135.19289243733223,138.90245351030782,134.36854553222656,134.36854553222656,8522852
1007,2021-11-29,130.65897844155137,133.95636591010788,129.42245814084268,133.13201904296875,4070465
1008,2021-11-26,133.544189453125,135.6050565743152,131.89549575617283,133.544189453125,2720660
1009,2021-11-25,133.9563720796737,135.60506588988508,133.54419862712086,134.36854553222656,1656501
1010,2021-11-24,132.71985473632813,134.78072204589844,131.8955078125,133.9563751220703,2322154
1011,2021-11-23,134.78071584760772,135.19288929056677,131.8955017468944,132.7198486328125,3887808
1012,2021-11-22,138.90244108257872,139.31461449825403,135.19288034150094,136.01722717285156,4268990
1013,2021-11-19,135.60506292136319,139.314623913133,133.95636914724327,136.84158325195312,12328622
1014,2021-11-18,135.6050627335258,138.90245027719817,132.7198486328125,132.7198486328125,7644144
1015,2021-11-17,134.3685485839844,134.3685485839844,131.07116088867187,133.9563751220703,4158207
1016,2021-11-16,134.7807189847794,136.8415862475436,133.13202517456804,134.36854553222656,6645114
1017,2021-11-15,131.8955017468944,134.78071584760772,131.48332830393537,132.7198486328125,8503680
1018,2021-11-12,133.13202197920262,134.36854230718282,127.7737672246217,130.6589813232422,18142491
1019,2021-11-11,136.01722717285156,138.0780942512281,133.956360094475,136.01722717285156,10419344
1020,2021-11-10,135.6050749999267,142.61202416405663,134.36855455919786,137.25376892089844,26868733
1021,2021-11-09,132.71985781678586,136.42941906011217,129.83464351642095,131.48333740234375,14347938
1022,2021-11-08,126.12507639051992,132.71985162662554,124.47638258149352,130.24681091308594,15837957
1023,2021-11-05,125.71291202759191,126.94943247376494,122.82769765318817,124.88856506347656,11553442
1024,2021-11-04,119.9424803382472,125.30073547363281,119.9424803382472,125.30073547363281,12165845
1025,2021-11-03,118.29377601886618,120.766816632501,117.46942914765457,119.5302963256836,7579811
1026,2021-11-02,117.88160402517285,119.53029778776269,117.05725714387793,118.29377746582031,7565302
1027,2021-11-01,115.82073826857017,117.88160549754828,115.40856482277455,117.05725860595703,4908689
1028,2021-10-29,114.99638827187675,116.23290857587543,113.75986796787808,115.40856170654297,3344832
1029,2021-10-28,114.58422088623047,115.82074125550633,114.17204742980518,114.58422088623047,1445827
1030,2021-10-27,117.05725238840775,117.05725238840775,114.58421184499068,115.82073211669922,2332274
1031,2021-10-26,116.23291625976563,117.88161010742188,115.4085693359375,117.46943664550781,4469038
1032,2021-10-25,114.99638983543882,116.23291015625,114.58421639516843,116.23291015625,1890523
1033,2021-10-22,115.82073211669922,116.6450789645049,114.17203842108783,115.82073211669922,4548651
1034,2021-10-21,117.88159923621343,118.70594608401912,115.40855869279636,115.82073211669922,7503027
1035,2021-10-20,117.05725860595703,117.88160549754828,116.23291171436578,117.05725860595703,3594585
1036,2021-10-19,118.70595238913953,118.70595238913953,115.40856482277455,117.05725860595703,6051548
1037,2021-10-18,117.05724663204617,120.76680726475186,114.99637961387634,118.70594024658203,13297312
1038,2021-10-15,114.17205047607422,114.99639741091951,112.93553007380626,114.17205047607422,4041259
1039,2021-10-14,117.05725053105041,117.88159736577612,112.93551635742188,112.93551635742188,2966436
1040,2021-10-13,114.58422088623047,115.82074125550633,114.17204742980518,114.58422088623047,4236295
1041,2021-10-12,112.93551937564389,114.9963865175352,111.28682566213084,112.52334594726562,8645640
1042,2021-10-08,111.69899610533332,117.05725053105041,110.8746492706076,112.93551635742188,18497940
1043,2021-10-07,106.75292371911756,112.93552547891201,106.75292371911756,111.69900512695312,9176564
1044,2021-10-06,107.16510322150283,107.57727669543169,103.86771543007198,104.69206237792969,2319544
1045,2021-10-05,104.27987530827522,106.75291582942009,101.80683478713036,105.51639556884766,2195500
1046,2021-10-04,107.98945016936055,109.22597059114712,104.69206237792969,104.69206237792969,2460213
1047,2021-10-01,106.75292974757397,107.16510322150283,104.27988890400084,104.69206237792969,2374317
1048,2021-09-30,106.34074101392827,107.57726125827628,105.10422076958027,106.75291442871094,3606624
1049,2021-09-29,105.92857059212618,107.5772642978402,104.27987688641215,106.34074401855469,4279764
1050,2021-09-28,110.87464715506285,112.93551420255471,106.34073965058072,107.98943328857422,5421954
1051,2021-09-27,117.05725530450994,117.46942873868075,112.93552096280185,113.34769439697266,4975462
1052,2021-09-24,119.94248983743307,121.17901035122104,117.46944880985714,117.88162231445312,5283751
1053,2021-09-23,116.23290884083715,121.17899006810681,115.82073540523135,119.5302963256836,7270827
1054,2021-09-22,110.87466419725862,115.40857239863351,110.87466419725862,114.99639892578125,3732114
1055,2021-09-17,113.3477005169546,115.40856779908106,112.52335360410402,114.58422088623047,3515931
1056,2021-09-16,111.6990096715383,114.99639741091951,111.28683620411566,114.17205047607422,4129489
1057,2021-09-15,114.58421308915695,114.58421308915695,111.28682566213084,112.52334594726562,3205095
1058,2021-09-14,115.40857087834216,115.40857087834216,113.75987700865157,114.17205047607422,1882967
1059,2021-09-13,114.58422088623047,115.82074125550633,113.3477005169546,114.58422088623047,2905368
1060,2021-09-10,114.58422394349687,114.99639741091951,112.11118313896097,114.17205047607422,3628300
1061,2021-09-09,110.87466273669301,114.58422394349687,109.22596886700241,114.17205047607422,3368100
1062,2021-09-08,112.93552856445312,113.34770202636719,109.22596740722656,111.28683471679688,5167680
1063,2021-09-07,112.93552096280185,114.9963881336559,112.11117409446022,113.34769439697266,3597997
1064,2021-09-06,112.11117251888737,114.9963865175352,111.28682566213084,112.52334594726562,5197832
1065,2021-09-03,111.69900209763472,112.52334897658405,108.81378802131205,112.11117553710938,4673319
1066,2021-09-02,110.46248166659352,112.52334886186578,109.6381347884846,110.05030822753906,4809386
1067,2021-09-01,107.16508512676886,109.63812555277123,106.75291172243514,109.2259521484375,3205213
1068,2021-08-31,107.5772705078125,107.989443958034,105.51640325670498,107.5772705078125,5897253
1069,2021-08-30,106.34075317382813,107.57727355957032,105.10423278808594,107.16510009765625,3013959
1070,2021-08-27,104.69205932617187,105.51640625,103.86771240234376,105.10423278808594,2344988
1071,2021-08-26,105.51640625,107.16510009765625,103.45553894042969,105.10423278808594,3733299
1072,2021-08-25,103.04336848221426,105.10423585185855,102.6311950082854,104.69206237792969,4890568
1073,2021-08-24,102.21902159418926,104.69206243920996,100.9825011716789,102.63119506835938,9338893
1074,2021-08-23,98.09727937706344,99.33379970534575,96.44858560602036,98.50945281982422,7149518
1075,2021-08-20,96.73727728396047,97.91222397161991,94.38738390864158,95.9539794921875,9812131
1076,2021-08-19,98.30386195009054,99.87045735965373,96.73726654052734,96.73726654052734,8729149
1077,2021-08-18,97.91222829667348,100.26212177579364,96.3456326439267,98.69552612304688,13497918
1078,2021-08-17,108.8783950805664,108.8783950805664,108.8783950805664,108.8783950805664,0
1079,2021-08-16,108.8783950805664,110.83663959640393,108.09509727423139,108.8783950805664,5885626
1080,2021-08-13,110.83662872314453,110.83662872314453,107.70343780517578,107.70343780517578,7843448
1081,2021-08-12,111.22828830678556,112.4032350142516,109.66169269683084,110.83663940429688,2406048
1082,2021-08-11,111.61993564014703,113.18653122807892,108.48674446428326,111.22828674316406,6471045
1083,2021-08-10,117.49466420881424,117.8863130895103,112.01157987906957,112.40322875976562,5342580
1084,2021-08-09,115.53641957163022,119.84455725057236,115.53641957163022,118.27796173095703,3321242
1085,2021-08-06,115.53641964690854,117.4946640477036,115.14477076674953,116.31971740722656,2491324
1086,2021-08-05,116.31972819182832,117.88632385771153,115.1447814424159,115.53643035888672,3398749
1087,2021-08-04,117.10301816304525,119.06126261393229,116.71136927286783,117.49466705322266,3327940
1088,2021-08-03,119.06127060712393,119.45291952359473,115.1447814424159,115.53643035888672,5266590
1089,2021-08-02,117.10301509124554,118.66961061086087,116.31971733143787,118.27796173095703,2575083
1090,2021-07-30,114.75311586019156,117.88630673692033,114.36146700060046,115.92806243896484,3192892
1091,2021-07-29,117.49466876594389,117.49466876594389,114.36147759885205,115.144775390625,3372400
1092,2021-07-28,117.4946640477036,118.27796180802163,113.9698241262725,116.31971740722656,4209704
1093,2021-07-27,116.71136927286783,120.62785817464191,116.71136927286783,117.49466705322266,6269616
1094,2021-07-26,112.01157972547743,118.27796180802163,111.22828196515941,116.31971740722656,6019701
1095,2021-07-23,115.14478819520323,115.92808607408216,111.61994774024802,112.0115966796875,4923515
1096,2021-07-22,114.36148834228516,117.49467980371763,112.0115947462108,114.36148834228516,7232019
1097,2021-07-21,117.88631460183265,118.27796348755302,113.57817685890853,113.9698257446289,4780471
1098,2021-07-20,117.49466705322266,118.66961372375488,117.49466705322266,117.49466705322266,2622240
1099,2021-07-19,118.66962432861327,119.45292217896716,116.71137970272856,118.66962432861328,3184537
1100,2021-07-16,120.62786258859043,121.80280930211566,118.66961806604839,120.23621368408203,4180502
1101,2021-07-15,119.0612578949371,121.0195022682091,117.4946623963195,120.62785339355469,2886782
1102,2021-07-14,119.84455725057236,120.62785501038002,116.31971733143787,118.27796173095703,4093297
1103,2021-07-13,119.06127166748047,120.62786734731574,118.27797382756283,119.06127166748047,3654709
1104,2021-07-12,121.41116680485186,122.19446465520575,117.1030286279055,118.66962432861328,6039451
1105,2021-07-09,122.19446274840716,123.76105842466879,120.23621815308012,121.01951599121094,4496327
1106,2021-07-08,124.9359940154643,125.32764289952532,123.36939847922024,123.76104736328125,2208971
1107,2021-07-07,123.76104582296185,124.93599246052162,122.97774806458868,124.15269470214844,2390313
1108,2021-07-06,124.93600330655536,126.11095004611545,122.9777587406219,123.3694076538086,2819270
1109,2021-07-05,121.80280142702891,124.54434358133503,121.01950366865573,124.15269470214844,3169053
1110,2021-07-02,123.76104439078988,124.15269326544427,120.62785339355469,120.62785339355469,5040152
1111,2021-07-01,123.76104736328125,125.71929178358633,123.36939847922024,123.76104736328125,3466327
1112,2021-06-30,122.9777587406219,124.93600330655536,121.80281200106181,123.3694076538086,4786435
1113,2021-06-29,125.71928714339141,126.11093601299699,122.97774505615234,122.97774505615234,5559257
1114,2021-06-28,125.32763671875,126.11093444824218,122.97774353027343,125.32763671875,6612371
1115,2021-06-25,127.28588573564114,127.67753461482774,122.97774806458868,124.15269470214844,10252560
1116,2021-06-24,129.6357897714468,129.6357897714468,126.89424738957332,127.28589630126953,6582053
1117,2021-06-23,132.7689651489258,132.7689651489258,129.24412536621094,129.24412536621094,7595519
1118,2021-06-22,141.7769069615367,142.95185370431187,132.76898193359375,132.76898193359375,8146413
1119,2021-06-21,139.42701563047095,141.77690915233282,136.68547318829874,139.81866455078125,4232397
1120,2021-06-18,136.29381666657673,145.69339022978892,135.11886997117523,141.7769012451172,11284150
1121,2021-06-17,132.37731028712074,134.72720336914062,131.9856614401174,134.72720336914062,3432304
1122,2021-06-16,132.37732989627244,135.51052113642092,131.9856809912539,133.55227661132812,4014461
1123,2021-06-15,130.8107373623018,133.55227976211054,130.41908844804342,132.76898193359375,4186787
1124,2021-06-11,134.72721890203968,135.11886779419677,130.02743219615456,130.81072998046875,4909575
1125,2021-06-10,133.55225682813068,135.90214991015057,132.37731028712074,134.72720336914062,4759449
1126,2021-06-09,132.76896820971245,134.3355637048123,131.2023727146126,132.3773193359375,4934575
1127,2021-06-08,134.72722491096047,135.90217163983513,132.76898036283606,133.16062927246094,1945943
1128,2021-06-07,133.9439239501953,134.72722175107364,129.63578604536445,133.9439239501953,3255705
1129,2021-06-04,135.90217163983513,136.29382054946004,133.16062927246094,133.16062927246094,3841031
1130,2021-06-03,134.33557556152343,137.07711791992188,132.37733101981027,137.07711791992188,6197770
1131,2021-06-02,137.0771183687098,137.0771183687098,131.98568254358628,133.16062927246094,6583137
1132,2021-06-01,130.4190823301977,134.72722018494898,128.85248674665178,134.3355712890625,6019346
1133,2021-05-31,130.02743687010243,131.20238358880817,126.89424562022045,129.6357879638672,5326334
1134,2021-05-28,133.55228944154115,133.94393838418495,129.63580001510297,130.41909790039062,4607912
1135,2021-05-27,127.67753884321202,131.59402776478294,127.28588995105493,130.81072998046875,9652486
1136,2021-05-26,133.16061717707936,134.7272126732803,127.28588406632586,128.46083068847656,6633223
1137,2021-05-25,131.59402311874072,133.94391638871824,129.2441298487632,131.9856719970703,7663808
1138,2021-05-24,126.89423368042362,128.85247802734375,125.32763820288753,128.85247802734375,4384571
1139,2021-05-21,131.2023712436479,134.33556219872008,125.32763820288753,128.85247802734375,7949811
1140,2021-05-20,133.16061401367188,135.11885833740234,124.54433898925781,129.24412536621094,14080668
1141,2021-05-19,136.68546785147657,139.81865909162505,132.768978801291,133.55227661132812,6891110
1142,2021-05-18,133.16062580455434,139.42700819535688,130.81073240800336,137.86041259765625,8580409
1143,2021-05-17,121.41115946942065,134.7272221209055,121.41115946942065,130.02743530273438,7265301
1144,2021-05-14,133.16062927246094,135.51052273021025,131.20238472433653,133.16062927246094,7176289
1145,2021-05-13,131.5940336339614,135.51052273021025,126.5025978088379,133.16062927246094,11505574
1146,2021-05-12,137.07709312438965,138.64368847438266,123.36938381195068,131.59400939941406,12084470
1147,2021-05-11,143.34348770667768,146.08502982128627,134.72721248933638,136.29380798339844,10093363
1148,2021-05-10,148.82658074663573,151.95977192024912,145.69338957302233,149.60987854003906,8233409
1149,2021-05-07,149.60988167210627,150.39317948190788,144.12679700349506,148.8265838623047,7691405
1150,2021-05-06,155.09295849609373,155.87625626627604,142.95184305826822,146.8683319091797,15070632
1151,2021-05-05,152.74306031846507,159.00944228024827,150.00151821018494,151.9597625732422,17898343
1152,2021-05-04,150.39317633344243,157.44285647407253,146.4766873664257,149.60987854003906,23395160
1153,2021-05-03,152.74306358175076,157.05120127251809,143.73513931923725,147.25997924804688,20850921
1154,2021-04-29,138.64371422248158,145.69339460667555,136.68546967131658,144.51844787597656,8852483
1155,2021-04-28,141.77689681791924,142.16854570415657,137.07711018307108,139.0353546142578,4869889
1156,2021-04-27,139.0353651419698,142.56020538500567,137.8604183942912,140.21031188964844,5897415
1157,2021-04-26,137.46876214651482,140.21030441154502,135.51051767149323,138.25205993652344,4902190
1158,2021-04-23,135.51052228655135,137.4687668282645,132.7689799281529,137.07711791992188,5468204
1159,2021-04-22,136.68546625326948,137.860412954587,132.7689772488778,133.9439239501953,7375362
1160,2021-04-21,132.7689772488778,135.51051955195197,127.67754154316863,133.9439239501953,9695593
1161,2021-04-20,134.7272265048857,135.5105243334025,131.98568410507698,132.76898193359375,3956119
1162,2021-04-19,138.25206185502614,138.64371075546532,131.98567944799947,133.9439239501953,8178030
1163,2021-04-16,133.94393074612657,143.73515375388436,132.76898398519563,139.81866455078125,13629151
1164,2021-04-15,130.41908690508674,133.16062927246094,129.635789085837,133.16062927246094,6167885
1165,2021-04-14,126.11093444824218,129.63577423095703,124.9359878540039,129.24412536621094,7410018
1166,2021-04-13,130.4190719604492,131.2023696899414,124.15269012451171,125.32763671875,7071012
1167,2021-04-12,134.33557321939125,134.33557321939125,129.24413749970586,130.02743530273438,4041039
1168,2021-04-09,129.635789085837,134.3355760013356,129.635789085837,133.16062927246094,6462439
1169,2021-04-08,133.1606233334113,133.5522722255684,129.24413441184038,130.81072998046875,4847331
1170,2021-04-07,135.5105103261372,135.5105103261372,131.98567046216252,132.3773193359375,2134605
1171,2021-04-01,136.2938110704367,138.64370436475457,134.72721554089145,135.51051330566406,2681571
1172,2021-03-31,134.72721248933638,139.81864784503804,133.94391474230537,136.29380798339844,7382374
1173,2021-03-30,130.81073274668196,134.72722175107364,129.2441371449253,133.9439239501953,4457772
1174,2021-03-29,131.20239578567825,131.20239578567825,128.85250212981535,130.41909790039062,3352997
1175,2021-03-26,131.5940309087914,132.37732871181996,128.46083969667734,130.02743530273438,3733146
1176,2021-03-25,127.67754189364882,131.20238200727715,124.935999583049,130.02743530273438,7485930
1177,2021-03-24,126.89423824380512,130.81072707849046,126.11094047686805,127.67753601074219,7265657
1178,2021-03-23,129.63577578980247,130.02742465925806,124.5443404868797,126.89423370361328,8706766
1179,2021-03-22,128.0691923389262,131.98568140127867,127.28589452645569,129.6357879638672,7933583
1180,2021-03-19,126.50258945453204,126.8942383382922,124.54434503573123,125.71929168701172,5375179
1181,2021-03-18,127.67753447086439,130.81072550082425,127.2858855921194,128.06918334960938,6403982
1182,2021-03-17,125.32765174278848,127.67754521296575,123.76105609600361,127.28589630126953,6231455
1183,2021-03-16,123.76104125976562,130.0274230957031,122.19444580078124,125.32763671875,12224489
1184,2021-03-15,119.452906674559,125.32763978970125,117.49466230284493,124.54434204101562,10998872
1185,2021-03-12,120.23620613047619,121.01950389028386,117.49466397114936,118.27796173095703,4297604
1186,2021-03-11,116.31972463899793,120.62786258859043,115.5364268299811,120.23621368408203,9144663
1187,2021-03-10,117.88631766183036,118.66961545360333,114.36147759885205,115.144775390625,5543130
1188,2021-03-09,115.53641357937376,117.49465787732925,112.40322270264497,115.92806243896484,4980807
1189,2021-03-08,115.53641357937376,116.31971129855594,114.36146700060046,115.92806243896484,4146915
1190,2021-03-05,111.61993243030666,115.92807017323078,110.05333688742516,113.9698257446289,6211060
1191,2021-03-04,117.10301055908202,117.10301055908202,112.4032241821289,113.57817077636719,5154381
1192,2021-03-03,115.92806547541284,117.49466095481031,113.57817225631663,117.10301208496094,6169517
1193,2021-03-02,119.06126125899378,119.84455903043452,113.18652797318816,113.9698257446289,7685363
1194,2021-02-26,118.27797570964634,119.45292248821899,114.36148644773752,116.71138000488281,11619004
1195,2021-02-25,125.32763988940746,126.50258651337067,119.0612578949371,120.62785339355469,12829646
1196,2021-02-24,125.32764141376202,126.11093917259802,120.62785486074594,122.19445037841797,18390116
1197,2021-02-23,114.36147126472403,126.5025863647461,112.79487576794699,126.5025863647461,25032245
1198,2021-02-22,112.79488201530613,119.45291324537628,112.40323311941965,115.144775390625,12733431
1199,2021-02-19,110.836633317014,111.6199310789717,106.52849562624668,110.44498443603516,7359077
1200,2021-02-18,110.836633317014,111.6199310789717,108.87838891211977,110.44498443603516,6104580
1201,2021-02-17,110.83663784618109,115.14477571299379,108.87839336126623,111.22828674316406,15082130
1202,2021-02-05,104.96189880371094,105.74519655597744,103.78695217531119,104.96189880371094,2162961
1203,2021-02-04,104.96188803618809,105.74518570809994,103.39529269236438,103.78694152832031,2615649
1204,2021-02-03,104.96190178790215,106.92014622424361,104.57025290063386,106.13684844970703,2837279
1205,2021-02-02,102.61201891136878,106.52850818279508,101.4370721299409,105.35356140136719,4436052
1206,2021-02-01,102.61199951171875,104.17859492411141,101.82870180552243,102.61199951171875,2231635
1207,2021-01-29,105.35355090729578,106.92014645982063,101.82871091411488,102.2203598022461,6644234
1208,2021-01-28,104.96191247422456,107.31180603708033,104.57026354708192,105.35356140136719,3581429
1209,2021-01-27,107.3117904663086,108.87838594756856,106.13684385536361,107.3117904663086,5061105
1210,2021-01-26,105.74521032850981,107.31180603708033,104.57026354708192,105.35356140136719,3709970
1211,2021-01-25,104.570251380696,108.09509131487677,103.78695361754473,106.52849578857422,5091971
1212,2021-01-22,101.82870929160815,104.96190034673455,101.04541152782654,104.57025146484375,5117875
1213,2021-01-21,100.26211240310077,101.82870790939923,99.87046352652617,101.04541015625,3020483
1214,2021-01-20,103.00365929697075,103.39530819163603,99.47881924498316,99.87046813964844,4951999
1215,2021-01-19,103.00364385640846,104.57023920023217,101.82869734854069,103.78694152832031,3361340
1216,2021-01-18,105.74519033650405,105.74519033650405,101.43705295242425,102.61199951171875,3395969
1217,2021-01-15,109.66168531730993,110.05333419344319,104.96189880371094,104.96189880371094,4500955
1218,2021-01-14,108.87838439941406,111.61992645263672,107.31178894042968,109.66168212890625,7871613
1219,2021-01-13,103.39530613111414,110.44498609459919,102.61200835739358,108.0950927734375,12480155
1220,2021-01-12,101.04541313785245,104.17860424290214,100.26211536159003,102.2203598022461,5079202
1221,2021-01-11,101.82871718351016,101.82871718351016,99.47882371004454,100.65377044677734,4544134
1222,2021-01-08,101.82871539329847,104.17860882545152,101.0454175825808,103.003662109375,4394202
1223,2021-01-07,101.82870790939923,102.61200566254844,100.65376127967538,101.04541015625,2814395
1224,2021-01-06,101.82871718351016,102.61201500799869,100.26212153453308,100.65377044677734,3247398
1225,2021-01-05,103.7869569338285,103.7869569338285,101.437063569289,101.8287124633789,3843709
1226,2021-01-04,105.74519811051614,105.74519811051614,103.78695370106215,104.57025146484375,3621928
1227,2020-12-31,101.82869734854069,104.96188803618809,101.43704851258475,103.78694152832031,5271803
1228,2020-12-30,101.437063569289,101.8287124633789,99.4788190988394,101.8287124633789,2756237
1229,2020-12-29,100.26212153453308,101.82871718351016,100.26212153453308,100.65377044677734,1495992
1230,2020-12-28,99.08717035031786,101.82871261297488,98.69552145565258,99.87046813964844,2614444
1231,2020-12-25,99.08716893291094,99.47881782197382,97.91222226572228,98.30387115478516,1265998
1232,2020-12-24,98.69551391601561,99.4788116455078,97.91221618652344,97.91221618652344,2052185
1233,2020-12-23,98.69551391601561,99.8704605102539,97.91221618652344,97.91221618652344,2333857
1234,2020-12-22,102.61201525491381,102.61201525491381,98.69552612304688,98.69552612304688,5158434
1235,2020-12-21,104.96190504594283,105.35355394536798,102.22036274996671,103.39530944824219,2493513
1236,2020-12-18,103.78695523828492,107.70344411520132,103.78695523828492,104.17860412597656,9468756
1237,2020-12-17,102.2203461844966,104.96188803618809,101.82869734854069,103.78694152832031,3772358
1238,2020-12-16,103.39530803973858,103.39530803973858,101.437063569289,101.8287124633789,3209716
1239,2020-12-15,101.04541467519907,104.57025472200834,101.04541467519907,101.8287124633789,5860335
1240,2020-12-14,103.78695229227229,104.1786011688469,101.04541015625,101.04541015625,3069793
1241,2020-12-11,102.61199502045254,104.17859036427623,101.04539967662883,103.78694152832031,3522510
1242,2020-12-10,103.78694607101323,105.74519033650405,102.22035065862059,102.61199951171875,5801833
1243,2020-12-09,103.00366054881702,104.1786072470925,101.04541605169122,103.39530944824219,3124082
1244,2020-12-08,103.003662109375,104.96190663616919,102.61201320401615,103.003662109375,5860999
1245,2020-12-07,99.87045316876106,104.17859036427623,99.0871554968492,103.78694152832031,9358615
1246,2020-12-04,99.87046358613628,100.26211246294466,99.08716583251953,99.08716583251953,3090247
1247,2020-12-03,101.04540556669235,101.43705442547798,99.0871612727642,100.2621078491211,4133889
1248,2020-12-02,101.43705442547798,101.43705442547798,99.87045899033546,100.2621078491211,4594951
1249,2020-12-01,97.912223666322,100.65376592897903,97.12892587699143,99.87046813964844,4766100
1250,2020-11-30,99.8704605102539,99.8704605102539,97.91221618652344,97.91221618652344,7526163
1251,2020-11-27,97.91222519761935,100.26211860236221,97.52057629682886,99.47882080078125,6912888
1252,2020-11-26,95.95398087099375,97.91222537856504,95.95398087099375,97.52057647705078,3183983
1253,2020-11-25,95.95396573426294,96.73726341372631,95.17066805479956,95.56231689453125,2664117
1254,2020-11-24,97.12892935796039,97.12892935796039,94.77903590575167,95.17068481445312,4158222
1255,2020-11-23,97.91221309769973,98.30386195009054,95.95396883574574,96.73726654052734,4829492
1256,2020-11-20,96.34561768813654,97.12891539291813,95.17067113096414,96.73726654052734,3916207
1257,2020-11-19,94.77903877816549,97.52058122216201,94.38738985759456,96.34563446044922,5527127
1258,2020-11-18,94.38738856039757,95.56233530596268,93.60409073002081,94.77903747558594,3477684
1259,2020-11-17,93.21244181483245,95.1706863907743,92.82079289964408,94.77903747558594,5855056
1260,2020-11-16,92.82079315185547,93.21244206810802,92.03749531935036,92.82079315185547,3493682
1261,2020-11-13,90.07924789037459,92.42914131360176,89.6875989865034,91.64584350585938,3795385
1262,2020-11-12,91.25419321474823,92.03749101058297,89.29594872516135,90.0792465209961,3494617
1263,2020-11-11,89.68758259225399,93.99571974734043,89.29593375997341,92.0374755859375,6214927
1264,2020-11-10,93.99573237885463,93.99573237885463,88.5126479900881,88.904296875,7747763
1265,2020-11-09,94.38738406499228,94.77903296152752,92.42913958231608,93.99573516845703,2903380
1266,2020-11-06,93.60408020019531,94.77902681358688,92.82078245793427,93.60408020019531,3198490
1267,2020-11-05,93.21244206810802,93.99573990061313,92.03749531935036,92.82079315185547,1890291
1268,2020-11-04,92.0374862286223,93.60408173889672,90.86253959591649,93.21243286132812,2419308
1269,2020-11-03,90.86252908909574,92.82077325049868,90.86252908909574,92.0374755859375,2641159
1270,2020-11-02,88.51264940402208,91.25419164219976,88.12100051285384,90.47089385986328,5684201
1271,2020-10-30,94.38738439808722,94.77903329600458,90.0792465209961,90.0792465209961,6159745
1272,2020-10-29,94.38738856039757,95.1706863907743,92.4291439844557,94.77903747558594,2929394
1273,2020-10-28,95.56233661930735,96.73728338102015,93.99574093702363,96.34563446044922,4810800
1274,2020-10-27,95.95398263185604,96.73728044925893,94.77903590575167,95.17068481445312,2378977
1275,2020-10-26,96.34561768813654,97.52056424530893,95.95396883574574,96.73726654052734,1568198
1276,2020-10-23,97.52057507573342,97.91222397161991,95.56233059630102,95.9539794921875,3438472
1277,2020-10-22,95.95396883574574,96.73726654052734,95.17067113096414,96.73726654052734,7214622
1278,2020-10-21,97.12892617984694,98.69552176339286,95.17068170041455,95.9539794921875,3537173
1279,2020-10-20,97.1289291381836,97.52057804599885,95.56233350692257,97.1289291381836,3349844
1280,2020-10-19,96.73728023036833,97.9122269538141,95.56233350692257,97.1289291381836,2868588
1281,2020-10-16,95.56231998335494,97.52056424530893,94.77902227857335,96.73726654052734,4844023
1282,2020-10-15,99.87045735965373,100.26210621204453,96.73726654052734,96.73726654052734,5675668
1283,2020-10-14,101.04540556669235,101.04540556669235,99.0871612727642,100.2621078491211,5083175
1284,2020-10-13,101.82870790939923,102.22035678597383,99.47881464995154,101.04541015625,3574246
1285,2020-10-12,100.65376578110916,101.8287124633789,98.30387241656963,101.8287124633789,5577275
1286,2020-10-08,102.61201500799869,103.00366392024297,99.87047262228882,100.65377044677734,6021751
1287,2020-10-07,101.8287124633789,103.39530803973858,101.04541467519907,101.8287124633789,3712521
1288,2020-10-06,103.00365914564867,103.39530803973858,101.04541467519907,101.8287124633789,3685490
1289,2020-10-05,104.96190201916457,104.96190201916457,101.43706202598366,102.2203598022461,3891565
1290,2020-09-30,104.17860412597656,105.35355078905148,102.22035968751835,104.17860412597656,5518993
1291,2020-09-29,104.96190504594283,104.96190504594283,101.04541605169122,103.39530944824219,4840252
1292,2020-09-28,101.43704851258475,104.17859036427623,100.26210200471698,103.78694152832031,4405990
1293,2020-09-25,101.82870328426361,103.39529871940613,98.69551241397858,100.2621078491211,6131171
1294,2020-09-24,104.17860761026698,104.17860761026698,99.08717189999078,99.47882080078125,9285872
1295,2020-09-23,106.13684844970703,106.92014622424361,103.39530623882898,106.13684844970703,4155864
1296,2020-09-22,106.92014778984917,107.70344557585538,105.35355221783672,105.74520111083984,3638134
1297,2020-09-21,110.05333255851355,110.83663029914354,106.9201415959936,107.3117904663086,3504984
1298,2020-09-18,108.87838288982567,111.22827604572119,107.311787452562,110.05332946777344,13473951
1299,2020-09-17,108.87839665051402,110.44499228577321,108.09509883288442,108.48674774169922,4113512
1300,2020-09-16,108.4867461773989,110.83663959640393,107.31179946789639,108.8783950805664,7126121
1301,2020-09-15,107.3117904663086,109.27003481788356,107.3117904663086,107.3117904663086,4267512
1302,2020-09-14,106.92014007568359,108.09508666992187,106.1368423461914,107.70343780517578,4564208
1303,2020-09-11,104.96190026227166,106.52849578857422,103.39530473596909,106.52849578857422,4125447
1304,2020-09-10,107.31179668285228,107.70344557585538,103.78695664582429,105.74520111083984,6025994
1305,2020-09-09,105.74520111083984,106.13685000384295,101.82871218080874,105.74520111083984,6776264
1306,2020-09-08,107.31180603708033,108.09510389136558,104.57026354708192,105.35356140136719,8115695
1307,2020-09-07,113.1865267753601,113.1865267753601,105.74519802542294,106.52849578857422,11306293
1308,2020-09-04,115.53642444544597,115.53642444544597,111.61993548119356,113.18653106689453,21430653
1309,2020-09-03,112.01158836592867,119.06126875259551,111.22829054518792,117.88632202148438,31220550
1310,2020-09-02,107.31180101525483,113.5781835562916,107.31180101525483,108.48674774169922,22750943
1311,2020-09-01,108.48674336186161,109.27004114786783,103.39530775282117,105.74520111083984,12494054
1312,2020-08-31,109.27003954785336,109.66168843512165,100.65376402795094,106.13684844970703,15080131
1313,2020-08-28,110.83663498145947,111.61993275518003,106.92014611285667,108.0950927734375,5419935
1314,2020-08-27,112.40322262366895,113.1865203423008,108.87838288982567,110.05332946777344,5696953
1315,2020-08-26,113.96984137688483,114.75313925576377,110.8366498613691,112.0115966796875,4477079
1316,2020-08-25,112.01158131602703,113.9698257446289,110.83663465886592,113.9698257446289,5529128
1317,2020-08-24,116.31971765071788,116.31971765071788,109.66168667407746,110.44498443603516,9255893
1318,2020-08-21,110.75726006015034,113.42152404785156,109.61543263684983,113.42152404785156,11667961
1319,2020-08-20,111.13785515102089,113.04090061593563,105.42871875627667,107.3317642211914,10570666
1320,2020-08-19,116.466384415774,120.27247540975354,109.99602972600877,110.75724792480469,9979773
1321,2020-08-18,113.80213318895173,116.46639717665295,111.89908748345087,113.42152404785156,8460057
1322,2020-08-17,112.2796754162721,115.32454796993372,110.37663007023359,113.0408935546875,11608886
1323,2020-08-14,106.95116874906752,111.13786930508084,105.80934132470026,109.61543273925781,6727948
1324,2020-08-13,103.52567044110366,109.99602484367263,103.52567044110366,108.09297943115234,11232083
1325,2020-08-12,103.52568054199219,103.90628966163186,101.24202582415413,103.52568054199219,4017018
1326,2020-08-11,102.003248562778,104.28690338134766,99.71959374420834,104.28690338134766,5535351
1327,2020-08-10,105.04811853394472,105.80933678419069,100.48080903246885,101.24202728271484,7180484
1328,2020-08-07,105.04811096191406,105.42872005960216,103.90628366884978,105.04811096191406,5141723
1329,2020-08-06,106.18993503444797,107.33176229288289,102.7644532591432,103.90628051757812,8325426
1330,2020-08-05,103.52567604758524,105.04811246004972,101.62263053200462,104.6675033569336,7115786
1331,2020-08-04,100.48080455680761,102.38385009765625,99.71958634046817,102.38385009765625,4045140
1332,2020-08-03,98.95836342382067,100.86140887427877,98.19714524363744,99.7195816040039,4690151
1333,2020-07-31,100.48080128636853,100.48080128636853,98.57775580746004,99.33897399902344,5412934
1334,2020-07-30,99.71959982818028,100.8614273071289,98.19716318958211,100.8614273071289,5467921
1335,2020-07-29,98.19714968176882,98.95836789635617,96.29410414530042,98.5777587890625,6893303
1336,2020-07-28,99.71958917402571,100.86141653098021,95.53288886519258,97.81654357910156,12023020
1337,2020-07-27,103.52568359374999,103.90629272460937,98.19715576171875,98.9583740234375,10898133
1338,2020-07-24,105.42872296301405,106.1899411793535,100.86141366497735,102.38385009765625,8799278
1339,2020-07-23,104.28690338134766,106.5705581999173,103.14507597206283,104.28690338134766,6881172
1340,2020-07-22,101.24202731086758,103.14507293701172,100.10019993518111,103.14507293701172,5880611
1341,2020-07-21,100.8614273071289,103.14508226502618,99.71959982818028,100.8614273071289,8333976
1342,2020-07-20,99.71959228515624,100.48081054687499,96.67471923828124,98.9583740234375,4913246
1343,2020-07-17,100.48081054687499,102.0032470703125,98.19715576171875,98.9583740234375,12445752
1344,2020-07-16,98.57775433372906,100.86140887427877,97.4359270634542,99.7195816040039,12140629
1345,2020-07-15,97.8165435185508,98.57776175604926,94.39106144980778,95.91349792480469,7826078
1346,2020-07-14,92.48801585606165,98.19715263730004,92.10740673731243,95.91349792480469,17398333
1347,2020-07-13,92.1074081357584,95.53289025650975,90.96558076217462,91.72679901123047,9218533
1348,2020-07-10,92.10740027993413,92.8686184640658,88.30130935927569,89.82374572753906,7256044
1349,2020-07-09,89.06253662109374,91.34619140625,86.7788818359375,91.34619140625,8253046
1350,2020-07-08,89.06254123819286,90.58497784055513,86.39827718405888,88.30132293701172,9480088
1351,2020-07-07,92.10740027993413,92.10740027993413,88.68191845134153,89.82374572753906,7533074
1352,2020-07-06,89.82375638953812,90.96558380126953,89.0625381150505,90.96558380126953,5546308
1353,2020-07-03,89.06252734692066,93.62983644163454,86.77887279956371,87.92070007324219,11150698
1354,2020-07-02,85.25644380012444,86.39827117244754,82.97278905547826,86.01766204833984,6052404
1355,2020-07-01,82.21156638009208,86.01765741620744,82.21156638009208,85.25643920898438,7897038
1356,2020-06-30,81.45035400390624,81.83096313476562,79.92791748046875,81.83096313476562,3068685
1357,2020-06-29,80.68913118604203,82.21156762351453,78.78608563920142,81.06974029541016,3758301
1358,2020-06-24,81.45034940477828,81.8309585141464,80.30852207667391,81.06974029541016,4614124
1359,2020-06-23,81.45034322198832,81.45034322198832,79.54729781960542,80.68912506103516,4420014
1360,2020-06-22,77.64426269531249,80.30852661132812,77.26365356445312,79.92791748046875,4339226
1361,2020-06-19,79.92791748046875,80.30852661132812,78.02487182617188,78.02487182617188,6222931
1362,2020-06-18,78.4054749411259,79.54730224609375,77.26364763615804,79.54730224609375,4393679
1363,2020-06-17,78.78608088817411,79.54729906100671,76.5024263696763,78.40547180175781,5188060
1364,2020-06-16,78.40548551255378,78.78609466552734,77.2636580536331,78.78609466552734,2974226
1365,2020-06-15,79.1666945283636,79.54730363667305,76.88303987850696,77.2636489868164,3375666
1366,2020-06-12,75.89346277987437,78.78609466552734,75.5128536269008,78.78609466552734,3930720
1367,2020-06-11,81.06974487304687,81.45035400390624,77.64426269531249,78.02487182617188,4653794
1368,2020-06-10,79.54730683819378,80.68913420907694,79.16669771456606,80.30852508544922,4822135
1369,2020-06-09,81.45035400390624,81.83096313476562,79.54730834960937,81.83096313476562,4183437
1370,2020-06-08,85.25643402675414,85.25643402675414,79.927906900082,80.68912506103516,10009818
1371,2020-06-05,83.73400427300834,86.77887715566318,83.73400427300834,84.8758316040039,11390141
1372,2020-06-04,82.21156311035156,83.73399946424696,81.45034493340387,82.21156311035156,7538204
1373,2020-06-03,79.927906900082,80.68912506103516,78.02486149769909,80.68912506103516,5741716
1374,2020-06-02,78.78608553226178,80.3085219676678,78.02486731455876,79.16669464111328,3255201
1375,2020-06-01,77.2636580536331,78.78609466552734,76.88304890065953,78.78609466552734,3199116
1376,2020-05-29,76.88304138183594,77.64425961333926,76.12182315033262,76.88304138183594,5180022
1377,2020-05-28,77.26365356445312,78.02487182617188,76.50243530273437,78.02487182617188,5886126
1378,2020-05-27,80.68913413280279,82.21157062587453,76.12182465358754,76.50243377685547,9213070
1379,2020-05-26,79.54730834960937,79.92791748046875,78.40548095703124,79.92791748046875,4294059
1380,2020-05-25,79.1667038185009,79.1667038185009,75.8173421108066,78.78609466552734,6626103
1381,2020-05-22,79.92791748046875,79.92791748046875,77.26365356445312,78.02487182617188,6625823
1382,2020-05-21,82.97277954389465,83.73399770484781,79.16668873912883,80.68912506103516,6671411
1383,2020-05-20,82.21156762351453,82.59217673288265,79.92791296730579,81.06974029541016,7190372
1384,2020-05-19,79.927906900082,81.45034322198832,78.02486149769909,80.68912506103516,8218138
1385,2020-05-18,79.1666945283636,79.54730363667305,76.12182166188809,77.2636489868164,5297517
1386,2020-05-15,79.92792212444803,81.45035873634228,76.50243974768598,78.78609466552734,10868406
1387,2020-05-14,78.78609008789061,79.92791748046875,75.51284923944621,78.02487182617188,15031294
1388,2020-05-13,75.43673005729728,78.40548249786976,75.28448872501544,77.6442642211914,19906766
1389,2020-05-12,71.78288358246208,74.97999792207551,71.70675711105298,74.90387725830078,18016432
1390,2020-05-11,69.80370499284395,71.70675044856635,69.11861327489096,71.32614135742188,5331836
1391,2020-05-08,70.41268280087499,70.41268280087499,68.58575797748767,69.11861419677734,2545909
1392,2020-05-07,68.50963972737742,70.03207616576358,68.35739840659245,69.9559555053711,1983603
1393,2020-05-06,68.8902542284747,69.11862203515884,67.7484268103232,68.12903594970703,2119374
1394,2020-05-05,69.19474115176126,69.72759161191061,68.5096435546875,68.5096435546875,2069174
1395,2020-05-04,68.58576270019782,69.65146940452617,68.58576270019782,68.89025115966797,2851769
1396,2020-04-30,70.71716852976955,70.94553049417183,70.18431233089687,70.79328918457031,2643726
1397,2020-04-29,70.64105412697525,70.94553677312618,70.10819788094274,70.18431854248047,1741336
1398,2020-04-28,70.79329393482044,71.02166172217994,69.95595506055905,70.56492614746094,1890709
1399,2020-04-27,70.79329507670145,71.09778352888077,70.10819751120654,70.26044464111328,1747795
1400,2020-04-24,70.6410508539639,71.09778060966282,69.72758553493212,70.03207397460938,2116843
1401,2020-04-23,69.42309882593158,70.79329393482044,69.27085750611462,70.56492614746094,3192107
1402,2020-04-22,67.74842379238065,68.89025115966797,67.74842379238065,68.89025115966797,1875124
1403,2020-04-21,69.57535318245462,70.41269214371785,68.12903726338105,68.7380142211914,3888365
1404,2020-04-20,70.94553899160941,71.5545159182225,70.03207940932415,70.10820007324219,3186344
1405,2020-04-17,71.63062800264602,73.22918498399667,70.26043879333133,70.79328918457031,7510839
1406,2020-04-16,69.6514696111305,70.33656719506192,69.1186191612029,69.8037109375,3752876
1407,2020-04-15,68.50964569307061,70.3365707397461,68.12903655033134,70.3365707397461,5372204
1408,2020-04-14,67.21557201259941,68.66188200307344,67.06332488206294,68.2812728881836,2248898
1409,2020-04-13,66.91108090153031,67.21556934287509,66.30210401884074,66.53047180175781,917502
1410,2020-04-10,66.60659315221024,67.36781135966407,66.14986338926474,66.8349609375,1744273
1411,2020-04-09,67.44393239088122,67.44393239088122,66.30210507340253,66.75883483886719,2337043
1412,2020-04-08,67.44393201888265,68.66187998928197,66.3021047077019,66.8349609375,3871499
1413,2020-04-07,69.2708493350597,69.49921709548138,67.52004532551581,67.7484130859375,4288118
1414,2020-04-06,68.43352289004251,69.19474115176126,67.82454595761374,68.5096435546875,2943206
1415,2020-04-01,68.81412806907811,69.65146694735556,67.29169163307033,68.05290985107422,8269239
1416,2020-03-31,65.54089135380458,68.28127594204764,64.7796730899796,67.52005767822266,6269494
1417,2020-03-30,63.18111440268453,65.31252781402159,62.191528360070684,64.09457397460938,3942270
1418,2020-03-27,66.22598965541172,66.98720792731301,63.33335789913304,64.0184555053711,4381639
1419,2020-03-26,62.72438235562464,64.32293945268526,61.5064343677515,63.71396255493164,5437533
1420,2020-03-25,59.907864496351884,61.81090982098357,59.22277282559123,61.658668518066406,5461830
1421,2020-03-24,56.25402538386004,59.52726011519354,56.25402538386004,58.4615592956543,3309206
1422,2020-03-23,56.482398250222495,56.786886746376325,55.26445007324219,55.26445007324219,2972460
1423,2020-03-20,54.88383057178558,59.37501907348633,54.88383057178558,59.37501907348633,5728152
1424,2020-03-19,53.43752113733434,55.18832551108466,52.143452379438614,54.807716369628906,7556287
1425,2020-03-18,58.918292395956676,59.37502217423162,55.72117233276367,55.72117233276367,4888748
1426,2020-03-17,57.85259163148941,59.75563740884104,57.54810314558619,58.99441909790039,5175102
1427,2020-03-16,60.89745954083178,61.04970086663014,58.38543701171875,58.38543701171875,3843299
1428,2020-03-13,58.004824927227254,62.115404397829074,57.5480951655235,60.59296798706055,5862794
1429,2020-03-12,64.77966826265649,65.16027736620633,62.49601364135743,62.49601364135742,4571543
1430,2020-03-11,65.38864965721014,66.75883903982657,64.77967272651321,65.6931381225586,3778116
1431,2020-03-10,64.70355139871491,65.84537877633929,64.17070094554394,65.3886489868164,4088838
1432,2020-03-09,66.37821926862992,66.8349547972483,65.46475982666016,65.46475982666016,4607535
1433,2020-03-06,69.72759023682659,69.72759023682659,67.90066528320312,67.90066528320312,3310022
1434,2020-03-05,69.1186191612029,70.18432006105809,68.96637202719906,69.8037109375,2782733
1435,2020-03-04,68.35740544961709,69.4992328960519,68.35740544961709,68.6618881225586,2297544
1436,2020-03-03,69.27086181640625,69.57535028262063,68.35740222539752,68.5096435546875,4544640
1437,2020-03-02,67.21557334403363,69.1947396191381,67.21557334403363,68.89025115966797,4609543
1438,2020-02-27,70.18431502008886,70.79329189709594,69.11861419677734,69.11861419677734,3590398
1439,2020-02-26,69.2708596589331,71.0216639294104,69.2708596589331,70.48880767822266,2281742
1440,2020-02-25,69.27085750611462,71.1739030419969,68.81412773902969,70.56492614746094,2152078
1441,2020-02-24,71.7828844031319,72.54410266485066,69.72759161191061,70.41268920898438,3389734
1442,2020-02-21,72.92471246804507,73.15307446408544,71.85900573028657,72.62022399902344,3018122
1443,2020-02-20,73.83817274254744,75.81733909783108,72.92471313476562,72.92471313476562,8551455
1444,2020-02-19,72.54410399691744,73.38144293865653,72.39185685719744,72.92471313476562,2652294
1445,2020-02-18,73.0769476280261,73.38143607133634,72.16348810572937,72.23960876464844,2307340
1446,2020-02-17,72.39185077346531,73.00082766589846,71.7828796886662,72.54409790039062,2295396
1447,2020-02-14,73.22919579893653,73.68593141046199,72.23961552511199,72.92471313476562,3423847
1448,2020-02-13,71.93512339714457,73.68592766531395,71.78288207279691,73.38143920898438,6386307
1449,2020-02-12,73.83817000786102,73.99041133430804,71.63063592857337,71.70675659179688,5318063
1450,2020-02-11,71.85899897071991,72.16348741109921,71.02166011540228,71.93511962890625,2465967
1451,2020-02-10,70.56492534156342,71.85899977576464,70.41268402348517,71.2500228881836,3033625
1452,2020-02-07,72.7724537377359,72.7724537377359,71.17389678955078,71.17389678955078,6377674
1453,2020-02-06,70.79330214166525,72.77246856689453,70.71718147293234,72.77246856689453,6955971
1454,2020-02-05,70.41268307229747,71.78287814702819,69.42309709525485,70.03207397460938,7235161
1455,2020-02-04,65.54088546036307,70.03207397460938,65.31252348633058,70.03207397460938,4305124
1456,2020-02-03,69.72758839789094,70.56492728565843,68.50964039680785,70.26044464111328,5203090
1457,2020-01-31,69.72758690906022,72.08736219970393,69.65146624954927,70.64105224609375,7877603
1458,2020-01-30,70.03207852695527,70.41268764938438,68.28127424072767,68.89025115966797,9139756
1459,2020-01-20,71.78287654524979,72.69633603626451,70.86941124660126,71.40226745605469,4728916
1460,2020-01-17,71.02166699048395,72.31573572782277,70.33656938521979,71.6306381225586,6671308
1461,2020-01-16,70.41268402348517,71.93512043480376,70.41268402348517,71.2500228881836,6392646
1462,2020-01-15,70.10819751120654,70.94553639897403,69.80370905902723,70.26044464111328,4854814
1463,2020-01-14,69.57534421891044,70.03207397460938,68.8902466815451,70.03207397460938,4975799
1464,2020-01-13,69.42309682764697,69.57534395071569,68.58575797748767,69.11861419677734,3153409
1465,2020-01-10,67.90067200196688,69.8798442853512,67.90067200196688,68.58576965332031,8116004
1466,2020-01-09,66.98720721659895,67.74842548042393,66.98720721659895,67.52005767822266,2440071
1467,2020-01-08,66.6827032888082,67.36780072893416,66.45434134718829,66.60658264160156,2932291
1468,2020-01-07,67.82454730880113,68.12903578108148,66.68271989347575,67.215576171875,2448115
1469,2020-01-06,67.44393664035184,67.90066643459389,66.83496551724059,67.59618377685547,2458807
1470,2020-01-03,68.12903308026893,68.73801000068819,67.21557350727436,67.90066528320312,4694705
1471,2020-01-02,66.37822776214578,68.1290320255201,66.37822776214578,67.67230224609375,5546527
1472,2019-12-31,66.14986676274165,66.45435522277813,65.31252785336707,65.99761962890625,3960960
1473,2019-12-30,66.83496175337581,67.06332373381922,66.14986419677734,66.14986419677734,1842186
1474,2019-12-27,67.59617914495384,67.67229980417241,66.8349609375,66.8349609375,2099409
1475,2019-12-26,66.98720836575609,67.74842664263969,66.98720836575609,67.215576171875,3332946
1476,2019-12-25,65.99761053380672,66.75882867517765,65.99761053380672,66.37821960449219,1042107
1477,2019-12-24,65.84537830270517,66.60659654897921,65.84537830270517,65.99761962890625,2141428
1478,2019-12-23,66.83496589225106,66.9872072219745,65.61701202392578,65.61701202392578,2409414
1479,2019-12-20,66.98719716158648,67.36780623636822,66.68270874023438,66.68270874023438,4371987
1480,2019-12-19,66.60659351959032,67.06332328505499,66.14986375412566,66.75883483886719,3811523
1481,2019-12-18,66.073732303522,66.83495039085459,65.84536455426898,66.60658264160156,4910501
1482,2019-12-17,65.69314135408374,65.84538269042969,65.31253220558415,65.84538269042969,3007175
1483,2019-12-16,65.54088047888538,65.61700113111061,65.00803010567527,65.46475982666016,1661
1484,2019-12-13,65.69313744904312,65.69313744904312,65.0841605245897,65.3886489868164,2335741
1485,2019-12-12,65.16027576592231,65.6170055174384,65.08415510860861,65.3125228881836,1842904
1486,2019-12-11,65.16028051393458,65.54088963587068,64.47518293292272,65.08415985107422,1796967
1487,2019-12-10,64.77966815745003,64.93191528320312,64.47517971357786,64.93191528320312,1400137
1488,2019-12-09,65.08415150597169,65.236392812172,64.62742177973719,64.7796630859375,1087739
1489,2019-12-06,64.55131091680377,64.93192004766316,64.32294311523437,64.70355224609375,1902241
1490,2019-12-05,64.55130767822266,64.77966966070055,64.24681922728465,64.55130767822266,2787494
1491,2019-12-04,64.24682397466255,64.85579511390299,64.01845616767577,64.32294464111328,2704456
1492,2019-12-03,63.40948502843532,64.39906530756402,63.40948502843532,64.32294464111328,1898478
1493,2019-12-02,63.9423299733044,64.24681842041838,63.4094795465805,63.79008865356445,1552753
1494,2019-11-29,64.77966662517863,64.85578728243765,63.79008646554372,63.866207122802734,3063437
1495,2019-11-28,65.16027656280728,65.2363972210519,64.47517902333773,64.62742614746094,1614902
1496,2019-11-27,65.08415547406851,65.4647645704081,65.08415547406851,65.23639678955078,1002465
1497,2019-11-26,64.70354531882604,65.0080337524414,64.70354531882604,65.0080337524414,3869189
1498,2019-11-25,65.31252590175059,65.31252590175059,64.32293988811061,64.55130767822266,2002960
1499,2019-11-22,65.61700702237299,65.92149546624516,64.70354749839049,64.93191528320312,1805864
1500,2019-11-21,65.46475982666016,65.54088047888538,64.55130038469039,65.46475982666016,1860019
1501,2019-11-20,65.61700509534344,65.99761418709748,65.5408844385194,65.92149353027344,2826959
1502,2019-11-19,64.32293728138934,65.69313235126542,64.32293728138934,65.23639678955078,4958121
1503,2019-11-18,63.181115722656244,64.70355224609375,63.181115722656244,64.70355224609375,3332751
1504,2019-11-15,63.56172123431029,63.94233034349777,63.40947991368894,63.71396255493164,3536937
1505,2019-11-14,63.7139652227194,63.7139652227194,62.876626308973265,63.028873443603516,7594931
1506,2019-11-13,66.98720136895237,66.98720136895237,63.18111038208007,63.18111038208008,16980069
1507,2019-11-12,67.97678084635919,68.05290149728862,67.36780402365696,67.7484130859375,2007195
1508,2019-11-11,68.35740463989264,68.73801378419574,67.36781854165068,67.44393920898438,2657884
1509,2019-11-08,68.50964068017119,68.73800847215877,68.05291090383021,68.2812728881836,1431031
1510,2019-11-07,68.96637161255678,69.04249227528388,67.82454424874744,67.97679138183594,3369401
1511,2019-11-06,70.10820248190865,70.10820248190865,68.6618865872381,69.04249572753906,2352343
1512,2019-11-05,70.03207685007025,70.79329507670145,69.95595618893397,70.26044464111328,4474368
1513,2019-11-04,69.2708579465705,69.9559555053711,68.73800751618899,69.9559555053711,5221941
1514,2019-11-01,68.89025335581529,68.89025335581529,67.97679375591906,68.81413269042969,2230491
1515,2019-10-31,68.35740222539752,68.81413202090188,67.97679309453815,68.5096435546875,2529213
1516,2019-10-30,68.28127508284307,68.43352221827297,67.74842462792438,68.20515441894531,2709760
1517,2019-10-29,69.87983581682829,69.87983581682829,67.7484224503915,68.2812728881836,4057055
1518,2019-10-28,69.27085551221215,70.10819436237145,69.11861419677734,69.11861419677734,4810814
1519,2019-10-25,68.43352221827297,68.50964288217072,67.82454529182213,68.20515441894531,1819559
1520,2019-10-24,69.65147250724239,70.03208164662622,67.9006681430229,68.12903594970703,5068697
1521,2019-10-23,68.05291076108256,69.42310008723135,67.90066363086545,69.27085876464844,5149691
1522,2019-10-22,68.20514827742159,68.3573953991424,67.44393009171904,67.82453918457031,3179887
1523,2019-10-21,68.43351055956917,68.66187251235746,67.36780402365696,67.7484130859375,3138114
1524,2019-10-18,68.89025094982968,68.96637161255678,67.90066491147454,67.97679138183594,2463237
1525,2019-10-17,69.27086470354945,69.499232514637,68.43352574228622,68.7380142211914,1748195
1526,2019-10-16,68.50964422125278,69.0424946865865,68.12903508669027,68.81413269042969,2998487
1527,2019-10-15,69.19473787350938,69.65146764737517,68.20515185710502,68.3573989868164,3048955
1528,2019-10-14,68.2051550884731,69.27086181640625,67.67230462832376,68.5096435546875,3519057
1529,2019-10-09,67.74842664263969,67.9767944487586,67.06332903191755,67.215576171875,3221374
1530,2019-10-08,68.50963811465527,68.96636787389285,67.59617859618014,68.43351745605469,2229278
1531,2019-10-07,68.81413202090188,68.89025268554687,68.12903442382812,68.5096435546875,2565351
1532,2019-10-04,67.82454424874744,68.7380096243755,67.59618226056615,67.97679138183594,3022549
1533,2019-10-03,67.74841674962771,67.90065805971945,67.29168701171875,67.29168701171875,4513724
1534,2019-10-02,68.35740222539752,69.65147094726562,68.2812757531181,68.5096435546875,2770761
1535,2019-10-01,69.11861721247078,69.95595609916376,68.3573989868164,68.3573989868164,4246281
1536,2019-09-27,68.6618877457391,69.42310603918469,68.12903726338105,68.7380142211914,3931227
1537,2019-09-26,69.27085551221215,69.6514646084331,68.89024641599121,69.11861419677734,3149187
1538,2019-09-25,70.8694103133678,70.8694103133678,69.04248554776214,69.19473266601562,4347595
1539,2019-09-24,70.793290590289,72.08735917049883,70.33656084478164,71.40226745605469,7853657
1540,2019-09-23,69.72758876561988,70.64105412697525,69.0424911965119,70.18431854248047,5747581
1541,2019-09-20,68.73801220045459,70.03208093821564,68.35740306492082,69.72759246826172,8186008
1542,2019-09-19,68.05291090383021,68.89024979506102,67.90066377329376,68.2812728881836,4438516
1543,2019-09-18,67.67229243500807,67.97678084635919,67.13943626323527,67.7484130859375,2768490
1544,2019-09-17,67.59618377685547,67.59618377685547,66.45435638743314,67.59618377685547,2668455
1545,2019-09-16,68.05291838337217,68.05291838337217,67.06333225284175,67.3678207397461,3853307
1546,2019-09-12,68.12903461233643,68.12903461233643,67.52005767822266,67.52005767822266,2152942
1547,2019-09-11,67.36781634851144,68.12903461233643,67.06332788145455,67.52005767822266,3058667
1548,2019-09-10,68.12903905318956,68.50964820991128,67.13945292265912,67.3678207397461,5133980
1549,2019-09-06,65.76925747589121,67.21557330173857,65.76925747589121,66.9872055053711,6606114
1550,2019-09-05,65.46477069420234,65.61701202392578,65.08416156225931,65.61701202392578,3007446
1551,2019-09-04,64.62742683933095,64.93191528320312,64.32293839545879,64.93191528320312,2514724
1552,2019-09-03,64.70355311160915,64.70355311160915,64.0184555053711,64.0184555053711,2396936
1553,2019-09-02,64.09457360299456,64.93191831464418,63.790090952541185,64.17070007324219,1802159
1554,2019-08-30,64.32293908028836,65.31252508150027,63.7139621860604,63.79008865356445,4773257
1555,2019-08-29,63.942334839707875,64.24682330999529,63.257237233469816,64.0184555053711,2408785
1556,2019-08-28,63.63784855538619,64.17070484860146,63.63784855538619,63.94233703613281,2206886
1557,2019-08-27,62.87661830297556,65.08415210913977,62.724376995364345,63.63783645629883,6972269
1558,2019-08-26,62.49601131103758,63.561717922766405,62.039281565334875,62.11540222167969,7381512
1559,2019-08-23,64.31521882013479,64.31521882013479,63.52031272389982,64.17069244384766,8513207
1560,2019-08-22,64.53201634571431,64.96560100435026,64.170694877963,64.24295806884766,7874646
1561,2019-08-21,64.67653931359374,64.89333438813242,64.45974423905506,64.53201293945312,3695107
1562,2019-08-20,63.37577989301717,64.60427612652343,63.37577989301717,64.53201293945312,7155011
1563,2019-08-19,62.580884807662564,63.73711254398672,62.580884807662564,63.30352783203125,3462046
1564,2019-08-16,61.20785545719007,62.86993644202309,61.06332907299944,62.43635177612305,4853998
1565,2019-08-15,61.71371383936295,61.71371383936295,60.991070833078446,61.135597229003906,4415831
1566,2019-08-14,63.809378027559276,64.31522591368383,62.219560146414956,62.65314483642578,5240507
1567,2019-08-13,63.52031390524243,64.89333655881696,63.37578201293945,63.37578201293945,4546020
1568,2019-08-12,62.50861822475087,64.5320207888025,62.50861822475087,63.59258270263672,6502751
1569,2019-08-08,62.219556686508945,63.08673153163719,61.93049840479953,62.43635177612305,3579939
1570,2019-08-07,62.50862045941954,62.86994196496532,61.64145105144113,61.930503845214844,3617056
1571,2019-08-06,60.19616378939757,63.08673577422668,59.97936868520398,62.72541427612305,3794907
1572,2019-08-05,61.78597883484704,62.36409546202507,61.06333580753889,61.85824203491211,3867954
1573,2019-08-02,62.29181947407236,62.50861456227857,61.641445236109995,62.14729309082031,4366968
1574,2019-08-01,62.65313762780849,63.30351734465889,62.364084876610825,62.942195892333984,2920437
1575,2019-07-31,62.94220566226081,63.59258548006356,62.3640945568029,63.44805908203125,2581584
1576,2019-07-30,63.520320469285345,63.592583666240365,62.580882368884474,62.72541427612305,3293450
1577,2019-07-29,63.59257806874469,63.80937315385572,63.01446151733398,63.014461517333984,2072266
1578,2019-07-26,63.23126121000811,63.881640999405306,62.86993971737949,63.59258270263672,2427468
1579,2019-07-25,63.809378809684084,63.95390520368303,63.0144671027043,63.23126220703125,3390162
1580,2019-07-24,62.43635502889083,64.02616739112537,62.43635502889083,63.59258270263672,6496166
1581,2019-07-23,62.65314135240899,63.08673153163719,61.858235212704216,62.43635177612305,4679146
1582,2019-07-22,63.30352110792313,63.520316197537234,62.364088584027726,62.43635177612305,3828734
1583,2019-07-19,63.01446951961803,63.592586144444475,62.43635840812032,63.30352783203125,5435272
1584,2019-07-18,63.592578399051035,63.80937348528812,62.797672271728516,62.797672271728516,1769728
1585,2019-07-17,63.08673823271789,63.80938125708658,62.79767992030467,63.30352783203125,3544221
1586,2019-07-16,63.809378809684084,64.17070030800998,63.0144671027043,63.23126220703125,4128617
1587,2019-07-15,64.74880591836826,64.89333781346562,63.30352004736304,64.24295806884766,3452070
1588,2019-07-12,64.82107578884103,64.96560769883189,64.24296468886342,64.60428619384766,1858136
1589,2019-07-11,65.47145524758491,65.97730865983345,64.7488122415115,64.82107543945312,3318400
1590,2019-07-10,64.31522448175768,65.18239384247252,64.31522448175768,64.89334106445312,3728853
1591,2019-07-09,65.25465680598475,65.47144637041546,64.02616055423266,64.17069244384766,4053316
1592,2019-07-08,65.03786745346282,66.6276797858828,64.53201957860055,64.89334106445312,5756659
1593,2019-07-05,65.68824933948888,66.33862913756867,65.0378695414091,65.1823959350586,3292425
1594,2019-07-04,66.26636467777358,67.20580283673694,65.25466883067934,65.4714584350586,5945915
1595,2019-07-03,66.48314859578898,66.8444700555487,65.39918421650981,65.76050567626953,4503216
1596,2019-07-02,64.96559499809051,67.20578678837069,63.95389387925597,66.62767028808594,10236691
1597,2019-07-01,64.53201780441691,65.03786566537185,63.15899509326008,64.67654418945312,6522246
1598,2019-06-28,62.43635502889083,63.59258270263672,62.14729673212225,63.59258270263672,4408454
1599,2019-06-27,62.86994171142578,64.82107562817308,62.79767851327377,62.86994171142578,15376098
1600,2019-06-26,61.28011610422691,62.075022139400886,61.06332104312155,61.64143753051758,4544174
1601,2019-06-25,61.42465795789446,61.71371627447973,60.7020149230957,60.7020149230957,6231828
1602,2019-06-24,60.629741348955484,60.9187996160849,60.123888003147044,60.84653091430664,3006296
1603,2019-06-21,60.991063680614104,61.35238514138394,59.97936248779297,59.97936248779297,4251476
1604,2019-06-20,60.70200966847354,61.28012625159987,60.19616179323427,60.26842498779297,5398752
1605,2019-06-19,59.834839329582486,60.702008676776565,59.54578104274171,60.62974548339844,8700284
1606,2019-06-18,57.233316692082546,59.47351414039617,57.233316692082546,59.18445587158203,6854820
1607,2019-06-17,56.077095454063354,57.16105994936095,56.077095454063354,56.87200164794922,3282265
1608,2019-06-14,58.895404244502814,58.96766744152361,56.799738450928416,56.87200164794922,4707368
1609,2019-06-13,59.03993710809422,59.1122058263627,58.38956275031097,58.67861557006836,2086410
1610,2019-06-12,58.96767044067382,59.184465556091155,58.245027407054465,58.96767044067383,3787340
1611,2019-06-11,58.100487324447045,59.03991973894203,58.028224140767044,58.89539337158203,3971401
1612,2019-06-10,59.03992898438655,59.03992898438655,57.66691173947441,57.88370132446289,4035103
1613,2019-06-06,58.31728600776821,58.96766578939039,57.88370132446288,57.88370132446289,3101499
1614,2019-06-05,58.75088533850764,59.03993816343184,58.02824224953869,58.31729507446289,3512424
1615,2019-06-04,59.97936705932173,60.05163025431789,57.81143812946673,57.88370132446289,5171127
1616,2019-06-03,59.256719566253295,60.26842075907443,58.89539810548346,59.97936248779297,3816692
1617,2019-05-31,57.2333240989833,60.19616484610694,57.08879770253618,59.690311431884766,8955198
1618,2019-05-30,56.07709819570207,57.450121059539214,56.07709819570207,56.72747802734375,3170005
1619,2019-05-29,55.71577249771749,56.2216258902835,55.35445100873965,55.93256759643555,1978560
1620,2019-05-28,55.643503718859876,56.58294170126267,55.42670864189682,55.71576690673828,4470791
1621,2019-05-27,55.57124426754214,55.86030255181963,55.13765959779002,55.209922790527344,1299762
1622,2019-05-24,55.860307079753824,56.00483347694351,54.99313215662977,55.06539535522461,2267910
1623,2019-05-23,55.86030361124151,55.86030361124151,54.631807258095144,55.35445022583008,3395477
1624,2019-05-22,57.08879284980969,57.23331923397162,56.36614990234375,56.36614990234375,2474729
1625,2019-05-21,56.58294305299362,57.233317272764154,55.932563319895124,57.08879089355469,3080770
1626,2019-05-20,55.71577151454667,56.29388809204101,55.498981932982495,56.293888092041016,2277343
1627,2019-05-17,56.22162549476164,56.582946981197566,55.42671381393992,55.64350891113281,3275871
1628,2019-05-16,56.14935678681178,56.510678273247706,55.64350891113281,55.64350891113281,2934666
1629,2019-05-15,55.78803535524969,56.58294703685329,55.715772160557094,56.149356842041016,3729718
1630,2019-05-14,53.69237320205101,56.51067628650568,53.186519830827955,56.36614990234375,7709798
1631,2019-05-13,56.22161773470929,56.22161773470929,53.98142041734963,54.19821548461914,4600859
1632,2019-05-10,57.23331633518045,57.52237460219204,55.6435041366085,56.004825592041016,7945720
1633,2019-05-09,58.60634100999473,58.9676624780136,57.23331832885742,57.23331832885742,6464594
1634,2019-05-08,59.256718218232486,59.618039670782686,58.60633850097656,58.60633850097656,4088923
1635,2019-05-07,59.97936248779297,60.340683948562805,59.32898275574168,59.97936248779297,3031068
1636,2019-05-06,60.91880039774877,60.91880039774877,59.473514556884766,59.473514556884766,5035202
1637,2019-05-03,61.569168834597505,61.78596389570287,61.28011610422691,61.64143753051758,2820691
1638,2019-05-02,62.00276482704246,62.219554395345384,61.2801219060435,61.42464828491211,2046525
1639,2019-04-30,61.20786220766902,62.002773948370994,60.196166380100614,61.85824203491211,5068254
1640,2019-04-29,63.01446794267792,63.01446794267792,60.84653892382438,61.135597229003906,5435890
1641,2019-04-26,62.29182334252869,63.23126143199253,62.147296950301225,62.65314483642578,4406467
1642,2019-04-25,64.2429627175701,64.82107379980839,62.508618444198326,62.65314483642578,7917642
1643,2019-04-24,62.79767751170588,63.375788601030195,62.58088240737893,63.23126220703125,3363674
1644,2019-04-23,63.0867451928237,63.15900840056732,62.21957015991211,62.21957015991211,3771198
1645,2019-04-22,63.23125660244501,63.59257806874469,62.72540875495666,63.014461517333984,2321189
1646,2019-04-19,62.580876860439965,63.303519793039335,62.50861366984564,63.014461517333984,4202479
1647,2019-04-18,62.50861979459255,63.08673640264853,61.85823998886171,62.075035095214844,2858223
1648,2019-04-17,63.59258574557442,63.59258574557442,62.508621215820305,62.50862121582031,4553457
1649,2019-04-16,62.147296950301225,62.72541354586797,61.64144906417667,62.65314483642578,4825530
1650,2019-04-15,61.78597779846231,62.43635761479607,61.13559798212855,61.713714599609375,4303361
1651,2019-04-12,61.78597739056616,62.21956209415002,60.91880798339844,60.91880798339844,4492229
1652,2019-04-11,62.580875855844866,63.01446050577866,61.3523850954778,61.42464828491211,5056960
1653,2019-04-10,62.580877753904595,62.94219922536285,61.78597161936205,62.14729309082031,7188200
1654,2019-04-09,64.24296249203393,64.24296249203393,63.44805631091665,63.59258270263672,5201502
1655,2019-04-08,63.95391464233399,64.53203133030829,63.303534746695235,63.953914642333984,9443774
1656,2019-04-03,63.88163708949587,63.88163708949587,62.65314078175227,63.08673095703125,4828199
1657,2019-04-02,64.31522670200893,64.31522670200893,62.86994070870535,63.23126220703125,6200813
1658,2019-04-01,63.59257645169626,64.8933359026303,62.869933537472434,63.52031326293945,13802643
1659,2019-03-29,60.196165757676354,62.725416327102614,59.473522737840284,62.50862121582031,14243307
1660,2019-03-28,59.328985738763045,59.83483911727156,58.38955320152421,59.401248931884766,7446841
1661,2019-03-27,60.702010672133085,60.84653706364012,59.61804619584499,59.9071044921875,3379915
1662,2019-03-26,61.20785754371282,61.35238944615857,60.05162989078851,60.26842498779297,3946968
1663,2019-03-25,60.70201211346838,61.20786000908252,60.123895507056304,60.34069061279297,4149108
1664,2019-03-22,61.78597883484704,64.31522943042557,61.78597883484704,61.85824203491211,17598416
1665,2019-03-21,60.485217766485945,61.3523926869823,60.051633062902084,60.91880798339844,6759914
1666,2019-03-20,60.26842598428353,60.62974747637956,59.32898789950248,59.9071044921875,4412090
1667,2019-03-19,59.256724703748965,60.702010672133085,59.03992960315997,59.9071044921875,6015872
1668,2019-03-18,58.4618225224718,58.96767044067382,58.02823780496595,58.96767044067383,3257392
1669,2019-03-15,58.46182597233113,59.03993712534393,57.52238776785776,58.172767639160156,7983639
1670,2019-03-14,59.54578028730543,59.54578028730543,57.73917290913068,58.100494384765625,7369701
1671,2019-03-13,59.4012454381967,59.7625668958824,59.03992398051101,59.18445587158203,4491184
1672,2019-03-12,60.34068979868074,60.41295299517515,59.2567253112793,59.2567253112793,3929815
1673,2019-03-11,59.83484334166051,60.2684280443305,59.32898992743833,59.690311431884766,2897324
1674,2019-03-08,58.96766543242291,60.485214571469086,58.89540223786421,60.26842498779297,4241692
1675,2019-03-07,60.557487380283916,60.84654017809327,59.18446453737462,59.3289909362793,4651805
1676,2019-03-06,61.06333015699548,61.06333015699548,60.12389210309502,60.62974548339844,3713281
1677,2019-03-05,61.06333015699548,61.06333015699548,60.05162890971688,60.62974548339844,5195481
1678,2019-03-04,59.61804937328812,61.063335418701165,59.40125426114468,61.06333541870117,8395023
1679,2019-02-27,59.69030509906192,59.97936337461725,58.750872595167145,59.1121940612793,7216888
1680,2019-02-26,60.34068385607199,60.557478937532764,59.3289826648016,59.473514556884766,7738702
1681,2019-02-25,60.48521700773171,60.91880721920505,59.97936911211757,60.34069061279297,3393211
1682,2019-02-22,60.3406850086977,61.207854324449556,59.69030526521978,60.1238899230957,5041022
1683,2019-02-21,61.424648423449824,61.71370669516695,60.412947229103885,60.48521041870117,6075146
1684,2019-02-20,60.196164628831205,61.28012913825797,60.12389591753987,61.135597229003906,9905002
1685,2019-02-19,59.97937497225674,60.268433303704526,59.47352702721995,59.6180534362793,6782305
1686,2019-02-18,60.41295017557356,60.84653484763212,59.256722545641324,59.401248931884766,11280906
1687,2019-02-15,60.196157569586056,60.991063680614104,58.89539810548346,59.97936248779297,14963868
1688,2019-02-14,58.028228804967036,60.41294713805119,57.37784907291574,59.97936248779297,13254343
1689,2019-02-13,57.666906032342744,58.96765995352676,56.871994426070046,58.60633850097656,19798338
1690,2019-02-12,55.137659878672,57.377851944910105,54.993127979132886,56.94426727294922,10303085
1691,2019-02-11,54.19822766555232,55.13766581708675,53.90916934867027,54.776344299316406,4895192
1692,2019-01-30,54.05370117989352,54.487285897879325,53.40332134625041,53.547847747802734,5053045
1693,2019-01-29,54.41502061688538,54.77634212028215,53.47558250272233,53.76464080810547,10461463
1694,2019-01-28,56.00483079156544,56.36615228054328,55.57124610745771,55.93256759643555,4128410
1695,2019-01-25,55.13765589038319,55.71576690673828,54.99312400129855,55.71576690673828,4440555
1696,2019-01-24,55.78804081759205,56.14936233976124,54.55954984754835,54.631813049316406,6450113
1697,2019-01-23,55.57124532148188,55.86030361124151,55.06539193607044,55.35445022583008,4849377
1698,2019-01-22,56.58294737926134,56.944268868239185,55.71577249771749,55.93256759643555,4778325
1699,2019-01-21,58.172755184723904,58.678603024477276,56.43841107033984,56.582942962646484,16461515
1700,2019-01-18,56.582948859866015,57.73917655218441,56.221627361433484,56.87200164794922,10026642
1701,2019-01-17,56.510674350060924,58.317281656818984,55.7880314273577,57.08879089355469,14708103
1702,2019-01-16,55.93256198370133,56.8719944527763,55.71576690673828,55.71576690673828,4038540
1703,2019-01-15,55.426713868458364,57.377853205128545,54.92086599228185,56.149356842041016,10844938
1704,2019-01-14,54.92086450624986,55.28218598326466,54.55954302923506,55.209922790527344,3402620
1705,2019-01-11,56.293884973600825,56.58294324633541,54.55954085052131,54.70406723022461,6495137
1706,2019-01-10,54.27048346668568,56.14935400024262,54.198220275650435,55.78803253173828,9430959
1707,2019-01-09,56.94426540099616,57.52237644016344,56.07709057225316,56.221622467041016,8528313
1708,2019-01-08,57.08879525849896,57.08879525849896,55.860304401305655,55.93256759643555,8963541
1709,2019-01-07,55.643509148595136,57.37785339355468,54.270486391613474,57.37785339355469,12220821
1710,2019-01-04,52.89746253064984,54.41501715914797,51.88576679608876,54.05369567871094,7529982
1711,2019-01-03,55.932572349945815,56.293893869631084,53.764643231834185,53.83690643310547,8462239
1712,2019-01-02,56.004830397568746,57.52237953793397,55.64350891113281,55.64350891113281,13242709
1713,2018-12-28,55.86030255181963,56.22162402883443,54.77633812077522,55.209922790527344,7410097
1714,2018-12-27,54.12595938601201,56.221625095108976,53.62010600060058,55.35445022583008,19726786
1715,2018-12-26,55.715772363841914,55.715772363841914,51.95803109283293,52.24708938598633,12072389
1716,2018-12-25,53.114257686185525,54.84860189697152,52.75293620532712,54.55954360961914,13937724
1717,2018-12-24,51.45217954625915,55.715774361486446,51.018594847647414,53.98143005371094,17918836
1718,2018-12-21,48.995199463377375,50.94633343203885,48.77840434982443,50.51274871826172,8255434
1719,2018-12-20,49.71783888662795,50.29594995864601,48.85066400860832,49.06745910644531,3285333
1720,2018-12-19,50.440480258988046,51.018591312637625,50.006890077090624,50.079158782958984,3738877
1721,2018-12-18,48.9951971079342,51.23538928252616,48.77840200480368,50.44048309326172,7841695
1722,2018-12-17,49.79010492489192,50.1514264330358,49.28425150549329,49.42878341674805,3262583
1723,2018-12-14,50.44048514490756,50.80180665593605,49.93463172147046,50.223690032958984,4184782
1724,2018-12-13,50.006890726437504,51.5967085496063,49.57330605223811,49.934627532958984,8713119
1725,2018-12-12,49.21198176255915,49.71783511469185,49.21198176255915,49.57330322265625,4902941
1726,2018-12-11,49.64556977885378,50.223686359546804,48.77840042114258,48.77840042114258,8666013
1727,2018-12-10,49.86236433948046,50.51274410744368,49.28424776499576,49.934627532958984,7506352
1728,2018-12-07,50.72953454236144,51.8857677108063,50.5127449582743,51.018592834472656,10107749
1729,2018-12-06,51.37991052314174,52.0302902539821,49.28424495191298,49.57330322265625,7260195
1730,2018-12-05,52.39161251203579,52.75293397763604,51.59670639038086,51.59670639038086,5005950
1731,2018-12-04,54.48728060852765,54.77633889690079,53.18652106751262,53.6201057434082,6704627
1732,2018-12-03,54.19821654779217,55.64350232239996,53.33104728835857,54.342742919921875,11668282
1733,2018-11-30,51.090857232808425,53.18652300832568,50.729535737489186,52.39161682128906,13914528
1734,2018-11-29,50.44048039680859,51.88576630487385,49.79010063551359,51.09085464477539,14781481
1735,2018-11-28,47.0440579004583,49.645571581375485,46.68273640273845,48.99519729614258,14133526
1736,2018-11-27,47.11631907130804,47.54990926059005,46.24914971940059,46.5382080078125,12567864
1737,2018-11-26,48.12801979077807,48.417078075986915,46.61047068509188,47.694435119628906,6877528
1738,2018-11-23,48.12801742553711,48.77839715696219,47.69443277569637,48.12801742553711,3703987
1739,2018-11-22,47.11631623369008,49.13971861738414,47.11631623369008,48.12801742553711,8592870
1740,2018-11-21,46.9717903137207,47.26084858754766,46.39367376606679,46.9717903137207,8849602
1741,2018-11-20,46.46594703758111,48.20028582438949,45.88783043309262,48.05575942993164,9666359
1742,2018-11-19,47.33311462402344,47.98349440091233,46.6104716526643,47.33311462402344,12368888
1743,2018-11-16,48.05575780450258,48.41707929175448,46.176887173458375,46.3936767578125,30249221
1744,2018-11-15,52.82520274930659,52.89746594739596,50.079162628610256,50.58501052856445,10394332
1745,2018-11-14,52.752934883589994,53.04199316369995,52.10255513167463,52.68067169189453,4004100
1746,2018-11-13,51.23538715001275,53.04199455647774,51.09085524949859,52.6084098815918,6580692
1747,2018-11-12,54.27048591350569,55.788035046977974,53.54784294391619,53.90916442871094,8343419
1748,2018-11-09,53.258780374778524,53.4033122650822,51.88576325352484,53.114253997802734,4687574
1749,2018-11-08,55.06539201807118,55.498982210020465,53.25878459604354,53.403316497802734,5199383
1750,2018-11-07,52.60840975696282,54.70406993283499,52.60840975696282,54.05369567871094,5478291
1751,2018-11-06,53.04199415338331,53.33105243888665,51.52444504615104,52.31935119628906,5057024
1752,2018-11-05,52.03029066441574,53.620102896052806,51.74123239139228,53.25878143310547,5578194
1753,2018-11-02,51.81349685156468,53.62010421059173,51.596707276478305,52.68067169189453,8105888
1754,2018-11-01,48.77839839204829,51.885765235687785,48.63387200955123,50.946327209472656,9977383
1755,2018-10-31,47.54991401489649,50.22369104505721,47.18859249658673,49.35652160644531,10982868
1756,2018-10-30,48.272552634096215,48.48934221724637,46.24915011139151,46.827266693115234,7623801
1757,2018-10-29,47.83896157185744,50.94632849383392,47.83896157185744,48.20028305053711,8644064
1758,2018-10-26,48.05575759538257,48.70613737227146,46.97179313834387,47.33311462402344,6670284
1759,2018-10-25,47.40537781849368,48.12802078985282,46.6104716526643,47.33311462402344,7630903
1760,2018-10-24,49.79010457258559,50.58501078221176,49.067461561411136,49.645572662353516,4613309
1761,2018-10-23,50.00689025700643,50.87406511059303,49.13972091674805,49.13972091674805,7760168
1762,2018-10-22,49.86236280076047,51.958028426936316,49.79009960951195,50.946327209472656,6246563
1763,2018-10-19,50.440482099652854,51.16312507808153,48.63387465358117,50.80180358886719,15234270
1764,2018-10-18,53.836895502333306,53.836895502333306,50.36820741228812,51.74123001098633,12093065
1765,2018-10-17,54.920865688801904,55.28218717359665,53.83690123441765,53.90916442871094,5783989
1766,2018-10-16,54.12595336172732,55.282180878748015,53.83689510414022,54.342742919921875,6404753
1767,2018-10-15,55.20992579371852,55.71577368372399,53.69237661037361,54.12596130371094,6994778
1768,2018-10-12,53.47557686394583,54.993125915527344,52.536138848842604,54.993125915527344,5126131
1769,2018-10-11,50.65727367356178,54.19822550951587,50.65727367356178,53.76464080810547,14014749
1770,2018-10-09,57.666911846194864,58.17275972543249,54.99312951976181,55.93256759643555,7454203
1771,2018-10-08,56.1493520405983,58.317280775962374,56.1493520405983,57.95595932006836,5714688
1772,2018-10-05,58.750872735884,59.11219420286157,55.28218444756812,56.221622467041016,10195629
1773,2018-10-04,59.61804924741737,60.05163395746011,58.96766942568889,59.3289909362793,4276210
1774,2018-10-03,60.48521032753956,61.42464833087232,59.907099298304594,59.97936248779297,3854837
1775,2018-10-02,60.918801324108856,62.00276572124013,60.196158392688005,60.55747985839844,7157594
1776,2018-10-01,60.268425042998544,60.99106801590421,59.69030845934267,60.77427291870117,3690891
1777,2018-09-28,59.834848563197404,60.12390138131608,58.75088395526505,59.6180534362793,7386037
1778,2018-09-27,61.569187525225885,61.569187525225885,59.112205491242506,59.6180534362793,8787809
1779,2018-09-26,60.70201287494219,62.29182529252589,60.412954568110074,60.91880798339844,4577278
1780,2018-09-25,60.12389591753987,62.07503534250521,59.61804801847215,61.135597229003906,5492324
1781,2018-09-21,62.21955880751971,62.29182200207842,58.31728565473789,60.26842498779297,14303572
1782,2018-09-20,63.52031470722716,63.52031470722716,61.64144419019015,62.00276565551758,4145960
1783,2018-09-19,62.86994171142578,63.737111115907105,62.72541531512177,62.86994171142578,3794797
1784,2018-09-18,63.59258429970109,63.80937940605423,61.93050318653656,62.075035095214844,5334009
1785,2018-09-17,63.809379985548055,64.82107578884103,62.9422050655887,64.60428619384766,3426060
1786,2018-09-14,62.797687778990145,65.18240674984025,62.508629430403325,64.09844207763672,7945005
1787,2018-09-13,63.448044661970876,63.448044661970876,61.35237928681956,61.64143753051758,14635562
1788,2018-09-12,65.76051480508264,65.83277800440051,60.77427686554799,62.50862121582031,18661064
1789,2018-09-11,66.77221168822084,66.84447488272568,63.37578641320966,64.89334106445312,17428156
1790,2018-09-10,70.52995331088616,70.52995331088616,66.19409545759403,67.6393814086914,7996914
1791,2018-09-07,71.5416546109691,72.98694056270585,69.662783976377,70.31316375732422,8256158
1792,2018-09-06,75.15486835840329,75.51618984089562,72.2642964984647,72.62561798095703,7863983
1793,2018-09-05,78.04543892996651,78.40676040649414,75.87751007080078,75.87751007080078,6436686
1794,2018-09-04,78.0454340025436,79.49071981740552,77.32279109511265,77.68411254882812,5203194
1795,2018-09-03,76.96146964139716,78.76807690997455,76.60014818768168,77.68411254882812,5607971
1796,2018-08-31,75.87751469142,76.96147918701172,74.79355019582829,76.96147918701172,4197973
1797,2018-08-30,77.32279698130046,78.04543994374252,75.15486809397429,75.51618957519531,5319276
1798,2018-08-29,76.23883520108517,77.68412117646119,76.23883520108517,77.32279968261719,5346127
1799,2018-08-28,76.6001540188584,78.40676142496355,75.15486809397429,75.51618957519531,9197387
1800,2018-08-27,72.98694757314829,75.87751975426308,72.2643045278696,75.15487670898438,9091112
1801,2018-08-24,72.26429669362643,72.9869396605627,70.45768927628576,71.6861801147461,6799898
1802,2018-08-23,69.73504707336426,72.26429748535156,68.72334580590366,72.26429748535156,8884906
1803,2018-08-22,70.09637167350843,72.11977429828136,69.22920227050781,69.22920227050781,13885681
1804,2018-08-21,68.73311022091963,69.35419360470405,67.07688961915454,68.94013977050781,9955673
1805,2018-08-20,69.35419211076133,70.38932930644434,68.31905491507833,68.66410064697266,5978618
1806,2018-08-17,67.28392017421439,71.42446910801219,66.59382868524808,69.35419464111328,10126494
1807,2018-08-16,67.00788008088384,69.00914637886699,65.76571860505226,68.66410064697266,10018089
1808,2018-08-15,69.699237397227,70.04428312691624,62.52228516669475,68.80211639404297,21093868
1809,2018-08-14,70.38933059692383,70.38933059692383,68.73311000047077,69.00914764404297,5359102
1810,2018-08-13,72.45960634146164,73.4947435749111,67.97401166318068,69.35419464111328,9687427
1811,2018-08-10,71.07943204733041,72.80466098051805,70.38934047405536,71.76952362060547,5094752
1812,2018-08-09,72.45961519388052,73.14970676715556,71.42447783396794,71.76952362060547,4753793
1813,2018-08-08,70.734378600789,74.18483609351043,70.38933285151687,73.83979034423828,9605660
1814,2018-08-07,72.11455532130348,72.11455532130348,69.00914384813731,70.04428100585938,7996715
1815,2018-08-06,73.14970025605561,73.49474601198041,71.07942572050688,72.11456298828125,5706412
1816,2018-08-03,73.83979428548949,75.9100688916247,72.11456544704347,72.80465698242188,6076459
1817,2018-08-02,74.8749263208237,75.21997206423764,73.14969760375403,73.49474334716797,6467590
1818,2018-08-01,72.8046541516058,76.94520320288197,72.8046541516058,76.25511169433594,12479527
1819,2018-07-31,71.42447269984655,74.52988455636161,71.07942693801154,72.45960998535156,6918333
1820,2018-07-30,73.4947421620193,73.83978789986915,71.07942199707031,71.07942199707031,7374617
1821,2018-07-27,74.18483857755308,75.5650216208564,73.49474705590143,74.5298843383789,7178863
1822,2018-07-26,75.56501780765157,75.56501780765157,73.14969760375403,73.49474334716797,7826978
1823,2018-07-25,75.21997334132685,76.94520208768755,73.83979034423828,73.83979034423828,15015943
1824,2018-07-24,71.76951571377842,77.98033918900923,71.76951571377842,75.91006469726562,21655773
1825,2018-07-23,69.00914756997118,71.42446773492017,69.00914756997118,71.07942199707031,7269706
1826,2018-07-20,68.59509150297676,71.76951113478873,67.76697860012582,68.25004577636719,14274946
1827,2018-07-19,69.6992416381836,70.38933313955175,68.4570748297288,69.6992416381836,13161363
1828,2018-07-18,68.04302318086737,72.45960998535156,68.04302318086737,72.45960998535156,9360673
1829,2018-07-17,69.00914901342148,69.35419475848859,67.00788263903621,67.28392028808594,4962761
1830,2018-07-16,69.35419464111328,70.38933187456274,68.25004931176325,69.35419464111328,5751500
1831,2018-07-13,66.80085943842948,70.04428738886767,66.7318460763084,69.6992416381836,7522399
1832,2018-07-12,67.83599129350584,68.11202366010792,65.97274122906228,66.38679504394531,9772206
1833,2018-07-11,67.62896683854818,68.66410408607697,65.90373809266686,67.76698303222656,8307100
1834,2018-07-10,65.76572834814729,67.83600304622142,64.24752374390442,67.35293579101562,9482987
1835,2018-07-09,65.76571483599807,65.90373101485403,63.143365317896794,65.55868530273438,11168920
1836,2018-07-06,65.55869234349059,68.25005024006153,65.28265469115351,67.76698303222656,14703867
1837,2018-07-05,64.59256047565657,65.972743414303,64.04049045918605,64.38553619384766,6075250
1838,2018-07-04,66.93887341473554,67.55995679838375,63.83346176147461,63.83346176147461,9287330
1839,2018-07-03,65.0756334304424,66.52482459145843,63.626437004445805,66.24878692626953,10551075
1840,2018-07-02,64.8686006331669,66.24878362536195,64.45454678850446,65.07563018798828,8666818
1841,2018-06-29,65.97274380076662,66.52481908545124,64.24751511735234,65.0066146850586,10945137
1842,2018-06-28,66.24878837856454,67.76698767291438,65.76572640262977,66.52482604980469,9651241
1843,2018-06-27,70.04428181620202,70.04428181620202,66.11076267734323,66.38679504394531,11897988
1844,2018-06-26,67.00788173963137,69.35419382759068,66.45581171392224,68.87113189697266,11195040
1845,2018-06-25,69.00914554336036,69.35419127107717,66.45580926424802,68.18103790283203,10902073
1846,2018-06-22,69.6992391204834,70.0442848587036,67.97401042938232,69.00914764404297,11419040
1847,2018-06-21,73.49474601198041,76.25511205937873,71.76951723235645,72.11456298828125,13622751
1848,2018-06-20,77.63529093760364,77.63529093760364,71.76951340009582,73.14969635009766,11724471
1849,2018-06-19,76.25511392651687,79.70557157025067,74.1848393402766,79.0154800415039,16594757
1850,2018-06-15,76.25510402945585,76.25510402945585,73.83978399232376,74.18482971191406,16119156
1851,2018-06-14,78.67042807482798,78.67042807482798,74.8749249659547,75.219970703125,8406637
1852,2018-06-13,79.36051947729928,79.36051947729928,76.25510784557888,77.29024505615234,6569951
1853,2018-06-12,80.39565661886465,80.39565661886465,78.32538219949474,79.36051940917969,4738006
1854,2018-06-11,81.08575315556975,81.43079891367856,79.70557012313452,80.74070739746094,6816179
1855,2018-06-08,77.63529205322266,78.67042928059895,76.25510908338758,77.63529205322266,13895288
1856,2018-06-07,83.5010682479195,84.53620545760445,78.67042793605638,79.36051940917969,12708149
1857,2018-06-06,85.91639337307069,86.6064848861074,84.88125610351562,84.88125610351562,5493543
1858,2018-06-05,85.5713437245074,88.33170965110442,84.88125224285815,85.91638946533203,7730369
1859,2018-06-04,87.98666919291261,87.98666919291261,85.22630310058594,85.22630310058594,5870605
1860,2018-06-01,86.26144017155463,87.6416232142995,85.22630288949597,87.29657745361328,4035470
1861,2018-05-31,84.88125347900392,86.95152795410156,84.5362077331543,86.26143646240234,13253800
1862,2018-05-30,86.9515334200268,86.9515334200268,83.5010757446289,83.5010757446289,6785915
1863,2018-05-29,85.57134985736036,88.33171598179133,84.8812583262526,87.6416244506836,6285491
1864,2018-05-28,86.26143520615666,86.95152668780591,84.53620650203352,85.91638946533203,7553991
1865,2018-05-25,87.98666391027979,90.40198409605217,85.22629798368278,85.91638946533203,11130058
1866,2018-05-24,89.02181122182408,89.71190278168318,86.95153654224679,88.67676544189453,9057240
1867,2018-05-23,86.95153148754224,90.40198908625423,84.88125692831504,89.36685180664062,13745610
1868,2018-05-22,86.2614389449831,86.95153045654297,82.81098138718377,86.95153045654297,7820095
1869,2018-05-21,85.57134246826172,86.60647967553908,83.501068053707,85.57134246826172,8889706
1870,2018-05-18,81.43079613857581,85.57134509477459,80.05061315317623,84.191162109375,18707367
1871,2018-05-17,80.74070353447637,83.15602372567865,79.70556630967539,81.77584075927734,14811217
1872,2018-05-16,76.25511273166589,79.70557032133404,76.25511273166589,78.6704330444336,14094201
1873,2018-05-15,75.91006839221903,78.67043451557245,74.18483956512314,76.94520568847656,10170424
1874,2018-05-14,73.14969990587882,77.29024895715499,71.07942538024075,76.25511169433594,13769424
1875,2018-05-11,71.07942839831841,71.76951993616616,69.69924532262291,70.73438262939453,5465712
1876,2018-05-10,71.07942199707031,73.4947421620193,69.69923904567088,71.07942199707031,12021124
1877,2018-05-09,67.69797278581012,70.0442848587036,67.69797278581012,69.00914764404297,7160780
1878,2018-05-08,69.0091517842432,69.69924330208563,67.42193918721343,67.9050064086914,4074947
1879,2018-05-07,68.94013678847233,69.69923632916027,67.69797007463394,68.3880615234375,7304068
1880,2018-05-04,66.93888236264957,68.25005740006877,66.17978268782187,67.21492004394531,6435442
1881,2018-05-03,64.52355312072125,68.18104005601622,64.52355312072125,66.93887329101562,10033368
1882,2018-05-02,64.73058252779785,65.48968209808525,64.10949914666082,64.93760681152344,3215647
1883,2018-04-30,64.93761367483911,65.2136513472947,63.83346824999745,64.45455169677734,4006659
1884,2018-04-27,63.488414527834614,64.73058126589295,62.660306879115744,64.59255981445312,4933736
1885,2018-04-26,62.45328353250114,64.10950425928733,61.0731004710094,62.246253967285156,9183798
1886,2018-04-25,61.90120255307059,63.55742312871711,60.93507871017518,61.3491325378418,7434708
1887,2018-04-24,66.8008599153077,66.8008599153077,63.488418579101555,63.48841857910156,6096564
1888,2018-04-23,65.69671159589173,66.73184889161469,65.14464153049448,66.24878692626953,3643049
1889,2018-04-20,64.93760154112651,66.45580582346257,64.04048585449945,65.69670104980469,5656845
1890,2018-04-19,66.1797686375457,67.14589768447668,65.00661005735104,65.55868530273438,7242867
1891,2018-04-18,66.38679808373637,67.07688956180007,64.24751555473492,64.86859893798828,6336185
1892,2018-04-17,66.11076054811772,66.24877672697369,62.729311516349156,65.55868530273438,10013548
1893,2018-04-16,70.04429082390928,70.04429082390928,65.97274971316868,66.11077117919922,8109975
1894,2018-04-13,70.38933187456274,71.76951485249533,69.35419464111328,69.35419464111328,6484508
1895,2018-04-12,70.04428613007958,70.38933187456274,68.73311124804756,69.35419464111328,3918851
1896,2018-04-11,69.69924038559644,70.73437761904589,67.97401166318068,69.35419464111328,9916970
1897,2018-04-10,69.00915906506334,70.3893422463646,67.7669920958998,68.04302978515625,10267336
1898,2018-04-09,71.07942122631181,71.07942122631181,67.90500152551137,68.52608489990234,14777783
1899,2018-04-03,69.69923528661869,70.38932672510006,68.66409812889663,70.04428100585938,9417733
1900,2018-04-02,66.52481572260034,72.11455532130348,66.38679427591616,70.04428100585938,31485368
1901,2018-03-30,68.94014342420397,69.69924303795791,65.3516643860337,65.97274780273438,15699843
1902,2018-03-29,67.90501091810815,68.59510248177799,67.07689788271585,67.42194366455078,8281652
1903,2018-03-28,67.49095153808594,68.80212119032431,66.59383047236248,67.49095153808594,10253946
1904,2018-03-27,67.6289761151154,69.69925089414954,66.59383872559833,67.9740219116211,17686519
1905,2018-03-26,62.108241580653676,67.28392837904148,62.108241580653676,67.14591217041016,15789550
1906,2018-03-23,62.4532837600502,63.90247492690055,61.97022179276027,62.17724609375,7945671
1907,2018-03-22,63.97148662866167,65.69671555893821,63.48842463417659,65.21365356445312,11476899
1908,2018-03-21,61.76319264500083,64.31652922936058,61.76319264500083,64.04049682617188,13223494
1909,2018-03-20,61.34913231784332,62.59129379638876,60.866065133147835,61.41814041137695,4130104
1910,2018-03-19,62.45327503055167,62.45327503055167,61.34912978466496,61.76318359375,4435748
1911,2018-03-16,63.97148451988986,63.97148451988986,62.453285217285156,62.453285217285156,5514226
1912,2018-03-15,61.832195898304725,63.21237886596769,61.5561582517761,62.660308837890625,6394274
1913,2018-03-14,61.901202331092385,62.38426951578788,61.280124224309695,61.41814041137695,5281909
1914,2018-03-13,62.24624593219432,63.419404542012806,61.62516784667968,61.62516784667969,6682134
1915,2018-03-12,62.59129250053472,62.936338226039275,61.21110959851649,62.10823059082031,9144362
1916,2018-03-09,61.69418412646007,62.86733762701022,61.14210879385966,62.17724609375,5393132
1917,2018-03-08,63.69545062591083,65.0066203271208,61.62517602613016,62.17724609375,17250422
1918,2018-03-07,60.59003417211013,63.00535435697816,60.3830046217008,62.72931671142578,22905061
1919,2018-03-06,60.24498534144681,60.65903915604845,59.83092626186526,60.17597198486328,4795339
1920,2018-03-05,60.38300325704175,60.45201135062522,59.34786605834961,59.34786605834961,4957874
1921,2018-03-02,60.86606365168181,61.142101284077675,59.69291029522429,60.106964111328125,8205854
1922,2018-03-01,59.899947630928104,62.039230346679695,59.00282652513843,62.03923034667969,14622764
1923,2018-02-27,61.41814311066567,61.62517266534542,59.00282287597656,59.00282287597656,8302725
1924,2018-02-26,59.89994888333603,61.90121017428115,59.89994888333603,60.38301086425781,8714523
1925,2018-02-23,60.38300325704175,60.45201135062522,59.14083651261916,59.34786605834961,7987605
1926,2018-02-22,60.72805032169118,60.72805032169118,58.65777587890625,58.65777587890625,13630584
1927,2018-02-21,60.52102271845053,62.79832678476947,60.24499032918307,61.55615997314453,14763620
1928,2018-02-12,59.692918461338756,60.52102620683328,58.79579734956915,58.93381881713867,8009729
1929,2018-02-09,58.72678924827471,61.76319309005571,58.1057058066635,58.93381881713867,17767563
1930,2018-02-08,61.41814148811992,61.76318722681722,59.20985086644924,60.79705810546875,8395568
1931,2018-02-07,60.659048768398435,62.72932343445312,59.6929195379101,60.314002990722656,16857538
1932,2018-02-06,57.76065636712327,58.93381507454988,56.449486730852804,57.898677825927734,17786287
1933,2018-02-05,62.10823844751414,62.93634618748875,59.7619261642786,62.03923034667969,14135744
1934,2018-02-02,65.07562952087495,66.66283678664004,65.00661615998845,65.28265380859375,6940054
1935,2018-02-01,67.55995759847698,68.80211911550383,65.3516616821289,65.3516616821289,13153705
1936,2018-01-31,66.11077240228056,67.7669879054431,64.31653016555332,66.45581817626953,11577902
1937,2018-01-30,72.45961983049331,72.45961983049331,66.6628491910576,66.73185729980469,25943517
1938,2018-01-29,68.94014308676925,72.11456298828125,67.90500581899488,72.11456298828125,19986768
1939,2018-01-26,65.55870199209565,65.90374779205405,64.59257269921592,65.8347396850586,8160746
1940,2018-01-25,64.31653022805921,65.48968901975027,63.0743685994801,64.45455169677734,9896308
1941,2018-01-24,63.21237859722926,66.38679835636245,63.143370502135525,63.76445388793945,22554510
1942,2018-01-23,63.28140046137457,63.35041383646471,61.970230574362915,62.522300720214844,7235956
1943,2018-01-22,62.31526057168851,62.38426866428022,60.2449862040574,61.97021484375,7135126
1944,2018-01-19,62.79832204182943,63.695443034133255,61.97021440661047,62.10823059082031,8153010
1945,2018-01-18,64.38554262991524,64.45455073074969,61.90120888003018,62.03923034667969,14383029
1946,2018-01-17,62.79833250206275,65.21365298291131,61.48715747374879,63.69545364379883,15964597
1947,2018-01-16,60.037963832597,63.00535955330381,60.037963832597,62.03923034667969,11410079
1948,2018-01-15,61.1421032405614,61.41814088179018,60.106966034688526,60.24498748779297,4075011
1949,2018-01-12,62.45328528614628,62.660314857175514,60.10697296273139,60.45201873779297,7465282
1950,2018-01-11,59.485886877289644,62.108236757486836,59.00282491961249,61.83219909667969,14183287
1951,2018-01-10,60.7970581874157,61.14210392657808,58.58876756276852,58.726783752441406,7027578
1952,2018-01-09,61.07309574942262,62.03922487077109,59.62390469988998,60.79705810546875,5453926
1953,2018-01-08,61.14211631135148,62.38428332993794,60.383016584429186,61.211124420166016,10614951
1954,2018-01-05,59.07182694221524,61.69417655266752,58.657773126085914,61.1421012878418,12731922
1955,2018-01-04,59.48588180541992,60.521018996453776,58.24372033516732,59.48588180541992,15674841
1956,2018-01-03,55.89740995519302,59.761921195395516,55.55236421472886,58.65777587890625,28420129
1957,2018-01-02,53.89614645614033,55.48335905215829,53.27506303748198,55.13831329345703,14250383
1958,2017-12-29,52.79200340334747,54.586240374517395,52.23992805915026,52.86101150512695,17143601
1959,2017-12-28,51.75686743916642,52.58497521220076,51.066775873310874,52.170921325683594,4136556
1960,2017-12-27,50.65271937471717,51.61884857008943,50.65271937471717,51.549835205078125,2634239
1961,2017-12-26,52.17091527700182,52.30893673315925,50.169648915050836,50.376678466796875,2303882
1962,2017-12-25,51.75685501098633,52.446946411132814,51.13577169785858,51.75685501098633,2807920
1963,2017-12-22,51.34281090498585,51.68785667012019,50.859743674809444,51.549835205078125,1538779
1964,2017-12-21,51.89487802626443,52.6539828784811,51.27379989624024,51.273799896240234,4201300
1965,2017-12-20,51.618838836948854,51.75685501098633,50.72171791076661,51.75685501098633,3103403
1966,2017-12-19,50.03163310623136,51.48082418458822,50.03163310623136,51.273799896240234,4808754
1967,2017-12-18,50.79073364074308,50.99776319793252,49.686588287353516,49.686588287353516,2861309
1968,2017-12-15,51.06677166711527,51.75686317613034,50.583709716796875,50.583709716796875,4849239
1969,2017-12-14,51.75685860295624,51.89487478657216,50.79072952270508,50.79072952270508,4176415
1970,2017-12-13,51.20478989111084,52.032902893718116,50.92875748855568,51.41181945800781,4035628
1971,2017-12-12,51.48082993326011,52.03290529379675,50.58371405361412,51.13578414916992,4318082
1972,2017-12-11,49.82460189750182,51.41181438033645,49.479556163405604,51.066768646240234,4840997
1973,2017-12-08,47.685321444271835,50.169649783318675,47.685321444271835,49.82460403442383,6664372
1974,2017-12-07,48.65144968508728,48.858479236547815,47.340274810791016,47.340274810791016,3294497
1975,2017-12-06,47.68532448781895,48.65145369938441,47.40928681808873,48.3064079284668,5883596
1976,2017-12-05,48.16838516564423,48.375409441010085,47.340272269241055,47.68531799316406,4427837
1977,2017-12-04,48.85848372975471,48.927491831594395,47.20226296069883,48.168392181396484,3791515
1978,2017-12-01,50.928752741550724,50.997760835757354,48.30640304185783,48.927486419677734,6053253
1979,2017-11-30,50.72172591260773,51.1357797650207,50.10064250149809,50.583709716796875,4925147
1980,2017-11-29,52.446951582625104,52.446951582625104,50.92875245859378,51.066768646240234,3625742
1981,2017-11-28,50.997755523821105,51.75685501098633,50.51468838473084,51.75685501098633,3200907
1982,2017-11-27,51.89487478657216,51.89487478657216,50.72172143089712,50.79072952270508,3553672
1983,2017-11-24,52.9990296790716,53.27506206903044,51.6878547668457,51.6878547668457,6308493
1984,2017-11-23,50.997755104235004,52.37793789317246,50.997755104235004,51.89487075805664,8106021
1985,2017-11-22,51.48082916855252,51.6188506391269,50.51469993445492,50.6527214050293,6582102
1986,2017-11-21,51.6188449722677,52.79199838596371,51.41181542162479,51.4808235168457,7904664
1987,2017-11-20,50.92875245859378,51.68785202060944,50.3766771780478,51.066768646240234,3840408
1988,2017-11-17,51.41181438033645,52.03289775470566,51.066768646240234,51.066768646240234,7625566
1989,2017-11-16,50.997760552417006,51.273798192689995,50.3766771780478,51.066768646240234,5051737
1990,2017-11-15,50.72172207871209,52.03289689972922,50.30766825759615,51.61884307861328,4715051
1991,2017-11-14,51.61884698031948,52.30893848933455,50.169650599403525,50.583709716796875,7037530
1992,2017-11-13,53.06803408500905,53.06803408500905,50.4456844429748,51.61884307861328,9992532
1993,2017-11-10,53.55109427210485,54.310193797170875,52.44694902973791,53.482086181640625,12623830
1994,2017-11-09,52.44694902973791,54.79326096038004,51.963887131508564,53.482086181640625,28285433
1995,2017-11-08,51.20478334293391,52.72298768773907,50.85973761888454,51.82586669921875,9603528
1996,2017-11-07,51.13578010963732,51.34280966972922,50.16965093750916,51.20478820800781,4691926
1997,2017-11-06,50.3076763733458,51.61885140588469,49.755601012809166,51.13578414916992,4857808
1998,2017-11-03,51.41181592249373,51.41181592249373,50.169649136495075,50.30767059326172,3603475
1999,2017-11-02,51.06677604534805,51.2738056217945,50.37668447716767,51.13578414916992,4680409
2000,2017-11-01,50.58370882418671,51.480824611087385,49.824603965681135,50.8597412109375,5219170
2001,2017-10-31,49.61757638055133,50.99775928256956,49.341538747151695,50.72172164916992,5316299
2002,2017-10-30,49.755596609247135,50.721725772189686,49.203526562551666,49.61758041381836,3871848
2003,2017-10-27,50.79073235909968,50.85974045476137,49.3415412902832,49.3415412902832,4704546
2004,2017-10-26,50.72172143089712,51.34280478712858,50.65271333908916,50.79072952270508,3599467
2005,2017-10-25,50.99775777612606,51.549827761637566,50.23865825543537,50.445682525634766,5924161
2006,2017-10-24,51.41182182943824,52.58497538935255,50.514700684811416,51.13578414916992,10639962
2007,2017-10-23,52.23992640100151,52.37794786516021,50.79073524970849,50.92875671386719,8465597
2008,2017-10-20,49.89362018403203,52.23992719563449,49.27253674832173,51.41181945800781,20758147
2009,2017-10-19,49.3415402187634,50.376677426150046,49.06550257713094,49.962623596191406,8354012
2010,2017-10-18,50.10064109838204,50.79073258807044,48.65145002303244,49.27253341674805,12448516
2011,2017-10-17,48.0303705701944,49.962629005855256,48.0303705701944,49.203529357910156,22856053
2012,2017-10-16,45.131987585281784,47.82334563332246,45.131987585281784,47.40928649902344,17909462
2013,2017-10-13,44.44189305700911,44.92495499453889,44.165855407714844,44.165855407714844,3826455
2014,2017-10-12,44.51090262961766,44.99396458317173,43.68279228675464,44.44189453125,4016059
2015,2017-10-11,44.44189453124999,45.062977946519815,44.30387306953425,44.44189453125,3411545
2016,2017-10-06,45.54603921202383,45.61504730934901,44.64891815185547,44.64891815185547,3849997
2017,2017-10-05,45.27000237211492,45.61504812992826,44.993964712868156,45.408023834228516,2827800
2018,2017-10-03,45.75306959204186,45.96009388774161,44.993964712868156,45.408023834228516,3182191
2019,2017-10-02,45.61504812992826,45.822077690608445,45.20099427354833,45.408023834228516,3255810
2020,2017-09-29,46.23613199508442,46.374148193555165,44.71793275198429,44.99396514892578,7075722
2021,2017-09-28,45.20099151103488,46.581174457936704,44.92495386865849,45.82207489013672,13675613
2022,2017-09-27,42.302609950564765,43.061712207461355,42.302609950564765,42.57864761352539,2700845
2023,2017-09-26,42.716665196269616,43.26873787356187,42.02657369153176,42.23360061645508,3639823
2024,2017-09-25,44.234866731615654,44.234866731615654,42.64765671358007,42.99270248413086,4099265
2025,2017-09-22,45.200992416429266,45.40802196860347,44.23486328125,44.23486328125,4435243
2026,2017-09-21,45.200989824511225,45.61504364013672,44.924952192434255,45.61504364013672,2473326
2027,2017-09-20,45.269996643066406,45.477026177546406,44.85594283908618,45.269996643066406,3629559
2028,2017-09-19,46.236129365273825,46.30513746058416,45.27000023598848,45.33900833129883,3364601
2029,2017-09-18,45.891087802488414,46.30514167703353,45.4770339279433,46.23613357543945,1929530
2030,2017-09-15,45.54603533078267,45.96008914443017,45.269997700024376,45.684051513671875,3182954
2031,2017-09-14,46.305140441869604,46.44316190635677,45.68405701412865,45.89108657836914,2245372
2032,2017-09-13,46.92622512134154,47.06424132452969,46.23613357543945,46.23613357543945,2484837
2033,2017-09-12,46.44315823587333,47.06423634954887,46.374144876593725,46.85721206665039,3214950
2034,2017-09-11,45.546042029537375,46.374149778627604,45.27000435818041,46.23613357543945,3692227
2035,2017-09-08,46.23612638068621,46.44315591823346,45.82207257057156,46.09811019897461,3713895
2036,2017-09-07,45.546036592270724,46.098111869078146,45.546036592270724,46.02909851074219,3473554
2037,2017-09-06,45.75306380185981,45.82207189169322,44.71792665941936,45.269996643066406,7310305
2038,2017-09-05,46.92621781920391,46.995225910059716,45.75306447971575,46.09811019897461,7892689
2039,2017-09-04,47.409285261542166,47.478298625444346,46.99523140303141,47.064239501953125,1840938
2040,2017-09-01,47.6163103385159,48.03036415802874,47.54730224609375,47.54730224609375,2425660
2041,2017-08-31,47.75433226761889,47.961361834768404,47.40928649902344,47.40928649902344,2388362
2042,2017-08-30,47.54730202752398,48.099372029343314,47.4092805783342,47.616310119628906,3065848
2043,2017-08-29,47.06423485282964,48.16838538642818,46.581172943115234,47.616310119628906,4216586
2044,2017-08-28,47.478298625444346,47.89235248395511,46.99523140303141,47.064239501953125,4383125
2045,2017-08-25,48.099368607602706,48.30639813416955,47.47829055786133,47.47829055786133,3768585
2046,2017-08-24,47.54730224609375,48.03036415802874,47.40928079626949,47.54730224609375,2844453
2047,2017-08-23,47.82334563332246,48.16839140191792,47.40928649902344,47.40928649902344,3420825
2048,2017-08-22,47.34027270384735,48.651447519787986,47.34027270384735,47.54730224609375,4983425
2049,2017-08-21,47.89235248395511,48.099376780720256,46.9262233041097,47.064239501953125,3866148
2050,2017-08-18,48.37541139117343,48.37541139117343,47.68531991550768,47.823341369628906,5573000
2051,2017-08-17,48.099373494257826,49.065502608091,47.96135730584456,48.927486419677734,6194000
2052,2017-08-16,48.65144493473625,49.0654987322487,47.685315897220725,47.8923454284668,8228000
2053,2017-08-15,50.12772789718985,50.12772789718985,48.68047261093257,49.27253341674805,15513000
2054,2017-08-14,50.65401144187183,50.98293359409178,49.53567813190551,49.733028411865234,9454000
2055,2017-08-11,49.33831645288007,50.39086620008423,49.27253303473352,50.12772750854492,7871000
2056,2017-08-10,52.23283702429464,52.495975741035,50.325087601619025,50.588226318359375,6977000
2057,2017-08-09,53.08802061193984,53.15380904174812,52.035470981390404,52.232826232910156,5196000
2058,2017-08-08,53.35116281926419,53.943223594210735,52.82489047849727,53.0880241394043,7482000
2059,2017-08-07,52.167053485185114,52.95646461471749,51.83813134472103,52.82489776611328,5516000
2060,2017-08-04,52.03547771954188,52.95646064763929,51.83812746141948,52.101261138916016,2923000
2061,2017-08-03,52.23283299661746,52.364399835365724,51.772339023092165,52.101261138916016,2436000
2062,2017-08-02,53.08802554345801,53.08802554345801,52.16704766801998,52.298614501953125,3642000
2063,2017-08-01,51.772340029340945,52.5617561340332,51.44341790712416,52.5617561340332,4716000
2064,2017-07-31,52.101265552068206,52.43018769575286,51.44342126469889,51.57499313354492,3964000
2065,2017-07-28,51.90390691690782,52.95645660337059,51.90390691690782,52.16704559326172,3414000
2066,2017-07-27,52.364399835365724,52.62753853181544,51.70655560371804,52.101261138916016,4359000
2067,2017-07-26,53.28538081331073,53.28538081331073,52.298614501953125,52.298614501953125,5857000
2068,2017-07-25,51.50920924645079,53.482742090851914,51.50920924645079,52.4301872253418,14138000
2069,2017-07-24,50.98293509594283,51.50921256257928,50.98293509594283,51.114501953125,4189000
2070,2017-07-21,50.71979329728825,50.98293201470324,50.19352088141185,50.91714859008789,4391000
2071,2017-07-20,51.0487174987793,51.509211527571665,50.719795343479234,51.0487174987793,4193000
2072,2017-07-19,50.45665547639879,51.640777216329205,50.32508862483037,50.65401077270508,9013000
2073,2017-07-18,50.061946868896484,50.58822428118413,49.99616344709887,50.061946868896484,5532000
2074,2017-07-17,51.114495618873896,51.18028405826618,49.93037899411176,49.99616241455078,8592000
2075,2017-07-14,50.91714859008789,51.640776298763925,50.390871155257905,50.91714859008789,10055000
2076,2017-07-13,50.325090486786934,51.31185696692001,50.12773518317877,50.85136795043945,10592000
2077,2017-07-12,50.98292700130941,50.98292700130941,50.12772750854492,50.12772750854492,13756000
2078,2017-07-11,47.7594893225973,50.325082781937674,47.7594893225973,50.12772750854492,23567000
2079,2017-07-10,47.299005532944655,47.49635580889857,46.90429996208319,47.10165023803711,3266000
2080,2017-07-07,47.10164745625269,47.43056958237031,46.77272533013507,47.16743087768555,4372000
2081,2017-07-06,47.03586006543427,47.364782163793954,46.77272138295594,47.23321533203125,4904000
2082,2017-07-05,46.31223432710793,47.16742880608141,46.11487905252391,47.03586196899414,7021000
2083,2017-07-04,46.31223974864008,46.9043006227485,46.04910102470815,46.180667877197266,5092000
2084,2017-07-03,46.5095880872352,46.64115995318953,46.18066595077964,46.378021240234375,3791000
2085,2017-06-30,46.641158195223724,46.70694161624468,46.180664210170455,46.509586334228516,3024000
2086,2017-06-29,47.10165096871262,47.62792841732766,46.70694539172819,46.904300689697266,4742000
2087,2017-06-28,47.03586076301476,47.101644179871734,46.64115524291992,46.64115524291992,4444000
2088,2017-06-27,47.56214334656559,47.69371019469367,47.101649340210216,47.36478805541992,9089000
2089,2017-06-26,46.83850223911478,47.89105691150601,46.575368589969614,47.6279182434082,9833000
2090,2017-06-23,46.443799973396004,46.83850549349085,46.31223313968206,46.64115524291992,3918000
2091,2017-06-22,46.37801172491336,47.03585586285539,46.37801172491336,46.57536697387695,4784000
2092,2017-06-21,46.24645439323355,46.575376529689116,45.78596039082366,46.378021240234375,3548000
2093,2017-06-20,46.31223678588867,46.57537549298672,45.98331465675445,46.31223678588867,4273000
2094,2017-06-19,45.58860056709057,46.575366769677366,45.58860056709057,46.24644470214844,5323000
2095,2017-06-16,45.851741639900084,45.98331349961488,45.25968583751989,45.52281951904297,5763000
2096,2017-06-15,44.86497237733188,45.720171843863014,44.40448344547846,45.654388427734375,3867000
2097,2017-06-14,45.91752480025771,46.049091625893475,44.27291438504723,44.79918670654297,6372000
2098,2017-06-13,45.72017010809734,46.3122308686834,45.52281484825108,45.785953521728516,2759000
2099,2017-06-12,45.72017288208008,46.0490949891454,45.06232866794943,45.72017288208008,5141000
2100,2017-06-09,46.97007224692159,47.101639066352185,46.24644470214844,46.24644470214844,5776000
2101,2017-06-08,46.31223313968206,46.90429392930081,46.18066128701511,46.64115524291992,4025000
2102,2017-06-07,46.970081044157105,46.970081044157105,45.91753123471828,46.31223678588867,7200000
2103,2017-06-06,46.70693503399728,46.97007369995117,46.4437963680434,46.97007369995117,4627000
2104,2017-06-05,46.90429497117334,47.36478391835387,46.50958442335791,46.706939697265625,5546000
2105,2017-06-02,46.641155952433884,46.641155952433884,45.983311735950906,46.049095153808594,3615000
2106,2017-06-01,46.04910390814122,46.57538138895873,45.98332047777754,46.443809509277344,3726000
2107,2017-05-31,46.97007806067538,47.03586147853306,46.049095153808594,46.049095153808594,6324000
2108,2017-05-26,46.18065647594976,46.772717203888085,45.85173440697874,46.57536697387695,9995000
2109,2017-05-25,45.851742651542445,46.24645322044222,45.7201758078781,45.983314514160156,5070000
2110,2017-05-24,45.19390101103844,46.50958959964455,45.19390101103844,45.5886116027832,7779000
2111,2017-05-23,45.19389899874133,45.58860957291127,44.9965487306098,45.06233215332031,3938000
2112,2017-05-22,46.04910060121387,46.04910060121387,45.19390101103844,45.5886116027832,6172000
2113,2017-05-19,46.18066198952396,46.641155952433884,45.85173988128247,46.049095153808594,3754000
2114,2017-05-18,45.39125672435518,46.246456322395524,44.996551147934134,46.180667877197266,5094000
2115,2017-05-17,46.0490894540501,46.378011521579026,45.72016738652117,46.24644470214844,6397000
2116,2017-05-16,46.83851022369077,47.430571073101476,46.049099103778815,46.378021240234375,10248000
2117,2017-05-15,45.78595221263499,47.6937012671099,45.720168800884665,46.97007369995117,16471000
2118,2017-05-12,44.47026686160711,46.11487735958779,43.94399451362505,45.654388427734375,28144000
2119,2017-05-11,42.10203200120192,43.28615365881706,42.036248579990705,42.7598762512207,10753000
2120,2017-05-10,41.7073260155171,41.97046220706598,40.98369584243523,41.773109436035156,5686000
2121,2017-05-09,41.77310987925247,41.904679231161204,41.24683498109423,41.64154052734375,6234000
2122,2017-05-08,41.0494776639468,41.64153591778246,40.91790832660231,41.11526107788086,8056000
2123,2017-05-05,41.18105155458012,41.83889584464994,40.91791534423828,40.91791534423828,12260000
2124,2017-05-04,40.786343653738015,41.04948235852054,40.58899087988946,40.85212707519531,4607000
2125,2017-05-03,41.5757596343081,41.5757596343081,40.852129409545206,40.91791534423828,5947000
2126,2017-05-02,39.8653605502676,42.03624858306993,39.79957712905157,41.64154052734375,9873000
2127,2017-04-28,39.20751499649992,39.86535922469271,38.944378810908745,39.79957580566406,6162000
2128,2017-04-27,39.799570747857686,39.931140078671476,38.87858794163742,39.40486526489258,7169000
2129,2017-04-26,40.06271743774414,40.32585364262592,39.79957872338559,40.06271743774414,5624000
2130,2017-04-25,39.73379341853563,39.865360260009766,39.53643813737115,39.865360260009766,4009000
2131,2017-04-24,39.996929460134155,40.12849881058879,39.53643798828125,39.53643798828125,2523000
2132,2017-04-21,39.7995768392727,40.06271554117425,39.668007488321926,39.865360260009766,3848000
2133,2017-04-20,39.53643651511257,40.260066660911534,39.53643651511257,39.60222244262695,7486000
2134,2017-04-19,40.12849881058879,40.58899028244169,39.47065456779225,39.53643798828125,10499000
2135,2017-04-18,41.57575355423208,41.64153696982811,41.11526211663053,41.18104553222656,3460000
2136,2017-04-17,41.444186128596655,41.70732482209266,40.91791125108122,41.37840270996094,3400000
2137,2017-04-14,41.444183349609375,41.641536101759854,41.11526125953311,41.444183349609375,5228000
2138,2017-04-13,41.18105135924571,42.03625093986145,40.85212921577098,41.70732879638672,7325000
2139,2017-04-12,43.088797308658684,43.088797308658684,41.509970143940095,41.57575607299805,10565000
2140,2017-04-11,43.68085548665973,44.20712783050329,42.95722787702929,43.08879470825195,5588000
2141,2017-04-10,44.207126244390864,44.207126244390864,43.41771524747245,43.54928207397461,6834000
2142,2017-04-07,45.52281978617986,45.58860822589995,44.14134787426389,44.33870315551758,14297000
2143,2017-04-06,46.180664779656674,46.57537534855645,45.983314514160156,45.983314514160156,3556000
2144,2017-04-05,46.50957854492078,46.838500613891796,45.58860076696391,46.57536697387695,7454000
2145,2017-03-31,46.83851511041346,47.36479259123097,46.443809509277344,46.443809509277344,3694000
2146,2017-03-30,47.56213935524945,47.89106146692074,47.03586196899414,47.03586196899414,2978000
2147,2017-03-29,46.77272327586649,47.10164538753778,46.4438011641952,47.03586196899414,2676000
2148,2017-03-28,48.02262707272836,48.02262707272836,46.18066128701511,46.64115524291992,4240000
2149,2017-03-27,47.891060041984616,48.21998214386926,47.56213794009998,47.82527160644531,2360000
2150,2017-03-24,47.62792877857942,48.219989658023614,47.62792877857942,47.89106750488281,4431000
2151,2017-03-23,48.28576521899817,48.28576521899817,47.364782336443405,47.562137603759766,4730000
2152,2017-03-22,47.29899925480167,48.21998214386926,46.970077152917035,47.82527160644531,6131000
2153,2017-03-21,46.57537044861645,47.956842237568445,46.57537044861645,47.430564880371094,7227000
2154,2017-03-20,46.90428904284797,47.167422682862814,46.50957854492078,46.57536697387695,2366000
2155,2017-03-17,46.575378539051286,46.970084116035714,46.31223981474377,46.904300689697266,3072000
2156,2017-03-16,46.37801949218662,47.3647858643608,46.37801949218662,46.509586334228516,4588000
2157,2017-03-15,46.18066492286295,46.50958705199717,46.18066492286295,46.31223678588867,2584000
2158,2017-03-14,46.838500613891796,46.90428904284797,46.44379513491707,46.57536697387695,2382000
2159,2017-03-13,46.70694539172819,46.970084116035714,46.443806667420674,46.904300689697266,2954000
2160,2017-03-10,46.37801949218662,46.77272503726562,45.983313947107604,46.509586334228516,3165000
2161,2017-03-09,46.24644470214844,46.706933589107955,45.9833060443348,46.24644470214844,3989000
2162,2017-03-08,46.64116189881657,46.70694532506113,45.85174572702078,46.180667877197266,3735000
2163,2017-03-07,46.4438010050397,47.03586180780975,46.378017586721505,46.706939697265625,3540000
2164,2017-03-06,46.57537549298672,46.57537549298672,46.18066492286295,46.31223678588867,3403000
2165,2017-03-03,46.378017586721505,46.90429497117334,45.91752863954097,46.706939697265625,5719000
2166,2017-03-02,46.04908965594234,46.57536697387695,45.72016758697132,46.57536697387695,7368000
2167,2017-03-01,46.50958959964455,46.70694489551693,45.39125630691082,45.5886116027832,9667000
2168,2017-02-24,47.03586284966583,47.167429689216476,46.37801861400617,46.77272415161133,7421000
2169,2017-02-23,48.022626360513314,48.15419319227602,47.23321533203125,47.23321533203125,4175000
2170,2017-02-22,47.75948629462621,48.48311388626621,47.627919466674484,48.02262496948242,5418000
2171,2017-02-21,47.69370355896977,47.956842237568445,47.0358593719495,47.430564880371094,3468000
2172,2017-02-20,46.97007698495507,48.15419353613367,46.97007698495507,47.4963493347168,5485000
2173,2017-02-17,47.82527795444206,48.219988544257156,47.035866812719135,47.10165023803711,8916000
2174,2017-02-16,48.48311862922725,48.68047390941428,47.16743014518902,47.759490966796875,8453000
2175,2017-02-15,48.68046758977168,48.87782284433829,48.21997868771975,48.48311233520508,4535000
2176,2017-02-14,49.33831756179397,49.46988440104414,48.483118049808255,48.68047332763672,4019000
2177,2017-02-13,49.53567194890566,49.864594060069834,48.877827726577316,48.94361114501953,4401000
2178,2017-02-10,49.14096243903057,49.535672995933,48.8778287596999,49.009395599365234,7506000
2179,2017-02-09,48.87782756514388,48.87782756514388,48.41733359966309,48.614688873291016,3098000
2180,2017-02-08,48.74625587073978,48.943611145019524,48.417333759575605,48.94361114501953,3737000
2181,2017-02-07,49.00940032031102,49.140967172649844,48.54891131817146,48.74626159667969,3698000
2182,2017-02-06,49.00939575195313,49.733023410271855,48.877828911878176,49.33831787109375,5898000
2183,2017-02-03,48.943614100109635,49.14096436735178,48.088414551866784,48.812042236328125,5333000
2184,2017-02-02,49.93038017124389,50.06194701522367,48.54890823364258,48.54890823364258,8122000
2185,2017-01-24,49.53567813190551,49.86460028412546,49.140967534078584,49.733028411865234,4462000
2186,2017-01-23,48.87783064628732,49.338319621843155,48.74625878259036,49.20675277709961,3629000
2187,2017-01-20,49.73302488632082,49.99616359323378,48.351552948719515,48.54890823364258,10981000
2188,2017-01-19,50.98292470767798,50.98292470767798,49.40409764842383,49.667236328125,10764000
2189,2017-01-18,52.62754460481777,53.08803361252842,50.390872955322266,50.390872955322266,13060000
2190,2017-01-17,51.50920346044824,52.298614501953125,51.377631607562094,52.298614501953125,6198000
2191,2017-01-16,52.10125977316639,52.10125977316639,51.1802818881641,51.37763214111328,3362000
2192,2017-01-13,52.101261138916016,52.16704957724333,51.44341690726832,52.101261138916016,4779000
2193,2017-01-12,52.03547756284481,52.16704942015005,51.64077202883543,51.7723388671875,6915000
2194,2017-01-11,50.78557252268746,52.16704942015005,50.719789103511424,51.7723388671875,9933000
2195,2017-01-10,49.07517420869357,50.52243439791326,49.0093907953092,50.45664596557617,6003000
2196,2017-01-09,50.12772595356741,50.58821990421482,48.4831154561544,49.07517623901367,5321000
2197,2017-01-06,50.25930215324269,50.91714640912558,49.930380025301254,50.061946868896484,4647000
2198,2017-01-05,49.33831730511416,51.04871130123414,49.07517860902958,50.259300231933594,9360000
2199,2017-01-04,49.14097213745117,49.33832745485226,48.68048308878757,49.14097213745117,3864000
2200,2017-01-03,48.54890664158336,49.33831771748178,48.54890664158336,49.009395599365234,2504000
2201,2016-12-30,48.022629966375725,48.81204105413209,48.022629966375725,48.417335510253906,3122000
2202,2016-12-29,48.022629817907955,48.48311878118329,47.75949111648493,48.08841323852539,3029000
2203,2016-12-28,48.68047507762237,49.00939720652522,48.154197663796445,48.54890823364258,4310000
2204,2016-12-27,47.89106225422929,49.60145625924751,47.89106225422929,48.68047332763672,9250000
2205,2016-12-26,47.56214614647175,47.75949643028156,47.10165211300784,47.299007415771484,1949000
2206,2016-12-23,48.21998762511309,48.28577104917713,47.36478805541992,47.36478805541992,4196000
2207,2016-12-22,47.89106297667308,48.285768519330986,47.430568994444464,48.08841323852539,5399000
2208,2016-12-21,47.69371032714844,48.54890989921666,47.10164947102071,47.69371032714844,8836000
2209,2016-12-20,49.66723703335385,49.8645923006702,46.772721553447276,47.562137603759766,18165000
2210,2016-12-19,50.85135876488322,50.91714218121851,49.3383150944069,49.40409851074219,7841000
2211,2016-12-16,51.31185415673358,52.29862058282461,50.7855767219036,50.91714859008789,8789000
2212,2016-12-15,50.32507764376127,51.31184387207031,49.996155567658256,51.31184387207031,4376000
2213,2016-12-14,51.64076379235475,51.64076379235475,50.32507554286801,50.78556442260742,11571000
2214,2016-12-13,49.73302699706605,51.31185428659825,49.075182711340425,51.246070861816406,13038000
2215,2016-12-12,51.37762806215479,51.37762806215479,49.53566741943359,49.535667419433594,13313000
2216,2016-12-09,52.16704645658754,52.561751968174065,51.7065525106092,51.903907775878906,5918000
2217,2016-12-08,50.91714064479533,52.23282900761199,50.785568797141984,52.16704559326172,11283000
2218,2016-12-07,51.246065692848724,51.443415947288386,49.73302198071249,50.12772750854492,9612000
2219,2016-12-06,51.31184751449092,51.90390829729487,50.98292541503906,50.98292541503906,10514000
2220,2016-12-05,51.90390918348135,51.90390918348135,50.71978759765625,50.71978759765625,10629000
2221,2016-12-02,52.69332628283133,53.21960371899326,51.11449899329913,51.246070861816406,21607000
2222,2016-12-01,55.916756712707254,55.916756712707254,54.074790954589844,54.074790954589844,11873000
2223,2016-11-30,56.640387139412205,56.640387139412205,55.12734842338147,55.9167594909668,65265000
2224,2016-11-29,55.719407401351596,56.837745666503906,55.19313499918003,56.837745666503906,10629000
2225,2016-11-28,57.692932083295716,58.02185417047289,56.114110080007464,56.179893493652344,9549000
2226,2016-11-25,57.56136910751044,58.21921332588198,57.42980227141736,57.692935943603516,4033000
2227,2016-11-24,57.75872802734375,57.824511449543685,56.83774505968442,57.75872802734375,4338000
2228,2016-11-23,57.429804160908546,58.94284290157156,57.429804160908546,57.89029312133789,10324000
2229,2016-11-22,57.56136877625389,57.82450746587881,57.16666325129305,57.42980194091797,7694000
2230,2016-11-21,57.56137733658983,57.89029949279891,56.8377495967206,57.16667175292969,6207000
2231,2016-11-18,58.41656262421049,58.41656262421049,57.49557980889654,57.561363220214844,8811000
2232,2016-11-17,56.83774334110421,57.956076541548754,56.31146594151075,57.89029312133789,11857000
2233,2016-11-16,55.98253962075078,57.16666117150672,55.98253962075078,56.90352249145508,16429000
2234,2016-11-15,56.50881874954241,56.50881874954241,54.27214742752647,54.86420822143555,14068000
2235,2016-11-14,54.995767213602015,56.5745940992315,54.272139688216264,56.114105224609375,15531000
2236,2016-11-11,55.324695931958594,55.58783461439721,53.4827351927941,54.074790954589844,12427000
2237,2016-11-10,54.929995456881265,57.10088351245912,54.66685675030313,56.706172943115234,10679000
2238,2016-11-09,56.50882286320966,56.77196157065304,52.43018544522065,52.95646286010742,11815000
2239,2016-11-08,56.96930765018652,57.03509106747441,55.39048054051202,56.37724685668945,6073000
2240,2016-11-07,55.91675980146542,56.574604034423835,55.587837684986205,56.57460403442383,8573000
2241,2016-11-04,54.009005168926045,55.78518743323718,53.943221755941046,55.1931266784668,7948000
2242,2016-11-03,54.92999983711477,55.850982874102655,53.35117249070036,53.61431121826172,10289000
2243,2016-11-02,57.49559028732516,57.75872899950732,55.25891876220703,55.25891876220703,11423000
2244,2016-11-01,59.4033333184106,59.534900150942,58.548133850097656,58.548133850097656,6226000
2245,2016-10-31,58.94283525924985,59.79803466796875,58.08764086948354,59.79803466796875,5760000
2246,2016-10-28,59.271770355172194,59.60069250477798,58.02186518287946,58.942848205566406,10850000
2247,2016-10-27,57.82450758052357,59.666468373643795,57.232446782431936,59.27176284790039,12534000
2248,2016-10-26,56.903524889138886,58.21921332588198,56.44303594386004,57.692935943603516,10052000
2249,2016-10-25,54.60107891038917,58.87706701782928,54.53529548175779,57.23245620727539,20338000
2250,2016-10-24,53.877440714529655,54.601068327122626,53.811657298649,54.46950149536133,4880000
2251,2016-10-21,54.6010776824015,54.79843298281097,53.48274436395793,53.61431121826172,11885000
2252,2016-10-20,54.79842671661077,55.785193067913816,54.40371616092698,54.66685485839844,9153000
2253,2016-10-19,54.14057939700516,54.46950149536133,53.74586886381544,54.46950149536133,4878000
2254,2016-10-18,54.864208933922015,54.995775770297925,53.81165918605544,54.27214813232422,7243000
2255,2016-10-17,53.745870908215245,54.864209096537586,53.15381512381571,54.601070404052734,9475000
2256,2016-10-14,52.49596465038815,53.87743634772416,52.49596465038815,53.482730865478516,7113000
2257,2016-10-13,53.21960052890831,53.41695079142428,52.43018442198452,52.89067840576172,6087000
2258,2016-10-12,53.745873064622074,53.87744492562002,53.219600677490234,53.219600677490234,4464000
2259,2016-10-11,54.92999235210997,55.12734762562693,52.364398891154934,54.27214813232422,10483000
2260,2016-10-07,54.27214813232422,54.33793155051218,53.54852049435052,54.27214813232422,3528000
2261,2016-10-06,54.27214813232422,54.33793155051218,53.41694863902151,54.27214813232422,5030000
2262,2016-10-05,54.27214517762318,54.666850684215326,53.81165625642447,54.00900650024414,7057000
2263,2016-10-04,53.02224311094068,54.27214813232422,52.62753758285985,54.27214813232422,8543000
2264,2016-10-03,54.140581692964325,54.601070642609905,52.95646008108551,53.02224349975586,7653000
2265,2016-09-30,52.101261747174625,53.94322762487356,51.64077278722652,53.41695022583008,9498000
2266,2016-09-29,52.89067900393901,53.41695139555355,51.90391262333923,51.969696044921875,9427000
2267,2016-09-28,52.89067840576172,52.89067840576172,52.89067840576172,52.89067840576172,0
2268,2016-09-27,52.89067840576172,52.89067840576172,52.89067840576172,52.89067840576172,0
2269,2016-09-26,52.561756282615136,53.088028668277694,52.10126229883794,52.89067840576172,6939000
2270,2016-09-23,53.548513663900216,53.61429707369708,52.03547014380999,52.49596405029297,14499000
2271,2016-09-22,55.785196409919934,55.91676325706103,53.2853861626111,53.35116958618164,13528000
2272,2016-09-21,54.73263914216566,54.995777843791636,53.54852251327868,54.79842758178711,11879000
2273,2016-09-20,55.39048162476343,55.78519217412316,54.79842583863009,54.92999267578125,14700000
2274,2016-09-19,52.561763831639574,55.85098553550996,52.561763831639574,55.3904914855957,18423000
2275,2016-09-14,51.969694300167745,53.61430487928698,51.57498876496977,52.101261138916016,14896000
2276,2016-09-13,55.58783571720124,56.245679926872256,52.36439808602263,52.62753677368164,27381000
2277,2016-09-12,53.4827392375868,56.31146648561241,53.28538395609402,55.127349853515625,18758000
2278,2016-09-09,52.10126345465822,53.68009068457737,51.311852349175346,53.28538513183594,11918000
2279,2016-09-08,50.390866294486415,52.43018237456862,50.32508287621662,52.36439895629883,11543000
2280,2016-09-07,51.048715308439824,51.57499274192053,50.325087601619025,50.588226318359375,6795000
2281,2016-09-06,50.982923518166686,51.31184560538067,50.456646171043225,51.18027877807617,4245000
2282,2016-09-05,50.32507913880743,51.5749840689213,50.32507913880743,50.45664596557617,7151000
2283,2016-09-02,49.93037709163448,49.996160509566984,48.351549966489124,49.798805236816406,5319000
2284,2016-09-01,50.061939737802795,50.39086181889079,49.33831216319973,49.535667419433594,5899000
2285,2016-08-31,50.32508051790149,50.39086393308857,49.140958968722664,49.667236328125,8932000
2286,2016-08-30,48.483123459606865,51.04871726288249,48.4173400326416,50.390872955322266,14322000
2287,2016-08-29,47.36478642171836,48.4173362272992,47.23321957812826,48.21998596191406,9170000
2288,2016-08-26,46.77272995437097,47.82527985821817,46.70694652643437,47.299007415771484,6923000
2289,2016-08-25,46.64116196538974,47.29900626668169,45.72017893979027,46.904300689697266,8128000
2290,2016-08-24,45.522819962054335,47.627924567397905,45.522819962054335,46.509586334228516,12659000
2291,2016-08-23,44.99654681774831,45.5886076348805,44.53605284044406,45.25968551635742,4639000
2292,2016-08-22,45.19389899874133,45.52282113124732,44.93076530789929,45.06233215332031,2766000
2293,2016-08-19,45.522816228232934,45.588604662811164,44.930760468652004,44.996543884277344,4197000
2294,2016-08-18,44.79919083794636,45.6543903403038,44.66762400017743,45.457035064697266,8789000
2295,2016-08-17,44.99654247357237,45.45703138746565,44.207126453958935,44.27291488647461,9665000
2296,2016-08-16,44.009783078482705,44.930766068888786,43.41772222615354,44.470272064208984,11657000
2297,2016-08-15,42.723645334291454,45.6410413821324,42.723645334291454,44.73340606689453,14109000
2298,2016-08-12,42.72365006225411,43.24229533820349,41.36219693873369,42.464324951171875,9439000
2299,2016-08-11,45.38172132186307,45.38172132186307,41.88084468779061,42.464324951171875,15922000
2300,2016-08-10,44.34442549568007,45.77070617675781,44.34442549568007,45.77070617675781,9274000
2301,2016-08-09,46.419014100323686,46.48384413774213,44.409253263063064,44.6037483215332,9997000
2302,2016-08-08,47.845297503082996,47.845297503082996,46.41901201294078,46.67833709716797,10817000
2303,2016-08-05,44.66857765044432,47.52114376754337,44.409252558669,47.3266487121582,12385000
2304,2016-08-04,44.14992707726133,44.73340729205278,43.50161682665187,44.40925216674805,6389000
2305,2016-08-03,43.890604681461134,45.38172032786262,43.825774641664324,44.214759826660156,6135000
2306,2016-08-02,45.38171830206153,45.57621335898484,44.409252909874496,44.474082946777344,5014000
2307,2016-08-01,45.1223918507833,45.705872057785186,44.86306676475862,45.31688690185547,3602000
2308,2016-07-29,44.5389105543406,45.90036598611475,44.14992540792563,45.12239074707031,7772000
2309,2016-07-28,44.409252909874496,45.122393208235366,44.14992781604833,44.474082946777344,4181000
2310,2016-07-27,43.95543670654297,44.79823705955864,43.82577168946888,43.95543670654297,3369000
2311,2016-07-26,43.566441706410195,43.9554317677109,43.371951621973935,43.76093673706055,3833000
2312,2016-07-25,45.18722298269015,45.316888001957516,43.631282321199635,44.020267486572266,4668000
2313,2016-07-22,44.73340755455624,45.12239271796161,44.40925242734931,44.863067626953125,4464000
2314,2016-07-21,44.149929396723934,44.86306972061698,44.149929396723934,44.27959442138672,5200000
2315,2016-07-20,44.66857196973869,44.66857196973869,43.371951621973935,43.76093673706055,7262000
2316,2016-07-19,45.70587065286466,45.70587065286466,44.085095097798536,44.668575286865234,9454000
2317,2016-07-18,44.08509742855941,46.67833845376878,44.08509742855941,45.835533142089844,9126000
2318,2016-07-15,44.474087286890764,44.99273752515685,43.89060700539523,44.08510208129883,6206000
2319,2016-07-14,44.40925489226556,45.57621539346802,44.149929786863346,44.214759826660156,7191000
2320,2016-07-13,43.43679404709087,44.92790985107422,42.98297877433881,44.92790985107422,9952000
2321,2016-07-12,42.140168798360016,45.38172024438771,41.556688548832035,43.24229431152344,16845000
2322,2016-07-11,39.5469193269875,42.59397506713867,39.41725680178582,42.59397506713867,12830000
2323,2016-07-08,38.76895523071289,38.76895523071289,38.76895523071289,38.76895523071289,0
2324,2016-07-07,38.89861778461645,39.028280338520005,38.63929267680933,38.76895523071289,2303000
2325,2016-07-06,38.509628574493775,39.28759887045748,38.18547346013981,38.963443756103516,4766000
2326,2016-07-05,38.83378368884774,39.35243137719262,38.63928864174955,38.963443756103516,3637000
2327,2016-07-04,37.60199254353841,39.22276808420817,37.14817489752944,38.89861297607422,4790000
2328,2016-07-01,38.315137715780395,38.315137715780395,37.34267226641432,37.60199737548828,4797000
2329,2016-06-30,38.50963484929724,38.704127454979016,37.7316619534625,38.31513977050781,5334000
2330,2016-06-29,38.89862006066079,39.417267833514735,38.31513977050781,38.31513977050781,4529000
2331,2016-06-28,37.60199551330476,39.352433730097324,37.40750292768501,38.83378601074219,2630000
2332,2016-06-27,36.82401960420334,38.055809998160434,36.82401960420334,37.9261474609375,3628000
2333,2016-06-24,38.12064274602517,38.574460422082915,36.435037061361975,37.08334732055664,6963000
2334,2016-06-23,37.34267551439538,37.99098587036133,37.21301542168838,37.99098587036133,3274000
2335,2016-06-22,37.60199937825731,37.92615454531125,37.21301416703564,37.342674255371094,3627000
2336,2016-06-21,37.342667279987886,37.9261474609375,36.62952703492254,37.9261474609375,6358000
2337,2016-06-20,36.435039330870495,38.70412537939134,35.72189651747086,37.60199737548828,8442000
2338,2016-06-17,36.37020036001559,36.62952542304993,36.240540301605506,36.30537033081055,5665000
2339,2016-06-16,35.65706316087581,36.82402109697392,35.59223312618986,36.240543365478516,9380000
2340,2016-06-15,35.268081156146415,35.657066345214844,34.94392600755355,35.657066345214844,4309000
2341,2016-06-14,35.2032453428357,35.46257042664551,34.74942768272216,35.2680778503418,6018000
2342,2016-06-13,34.16595090848445,35.268078835811174,33.9066258174285,35.1384162902832,10161000
2343,2016-06-08,34.165952760139604,34.42527539214242,33.71213506275031,33.9066276550293,5245000
2344,2016-06-07,33.71213286777713,34.684598238963005,33.647302832274335,34.360443115234375,6097000
2345,2016-06-06,33.71213631224373,33.776966354370394,33.38798115539523,33.58247375488281,1000000
2346,2016-06-03,33.45280642253783,33.7769615331171,32.99899124621264,33.71213150024414,2925000
2347,2016-06-02,34.23077728225279,34.295609784633854,33.45280456542969,33.45280456542969,3412000
2348,2016-06-01,33.45280596806892,34.3604412546032,33.45280596806892,34.10111618041992,2773000
2349,2016-05-31,34.03628661082341,34.29561168852972,33.71213150024414,33.71213150024414,4047000
2350,2016-05-30,34.29561233520508,34.74942752008738,34.16594979390702,34.29561233520508,3541000
2351,2016-05-27,34.23077871751156,34.814258897870346,33.971456116435476,34.10111618041992,6231000
2352,2016-05-26,33.25831914645818,34.16595458984375,33.19348910326247,34.16595458984375,4360000
2353,2016-05-25,34.10111812519895,34.49010575865774,33.193485260009766,33.193485260009766,5833000
2354,2016-05-24,33.71212962873975,34.03628472132379,33.19348197522671,33.45280456542969,5031000
2355,2016-05-23,32.54517359678022,33.841794039097294,32.22101848620094,33.71213150024414,5251000
2356,2016-05-20,32.934158789048325,32.934158789048325,32.058940978429916,32.54517364501953,2409000
2357,2016-05-19,32.091360484119214,32.99899591129693,32.091360484119214,32.610008239746094,3455000
2358,2016-05-18,32.383095997591006,32.934158695585836,32.05894088745117,32.05894088745117,4424000
2359,2016-05-17,33.12865884642123,33.32315393548867,32.61001104615959,32.73967361450195,3527000
2360,2016-05-16,31.767203400332306,33.25831653470601,31.50787830169887,32.86933135986328,5270000
2361,2016-05-13,31.637542638787828,32.09136035048694,30.98923232867698,31.896867752075195,4422000
2362,2016-05-12,30.56783368170727,31.702376782700107,30.56783368170727,31.118896484375,3154000
2363,2016-05-11,31.118895206151834,31.63754296496618,30.924402605734905,30.956817626953125,4324000
2364,2016-05-10,32.22102390792884,32.22102390792884,30.24367789529509,31.280973434448242,6135000
2365,2016-05-09,32.05894571938348,32.54517845787836,32.05894571938348,32.4155158996582,3485000
2366,2016-05-06,31.443041587362483,32.09135172318439,31.021639009835482,31.767196655273438,4997000
2367,2016-05-05,31.96169426604522,32.48034196226622,31.37821653521183,31.44304656982422,5565000
2368,2016-05-04,32.41551232419676,32.73966744743873,31.896864621631078,32.22101974487305,5540000
2369,2016-05-03,33.0638227155235,33.38797784018549,32.02652730584805,33.193485260009766,6148000
2370,2016-04-29,33.25831505654377,33.387977600097656,32.09135711077347,33.387977600097656,3883000
2371,2016-04-28,33.77696275765199,34.165950388313625,33.387977600097656,33.387977600097656,4370000
2372,2016-04-27,33.258318598034315,33.97146142696556,33.19348855590765,33.58247375488281,5518000
2373,2016-04-26,34.36044296709079,34.74942812464512,33.323147564874375,33.387977600097656,9877000
2374,2016-04-25,32.285851089918985,35.00875473022461,32.285851089918985,35.00875473022461,18277000
2375,2016-04-22,32.28585083939607,32.48034342509999,31.47546300470687,31.832033157348633,5563000
2376,2016-04-21,32.285850524902344,32.67483816562851,31.9292803757339,32.285850524902344,4032000
2377,2016-04-20,33.38797871753423,33.97145894650109,31.83203308902754,32.09135818481445,9156000
2378,2016-04-19,33.387977600097656,33.7121327224287,32.86932989898945,33.387977600097656,3917000
2379,2016-04-18,32.86932732172678,33.58246754569529,32.804494818479654,33.063819885253906,2259000
2380,2016-04-15,32.93415735186678,33.58246754569529,32.610002254952526,33.063819885253906,3972000
2381,2016-04-14,33.387983983105954,33.387983983105954,32.48034847781724,32.73967361450195,4562000
2382,2016-04-13,33.12864947284565,34.295609784633854,33.06381944357168,33.45280456542969,6971000
2383,2016-04-12,32.93416139796793,33.25831653470601,32.415513673808476,32.86933135986328,3956000
2384,2016-04-11,32.99899591129693,33.90662886536707,32.545178197708076,32.610008239746094,7563000
2385,2016-04-08,32.61000850043463,33.38798137664795,31.151310284950014,32.4155158996582,7271000
2386,2016-04-07,33.193486496601366,33.193486496601366,32.415513673808476,32.86933135986328,6458000
2387,2016-04-06,31.896862030984018,33.063819885253906,31.443044400682638,33.063819885253906,11982000
2388,2016-04-01,32.058945329602906,32.73967066059778,31.507880082144144,31.896867752075195,11744000
2389,2016-03-31,32.15618668462702,32.61000434400068,31.76720153265377,32.12377166748047,16891000
2390,2016-03-30,28.84980994136345,31.08648109436035,28.817394919196936,31.08648109436035,21002000
2391,2016-03-29,28.817388230964234,29.04429580657449,28.104245543275972,28.26632308959961,4340000
2392,2016-03-28,28.78497318009977,28.78497318009977,28.23390803942857,28.52564811706543,2987000
2393,2016-03-25,28.493236843289612,28.817391978086746,28.298744257032816,28.784976959228516,3073000
2394,2016-03-24,28.493236541748047,28.655314107431362,28.104248900243665,28.493236541748047,2789000
2395,2016-03-23,28.687729125946547,28.687729125946547,28.233911447411792,28.493236541748047,2258000
2396,2016-03-22,28.590479500820027,28.590479500820027,28.071831823286132,28.428401947021484,4006000
2397,2016-03-21,27.5531855742306,28.752558545277704,27.48835553859299,28.65531349182129,6418000
2398,2016-03-18,27.520769401448906,27.650431940389915,27.066951751708988,27.066951751708984,8095000
2399,2016-03-17,28.266328947533324,28.39599150608501,27.293863468057072,27.35869598388672,6488000
2400,2016-03-16,28.39598833152026,28.655313419632066,28.104248225671313,28.16908073425293,3813000
2401,2016-03-15,29.303623987664036,29.43328653313968,28.266326096966257,28.4608211517334,4107000
2402,2016-03-14,28.36357664191002,29.044301986694336,28.36357664191002,29.044301986694336,5314000
2403,2016-03-11,28.590480669692628,28.72014321265393,28.266325548843017,28.36357307434082,4571000
2404,2016-03-10,28.914638405053754,29.141548494030463,28.29874559823525,28.68773078918457,4963000
2405,2016-03-09,28.39598558554826,28.84980320930481,28.26632305403109,28.52564811706543,2818000
2406,2016-03-08,29.04429927582836,29.04429927582836,28.395989013095104,28.493236541748047,4046000
2407,2016-03-07,29.173962805938288,29.336040377082387,28.914637702864738,29.109132766723633,3598000
2408,2016-03-04,29.36845496908247,29.49811751873135,28.979469793243272,29.238792419433594,3687000
2409,2016-03-03,29.692610106650946,29.984350225084064,29.173962381162873,29.238792419433594,4425000
2410,2016-03-02,29.725026230385573,29.725026230385573,29.04430091081711,29.43328857421875,3258000
2411,2016-03-01,28.914638185441756,29.789858568091564,28.914638185441756,29.36845588684082,4104000
2412,2016-02-26,28.52564919426828,29.04429686681536,28.071831553374395,28.882219314575195,4827000
2413,2016-02-25,28.59048104479549,29.10913122344532,28.13666584813789,28.39598846435547,5959000
2414,2016-02-24,28.007003243015863,28.849806071841453,27.74767815425076,28.65531349182129,8207000
2415,2016-02-23,27.747677774166014,28.039417876753696,27.650432722041653,27.87734031677246,3384000
2416,2016-02-22,28.007004099286004,28.136666647632783,27.520771397816134,27.553186416625977,2782000
2417,2016-02-19,27.553185432966792,27.877340555707576,27.358692853943783,27.68284797668457,4377000
2418,2016-02-18,27.84492640442448,28.039418989498948,27.099368609680393,27.326278686523438,5459000
2419,2016-02-17,27.13178150642818,27.618014167640922,27.034536458049953,27.520769119262695,5269000
2420,2016-02-16,27.131784691696083,27.164202184735174,26.71038448637037,26.937292098999023,2991000
2421,2016-02-15,26.775213418666215,27.196616079667937,26.677968362894013,26.840045928955078,3554000
2422,2016-02-03,27.26144814224759,27.26144814224759,26.58072280883789,26.58072280883789,3686000
2423,2016-02-02,26.904873227927656,27.326275846041668,26.483470609813644,27.196613311767578,5218000
2424,2016-02-01,26.451059264369267,26.775214408474547,25.802748976158707,26.710384368896484,7517000
2425,2016-01-29,27.942168555906107,28.104246105471937,27.196613311767578,27.196613311767578,4910000
2426,2016-01-28,27.39110958577938,28.007004852152125,27.39110958577938,27.618017196655273,3258000
2427,2016-01-27,29.07671448628082,29.07671448628082,27.780093952255235,27.812511444091797,5142000
2428,2016-01-26,28.07183049330888,28.6553106485826,27.61801286955233,28.52564811706543,4131000
2429,2016-01-25,27.553188346024882,28.201498660048998,27.553188346024882,28.03942108154297,3352000
2430,2016-01-22,27.099369962255704,27.48835762492707,26.872462347194716,27.229032516479492,3426000
2431,2016-01-21,27.0021223833097,27.488355061474167,26.645549774169925,26.645549774169922,3244000
2432,2016-01-20,26.904877448260873,27.553187748218967,26.580722298281824,26.969707489013672,4348000
2433,2016-01-19,27.229036247224613,27.488361391203227,26.71038843237524,27.00212860107422,4061000
2434,2016-01-18,25.413763707936326,27.78009476816876,25.413763707936326,27.618017196655273,6796000
2435,2016-01-15,27.812510681399694,27.844925699239948,26.094487531685537,26.25656509399414,4778000
2436,2016-01-14,26.580719761594516,27.78009271281379,26.580719761594516,27.3911075592041,4860000
2437,2016-01-13,28.266326722872154,28.46082178194603,27.09936873396595,27.553186416625977,5025000
2438,2016-01-12,27.650432722041653,28.298742961966592,27.42352265420354,27.87734031677246,8513000
2439,2016-01-11,28.20149714579077,28.20149714579077,26.61313646709601,26.677968978881836,8825000
2440,2016-01-08,28.20149551391602,28.849805755615236,27.942170427993407,28.36357307434082,6312000
2441,2016-01-07,28.363575606510558,29.141548460624925,27.55318773203883,28.20149803161621,6554000
2442,2016-01-06,30.211256273940673,30.30850379943848,28.13666547898902,28.36357307434082,9003000
2443,2016-01-05,29.562948800481028,30.14642906188965,29.33604118388186,30.14642906188965,6702000
2444,2016-01-04,30.502994705803268,30.60024222597204,29.562944412231445,29.562944412231445,5789000
2445,2015-12-31,29.692609774705893,30.502997609567448,29.530532207733582,30.438167572021484,4033000
2446,2015-12-30,30.081591634738704,30.081591634738704,29.62777403986199,29.692604064941406,1966000
2447,2015-12-29,29.822274793186548,30.081599911065997,29.400872094909342,29.789859771728516,3796000
2448,2015-12-28,30.340919049764363,30.43816657600853,29.498116223708447,29.8222713470459,4183000
2449,2015-12-25,30.43816496334088,30.470579979335756,29.56294469283607,30.114009857177734,4418000
2450,2015-12-24,31.118894515498994,31.3782196257045,30.08159902089204,30.14642906188965,5915000
2451,2015-12-23,31.118892915691433,31.637540636331472,30.92440032958984,30.924400329589844,9164000
2452,2015-12-22,30.79474004775442,31.021647669389573,30.178844752177813,30.956817626953125,6161000
2453,2015-12-21,30.66507911682129,31.248559422138346,30.276093895348403,30.66507911682129,7735000
2454,2015-12-18,29.498120979294903,31.313389468014584,29.433290933418665,30.66507911682129,18738000
2455,2015-12-17,29.271208626615156,29.822271347045902,28.75255845078937,29.8222713470459,10171000
2456,2015-12-16,30.30850536265254,30.794738069005255,28.94705477410791,29.238792419433594,16715000
2457,2015-12-15,29.10913488915429,30.14643043086575,29.076717394075843,30.049182891845703,18877000
2458,2015-12-14,27.099369471692587,29.173962882395543,26.77521432855486,28.849807739257812,13350000
2459,2015-12-11,29.303627730694757,29.627782899235388,27.358696719450958,27.423526763916016,13943000
2460,2015-12-10,28.331161620369357,29.303627105234845,27.974591437206872,29.044301986694336,11353000
2461,2015-12-09,28.33115916308055,28.49323672983375,27.39110878129052,27.812511444091797,7096000
2462,2015-12-08,28.33116470311915,28.460827276498154,27.358699112438458,28.007009506225586,9255000
2463,2015-12-07,29.30362500690547,29.951935283725913,28.20149704168923,28.331159591674805,9419000
2464,2015-12-04,27.812511554837112,29.14154711288388,27.715264025155008,28.784976959228516,8340000
2465,2015-12-03,28.817394507129162,29.173964692077472,28.136669158935547,28.136669158935547,9257000
2466,2015-12-02,27.682852866434384,29.109136153046293,27.58560532319194,28.7525634765625,16217000
2467,2015-12-01,28.20149535681369,28.266325391379542,27.19661498239926,27.3911075592041,8908000
2468,2015-11-30,26.74279929972543,27.747679748487556,26.35381411733605,27.618017196655273,12199000
2469,2015-11-27,27.48835796954339,27.682850566763626,26.19173735726507,26.77521514892578,15670000
2470,2015-11-26,28.849803464958466,28.849803464958466,26.41864025161927,26.90487289428711,20562000
2471,2015-11-25,29.173962882395543,29.40087049334896,28.007004861721217,28.849807739257812,14737000
2472,2015-11-24,27.03453908489649,29.17396250749101,26.937291553961877,28.817392349243164,21812000
2473,2015-11-23,27.553187370129294,27.78009498275795,26.451059380702624,26.937292098999023,10748000
2474,2015-11-20,26.580722218468075,27.229032516479492,26.548307198189008,27.229032516479492,15889000
2475,2015-11-19,25.867581201795105,26.45105897084534,25.543426061286933,26.418643951416016,18570000
2476,2015-11-18,24.084728430590566,25.673086673673915,24.052310937378653,25.284101486206055,22399000
2477,2015-11-17,23.857817244618627,24.11714233972289,23.07984443241323,23.95506477355957,14897000
2478,2015-11-16,22.399121966916987,23.17709487698994,22.366706944228053,23.07984733581543,16965000
2479,2015-11-13,21.750808179812612,22.788106053515882,21.750808179812612,22.399118423461914,10799000
2480,2015-11-12,21.88046820838297,21.88046820838297,21.329405553859097,21.653560638427734,3529000
2481,2015-11-11,21.718392953039768,21.945300546888312,21.32940779984018,21.685977935791016,3464000
2482,2015-11-10,21.718392953039768,21.945300546888312,21.29699030948414,21.685977935791016,2794000
2483,2015-11-09,21.912886459069117,22.17221155427291,21.621146345241698,21.815641403198242,4365000
2484,2015-11-06,21.783225019047524,22.431535316913312,21.199747234832824,21.912887573242188,6075000
2485,2015-11-05,21.977718790553727,21.977718790553727,21.718393697460503,21.750808715820312,2911000
2486,2015-11-04,22.042551305696133,22.139798844817268,21.81564367855703,21.848058700561523,4479000
2487,2015-11-03,21.653565835057474,22.042551040649414,21.653565835057474,22.042551040649414,5266000
2488,2015-11-02,21.394235581530012,21.912883222218426,21.167328011574778,21.653560638427734,4230000
2489,2015-10-30,20.810758047959702,21.459068298339844,20.3569416146258,21.459068298339844,4280000
2490,2015-10-29,21.58873140606519,21.58873140606519,20.745928553212416,20.810758590698242,3714000
2491,2015-10-28,21.588730843037343,21.6859783698373,21.426653280442306,21.459068298339844,2461000
2492,2015-10-27,21.62114715576172,21.62114715576172,21.329409504105218,21.62114715576172,3610000
2493,2015-10-26,21.29699091233879,21.5563160038841,21.29699091233879,21.523900985717773,4139000
2494,2015-10-23,21.45906778834729,21.71839287157921,21.199745178222656,21.199745178222656,4475000
2495,2015-10-22,21.199747454977544,21.394240051735448,21.13491494065321,21.232162475585938,2578000
2496,2015-10-21,21.426650058771017,21.588727596996375,20.972832457118617,21.296987533569336,4021000
2497,2015-10-20,20.90800641982508,21.5887317156165,20.843176381409684,21.10249900817871,8409000
2498,2015-10-19,20.940418842382982,21.329406443962515,20.486602446980662,20.77834129333496,9189000
2499,2015-10-16,19.741047202106564,20.940420150756836,19.741047202106564,20.940420150756836,11812000
2500,2015-10-15,19.903127260213076,20.162451140141293,19.708633422851562,19.708633422851562,3630000
2501,2015-10-14,19.352059932162057,20.389356510989096,19.157566128070595,19.90312385559082,7493000
2502,2015-10-13,19.578970016853663,19.70863132473757,19.319644927978516,19.319644927978516,3832000
2503,2015-10-12,19.189984779163275,19.514139923282407,18.963075930969136,19.25481605529785,4587000
2504,2015-10-08,19.092739834098733,19.157569878266457,18.671337127685547,18.671337127685547,2782000
2505,2015-10-07,19.12515128372062,19.157566299749554,18.833411193245812,18.96307373046875,3284000
2506,2015-10-06,18.70375165179082,19.44930821956334,18.671335396159318,19.060321807861328,5354000
2507,2015-10-05,18.379596586084773,18.574089174413274,18.347180330327543,18.476842880249023,1764000
2508,2015-10-02,18.120273462000483,18.31476605826319,18.087857204920855,18.217519760131836,2501000
2509,2015-10-01,18.217518650710474,18.671335093204583,18.217518650710474,18.444427490234375,2154000
2510,2015-09-30,17.893361819430886,18.120270637402545,17.893361819430886,18.087854385375977,1443000
2511,2015-09-29,18.120271682739258,18.120271682739258,18.120271682739258,18.120271682739258,0
2512,2015-09-25,17.958194122917092,18.152686700082228,17.893362851677498,18.120271682739258,1422000
2513,2015-09-24,18.087854991203397,18.152686260874386,17.893362418744047,17.925777435302734,2098000
2514,2015-09-23,18.1851023348785,18.28234986331664,17.92577847766874,17.958194732666016,1901000
2515,2015-09-22,18.541675155565937,18.541675155565937,18.314766299238073,18.34718132019043,1223000
2516,2015-09-21,18.54167247256832,18.606503741645675,18.2823486328125,18.2823486328125,2198000
2517,2015-09-18,18.60650708351782,18.99549229473949,18.412013241353158,18.671337127685547,6536000
2518,2015-09-17,18.347178807244845,18.80099645774284,18.28234877421966,18.50925636291504,4716000
2519,2015-09-16,18.282351037737328,18.34718107878905,18.185103503052204,18.217519760131836,1718000
2520,2015-09-15,18.023022633888104,18.152685165405273,17.925776353527,18.152685165405273,1424000
2521,2015-09-14,18.31476563693165,18.347180656711803,17.958195473135007,18.023025512695312,1803000
2522,2015-09-11,18.282347696922443,18.41200899188607,18.152685165405273,18.152685165405273,3013000
2523,2015-09-10,18.18510374232107,18.412012598648932,18.05544242195785,18.34718132019043,3677000
2524,2015-09-09,18.02302300595431,18.444425623807753,17.958192975410924,18.185100555419922,3551000
2525,2015-09-08,17.50437802401456,18.023025767141636,17.40713172674745,17.828533172607422,2155000
2526,2015-09-07,17.277468522327883,17.56920863970124,17.212637247738947,17.504377365112305,1388000
2527,2015-09-04,17.34229850769043,17.796116159522466,17.277467237921048,17.34229850769043,3634000
2528,2015-09-03,17.180220951543788,17.666453619983706,16.758819552873252,17.34229850769043,4331000
2529,2015-09-02,16.434663661321764,17.115388870239258,16.33741737955549,17.115388870239258,2270000
2530,2015-09-01,16.369835185786886,16.726405358578557,16.2725888874395,16.661575317382812,2771000
2531,2015-08-31,16.43466667705666,16.43466667705666,16.142926541670423,16.305004119873047,2428000
2532,2015-08-28,16.07809428758752,16.531911973642323,15.883601700166153,16.43466567993164,3633000
2533,2015-08-27,15.689108267605915,16.110509675354685,15.624276996439878,15.72152328491211,3302000
2534,2015-08-26,14.975969180416238,15.5594482421875,14.586982727050781,15.5594482421875,3340000
2535,2015-08-25,14.003499340903627,15.040795817369352,13.938668079270744,14.846302032470703,3672000
2536,2015-08-24,15.559446470262461,15.65669276339086,14.392488479614258,14.392488479614258,7156000
2537,2015-08-21,16.49949728342786,16.53191230312622,15.916017036427473,15.98084831237793,3280000
2538,2015-08-20,16.596742023668384,17.018143423022988,16.596742023668384,16.758819580078125,1499000
2539,2015-08-19,17.50437846981886,17.50437846981886,16.726405598760948,16.791236877441406,2723000
2540,2015-08-18,17.601623658718854,17.796117482485663,17.43954609052337,17.504377365112305,1668000
2541,2015-08-17,17.893363272407854,17.893363272407854,17.5692081451416,17.5692081451416,2044000
2542,2015-08-14,17.666455107613505,18.282350367454548,17.47196251848145,17.89336395263672,3270000
2543,2015-08-13,17.407129979165408,17.731285095214844,17.342298708644794,17.731285095214844,2656000
2544,2015-08-12,17.212637493475796,17.4071313200193,17.14780745451502,17.309885025024414,6013000
2545,2015-08-11,16.944011989519442,17.35159923509671,16.885784922840138,17.14780616760254,7766000
2546,2015-08-10,16.303518202022794,16.798446655273438,16.274405220897656,16.798446655273438,3131000
2547,2015-08-07,16.187062255218606,16.303516387939453,16.15794927733285,16.303516387939453,1755000
2548,2015-08-06,16.740220154864488,16.740220154864488,16.33263174164085,16.361745834350586,2127000
2549,2015-08-05,16.711104398885364,16.827557418627148,16.565537291266466,16.594650268554688,2523000
2550,2015-08-04,16.652876693630603,16.798443795654315,16.565536654534146,16.681989669799805,3333000
2551,2015-08-03,16.85667085858157,16.85667085858157,16.53642256777609,16.681989669799805,2578000
2552,2015-07-31,16.885784149169922,16.97312418989268,16.769330021146995,16.885784149169922,2767000
2553,2015-07-30,16.740219116210938,16.827559167742933,16.594651993461277,16.740219116210938,3888000
2554,2015-07-29,16.798445897503576,16.798445897503576,16.419971607004364,16.53642463684082,1772000
2555,2015-07-28,16.18706405634416,16.827559636398576,16.15795107521902,16.798446655273438,3014000
2556,2015-07-27,16.62376472669218,16.652878817162787,16.070610334818557,16.274404525756836,4654000
2557,2015-07-24,17.17692115521036,17.17692115521036,16.594652641474415,16.65287971496582,3926000
2558,2015-07-23,17.11869239807129,17.322486579953235,16.973125283954037,17.11869239807129,2487000
2559,2015-07-22,17.468054649403875,17.497167629583945,17.031353283168777,17.23514747619629,3211000
2560,2015-07-21,17.70095952908793,17.70095952908793,17.380712346245737,17.52627944946289,2787000
2561,2015-07-20,18.225005455055708,18.225005455055708,17.58451092853595,17.700963973999023,2488000
2562,2015-07-17,18.195890611217866,18.254117683291568,17.992096414254423,18.050323486328125,1991000
2563,2015-07-16,17.933868381288846,18.166776657104492,17.817415353969988,18.166776657104492,1606000
2564,2015-07-15,18.341458596853386,18.341458596853386,17.75919006996915,17.81741714477539,2432000
2565,2015-07-14,18.021206544699382,18.457907823385906,17.93386540049105,18.195886611938477,7301000
2566,2015-07-13,17.642735459144728,17.90475673362857,17.526282423165615,17.75918960571289,3676000
2567,2015-07-10,17.17691993713379,17.17691993713379,17.17691993713379,17.17691993713379,0
2568,2015-07-09,17.002239839635816,17.468054173356396,16.798445652162194,17.17691993713379,4471000
2569,2015-07-08,18.050321459881424,18.050321459881424,17.380712982681022,17.438940048217773,6339000
2570,2015-07-07,18.195891080459017,18.399685282677968,18.050323951815344,18.108551025390625,2710000
2571,2015-07-06,18.16677363759489,18.457907823385906,18.16677363759489,18.195886611938477,1598000
2572,2015-07-03,18.399685561150996,18.399685561150996,18.10855129945743,18.312345504760742,2719000
2573,2015-07-02,18.225004337781414,18.516138599474978,18.10855129945743,18.312345504760742,3363000
2574,2015-07-01,18.254116705240875,18.283229684423347,18.07943549837914,18.166776657104492,3649000
2575,2015-06-30,18.10854958815058,18.283229684423347,18.10854958815058,18.166776657104492,2028000
2576,2015-06-29,18.341453704833985,18.399680764109945,18.16677363759489,18.195886611938477,2432000
2577,2015-06-26,18.574364177792177,18.807271346268863,18.574364177792177,18.632591247558594,1460000
2578,2015-06-25,18.632591898720925,18.807272003535825,18.51613775511831,18.545251846313477,2760000
2579,2015-06-24,18.981950482774607,19.069291638291357,18.487023191320628,18.516136169433594,3939000
2580,2015-06-23,19.214858228618624,19.273084183264533,18.952836990356445,18.952836990356445,2409000
2581,2015-06-22,19.331312189560776,19.47687929607678,19.04017797652877,19.098403930664062,2999000
2582,2015-06-18,18.807271740486044,19.214860126805398,18.574364567127414,19.185747146606445,3800000
2583,2015-06-17,18.457911793906025,18.719933061717395,18.42879770271086,18.545251846313477,2306000
2584,2015-06-16,18.749046703756573,18.86550085146748,18.34145829735745,18.45791244506836,1996000
2585,2015-06-15,17.962984240080406,18.80727293599749,17.93387014744177,18.690818786621094,3790000
2586,2015-06-12,18.28322760401705,18.399681728673826,17.788299240109005,18.07943344116211,7732000
2587,2015-06-11,19.098406925711178,19.21486107342209,18.283231223501993,18.45791244506836,5281000
2588,2015-06-10,19.011069780151946,19.447771209516738,18.923728605807657,18.98195457458496,4267000
2589,2015-06-09,19.68067384465931,19.68067384465931,18.981951236320945,19.011066436767578,3926000
2590,2015-06-08,19.79712965467847,19.884470821038008,19.447769431596573,19.680675506591797,2194000
2591,2015-06-05,19.85535289503039,19.88446809394259,19.44776676439344,19.651559829711914,5284000
2592,2015-06-04,20.20471673030882,20.437622789948698,19.797128349466558,19.85535430908203,3996000
2593,2015-06-03,20.495849954761557,20.495849954761557,20.204715728759766,20.204715728759766,3737000
2594,2015-06-02,20.670530673435756,20.816097790854318,20.379396438598633,20.379396438598633,3970000
2595,2015-06-01,20.26294382292987,21.107233611630722,20.117376694573796,20.6705322265625,7448000
2596,2015-05-29,20.524960835229855,20.612301982574234,20.321167786329838,20.35028076171875,3769000
2597,2015-05-28,19.97180695821391,21.019889701278906,19.97180695821391,20.641416549682617,7901000
2598,2015-05-27,19.971810507832604,20.030038694627194,19.79713038980526,19.942697525024414,2412000
2599,2015-05-26,19.9135808878804,20.088260973852247,19.855352711771246,20.0300350189209,2119000
2600,2015-05-25,20.117376051175924,20.117376051175924,19.68067468007437,19.884469985961914,3824000
2601,2015-05-22,20.11737632751465,20.379397598010392,20.059150365705843,20.11737632751465,2792000
2602,2015-05-21,20.32117163620159,20.32117163620159,19.91358324000577,20.11737632751465,4895000
2603,2015-05-20,20.699643804058542,20.728756783519565,20.40850956709238,20.466737747192383,5562000
2604,2015-05-19,20.437625951544877,20.961668553862776,20.292058808809717,20.757875442504883,6534000
2605,2015-05-18,20.52496293312616,20.612304089397846,20.088261594123477,20.204715728759766,4613000
2606,2015-05-15,20.437621278435866,20.78698367382473,20.40850830078125,20.40850830078125,8950000
2607,2015-05-14,20.17560275039516,20.583188889855368,19.913581502757978,20.204715728759766,10954000
2608,2015-05-13,19.18574552242838,19.680672807446292,19.18574552242838,19.651559829711914,4778000
2609,2015-05-12,19.535108491454608,19.738903807097156,18.865501023087162,19.156635284423828,8172000
2610,2015-05-11,20.379397699573275,20.43762366167225,19.040180580694074,19.59333610534668,8256000
2611,2015-05-08,21.107235627882897,21.252802770144157,20.437625885009766,20.437625885009766,6005000
2612,2015-05-07,21.602157618941156,21.631272817052388,21.07811737060547,21.07811737060547,4667000
2613,2015-05-06,21.485708055275637,21.660388157111615,21.340140933549318,21.631275177001953,6055000
2614,2015-05-05,21.36924998399745,21.602156003222902,21.31102181330789,21.543930053710938,5432000
2615,2015-05-04,21.54393438179737,21.660388525394044,21.223687152790045,21.34014129638672,8152000
2616,2015-04-30,21.078118925404027,21.369253158569336,21.078118925404027,21.369253158569336,3417000
2617,2015-04-29,21.456591162291186,21.48570636128333,20.84520974347925,21.01988983154297,3400000
2618,2015-04-28,21.63127328359861,21.63127328359861,21.25279791176725,21.398365020751953,5506000
2619,2015-04-27,21.1654567579053,21.66038626115999,20.990776671359214,21.398365020751953,8143000
2620,2015-04-24,20.728757817515643,21.311026320492804,20.728757817515643,20.961666107177734,7858000
2621,2015-04-23,20.088263713138204,20.6705322265625,20.05915073170261,20.6705322265625,2791000
2622,2015-04-22,19.91358245823653,20.233829677968785,19.884469478475047,20.0882625579834,1840000
2623,2015-04-21,20.088263070671427,20.292056155380937,19.855354784279385,19.884469985961914,2124000
2624,2015-04-20,20.437623559819198,20.437623559819198,19.94269622091017,20.11737632751465,1939000
2625,2015-04-17,20.49585072665341,20.55407668557546,20.437622546553403,20.466737747192383,1070000
2626,2015-04-16,20.61230612038002,20.728758045312738,20.52496495550239,20.58319091796875,1493000
2627,2015-04-15,20.379397373212523,20.670531621401274,20.379397373212523,20.495851516723633,2590000
2628,2015-04-14,20.35028693236,20.466741090404675,20.262945758531917,20.437625885009766,1431000
2629,2015-04-13,19.97180541812998,20.43761968788548,19.97180541812998,20.35028076171875,3497000
2630,2015-04-10,20.437624896298264,20.58319203151742,19.79713038980526,19.942697525024414,5066000
2631,2015-04-09,20.786988359143784,20.786988359143784,20.408512900793177,20.437625885009766,1829000
2632,2015-04-08,20.670530495068707,20.903438769399806,20.52496337890625,20.52496337890625,2116000
2633,2015-04-07,21.13634560051646,21.252799741968325,20.554077114435135,20.786985397338867,6530000
2634,2015-04-02,21.485707322604537,21.514820301721436,21.13634490966797,21.13634490966797,5686000
2635,2015-04-01,21.6312744126537,21.6312744126537,21.34014017948839,21.369253158569336,1827000
2636,2015-03-31,21.71861411733094,21.805955278837935,21.5148210353853,21.631275177001953,2190000
2637,2015-03-30,21.456588908265395,21.922405389071493,21.36924998399745,21.543930053710938,3827000
2638,2015-03-27,21.71861188892449,21.7768400643474,21.45659065246582,21.45659065246582,1930000
2639,2015-03-26,21.107228768838418,21.83506424362595,21.107228768838418,21.543930053710938,3129000
2640,2015-03-25,21.602158084859422,21.68949923872137,21.369252043190574,21.398365020751953,2525000
2641,2015-03-24,21.6603878290471,21.80595494856868,21.369253590003932,21.68950080871582,3197000
2642,2015-03-23,21.689497148668444,21.718610123424426,21.514817078954955,21.543930053710938,2184000
2643,2015-03-20,21.864183364618466,21.92241155167654,21.48571014404297,21.48571014404297,7362000
2644,2015-03-19,21.311026004687903,21.92240970069637,21.311026004687903,21.864181518554688,8449000
2645,2015-03-18,21.311025948603383,21.514821253795883,21.223687007387763,21.25279998779297,3196000
2646,2015-03-17,21.48570794159659,21.71861400241961,21.311025619506836,21.311025619506836,2002000
2647,2015-03-16,21.5439318050113,21.747724866047054,21.45659065246582,21.45659065246582,2770000
2648,2015-03-13,21.54393610992282,21.631277279920827,21.45659493992482,21.48571014404297,2360000
2649,2015-03-12,21.369253158569336,21.6312744126537,21.22368604198668,21.369253158569336,2942000
2650,2015-03-11,21.456592095812173,21.485707296071045,21.13634488356592,21.369253158569336,5208000
2651,2015-03-10,22.126202015270717,22.126202015270717,21.57304652065336,21.60215950012207,5705000
2652,2015-03-09,21.86418097948316,22.388223499947607,21.74772683924906,22.30088233947754,4336000
2653,2015-03-06,21.718614394967535,21.951522681178194,21.718614394967535,21.864181518554688,2503000
2654,2015-03-05,21.835066804759393,21.89329276110094,21.631273736386113,21.718612670898438,2406000
2655,2015-03-04,21.6603878290471,21.922409088421542,21.57304666886296,21.68950080871582,3713000
2656,2015-03-03,22.47556120922786,22.47556120922786,21.543932580695934,21.718612670898438,8364000
2657,2015-03-02,22.18443290245388,22.708475534017985,22.18443290245388,22.417341232299805,3882000
2658,2015-02-26,22.271772585417093,22.271772585417093,21.951525319274207,22.126205444335938,3994000
2659,2015-02-25,22.53378982088712,22.70846991445504,22.18442741257338,22.27176856994629,5947000
2660,2015-02-24,22.708470687896362,23.08694608783249,22.417336448307946,22.533790588378906,7772000
2661,2015-02-13,22.44644866351421,22.59201577835046,22.18442741257338,22.27176856994629,6396000
2662,2015-02-12,22.475567204172062,22.62113435503115,22.30088706737684,22.417341232299805,4707000
2663,2015-02-11,22.359109401144995,22.650243626570433,22.242655266739245,22.329994201660156,10190000
2664,2015-02-10,22.21354391036476,22.21354391036476,21.74772733872994,22.097089767456055,8208000
2665,2015-02-09,21.71861499193497,22.359111686030236,21.71861499193497,22.038862228393555,13227000
2666,2015-02-06,21.369253443194417,22.300882113260947,21.311025263079035,21.60215950012207,18270000
2667,2015-02-05,21.25279792577008,21.45659099001182,21.078117839108902,21.165456771850586,5344000
2668,2015-02-04,21.369255256483978,21.86418261298305,21.194575143671255,21.22368812561035,20132000
2669,2015-02-03,20.233827712468358,21.36925158229566,20.204714735534893,21.07811737060547,15129000
2670,2015-02-02,20.524961800884,20.786983034067006,20.1464864394888,20.233827590942383,6332000
2671,2015-01-30,20.961664880368296,21.019890838787035,20.6123046875,20.6123046875,6734000
2672,2015-01-29,21.01989305122135,21.107234219220427,20.699645803855017,20.845212936401367,11495000
2673,2015-01-28,19.913581126354188,21.223685118598834,19.913581126354188,21.01988983154297,28715000
2674,2015-01-27,20.08826194253973,20.146487900278824,19.855353669227526,19.91358184814453,3485000
2675,2015-01-26,20.000920458252697,20.000920458252697,19.797127388314728,19.9718074798584,2853000
2676,2015-01-23,20.204720402132967,20.233833387231435,19.884473123693038,20.000925064086914,4622000
2677,2015-01-22,19.564223624074724,20.03004027036377,19.564223624074724,20.000925064086914,4196000
2678,2015-01-21,19.505995584274626,19.651562715500557,19.447769620255514,19.53510856628418,2226000
2679,2015-01-20,19.447764869537334,19.564216769128578,19.389536698564104,19.418649673461914,3216000
2680,2015-01-19,19.79712501066628,19.855350960461905,19.389536698564104,19.418649673461914,2942000
2681,2015-01-16,19.97180702714573,19.97180702714573,19.622446851977536,19.651559829711914,4104000
2682,2015-01-15,19.855353669227526,20.204716079195833,19.76801473261888,19.91358184814453,5920000
2683,2015-01-14,19.855353050152978,19.942694205216302,19.564218828179015,19.738901138305664,3198000
2684,2015-01-13,19.97180844949096,20.0009214292987,19.797128349466558,19.85535430908203,1941000
2685,2015-01-12,19.855352724989643,19.97180685610767,19.79712677001953,19.79712677001953,3062000
2686,2015-01-09,20.292054684551445,20.292054684551445,19.913581523069798,19.9718074798584,2857000
2687,2015-01-08,20.0300350189209,20.32116923593325,19.942693865346072,20.0300350189209,4342000
2688,2015-01-07,19.97180844949096,20.0009214292987,19.826241329274296,19.85535430908203,1832000
2689,2015-01-06,20.059148963670182,20.059148963670182,19.79712771148843,19.91358184814453,4328000
2690,2015-01-05,19.79712831801262,20.117375537744877,19.79712831801262,20.0882625579834,1807000
2691,2014-12-31,20.08826258989989,20.08826258989989,19.85535430908203,19.85535430908203,1189000
2692,2014-12-30,20.23382905806538,20.23382905806538,19.884468869274983,19.91358184814453,2582000
2693,2014-12-29,20.2920529090572,20.408507033622886,20.059146881103516,20.059146881103516,3818000
2694,2014-12-26,20.20471636945076,20.524963583972184,20.146488189697266,20.146488189697266,4397000
2695,2014-12-25,20.088263346610244,20.175604510501515,19.971809201814573,20.11737632751465,1998000
2696,2014-12-24,19.797131947219246,20.117379225659175,19.62245181545005,20.000925064086914,4455000
2697,2014-12-23,19.593334027318686,19.826240072191148,19.564218828179015,19.738901138305664,3434000
2698,2014-12-22,19.273086507723463,19.622448941267663,19.273086507723463,19.50599479675293,3347000
2699,2014-12-19,19.680674137379828,19.738902317961212,19.243972778320312,19.243972778320312,5822000
2700,2014-12-18,19.738905562930956,19.826244516394127,19.302204132080078,19.302204132080078,3963000
2701,2014-12-17,19.73890228647502,19.884469405929327,19.47688102722168,19.47688102722168,3031000
2702,2014-12-16,19.855355618132744,20.05915093257896,19.680675506591797,19.680675506591797,4025000
2703,2014-12-15,20.000918708231833,20.059146881103516,19.768012680278144,20.059146881103516,2739000
2704,2014-12-12,20.000921544369763,20.46673810868546,20.000921544369763,20.17560386657715,4031000
2705,2014-12-11,19.91358184814453,20.117374921409276,19.73890175374933,19.91358184814453,2295000
2706,2014-12-10,20.117373951317923,20.408508168330275,20.00091982027742,20.0300350189209,3044000
2707,2014-12-09,20.379397598010392,20.437623559819198,20.030037384801442,20.11737632751465,4561000
2708,2014-12-08,20.961668485621637,20.990781469838225,20.437625885009766,20.437625885009766,3667000
2709,2014-12-05,20.903442109877417,21.194576388727086,20.699646781975687,20.728759765625,7046000
2710,2014-12-04,20.20471735750801,21.078120105920362,20.03003725206115,20.874324798583984,14514000
2711,2014-12-03,19.27308582821537,20.0009214292987,19.243972848407633,19.85535430908203,5743000
2712,2014-12-02,19.476878160828473,19.68067120960129,18.98194869481534,19.12751579284668,5771000
2713,2014-12-01,18.923725529059723,19.651561126331252,18.807271389260684,19.47688102722168,4812000
2714,2014-11-28,19.797126939561632,19.85535289503039,19.535105697596574,19.651559829711914,2771000
2715,2014-11-27,19.680675506591797,19.884470821038008,19.65156252486466,19.680675506591797,2385000
2716,2014-11-26,19.53510744812362,19.91358285611893,19.53510744812362,19.564220428466797,4602000
2717,2014-11-25,19.505995584274626,19.797129846726484,19.476882602265068,19.53510856628418,7535000
2718,2014-11-24,20.146488733410578,20.321171056207447,19.680674388700936,19.709787368774414,5373000
2719,2014-11-21,19.855354277535586,20.262942657730264,19.855354277535586,20.0882625579834,5508000
2720,2014-11-20,19.826239747504587,20.059148009740642,19.79712677001953,19.79712677001953,5298000
2721,2014-11-19,19.50599365333268,20.088262120596344,19.50599365333268,19.768014907836914,5716000
2722,2014-11-18,20.670531799544147,20.81609892489305,19.331314690569858,19.50599479675293,11961000
2723,2014-11-17,21.252800739986796,21.252800739986796,20.6705322265625,20.6705322265625,4852000
2724,2014-11-14,21.136345844994114,21.369254130591823,20.84521159858599,21.25279998779297,4632000
2725,2014-11-13,21.543933280838335,21.77684155612938,20.75787173879243,21.13634490966797,11485000
2726,2014-11-12,22.475565095722096,22.592019249720405,21.922411751292056,21.95152473449707,4913000
2727,2014-11-11,22.504677608655662,22.708470687896362,22.359110488861454,22.533790588378906,2315000
2728,2014-11-10,22.795812980241895,22.97049308843364,22.50467872619629,22.50467872619629,3644000
2729,2014-11-07,22.242654148272255,22.621127289587168,22.067974066036314,22.59201431274414,4409000
2730,2014-11-06,22.41733490307793,22.475560858510896,21.86417944175343,22.009746551513672,4377000
2731,2014-11-05,22.941378186664203,22.941378186664203,22.24265559121462,22.27176856994629,4157000
2732,2014-11-04,22.94137765770817,23.290737836788864,22.70846939086914,22.70846939086914,9070000
2733,2014-11-03,21.83506672198956,22.94137765770817,21.776840765868727,22.70846939086914,12745000
2734,2014-10-31,21.660388157111615,21.980635380673913,21.543934015494962,21.631275177001953,4257000
2735,2014-10-30,21.718614952276777,21.718614952276777,21.369254735174085,21.427480697631836,2869000
2736,2014-10-29,21.107231244600747,22.1844269851644,21.107231244600747,21.718612670898438,6973000
2737,2014-10-28,20.96166387591434,21.223685118598834,20.84520974347925,21.01988983154297,3485000
2738,2014-10-27,21.311025550546926,21.39836671130918,20.69964408874512,20.699644088745117,2463000
2739,2014-10-24,21.543931665074222,21.631272817052388,21.019889195560772,21.07811737060547,2540000
2740,2014-10-23,21.54393484372543,21.776843135912618,21.369254735174085,21.427480697631836,1844000
2741,2014-10-22,21.835068258947597,21.980635380673913,21.602159975714287,21.631275177001953,3013000
2742,2014-10-21,21.835067487398245,22.00974758306185,21.369253158569336,21.369253158569336,3140000
2743,2014-10-20,21.77684179016389,22.388223242900956,21.71861361012639,21.835067749023438,5952000
2744,2014-10-17,21.194575872287256,21.54393610992282,20.78698744759361,21.48571014404297,6139000
2745,2014-10-16,21.019889195560772,21.776839922897484,20.146486560490196,21.07811737060547,7123000
2746,2014-10-15,21.602157618941156,21.660385793985853,21.049004393672003,21.07811737060547,3647000
2747,2014-10-14,20.728756343064234,21.543933077719373,20.728756343064234,21.514820098876953,4530000
2748,2014-10-13,21.252802356025708,21.660390790650897,20.40851250312602,20.728759765625,7926000
2749,2014-10-09,22.708470645366898,22.999604884410065,21.602159648531682,21.68950080871582,8146000
2750,2014-10-08,22.300883088873007,23.145172857469127,22.184428944725603,22.562904357910156,3979000
2751,2014-10-07,22.708472467533262,22.795813634725803,22.30088405593165,22.44645118713379,3696000
2752,2014-10-06,23.232511378161938,23.58187154968617,22.91226196289063,22.912261962890625,3260000
2753,2014-10-03,23.290738910239067,23.581873146617056,23.145171792050075,23.203397750854492,4309000
2754,2014-10-02,22.184428065653265,23.756553396401614,22.009747966942996,23.290739059448242,7060000
2755,2014-10-01,21.83506754563688,22.82492438527467,21.66038744950737,22.213542938232422,6091000
2756,2014-09-30,22.271769908834322,22.417337032421475,21.107232920137104,21.864181518554688,7901000
2757,2014-09-29,22.65024585321909,22.824925961410838,22.446450542680317,22.50467872619629,1963000
2758,2014-09-26,22.126202208719533,22.766696647342854,22.00974806864857,22.533790588378906,2445000
2759,2014-09-25,22.999609835736162,23.05783580760842,22.009752765658664,22.417341232299805,5226000
2760,2014-09-24,22.82492511127886,23.29073945616659,22.76669692993164,22.76669692993164,2722000
2761,2014-09-23,23.290739421603046,23.698327805716698,22.999605178833008,22.999605178833008,3789000
2762,2014-09-22,23.90212033315517,23.90212033315517,23.43630599975586,23.43630599975586,5097000
2763,2014-09-19,22.708471403413256,23.989462542200382,22.242657049630132,23.93123435974121,13747000
2764,2014-09-18,22.41733820512899,22.795813634725803,22.329997037936447,22.44645118713379,5341000
2765,2014-09-17,22.53379388359884,22.912267117702868,21.922412335293636,22.126205444335938,5660000
2766,2014-09-16,22.475561794254318,22.7084700680387,22.271768720576418,22.35910987854004,4411000
2767,2014-09-15,23.29073785537711,23.843893323677886,22.213542118037058,22.475561141967773,10684000
2768,2014-09-12,24.83375103399481,24.86286401314202,23.55275996091627,23.581872940063477,8598000
2769,2014-09-11,24.862864658369528,24.862864658369528,24.426163296294575,24.833751678466797,3829000
2770,2014-09-10,24.746413063854625,24.77552604675293,24.28059867394712,24.77552604675293,2559000
2771,2014-09-09,24.862863892448853,24.862863892448853,24.367934364637154,24.57172966003418,3123000
2772,2014-09-05,24.4552728345598,24.921087110982544,24.28059275854848,24.542613983154297,4476000
2773,2014-09-04,24.397048950195312,25.299564603708486,24.397048950195312,24.397048950195312,6124000
2774,2014-09-03,25.328677581980937,25.445131716248607,24.397048950195312,24.397048950195312,8792000
2775,2014-09-02,24.105913749075327,25.503356640171805,24.018572596616522,25.03754234313965,15036000
2776,2014-09-01,23.93123562062526,24.13503093820281,23.9021226384508,23.989463806152344,2614000
2777,2014-08-29,23.902116775512695,24.16413799316811,23.75654967916831,23.902116775512695,3586000
2778,2014-08-28,24.39705108248904,24.426164063305954,23.814782581438493,24.01857566833496,5551000
2779,2014-08-27,24.571729041007885,24.833750287815676,24.33882077247255,24.397048950195312,3760000
2780,2014-08-26,24.426162719726562,24.921090029924454,24.30970858168649,24.426162719726562,6082000
2781,2014-08-25,24.0476882832289,24.338822529324112,23.87300817980738,24.309709548950195,3312000
2782,2014-08-22,23.75655140927785,24.455273966852037,23.52364537087164,24.047685623168945,7527000
2783,2014-08-21,24.164140091954774,24.338820178504427,23.52364570088011,23.75655174255371,8445000
2784,2014-08-20,25.328676737768063,25.386902692372278,24.659067153930664,24.659067153930664,7347000
2785,2014-08-19,25.212228125560557,25.794496683754463,24.717300739567044,25.270456314086914,12163000
2786,2014-08-18,24.57172966003418,24.717296776241515,23.873007058003374,24.57172966003418,5387000
2787,2014-08-15,24.222369765650576,24.74641232692736,23.989463688221683,24.513504028320312,4009000
2788,2014-08-14,25.328678246615436,25.7944925747314,24.280595453060037,24.338821411132812,12535000
2789,2014-08-13,23.58187518239854,24.979320526123047,23.494534015473956,24.979320526123047,18770000
2790,2014-08-12,23.9035758538908,23.959037858089424,23.071664831843663,23.348968505859375,9339000
2791,2014-08-11,22.79435920405841,23.792654037475582,22.18429201977809,23.792654037475586,9349000
2792,2014-08-08,22.184290029636678,22.378401721132494,21.075075528154844,22.239749908447266,9553000
2793,2014-08-07,23.348966314915014,23.681731961904372,21.79606630927483,22.18429183959961,9748000
2794,2014-08-06,24.846408768676053,25.123712442691765,23.15485678031203,23.348968505859375,11311000
2795,2014-08-05,24.957330737068496,25.20690446757101,24.81867889964034,24.84640884399414,4263000
2796,2014-08-04,25.234634411924812,25.234634411924812,24.84640884399414,24.84640884399414,4551000
2797,2014-08-01,24.40272337525755,25.373286236773477,24.40272337525755,25.234634399414062,5860000
2798,2014-07-31,25.789235165887703,26.17746063452741,25.290087832542568,25.816965103149414,4763000
2799,2014-07-30,25.401014278067183,25.900161701428573,24.901868970364777,25.62285804748535,4391000
2800,2014-07-29,26.510229894531165,26.815263502251124,24.84640790806696,25.3732852935791,7786000
2801,2014-07-28,26.62115184882576,26.787533624749106,26.01108463188713,26.316118240356445,3734000
2802,2014-07-25,27.730361723722964,27.730361723722964,26.621147254774044,26.676607131958008,4676000
2803,2014-07-24,27.286673600009944,27.591707124993754,26.7875262931939,27.53624725341797,7415000
2804,2014-07-23,26.759799957275394,26.759799957275394,26.759799957275394,26.75979995727539,0
2805,2014-07-22,26.122000770061277,27.286677270757647,25.955619017292875,26.75979995727539,6826000
2806,2014-07-21,26.232922532357367,26.343844405618036,25.95561890703507,25.983348846435547,3537000
2807,2014-07-18,25.95562156077051,26.038813503136353,25.095980657512378,25.733779907226562,6938000
2808,2014-07-17,26.011079797017526,26.898450514106006,25.900157928466797,25.900157928466797,8487000
2809,2014-07-16,26.815259621673782,26.815259621673782,25.678315185254935,25.927888870239258,8388000
2810,2014-07-15,27.591716648574252,27.61944659393344,26.64888369674741,26.704345703125,4948000
2811,2014-07-14,27.009370903883216,27.3421343756578,26.56568556963092,27.175752639770508,4572000
2812,2014-07-11,27.841285528039467,28.67319643754866,26.39930534882822,27.009374618530273,10406000
2813,2014-07-10,28.673194846194956,28.728654724154023,27.841283982856563,28.063125610351562,11815000
2814,2014-07-09,27.28668046862647,28.839580535888675,27.28668046862647,28.839580535888672,19448000
2815,2014-07-08,26.898455545565987,27.67490665500059,26.593421936737773,26.981647491455078,10919000
2816,2014-07-07,25.511934484941012,27.148026358737475,25.456474604063374,26.842992782592773,16794000
2817,2014-07-04,25.26236340468301,25.67831890129906,24.985059740272312,25.3732852935791,4862000
2818,2014-07-03,24.957330757752995,25.206904488462353,24.79094897583314,25.12371253967285,3171000
2819,2014-07-02,25.01278686523437,25.789237884360364,24.569101475301874,25.012786865234375,10723000
2820,2014-07-01,25.123704698385186,25.234626556931968,24.79094123840332,24.79094123840332,3359000
2821,2014-06-30,24.735486917882938,25.012790592368884,24.569105136323195,24.95733070373535,2971000
2822,2014-06-27,24.735485895797023,24.95732967248271,24.513644234770386,24.65229606628418,2091000
2823,2014-06-26,24.95732783662991,25.06824971681338,24.569102313817222,24.707754135131836,3669000
2824,2014-06-25,25.234626556931968,25.290086428376117,24.73547925130069,24.79094123840332,5152000
2825,2014-06-24,24.402723395306133,25.678319876928942,24.402723395306133,25.511938095092773,8066000
2826,2014-06-23,25.262362304120124,25.262362304120124,23.84811410036954,24.402721405029297,6983000
2827,2014-06-20,25.567397962813008,26.03881547923051,25.23463439941406,25.234634399414062,8420000
2828,2014-06-19,24.402721483061168,25.511936095927584,24.264069656452865,25.45647621154785,9557000
2829,2014-06-18,24.45817940921271,24.56910128475026,23.57080863622993,24.180875778198242,5446000
2830,2014-06-17,24.45817838347284,24.541370315551756,24.208606818553523,24.264066696166992,4260000
2831,2014-06-16,23.84811410036954,24.541373231194235,23.626270332242047,24.402721405029297,5028000
2832,2014-06-13,24.236340443574697,24.291800329623307,23.848114894257304,23.931306838989258,4399000
2833,2014-06-12,24.4304475351212,24.4304475351212,24.208605917267775,24.29179573059082,2904000
2834,2014-06-11,24.014496762888886,24.624566090127793,23.903574874694623,24.37499237060547,7440000
2835,2014-06-10,24.569099251033215,24.59682918870754,23.848110293207505,24.01449203491211,7067000
2836,2014-06-09,24.790948017188832,24.874137847102315,23.986766967404165,24.596834182739258,4677000
2837,2014-06-06,24.92959881137505,25.179172522042098,24.541373274299538,24.680025100708008,6499000
2838,2014-06-05,24.790943253818522,25.290088484370045,24.45817765112552,24.73548126220703,9048000
2839,2014-06-04,24.06995233133696,25.09597476266311,24.06995233133696,24.79094123840332,10114000
2840,2014-06-03,24.76321688457515,24.846406710493255,23.543080396845703,23.959035873413086,8558000
2841,2014-05-30,24.65229144827777,24.957324997335697,24.430447713149103,24.73548126220703,6516000
2842,2014-05-29,24.62456612311323,24.680026009455126,24.319530401255644,24.65229606628418,7650000
2843,2014-05-28,24.125415836354303,24.624563217163086,23.903572085848445,24.624563217163086,10931000
2844,2014-05-27,23.543080463635985,24.125417709350586,23.09939504383719,24.125417709350586,7689000
2845,2014-05-26,23.37669573205912,24.125414650821124,23.2103118695265,23.43215560913086,11257000
2846,2014-05-23,23.321233640439306,23.487615386607718,22.877548278770643,23.37669563293457,10602000
2847,2014-05-22,22.29521486037777,23.321237564086914,22.01791119822297,23.321237564086914,19580000
2848,2014-05-21,22.433865520097417,22.79435899268049,21.518762636503972,21.796066284179688,18682000
2849,2014-05-20,22.683437275563474,22.794357032568502,22.239749784908355,22.4061336517334,8751000
2850,2014-05-19,22.849820144580782,23.737190937985165,22.212020932305922,22.48932456970215,18437000
2851,2014-05-16,21.796063705972863,22.988470096194984,21.629681960180136,22.766626358032227,16186000
2852,2014-05-15,20.797777096597233,22.017913776062795,20.77004715026696,21.851531982421875,11079000
2853,2014-05-14,21.075078848973284,21.18600073973128,20.43727956385914,20.7423152923584,13510000
2854,2014-05-13,20.243166852249338,20.492740565340377,20.02132308157753,20.326358795166016,6399000
2855,2014-05-12,19.965860357002967,20.298623850022874,19.882668425918645,20.0767822265625,5550000
2856,2014-05-09,19.744017537696276,20.021321166684476,19.38352408940689,19.82720947265625,6204000
2857,2014-05-08,19.494448851509066,19.82721240931789,19.438986848101525,19.744020462036133,6545000
2858,2014-05-07,19.078490469905798,19.577635731361635,19.078490469905798,19.438983917236328,4450000
2859,2014-05-06,19.30033304316471,19.688558564756477,19.023029401407577,19.189411163330078,5578000
2860,2014-05-05,18.745723887594657,19.522174853237328,18.523882265738663,19.300331115722656,6828000
2861,2014-05-02,18.357501050790592,18.745726589570058,18.191119281501955,18.496152877807617,3453000
2862,2014-04-30,18.801189453913004,18.828919397459135,18.274312063900158,18.30204200744629,4904000
2863,2014-04-29,18.385233059601806,18.884378366134154,18.19111923290119,18.71799659729004,6080000
2864,2014-04-28,17.470127461603514,18.71799370886091,17.41466652793732,18.357498168945312,6150000
2865,2014-04-25,18.302040078803806,18.690265594516266,17.802892684936523,17.802892684936523,6719000
2866,2014-04-24,18.41296380737338,18.745727359620144,18.24658203125,18.24658203125,5473000
2867,2014-04-23,18.41296380737338,18.6348054703182,18.135660141948055,18.24658203125,4220000
2868,2014-04-22,17.858356534535222,18.85664931017751,17.858356534535222,18.4129638671875,7457000
2869,2014-04-21,17.802889667777414,18.135655245846174,17.802889667777414,17.83062171936035,2179000
2870,2014-04-18,18.080194276681755,18.107926329826665,17.802890670501615,17.858352661132812,3554000
2871,2014-04-17,18.329767125267196,18.3574970615128,18.02473359524854,18.05246353149414,5564000
2872,2014-04-16,17.747434673887312,18.412963897289902,17.581052896951434,18.30204200744629,7575000
2873,2014-04-15,17.581051906776995,17.85835555793859,17.581051906776995,17.691972732543945,5047000
2874,2014-04-14,17.470126152399207,17.52558708190918,17.248283492188555,17.52558708190918,2891000
2875,2014-04-11,17.192823500860303,17.525588038249268,17.137362568323926,17.47012710571289,3999000
2876,2014-04-10,17.691972687317957,17.691972687317957,17.137365386412508,17.414669036865234,4976000
2877,2014-04-09,17.08190248767236,17.41466704165649,17.054172548935913,17.2482852935791,4511000
2878,2014-04-08,16.832331680954226,17.026444446532835,16.74914079794324,16.970983505249023,3637000
2879,2014-04-07,16.80459968215388,16.943251498204095,16.610487985947113,16.63821792602539,2884000
2880,2014-04-03,17.081904317635257,17.081904317635257,16.776870727539062,16.776870727539062,3302000
2881,2014-04-02,17.026443537749355,17.081903418243538,16.804599784454975,16.99871253967285,4871000
2882,2014-04-01,16.66594983686562,17.026445447488594,16.638219893508253,16.804601669311523,5576000
2883,2014-03-31,16.61048892679399,16.74914075069768,16.360915220635558,16.693679809570312,7363000
2884,2014-03-28,17.636507601633248,17.66423859486029,16.665945053100586,16.665945053100586,22639000
2885,2014-03-27,16.749140114396383,17.913814544677734,16.749140114396383,17.913814544677734,16339000
2886,2014-03-26,16.69367884783438,16.804599665869418,16.61048796985075,16.7491397857666,2997000
2887,2014-03-25,16.665948810091894,16.804600633995584,16.5272969861882,16.693679809570312,3477000
2888,2014-03-24,16.139072513955547,16.74914075069768,16.08361157282818,16.693679809570312,5092000
2889,2014-03-21,16.527293260453064,16.80459684574811,16.360911532407727,16.665945053100586,5149000
2890,2014-03-20,16.083610677619543,16.638217942365046,16.083610677619543,16.52729606628418,4143000
2891,2014-03-19,16.47183618607316,16.610488002259533,16.194532553700405,16.52729606628418,4943000
2892,2014-03-18,16.915522526401126,17.137365233214265,16.38864517211914,16.38864517211914,8895000
2893,2014-03-17,16.471835230662716,16.749138846951116,16.139070679550766,16.58275604248047,5318000
2894,2014-03-14,16.028151558447163,16.360916166622335,15.889499726526633,16.2499942779541,3781000
2895,2014-03-13,16.305453227028543,16.305453227028543,15.972688659572983,16.08361053466797,3629000
2896,2014-03-12,16.028151469676956,16.24999418795524,15.944960582551287,16.194534301757812,3250000
2897,2014-03-11,15.972689581963325,16.083611463463825,15.83403775900243,15.94495964050293,4382000
2898,2014-03-10,15.834036771299823,15.972688585611834,15.639925077526525,15.861767768859863,4388000
2899,2014-03-07,16.194532221942307,16.24999210101719,15.223969528520442,15.501273155212402,12313000
2900,2014-03-06,16.527294934912664,16.6382168034004,16.05587963841312,16.139070510864258,6034000
2901,2014-03-05,16.58275793726669,16.721409761253582,16.38864517211914,16.38864517211914,4605000
2902,2014-03-04,16.52729886771268,16.52729886771268,16.222265243530273,16.222265243530273,3179000
2903,2014-03-03,16.638217942365046,16.749139818445908,16.388644250097805,16.52729606628418,3551000
2904,2014-02-27,16.776870727539062,16.94325249344072,16.74914078583194,16.776870727539062,3366000
2905,2014-02-26,16.804599722256917,16.99871247675633,16.638217965731368,16.72140884399414,4964000
2906,2014-02-25,16.4718361539349,17.054173357649713,16.388644218121865,16.7491397857666,10452000
2907,2014-02-24,16.194532459331054,16.61048790546631,16.139071521613808,16.47183609008789,7271000
2908,2014-02-21,15.806310694914675,16.222266239517694,15.806310694914675,15.972692489624023,5581000
2909,2014-02-20,16.360916085457013,16.4995679166897,15.639926986178851,15.750847816467285,8465000
2910,2014-02-19,16.47183609008789,16.665947785354156,16.30545327693615,16.47183609008789,3714000
2911,2014-02-18,16.638217942365046,16.638217942365046,16.333184369886784,16.52729606628418,4097000
2912,2014-02-17,16.05588068304491,16.749139761624928,16.05588068304491,16.55502700805664,11232000
2913,2014-02-14,16.05587864296009,16.05587864296009,15.806304983250739,15.83403491973877,2932000
2914,2014-02-13,16.24999031403484,16.24999031403484,15.667653185152048,15.83403491973877,6196000
2915,2014-02-12,16.499567998542865,16.499567998542865,16.08361250278128,16.2499942779541,5661000
2916,2014-02-11,16.19452959040985,16.7491367536728,16.19452959040985,16.333181381225586,8910000
2917,2014-02-10,16.139070510864258,16.527294934912664,16.02814864237652,16.139070510864258,6978000
2918,2014-02-07,16.360918087718698,16.38864803422704,15.944962543115683,15.972692489624023,8268000
2919,2014-02-06,15.529006045088806,16.30545613577733,15.307163313153456,16.222265243530273,16989000
2920,2014-02-05,14.641632163714071,15.36262227143689,14.641632163714071,15.307161331176758,11761000
2921,2014-01-27,14.197945745174364,14.80801392888748,14.087023872561298,14.697092056274414,10342000
2922,2014-01-24,14.308868381212962,14.58617204021189,14.308868381212962,14.419790267944336,3425000
2923,2014-01-23,14.752553846281366,14.752553846281366,14.308867387983238,14.392059326171875,7889000
2924,2014-01-22,14.808013922427358,15.196238360744973,14.6693621106362,14.75255298614502,24217000
2925,2014-01-21,13.865181231171666,14.724822044372559,13.809720294681105,14.724822044372559,22952000
2926,2014-01-20,13.587877306750087,13.809719989988299,13.504686432764426,13.781990051269531,4599000
2927,2014-01-17,13.532417249783673,13.726530006901704,13.421496429880102,13.504687309265137,3441000
2928,2014-01-16,13.754261872947644,13.865183766209146,13.560150146484373,13.560150146484375,5116000
2929,2014-01-15,13.532416382166309,13.80972000089033,13.50468644342565,13.67106819152832,3281000
2930,2014-01-14,13.476953509004383,13.560145428922906,13.421493639497639,13.532414436340332,1666000
2931,2014-01-13,13.560145428922906,13.698797218348174,13.476953509004383,13.532414436340332,2190000
2932,2014-01-10,13.587878188650171,13.615608129168708,13.338304492665644,13.504687309265137,4006000
2933,2014-01-09,13.726529913812897,13.809720792633758,12.97780988876631,13.08873176574707,5879000
2934,2014-01-08,13.865181894013375,13.892911834669631,13.726530075073242,13.726530075073242,2594000
2935,2014-01-07,13.754259103902474,13.86518097483288,13.671068229619348,13.809720039367676,3169000
2936,2014-01-06,13.837452881886357,13.948373709783883,13.643340110778809,13.643340110778809,4054000
2937,2014-01-03,13.587877306750087,13.837450986536423,13.476955436216304,13.781990051269531,3575000
2938,2014-01-02,13.421494583997962,13.781989050306613,13.421494583997962,13.587876319885254,3930000
2939,2013-12-31,13.421496391296388,13.476956272174027,13.310574513882267,13.421496391296387,2273000
2940,2013-12-30,13.338304510582926,13.504687327405922,13.338304510582926,13.393765449523926,2296000
2941,2013-12-27,13.366034562400339,13.366034562400339,13.255112692373705,13.338303565979004,1708000
2942,2013-12-26,13.088729957759487,13.393763490577207,13.088729957759487,13.366033554077148,2082000
2943,2013-12-25,13.227383661190293,13.31057454050255,13.144192781878036,13.25511360168457,1685000
2944,2013-12-24,13.227384567260742,13.338305394665309,13.171923624643712,13.227384567260742,3608000
2945,2013-12-23,13.698801987287569,13.698801987287569,12.95008185217468,13.033272743225098,10638000
2946,2013-12-20,13.698801053642322,13.754260938676337,13.47695728218827,13.643340110778809,3708000
2947,2013-12-19,13.80972000089033,13.865180936201005,13.587877317476984,13.67106819152832,4299000
2948,2013-12-18,13.476955392945493,13.865180880737896,13.449225454315759,13.698799133300781,6456000
2949,2013-12-17,13.227381755918318,13.393763490577207,13.171920825088932,13.366033554077148,5000000
2950,2013-12-16,13.393767337150713,13.421498339444144,13.061002714436558,13.116463661193848,4627000
2951,2013-12-13,13.310572623247761,13.421494484906535,13.310572623247761,13.366033554077148,3867000
2952,2013-12-12,13.033270848753391,13.393765362791324,13.005540908377172,13.282844543457031,5344000
2953,2013-12-11,13.476957281971897,13.476957281971897,13.116462740109096,13.199653625488281,7604000
2954,2013-12-10,13.088731816883447,13.476956272174027,13.061000818615206,13.421496391296387,11551000
2955,2013-12-09,12.755970001220703,13.005543750463403,12.755970001220703,12.894621849060059,6160000
2956,2013-12-06,12.64504623413086,12.728238176823814,12.534125406922742,12.64504623413086,4729000
2957,2013-12-05,12.450934522059281,12.700507176649664,12.423203521885133,12.64504623413086,5658000
2958,2013-12-04,12.367739625650344,12.423200554923735,12.229087831381488,12.39547061920166,5601000
2959,2013-12-03,11.896325338528413,12.589584366232183,11.896325338528413,12.367740631103516,10988000
2960,2013-12-02,11.813134185861319,11.92405606072071,11.785404246061168,11.868595123291016,2745000
2961,2013-11-29,11.924056068350781,11.924056068350781,11.757674313784623,11.81313419342041,2781000
2962,2013-11-28,11.7576752052764,11.868596030787625,11.674483263856134,11.840866088867188,4753000
2963,2013-11-27,11.508100543703351,11.729943234184768,11.480370604079196,11.64675235748291,6102000
2964,2013-11-26,11.591291386099197,11.646752323012755,11.48037057010147,11.508100509643555,3626000
2965,2013-11-25,11.646753322961859,11.757675206312333,11.563562439363741,11.591292381286621,4219000
2966,2013-11-22,11.3139877593608,11.53583044918564,11.3139877593608,11.508100509643555,6732000
2967,2013-11-21,11.286256841121816,11.369447710363495,11.203065971880138,11.313986778259277,3828000
2968,2013-11-20,11.119877773584449,11.563564321368176,11.119877773584449,11.369451522827148,8051000
2969,2013-11-19,11.20306782591258,11.25852770936574,11.119875885073899,11.23079776763916,4175000
2970,2013-11-18,10.925763202036627,11.286257701449847,10.898032204955994,11.2030668258667,9362000
2971,2013-11-15,10.898034051616083,10.95349499734577,10.814843161936329,10.870304107666016,2638000
2972,2013-11-14,10.87030320045406,10.925764141555096,10.759381318251986,10.898033142089844,3898000
2973,2013-11-13,10.648460470125318,10.89803311777905,10.648460470125318,10.759381294250488,5935000
2974,2013-11-12,10.371157718543701,10.482078552246094,10.343426716745936,10.482078552246094,1821000
2975,2013-11-11,10.426617533728647,10.509809480711919,10.3711576461792,10.3711576461792,1581000
2976,2013-11-08,10.315695809354022,10.39888669131868,10.260234868767764,10.343425750732422,1240000
2977,2013-11-07,10.315696700800203,10.482078479107646,10.28796569919593,10.3711576461792,1943000
2978,2013-11-06,10.592998483538786,10.620728422375558,10.26023392835073,10.2879638671875,5013000
2979,2013-11-05,10.81484216290934,10.870303103515793,10.565268459095034,10.592999458312988,2407000
2980,2013-11-04,10.870302206476481,10.925763142506185,10.759380334417074,10.814841270446777,1642000
2981,2013-11-01,11.008956004003446,11.008956004003446,10.842573165893555,10.842573165893555,2178000
2982,2013-10-31,10.787112306657393,10.95349407196045,10.731651365613219,10.95349407196045,3514000
2983,2013-10-30,10.78711128828634,10.78711128828634,10.703919355659188,10.731650352478027,1228000
2984,2013-10-29,10.814841227275814,10.814841227275814,10.703919355659188,10.731650352478027,1025000
2985,2013-10-28,10.731651352676563,10.814842235227806,10.70392035327317,10.759381294250488,1274000
2986,2013-10-25,10.759380291467501,10.814841227275814,10.731650352478027,10.731650352478027,1005000
2987,2013-10-24,10.814842235227806,10.870303176205123,10.70392035327317,10.759381294250488,3273000
2988,2013-10-23,10.814841270446777,10.981223020706517,10.814841270446777,10.814841270446777,3814000
2989,2013-10-22,10.814842177448726,10.842572118874504,10.731651295341937,10.78711223602295,1577000
2990,2013-10-21,10.981223941662309,10.981223941662309,10.78711223602295,10.78711223602295,1646000
2991,2013-10-18,10.814841270446777,10.814841270446777,10.759380334417074,10.814841270446777,2484000
2992,2013-10-17,10.731650352478027,10.814841227275814,10.648459477680241,10.731650352478027,2084000
2993,2013-10-16,10.703919312263379,10.703919312263379,10.620728437802864,10.648459434509277,1164000
2994,2013-10-15,10.703919410705566,10.787111343760545,10.648459532441409,10.703919410705566,1856000
2995,2013-10-14,10.731652291746268,10.814843181577103,10.62073040008545,10.62073040008545,2362000
2996,2013-10-11,10.6207284808614,10.731650352478027,10.482076670255301,10.731650352478027,4613000
2997,2013-10-09,10.537539424486642,10.59300036986564,10.3711576461792,10.3711576461792,3332000
2998,2013-10-08,10.648461373481327,10.731652263090021,10.5375394821167,10.5375394821167,3864000
2999,2013-10-07,10.925765056905032,10.981224944822978,10.676191329956055,10.676191329956055,3224000
3000,2013-10-04,10.842572200988808,11.036684965927703,10.842572200988808,10.898033142089844,4019000
3001,2013-10-03,10.870304107666016,10.925765053395704,10.787113217986263,10.870304107666016,4355000
3002,2013-10-02,10.482077647193366,10.759381294250488,10.482077647193366,10.759381294250488,5809000
3003,2013-10-01,10.537539453530966,10.565269397382123,10.45434856414795,10.45434856414795,1662000
3004,2013-09-30,10.482077541221205,10.53753848163782,10.42661660080459,10.509808540344238,1820000
3005,2013-09-27,10.371157718543701,10.482078552246094,10.343426716745936,10.482078552246094,2020000
3006,2013-09-26,10.50980764749906,10.537537586436883,10.343424840384015,10.426615715026855,2391000
3007,2013-09-25,10.593000427799012,10.593000427799012,10.509809538190318,10.5375394821167,2388000
3008,2013-09-24,10.592999458312988,10.620729399701487,10.482077577100084,10.592999458312988,3267000
3009,2013-09-23,10.537538517706537,10.592999458312988,10.454347635711587,10.592999458312988,2996000
3010,2013-09-18,10.5375394821167,10.565269426043079,10.454348592508003,10.5375394821167,2963000
3011,2013-09-17,10.5375394821167,10.5375394821167,10.39888764682569,10.5375394821167,2393000
3012,2013-09-16,10.260234837384195,10.50980854034424,10.260234837384195,10.509808540344238,3263000
3013,2013-09-13,10.648461373481327,10.648461373481327,10.454348592508003,10.5375394821167,4635000
3014,2013-09-12,10.73165030896979,10.842571122307357,10.592998498925812,10.648459434509277,5408000
3015,2013-09-11,10.592998498925812,10.648459434509276,10.426615692175423,10.648459434509277,5330000
3016,2013-09-10,10.814841183430305,10.925763054597233,10.482076627758886,10.648459434509277,6650000
3017,2013-09-09,10.870302163084128,10.898032102073602,10.482076670255301,10.731650352478027,7089000
3018,2013-09-06,10.371156823068194,10.78711229365388,10.371156823068194,10.759381294250488,13734000
3019,2013-09-05,10.17704485303297,10.371157632692256,10.17704485303297,10.232505798339844,4702000
3020,2013-09-04,10.093853033418885,10.287964737353155,10.010661094213399,10.177043914794922,6968000
3021,2013-09-03,10.14931293660038,10.204773876907975,10.010661114746114,10.066122055053711,7360000
3022,2013-09-02,9.733356553928719,10.038391167964406,9.733356553928719,10.010660171508789,6808000
3023,2013-08-30,9.788819328683712,9.927471163531441,9.733358383178711,9.733358383178711,2972000
3024,2013-08-29,9.622436550826416,9.844279251981233,9.622436550826416,9.761088371276855,3402000
3025,2013-08-28,9.539245699577169,9.650166521582355,9.539245699577169,9.594705581665039,2076000
3026,2013-08-27,9.872010218026439,9.982932109036442,9.650167493835983,9.733358383178711,4210000
3027,2013-08-26,9.955202178299825,10.03839306775203,9.816550343269629,9.872010231018066,4658000
3028,2013-08-23,9.566976589213182,9.816550314672302,9.511515643796761,9.788819313049316,6944000
3029,2013-08-22,9.317400920377846,9.511513659933495,9.317400920377846,9.483783721923828,2223000
3030,2013-08-20,9.345132818426356,9.511514578206045,9.317401819910119,9.400593757629395,3002000
3031,2013-08-19,9.428324669895689,9.428324669895689,9.317402780059219,9.345133781433105,2379000
3032,2013-08-16,9.289672880673221,9.45605465838928,9.289672880673221,9.37286376953125,2596000
3033,2013-08-15,9.372863724977455,9.456054613440038,9.345133781433105,9.345133781433105,2553000
3034,2013-08-14,9.456052726084835,9.539244655772489,9.345131916216841,9.483783721923828,4601000
3035,2013-08-13,9.317401819910119,9.456053639003004,9.234210940020274,9.400593757629395,10620000
3036,2013-08-12,9.427073899364471,9.48003519298728,9.321152322271507,9.400593757629395,7355000
3037,2013-08-09,9.42707347869873,9.480034769958241,9.321151906332322,9.42707347869873,2197000
3038,2013-08-08,9.268191028648697,9.48003519298728,9.268191028648697,9.400593757629395,2444000
3039,2013-08-07,9.321152687072754,9.453555421235285,9.29467153414863,9.321152687072754,3140000
3040,2013-08-06,9.532996542944034,9.559476684835591,9.427073955072478,9.4535551071167,3515000
3041,2013-08-05,9.32115149674296,9.55947578170941,9.32115149674296,9.506515502929688,4884000
3042,2013-08-02,9.4270737860439,9.45355493761331,9.26819091723802,9.294671058654785,2943000
3043,2013-08-01,9.48003519298728,9.48003519298728,9.374113615894318,9.400593757629395,2911000
3044,2013-07-31,9.480034769958241,9.480034769958241,9.294670755626262,9.42707347869873,3927000
3045,2013-07-30,9.480033874511719,9.532995160768715,9.374112312150242,9.480033874511719,3272000
3046,2013-07-29,9.532996542944034,9.612437978771368,9.427073955072478,9.4535551071167,4002000
3047,2013-07-26,9.400593338145281,9.58595735247726,9.400593338145281,9.42707347869873,7079000
3048,2013-07-25,9.321153592097522,9.400595038277762,9.268192291259766,9.268192291259766,3422000
3049,2013-07-24,9.029866065823567,9.400594125539733,9.029866065823567,9.321152687072754,7251000
3050,2013-07-23,9.003385124469887,9.08282655589057,9.003385124469887,9.029865264892578,2485000
3051,2013-07-22,9.029866641958506,9.135789240107817,8.976906353036611,9.003386497497559,3025000
3052,2013-07-19,8.950425523877863,9.056348125878726,8.818022776453182,8.870984077453613,2209000
3053,2013-07-18,9.02986659109841,9.082827889874764,8.8974638492339,8.950425148010254,3357000
3054,2013-07-17,8.897462428523722,9.109307589802578,8.81802099812045,8.97690486907959,5902000
3055,2013-07-16,8.579696073466108,8.897461771618357,8.579696073466108,8.844501495361328,8130000
3056,2013-07-15,8.473774546189784,8.553215980529785,8.447293899717677,8.553215980529785,2221000
3057,2013-07-12,8.473773956298828,8.500254095851233,8.447293311670137,8.473773956298828,1865000
3058,2013-07-11,8.473773926089462,8.526735215158036,8.447293281555176,8.447293281555176,1627000
3059,2013-07-10,8.447293311670137,8.52673524555621,8.394332527489041,8.473773956298828,3142000
3060,2013-07-09,8.42081356048584,8.447294207924116,8.36785277068563,8.42081356048584,938000
3061,2013-07-08,8.420812997256444,8.447293642923551,8.341371565331428,8.367852210998535,939000
3062,2013-07-05,8.447293642923551,8.473774288590658,8.367852210998535,8.367852210998535,1091000
3063,2013-07-04,8.420812005146074,8.473773290240576,8.341370582580566,8.341370582580566,1061000
3064,2013-07-03,8.473775280641977,8.55321672186745,8.367853190649225,8.394333839416504,1828000
3065,2013-07-02,8.473773956298828,8.553215385108615,8.420812667041446,8.473773956298828,3566000
3066,2013-07-01,8.261930686008867,8.42081356048584,8.261930686008867,8.42081356048584,2373000
3067,2013-06-28,8.36785311222374,8.420813904185572,8.288411166666451,8.314891815185547,2653000
3068,2013-06-27,8.208969726185522,8.314891815185547,8.182489077666425,8.314891815185547,2700000
3069,2013-06-26,8.12952673718774,8.23544880601167,8.076565450237643,8.208968162536621,2236000
3070,2013-06-25,8.156007201224682,8.156007201224682,8.02360448363937,8.103046417236328,2409000
3071,2013-06-24,7.970644252297738,8.182488413091994,7.9441636059293765,8.156007766723633,3174000
3072,2013-06-21,8.103047119336438,8.182488554740429,7.891202449798585,7.891202449798584,8398000
3073,2013-06-20,8.235449818966094,8.341371900818363,8.208969172233944,8.261930465698242,2047000
3074,2013-06-19,8.473775201223765,8.57969779530015,8.314891815185547,8.314891815185547,5885000
3075,2013-06-18,8.10304574685509,8.314889875434783,8.076565104513566,8.288409233093262,3245000
3076,2013-06-17,8.023604453626145,8.103046386925941,8.023604453626145,8.076565742492676,1687000
3077,2013-06-14,8.15600807850659,8.182488725887238,7.997125204375378,8.023605346679688,1920000
3078,2013-06-13,8.156007170716189,8.208968459582719,8.076565742492676,8.076565742492676,2072000
3079,2013-06-11,8.341371872446583,8.341371872446583,8.20896914431251,8.23544979095459,1836000
3080,2013-06-10,8.261931023223715,8.314891815185547,8.235450374704618,8.314891815185547,1828000
3081,2013-06-07,8.208969059460356,8.26193035219708,8.076566332694867,8.156007766723633,2333000
3082,2013-06-06,8.341370874835599,8.394332161785696,8.156006875586524,8.208968162536621,3067000
3083,2013-06-05,8.394333839416504,8.473775280641977,8.367853190649225,8.394333839416504,1828000
3084,2013-06-04,8.367853190649225,8.55321672186745,8.367853190649225,8.394333839416504,5323000
3085,2013-06-03,8.261931023223715,8.341372463704642,8.261931023223715,8.314891815185547,1365000
3086,2013-05-31,8.394331867675069,8.420812005146074,8.288409297486064,8.341370582580566,2278000
3087,2013-05-30,8.314889940033316,8.367851225127819,8.261929160015061,8.341370582580566,2241000
3088,2013-05-29,8.36785311222374,8.447294552704669,8.261931023223715,8.314891815185547,2930000
3089,2013-05-28,8.314890919664322,8.420812997256444,8.261930133406414,8.367852210998535,3340000
3090,2013-05-27,8.103047090381676,8.314891254086215,8.103047090381676,8.261930465698242,4027000
3091,2013-05-24,7.997124284158184,8.076565712082584,7.997124284158184,8.050085067749023,1970000
3092,2013-05-23,8.050085938089927,8.156008021799728,7.997125148773193,7.997125148773193,2950000
3093,2013-05-22,8.05008509805941,8.103046386925941,8.023604453626145,8.076565742492676,2159000
3094,2013-05-21,8.103046356416144,8.156007140006981,7.997124284158184,8.050085067749023,2700000
3095,2013-05-20,7.944162995491065,8.103046356416144,7.891201706823946,8.050085067749023,2576000
3096,2013-05-17,7.997123653263406,8.023603790431661,7.917681726529917,7.944162368774414,2565000
3097,2013-05-16,7.917682706150718,7.997124642713215,7.891202060629885,7.970643997192383,4215000
3098,2013-05-15,7.864723659035481,7.8912038053346345,7.7588010535332055,7.838243007659912,3565000
3099,2013-05-14,7.705838351320951,7.891201854983561,7.705838351320951,7.811760425567627,6958000
3100,2013-05-13,7.599916934967041,7.652877724136825,7.546955640720921,7.599916934967041,1299000
3101,2013-05-10,7.599916934967041,7.626397077013766,7.573436287843981,7.599916934967041,1387000
3102,2013-05-09,7.573436287843981,7.652877724136825,7.520474993597862,7.599916934967041,2010000
3103,2013-05-08,7.520474882725092,7.573436176190414,7.467514094336098,7.493994235992432,1326000
3104,2013-05-07,7.520474910736084,7.573436204398668,7.467514122149829,7.520474910736084,1500000
3105,2013-05-06,7.414552828487246,7.599916851229959,7.414552828487246,7.520474910736084,4636000
3106,2013-05-03,7.308631394572181,7.335112043752518,7.282150745391846,7.282150745391846,670000
3107,2013-05-02,7.282149820643579,7.335111112278784,7.282149820643579,7.308630466461182,972000
3108,2013-04-30,7.308630466461182,7.361591253020077,7.282149820643579,7.308630466461182,710000
3109,2013-04-29,7.308631394572181,7.335112043752518,7.25567009621151,7.282150745391846,600000
3110,2013-04-26,7.308631394572181,7.335112043752518,7.282150745391846,7.282150745391846,861000
3111,2013-04-25,7.3615921878564805,7.3615921878564805,7.282150745391846,7.282150745391846,821000
3112,2013-04-24,7.414552181538574,7.467513470580077,7.3615908924970705,7.388071537017822,1263000
3113,2013-04-23,7.3615922927856445,7.3615922927856445,7.308631498746465,7.3615922927856445,532000
3114,2013-04-22,7.414553591901206,7.414553591901206,7.308631498746465,7.3615922927856445,1024000
3115,2013-04-19,7.308631498746465,7.441034241458986,7.282150849188684,7.3615922927856445,1350000
3116,2013-04-18,7.202709302927211,7.282150745391846,7.176228653746875,7.282150745391846,543000
3117,2013-04-17,7.255668609146135,7.308629896652273,7.202707826716266,7.229187965393066,602000
3118,2013-04-16,7.176227182963197,7.255668609146135,7.123265895457059,7.229187965393066,651000
3119,2013-04-15,7.255669990510811,7.282150639305377,7.202709197998046,7.202709197998047,532000
3120,2013-04-12,7.25567009621151,7.308631394572181,7.229189447031174,7.282150745391846,733000
3121,2013-04-11,7.255669593811035,7.282150241157786,7.202708804193873,7.255669593811035,947000
3122,2013-04-10,7.255669990510811,7.255669990510811,7.202709197998046,7.202709197998047,696000
3123,2013-04-09,7.229189341716246,7.229189341716246,7.149747900408915,7.202709197998047,1018000
3124,2013-04-08,7.308629772747837,7.361590554279853,7.149746417999268,7.149746417999268,1975000
3125,2013-04-03,7.414552181538574,7.441032826059326,7.388071537017822,7.388071537017822,646000
3126,2013-04-02,7.414553591901206,7.441034241458986,7.3615922927856445,7.3615922927856445,910000
3127,2013-04-01,7.520474768849064,7.520474768849064,7.388072042266945,7.414552688598633,1031000
3128,2013-03-29,7.441033391552746,7.4675140380859375,7.414552745019554,7.4675140380859375,838000
3129,2013-03-28,7.414552745019554,7.4675140380859375,7.361591451953171,7.4675140380859375,970000
3130,2013-03-27,7.388072042266945,7.44103333493032,7.361591395935258,7.414552688598633,770000
3131,2013-03-26,7.414553591901206,7.467514891016767,7.3615922927856445,7.3615922927856445,1133000
3132,2013-03-25,7.467513981262007,7.493994122517376,7.414552688598633,7.414552688598633,892000
3133,2013-03-22,7.335111254679889,7.467513981262007,7.335111254679889,7.414552688598633,1055000
3134,2013-03-21,7.388072942343426,7.414553591901206,7.3615922927856445,7.3615922927856445,896000
3135,2013-03-20,7.41455257389461,7.41455257389461,7.335111141204835,7.335111141204834,1389000
3136,2013-03-19,7.388072042266945,7.414552688598633,7.308630608348201,7.414552688598633,909000
3137,2013-03-18,7.361591253020077,7.467513836290485,7.308630466461182,7.308630466461182,1158000
3138,2013-03-15,7.44103333493032,7.493994122517376,7.414552688598633,7.414552688598633,1818000
3139,2013-03-14,7.4675144883091775,7.520475279492292,7.414553192049709,7.441033840179443,1559000
3140,2013-03-13,7.546955472609189,7.546955472609189,7.4675140380859375,7.4675140380859375,914000
3141,2013-03-12,7.599916765675572,7.652877553665633,7.4675140380859375,7.4675140380859375,2525000
3142,2013-03-11,7.599916428745446,7.652877214387574,7.520474492667802,7.5734357833862305,1038000
3143,2013-03-08,7.732319150465218,7.732319150465218,7.5734357833862305,7.5734357833862305,1612000
3144,2013-03-07,7.679357976541988,7.732319268065904,7.65287733078003,7.652877330780029,1365000
3145,2013-03-06,7.7588004015729455,7.785281050723386,7.652878310047558,7.679358959197998,2548000
3146,2013-03-05,7.546955776582228,7.7852805948274515,7.546955776582228,7.705839157104492,3227000
3147,2013-03-04,7.652876701061119,7.652876701061119,7.520473988222427,7.54695463180542,2351000
3148,2013-03-01,7.467513792221029,7.705838593020358,7.467513792221029,7.626396656036377,5590000
3149,2013-02-27,7.4675144883091775,7.4675144883091775,7.414553192049709,7.441033840179443,965000
3150,2013-02-26,7.44103333493032,7.467513981262007,7.388072042266945,7.414552688598633,1324000
3151,2013-02-25,7.414552745019554,7.493994179542806,7.361591451953171,7.4675140380859375,2693000
3152,2013-02-22,7.3615922927856445,7.3615922927856445,7.308631498746465,7.3615922927856445,907000
3153,2013-02-21,7.308631498746465,7.388072942343426,7.308631498746465,7.3615922927856445,957000
3154,2013-02-20,7.3615922927856445,7.388072942343426,7.308631498746465,7.3615922927856445,1633000
3155,2013-02-19,7.308631498746465,7.388072942343426,7.255670199630904,7.3615922927856445,2159000
3156,2013-02-18,7.361591678121699,7.361591678121699,7.255669593811035,7.255669593811035,823000
3157,2013-02-06,7.361591678121699,7.361591678121699,7.255669593811035,7.255669593811035,1093000
3158,2013-02-05,7.255669593811035,7.308630888504537,7.2291889464642844,7.255669593811035,954000
3159,2013-02-04,7.361591253020077,7.361591253020077,7.282149820643579,7.308630466461182,743000
3160,2013-02-01,7.255669593811035,7.308630888504537,7.202708804193873,7.255669593811035,1329000
3161,2013-01-31,7.414551966588281,7.46751325409442,7.2291879653930655,7.229187965393066,2845000
3162,2013-01-30,7.361591395935258,7.414552688598633,7.308630608348201,7.414552688598633,1795000
3163,2013-01-29,7.335110753052604,7.388071537017822,7.335110753052604,7.388071537017822,842000
3164,2013-01-28,7.202709302927211,7.282150745391846,7.202709302927211,7.282150745391846,449000
3165,2013-01-25,7.282150639305377,7.282150639305377,7.202709197998046,7.202709197998047,445000
3166,2013-01-24,7.335111535851286,7.335111535851286,7.2291889464642844,7.255669593811035,594000
3167,2013-01-23,7.335111112278784,7.335111112278784,7.255669174825977,7.308630466461182,691000
3168,2013-01-22,7.308630466461182,7.335111112278784,7.282149820643579,7.308630466461182,391000
3169,2013-01-21,7.3615921878564805,7.3615921878564805,7.282150745391846,7.282150745391846,423000
3170,2013-01-18,7.229189550073124,7.3615922927856445,7.202709405591723,7.3615922927856445,1539000
3171,2013-01-17,7.414552858717903,7.414552858717903,7.176228046417236,7.176228046417236,1587000
3172,2013-01-16,7.414553591901206,7.414553591901206,7.335112148304245,7.3615922927856445,740000
3173,2013-01-15,7.414552688598633,7.414552688598633,7.361591395935258,7.414552688598633,1272000
3174,2013-01-14,7.3615922927856445,7.414553591901206,7.335112148304245,7.3615922927856445,711000
3175,2013-01-11,7.414553591901206,7.414553591901206,7.335112148304245,7.3615922927856445,685000
3176,2013-01-10,7.414553591901206,7.441034241458986,7.335112148304245,7.3615922927856445,1176000
3177,2013-01-09,7.414552688598633,7.44103333493032,7.388072042266945,7.414552688598633,1084000
3178,2013-01-08,7.388072042266945,7.44103333493032,7.388072042266945,7.414552688598633,833000
3179,2013-01-07,7.388071537017822,7.467513470580077,7.388071537017822,7.388071537017822,741000
3180,2013-01-04,7.414552181538574,7.493993610024545,7.388071537017822,7.388071537017822,796000
3181,2013-01-03,7.4675140380859375,7.520474826075997,7.441033391552746,7.4675140380859375,1521000
3182,2013-01-02,7.44103333493032,7.467513981262007,7.388072042266945,7.414552688598633,989000
3183,2012-12-28,7.388071537017822,7.414552181538574,7.3615908924970705,7.388071537017822,793000
3184,2012-12-27,7.3615908924970705,7.414552181538574,7.335110753052604,7.388071537017822,409000
3185,2012-12-26,7.388072942343426,7.441034241458986,7.335112148304245,7.3615922927856445,905000
3186,2012-12-25,7.335110753052604,7.388071537017822,7.282149464011099,7.388071537017822,1217000
3187,2012-12-24,7.335112043752518,7.335112043752518,7.25567009621151,7.282150745391846,377000
3188,2012-12-21,7.335110540405343,7.335110540405343,7.2291879653930655,7.229187965393066,1073000
3189,2012-12-20,7.388071927972581,7.388071927972581,7.282149849360777,7.335111141204834,1134000
3190,2012-12-19,7.441032826059326,7.441032826059326,7.3615908924970705,7.388071537017822,1258000
3191,2012-12-18,7.229189550073124,7.388072942343426,7.202709405591723,7.3615922927856445,1652000
3192,2012-12-17,7.255669593811035,7.255669593811035,7.202708804193873,7.255669593811035,819000
3193,2012-12-14,7.335110540405343,7.361590679082142,7.2291879653930655,7.229187965393066,1280000
3194,2012-12-13,7.335111141204835,7.361591282050552,7.308630495282806,7.335111141204834,1389000
3195,2012-12-12,7.282149820643579,7.335111112278784,7.282149820643579,7.308630466461182,893000
3196,2012-12-11,7.335112043752518,7.335112043752518,7.176228653746875,7.282150745391846,1071000
3197,2012-12-10,7.41455257389461,7.467513865738667,7.282149849360777,7.335111141204834,927000
3198,2012-12-07,7.3615922927856445,7.441034241458986,7.335112148304245,7.3615922927856445,1151000
3199,2012-12-06,7.467514891016767,7.467514891016767,7.3615922927856445,7.3615922927856445,1435000
3200,2012-12-05,7.308630608348201,7.520474768849064,7.255669315684827,7.414552688598633,2758000
3201,2012-12-04,7.255669203438749,7.41455257389461,7.255669203438749,7.335111141204834,2987000
3202,2012-12-03,7.255669174825977,7.361591253020077,7.202708388267082,7.308630466461182,3116000
3203,2012-11-30,7.0967861055994605,7.202708693356495,7.070305963736533,7.176228046417236,2651000
3204,2012-11-29,7.070306301116944,7.12326709244631,6.990864356508363,7.070306301116943,2310000
3205,2012-11-28,6.937902984395367,7.017344417277417,6.937902984395367,6.964383125305176,789000
3206,2012-11-27,7.017344417277417,7.0438250632635375,6.964383125305176,6.964383125305176,1010000
3207,2012-11-26,7.04382512099564,7.04382512099564,6.964383182386162,7.0173444747924805,1549000
3208,2012-11-23,6.831980813881555,6.93790340423584,6.831980813881555,6.93790340423584,1295000
3209,2012-11-22,6.8055004794528955,6.858461268060191,6.752539185769272,6.779019832611084,312000
3210,2012-11-21,6.8319811279213125,6.911423074338666,6.8055009841918945,6.8055009841918945,577000
3211,2012-11-20,6.964381977788133,6.964381977788133,6.831979274749756,6.831979274749756,525000
3212,2012-11-19,6.884941131987281,6.964382558402779,6.884941131987281,6.911421775817871,552000
3213,2012-11-16,6.7790190617411925,6.91142177581787,6.7790190617411925,6.911421775817871,879000
3214,2012-11-15,6.8055009841918945,6.8849424255328815,6.752539686580326,6.8055009841918945,954000
3215,2012-11-14,6.858459916372677,6.858459916372677,6.805499138203064,6.831979274749756,524000
3216,2012-11-13,6.8849405579955985,6.937901841241441,6.805499138203064,6.831979274749756,381000
3217,2012-11-12,7.017343846063959,7.017343846063959,6.858460488156691,6.911421775817871,533000
3218,2012-11-09,6.7525384179106025,6.93790241964846,6.7525384179106025,6.911421775817871,957000
3219,2012-11-08,6.779018058003275,6.911420752475697,6.779018058003275,6.85845947265625,374000
3220,2012-11-07,6.93790340423584,6.93790340423584,6.858461461470126,6.93790340423584,1020000
3221,2012-11-06,6.831980286819999,6.911422223457066,6.7790195008049245,6.884941577911377,836000
3222,2012-11-05,6.646617103478353,6.831980621218379,6.6201364566365415,6.779019832611084,1290000
3223,2012-11-02,7.017344942092895,7.017344942092895,6.620136737823485,6.620136737823486,2499000
3224,2012-11-01,6.858461461470126,7.096786279614582,6.858461461470126,6.93790340423584,1866000
3225,2012-10-31,7.096785395290762,7.096785395290762,6.911421895421422,6.99086332321167,1330000
3226,2012-10-30,6.726057890475802,7.017343967500514,6.726057890475802,6.99086332321167,1676000
3227,2012-10-29,6.620136203154786,6.620136203154786,6.5142141249195715,6.567174911499023,571000
3228,2012-10-26,6.937901969897584,6.937901969897584,6.567173990454382,6.593654632568359,1112000
3229,2012-10-25,6.884941914902003,6.96438335035111,6.779019832611084,6.779019832611084,522000
3230,2012-10-24,6.884940112565973,6.911420752475697,6.831978832746525,6.85845947265625,521000
3231,2012-10-23,6.884941577911377,6.964383009472141,6.858460932365688,6.884941577911377,382000
3232,2012-10-22,6.884941577911377,6.937902869002755,6.858460932365688,6.884941577911377,848000
3233,2012-10-19,7.0438250632635375,7.096785850159467,6.937902984395367,6.964383125305176,1230000
3234,2012-10-18,7.22918866355668,7.308630602488045,7.017344503225678,7.043825149536133,942000
3235,2012-10-17,7.361590679082142,7.361590679082142,7.176227182963197,7.229187965393066,1367000
3236,2012-10-16,7.282150241157786,7.335111535851286,7.176228156847122,7.255669593811035,588000
3237,2012-10-15,7.255669990510811,7.335111936894508,7.149747900408915,7.202709197998047,691000
3238,2012-10-12,7.255669593811035,7.38807232546845,7.2291889464642844,7.255669593811035,544000
3239,2012-10-11,7.361591678121699,7.4145529728151995,7.2291889464642844,7.255669593811035,1380000
3240,2012-10-09,7.361591451953171,7.520474826075997,7.361591451953171,7.4675140380859375,1111000
3241,2012-10-08,7.493993610024545,7.520474254545297,7.388071537017822,7.388071537017822,983000
3242,2012-10-05,7.679358258044732,7.679358258044732,7.493994235992432,7.493994235992432,1389000
3243,2012-10-04,7.679357947359031,7.705838593020358,7.573435869790029,7.626396656036377,699000
3244,2012-10-03,7.785281050723386,7.785281050723386,7.652878310047558,7.679358959197998,714000
3245,2012-10-02,7.705839712650441,7.917683898568622,7.705839712650441,7.758800506591797,2719000
3246,2012-10-01,7.573435898570463,7.705838622303946,7.573435898570463,7.652877330780029,969000
3247,2012-09-28,7.599916934967041,7.679358371259885,7.546955640720921,7.599916934967041,576000
3248,2012-09-27,7.546955640720921,7.679358371259885,7.546955640720921,7.599916934967041,824000
3249,2012-09-26,7.679357947359031,7.705838593020358,7.626396656036377,7.626396656036377,891000
3250,2012-09-25,7.6528778619049564,7.758799947227684,7.6528778619049564,7.705839157104492,798000
3251,2012-09-24,7.679357976541988,7.732319268065904,7.573435898570463,7.652877330780029,715000
3252,2012-09-21,7.785281050723386,7.811761699873825,7.652878310047558,7.679358959197998,2307000
3253,2012-09-20,7.705839712650441,7.758800506591797,7.626397764123838,7.758800506591797,1318000
3254,2012-09-19,7.626397660897118,7.7588004015729455,7.599917516823051,7.679358959197998,1105000
3255,2012-09-18,7.573435898570463,7.705838622303946,7.546955252808505,7.652877330780029,855000
3256,2012-09-17,7.732319238681685,7.811760670589359,7.626396656036377,7.626396656036377,1237000
3257,2012-09-14,7.626397660897118,7.732320257498878,7.626397660897118,7.679358959197998,1666000
3258,2012-09-13,7.626396569028359,7.679357859746789,7.5734357833862305,7.5734357833862305,610000
3259,2012-09-12,7.626396656036377,7.705838593020358,7.599916515451357,7.626396656036377,722000
3260,2012-09-11,7.652877724136825,7.679358371259885,7.573436287843981,7.599916934967041,690000
3261,2012-09-10,7.65287733078003,7.679357976541988,7.573435898570463,7.652877330780029,938000
3262,2012-09-07,7.732319238681685,7.732319238681685,7.626396656036377,7.626396656036377,918000
3263,2012-09-06,7.573436287843981,7.7323196655060045,7.546955640720921,7.599916934967041,827000
3264,2012-09-05,7.679357859746789,7.705838505106003,7.5734357833862305,7.5734357833862305,868000
3265,2012-09-04,7.7588004015729455,7.7588004015729455,7.652878310047558,7.679358959197998,1133000
3266,2012-09-03,7.679358509504724,7.758799947227684,7.599917071781764,7.705839157104492,3244000
3267,2012-08-31,7.441033557305017,7.679358371259885,7.441033557305017,7.599916934967041,2118000
3268,2012-08-30,7.467514094336098,7.546955529457754,7.441033447603436,7.493994235992432,901000
3269,2012-08-29,7.335111752736862,7.441033840179443,7.335111752736862,7.441033840179443,641000
3270,2012-08-28,7.361591282050552,7.41455257389461,7.335111141204835,7.335111141204834,471000
3271,2012-08-27,7.3615908924970705,7.441032826059326,7.3615908924970705,7.388071537017822,451000
3272,2012-08-24,7.414552688598633,7.520474768849064,7.361591395935258,7.414552688598633,1030000
3273,2012-08-23,7.467514122149829,7.520474910736084,7.467514122149829,7.520474910736084,828000
3274,2012-08-22,7.520474826075997,7.5734361191423805,7.4675140380859375,7.4675140380859375,881000
3275,2012-08-21,7.599916428745446,7.732319150465218,7.520474492667802,7.5734357833862305,5273000
3276,2012-08-20,7.44103256254972,7.546954631805419,7.414551918966728,7.54695463180542,2048000
3277,2012-08-17,7.282149962016514,7.414552688598633,7.20270852809777,7.414552688598633,1956000
3278,2012-08-16,7.176227182963197,7.255668609146135,7.096785251703989,7.229187965393066,895000
3279,2012-08-15,7.096785131390991,7.176227061303407,7.070304993163114,7.149746417999268,826000
3280,2012-08-14,7.09678644424345,7.176228388852031,7.043825652914084,7.070306301116943,725000
3281,2012-08-13,7.149746835046649,7.176227479895414,7.096785545349121,7.096785545349121,676000
3282,2012-08-10,7.096786050197397,7.176227990394999,7.0438252618086565,7.123266696929932,945000
3283,2012-08-09,6.96438282618159,7.096785545349121,6.937902686409117,7.096785545349121,1806000
3284,2012-08-08,6.910854439539805,6.9598673098117505,6.886347770690918,6.886347770690918,2541000
3285,2012-08-07,6.9598673098117505,6.9598673098117505,6.86184110184203,6.886347770690918,980000
3286,2012-08-06,7.008881399783133,7.033388071262358,6.935361385345459,6.935361385345459,894000
3287,2012-08-03,7.008881399783133,7.008881399783133,6.88634850981289,6.935361385345459,970000
3288,2012-08-02,7.008880138397217,7.008880138397217,7.008880138397217,7.008880138397217,0
3289,2012-08-01,6.886347270479174,7.008880138397217,6.861840603410406,7.008880138397217,1274000
3290,2012-07-31,7.033387316358413,7.106906855479245,6.886347770690918,6.886347770690918,2153000
3291,2012-07-30,7.131413660594768,7.131413660594768,7.082400321960449,7.082400321960449,681000
3292,2012-07-27,7.05789365264329,7.131413660594768,7.0333874507519685,7.082400321960449,501000
3293,2012-07-26,7.033387184143066,7.1069067218818605,7.0088805157548615,7.033387184143066,551000
3294,2012-07-25,7.05789338510545,7.1069067218818605,6.984373847366656,7.033387184143066,619000
3295,2012-07-24,7.0333880259933,7.106907572531901,7.0333880259933,7.057894229888916,509000
3296,2012-07-23,7.131414243853393,7.131414243853393,7.0333880259933,7.057894229888916,512000
3297,2012-07-20,7.1069067911507675,7.180426329606135,7.082400122523703,7.131413459777832,941000
3298,2012-07-19,7.155920329911927,7.2294398704375675,7.082400321960449,7.082400321960449,1092000
3299,2012-07-18,7.106907367706299,7.180426912126018,7.008881152671385,7.106907367706299,905000
3300,2012-07-17,7.131414038321493,7.2784535945867965,7.106907367706299,7.106907367706299,1234000
3301,2012-07-16,7.499012652632377,7.499012652632377,7.229440212249756,7.229440212249756,1423000
3302,2012-07-13,7.670558224552339,7.817597776405356,7.499012470245361,7.499012470245361,2230000
3303,2012-07-12,7.719571014361189,7.744077682495117,7.621544809251289,7.744077682495117,2280000
3304,2012-07-11,7.646051103369593,7.768583970619581,7.646051103369593,7.719570636749268,1605000
3305,2012-07-10,7.940131748957467,7.940131748957467,7.695065498352051,7.695065498352051,2634000
3306,2012-07-09,7.670557823446147,7.940130710601807,7.670557823446147,7.940130710601807,2231000
3307,2012-07-06,7.793090343475342,7.842103678435888,7.768584143420873,7.793090343475342,1776000
3308,2012-07-05,7.915623977074517,7.964637316763401,7.793091095278157,7.842104434967041,2194000
3309,2012-07-04,7.793091257348479,7.940131279473072,7.719571713712042,7.915624141693115,2594000
3310,2012-07-03,7.646051103369593,7.768583970619581,7.646051103369593,7.719570636749268,1769000
3311,2012-07-02,7.646050823482424,7.695063688132805,7.621544157444346,7.670557022094727,1647000
3312,2012-06-29,7.670558085707885,7.719571424580319,7.597038544825076,7.64605188369751,2130000
3313,2012-06-28,7.719570354170884,7.719570354170884,7.646050823482424,7.670557022094727,2056000
3314,2012-06-27,7.670557022094727,7.719570354170884,7.646050823482424,7.670557022094727,1800000
3315,2012-06-26,7.597037491406267,7.695063688132805,7.597037491406267,7.670557022094727,1818000
3316,2012-06-25,7.621546745300293,7.69506630095193,7.572533396581911,7.621546745300293,1610000
3317,2012-06-22,7.548026722222721,7.646053419659483,7.499013840930275,7.621546745300293,1539000
3318,2012-06-21,7.597038544825076,7.64605188369751,7.548025205952642,7.64605188369751,1717000
3319,2012-06-20,7.5970377922058105,7.670557325805227,7.548024458189004,7.5970377922058105,1595000
3320,2012-06-19,7.5480255065592194,7.67055839119444,7.523519303572864,7.5725321769714355,1930000
3321,2012-06-18,7.793090193421449,7.793090193421449,7.548024458189004,7.5970377922058105,4314000
3322,2012-06-15,7.302958863573099,7.793090343475342,7.2539459960383565,7.793090343475342,7745000
3323,2012-06-14,7.253946570720962,7.327466111560447,7.180426562455635,7.302959442138672,2060000
3324,2012-06-13,7.2539472579956055,7.278453929739263,7.1314143667032,7.2539472579956055,1933000
3325,2012-06-12,7.155920870689104,7.204933745601516,7.057894186012531,7.180427074432373,1479000
3326,2012-06-11,7.131414786013406,7.20493433814127,7.106908112828814,7.155921459197998,1832000
3327,2012-06-08,7.082400321960449,7.106906991277609,7.0333874507519685,7.082400321960449,1653000
3328,2012-06-07,7.253946335487328,7.35197254256976,7.082400122523703,7.131413459777832,4062000
3329,2012-06-06,6.984375214331766,7.180427664956678,6.886348989019309,7.155921459197998,4253000
3330,2012-06-05,6.837334432993143,6.9598673098117505,6.812827764144255,6.886347770690918,1974000
3331,2012-06-04,6.739309310913086,6.788322656508271,6.641283087148622,6.739309310913086,2854000
3332,2012-06-01,7.0088806475095256,7.0088806475095256,6.886347770690918,6.886347770690918,1708000
3333,2012-05-31,6.861840231376782,6.984373092651367,6.861840231376782,6.984373092651367,1558000
3334,2012-05-30,7.008881399783133,7.008881399783133,6.910855181292114,6.935361385345459,2417000
3335,2012-05-29,6.886348408325845,7.082400842418576,6.861841737207786,6.95986795425415,3103000
3336,2012-05-28,6.788321661590609,6.935360741973844,6.788321661590609,6.861841201782227,1986000
3337,2012-05-25,6.861841515445598,6.886348185771647,6.7393086312412125,6.7883219718933105,1665000
3338,2012-05-24,6.9108561947688285,6.9108561947688285,6.788323286829139,6.812829494476318,1690000
3339,2012-05-23,6.88634814625136,6.910854816436768,6.788321932935589,6.910854816436768,2262000
3340,2012-05-22,6.9598673098117505,6.9598673098117505,6.837334432993143,6.886347770690918,2040000
3341,2012-05-21,6.714801653973154,6.910854540193863,6.690294984767336,6.861841201782227,2699000
3342,2012-05-18,6.61677578640613,6.739308671339577,6.61677578640613,6.6657891273498535,2792000
3343,2012-05-17,6.886348185771647,7.008881069976033,6.763815301567261,6.7883219718933105,9241000
3344,2012-05-16,6.469737445730379,6.812829494476318,6.469737445730379,6.812829494476318,4028000
3345,2012-05-15,6.37170934677124,6.396216014667061,6.298189810509589,6.37170934677124,816000
3346,2012-05-14,6.518749653957806,6.518749653957806,6.396216767482756,6.4207234382629395,691000
3347,2012-05-11,6.543255427643656,6.543255427643656,6.420722557968125,6.518748760223389,606000
3348,2012-05-10,6.445229600313854,6.5432562828063965,6.3962167264934475,6.5432562828063965,582000
3349,2012-05-09,6.469735998560453,6.567762209500218,6.4452293289690505,6.4942426681518555,546000
3350,2012-05-08,6.445228757962589,6.543255427643656,6.445228757962589,6.518748760223389,469000
3351,2012-05-07,6.4207228523791615,6.469735722041292,6.396216183835184,6.4452290534973145,755000
3352,2012-05-04,6.445229023320415,6.5677618980407715,6.445229023320415,6.5677618980407715,1046000
3353,2012-05-03,6.616775548683022,6.641282218274425,6.469735998560453,6.4942426681518555,1187000
3354,2012-05-02,6.371708834612812,6.64128122494697,6.347202168686838,6.616774559020996,2611000
3355,2012-04-30,6.39621681006698,6.39621681006698,6.298190593719482,6.298190593719482,1492000
3356,2012-04-27,6.5187487858369195,6.5187487858369195,6.347202580646814,6.396215915679932,1076000
3357,2012-04-26,6.469735722041292,6.616775265879331,6.371709515291207,6.4452290534973145,1970000
3358,2012-04-25,6.4207228523791615,6.469735722041292,6.371709515291207,6.4452290534973145,1551000
3359,2012-04-24,6.126644097122492,6.273683648938602,6.102137427248832,6.249176979064941,1169000
3360,2012-04-23,6.2981908474470405,6.347203723882376,6.126644611358643,6.126644611358643,1447000
3361,2012-04-20,6.49424284828731,6.49424284828731,6.200163739885088,6.22467041015625,2521000
3362,2012-04-19,6.616775548683022,6.641282218274425,6.4942426681518555,6.4942426681518555,1834000
3363,2012-04-18,6.837333617503208,6.837333617503208,6.616774559020996,6.616774559020996,1291000
3364,2012-04-17,6.861840953389288,6.886347621707985,6.6902947425842285,6.6902947425842285,1298000
3365,2012-04-16,6.910854540193863,6.910854540193863,6.788321661590609,6.861841201782227,758000
3366,2012-04-13,7.008881029752538,7.008881029752538,6.861841476065954,6.910854816436768,1273000
3367,2012-04-12,6.88634797200415,6.910854641569458,6.788321761168763,6.837334632873535,779000
3368,2012-04-11,6.76381499238479,7.008880749591299,6.76381499238479,6.861841201782227,1731000
3369,2012-04-10,6.98437408038548,6.98437408038548,6.861841201782227,6.861841201782227,2030000
3370,2012-04-09,6.9598664269112955,7.008879758391439,6.861840231376782,6.984373092651367,2303000
3371,2012-04-06,7.033387823286579,7.155920708936688,6.935361140825801,7.106907367706299,2146000
3372,2012-04-05,6.641281174567682,6.984373092651367,6.567761177347468,6.984373092651367,4295000
3373,2012-04-03,7.106906339246492,7.180425873027,6.861840603410406,7.008880138397217,3933000
3374,2012-04-02,7.0088805840683355,7.1559201284048966,7.0088805840683355,7.131413459777832,2016000
3375,2012-03-30,7.008880781434809,7.180426531803248,6.9598674428004905,7.082400321960449,4100000
3376,2012-03-29,7.253947133034977,7.3519733508950695,6.861841794168732,7.057894229888916,5319000
3377,2012-03-28,7.4009854374433415,7.449998304341989,7.302958768794451,7.3519721031188965,2789000
3378,2012-03-27,7.523519075531792,7.523519075531792,7.376479524941187,7.400986194610596,3056000
3379,2012-03-26,7.40098635812993,7.5235192417584,7.376479687919065,7.47450590133667,4514000
3380,2012-03-23,7.327465812024785,7.425492018278884,7.253946274190667,7.376479148864746,2578000
3381,2012-03-22,7.327465057373047,7.400985055061202,7.278452193006717,7.327465057373047,2438000
3382,2012-03-21,7.229439901299187,7.47450566066526,7.20493323187741,7.302959442138672,7046000
3383,2012-03-20,7.204931924629651,7.35197144705592,7.204931924629651,7.278451919555664,3528000
3384,2012-03-19,7.2539472579956055,7.351973477544353,7.2539472579956055,7.2539472579956055,4380000
3385,2012-03-16,7.351973097203142,7.523519323108227,7.229440212249756,7.229440212249756,8537000
3386,2012-03-15,7.425492763519287,7.474506105278345,7.351973218306569,7.425492763519287,5410000
3387,2012-03-14,7.621545455176005,7.621545455176005,7.40098635812993,7.47450590133667,7370000
3388,2012-03-13,7.44999885559082,7.621545070993824,7.400985985065557,7.44999885559082,7100000
3389,2012-03-12,7.695064436047024,7.695064436047024,7.376479148864746,7.376479148864746,5942000
3390,2012-03-09,7.376480167189017,7.793091718138686,7.302960151779627,7.695065498352051,11886000
3391,2012-03-08,7.5480241155859655,7.5480241155859655,7.327465057373047,7.327465057373047,5163000
3392,2012-03-07,7.302958768794451,7.449998304341989,7.204932567571358,7.3519721031188965,6480000
3393,2012-03-06,7.817597487946543,7.817597487946543,7.278453107613649,7.44999885559082,13590000
3394,2012-03-05,7.842104057887254,8.038156472364104,7.67055784465064,7.817597389221191,28564000
3395,2012-03-02,6.837334371104711,7.131413459777832,6.788321501276408,7.131413459777832,12996000
3396,2012-03-01,6.714803261609757,6.812829494476318,6.690296586536629,6.812829494476318,5063000
3397,2012-02-29,6.739309415181145,6.861842313638984,6.7148027420043945,6.7148027420043945,4364000
3398,2012-02-24,6.763815983710678,6.788322656508271,6.690295965317902,6.739309310913086,3956000
3399,2012-02-23,6.83733553467755,6.83733553467755,6.690295965317902,6.739309310913086,4836000
3400,2012-02-22,6.714801752472841,6.910854641569458,6.714801752472841,6.837334632873535,6227000
3401,2012-02-21,6.788322656508271,6.83733553467755,6.641283087148622,6.739309310913086,5871000
3402,2012-02-20,6.861841515445598,7.008881069976033,6.7393086312412125,6.7883219718933105,10601000
3403,2012-02-17,6.861841302438842,7.033387521970151,6.714801752472841,6.837334632873535,26716000
3404,2012-02-16,6.2246702985855915,6.592268943786621,6.200163628753686,6.592268943786621,40825000
3405,2012-02-15,6.200162995404447,6.273682997390063,6.126643460844631,6.175656795501709,10364000
3406,2012-02-14,6.322697051951764,6.322697051951764,6.126644611358643,6.126644611358643,9428000
3407,2012-02-13,6.322696797236954,6.371710139123638,6.175657706428644,6.298190593719482,7758000
3408,2012-02-10,6.420721817975806,6.49424134433763,6.322695159592374,6.347201824188232,6015000
3409,2012-02-09,6.273682297826408,6.396215153379948,6.200162304038835,6.347201824188232,7188000
3410,2012-02-08,6.249176979064941,6.298190318812262,6.175657436869812,6.249176979064941,8029000
3411,2012-02-07,6.200162995404447,6.273682997390063,6.175656795501709,6.175656795501709,3125000
3412,2012-02-06,6.347202531949878,6.347202531949878,6.175656795501709,6.175656795501709,3844000
3413,2012-02-03,6.5187489587391445,6.5187489587391445,6.420722753498684,6.469735622406006,2920000
3414,2012-02-02,6.4452290534973145,6.494242390585269,6.34720284674723,6.4452290534973145,4000000
3415,2012-02-01,6.151150175365956,6.5187487858369195,6.151150175365956,6.396215915679932,6098000
3416,2012-01-31,6.249177398922113,6.249177398922113,6.151151180267334,6.151151180267334,6939000
3417,2012-01-30,6.22467041015625,6.273683750698573,6.175657537039784,6.22467041015625,5176000
3418,2012-01-18,6.151151283289255,6.151151283289255,6.028618391062082,6.126644611358643,3522000
3419,2012-01-17,6.151151180267334,6.175657851787499,6.102137837227004,6.151151180267334,3291000
3420,2012-01-16,6.249177503585815,6.249177503585815,6.028618391062082,6.126644611358643,2842000
3421,2012-01-13,6.175657955219868,6.273684175516428,6.126644611358643,6.126644611358643,3619000
3422,2012-01-12,6.249176330061524,6.298189664718602,6.15115012817317,6.175656795501709,5061000
3423,2012-01-11,6.322696521260072,6.322696521260072,6.175657436869812,6.249176979064941,6138000
3424,2012-01-10,6.224668593393997,6.322694778442383,6.2001619302754705,6.322694778442383,4717000
3425,2012-01-09,6.298188582749577,6.34720144156091,6.224668593393997,6.322694778442383,3507000
3426,2012-01-06,6.322694778442383,6.34720144156091,6.224668593393997,6.322694778442383,2329000
3427,2012-01-05,6.322694778442383,6.322694778442383,6.322694778442383,6.322694778442383,0
3428,2012-01-04,6.322694778442383,6.322694778442383,6.322694778442383,6.322694778442383,0
3429,2012-01-03,6.322694778442383,6.322694778442383,6.322694778442383,6.322694778442383,0
3430,2012-01-02,6.322694778442383,6.322694778442383,6.322694778442383,6.322694778442383,0
3431,2011-12-30,6.322694778442383,6.322694778442383,6.224668593393997,6.322694778442383,2194000
3432,2011-12-29,6.298188582749577,6.371708104679437,6.27368191963105,6.322694778442383,1787000
3433,2011-12-28,6.347201824188232,6.347201824188232,6.24917563323055,6.347201824188232,2757000
3434,2011-12-27,6.347201824188232,6.396215153379948,6.298188962422266,6.347201824188232,3139000
3435,2011-12-26,6.420721817975806,6.445228015145915,6.24917563323055,6.347201824188232,1881000
3436,2011-12-23,6.37170934677124,6.396216014667061,6.298189810509589,6.37170934677124,1615000
3437,2011-12-22,6.322696797236954,6.371710139123638,6.273683922776141,6.298190593719482,1145000
3438,2011-12-21,6.151149071464138,6.396214767797963,6.151149071464138,6.322694778442383,1836000
3439,2011-12-20,6.028618290092391,6.175657851787499,6.004111618572225,6.151151180267334,1663000
3440,2011-12-19,6.1756568206746065,6.1756568206746065,6.004110616101388,6.053123950958252,2133000
3441,2011-12-16,6.200164794921875,6.224671469363159,6.151151913465245,6.200164794921875,1495000
3442,2011-12-15,6.224671469363159,6.249178143804442,6.175658587906529,6.200164794921875,1039000
3443,2011-12-14,6.200163639317622,6.273683648938602,6.175657436869812,6.249176979064941,905000
3444,2011-12-13,6.175657436869812,6.273683648938602,6.126644097122492,6.249176979064941,1330000
3445,2011-12-12,6.175657436869812,6.249176979064941,6.151150766996151,6.249176979064941,1308000
3446,2011-12-09,5.930592170765522,6.200164159724591,5.881578826904297,6.126644611358643,2863000
3447,2011-12-08,5.90608470573877,6.028617581511667,5.881578037099025,5.979604244232178,2259000
3448,2011-12-07,5.734537884048056,5.783551216125488,5.734537884048056,5.783551216125488,502000
3449,2011-12-06,5.759044953163905,5.832564488999929,5.636512081819992,5.685525417327881,511000
3450,2011-12-05,5.783552331655083,5.857071876525879,5.71003231935842,5.857071876525879,701000
3451,2011-12-02,5.759044550086772,5.832564080777144,5.734537884048056,5.783551216125488,555000
3452,2011-12-01,5.759044550086772,5.8815774128545755,5.734537884048056,5.783551216125488,1350000
3453,2011-11-30,5.759045083813202,5.759045083813202,5.538486003875732,5.538486003875732,642000
3454,2011-11-29,5.636513182457457,5.7590460777282715,5.587499837378772,5.7590460777282715,500000
3455,2011-11-28,5.587499252168351,5.661019262086213,5.513979709676341,5.562993049621582,381000
3456,2011-11-25,5.56299335687399,5.56299335687399,5.415953796342904,5.489473342895508,648000
3457,2011-11-24,5.195394689259212,5.538486685547829,5.195394689259212,5.489473342895508,1091000
3458,2011-11-23,5.66101901342993,5.783551890485011,5.391446590423584,5.391446590423584,1246000
3459,2011-11-22,5.808059527766212,5.906085752269146,5.661019957298857,5.73453950881958,903000
3460,2011-11-21,6.126644041917888,6.200163583450564,5.783552069055655,5.808058738708496,1517000
3461,2011-11-18,6.151151913465245,6.249178143804442,6.126645239023962,6.200164794921875,778000
3462,2011-11-17,6.175658587906529,6.298191492687008,6.126645239023962,6.200164794921875,838000
3463,2011-11-16,6.298189664718602,6.347202531949878,6.175656795501709,6.175656795501709,1027000
3464,2011-11-15,6.46973596895606,6.518749307914589,6.273683547973633,6.273683547973633,529000
3465,2011-11-14,6.4207228523791615,6.469735722041292,6.371709515291207,6.4452290534973145,485000
3466,2011-11-11,6.298188582749577,6.34720144156091,6.27368191963105,6.322694778442383,471000
3467,2011-11-10,6.46973596895606,6.543255977393852,6.273683547973633,6.273683547973633,1457000
3468,2011-11-09,6.690295155688393,6.739308495352202,6.592268943786621,6.592268943786621,871000
3469,2011-11-08,6.6167752050539566,6.7148014109029255,6.6167752050539566,6.6902947425842285,1083000
3470,2011-11-07,6.616775613618526,6.690295155688393,6.592268943786621,6.592268943786621,850000
3471,2011-11-04,6.665788953282336,6.690295155688393,6.567762273954716,6.592268943786621,721000
3472,2011-11-03,6.641282497873075,6.7148020423166175,6.5432562828063965,6.5432562828063965,861000
3473,2011-11-02,6.665789229287797,6.714802103555199,6.641282558441162,6.641282558441162,705000
3474,2011-11-01,6.567763068755846,6.812828861879957,6.567763068755846,6.739309310913086,1271000
3475,2011-10-31,6.64128122494697,6.690294089373142,6.56776122716905,6.616774559020996,1017000
3476,2011-10-28,6.91085500290241,6.935361206323176,6.641282558441162,6.641282558441162,3892000
3477,2011-10-27,7.0088806475095256,7.05789351778147,6.886347770690918,6.886347770690918,964000
3478,2011-10-26,7.008880138397217,7.057893005108956,7.008880138397217,7.008880138397217,692000
3479,2011-10-25,7.155920329911927,7.180426531803248,7.082400321960449,7.082400321960449,1036000
3480,2011-10-24,7.131413459777832,7.180426329606135,7.082400122523703,7.131413459777832,1240000
3481,2011-10-21,7.05789402647591,7.131414038321493,7.033387823286579,7.106907367706299,1718000
3482,2011-10-20,7.0333880259933,7.106907572531901,7.0333880259933,7.057894229888916,1553000
3483,2011-10-19,7.05789365264329,7.106906991277609,6.9598674428004905,7.082400321960449,1399000
3484,2011-10-18,7.008880138397217,7.106906339246492,7.008880138397217,7.008880138397217,1181000
3485,2011-10-17,7.106906991277609,7.155920329911927,7.008880781434809,7.082400321960449,2227000
3486,2011-10-14,7.057894229888916,7.106907572531901,7.0333880259933,7.057894229888916,1647000
3487,2011-10-13,7.106907367706299,7.106907367706299,7.008881152671385,7.106907367706299,1918000
3488,2011-10-12,7.05789402647591,7.131414038321493,7.008881152671385,7.106907367706299,1886000
3489,2011-10-11,7.057894229888916,7.082400901210408,7.008881354671808,7.057894229888916,2082000
3490,2011-10-07,6.959866804259681,7.008880138397217,6.959866804259681,7.008880138397217,8222000
3491,2011-10-06,7.008880749591299,7.033387418797116,6.861841201782227,6.861841201782227,1131000
3492,2011-10-05,6.984374625372211,7.00888129649027,6.812828394971667,6.95986795425415,1567000
3493,2011-10-04,6.763815262750183,6.910854816436768,6.616775709063599,6.910854816436768,1862000
3494,2011-10-03,6.739308422038149,6.88634797200415,6.714801752472841,6.837334632873535,1437000
3495,2011-09-30,6.812827963308227,6.861841302438842,6.788321761168763,6.837334632873535,1422000
3496,2011-09-29,6.7638150916034565,6.837334632873535,6.739308422038149,6.837334632873535,1322000
3497,2011-09-28,6.714803261609757,6.837336169549446,6.714803261609757,6.812829494476318,2101000
3498,2011-09-27,6.543256863384158,6.739309310913086,6.543256863384158,6.739309310913086,2061000
3499,2011-09-26,6.4942426681518555,6.4942426681518555,6.4942426681518555,6.4942426681518555,2161000
3500,2011-09-23,6.56776122716905,6.616774559020996,6.347202168686838,6.616774559020996,2180000
3501,2011-09-22,6.7883219718933105,6.812828174793501,6.690295290589115,6.7883219718933105,1990000
3502,2011-09-21,6.9598673098117505,6.9598673098117505,6.86184110184203,6.886347770690918,1145000
3503,2011-09-20,6.837334805880547,6.910854816436768,6.788321932935589,6.910854816436768,1914000
3504,2011-09-19,6.88634797200415,6.88634797200415,6.7638150916034565,6.837334632873535,1381000
3505,2011-09-16,6.714801752472841,6.88634797200415,6.714801752472841,6.837334632873535,2659000
3506,2011-09-15,6.5432562424164065,6.690295330395854,6.5432562424164065,6.6657891273498535,1906000
3507,2011-09-14,6.567761827646466,6.567761827646466,6.2981898800916545,6.469735622406006,2103000
3508,2011-09-13,6.592268495813035,6.616775163979605,6.445228954239436,6.469735622406006,1465000
3509,2011-09-09,6.567762545901258,6.665789229287797,6.518749671633856,6.641282558441162,1342000
3510,2011-09-08,6.665788571757714,6.690294772761128,6.543255697037358,6.5677618980407715,1877000
3511,2011-09-07,6.567762273954716,6.665788953282336,6.4942427318848495,6.592268943786621,1834000
3512,2011-09-06,6.5432560073346595,6.641282218274425,6.420723126803493,6.4942426681518555,2217000
3513,2011-09-05,6.518748760223389,6.567761627638119,6.445228757962589,6.518748760223389,1834000
3514,2011-09-02,6.5922692167478925,6.641282558441162,6.518749671633856,6.641282558441162,1784000
3515,2011-09-01,6.714802000867715,6.714802000867715,6.592269115934268,6.6657891273498535,2427000
3516,2011-08-31,6.567761868416563,6.7148014109029255,6.567761868416563,6.6902947425842285,3467000
3517,2011-08-30,6.641282558441162,6.641282558441162,6.5432563424804915,6.641282558441162,5775000
3518,2011-08-29,6.077630855955139,6.22467041015625,6.053124653109835,6.22467041015625,2034000
3519,2011-08-26,5.881577746385034,6.07763015096088,5.881577746385034,6.053123950958252,1751000
3520,2011-08-25,5.979603889635926,6.028617224008878,5.832564353942871,5.832564353942871,912000
3521,2011-08-24,6.0776308330890485,6.126644173446967,5.930591746867005,6.004111289978027,805000
3522,2011-08-23,5.857071434474951,6.175657195530791,5.832564765558989,6.077630519866943,1322000
3523,2011-08-22,6.151150711570728,6.151150711570728,5.661019188217297,5.808058738708496,1940000
3524,2011-08-19,6.175657513804884,6.273683727094864,6.004111289978027,6.004111289978027,3413000
3525,2011-08-18,6.371709248163373,6.445228783287243,6.298189713039502,6.396215915679932,4136000
3526,2011-08-17,6.22467053944734,6.4207234382629395,6.22467053944734,6.4207234382629395,4121000
3527,2011-08-16,6.175657706428644,6.322696797236954,6.175657706428644,6.298190593719482,4858000
3528,2011-08-15,6.004110591627739,6.200162995404447,6.004110591627739,6.175656795501709,2763000
3529,2011-08-12,6.126644173446967,6.224670386736947,5.930591746867005,6.004111289978027,4743000
3530,2011-08-11,5.415954308589912,6.053125486205064,5.391447634945883,6.028618812561035,4166000
3531,2011-08-10,5.489472542722135,5.685525417327881,5.4404596746400555,5.685525417327881,4889000
3532,2011-08-09,5.317928314208984,5.48947410237402,5.317928314208984,5.317928314208984,6556000
3533,2011-08-08,5.978156412875216,6.095375166068848,5.696831226348877,5.696831226348877,4096000
3534,2011-08-05,6.236038480338922,6.236038480338922,6.118819713592529,6.118819713592529,3274000
3535,2011-08-04,6.564249515533447,6.658024419181695,6.564249515533447,6.564249515533447,1706000
3536,2011-08-03,6.564250802630621,6.611138487225337,6.493919722892647,6.5876946449279785,1819000
3537,2011-08-02,6.775242288894207,6.822129958263227,6.634579727941097,6.704911231994629,2466000
3538,2011-08-01,6.798686367720688,6.8924612626722475,6.798686367720688,6.82213020324707,1169000
3539,2011-07-29,6.845575278471089,6.8924625108609145,6.751799919383335,6.775243759155273,1696000
3540,2011-07-28,6.892461605196161,6.915905441887595,6.845574378967285,6.845574378967285,1120000
3541,2011-07-27,6.962793827056885,6.986237218990877,6.869018470704761,6.962793827056885,1726000
3542,2011-07-26,7.033125686213491,7.033125686213491,6.9159069247766,6.9862380027771,913000
3543,2011-07-25,6.939350766494796,7.0096818444952955,6.9159069247766,6.9862380027771,1769000
3544,2011-07-22,6.986237360143177,7.033125039266573,6.939350128173828,6.939350128173828,2841000
3545,2011-07-21,6.939349987968853,7.0096810580789075,6.939349987968853,6.962793827056885,2106000
3546,2011-07-20,6.8924624490504325,7.009681199704875,6.8924624490504325,6.939350128173828,3312000
3547,2011-07-19,6.8455746872571295,6.915905753344793,6.8455746872571295,6.869018077850342,2899000
3548,2011-07-18,6.892461605196161,6.915905441887595,6.704911805972671,6.845574378967285,2537000
3549,2011-07-15,6.681468787303245,6.962793967735527,6.658024947741547,6.939350128173828,3378000
3550,2011-07-14,6.611137696679827,6.704912607501758,6.587693857185832,6.634581089019775,2235000
3551,2011-07-13,6.681468148385547,6.728355823025293,6.658024311065674,6.658024311065674,2200000
3552,2011-07-12,6.728355683616987,6.751799073297119,6.634580336280474,6.6814680099487305,2690000
3553,2011-07-11,6.798687598927212,6.845575278471089,6.751799919383335,6.775243759155273,1657000
3554,2011-07-08,6.915905441887595,6.915905441887595,6.8221305422758505,6.845574378967285,2048000
3555,2011-07-07,6.986237983938782,6.986237983938782,6.89246306447295,6.91590690612793,8406000
3556,2011-07-06,6.6111366135222145,6.9393489712022305,6.6111366135222145,6.89246129989624,4903000
3557,2011-07-05,6.681468768007764,6.704912607501758,6.634581089019775,6.634581089019775,1416000
3558,2011-07-04,6.6814680099487305,6.751799073297119,6.6814680099487305,6.6814680099487305,1742000
3559,2011-07-01,6.6814680099487305,6.798686746965375,6.658024173114603,6.6814680099487305,4361000
3560,2011-06-30,6.540806913571402,6.5876945978309065,6.51736307144165,6.51736307144165,1738000
3561,2011-06-29,6.5876946449279785,6.634581882368595,6.517363118035905,6.5876946449279785,1034000
3562,2011-06-28,6.564249515533447,6.658024419181695,6.564249515533447,6.564249515533447,1506000
3563,2011-06-27,6.564249515533447,6.5876933532340125,6.540805677832883,6.564249515533447,1643000
3564,2011-06-24,6.540805874915844,6.634580781389651,6.517362036508887,6.611137390136719,1841000
3565,2011-06-23,6.611137331244752,6.634580722288851,6.540805816650391,6.540805816650391,2144000
3566,2011-06-22,6.587693551729761,6.658024619796609,6.564249713322803,6.611137390136719,2244000
3567,2011-06-21,6.470474749210051,6.564249654848511,6.470474749210051,6.540805816650391,2438000
3568,2011-06-20,6.6580240397729975,6.704911712502224,6.423586570434836,6.4704742431640625,4056000
3569,2011-06-17,6.751799213191162,6.7986868878309075,6.611137083579933,6.658024311065674,2844000
3570,2011-06-16,6.822129820569073,6.845573654780406,6.7283549308776855,6.7283549308776855,2281000
3571,2011-06-15,6.798687011762678,6.915905753344793,6.775243174015452,6.869018077850342,2835000
3572,2011-06-14,6.775243618752216,6.822131297324443,6.751799779466103,6.79868745803833,2036000
3573,2011-06-13,6.845575278471089,6.845575278471089,6.751799919383335,6.775243759155273,1934000
3574,2011-06-10,6.939349591092019,6.986236819432457,6.8455746872571295,6.869018077850342,2452000
3575,2011-06-09,6.939349987968853,6.986237218990877,6.939349987968853,6.962793827056885,1391000
3576,2011-06-08,6.939349987968853,7.033124897166939,6.939349987968853,6.962793827056885,2242000
3577,2011-06-07,6.91590628861213,6.986237360143177,6.869018609488734,6.939350128173828,2390000
3578,2011-06-03,6.962793967735527,6.962793967735527,6.8924624490504325,6.939350128173828,2709000
3579,2011-06-02,6.8221319866620975,6.986237983938782,6.751800461697157,6.91590690612793,3320000
3580,2011-06-01,6.962793428839245,6.962793428839245,6.869018077850342,6.869018077850342,2865000
3581,2011-05-31,6.704912491396622,6.986237218990877,6.704912491396622,6.962793827056885,5890000
3582,2011-05-30,6.704911231994629,6.775242288894207,6.681467397310119,6.704911231994629,1742000
3583,2011-05-27,6.681467397310119,6.72835506667914,6.634579727941097,6.704911231994629,1928000
3584,2011-05-26,6.611137083579933,6.7049119857054205,6.611137083579933,6.658024311065674,1992000
3585,2011-05-25,6.493919722892647,6.611138487225337,6.493919722892647,6.5876946449279785,1746000
3586,2011-05-24,6.470475834336242,6.540806913571402,6.470475834336242,6.51736307144165,1665000
3587,2011-05-23,6.51736133076143,6.540805166629719,6.470474106178831,6.493917942047119,2269000
3588,2011-05-20,6.587693493046632,6.611137331244752,6.5173619784522705,6.540805816650391,1927000
3589,2011-05-19,6.658025724665952,6.681469566963311,6.5876946449279785,6.5876946449279785,2048000
3590,2011-05-18,6.587693246260059,6.681468148385547,6.5408055716203135,6.658024311065674,2209000
3591,2011-05-17,6.564250802630621,6.5876946449279785,6.540806960333263,6.5876946449279785,2233000
3592,2011-05-16,6.564250802630621,6.634581882368595,6.564250802630621,6.5876946449279785,2308000
3593,2011-05-13,6.564250802630621,6.634581882368595,6.564250802630621,6.5876946449279785,1770000
3594,2011-05-12,6.564250802630621,6.5876946449279785,6.517363118035905,6.5876946449279785,1983000
3595,2011-05-11,6.658024419181695,6.681468256882259,6.517361840132319,6.564249515533447,2768000
3596,2011-05-10,6.658024311065674,6.681468148385547,6.611137083579933,6.658024311065674,966000
3597,2011-05-09,6.634581089019775,6.681468768007764,6.611137696679827,6.634581089019775,1562000
3598,2011-05-06,6.611137390136719,6.658024619796609,6.587693551729761,6.611137390136719,1970000
3599,2011-05-05,6.65802492851377,6.751799839335701,6.634581089019775,6.634581089019775,1393000
3600,2011-05-04,6.7049119857054205,6.751799213191162,6.564249408940187,6.658024311065674,2994000
3601,2011-05-03,6.892461015162805,6.939348684531827,6.6580235626256075,6.704911231994629,4106000
3602,2011-04-29,6.939350766494796,7.126900605932187,6.892463083058404,6.9862380027771,6321000
3603,2011-04-28,7.103455030870464,7.126898866868032,7.00968013403417,7.033123970031738,1978000
3604,2011-04-27,7.08001262824606,7.126899859618431,7.08001262824606,7.103456020355225,2218000
3605,2011-04-26,7.009680806729981,7.080012321472168,7.009680806729981,7.080012321472168,1612000
3606,2011-04-25,7.126899006275429,7.126899006275429,7.009680271148682,7.009680271148682,1821000
3607,2011-04-22,7.08001262824606,7.126899859618431,7.056568788982852,7.103456020355225,2180000
3608,2011-04-21,7.080012321472168,7.2206744566484975,7.056568483224773,7.080012321472168,4733000
3609,2011-04-20,7.033124107604829,7.033124107604829,6.9627930453903755,7.009680271148682,2500000
3610,2011-04-19,6.89246306447295,6.962794589437889,6.845575828317077,6.91590690612793,2515000
3611,2011-04-18,7.033125039266573,7.08001271838997,6.939350128173828,6.939350128173828,1602000
3612,2011-04-15,7.103455030870464,7.126898866868032,7.033123970031738,7.033123970031738,1650000
3613,2011-04-14,7.126899550812937,7.150343389060333,7.056568483224773,7.080012321472168,1927000
3614,2011-04-13,7.126899859618431,7.150343698881639,7.056568788982852,7.103456020355225,1764000
3615,2011-04-12,7.197230754099761,7.197230754099761,7.056568177856488,7.126899242401123,2136000
3616,2011-04-11,7.15034266728845,7.291005235420002,7.126898831407528,7.197230339050293,5869000
3617,2011-04-08,7.126899859618431,7.150343698881639,7.056568788982852,7.103456020355225,2447000
3618,2011-04-07,7.173787227307729,7.173787227307729,7.080012321472168,7.080012321472168,3664000
3619,2011-04-06,7.033124340623608,7.126899242401123,6.9862366661578506,7.126899242401123,3537000
3620,2011-04-01,7.033123970031738,7.080011642026875,6.962792909193013,7.033123970031738,1375000
3621,2011-03-31,7.033123970031738,7.056567806029307,6.9862362980366015,7.033123970031738,1856000
3622,2011-03-30,6.9159069247766,7.0096818444952955,6.9159069247766,6.9862380027771,1541000
3623,2011-03-29,6.9393507477829095,6.962794589437889,6.869019222817969,6.91590690612793,1240000
3624,2011-03-28,7.08001271838997,7.08001271838997,6.91590628861213,6.939350128173828,2212000
3625,2011-03-25,7.150343389060333,7.173787227307729,7.080012321472168,7.080012321472168,2142000
3626,2011-03-24,7.080012321472168,7.126899550812937,7.033124644977377,7.080012321472168,2549000
3627,2011-03-23,7.033124107604829,7.033124107604829,6.939349208934229,7.009680271148682,1625000
3628,2011-03-22,6.9627930453903755,7.056567944060975,6.9627930453903755,7.009680271148682,2476000
3629,2011-03-21,6.845575828317077,6.9393507477829095,6.798688145007117,6.91590690612793,2852000
3630,2011-03-18,6.70491254804792,6.822131297324443,6.70491254804792,6.79868745803833,4187000
3631,2011-03-17,6.564249408940187,6.658024311065674,6.470474506814699,6.658024311065674,4174000
3632,2011-03-16,6.634580336280474,6.728355683616987,6.564249272932086,6.6814680099487305,5423000
3633,2011-03-15,7.03312469284586,7.103455760912708,6.611137390136719,6.611137390136719,8397000
3634,2011-03-14,7.267562448043633,7.337893518679213,6.939350039820858,7.103456020355225,6894000
3635,2011-03-11,7.384781080606236,7.431668758392334,7.337893402820138,7.431668758392334,3483000
3636,2011-03-10,7.52544352969808,7.595775496428877,7.455112457275391,7.455112457275391,3663000
3637,2011-03-09,7.666105825192391,7.712993500361828,7.572330474853516,7.572330474853516,3038000
3638,2011-03-08,7.548887586077291,7.806768475184408,7.548887586077291,7.642662048339844,6984000
3639,2011-03-07,7.712994012921857,7.712994012921857,7.595775264362607,7.642662048339844,2618000
3640,2011-03-04,7.877099945233071,7.9239876258980075,7.736437797546387,7.736437797546387,3684000
3641,2011-03-03,7.8536550280334545,7.92398608822888,7.783323967838029,7.830211639404297,4363000
3642,2011-03-02,7.830212394563538,7.9005434615418135,7.759880433277225,7.783324718475342,5453000
3643,2011-03-01,7.619218545801499,7.9943181780254235,7.619218545801499,7.970874786376953,12387000
3644,2011-02-25,7.525442799684078,7.572330474853516,7.431668343653223,7.572330474853516,2927000
3645,2011-02-24,7.431669064570529,7.548887816711048,7.4082252247116145,7.455112457275391,3301000
3646,2011-02-23,7.408225059509277,7.548887648371956,7.361337380837036,7.408225059509277,3932000
3647,2011-02-22,7.52544321965646,7.5488875057035445,7.361337241713187,7.431668758392334,6151000
3648,2011-02-21,7.642661910542757,7.689549587982689,7.595775127410889,7.595775127410889,2429000
3649,2011-02-18,7.595776384522413,7.689550860614019,7.595776384522413,7.619219779968262,2961000
3650,2011-02-17,7.619218801256292,7.642662193690764,7.548887729644775,7.548887729644775,2909000
3651,2011-02-16,7.666106196416754,7.689549587982689,7.572330841536891,7.595775127410889,4234000
3652,2011-02-15,7.689550860614019,7.689550860614019,7.525444409568445,7.619219779968262,4551000
3653,2011-02-14,7.6661057472229,7.712993421915459,7.572330397837785,7.6661057472229,3574000
3654,2011-02-11,7.970874372331705,8.017762047501142,7.5019994092533695,7.572330474853516,8282000
3655,2011-02-10,7.9943181780254235,8.088093533235437,7.970874786376953,7.970874786376953,3485000
3656,2011-02-09,8.041206644300853,8.134982008708226,7.970875568149402,7.994318962097168,4374000
3657,2011-02-08,8.299087171448866,8.299087171448866,8.0177620158508,8.041205406188965,7383000
3658,2011-01-28,8.345972660446836,8.439747995902234,8.252198219299316,8.252198219299316,7717000
3659,2011-01-27,8.627299124656084,8.627299124656084,8.34597396850586,8.34597396850586,22217000
3660,2011-01-26,8.29908758014042,8.48663739500575,8.275643294339716,8.439749717712402,16468000
3661,2011-01-25,8.181867164861707,8.275641606009227,8.134979497134008,8.252198219299316,4405000
3662,2011-01-24,8.13498126579019,8.205312335518736,8.111536979675293,8.111536979675293,3792000
3663,2011-01-21,8.228755727325561,8.228755727325561,8.111536979675293,8.111536979675293,4872000
3664,2011-01-20,8.228754043579102,8.345972767244376,8.205310656569202,8.228754043579102,6205000
3665,2011-01-19,8.134979497134008,8.322529273736926,8.134979497134008,8.252198219299316,9637000
3666,2011-01-18,8.13498126579019,8.275643405247282,8.111536979675293,8.111536979675293,5945000
3667,2011-01-17,8.345974361717891,8.345974361717891,8.134981155395508,8.134981155395508,6280000
3668,2011-01-14,8.392862095543075,8.392862095543075,8.252199957047228,8.275643348693848,4926000
3669,2011-01-13,8.252199957047228,8.43974977314438,8.228755671092543,8.275643348693848,13778000
3670,2011-01-12,8.322529380234476,8.486635772227439,8.228754043579102,8.228754043579102,11992000
3671,2011-01-11,8.252199957047228,8.345974417941772,8.228755671092543,8.275643348693848,6684000
3672,2011-01-10,8.369416941464625,8.416304609192325,8.252198219299316,8.252198219299316,7474000
3673,2011-01-07,8.533525530076497,8.650744282443988,8.322531418091772,8.36941909790039,12599000
3674,2011-01-06,8.34597568178692,8.650745185193124,8.275644601888644,8.533526420593262,22188000
3675,2011-01-05,8.533525128346987,8.580411911640226,8.205312279445925,8.275643348693848,12314000
3676,2011-01-04,8.34597325556034,8.627298387678675,8.275642196107741,8.463191986083984,26451000
3677,2011-01-03,8.158422883843919,8.299085887027015,8.11153521611622,8.252198219299316,7547000
3678,2010-12-31,8.205311821480171,8.228755211818337,8.041205406188965,8.041205406188965,8941000
3679,2010-12-30,8.345972237184181,8.39285990253399,8.134979084571786,8.158422470092773,9617000
3680,2010-12-29,8.299088478088379,8.510081707275479,8.299088478088379,8.299088478088379,20667000
3681,2010-12-28,8.275641606009227,8.392860328174535,8.11153521611622,8.252198219299316,10028000
3682,2010-12-27,8.205310551571618,8.510079050339845,8.205310551571618,8.252198219299316,18800000
3683,2010-12-24,8.064651520007049,8.392863530724362,8.01776383438794,8.205313682556152,28721000
3684,2010-12-23,8.017763137817383,8.181869576072842,7.994318849890522,8.017763137817383,11162000
3685,2010-12-22,8.064650932556773,8.064650932556773,7.994318962097168,7.994318962097168,7457000
3686,2010-12-21,7.923987774726223,8.088094212981682,7.877100093180643,8.017763137817383,14945000
3687,2010-12-20,8.017762548301892,8.041205940196908,7.853656122112552,7.877099514007568,8256000
3688,2010-12-17,7.8536560395184685,8.134981210840445,7.806768361913461,7.970874786376953,23948000
3689,2010-12-16,7.806768109365421,7.8536557854536175,7.736437042387145,7.783324718475342,4232000
3690,2010-12-15,7.806768109365421,7.8536557854536175,7.712993651497066,7.783324718475342,6255000
3691,2010-12-14,7.970874528520089,7.994317919410168,7.783324718475342,7.783324718475342,9268000
3692,2010-12-13,7.830213093310511,8.017762920091696,7.830213093310511,7.900544166564941,11451000
3693,2010-12-10,7.853655135894297,7.900542808104513,7.806767463684082,7.806767463684082,7442000
3694,2010-12-09,7.8536550280334545,8.017761431361416,7.806767356467187,7.830211639404297,13303000
3695,2010-12-08,7.970874528520089,8.041205595498365,7.783324718475342,7.783324718475342,18860000
3696,2010-12-07,7.595775154153029,7.970874786376953,7.572330868196492,7.970874786376953,27141000
3697,2010-12-06,7.642661910542757,7.666106196416754,7.572330841536891,7.595775127410889,4049000
3698,2010-12-03,7.595775127410889,7.6192185189768225,7.548887449970957,7.595775127410889,6122000
3699,2010-12-02,7.689549872867807,7.712994159610377,7.548887729644775,7.548887729644775,11573000
3700,2010-12-01,7.502001014122596,7.689550860614019,7.502001014122596,7.619219779968262,23219000
3701,2010-11-30,7.502000136993219,7.595775496428877,7.455112457275391,7.455112457275391,50022000
3702,2010-11-29,7.52544352969808,7.52544352969808,7.4082252247116145,7.455112457275391,4613000
3703,2010-11-26,7.4785559890243976,7.595775183489642,7.408224919499285,7.431668758392334,9653000
3704,2010-11-25,7.52544352969808,7.57233120941591,7.455112457275391,7.455112457275391,8888000
3705,2010-11-24,7.666106280732151,7.712993958687775,7.478556016063692,7.501999855041504,8226000
3706,2010-11-23,7.525442723145226,7.7364368121077325,7.525442723145226,7.6661057472229,9094000
3707,2010-11-22,7.525443077087402,7.5723307539852165,7.478555847343615,7.525443077087402,2214000
3708,2010-11-19,7.64266165046858,7.64266165046858,7.455111841399099,7.478555679321289,3339000
3709,2010-11-18,7.595774759592245,7.642661540453663,7.548887084422807,7.572330474853516,2627000
3710,2010-11-17,7.548887729644775,7.619218801256292,7.502000050467733,7.548887729644775,4744000
3711,2010-11-16,7.361338405676976,7.66610746516817,7.361338405676976,7.619219779968262,10407000
3712,2010-11-15,7.431668701042407,7.455112092600509,7.361337184906006,7.361337184906006,2345000
3713,2010-11-12,7.431668898845397,7.455112291027474,7.361337380837036,7.408225059509277,3633000
3714,2010-11-11,7.478556297134305,7.548887816711048,7.431669064570529,7.455112457275391,5341000
3715,2010-11-10,7.501999517243478,7.5488871930878565,7.455111841399099,7.478555679321289,3379000
3716,2010-11-09,7.455112150131348,7.52544321965646,7.408224919499285,7.431668758392334,2447000
3717,2010-11-08,7.642661966967671,7.642661966967671,7.408224919499285,7.431668758392334,5438000
3718,2010-11-05,7.66610746516817,7.736438545813927,7.619219779968262,7.619219779968262,8372000
3719,2010-11-04,7.5723320947683534,7.66610746516817,7.5723320947683534,7.619219779968262,1959000
3720,2010-11-03,7.783325231221892,7.830212910398934,7.502000050467733,7.548887729644775,3880000
3721,2010-11-02,7.783325478211323,7.9239876258980075,7.736437797546387,7.736437797546387,7558000
3722,2010-11-01,7.736437797546387,7.759881190724792,7.642662436216513,7.736437797546387,5036000
3723,2010-10-29,7.595774516242247,7.783324316603341,7.5488868425749756,7.689548969268799,8943000
3724,2010-10-28,7.478555847343615,7.5723307539852165,7.455112008894708,7.525443077087402,4148000
3725,2010-10-27,7.595774868932234,7.619218259700407,7.478555679321289,7.478555679321289,2634000
3726,2010-10-26,7.572330474853516,7.595774759592245,7.525442799684078,7.572330474853516,2364000
3727,2010-10-25,7.502000050467733,7.548887729644775,7.478556210879211,7.548887729644775,2222000
3728,2010-10-22,7.52544352969808,7.57233120941591,7.431669064570529,7.455112457275391,2520000
3729,2010-10-21,7.525443246865279,7.595775210952752,7.501999855041504,7.501999855041504,1642000
3730,2010-10-20,7.40822477915092,7.595775039588149,7.40822477915092,7.525443077087402,2585000
3731,2010-10-19,7.501999855041504,7.548887532997128,7.478556016063692,7.501999855041504,2392000
3732,2010-10-18,7.689549672555927,7.689549672555927,7.501999855041504,7.501999855041504,2481000
3733,2010-10-15,7.666106196416754,7.666106196416754,7.572330841536891,7.595775127410889,1825000
3734,2010-10-14,7.689549137415175,7.7364368121077325,7.642661462722616,7.6661057472229,1615000
3735,2010-10-13,7.642661910542757,7.689549587982689,7.595775127410889,7.595775127410889,2166000
3736,2010-10-12,7.759880796899093,7.806768475184408,7.548887586077291,7.642662048339844,3383000
3737,2010-10-11,7.783324718475342,7.877099176343696,7.712993651497066,7.783324718475342,2135000
3738,2010-10-08,7.73643664293607,7.783324316603341,7.689548969268799,7.689548969268799,1788000
3739,2010-10-07,7.830212364441718,7.830212364441718,7.689549336718242,7.712993621826172,2517000
3740,2010-10-06,7.806768219504823,7.85365589625452,7.736437151534304,7.759880542755127,2691000
3741,2010-10-05,7.783324828284,7.830212505033697,7.689549474784607,7.759880542755127,3622000
3742,2010-10-04,7.923988325690489,7.947432615247459,7.830213850387221,7.853657245635986,3176000
3743,2010-10-01,7.923987192105676,7.947431478308768,7.853656122112552,7.877099514007568,2847000
3744,2010-09-30,7.853656122112552,7.947431478308768,7.830212730217536,7.877099514007568,4680000
3745,2010-09-29,8.111537454249628,8.2053128155795,7.736437797546387,7.736437797546387,28885000
3746,2010-09-28,7.595775792523445,8.111537606600402,7.572331504596584,8.017763137817383,18531000
3747,2010-09-27,7.666106196416754,7.712993873856686,7.595775127410889,7.595775127410889,2487000
3748,2010-09-24,7.6192185189768225,7.642661910542757,7.572330841536891,7.595775127410889,1665000
3749,2010-09-23,7.595776384522413,7.689550860614019,7.5723320947683534,7.619219779968262,2407000
3750,2010-09-21,7.6192185189768225,7.642661910542757,7.572330841536891,7.595775127410889,2485000
3751,2010-09-20,7.619218150022953,7.666105825192391,7.572330474853516,7.572330474853516,1767000
3752,2010-09-17,7.6426631754141106,7.689550860614019,7.595776384522413,7.619219779968262,2540000
3753,2010-09-16,7.712995150368079,7.736438545813927,7.595776384522413,7.619219779968262,2099000
3754,2010-09-15,7.689549726625159,7.7364374049104745,7.572330978065909,7.642662048339844,2800000
3755,2010-09-14,7.73643664293607,7.75988003261571,7.666105579589159,7.689548969268799,2022000
3756,2010-09-13,7.595774682338069,7.7364368121077325,7.548887007645511,7.6661057472229,6514000
3757,2010-09-10,7.548887532997128,7.595775210952752,7.501999855041504,7.501999855041504,1626000
3758,2010-09-09,7.5488871930878565,7.619218259700407,7.478555679321289,7.478555679321289,1866000
3759,2010-09-08,7.502000136993219,7.666106568851567,7.4082252247116145,7.455112457275391,4292000
3760,2010-09-07,7.572330924820903,7.595775210952752,7.478556016063692,7.501999855041504,2082000
3761,2010-09-06,7.689549872867807,7.712994159610377,7.548887729644775,7.548887729644775,1940000
3762,2010-09-03,7.455112095091094,7.6192185189768225,7.455112095091094,7.595775127410889,3385000
3763,2010-09-02,7.501999969699715,7.548887648371956,7.408225059509277,7.408225059509277,1556000
3764,2010-09-01,7.314450149318839,7.478556130363595,7.314450149318839,7.408225059509277,2321000
3765,2010-08-31,7.455112092600509,7.478555931312643,7.291006115923636,7.361337184906006,5261000
3766,2010-08-30,7.572330583856029,7.572330583856029,7.478555679321289,7.478555679321289,2231000
3767,2010-08-27,7.501999685792522,7.5723307539852165,7.455112008894708,7.525443077087402,3312000
3768,2010-08-26,7.525443246865279,7.572330924820903,7.45511217708588,7.501999855041504,3815000
3769,2010-08-25,7.783324852871352,7.783324852871352,7.525443077087402,7.525443077087402,6410000
3770,2010-08-24,7.830211746943172,7.923986197055639,7.806767463684082,7.806767463684082,2989000
3771,2010-08-23,7.877098416662613,7.900542699599722,7.783323967838029,7.830211639404297,3633000
3772,2010-08-20,7.923987192105676,7.970874870203784,7.877099514007568,7.877099514007568,2607000
3773,2010-08-19,7.947432153643272,8.017763229612793,7.923987865447998,7.923987865447998,3716000
3774,2010-08-18,8.017763116142381,8.064650797561207,7.947432041168213,7.947432041168213,2125000
3775,2010-08-17,7.970874786376953,8.01776246398196,7.970874786376953,7.970874786376953,1741000
3776,2010-08-16,7.970874786376953,8.04120585563043,7.947431394728483,7.970874786376953,1569000
3777,2010-08-13,7.853656678330562,7.994318828278899,7.853656678330562,7.947432041168213,2136000
3778,2010-08-12,7.830211639404297,7.900542699599722,7.783323967838029,7.830211639404297,3777000
3779,2010-08-11,8.064650797561207,8.111537584671892,7.900544359749388,7.947432041168213,4454000
3780,2010-08-10,8.228755727325561,8.252200013440458,8.08809358786847,8.111536979675293,3233000
3781,2010-08-09,8.25219832489689,8.322529380234476,8.205310656569202,8.228754043579102,2329000
3782,2010-08-06,8.158422883843919,8.345972660446836,8.158422883843919,8.252198219299316,4239000
3783,2010-08-05,8.369416517013002,8.39285990253399,8.134979084571786,8.158422470092773,7335000
3784,2010-08-04,8.207263961398205,8.275657653808594,8.161667876566952,8.275657653808594,8477000
3785,2010-08-03,8.252857208251953,8.27565480799149,8.184463539360655,8.252857208251953,4486000
3786,2010-08-02,8.207261085510254,8.27565475395497,8.207261085510254,8.207261085510254,4124000
3787,2010-07-30,8.16166689040804,8.18446536490546,8.116070811086074,8.138869285583496,4372000
3788,2010-07-29,8.093272240458061,8.161665916442871,8.07047463835405,8.161665916442871,3688000
3789,2010-07-28,8.024879479062216,8.116070767544032,8.024879479062216,8.093273162841797,2471000
3790,2010-07-27,8.18446432439398,8.18446432439398,8.002080030293095,8.02487850189209,2951000
3791,2010-07-26,8.093273162841797,8.161666846621378,8.024879479062216,8.093273162841797,3796000
3792,2010-07-23,7.979282379150391,8.093272127423967,7.979282379150391,7.979282379150391,5662000
3793,2010-07-22,8.002080430652304,8.02487890339195,7.910889148712157,7.910889148712158,2641000
3794,2010-07-21,8.024878435093303,8.070474508238984,7.910888687065479,8.002079963684082,4201000
3795,2010-07-20,7.979282379150391,8.047676054179984,7.9336863059064076,7.979282379150391,2398000
3796,2010-07-19,7.865292581805801,7.933686256408691,7.819696508846289,7.933686256408691,1674000
3797,2010-07-16,8.047675466697589,8.047675466697589,7.865292056708455,7.888089656829834,4789000
3798,2010-07-15,8.13886823327914,8.161665835156098,8.024878484548823,8.047676086425781,3623000
3799,2010-07-14,8.070475601436987,8.207262969730003,8.024879522115024,8.138869285583496,9268000
3800,2010-07-13,8.024878402327717,8.024878402327717,7.910888654765314,7.933686256408691,1885000
3801,2010-07-12,7.979282329368204,8.070474475287229,7.910888654765314,7.933686256408691,4060000
3802,2010-07-09,7.933686256408691,7.979282329368204,7.8880901834491794,7.933686256408691,2710000
3803,2010-07-08,7.979282827585471,8.02487890339195,7.910889148712157,7.910889148712158,3450000
3804,2010-07-07,7.956485659404965,8.024879342016547,7.865293502807617,7.865293502807617,2207000
3805,2010-07-06,7.888090249766044,7.979282396451741,7.8196965745881535,7.956484794616699,2584000
3806,2010-07-05,7.751303741897362,7.888091107120525,7.728506137584454,7.865293502807617,2215000
3807,2010-07-02,7.705708089847109,7.796900251488836,7.705708089847109,7.728506565093994,1903000
3808,2010-07-01,7.75130365327197,7.774101257324219,7.705707575494624,7.774101257324219,683000
3809,2010-06-30,7.75130365327197,7.819697335101564,7.682909971442375,7.774101257324219,3320000
3810,2010-06-29,8.002079931011583,8.13886814989012,7.933686256408691,7.933686256408691,2543000
3811,2010-06-28,8.070474543137438,8.070474543137438,7.956484794616699,7.956484794616699,1571000
3812,2010-06-25,8.161665784857586,8.161665784857586,7.979282361947622,8.002079963684082,3273000
3813,2010-06-24,8.184463485919574,8.344048422399688,8.184463485919574,8.207261085510254,6052000
3814,2010-06-23,8.27565475395497,8.298453223218328,8.184463485919574,8.207261085510254,2020000
3815,2010-06-22,8.29845416963588,8.366847845880722,8.230059623718262,8.230059623718262,5602000
3816,2010-06-21,8.366846946295011,8.38964454603455,8.252857208251953,8.252857208251953,6066000
3817,2010-06-18,8.298453277403713,8.298453277403713,8.138867470208895,8.252857208251953,2041000
3818,2010-06-17,8.298456131060712,8.389647431050236,8.252860046229458,8.275657653808594,5634000
3819,2010-06-15,8.298453223218328,8.298453223218328,8.207261085510254,8.207261085510254,8047000
3820,2010-06-14,8.435242608447961,8.458040213574611,8.207263078489909,8.298455238342285,12754000
3821,2010-06-11,7.79689825607972,8.252857208251953,7.774099786667498,8.252857208251953,13130000
3822,2010-06-10,7.705708089847109,7.751304170667972,7.568920717057424,7.728506565093994,3381000
3823,2010-06-09,7.842495166910697,7.910888843142202,7.523323518266638,7.546121120452881,3815000
3824,2010-06-08,7.774100827969632,7.888090581281051,7.751303225176469,7.81969690322876,1849000
3825,2010-06-07,7.728506049219721,7.819697335101564,7.682909971442375,7.774101257324219,2506000
3826,2010-06-04,8.116069711711905,8.161665784857586,7.979282361947622,8.002079963684082,3761000
3827,2010-06-03,8.184465341449899,8.207262946209108,8.070475578308105,8.070475578308105,3932000
3828,2010-06-02,8.20726182449301,8.252857897452522,7.910888654765314,7.933686256408691,7127000
3829,2010-06-01,8.344048422399688,8.480836628961798,8.207261085510254,8.207261085510254,11085000
3830,2010-05-31,7.796900937262891,8.275657653808594,7.774102460010773,8.275657653808594,9235000
3831,2010-05-28,7.705707594898366,7.796899750682689,7.660111517006205,7.751303672790527,3697000
3832,2010-05-27,7.363737294584148,7.637312854346014,7.3181412230117155,7.5689191818237305,3754000
3833,2010-05-26,7.340939931780885,7.432131208211346,7.295343858729275,7.318141460418701,5251000
3834,2010-05-25,7.7513033747673035,7.7513033747673035,7.2725463146526295,7.295344352722168,7225000
3835,2010-05-24,7.774100827969632,7.888090581281051,7.751303225176469,7.81969690322876,2066000
3836,2010-05-21,7.8424963323096994,7.888091543457656,7.660112009026245,7.728506565093994,4947000
3837,2010-05-20,8.093273162841797,8.184465320996487,8.002081004687106,8.093273162841797,2322000
3838,2010-05-19,8.070475558139561,8.138869241919142,7.979283399984871,8.093273162841797,2268000
3839,2010-05-18,8.184464388219657,8.23005959242768,8.116069842562073,8.161665916442871,1630000
3840,2010-05-17,8.207262969730003,8.275656653876512,8.070475601436987,8.138869285583496,3143000
3841,2010-05-14,8.480839615821434,8.503637223441183,8.298456145844487,8.344051361083984,4247000
3842,2010-05-13,8.20726318359375,8.549232482910156,8.20726318359375,8.549232482910156,5433000
3843,2010-05-12,8.184465320996487,8.252859004776068,8.093273162841797,8.093273162841797,3023000
3844,2010-05-11,8.412444891842405,8.458040101491491,8.09327320626153,8.138869285583496,5317000
3845,2010-05-10,8.161667950528473,8.366849899291992,8.093274257498296,8.366849899291992,3044000
3846,2010-05-07,7.751302913661512,8.047676086425781,7.751302913661512,8.047676086425781,6062000
3847,2010-05-06,8.298455083853414,8.389646372335232,8.093273162841797,8.093273162841797,5517000
3848,2010-05-05,8.43524061518631,8.526432753489829,8.252857208251953,8.252857208251953,9517000
3849,2010-05-04,9.027988323275173,9.027988323275173,8.731615131742878,8.754413604736328,3573000
3850,2010-05-03,8.936796137319712,9.005189810043726,8.891200065612793,8.891200065612793,3208000
3851,2010-04-30,9.11918252596208,9.187576220972192,8.936799049377441,8.936799049377441,6630000
3852,2010-04-29,9.164776664455331,9.187574268055156,9.02798843383789,9.02798843383789,5681000
3853,2010-04-28,9.027986650801816,9.164774854403454,8.891199316872836,9.096381187438965,4689000
3854,2010-04-27,9.36995796327397,9.43835251529797,9.301564280922825,9.324362754821777,4513000
3855,2010-04-26,9.347160359047873,9.43835251529797,9.301564280922825,9.324362754821777,5800000
3856,2010-04-23,9.278766587022767,9.369957872718699,9.141978353969602,9.233170509338379,7671000
3857,2010-04-22,9.233170509338379,9.347160268712926,9.119180749963832,9.233170509338379,3866000
3858,2010-04-21,9.05078706827367,9.278766587022767,9.05078706827367,9.233170509338379,6641000
3859,2010-04-20,8.936797149765761,9.02798843383789,8.868403469293455,9.02798843383789,4605000
3860,2010-04-19,9.141979096038668,9.301564946051442,8.800009790156828,8.822808265686035,10955000
3861,2010-04-16,9.575138015557698,9.711925353625164,9.438350677490234,9.438350677490234,8684000
3862,2010-04-15,9.48394684905387,9.666331144732917,9.438351644806884,9.529542922973633,12258000
3863,2010-04-14,9.347160383851127,9.4611501446298,9.301564305605087,9.392756462097168,4169000
3864,2010-04-13,9.392758262173631,9.529545653453532,9.255970001220703,9.255970001220703,5497000
3865,2010-04-12,9.48394774891639,9.575139905408472,9.392756462097168,9.392756462097168,11802000
3866,2010-04-09,9.11918172791499,9.369958877563477,9.096384121464379,9.369958877563477,6327000
3867,2010-04-08,9.187574360481632,9.255968041641973,9.096383075492122,9.119180679321289,5719000
3868,2010-04-07,9.21037286016349,9.233170464057459,9.1419783091359,9.18757438659668,2373000
3869,2010-04-06,9.141978328448017,9.25596808750434,9.11918072450589,9.164776802062988,3372000
3870,2010-04-02,9.187572453500731,9.210370922270668,9.096381187438965,9.096381187438965,2854000
3871,2010-04-01,9.073584582838993,9.187574341089919,9.050786979057944,9.14197826385498,4291000
3872,2010-03-31,9.210371819837158,9.210371819837158,9.073583602905273,9.073583602905273,2158000
3873,2010-03-30,9.233170464057459,9.233170464057459,9.164776782702711,9.18757438659668,3120000
3874,2010-03-29,9.073584646948792,9.233170483562214,9.073584646948792,9.164776802062988,3825000
3875,2010-03-26,9.005191843716181,9.119181613889802,8.982394237550627,9.050787925720215,2661000
3876,2010-03-25,9.050786926273217,9.073584529921309,8.982393245656107,9.0051908493042,3534000
3877,2010-03-24,9.255967022475042,9.278765493466729,9.073583602905273,9.073583602905273,3677000
3878,2010-03-23,9.210372879620087,9.347160242618537,9.141978328448017,9.164776802062988,4181000
3879,2010-03-22,9.233170437812806,9.255968041641973,9.119180679321289,9.119180679321289,2984000
3880,2010-03-19,9.301564191028538,9.347160268712926,9.210372905332608,9.233170509338379,4236000
3881,2010-03-18,9.392755409209283,9.392755409209283,9.255967189804538,9.301563262939453,4196000
3882,2010-03-17,9.096384121464379,9.369958877563477,9.096384121464379,9.369958877563477,6631000
3883,2010-03-16,9.119181613889802,9.119181613889802,8.982394237550627,9.050787925720215,1996000
3884,2010-03-15,9.141978229992416,9.164776703361857,8.982393264770508,8.982393264770508,2658000
3885,2010-03-12,9.119181613889802,9.141979220055356,9.050787925720215,9.050787925720215,2521000
3886,2010-03-11,9.255967022475042,9.255967022475042,9.073583602905273,9.073583602905273,2820000
3887,2010-03-10,9.187574406005115,9.25596808750434,9.141978328448017,9.164776802062988,2813000
3888,2010-03-09,9.164776756652463,9.210372833983639,9.119180679321289,9.119180679321289,2758000
3889,2010-03-08,9.210372879620087,9.30156416506144,9.164776802062988,9.164776802062988,4944000
3890,2010-03-05,9.119178786536242,9.210370922270668,9.005189051704539,9.096381187438965,3499000
3891,2010-03-04,9.187574307058462,9.255967987821114,8.982393264770508,8.982393264770508,4804000
3892,2010-03-03,9.25596808750434,9.438352397732734,9.164776802062988,9.164776802062988,9007000
3893,2010-03-02,9.119180749963832,9.301564191028538,9.005190990589282,9.233170509338379,11487000
3894,2010-03-01,8.754413640577399,9.027988360236273,8.708817564076645,8.9139986038208,7022000
3895,2010-02-26,8.89120096400575,9.027988323275173,8.731615131742878,8.754413604736328,5778000
3896,2010-02-25,8.800006992235806,8.868401527404785,8.61762359435469,8.868401527404785,4600000
3897,2010-02-24,8.640425671682724,8.731616973876953,8.572031107945797,8.731616973876953,2583000
3898,2010-02-23,8.663221405923625,8.754413558065632,8.617625329852622,8.708817481994629,2065000
3899,2010-02-22,8.77721203752976,8.77721203752976,8.617626190185547,8.617626190185547,2327000
3900,2010-02-10,8.70881640304321,8.70881640304321,8.503634520980468,8.526432991027832,3788000
3901,2010-02-09,8.207261317114444,8.480836868286133,8.093271576598966,8.480836868286133,3074000
3902,2010-02-08,8.161665016656217,8.207261085510254,7.979281610912747,8.207261085510254,2755000
3903,2010-02-05,8.663222138406015,8.708818218332203,8.298455238342285,8.298455238342285,7662000
3904,2010-02-04,8.93679707690759,9.005190756822309,8.891201000406836,8.9139986038208,2436000
3905,2010-02-03,8.89120009990042,9.005189844770937,8.822806426912656,8.959593772888184,2926000
3906,2010-02-02,9.210373587351718,9.25596879873954,8.754414516090206,8.800009727478027,5326000
3907,2010-02-01,9.164776756652463,9.301564118973147,9.050786998160948,9.119180679321289,4241000
3908,2010-01-29,9.073584601990115,9.187574360481632,8.982393317000605,9.119180679321289,4474000
3909,2010-01-28,9.369958881265813,9.369958881265813,9.164777814110417,9.278767585754395,4695000
3910,2010-01-27,8.936796171783174,9.073583517758701,8.86840249879541,8.959593772888184,5124000
3911,2010-01-26,9.392754122440236,9.461147787936575,8.868401527404785,8.868401527404785,10179000
3912,2010-01-25,9.278766676696728,9.529543801875212,9.278766676696728,9.324362754821777,6611000
3913,2010-01-22,9.529544731736577,9.59793842076135,9.369958877563477,9.369958877563477,9416000
3914,2010-01-21,9.939905962804499,10.076694186131201,9.666331255496663,9.711926460266113,10210000
3915,2010-01-20,10.122291479322238,10.304674929377805,10.031099319458008,10.031099319458008,12940000
3916,2010-01-19,10.464257847697526,10.487055446451189,10.076692581176758,10.076692581176758,19289000
3917,2010-01-18,10.03109672717368,10.487055669317938,9.871510923488655,10.39586353302002,42135000
3918,2010-01-15,9.98550044681682,10.21347991304402,9.894309182129527,10.076692581176758,38355000
3919,2010-01-14,9.529543172372572,9.985502184157601,9.529543172372572,9.848714828491211,21521000
3920,2010-01-13,9.438352545309078,9.643533593014926,9.392756467039048,9.48394775390625,9160000
3921,2010-01-12,9.689128796259563,9.73472487041181,9.575139045715332,9.575139045715332,7069000
3922,2010-01-11,9.575140066707835,9.803119592105642,9.575140066707835,9.689129829406738,13471000
3923,2010-01-08,9.48394496382694,9.575137093539212,9.39275370378727,9.506743431091309,5320000
3924,2010-01-07,9.711927275583543,9.848715510393633,9.48394775390625,9.48394775390625,15441000
3925,2010-01-06,9.438350737702157,9.711925415582353,9.39275466816456,9.597935676574707,14148000
3926,2010-01-05,9.780321822679225,9.780321822679225,9.392756462097168,9.392756462097168,10381000
3927,2010-01-04,9.711925537963872,9.80311767818819,9.620734267412253,9.666330337524414,12646000
3928,2009-12-31,9.68912980564841,9.734725884550741,9.575140043229016,9.620736122131348,13068000
3929,2009-12-30,9.666332180905167,9.757523468847069,9.575140023290396,9.643533706665039,11343000
3930,2009-12-29,9.871513231029097,9.871513231029097,9.620736102097782,9.643533706665039,11077000
3931,2009-12-28,9.666333253731175,9.825918242759393,9.575141085995366,9.780323028564453,25328000
3932,2009-12-25,9.438354349157938,9.438354349157938,9.255970001220703,9.255970001220703,8428000
3933,2009-12-24,9.210373893063316,9.415554960137639,9.187575416939765,9.369958877563477,22982000
3934,2009-12-23,9.164774854403454,9.164774854403454,9.073582718669028,9.096381187438965,5261000
3935,2009-12-22,9.09638207389696,9.255967022475042,9.050786001586332,9.073583602905273,10194000
3936,2009-12-21,8.936797168687088,9.050786926273217,8.936797168687088,9.0051908493042,4646000
3937,2009-12-18,8.914000571258727,9.005192744387553,8.800010789684201,8.936799049377441,7406000
3938,2009-12-17,9.027988360236273,9.027988360236273,8.9139986038208,8.9139986038208,3624000
3939,2009-12-16,8.936799049377441,9.050788830951968,8.891202962813027,8.936799049377441,4700000
3940,2009-12-15,9.073586439397666,9.096384917516382,8.936799049377441,8.936799049377441,4328000
3941,2009-12-14,8.98239322663824,9.050786907110545,8.959594753365586,9.02798843383789,5501000
3942,2009-12-11,8.959594791401067,9.096383022599206,8.959594791401067,8.982393264770508,5040000
3943,2009-12-10,9.210371733406966,9.233169334511974,8.89120009990042,8.959593772888184,10270000
3944,2009-12-09,9.30156416506144,9.438352397732734,9.164776802062988,9.164776802062988,16187000
3945,2009-12-08,9.005190092071647,9.301563262939453,8.936796417205656,9.301563262939453,13715000
3946,2009-12-07,9.0051908493042,9.073584529921309,8.982393245656107,9.0051908493042,6351000
3947,2009-12-04,8.913997666629886,8.982392209026631,8.891200065612793,8.891200065612793,4297000
3948,2009-12-03,9.027990352833251,9.11918252596208,8.936799049377441,8.936799049377441,6453000
3949,2009-12-02,8.959594791401067,9.210372780427903,8.91399871433502,8.982393264770508,10673000
3950,2009-12-01,8.982395135941855,9.073586439397666,8.914000571258727,8.936799049377441,7756000
3951,2009-11-30,8.982393264770508,9.05078694553316,8.959594791401067,8.982393264770508,3804000
3952,2009-11-27,9.119179554474659,9.141977155491752,8.891200065612793,8.891200065612793,6269000
3953,2009-11-26,9.233170464057459,9.278766541518236,9.18757438659668,9.18757438659668,3333000
3954,2009-11-25,9.18757438659668,9.324362618979015,9.164776782702711,9.18757438659668,4874000
3955,2009-11-24,9.21037286016349,9.278766541518236,9.164776782702711,9.18757438659668,3621000
3956,2009-11-23,9.278766561119312,9.30156416506144,9.141978328448017,9.164776802062988,4047000
3957,2009-11-20,9.347162175189322,9.369959783844964,9.255970001220703,9.255970001220703,3901000
3958,2009-11-19,9.301563262939453,9.438351482344197,9.255967189804538,9.301563262939453,5589000
3959,2009-11-18,9.301564191028538,9.324362664707156,9.233170509338379,9.233170509338379,5198000
3960,2009-11-17,9.324361718943011,9.415552995389467,9.210371971130371,9.210371971130371,13982000
3961,2009-11-16,9.210372905332608,9.278766587022767,9.141978353969602,9.233170509338379,5636000
3962,2009-11-13,9.210372879620087,9.278766561119312,9.141978328448017,9.164776802062988,4941000
3963,2009-11-12,9.187573499764188,9.415552995389467,9.187573499764188,9.210371971130371,6572000
3964,2009-11-11,9.164776802062988,9.164776802062988,9.073584646948792,9.164776802062988,3767000
3965,2009-11-10,9.255968022105904,9.278766495559793,9.14197826385498,9.14197826385498,3780000
3966,2009-11-09,9.233170418324855,9.233170418324855,9.119180660073932,9.14197826385498,2621000
3967,2009-11-06,9.25596612046522,9.278764589235157,9.096381187438965,9.096381187438965,3161000
3968,2009-11-05,9.210371819837158,9.30156309478567,9.073583602905273,9.073583602905273,4709000
3969,2009-11-04,9.119179825011157,9.278765645883404,9.096382223317732,9.210371971130371,4952000
3970,2009-11-03,9.027986650801816,9.25596612046522,9.005189051704539,9.096381187438965,4147000
3971,2009-11-02,8.89120109171807,9.096383003242236,8.868403488069978,9.0051908493042,5157000
3972,2009-10-30,9.483947463217033,9.483947463217033,9.02798843383789,9.02798843383789,7261000
3973,2009-10-29,9.347159385681152,9.438351532434952,9.141977490321484,9.347159385681152,9347000
3974,2009-10-28,9.87151021059519,9.87151021059519,9.506743431091309,9.506743431091309,6997000
3975,2009-10-27,9.848713858874902,9.939905130450352,9.803117788250821,9.871511459350586,4385000
3976,2009-10-26,10.031098259270664,10.076694334383726,9.848714828491211,9.848714828491211,6319000
3977,2009-10-23,10.145087119565792,10.167884720279996,9.962703704833984,9.962703704833984,10971000
3978,2009-10-22,9.848714915015218,10.236280252371936,9.825916442421997,10.053895950317383,21190000
3979,2009-10-21,9.96270458143747,10.008300656550531,9.803118753378149,9.848714828491211,6703000
3980,2009-10-20,9.939906120300293,10.099491948540326,9.848714839643703,9.939906120300293,15262000
3981,2009-10-19,9.803118753378149,9.894310903604273,9.757522678265087,9.848714828491211,4613000
3982,2009-10-16,9.734726944696549,9.894312803397732,9.666333253731175,9.780323028564453,9280000
3983,2009-10-15,9.894310758035049,9.939905962804499,9.711926460266113,9.711926460266113,7359000
3984,2009-10-14,9.78032108514834,9.917108439898513,9.78032108514834,9.825916290283203,10042000
3985,2009-10-13,9.529543944483011,9.73472586427981,9.483947865675626,9.643533706665039,4662000
3986,2009-10-12,9.711926460266113,9.848714683592815,9.68912885788139,9.711926460266113,4151000
3987,2009-10-09,9.666331255496663,9.734724932323623,9.666331255496663,9.711926460266113,4281000
3988,2009-10-08,9.848713624195144,9.917107293665193,9.597935676574707,9.597935676574707,8987000
3989,2009-10-07,9.848714828491211,10.053895861990796,9.848714828491211,9.848714828491211,19401000
3990,2009-10-06,9.575138076642254,9.6891278156499,9.529542007104657,9.597935676574707,5738000
3991,2009-10-05,9.392756467039048,9.48394775390625,9.347160388769018,9.48394775390625,2638000
3992,2009-10-02,9.278765710452184,9.438351532434952,9.278765710452184,9.347159385681152,4984000
3993,2009-10-01,9.711928274824722,9.711928274824722,9.461151123046875,9.461151123046875,4426000
3994,2009-09-30,9.620734146179851,9.780319954725094,9.597935676574707,9.597935676574707,6345000
3995,2009-09-29,9.529543964326686,9.620736122131348,9.461150280809624,9.620736122131348,3377000
3996,2009-09-28,9.575140814310739,9.643534503335514,9.347161271112865,9.369958877563477,4437000
3997,2009-09-25,9.575139045715332,9.666331194019829,9.529542971563085,9.575139045715332,4618000
3998,2009-09-24,9.66633220103368,9.757523489165472,9.575140043229016,9.620736122131348,5608000
3999,2009-09-23,9.939906935101927,10.031099092906588,9.620736122131348,9.620736122131348,9290000
4000,2009-09-22,9.985503174054209,10.099492938300656,9.871513409807761,9.917109489440918,7913000
4001,2009-09-21,9.9855031946891,10.031099274416478,9.894311904907227,9.894311904907227,7011000
4002,2009-09-18,10.031098270629682,10.076694345794378,9.939906120300293,9.939906120300293,7094000
4003,2009-09-17,10.259077776780357,10.304673851945052,9.939906120300293,9.939906120300293,27794000
4004,2009-09-16,9.757521073374166,10.190682411193848,9.689127406790178,10.190682411193848,14348000
4005,2009-09-15,9.575138197300094,9.757521608076031,9.552340597080365,9.666330337524414,3723000
4006,2009-09-14,9.73472487041181,9.780320944564059,9.552341443475598,9.575139045715332,4081000
4007,2009-09-11,9.620736188937503,9.803119636140423,9.59793771449159,9.734725952148438,4840000
4008,2009-09-10,10.031098047892254,10.0766941220445,9.575139045715332,9.575139045715332,9885000
4009,2009-09-09,9.848715671119777,9.939906959475175,9.689129829406738,9.689129829406738,4931000
4010,2009-09-08,9.985502184157601,10.12229040949679,9.848714828491211,9.848714828491211,10361000
4011,2009-09-07,9.848714839643703,10.008300667883734,9.78032116173306,9.939906120300293,7622000
4012,2009-09-04,9.9855021172736,10.076694266888909,9.825916290283203,9.825916290283203,7964000
4013,2009-09-03,9.52954411706842,9.917109489440918,9.506746512088284,9.917109489440918,11799000
4014,2009-09-02,9.438350677490234,9.529541946310982,9.392754608243518,9.438350677490234,4138000
4015,2009-09-01,9.32436278447043,9.506746227877693,9.255968232228957,9.48394775390625,6487000
4016,2009-08-31,9.23317059857168,9.392756437172922,9.050787155744342,9.324362754821777,6703000
4017,2009-08-28,9.25596811334415,9.438352424081703,9.119180749963832,9.233170509338379,8249000
4018,2009-08-27,9.119180749963832,9.324362664707156,9.119180749963832,9.233170509338379,3023000
4019,2009-08-26,9.438352350966671,9.461149954795838,9.073584601990115,9.119180679321289,5362000
4020,2009-08-25,9.461151042711801,9.620736896884903,9.369958877563477,9.369958877563477,3141000
4021,2009-08-24,9.255969184557403,9.461151123046875,9.255969184557403,9.461151123046875,3288000
4022,2009-08-21,9.255968022105904,9.483947538607753,9.119180660073932,9.14197826385498,5337000
4023,2009-08-20,9.392755393696042,9.43835146675565,9.119179825011157,9.210371971130371,4874000
4024,2009-08-19,9.4611501446298,9.529543827162431,9.392756462097168,9.392756462097168,3138000
4025,2009-08-18,9.711928192360288,9.73472666848384,9.255969105964539,9.369958877563477,8519000
4026,2009-08-17,9.917108439898513,9.962704514706168,9.803118687715772,9.825916290283203,4538000
4027,2009-08-14,10.259079785265635,10.304675869356965,9.985504150390625,9.985504150390625,8615000
4028,2009-08-13,9.917108704004761,10.145088214441653,9.82591655196088,10.12229061126709,10697000
4029,2009-08-12,9.711927477702524,9.962705478570307,9.711927477702524,9.734725952148438,7715000
4030,2009-08-11,9.803118609150582,9.917108360419775,9.55234150422747,9.711926460266113,14223000
4031,2009-08-10,9.392756684824382,9.803119659423828,9.301564526169894,9.803119659423828,12924000
4032,2009-08-07,9.347159385681152,9.347159385681152,9.347159385681152,9.347159385681152,0
4033,2009-08-06,9.210372035223216,9.36995698753322,9.119179888469416,9.347159385681152,13472000
4034,2009-08-05,9.320200911410945,9.447294699025598,9.002466866554741,9.06601333618164,8480042
4035,2009-08-04,9.659117827386014,9.765029752181377,9.320201873779297,9.320201873779297,7390246
4036,2009-08-03,9.786213246984902,9.849760582046473,9.44729723731381,9.637937545776367,6959787
4037,2009-07-31,9.913305763786637,9.976853090483013,9.807394683773968,9.870941162109375,9921555
4038,2009-07-30,9.870939247035734,9.913303840493786,9.6802990006549,9.786210060119629,7717814
4039,2009-07-29,10.146310648831092,10.188675250508354,9.870941162109375,9.870941162109375,12576752
4040,2009-07-28,9.934488937167432,10.12512922913857,9.913306211192301,10.082764625549316,16107565
4041,2009-07-27,9.84975862655325,9.934487824239827,9.722664830023383,9.807394027709961,9445950
4042,2009-07-24,9.8709417650937,10.040400182154421,9.74384880065918,9.74384880065918,17587924
4043,2009-07-23,9.786211120563701,9.87094031666115,9.701482772827148,9.701482772827148,10316317
4044,2009-07-22,9.87094031666115,9.955669512758599,9.637935451573613,9.701482772827148,15497573
4045,2009-07-21,9.701481721564328,9.870939247035734,9.574387941190171,9.786210060119629,14897031
4046,2009-07-20,9.828577854238922,9.849760582046473,9.574391059075875,9.637937545776367,24426973
4047,2009-07-17,9.362568022805767,9.74384948809196,9.256656080490174,9.637937545776367,17395793
4048,2009-07-16,9.426112172711818,9.53202408877116,9.23547191151022,9.256653785705566,10866465
4049,2009-07-15,9.256652643370908,9.362564546359993,9.15074158874259,9.23547077178955,8167172
4050,2009-07-14,8.854190821762515,9.108378410339355,8.854190821762515,9.108378410339355,6734058
4051,2009-07-13,9.447295315246317,9.532024512516069,8.748279861951328,8.769462585449219,13587805
4052,2009-07-10,9.489659306593628,9.701482286212464,9.362565518822326,9.404930114746094,11643391
4053,2009-07-09,9.74384737385327,9.976852239012006,9.532024383544922,9.532024383544922,23746638
4054,2009-07-08,9.214289826195092,9.828576097395073,9.19310795053485,9.659117698669434,28605575
4055,2009-07-07,9.171925914641779,9.235472388873276,9.066013993108061,9.214289665222168,8990293
4056,2009-07-06,9.15074329979743,9.214289774784527,8.981284902017272,9.129561424255371,6133515
4057,2009-07-03,9.06601239420883,9.214288040172761,8.938919468160183,9.150741577148438,6151364
4058,2009-07-02,9.108378410339355,9.277836802723915,9.044831937375593,9.108378410339355,9067986
4059,2009-07-01,8.769462013441638,9.06601333618164,8.705914695453885,9.06601333618164,9782968
4060,2009-06-30,8.684732624102073,8.790643687190817,8.62118530756016,8.705914497375488,4683603
4061,2009-06-29,8.938920985453178,9.023649334413816,8.600004196166992,8.600004196166992,7775559
4062,2009-06-26,9.108378520810376,9.171925842905768,8.89655552776058,8.938920974731445,9661179
4063,2009-06-25,8.896555419858656,9.193107606531635,8.875373544991033,9.108378410339355,11419762
4064,2009-06-24,8.89655475516349,9.087195856533052,8.790643692016602,8.790643692016602,12694340
4065,2009-06-23,8.642368033938794,8.960102071740287,8.600003439007873,8.790643692016602,10461203
4066,2009-06-22,8.896554946899414,8.981284138587316,8.727097411884463,8.896554946899414,5930885
4067,2009-06-19,8.769462765747784,8.917738439837915,8.7270981662419,8.875373840332031,5528773
4068,2009-06-18,9.108377034529578,9.277835401317649,8.62118465419426,8.727096557617188,11375666
4069,2009-06-17,8.81182707202727,9.150743008435494,8.705915152606472,9.108378410339355,12278580
4070,2009-06-16,8.557638844076951,8.854190160232568,8.430545059284187,8.790643692016602,8135675
4071,2009-06-15,9.108378531735363,9.150743130396137,8.600004196166992,8.600004196166992,10550445
4072,2009-06-12,9.362564546359993,9.680298558605713,9.23547077178955,9.23547077178955,20421604
4073,2009-06-11,9.06601307576429,9.553205490112305,9.023648481109644,9.553205490112305,11454409
4074,2009-06-10,9.299019037655595,9.320200911410945,8.98128414443854,9.06601333618164,11832999
4075,2009-06-09,9.786210617637153,9.870939809380253,9.06601333618164,9.06601333618164,16448999
4076,2009-06-08,10.421680772180022,10.464046224806221,9.74384880065918,9.74384880065918,12457998
4077,2009-06-05,10.294586182150475,10.654684837361623,10.16749238942403,10.209856986999512,13799998
4078,2009-06-04,10.591137516817959,10.718231309544404,10.16749238942403,10.209856986999512,13591999
4079,2009-06-03,10.67586689942113,10.697049622761252,10.37931471118575,10.48522663116455,16675999
4080,2009-06-02,10.802960877804445,11.247788743529874,10.29458653770149,10.675867080688477,62883996
4081,2009-06-01,10.252223156709658,10.527592658996582,10.18867582642128,10.527592658996582,29160998
4082,2009-05-27,9.404932127332932,9.849760055541992,9.320202917353965,9.849760055541992,42896997
4083,2009-05-26,9.532024581462403,9.532024581462403,8.896555597342847,9.214289665222168,14860999
4084,2009-05-25,9.828575918900308,9.870940517812343,9.383748054504395,9.383748054504395,17359998
4085,2009-05-22,9.19310639624419,9.722663378548452,9.19310639624419,9.51084041595459,26475998
4086,2009-05-21,9.108377463917803,9.235471245000326,9.044830997556947,9.193106651306152,11724999
4087,2009-05-20,9.320201400820055,9.404930597012335,9.066013812243215,9.108378410339355,13678999
4088,2009-05-19,9.468475600988311,9.637933967082231,9.19310618026607,9.23547077178955,25881998
4089,2009-05-18,9.42611100946483,9.61675124714011,9.23547077178955,9.23547077178955,19989999
4090,2009-05-15,9.59557104906457,9.74384756943715,9.362566179228834,9.383748054504395,35885997
4091,2009-05-14,9.320201396187612,9.63793545757029,9.299019521330518,9.362565994262695,46507997
4092,2009-05-13,8.896556607396086,9.299020767211914,8.769463644503835,9.299020767211914,43230997
4093,2009-05-12,8.811826408825066,8.960102066821475,8.366998586475004,8.705914497375488,28562998
4094,2009-05-11,8.769463058685888,9.066014416772251,8.727098457764843,8.811827659606934,32173998
4095,2009-05-08,8.472909007435081,8.89655407604449,8.388179824041046,8.727096557617188,26828998
4096,2009-05-07,8.515275190730065,8.621186265588163,8.282270317025695,8.451727867126465,18806999
4097,2009-05-06,8.197541687518699,8.557640385095969,8.07044787983949,8.409364700317383,24127998
4098,2009-05-05,8.536458038724152,8.62118639082489,8.070447436184926,8.197541236877441,26255998
4099,2009-05-04,8.43054703281526,8.896556837784141,8.388182427967086,8.536458969116211,60927997
4100,2009-04-30,8.515274998845445,8.600004196166992,8.30345200554158,8.600004196166992,28105998
4101,2009-04-29,8.049264907836914,8.430546319196216,8.049264907836914,8.049264907836914,45303997
4102,2009-04-28,8.938921819385172,9.06601477886337,8.303452780189245,8.32463550567627,40400998
4103,2009-04-27,9.553208114172332,9.553208114172332,8.811828776616371,8.917739868164062,34708997
4104,2009-04-24,9.468475910713721,9.637934282350832,9.214288353258052,9.34138298034668,32893997
4105,2009-04-23,9.680299076903687,9.722663670695432,9.38374692036147,9.447294235229492,51776997
4106,2009-04-22,8.642368503509921,9.235472016407446,8.642368503509921,9.17192554473877,54942997
4107,2009-04-21,8.049264856441702,8.642369270324707,7.922171901827728,8.642369270324707,26637998
4108,2009-04-20,8.091629028320312,8.388181219535142,7.731530363168476,8.091629028320312,19313999
4109,2009-04-17,9.02364988850528,9.044832613316833,8.049264907836914,8.049264907836914,49727996
4110,2009-04-16,8.345817063383205,8.642369270324707,8.197541384092931,8.642369270324707,45009997
4111,2009-04-15,7.92217148170132,8.133993627065287,7.837442284211369,8.091629028320312,16953999
4112,2009-04-14,7.710348592132673,8.049264538309858,7.64680211733724,8.006900787353516,21111999
4113,2009-04-13,7.922170629641926,7.922170629641926,7.667983064510906,7.795076847076416,12323999
4114,2009-04-10,8.133993743127732,8.133993743127732,7.795077796692909,7.879806995391846,24844998
4115,2009-04-09,7.710347386802915,7.943352222442627,7.689164666275238,7.943352222442627,30246998
4116,2009-04-08,7.307886104079606,7.667984812593757,7.307886104079606,7.4349799156188965,28675998
4117,2009-04-07,7.371432781219482,7.456161991160055,7.28670357127891,7.371432781219482,11888999
4118,2009-04-06,7.30788629794457,7.540891201100628,7.265521692974284,7.371432781219482,24422998
4119,2009-04-03,7.201972673983543,7.307883724938913,7.159608083929248,7.223154544830322,14130998
4120,2009-04-02,7.350249965419974,7.350249965419974,7.053698192632475,7.117244243621826,13323999
4121,2009-03-31,7.011332702367048,7.138426060741584,6.9477858110895765,7.074879169464111,10177999
4122,2009-03-30,7.138426105178344,7.223155294075746,6.926603557115249,6.9477858543396,12934998
4123,2009-03-27,7.329066070436728,7.498524441628511,7.117243106446999,7.138425827026367,23974998
4124,2009-03-26,7.1172445210551825,7.350250251935997,7.053698467588777,7.265521049499512,24278998
4125,2009-03-25,6.884239794365068,7.223156166719418,6.841875194798217,7.117244243621826,23627998
4126,2009-03-24,6.926604273960102,6.990151172209719,6.820692776877406,6.841875076293945,12425999
4127,2009-03-23,6.693599171324789,6.820692539215088,6.6512345739678755,6.820692539215088,6255999
4128,2009-03-20,6.905421043980219,6.9266033405422665,6.608868892111558,6.630051612854004,8302999
4129,2009-03-19,6.8630571365356445,6.947786331249022,6.799510664681052,6.8630571365356445,14536999
4130,2009-03-18,6.778327462095207,6.926603542349577,6.735962867736816,6.735962867736816,18305998
4131,2009-03-17,6.693599884414846,6.757146787220066,6.608870256494067,6.714781761169434,8798999
4132,2009-03-16,6.778328663974652,6.863057867714945,6.693599884414846,6.714781761169434,8877999
4133,2009-03-13,6.778328663974652,6.990151673325384,6.714781761169434,6.714781761169434,26152998
4134,2009-03-12,6.693599224463252,6.7359633979760405,6.566505431383553,6.6512346267700195,8965999
4135,2009-03-11,6.672414522960878,6.820690570921025,6.5876857768782555,6.608867645263672,26757998
4136,2009-03-10,6.397048169680844,6.608870333126773,6.3546831431389705,6.502959251403809,8835999
4137,2009-03-09,6.566505977199024,6.566505977199024,6.354682971125889,6.397047996520996,6276999
4138,2009-03-06,6.524141552584499,6.693599962030028,6.460594649042426,6.502959251403809,12332125
4139,2009-03-05,6.397046770776862,6.608868887901603,6.333499881131201,6.587687015533447,23436998
4140,2009-03-04,6.206405704427394,6.4182286708265135,6.185223831967882,6.333499908447266,15173998
4141,2009-03-03,6.058130504887264,6.227588890671157,6.015765908441291,6.164041996002197,6786999
4142,2009-03-02,6.269953306629691,6.397047525087787,6.100495338439941,6.100495338439941,10917999
4143,2009-02-27,6.206407770324197,6.333502016649313,6.1640435871232135,6.269954681396484,12407999
4144,2009-02-26,6.121677348481002,6.333500328943558,6.100495050434747,6.206406116485596,11023999
4145,2009-02-25,6.1640427215377365,6.248771924402691,6.015766616524066,6.058131217956543,17011529
4146,2009-02-24,6.481776044240536,6.481776044240536,6.121677398681641,6.121677398681641,24583408
4147,2009-02-23,6.524140360670079,6.566504955291748,6.375864279494235,6.566504955291748,3558111
4148,2009-02-20,6.52414083480835,6.651234627909829,6.481776237107857,6.52414083480835,4368633
4149,2009-02-19,6.481775766048409,6.6512341445350875,6.439411171426739,6.566504955291748,4260494
4150,2009-02-18,6.481776950223117,6.566506154945881,6.418230046681044,6.502959251403809,5318793
4151,2009-02-17,6.7147791080923485,6.778325985789555,6.56650348431252,6.608867645263672,5630613
4152,2009-02-16,6.778328663974652,6.863057867714945,6.693599884414846,6.714781761169434,5804897
4153,2009-02-13,6.672417159299287,6.778328663974652,6.545323777869334,6.714781761169434,9844912
4154,2009-02-12,6.863057192231849,6.905421789932341,6.502958535958103,6.52414083480835,10025495
4155,2009-02-11,6.672416680961632,6.884239675127024,6.608869782712015,6.841875076293945,15530120
4156,2009-02-10,6.545322620164808,6.778327465057373,6.545322620164808,6.778327465057373,8719419
4157,2009-02-09,6.757144117404137,6.820690570921025,6.56650348431252,6.608867645263672,9901606
4158,2009-02-06,6.9901512298115245,7.1807915019508775,6.75714635848999,6.75714635848999,22951863
4159,2009-02-05,6.8842401686500185,6.926604770520164,6.693599884414846,6.714781761169434,7178166
4160,2009-02-04,7.159610061879675,7.159610061879675,6.88424015045166,6.88424015045166,8135999
4161,2009-02-03,6.820692254208332,7.0536975299350875,6.778327658621649,6.968967914581299,11592998
4162,2009-02-02,6.863057867714945,6.926604770520164,6.693599884414846,6.714781761169434,7023831
4163,2009-01-21,6.524140781897136,6.841874837893545,6.50295848321868,6.820692539215088,9973000
4164,2009-01-20,6.56650348431252,6.630050362009726,6.460592021483843,6.608867645263672,3912977
4165,2009-01-19,6.651234811756429,6.672416687011719,6.566505614013446,6.672416687011719,4362334500
4166,2009-01-16,6.651233909416051,6.6724157817976995,6.545322426605815,6.630051612854004,5670509
4167,2009-01-15,6.4605939382576105,6.566505432508843,6.397047465887316,6.52414083480835,5342941
4168,2009-01-14,6.69359945971672,6.884239731856073,6.67241673594517,6.75714635848999,11883818
4169,2009-01-13,6.672414522960878,6.672414522960878,6.502956606615315,6.608867645263672,9065886
4170,2009-01-12,6.651233631321326,6.67241550281734,6.291135029003005,6.354681491851807,15836691
4171,2009-01-09,6.947786810975211,7.096062911961692,6.841875310270582,6.905422210693359,15053466
4172,2009-01-08,7.244339012948173,7.30788548919048,6.905422210693359,6.905422210693359,15689705
4173,2009-01-07,7.329066387246459,7.60443667651679,7.286701792617241,7.413796424865723,24405975
4174,2009-01-06,6.905422094148494,7.2443388906833075,6.8206928950147905,7.117244243621826,27473783
4175,2009-01-05,6.905421248188088,6.9477858425649925,6.778327465057373,6.778327465057373,12337374900
4176,2009-01-02,7.00537109375,7.00537109375,7.00537109375,7.00537109375,0
4177,2008-12-31,6.651234811756429,6.778328184190448,6.566505614013446,6.672416687011719,12365722200
4178,2008-12-30,6.397046770776862,6.6935984982762164,6.37586405004791,6.587687015533447,10280620800
4179,2008-12-29,6.3335013445238815,6.460594729000479,6.269954016014839,6.291136741638184,8135675100
4180,2008-12-26,6.1852242426197686,6.312317606716873,6.142859646527258,6.206406116485596,6843248200
4181,2008-12-25,6.015766600635829,6.248771907899064,5.931037822175133,6.2275896072387695,7841703100
4182,2008-12-24,5.931037425994873,6.100495395777325,5.825125929768058,5.931037425994873,7793407700
4183,2008-12-23,6.3546814907314495,6.3546814907314495,5.9098537057859755,5.973400592803955,11384999
4184,2008-12-22,6.735962389846523,6.841873868228494,6.354681491851807,6.354681491851807,6935999
4185,2008-12-19,6.693598747253418,6.693598747253418,6.693598747253418,6.693598747253418,8803411500
4186,2008-12-18,6.608869604896342,6.693599224463252,6.52414083369032,6.6512346267700195,4227947
4187,2008-12-17,6.926603336129909,6.926603336129909,6.566504718984894,6.587687015533447,22479998
4188,2008-12-16,6.481775728599451,6.820692059434278,6.3758642426571885,6.778327465057373,13115999
4189,2008-12-15,6.6512341445350875,6.735962909598013,6.354681982183401,6.566504955291748,14403999
4190,2008-12-12,6.778330005366118,6.778330005366118,6.37586663213509,6.439413547515869,19007389600
4191,2008-12-11,6.757146302808245,6.968968448612725,6.71478127979471,6.841875076293945,25935679700
4192,2008-12-10,6.26995347681143,6.545323371887207,6.26995347681143,6.545323371887207,21508251400
4193,2008-12-09,6.07931280224172,6.269953062040932,6.05813050402176,6.121677398681641,11546800200
4194,2008-12-08,5.719213468912419,5.973400592803955,5.719213468912419,5.973400592803955,7487999
4195,2008-12-05,5.655667545272888,5.698032143834534,5.549756048868774,5.59212064743042,4424999
4196,2008-12-04,5.761580069438084,5.888673887794247,5.634486675262451,5.634486675262451,4976526000
4197,2008-12-03,5.846307323380318,5.909854215883221,5.719213962554932,5.719213962554932,5629999
4198,2008-12-02,5.803941535409603,6.015764466880219,5.782759666442871,5.782759666442871,8666999
4199,2008-12-01,6.22758883871228,6.397047223082324,6.100495050434747,6.206406116485596,12414999
4200,2008-11-28,6.058130454342235,6.333500328943558,5.973401262157213,6.206406116485596,11336999
4201,2008-11-27,5.994582870653709,6.22758768169226,5.952217858251743,6.142858505249023,10385610800
4202,2008-11-26,5.888673257115703,5.95221973530741,5.698032549999132,5.84630823135376,6946999
4203,2008-11-25,6.354682822657281,6.354682822657281,5.84630804413973,5.867490768432617,9427999
4204,2008-11-24,5.867491869869747,6.015767574310303,5.719215741248643,6.015767574310303,10962999
4205,2008-11-21,5.295569103174622,5.655667781829834,5.147293002006988,5.655667781829834,7429092400
4206,2008-11-20,5.041380894760328,5.422662251899621,5.041380894760328,5.295568466186523,6666865000
4207,2008-11-19,5.0413822747208075,5.253205308890904,4.977835788650314,5.210840702056885,4257344500
4208,2008-11-18,5.253203658425206,5.253203658425206,4.977834224700928,4.977834224700928,5645312300
4209,2008-11-17,5.507391949964925,5.698032660788196,5.295569362119559,5.337933540344238,7713000
4210,2008-11-14,5.698031662726691,5.761578555203638,5.634485194430161,5.676849365234375,6925999
4211,2008-11-13,5.4862096318052584,5.549756106122851,5.465027332305908,5.465027332305908,8005999
4212,2008-11-12,5.994584569107122,6.1428602457135755,5.825126168207782,5.867490768432617,6691999
4213,2008-11-11,6.058130797286599,6.100495395777325,5.761579032031968,5.931037425994873,4938999
4214,2008-11-10,6.058129328805787,6.185223093470642,5.931035988321283,6.142858505249023,6129000
4215,2008-11-07,5.465027215412597,6.100495338439941,5.465027215412597,6.100495338439941,6377999
4216,2008-11-06,5.698031665053964,5.973401108386123,5.698031665053964,5.719213962554932,5638999
4217,2008-11-05,6.354682254920774,6.354682254920774,6.10049510046168,6.121677398681641,7679999
4218,2008-11-04,6.142860631538242,6.291136741638184,6.036949124323997,6.291136741638184,7593999
4219,2008-11-03,6.2487711906433105,6.2487711906433105,6.015765910125235,6.2487711906433105,18851999
4220,2008-10-31,5.84630823135376,5.84630823135376,5.84630823135376,5.84630823135376,2902999
4221,2008-10-30,5.465027332305908,5.465027332305908,5.465027332305908,5.465027332305908,1412999
4222,2008-10-29,5.570938995653975,5.570938995653975,5.083746479749631,5.1261115074157715,4700999
4223,2008-10-28,4.660100384134179,5.253203868865967,4.575370769511956,5.253203868865967,5326999
4224,2008-10-27,4.935469864903689,5.168475140318887,4.914287567138672,4.914287567138672,3854000
4225,2008-10-24,5.2955682257648276,5.380297412393475,5.274385929107666,5.274385929107666,2139999
4226,2008-10-23,5.380298318731248,5.443844795227051,5.380298318731248,5.443844795227051,5109999
4227,2008-10-22,5.528573937778704,5.846307565067535,5.507391215221623,5.5709381103515625,3527999
4228,2008-10-21,5.7192154633193635,5.9310384939129674,5.634486675262451,5.634486675262451,4795999
4229,2008-10-20,5.465028250787568,5.676850857200643,5.337934008250877,5.634486675262451,3153999
4230,2008-10-17,5.570937201858071,5.698030971391841,5.507390317091187,5.528573036193848,5548999
4231,2008-10-16,5.698030948638916,5.740395538314338,5.698030948638916,5.698030948638916,627000
4232,2008-10-15,5.655667994898502,5.888673305511475,5.6344861181141725,5.888673305511475,3133999
4233,2008-10-14,5.7403974533081055,5.7403974533081055,5.698032849499872,5.7403974533081055,4155000
4234,2008-10-13,5.2320215378653065,5.3802971839904785,5.168474650591497,5.3802971839904785,4689999
4235,2008-10-09,5.698032660788196,5.803943742620634,5.316751663322144,5.337933540344238,3263999
4236,2008-10-08,5.931036935142164,6.01576570093101,5.676849365234375,5.676849365234375,4448999
4237,2008-10-07,6.142859936532491,6.206406409490867,5.973401544162294,6.100495338439941,3693000
4238,2008-10-06,6.206406168267739,6.312317659382671,6.14285969777921,6.164041996002197,3351999
4239,2008-10-03,6.05813005212841,6.354681780906777,6.015765458848587,6.333499908447266,3591999
4240,2008-10-02,6.164041944573513,6.354682202809385,6.100495050434747,6.206406116485596,3189999
4241,2008-10-01,6.142860404597593,6.312318385699466,6.058131201956417,6.2275896072387695,4611160
4242,2008-09-30,5.825127261692289,6.015767574310303,5.825127261692289,6.015767574310303,4561815
4243,2008-09-29,6.560586929321289,6.560586929321289,6.560586929321289,6.560586929321289,0
4244,2008-09-26,6.608869412174019,6.608869412174019,6.227588892414395,6.2487711906433105,4360234
4245,2008-09-25,6.566504955291748,6.714780612287178,6.524140360670079,6.566504955291748,4688853400
4246,2008-09-24,6.5241410151419545,6.79951090780665,6.4817764162704625,6.672416687011719,10229175
4247,2008-09-23,6.2911352920416475,6.651233909416051,6.2064056816130595,6.630051612854004,12148392
4248,2008-09-22,6.291137835807955,6.566507378277426,6.291137835807955,6.439413547515869,11262277
4249,2008-09-19,6.1428599349990805,6.185224533081055,6.036948439794145,6.185224533081055,8028585
4250,2008-09-18,5.761577373295809,5.8463061217037255,5.7403950801487476,5.782759666442871,9767219
4251,2008-09-17,6.39704727645505,6.418229150497605,6.015765908441291,6.164041996002197,12190388
4252,2008-09-16,6.0793137608348635,6.227589871754933,6.036949157714844,6.036949157714844,10829718
4253,2008-09-15,6.778328994534642,6.778328994534642,6.481777191162109,6.481777191162109,8050633
4254,2008-09-12,7.413796393275314,7.498524733811893,6.905421259890899,6.9477858543396,16872942
4255,2008-09-11,7.625618549650985,7.667983144280203,7.413796424865723,7.413796424865723,5647412100
4256,2008-09-10,7.71034812760553,7.879806514665185,7.540889740545877,7.583254337310791,7791307
4257,2008-09-09,8.303453849358027,8.303453849358027,7.858625888824463,7.858625888824463,8800261
4258,2008-09-08,8.345818497688619,8.578824267367311,8.26108928114384,8.430547714233398,7600226
4259,2008-09-05,7.7103489461007175,8.049264907836914,7.667984344838573,8.049264907836914,5546621
4260,2008-09-04,8.17635869660735,8.3881808321899,7.752712728720508,7.922171115875244,7189715
4261,2008-09-03,8.366998473286525,8.451726813594819,8.049263591596931,8.176358222961426,7898397
4262,2008-09-02,8.684732713378635,8.727097308721795,8.15517569576955,8.366998672485352,12538955
4263,2008-09-01,9.108377034529578,9.235470809620631,8.727096557617188,8.727096557617188,10804520
4264,2008-08-29,9.25665407489454,9.362565994262695,9.023649209662027,9.362565994262695,23994414
4265,2008-08-28,8.854189448078227,9.256652643370908,8.727096521868551,9.23547077178955,30938453
4266,2008-08-27,8.430545798921917,8.7694625881035,8.430545798921917,8.684733390808105,10941007
4267,2008-08-26,8.472908961992342,8.472908961992342,8.303450596113127,8.388179779052734,4767595
4268,2008-08-25,8.536457248036296,8.790643977516387,8.451727207061785,8.557639122009277,10100038
4269,2008-08-22,8.345817382802307,8.430546588028431,8.133994369736998,8.32463550567627,7772409
4270,2008-08-21,8.600005020805426,8.76946343169757,8.155177116394043,8.155177116394043,15960579
4271,2008-08-20,7.964537227846379,8.536458969116211,7.837443413301857,8.536458969116211,10675383
4272,2008-08-19,7.7950761112538105,8.006899062201127,7.731528801789247,7.985716342926025,3221093
4273,2008-08-18,8.430544115735017,8.45172598664938,7.985716342926025,7.985716342926025,6233256
4274,2008-08-15,8.769461102280967,8.769461102280967,8.388179779052734,8.388179779052734,7938293
4275,2008-08-14,8.7482798645992,8.7694625881035,8.578822318369314,8.684733390808105,7632773
4276,2008-08-13,8.557640232307302,8.938921648537509,8.494092905421782,8.833009719848633,18405796
4277,2008-08-12,8.091629457433346,8.642369270324707,7.964536502819371,8.642369270324707,19968048
4278,2008-08-11,8.049264429575336,8.239905548108181,7.964536080446296,8.091629028320312,6837998
4279,2008-08-08,7.413796347740705,7.795076847076416,7.371430905191383,7.795076847076416,5013272
4280,2008-08-07,7.783745765686035,7.961659784943809,7.761508528136099,7.783745765686035,7750999
4281,2008-08-06,7.087769487230285,7.39932023107324,7.048825948388598,7.360375881195068,7628915
4282,2008-08-05,7.126712281436544,7.282487213836065,6.931993007659912,6.931993007659912,5406954
4283,2008-08-04,7.399320614205655,7.399320614205655,7.204601287841797,7.204601287841797,2245982
4284,2008-08-01,7.438261746479052,7.477205274726903,7.321430350699236,7.399318218231201,2026516
4285,2008-07-31,7.516149897142488,7.5745664145726765,7.321431416520718,7.555094242095947,5070657
4286,2008-07-30,7.594036670506719,7.613508840148776,7.399318218231201,7.399318218231201,3617374
4287,2008-07-29,7.399318218231201,7.496677444368959,7.360373878947087,7.399318218231201,3611915
4288,2008-07-28,7.993425369262695,7.993425369262695,7.993425369262695,7.993425369262695,0
4289,2008-07-25,7.594037958890285,7.652453666690841,7.496678716234825,7.6135101318359375,2969894
4290,2008-07-24,7.827698942533243,7.925058162209162,7.749811080170782,7.788755416870117,4642643
4291,2008-07-23,7.6719266739995,7.847173816460231,7.555095245692345,7.730342388153076,5662452
4292,2008-07-22,7.457734107732397,7.632981205904738,7.399318408341617,7.535621166229248,5721414
4293,2008-07-21,7.087769101018376,7.457735538482666,7.087769101018376,7.457735538482666,6670251
4294,2008-07-18,7.282487959792651,7.321431494122502,6.931993717714827,6.970937252044678,4847915
4295,2008-07-17,7.048824634873982,7.224071743559845,7.048824634873982,7.185128211975098,4924346
4296,2008-07-16,7.04882532757431,7.126713209434316,6.951466083526611,6.951466083526611,2038526
4297,2008-07-15,7.30196057782373,7.30196057782373,6.931994140498463,6.990409851074219,3145685
4298,2008-07-14,7.360375598995907,7.4577356589220365,7.2824885242987465,7.340904235839844,2347526
4299,2008-07-11,7.243542483167271,7.399318218231201,7.107239728781661,7.399318218231201,3386989
4300,2008-07-10,7.009879796425229,7.1851268724394775,6.931991936740169,7.146182537078857,2308219
4301,2008-07-09,7.087767599696506,7.204598996144843,7.009880542755127,7.009880542755127,3098735
4302,2008-07-08,7.4382629081484435,7.4382629081484435,6.951465890397947,6.970937252044678,6313209
4303,2008-07-07,7.20460052221379,7.457735538482666,7.20460052221379,7.457735538482666,2645608
4304,2008-07-04,7.710868066286535,7.710868066286535,7.399318218231201,7.399318218231201,3045233
4305,2008-07-03,7.379848103231614,7.730342388153076,7.224073135834239,7.730342388153076,3317109
4306,2008-07-02,7.263015400362622,7.5161495765821424,7.263015400362622,7.418790340423584,2663078
4307,2008-07-01,7.477207929923989,7.535623648557636,7.243545055389404,7.243545055389404,3160972
4308,2008-06-30,7.632981009790833,7.632981009790833,7.399318218231201,7.399318218231201,2912025
4309,2008-06-27,7.438261937590042,7.594036865620028,7.399318408341617,7.535621166229248,4124003
4310,2008-06-26,7.9640029886647365,8.061362214327882,7.866642951965333,7.866642951965332,1902042
4311,2008-06-25,7.6135105487035775,7.925060466674111,7.594038374691753,7.9055891036987305,4178597
4312,2008-06-24,7.983476551584926,8.100307156149636,7.594037958890285,7.6135101318359375,5763997
4313,2008-06-23,8.100307711413585,8.217139135023316,7.905589212755004,8.06136417388916,3699265
4314,2008-06-20,8.723408112558623,8.723408112558623,8.295026779174805,8.295026779174805,4900325585
4315,2008-06-19,8.703935771160637,8.723407131647242,8.567632192572692,8.645519256591797,2106222
4316,2008-06-18,8.820767299869944,8.99601442899753,8.723408054033426,8.859711647033691,2446887
4317,2008-06-17,8.781821967140116,8.87918200409495,8.58710351530297,8.820765495300293,2767897
4318,2008-06-16,8.879182244177175,8.879182244177175,8.781822204589844,8.781822204589844,2486194
4319,2008-06-13,8.567633036083455,8.723407990494547,8.372913734792277,8.684464454650879,2477459
4320,2008-06-12,8.68446457617003,8.723408112558623,8.217138895361186,8.295026779174805,6366710
4321,2008-06-11,9.015486906608926,9.015486906608926,8.664992636534025,8.80129623413086,3357509
4322,2008-06-10,9.03495969427564,9.073903234360326,8.87918472290039,8.87918472290039,6438774
4323,2008-06-09,8.996015193887747,9.1712623379158,8.957071654449233,9.07390308380127,5432067
4324,2008-06-06,9.443868478928822,9.463340653636156,9.28809351437958,9.307565689086914,5599124
4325,2008-06-05,9.365978240966797,9.443865291434738,9.249146854228686,9.365978240966797,6581809
4326,2008-06-04,9.619112371541906,9.638584539676991,9.346506072831712,9.365978240966797,8268753
4327,2008-06-03,9.268618320395332,9.54122543334961,9.151787743318627,9.54122543334961,6720477
4328,2008-06-02,9.171261248478428,9.307564836876713,9.054430644040982,9.268620491027832,5919043
4329,2008-05-30,9.580169926129484,9.697001326036158,8.918125867349195,8.957069396972656,21105903
4330,2008-05-29,9.774890888991525,9.852777961725787,9.580171585083008,9.580171585083008,5008421
4331,2008-05-28,9.872249334307122,9.872249334307122,9.716473579406738,9.716473579406738,4966929
4332,2008-05-27,9.774890095771656,9.83330580110021,9.52175510233581,9.716473579406738,5211509
4333,2008-05-26,9.950137211757314,10.02802427817114,9.716473579406738,9.716473579406738,4438463
4334,2008-05-23,10.242214851818774,10.242214851818774,9.930664966388683,9.9501371383667,3478707
4335,2008-05-22,10.222743325412134,10.242214686038626,10.105911917507788,10.164327621459961,3852127
4336,2008-05-21,10.203271043845087,10.553765263782786,10.203271043845087,10.35904598236084,3055060
4337,2008-05-20,10.59271100091369,10.670598891904955,10.320104598999023,10.320104598999023,3222116
4338,2008-05-19,10.592708828928226,10.69006806442687,10.53429312542177,10.553765296936035,3143502
4339,2008-05-16,10.397991057228088,10.690068783367156,10.37851888440426,10.5927095413208,8077675
4340,2008-05-15,10.397991333868443,10.534294114152422,10.339574813842773,10.339574813842773,3793166
4341,2008-05-14,10.24221556920616,10.475878405163169,10.24221556920616,10.339574813842773,4127279
4342,2008-05-13,10.125383611524132,10.320102074821653,10.08643927003558,10.24221420288086,2629229
4343,2008-05-12,9.969607731888264,10.08643913269043,9.930664201966309,10.08643913269043,1549367
4344,2008-05-09,10.164327245563676,10.183798605470082,10.008552311130854,10.04749584197998,2315862
4345,2008-05-08,10.14485544979712,10.164327621459961,9.89172046232559,10.164327621459961,5659177
4346,2008-05-07,10.320104598999023,10.573239636443255,10.281161059021645,10.320104598999023,4868661
4347,2008-05-06,10.242214106144896,10.320101977350053,10.203270576060468,10.281158447265625,3247230
4348,2008-05-05,10.436934869515806,10.534294114152422,10.203272033558797,10.339574813842773,4177505
4349,2008-05-02,10.534292798652523,10.592708500346948,10.378517864479495,10.417461395263672,3007017972
4350,2008-04-30,10.514820821248192,10.592708695286246,10.397990226745605,10.397990226745605,4577131
4351,2008-04-29,10.90425962027201,11.098978093096031,10.397990455478666,10.51482105255127,9089841
4352,2008-04-28,10.845842126230313,10.943201346574252,10.826369957747039,10.884785652160645,2291841
4353,2008-04-25,10.982147143900582,11.098978556891595,10.806900024414062,10.806900024414062,3877240
4354,2008-04-24,11.098977282801645,11.118449453076998,10.865314483642578,10.865314483642578,5816406
4355,2008-04-23,11.11844949824485,11.332640127998697,10.98214592783624,11.060033798217773,6296831
4356,2008-04-22,11.196338189164488,11.332641779435791,11.09897894527722,11.118451118469238,3955855
4357,2008-04-21,11.13792123566678,11.371584043707337,11.060034173677476,11.176865577697754,8180311783
4358,2008-04-18,11.137920617762385,11.176864957632821,10.943202162555302,11.098977088928223,4868661
4359,2008-04-17,11.176865198271926,11.352112298353154,11.060033798217773,11.060033798217773,10077986
4360,2008-04-16,11.137922662309697,11.15739483581935,10.7484848693716,10.904260635375977,7253311
4361,2008-04-15,11.293695914079978,11.352111610567848,11.001617431640625,11.001617431640625,12892835
4362,2008-04-14,10.631651517059158,10.982144872504584,10.51481931719573,10.884785652160645,6421304
4363,2008-04-11,10.592708251963384,10.80689888280838,10.573236892546028,10.6705961227417,16484005
4364,2008-04-10,9.989079217970568,10.631651878356934,9.989079217970568,10.631651878356934,15357192
4365,2008-04-09,10.066967737125713,10.105912081081746,9.9501371383667,9.9501371383667,2643424
4366,2008-04-08,10.281158453686931,10.300629813223155,10.047495650961823,10.066967010498047,2782092
4367,2008-04-07,10.417460289030165,10.417460289030165,10.164326149258931,10.261685371398926,2037434835
4368,2008-04-03,10.417461208079272,10.417461208079272,10.242214106144896,10.281158447265625,3121664
4369,2008-04-02,10.32010235270755,10.436933758246466,10.203270947168633,10.397990226745605,5448445
4370,2008-04-01,10.164327003570639,10.320101934294762,10.08643913269043,10.08643913269043,3432848
4371,2008-03-31,10.08643884684764,10.300629471902829,10.066966676920341,10.144854545593262,2558258
4372,2008-03-28,10.164326715520561,10.203270244338883,10.047495318029316,10.144854545593262,2797378
4373,2008-03-27,10.086439745844949,10.164327621459961,9.93066480565127,10.164327621459961,2441427
4374,2008-03-26,10.203270533492596,10.320101934294762,10.08643913269043,10.08643913269043,4592417
4375,2008-03-25,10.125383473648684,10.300629763815634,10.066966962211303,10.08643913269043,3849943
4376,2008-03-24,10.475876865018883,10.475876865018883,10.047495602768473,10.08643913269043,5473558
4377,2008-03-21,9.852777481079102,9.891721015546455,9.658058997705941,9.852777481079102,3064887
4378,2008-03-20,9.560698537677395,9.833305700444418,9.502283643983157,9.755417823791504,2260176
4379,2008-03-19,9.521755926313682,9.61911517327426,9.463340215930048,9.560699462890625,1522070
4380,2008-03-18,9.424396761096855,9.424396761096855,9.229678265486783,9.385453224182129,2261268
4381,2008-03-17,9.560699651756416,9.560699651756416,9.346508979797363,9.346508979797363,2921851
4382,2008-03-14,9.735946655273438,9.891721613597358,9.619115233771387,9.735946655273438,2179378
4383,2008-03-13,9.969609498277539,9.969609498277539,9.735946655273438,9.735946655273438,4386053
4384,2008-03-12,10.242214603471709,10.242214603471709,9.969608257571283,9.989080429077148,3288721
4385,2008-03-11,9.852776565661715,10.086439372829107,9.774889503963461,10.04749584197998,1841989
4386,2008-03-10,9.794361773859876,10.008553241021302,9.794361773859876,9.852777481079102,2565901
4387,2008-03-07,10.008552072846518,10.24221406341455,9.930664201966309,10.08643913269043,3202463
4388,2008-03-06,10.125383611524132,10.320102074821653,10.008552209131095,10.24221420288086,6879891
4389,2008-03-05,10.12538492246311,10.12538492246311,9.852777740893888,10.008553504943848,3828106
4390,2008-03-04,9.735945754419284,10.125384330749512,9.658058687982331,10.125384330749512,3525657
4391,2008-03-03,9.54122676212032,9.69700169761966,9.424395357736735,9.658058166503906,2801745
4392,2008-02-29,10.125383923005252,10.125383923005252,9.813833236694336,9.813833236694336,5933237
4393,2008-02-27,10.086438564277861,10.222742127877883,10.008551508823206,10.203269958496094,6781622
4394,2008-02-26,10.125384303821585,10.125384303821585,9.911192844098679,9.930665016174316,3720010
4395,2008-02-25,9.813833704774176,9.93066511633361,9.77489017126649,9.89172077178955,4346746
4396,2008-02-22,9.677531049416727,9.774890289885594,9.638586704400074,9.697002410888672,3304007
4397,2008-02-21,9.735946257925205,9.969609091392943,9.735946257925205,9.833306312561035,5600216
4398,2008-02-20,9.774890587623087,9.9501377124268,9.619114824884402,9.63858699798584,5715954
4399,2008-02-19,9.697002532173295,9.891721015546455,9.463339703296388,9.852777481079102,5722505
4400,2008-02-18,9.54122768641616,9.65805910211766,9.443867632640643,9.463339805603027,2727498
4401,2008-02-15,9.424396270714661,9.638586929155275,9.249149147162413,9.463339805603027,6510838
4402,2008-02-14,9.151789836602822,9.288092613220215,8.996014076130951,9.288092613220215,2786459
4403,2008-02-13,8.64552010777079,8.762352337374635,8.450801617516033,8.684464454650879,2941505
4404,2008-02-12,8.859712866418766,8.859712866418766,8.509218559924161,8.626049995422363,6283728
4405,2008-02-01,9.112845420837402,9.19073330047394,8.99601400690079,9.112845420837402,2374823
4406,2008-01-31,9.151791225659169,9.19073476616978,8.859712644238298,9.03495979309082,1952268
4407,2008-01-30,9.268621592030332,9.385453832418863,9.07390308380127,9.07390308380127,4986583
4408,2008-01-29,9.424397575535957,9.424397575535957,8.996015388308201,9.054431915283203,3001558
4409,2008-01-28,9.112846884472871,9.132319060268573,8.820768302719923,8.840240478515625,3035406
4410,2008-01-25,8.567632696490806,9.112845420837402,8.567632696490806,9.112845420837402,4877396
4411,2008-01-24,8.450801502794043,8.645519990405443,8.217138668831234,8.52868938446045,5277021
4412,2008-01-23,8.840238881931482,8.937598121253473,8.178194756883752,8.217138290405273,6242237
4413,2008-01-22,8.801294374714567,9.03495717206611,8.781822204589844,8.781822204589844,4579314951
4414,2008-01-21,9.22967802436936,9.502284397723718,9.22967802436936,9.424396514892578,3579159
4415,2008-01-18,8.957070948026754,9.63858729515192,8.957070948026754,9.580171585083008,4336919
4416,2008-01-17,9.385453328180066,9.521756114410165,9.229678367758616,9.346508979797363,3433940
4417,2008-01-16,9.365980019680643,9.443867084940287,9.190732906291911,9.210205078125,3497268
4418,2008-01-15,9.619115121450138,9.833306599060437,9.541228048715876,9.580171585083008,3771329
4419,2008-01-14,9.73594617189439,9.77489051781916,9.424396270714661,9.463339805603027,3783339
4420,2008-01-11,9.735943872846995,9.77488820957544,9.48280973929315,9.54122543334961,2778816
4421,2008-01-10,9.813831735267676,9.813831735267676,9.54122543334961,9.54122543334961,2725314
4422,2008-01-09,9.151787743318627,9.580168959041846,9.093371238225957,9.54122543334961,4518170
4423,2008-01-08,9.502284449529022,9.658059405004146,9.229678074688445,9.404924392700195,8498046
4424,2008-01-07,9.969609498277539,10.20327234128164,9.735946655273438,9.735946655273438,7910619
4425,2008-01-04,10.514821488764253,10.865315727631552,10.456406593322754,10.456406593322754,7422551
4426,2008-01-03,10.20326983442061,10.670595405610692,10.047494914369329,10.631651878356934,8799403
4427,2008-01-02,10.631655351927577,10.709542431882335,10.320104598999023,10.320104598999023,6086099
4428,2007-12-31,9.852776850608766,9.989080429077148,9.67753055120133,9.989080429077148,3012477
4429,2007-12-28,9.9696077734813,10.281158447265625,9.774889312022859,10.281158447265625,5971452
4430,2007-12-27,9.989081434023937,10.281159980814651,9.930665724665793,9.969609260559082,5675555
4431,2007-12-26,9.852776850608766,9.989080429077148,9.67753055120133,9.989080429077148,3012477337
4432,2007-12-25,9.735946714339976,9.969609558761675,9.619115292129127,9.91119384765625,4544375
4433,2007-12-24,9.735946655273438,9.833306713882774,9.580171696949517,9.735946655273438,3973325
4434,2007-12-21,9.619114653404456,9.65805899891307,9.346508290026124,9.502284049987793,5917951
4435,2007-12-20,9.385453328180066,9.813834672098167,9.249149730913514,9.346508979797363,9699106
4436,2007-12-19,8.918127006931412,9.288092613220215,8.840239126695476,9.288092613220215,5814223
4437,2007-12-18,8.84023940906197,9.054430883793193,8.567633036083455,8.684464454650879,10753856213
4438,2007-12-17,9.541227133069373,9.697002074625017,9.210205078125,9.210205078125,9060361
4439,2007-12-14,10.12538440594479,10.12538440594479,9.482811642367906,9.89172077178955,21257673
4440,2007-12-13,10.943203951820427,11.021091833260058,10.183799743652344,10.183799743652344,10342220
4441,2007-12-12,10.904262291537352,11.060037270164724,10.826374396705392,10.943205833435059,4680859
4442,2007-12-11,11.293696981718032,11.371584043707337,11.13792123566678,11.176865577697754,2671812991
4443,2007-12-10,11.293697700062262,11.332641233533948,11.157394116356805,11.21580982208252,2225236
4444,2007-12-07,11.313170628441302,11.449474231028269,11.274227089574948,11.293699264526367,4832629
4445,2007-12-06,11.429999795733464,11.605246902530736,11.157393455505371,11.157393455505371,8170484
4446,2007-12-05,11.410529111513691,11.449472644985377,11.21580982208252,11.21580982208252,5511774
4447,2007-12-04,11.274226303213283,11.488416968593457,11.235282767063186,11.430001258850098,4382777
4448,2007-12-03,11.137921944102777,11.254754166590578,11.09897841063109,11.21580982208252,3970049
4449,2007-11-30,11.566302928107001,11.64418998745224,11.060033798217773,11.060033798217773,13062075
4450,2007-11-29,11.507888131983586,11.624719541214429,11.33264101813732,11.449472427368164,4389329
4451,2007-11-28,11.215811375757175,11.488417769894625,11.196339200805756,11.293699264526367,9227417
4452,2007-11-27,11.29369635517158,11.371583412839904,10.767955066247163,11.098977088928223,9326778
4453,2007-11-26,11.527360672870026,11.585775568319011,11.410529259899292,11.566304206848145,3544219440
4454,2007-11-23,11.95574295862952,11.994686495796188,11.371585845947266,11.371585845947266,5320696
4455,2007-11-22,11.31316694243055,11.877852532709756,11.31316694243055,11.838908195495605,6884258
4456,2007-11-21,12.033628420754807,12.247819048594002,11.46894359588623,11.46894359588623,6879891
4457,2007-11-20,11.371585399059192,12.03363037109375,11.332641863422953,12.03363037109375,4046480
4458,2007-11-19,12.033630236235615,12.033630236235615,11.683135986328125,11.683135986328125,3476523
4459,2007-11-16,11.702608519296627,11.916799186036453,11.56630492535141,11.799967765808105,3863046
4460,2007-11-15,11.916796212327307,12.072571130080993,11.838908347932348,11.994683265686035,2708936
4461,2007-11-14,11.916798953148618,12.247821033647687,11.74155182623092,12.03363037109375,7695520
4462,2007-11-13,11.254752781298123,11.488414764404297,11.137920573190627,11.488414764404297,7840739
4463,2007-11-12,11.098978311893594,11.488416076255092,11.098978311893594,11.254754066467285,9120414
4464,2007-11-09,12.111515677529749,12.267290608412285,11.274224511620272,11.605246543884277,13552326
4465,2007-11-08,12.345179778954396,12.46201119217427,12.111516952514648,12.111516952514648,15460920295
4466,2007-11-07,13.786096408468199,13.80556776452426,13.007220268249512,13.007220268249512,14171418
4467,2007-11-06,13.240888242855156,13.70821475982666,13.007225389887642,13.70821475982666,17665411
4468,2007-11-05,13.04616820764586,13.338245928525705,12.773561848202842,13.240886688232422,9961156
4469,2007-11-02,13.201944240498609,13.45507925933122,13.04616928100586,13.04616928100586,11257209
4470,2007-11-01,13.630325202347825,13.708213896480183,13.085112453785568,13.474550247192383,21168139
4471,2007-10-31,13.201941631653812,13.786098628111516,13.182469461426459,13.35771656036377,21766486
4472,2007-10-30,13.552436713899594,13.708212463811066,13.06563891473984,13.182470321655273,19640609
4473,2007-10-29,12.890394924546909,13.494024276733398,12.793035665563233,13.494024276733398,46691760
4474,2007-10-26,12.0531032239565,12.61778736114502,12.0531032239565,12.61778736114502,29234896
4475,2007-10-25,11.56630492535141,11.799967765808105,11.56630492535141,11.799967765808105,6597096075
4476,2007-10-24,11.877853295332557,11.877853295332557,11.488414764404297,11.488414764404297,6138509
4477,2007-10-23,11.566304569692296,11.76102305672774,11.546832396574189,11.683135986328125,8072216
4478,2007-10-22,11.29369630997644,11.644189690153837,11.137920573190627,11.488414764404297,10483071
4479,2007-10-19,12.092043208574779,12.130987548611412,11.877853393554688,11.877853393554688,6803460
4480,2007-10-18,11.877854049794088,12.150460389930354,11.858381878699953,12.09204387664795,15791757
4481,2007-10-17,11.566303802097677,11.838910152477698,11.39105668877416,11.819437980651855,7527371
4482,2007-10-16,11.176863895796487,11.585772937298257,11.098976034491475,11.527358055114746,13087188
4483,2007-10-15,11.683134864129704,11.702607035377454,11.332640647888184,11.332640647888184,9049442613
4484,2007-10-12,12.072572097400586,12.092043456782305,11.507887265641177,11.62471866607666,11446103
4485,2007-10-11,11.683135547893489,12.267291798114517,11.683135547893489,12.150461196899414,11936354
4486,2007-10-09,11.76102108722506,11.858381125475262,11.29369630997644,11.488414764404297,10383711
4487,2007-10-08,12.228348214862713,12.228348214862713,11.761022567749023,11.761022567749023,9560439
4488,2007-10-05,12.500952826714334,12.500952826714334,12.033627275164136,12.07257080078125,11665570
4489,2007-10-04,12.07257254033159,12.500954627990723,11.683134794937311,12.500954627990723,17941655
4490,2007-10-03,12.715143530540978,12.773560039689846,12.208875228280109,12.267290115356445,12152545
4491,2007-10-02,12.890391260387325,12.948807772416185,12.715144157409668,12.715144157409668,6056618
4492,2007-10-01,12.85144930801856,13.026696432513694,12.73461789168847,12.793033599853516,10424110
4493,2007-09-28,13.143527546871063,13.299302494720115,12.851449012756348,12.851449012756348,10506001
4494,2007-09-27,12.851445984781389,13.104580925050913,12.851445984781389,13.085108757019043,6055527
4495,2007-09-26,13.0072239606054,13.0072239606054,12.73461759911046,12.851449012756348,5073933
4496,2007-09-21,12.267293328087263,12.773563385009766,12.189406250896475,12.773563385009766,5200590
4497,2007-09-20,12.384123313015559,12.617786139455307,12.072573418453485,12.111516952514648,8467474
4498,2007-09-19,13.046165429498759,13.046165429498759,12.07257080078125,12.07257080078125,11035559
4499,2007-09-18,13.370074272155762,13.370074272155762,13.370074272155762,13.370074272155762,0
4500,2007-09-17,12.968279082682647,13.065638313620793,12.73461627960205,12.73461627960205,4915611
4501,2007-09-14,13.085110526387501,13.104582697052399,12.851447722553967,12.929335594177246,6598187
4502,2007-09-13,13.026695116970965,13.201942223768206,12.851448010173725,12.870920181274414,7554668
4503,2007-09-12,13.201945934487895,13.357720913968695,12.890395164489746,12.890395164489746,8469658
4504,2007-09-11,13.240887777612684,13.377191374066621,12.948810032702447,13.04616928100586,12219149
4505,2007-09-10,13.357717332400544,13.610852315841436,12.890391708224334,13.221414566040039,13363432450
4506,2007-09-07,14.136594630179962,14.370257458584444,13.727684680472121,13.786100387573242,25364207
4507,2007-09-06,13.630325973757891,14.214483102446776,13.610854610159244,14.078180313110352,17931828
4508,2007-09-05,14.000286521963412,14.31183795865256,13.552433967590332,13.552433967590332,17087810
4509,2007-09-04,14.117123291345163,14.214483355215593,13.727686280009376,13.844517707824707,16854150
4510,2007-09-03,13.318776282655723,14.136596277363031,13.318776282655723,13.844517707824707,28137564689
4511,2007-08-31,13.357720679819092,13.552440009034239,13.279833596962265,13.299304962158203,14885503
4512,2007-08-30,13.941876250656248,13.941876250656248,13.240888489720831,13.27983283996582,14469499
4513,2007-08-29,13.43560457090192,13.630323031068913,13.357716700213343,13.5134916305542,9160813
4514,2007-08-28,13.046166203526852,13.825040817260742,13.046166203526852,13.825040817260742,22664005
4515,2007-08-27,13.82504224865382,13.82504224865382,13.085111086237859,13.182470321655273,15190135
4516,2007-08-24,13.630327224731445,13.941877181268183,13.552440141115534,13.630327224731445,20760871
4517,2007-08-23,14.214484253078377,14.545507193488646,13.494024276733398,13.494024276733398,40246435
4518,2007-08-22,14.136596277363031,14.214483355215593,13.435607710471052,13.844517707824707,20803454
4519,2007-08-21,14.175536739032701,14.603919653919341,13.825042511619657,14.05870532989502,46304146
4520,2007-08-20,14.039234161376953,14.039234161376953,13.708212912334227,14.039234161376953,22672740
4521,2007-08-17,13.163002267591084,13.357721610371154,12.462014417863333,13.124058723449707,47480093
4522,2007-08-16,12.306234973758883,13.162997500826153,12.306234973758883,12.539896965026855,50140987
4523,2007-08-15,13.396661114166728,13.610851745933545,12.462009904949632,12.539896965026855,28452024
4524,2007-08-14,13.046168466834418,13.70821342267619,12.851449171342981,13.396662712097168,46741987
4525,2007-08-13,12.384123358172804,12.909864719579291,12.267291944526919,12.851449012756348,40462626
4526,2007-08-10,11.429998167399727,12.07257080078125,11.429998167399727,12.07257080078125,41621103
4527,2007-08-09,11.254753152157642,11.605246543884277,11.254753152157642,11.605246543884277,23765705
4528,2007-08-08,10.783609759791972,11.162298081374528,10.711478082355926,10.963937759399414,13912223
4529,2007-08-07,11.288530425407385,11.288530425407385,10.639349937438965,10.639349937438965,11784254
4530,2007-08-06,10.9278718923854,11.252461642225969,10.801641660793603,11.018035888671875,11899967
4531,2007-08-03,11.540989542884333,11.955743389425892,11.252464366518486,11.360661506652832,34724438
4532,2007-08-02,10.98197292192283,11.180334091186523,10.188530632834027,11.180334091186523,26033204
4533,2007-08-01,11.000004686549302,11.631152770462126,10.459020614624023,10.459020614624023,23720092
4534,2007-07-31,11.414757785165511,11.50492179146794,10.92787310631861,11.090167999267578,18333633
4535,2007-07-30,11.793446758191191,11.973774768168525,11.180331842663659,11.216397285461426,24044090
4536,2007-07-27,11.000006209283573,11.811482429504395,10.963940758693713,11.811482429504395,46070138
4537,2007-07-26,10.96393873215489,11.577053666822314,10.96393873215489,11.054101943969727,36818851
4538,2007-07-25,10.567216558783988,10.81967544555664,10.459019438173726,10.81967544555664,14836774
4539,2007-07-24,11.324594940315432,11.432792077370465,10.639349058928854,10.747546195983887,17907808
4540,2007-07-23,11.14426733444458,11.360661616811537,11.03607098924972,11.126235008239746,17427597
4541,2007-07-20,10.81967544555664,11.0000034492481,10.639347441865183,10.81967544555664,25887405
4542,2007-07-19,10.459019931388431,10.89180684226142,10.459019931388431,10.531150817871094,29502292
4543,2007-07-18,9.918036174328593,10.459019386754905,9.900003055652714,10.38688850402832,42101168
4544,2007-07-17,9.827874278545329,9.900005176725937,9.629513114565702,9.80984115600586,9222359
4545,2007-07-16,9.701643849200071,9.918038132071283,9.68361152295322,9.719676971435547,15693053
4546,2007-07-13,9.99016849960523,10.008201620885037,9.66557788848877,9.66557788848877,14100836
4547,2007-07-12,9.863940783924784,10.026235720204971,9.773776753549408,9.79180908203125,12618547
4548,2007-07-11,9.845907915839728,10.06230143517773,9.77377700805664,9.77377700805664,14650475
4549,2007-07-10,9.972135710964098,10.24262776325247,9.665578210901662,10.062299728393555,44328651
4550,2007-07-09,9.629513021590384,9.863939632396868,9.467217308268069,9.827874183654785,34818166
4551,2007-07-06,9.052463494206105,9.557381370828976,9.034431167748792,9.485250473022461,33394891
4552,2007-07-05,9.088527929915811,9.160659615669683,8.980331595267819,9.07049560546875,10495206
4553,2007-07-04,9.19672577212569,9.304922911133705,9.088528633117676,9.088528633117676,14121665
4554,2007-07-03,9.01639670028996,9.19672471389461,9.01639670028996,9.106560707092285,11989066
4555,2007-07-02,8.890168700841226,8.944267272949219,8.763939229915005,8.944267272949219,5413073
4556,2007-06-29,8.980330714755754,9.12459327613016,8.727871033353427,8.836068153381348,8094153
4557,2007-06-28,8.908201027551462,9.034431294466325,8.890168700841226,8.944267272949219,8621806
4558,2007-06-27,8.836069714634593,8.962299179645125,8.800004266915671,8.872135162353516,9064988
4559,2007-06-26,9.052462479430753,9.052462479430753,8.836069014280147,8.85410213470459,11602584
4560,2007-06-25,9.232791830843983,9.268857280904006,8.998365211470851,9.034431457519531,18929557
4561,2007-06-22,9.377053158048863,9.449184850518806,9.232791365086209,9.304923057556152,10159637
4562,2007-06-21,9.268856813326872,9.449184850518806,9.214759038960185,9.304923057556152,12826832
4563,2007-06-20,9.196726450302124,9.377053701965332,9.14262787680883,9.232791900634766,16803902
4564,2007-06-15,9.16065892779732,9.250822931227852,9.124593485622805,9.14262580871582,10167737
4565,2007-06-14,9.17869265029482,9.340987562818238,9.070496307275409,9.088528633117676,13110329
4566,2007-06-13,9.160659270371383,9.322954164220164,9.03442982004583,9.106560707092285,16593303
4567,2007-06-12,8.962298137010862,9.160659270371383,8.836068686685309,9.106560707092285,13103387
4568,2007-06-11,8.673773536339827,8.908199310302734,8.673773536339827,8.908199310302734,5181646
4569,2007-06-08,8.655742134731339,8.691807584344755,8.583611235504511,8.601643562316895,4018726
4570,2007-06-07,8.691807746887207,8.763939443451594,8.619676846311483,8.691807746887207,4633165
4571,2007-06-06,8.872135794315179,8.944267490879566,8.691807746887207,8.691807746887207,5503329
4572,2007-06-05,9.01639703457041,9.088527924291098,8.85410213470459,8.85410213470459,8163581
4573,2007-06-04,9.088528814290395,9.124595058671089,8.872135327949334,8.962299346923828,8655363
4574,2007-06-01,8.818035482985051,9.034429734041451,8.781970039805154,8.998363494873047,11562084
4575,2007-05-31,8.72787319717507,8.872135794315179,8.655742296599346,8.691807746887207,12719218
4576,2007-05-30,8.547545149747098,8.763939443451594,8.511479699459235,8.691807746887207,6323738
4577,2007-05-29,8.637707785195294,8.655740905435247,8.511478331481241,8.529511451721191,2316582
4578,2007-05-28,8.565579316680836,8.655743351382148,8.54754619134507,8.583612442016602,3101119
4579,2007-05-25,8.547543161275682,8.619674841059599,8.439346835582521,8.49344539642334,3602158
4580,2007-05-24,8.601642340703927,8.601642340703927,8.529511451721191,8.529511451721191,2588509
4581,2007-05-23,8.69180706519583,8.727872512655107,8.547544479370117,8.547544479370117,4847234
4582,2007-05-22,8.54754370182557,8.655740830349632,8.511478257647056,8.637707710266113,3133519
4583,2007-05-21,8.47541358445156,8.583610722817994,8.367217242073727,8.547544479370117,5305460
4584,2007-05-18,8.763938485180896,8.763938485180896,8.439347876104353,8.47541332244873,6211496
4585,2007-05-17,8.69180618170841,8.727871625501779,8.655740737915039,8.655740737915039,2463538
4586,2007-05-16,8.691807488396401,8.80000463203091,8.58361114075053,8.61967658996582,3879870
4587,2007-05-15,8.763939443451594,8.872135794315179,8.655742296599346,8.691807746887207,4695650
4588,2007-05-14,9.124595343970407,9.160660793490141,8.818037033081055,8.818037033081055,5894441
4589,2007-05-11,9.016397737771403,9.268856667471965,9.016397737771403,9.088528633117676,11449842
4590,2007-05-10,9.124594688415527,9.304922719047207,9.052462998569702,9.124594688415527,14093893
4591,2007-05-09,8.836070041194615,9.35902104241752,8.836070041194615,9.05246353149414,20270675
4592,2007-05-08,8.94426675900187,8.96229908467595,8.781971052003582,8.890168190002441,4894677
4593,2007-05-07,8.763939229915005,8.99836504906857,8.709840657807014,8.944267272949219,10090209
4594,2007-05-04,8.601643723173222,8.818037220889055,8.547545149747098,8.691807746887207,7280688
4595,2007-05-03,8.854102499036125,8.872134824214026,8.367216983415599,8.47541332244873,7431115
4596,2007-05-02,8.890167590897674,8.962298480710311,8.70983957037754,8.727871894836426,9419071
4597,2007-04-30,8.872135068339766,8.998364532012703,8.67377470999332,8.890168190002441,14020994
4598,2007-04-27,8.872134470450243,8.99836392561663,8.691806449930107,8.727871894836426,20224390
4599,2007-04-26,8.403282083978935,8.85410213470459,8.331151194258247,8.85410213470459,21172083
4600,2007-04-25,8.313117367454986,8.403281369938739,8.27705192565918,8.27705192565918,2568837
4601,2007-04-24,8.313119029479887,8.421316172487414,8.27705358047359,8.295085906982422,2590823
4602,2007-04-23,8.529510814218296,8.529510814218296,8.27705192565918,8.27705192565918,3430902
4603,2007-04-20,8.222954821736353,8.349184288378515,8.222954821736353,8.331151962280273,1938199
4604,2007-04-19,8.31311683946963,8.421313953973673,8.222952842712402,8.222952842712402,3356846
4605,2007-04-18,8.222953121515165,8.421314239501953,8.204920003156928,8.421314239501953,3296675
4606,2007-04-17,8.51148021612497,8.547545668602083,8.186890347842224,8.204922676086426,4279082
4607,2007-04-16,8.619674561500291,8.763937120400824,8.421314239501953,8.421314239501953,8640320
4608,2007-04-13,8.367215680415697,8.529510561686015,8.349182562057461,8.421314239501953,8427407
4609,2007-04-12,8.313118840193415,8.367217410465374,8.240987943823212,8.331151962280273,2951849
4610,2007-04-11,8.295086763945202,8.367218465398334,8.295086763945202,8.313119888305664,3322132
4611,2007-04-10,8.240985960459218,8.295083721722815,8.132788845955174,8.222952842712402,2595451
4612,2007-04-09,8.331151794349589,8.36721724180772,8.240987777709961,8.240987777709961,2893992
4613,2007-04-04,8.439346275732063,8.45737939347888,8.222952842712402,8.222952842712402,7022647
4614,2007-04-03,8.15082392536615,8.475413755020679,8.15082392536615,8.331151962280273,11341071
4615,2007-04-02,8.33115181510694,8.40328271020292,8.114757537841797,8.114757537841797,6453337
4616,2007-03-30,8.06066009044717,8.475413948002544,8.06066009044717,8.295085906982422,12097837
4617,2007-03-29,8.006559371948242,8.060657928945233,7.916395375616066,8.006559371948242,6932390
4618,2007-03-28,7.934429338291547,8.024593353271484,7.898363891497289,8.024593353271484,5082133
4619,2007-03-27,8.222954328865473,8.222954328865473,7.862298276654381,7.934429168701172,13802296
4620,2007-03-26,8.36721724180772,8.547544479098379,8.20492153426323,8.240987777709961,13916852
4621,2007-03-23,8.493446525317676,8.565577418700292,8.222954481149996,8.367217063903809,6019411
4622,2007-03-22,8.547544215137483,8.65574135015919,8.457380997270828,8.47541332244873,6293652
4623,2007-03-21,8.45738038701615,8.511478154634922,8.349183259801565,8.439347267150879,3972441
4624,2007-03-20,8.583608675459134,8.691804992030026,8.34918212890625,8.34918212890625,6385066
4625,2007-03-19,8.583612539909101,8.872136976650545,8.47541537863808,8.565579414367676,14465333
4626,2007-03-16,8.421315045195039,8.763937958873697,8.295084796587455,8.637707710266113,22495844
4627,2007-03-15,8.006562289467938,8.240988924552251,7.934430588524998,8.204922676086426,7906697
4628,2007-03-14,7.77213386903612,7.934428765896509,7.77213386903612,7.826232433319092,5838898
4629,2007-03-13,8.222953524455928,8.367216090425607,8.132789520223438,8.150822639465332,7588485
4630,2007-03-12,7.934429412289475,8.132790565490723,7.862298518028253,8.132790565490723,5818070
4631,2007-03-09,7.75410232261459,8.042627526686644,7.681971419590921,7.916398048400879,11463727
4632,2007-03-08,7.609838756300419,7.736068205387468,7.591805636721481,7.68196964263916,8842819
4633,2007-03-07,7.862298852884368,7.934429750217652,7.573774467562606,7.609839916229248,7411444
4634,2007-03-06,7.754101753234863,7.934429793541329,7.573774508917029,7.754101753234863,4968734
4635,2007-03-05,8.33115269807164,8.33115269807164,7.86229944229126,7.86229944229126,7930997
4636,2007-03-02,8.709839385926193,8.818035718353835,8.673773941783645,8.763937950134277,2115241
4637,2007-03-01,8.65574125395226,8.836069279658407,8.65574125395226,8.709839820861816,4267510
4638,2007-02-27,8.87213583211585,9.016398429870605,8.709840907134664,9.016398429870605,3585958
4639,2007-02-26,8.980331589710065,9.01639703457041,8.836069014280147,8.85410213470459,3110376
4640,2007-02-14,8.818035893855704,8.872134459140492,8.76393812455946,8.85410213470459,2663722
4641,2007-02-13,8.286638434900425,8.405748564300707,8.252603557978137,8.320670127868652,2316483045
4642,2007-02-12,8.72787146144148,8.890167149443704,8.691806018326043,8.781970024108887,1445260
4643,2007-02-09,8.96229908467595,8.980332206338625,8.890168190002441,8.890168190002441,2212440
4644,2007-02-08,9.016396865080825,9.10656087353106,8.944265976716048,8.980331420898438,2483209
4645,2007-02-07,9.124595577183838,9.250825051723501,9.016398429870605,9.016398429870605,4185354
4646,2007-02-06,9.124594876779417,9.142627202621684,8.980332290098266,9.088528633117676,2553795
4647,2007-02-05,9.19672577212569,9.268856667471965,8.980332290098266,9.088528633117676,5776413
4648,2007-02-02,9.016397551641084,9.124594688415527,8.944266657783846,9.124594688415527,4329995
4649,2007-02-01,8.836069714634593,8.926233731926203,8.800004266915671,8.872135162353516,3023591
4650,2007-01-31,8.944266156251423,9.01639704606406,8.60164243967004,8.727871894836426,5420016
4651,2007-01-30,9.106562193284553,9.106562193284553,8.944267272949219,8.944267272949219,4436452
4652,2007-01-29,9.449183614545715,9.449183614545715,9.106560707092285,9.106560707092285,3481816
4653,2007-01-26,9.304922213181637,9.413118548085357,9.286889092703412,9.377052307128906,4351981
4654,2007-01-25,9.557381195240797,9.557381195240797,9.304923057556152,9.304923057556152,5104118
4655,2007-01-24,9.377052307128906,9.52131488298908,9.304922213181637,9.377052307128906,8428565
4656,2007-01-23,9.232791900634766,9.413119948286637,9.214759573462777,9.232791900634766,6177939
4657,2007-01-22,9.395086825125984,9.503283972112573,9.214759573462777,9.232791900634766,4686393
4658,2007-01-19,9.52131488298908,9.827873155187651,9.304922213181637,9.377052307128906,32147500
4659,2007-01-18,8.712032237508131,8.933237466746744,8.609937944930321,8.916221618652344,19565641070
4660,2007-01-17,9.016397737771403,9.19672577212569,8.94426684242513,9.088528633117676,9371629
4661,2007-01-16,9.232791830843983,9.322955853988368,9.016398334495191,9.034431457519531,7905540
4662,2007-01-15,9.34098569991016,9.413117376859544,9.196723937988281,9.196723937988281,13009659
4663,2007-01-12,9.16065849750781,9.413117376859544,9.124593057027342,9.196723937988281,12120980
4664,2007-01-11,9.232791572741851,9.395086491469335,8.87213549024643,9.05246353149414,15654867
4665,2007-01-10,9.268855254320869,9.413117819007416,9.106560366541304,9.14262580871582,10262622
4666,2007-01-09,9.2688570022583,9.413119594150142,9.142627532848676,9.2688570022583,12041137
4667,2007-01-08,9.160660135344145,9.449184506761682,9.052462998569702,9.124594688415527,13914538
4668,2007-01-05,8.836070041194615,9.124595225586406,8.836070041194615,9.05246353149414,11052945
4669,2007-01-04,8.655740150660456,9.016396156102239,8.655740150660456,8.836068153381348,13462098
4670,2007-01-03,9.124593895194401,9.196724782781141,8.637707618024095,8.655740737915039,13943466
4671,2007-01-02,9.304922719047207,9.322955044517222,9.124594688415527,9.124594688415527,7109432
4672,2006-12-29,9.016397392874794,9.340987205505371,9.016397392874794,9.340987205505371,8978203
4673,2006-12-28,9.088528980545956,9.17869300116981,9.016398082442326,9.05246353149414,5792613
4674,2006-12-27,9.268856667471965,9.304922911133705,9.088528633117676,9.088528633117676,8170524
4675,2006-12-26,9.304923597288711,9.431152275458626,9.196726450302124,9.232791900634766,10900203
4676,2006-12-25,9.3409877098082,9.593447439470077,9.25082448720085,9.304923057556152,14544019
4677,2006-12-22,9.214759478323414,9.304923501218436,9.016398309558904,9.250824928283691,10446607
4678,2006-12-21,9.557381390053353,9.665578532969391,9.196726104306697,9.2688570022583,9865725
4679,2006-12-20,9.701644839235131,9.845907443874799,9.485251330269982,9.503284454345703,14262835
4680,2006-12-19,9.413118966502957,9.791807349481676,9.23279093765921,9.66557788848877,39277761
4681,2006-12-18,9.01639706146129,9.449183993053266,9.01639706146129,9.377052307128906,20584259
4682,2006-12-15,9.377053631084074,9.377053631084074,9.016398334495191,9.034431457519531,8473693
4683,2006-12-14,8.916221261987683,8.967264824286099,8.575906701678635,8.62695026397705,17602331565
4684,2006-12-13,8.944267409638348,9.250824928283691,8.854103386743327,9.250824928283691,17048057
4685,2006-12-12,9.070496222674809,9.160660239010992,8.836069621003011,8.890168190002441,9717612
4686,2006-12-11,8.908199151685968,9.268855161808387,8.908199151685968,9.160658836364746,16371133
4687,2006-12-08,8.836069714634593,9.052463196936733,8.655741680051378,8.872135162353516,11486870
4688,2006-12-07,9.08852703879521,9.08852703879521,8.781969593367387,8.836068153381348,8057125
4689,2006-12-06,8.655740999346754,9.160659615669683,8.601642434028488,9.07049560546875,19159827
4690,2006-12-05,9.08853039955294,9.08853039955294,8.529513861998062,8.583612442016602,16170949
4691,2006-12-04,9.232791403847308,9.304923096620076,8.890168450139681,8.962299346923828,17709938
4692,2006-12-01,9.377053701965332,9.48525084895192,9.178693327141472,9.232791900634766,25710363
4693,2006-11-30,9.178691961811145,9.52131488298908,8.92623305104725,9.377052307128906,41541115
4694,2006-11-29,8.72787238423496,9.124594688415527,8.72787238423496,9.124594688415527,39670029
4695,2006-11-28,8.547543775972608,8.691806349926614,8.439347442498505,8.529511451721191,20024206
4696,2006-11-27,8.385249215393037,8.836069279658407,8.186888864709415,8.709839820861816,45093517
4697,2006-11-24,8.22295329942246,8.475412185969116,8.078690737400741,8.385248184204102,32936666
4698,2006-11-23,7.934431759219449,8.295087929181431,7.934431759219449,8.186891555786133,55996035
4699,2006-11-22,7.357381019746996,7.754101753234863,7.357381019746996,7.754101753234863,34461769
4700,2006-11-21,7.1409869852451395,7.35738127799949,7.1409869852451395,7.2491841316223145,15747438
4701,2006-11-20,7.032790788401933,7.140987141152676,6.852462737828686,7.068856239318848,10798375
4702,2006-11-17,7.140986490238342,7.195085059676866,6.978691577911377,6.978691577911377,25638621
4703,2006-11-16,6.600002697003485,6.996724605560303,6.600002697003485,6.996724605560303,30348157
4704,2006-11-15,6.636069137159294,6.690167710720474,6.491806539659035,6.545905113220215,4113611
4705,2006-11-14,6.4016425157199555,6.600003288787064,6.4016425157199555,6.545905113220215,8114981
4706,2006-11-13,6.401640754020988,6.4918047531473935,6.329509873115242,6.365575313568115,2921763
4707,2006-11-10,6.383609771728516,6.455741070266187,6.383609771728516,6.383609771728516,2307325
4708,2006-11-09,6.491806520537858,6.581970544211365,6.347544719451176,6.383609771728516,5774099
4709,2006-11-08,6.455741678691416,6.509839859197437,6.419675827026367,6.419675827026367,2435767
4710,2006-11-07,6.455740146719926,6.49180559183214,6.40164158105733,6.437707424163818,3110376
4711,2006-11-06,6.293446443449552,6.473774101323716,6.2754137174615705,6.401642799377441,5452416
4712,2006-11-03,6.4918058956009075,6.618035755388835,6.4918058956009075,6.563937187194824,6155953
4713,2006-11-02,6.419674737183157,6.509838754047433,6.383609289635167,6.4918060302734375,3575544
4714,2006-11-01,6.4377089518560755,6.527872984027145,6.419675827026367,6.419675827026367,6980990
4715,2006-10-31,6.58196960260695,6.636068168269546,6.40164158105733,6.437707424163818,5202475
4716,2006-10-30,6.563936064018008,6.708199020514822,6.509837505080981,6.581968784332275,12884688
4717,2006-10-27,6.203281034701462,6.690166517970868,6.203281034701462,6.509838104248047,25806405
4718,2006-10-26,5.8533936648622795,5.938468510443858,5.819361975455099,5.904440402984619,6737300163
4719,2006-10-25,6.149183954804185,6.203282531776388,6.09508577582634,6.1852498054504395,3047891
4720,2006-10-24,6.1131178246605185,6.167216395637198,6.077052376005608,6.14918327331543,3155504
4721,2006-10-23,6.040987491607666,6.131151525601223,5.986889310008158,6.040987491607666,2831507
4722,2006-10-20,6.004922037207995,6.059020218807502,6.004922037207995,6.040987491607666,2112926
4723,2006-10-19,5.986889661724911,6.077053701015409,5.950823807212072,6.004922389984131,3346431
4724,2006-10-18,6.167217198457405,6.167217198457405,6.04098731574456,6.059020042419434,3108062
4725,2006-10-17,6.203282531776388,6.293446561400486,6.167217079124491,6.1852498054504395,5092547
4726,2006-10-16,6.167215956501018,6.257379969712486,6.167215956501018,6.203281402587891,4415623
4727,2006-10-13,6.239347160460885,6.275413006344288,6.113117694854736,6.113117694854736,4987248
4728,2006-10-12,6.095085144042969,6.20328188877793,6.077052419586194,6.095085144042969,5488287
4729,2006-10-11,5.91475680839157,6.113117563508239,5.842625516168883,6.077052116394043,6496151
4730,2006-10-09,6.190942764282227,6.190942764282227,6.190942764282227,6.190942764282227,0
4731,2006-10-05,5.581145755483565,5.632193297185396,5.5641303062438965,5.5641303062438965,2983590552
4732,2006-10-04,5.986887366837442,6.004920088184377,5.878690242767334,5.878690242767334,2108298
4733,2006-10-03,6.004920441746186,6.004920441746186,5.9327891541172,5.950821876525879,2140698
4734,2006-10-02,5.950823807212072,6.04098784650257,5.950823807212072,6.004922389984131,2307325
4735,2006-09-29,6.022953164154864,6.0950844517838485,5.950821876525879,5.950821876525879,4027983
4736,2006-09-28,6.059018957174405,6.167216093832934,5.986888063394443,6.022953510284424,11028645
4737,2006-09-27,6.095086071201551,6.113118798401387,6.022954764407831,6.040987491607666,3885656
4738,2006-09-26,5.950822218510169,6.077052078613689,5.932789495065178,6.022953510284424,7029589
4739,2006-09-25,5.878690929998056,5.914756774902344,5.842625483088062,5.914756774902344,1616516
4740,2006-09-22,5.806559600781905,5.860658168792725,5.806559600781905,5.860658168792725,1118948
4741,2006-09-21,5.914757183717178,5.932789908418557,5.788527314818885,5.806560039520264,2105984
4742,2006-09-20,5.806559600781905,5.878690892131567,5.806559600781905,5.860658168792725,1998370
4743,2006-09-19,5.842625313262878,5.878690759124573,5.788526746476054,5.824592590332031,2682236
4744,2006-09-18,5.716395288357934,5.878690585943034,5.698362565958317,5.842625141143799,3883342
4745,2006-09-15,5.590167074500674,5.644265651702881,5.554101621695442,5.644265651702881,1680158
4746,2006-09-14,5.698363801443818,5.788527830985007,5.518035742361438,5.590167045593262,4977991
4747,2006-09-13,5.77049477775954,5.788527503047297,5.644265302750901,5.680330753326416,1876871
4748,2006-09-12,5.806560536437257,5.806560536437257,5.698363780975342,5.698363780975342,1987956
4749,2006-09-11,5.770494590117506,5.860658611618721,5.7524618654161275,5.806560039520264,3411231
4750,2006-09-08,5.752461128151934,5.806559295322578,5.698362562987019,5.734428405761719,1815543
4751,2006-09-07,5.698362562987019,5.770493850542149,5.698362562987019,5.734428405761719,1586430
4752,2006-09-06,5.896723664655629,5.896723664655629,5.770493812762027,5.78852653503418,2467009
4753,2006-09-05,5.770493893591663,5.932789192302906,5.716395328023157,5.896723747253418,5731285
4754,2006-09-04,5.770493812762027,5.842625099844904,5.7524610904898745,5.78852653503418,3290889
4755,2006-09-01,5.59016685395451,5.7524621811638115,5.57213412826333,5.716396331787109,4047655
4756,2006-08-31,5.716395416692648,5.734428537491385,5.554100513458252,5.554100513458252,2144169
4757,2006-08-30,5.536068155035686,5.680330753326416,5.536068155035686,5.680330753326416,2264511
4758,2006-08-29,5.463936859994335,5.536067352697208,5.463936859994335,5.500001907348633,1819014
4759,2006-08-28,5.626231308181735,5.626231308181735,5.427870962740462,5.463936805725098,3111533
4760,2006-08-25,5.698363445948674,5.734429294311779,5.626232147216797,5.626232147216797,1940513
4761,2006-08-24,5.716396380044883,5.734429503882641,5.662298202514648,5.662298202514648,1407075
4762,2006-08-23,5.6803308804047505,5.716396331787109,5.554101402572151,5.716396331787109,4082369
4763,2006-08-22,5.590166728893293,5.698363478614174,5.590166728893293,5.680330753326416,2314
4764,2006-08-21,5.96885556727323,5.9868886906017265,5.5541012926101745,5.572134017944336,6942
4765,2006-08-18,6.022952991002689,6.05901843478321,5.9688544273376465,5.9688544273376465,2357082
4766,2006-08-17,6.11311752550367,6.149182972393651,6.022953510284424,6.022953510284424,4442237
4767,2006-08-16,6.04098731574456,6.185249925132279,6.004921862394813,6.059020042419434,8677348
4768,2006-08-15,6.004921133145834,6.004921133145834,5.91475711272679,5.986888408660889,2543380
4769,2006-08-14,5.968855286181627,6.02295385763078,5.950822561696682,5.986888408660889,2877792
4770,2006-08-11,5.950821876525879,6.040985886563543,5.9327891541172,5.950821876525879,4805578
4771,2006-08-10,5.878691703907254,6.022954306527485,5.878691703907254,5.932790279388428,10892103
4772,2006-08-09,5.767897562749365,5.847127158433543,5.752051721252068,5.79958963394165,13690621
4773,2006-08-08,5.76789767208943,5.76789767208943,5.704514304898702,5.752051830291748,4287390
4774,2006-08-07,5.767897324776677,5.815435235504935,5.704513961402566,5.720359802246094,3668300
4775,2006-08-04,5.704516003092574,5.926358242498676,5.704516003092574,5.815437316894531,10727466
4776,2006-08-03,5.720360345828296,5.7678978728761745,5.688668661129711,5.704514503479004,3046641
4777,2006-08-02,5.6569764388719825,5.720359802246094,5.625284368987253,5.720359802246094,2823152
4778,2006-08-01,5.6886701583862305,5.752053544465893,5.672824311866315,5.6886701583862305,2151401
4779,2006-07-31,5.767899390985808,5.815437318743367,5.6886701583862305,5.6886701583862305,4153810
4780,2006-07-28,5.783743968826811,5.815435652787883,5.720360212706964,5.7362060546875,5172354
4781,2006-07-27,5.989144810432206,6.1222376333398865,5.955871992903038,6.07232666015625,9780907
4782,2006-07-26,5.939232932670678,5.972506133329906,5.905959343813757,5.922597885131836,2517711
4783,2006-07-25,5.6728240276709405,5.7045157191230915,5.609440256568846,5.625286102294922,2987558
4784,2006-07-24,5.625285352651081,5.641131584463229,5.561901978193455,5.577747821807861,2626636
4785,2006-07-21,5.656977585053552,5.720360961270009,5.609439664693458,5.672823429107666,3385728
4786,2006-07-20,5.6728225414036,5.688668382978099,5.6252846284824125,5.656976699829102,3457655
4787,2006-07-19,5.641130752792274,5.672822435348787,5.546055316925049,5.546055316925049,3126275
4788,2006-07-18,5.656978181944866,5.720361564849166,5.593594410842771,5.625286102294922,5298227
4789,2006-07-17,5.704514958920855,5.767898333378481,5.5460561345790484,5.577747821807861,9272220
4790,2006-07-14,5.593592840759819,5.641130752792274,5.530209475646791,5.546055316925049,3868669
4791,2006-07-13,5.6728225414036,5.704514224552598,5.641130858254603,5.656976699829102,1515614
4792,2006-07-12,5.736206188177589,5.783744103423178,5.704514503479004,5.704514503479004,4527576
4793,2006-07-11,5.736207697945977,5.783745625703537,5.6569784653464,5.6886701583862305,3387012
4794,2006-07-10,5.704514503479004,5.736206188177589,5.641131134081832,5.704514503479004,2530305
4795,2006-07-07,5.736206805324122,5.767898493432351,5.672823429107666,5.672823429107666,3711970
4796,2006-07-06,5.609438930645508,5.83128149476842,5.593593088664972,5.7362060546875,10673521
4797,2006-07-05,5.7520526493782365,5.799590569738331,5.656977585053552,5.672823429107666,4182067
4798,2006-07-04,5.894664294727747,5.926356365920032,5.767897562749365,5.79958963394165,5049050
4799,2006-07-03,5.894663486252076,5.942201392421653,5.799588838505832,5.878818035125732,4030506
4800,2006-06-30,5.862973826285833,5.926357201208574,5.799590451363092,5.831282138824463,10521959
4801,2006-06-29,5.799590636239692,5.8312823247113155,5.752052715334501,5.7678985595703125,4849965
4802,2006-06-28,5.641131002804283,5.783743968826811,5.625284772626045,5.7362060546875,4635467
4803,2006-06-27,5.641132618826484,5.799591472223452,5.641132618826484,5.6886701583862305,9059006
4804,2006-06-26,5.577748111946756,5.704515255653822,5.561902267508092,5.64113187789917,4492897
4805,2006-06-23,5.561902183393157,5.6411317925860125,5.4826725742003015,5.530210494995117,3561693
4806,2006-06-22,5.546055420609919,5.704514224552598,5.546055420609919,5.656976699829102,5417678
4807,2006-06-21,5.641131913116627,5.688669446729392,5.466826846807626,5.482672691345215,6022640
4808,2006-06-20,5.688669411215159,5.767898633408475,5.482672657117015,5.64113187789917,7440638
4809,2006-06-19,5.656976699829102,5.720360066127097,5.641130858254603,5.656976699829102,3505179
4810,2006-06-16,5.815435503771781,5.815435503771781,5.609438786907914,5.656976699829102,9083410
4811,2006-06-15,5.752051749276094,5.831281345346279,5.641130858254603,5.656976699829102,14837607
4812,2006-06-14,5.435134841080461,5.577747821807861,5.4192889974660545,5.577747821807861,6536407
4813,2006-06-13,5.324214448548951,5.530210823573266,5.308368603408448,5.435135364532471,9092401
4814,2006-06-12,5.40344244875493,5.514363727779369,5.3559049241148955,5.387596607208252,8699369
4815,2006-06-09,5.625284523316332,5.625284523316332,5.308367309553512,5.546055316925049,13950073
4816,2006-06-08,5.83128123632904,5.83128123632904,5.546055316925049,5.546055316925049,13359240
4817,2006-06-07,6.148198527611298,6.148198527611298,5.894664287567139,5.894664287567139,9186163
4818,2006-06-06,6.354196167474098,6.417579542605753,5.910510988761525,6.179891109466553,16712858
4819,2006-06-05,6.3541951179504395,6.528499758970306,6.2908113650901445,6.3541951179504395,26100676
4820,2006-06-02,6.560191441301613,6.560191441301613,6.274965523924491,6.3541951179504395,40376992
4821,2006-06-01,6.132353782653809,6.132353782653809,6.132353782653809,6.132353782653809,7661558
4822,2006-05-30,5.641131002804283,5.767897738648573,5.609438930645508,5.7362060546875,6894760
4823,2006-05-29,5.92259841130986,6.055691225771062,5.889325207694559,6.022418022155762,6567092
4824,2006-05-26,5.862973711977224,5.894665010622974,5.593593597412109,5.593593597412109,9776996
4825,2006-05-25,5.862974013182938,5.942203234361996,5.7678985595703125,5.7678985595703125,5251988
4826,2006-05-24,6.179890945479391,6.179890945479391,5.736206554935745,5.862973690032959,13772823
4827,2006-05-23,5.989740371704102,6.179890878180315,5.79959025342562,5.989740371704102,28670798
4828,2006-05-22,5.546055393589508,5.862972999930841,5.546055393589508,5.79958963394165,12087666
4829,2006-05-19,5.756232067166737,5.839413124894796,5.722958479482474,5.772866725921631,2288939
4830,2006-05-18,5.756233112157391,5.789505929486665,5.689686312905593,5.722959518432617,2041817
4831,2006-05-17,5.498518399527799,5.5619017716314465,5.48267216830416,5.514364242553711,3682428
4832,2006-05-16,5.546055996610094,5.609439369490935,5.4826722355315205,5.498518466949463,3080036
4833,2006-05-15,5.641130752792274,5.641130752792274,5.530209475646791,5.546055316925049,4447942
4834,2006-05-12,5.720361100092485,5.767898633408475,5.64113187789917,5.64113187789917,4888498
4835,2006-05-11,5.799589810807348,5.815435652787883,5.7362060546875,5.7362060546875,3925184
4836,2006-05-10,5.7678985595703125,5.862974013182938,5.720361026862879,5.7678985595703125,4860241
4837,2006-05-09,5.83128149476842,5.894664474492863,5.7362060546875,5.7362060546875,5476762
4838,2006-05-08,5.847129009924287,5.8946661612711075,5.7837456238647755,5.815437316894531,6067594
4839,2006-05-05,5.688668355262877,5.831281316936246,5.672822513765579,5.79958963394165,8423219
4840,2006-05-04,5.609438786907914,5.752051749276094,5.609438786907914,5.656976699829102,6463195
4841,2006-05-03,5.625285284255597,5.6886690461403076,5.561901910568622,5.593593597412109,3963716
4842,2006-05-02,5.672824098585108,5.720361636357586,5.5619027889181964,5.609440326690674,3509032
4843,2006-04-28,5.6728225414036,5.704514224552598,5.641130858254603,5.656976699829102,2256724
4844,2006-04-27,5.8154365549222256,5.8154365549222256,5.64113187789917,5.64113187789917,4176930
4845,2006-04-26,5.65697846354794,5.815437316894531,5.65697846354794,5.815437316894531,8753314
4846,2006-04-25,5.688668382978099,5.767897590850593,5.641130858254603,5.656976699829102,2951594
4847,2006-04-24,5.799591472223452,5.815437318743367,5.6569784653464,5.6886701583862305,3690135
4848,2006-04-21,5.799591470379653,5.926358242498676,5.799591470379653,5.815437316894531,6890907
4849,2006-04-20,5.831282344883601,5.862974033464855,5.767898579523333,5.783744812011719,4374730
4850,2006-04-19,5.862974013182938,5.910511157692616,5.7678985595703125,5.7678985595703125,7316050
4851,2006-04-18,5.8312823247113155,5.8312823247113155,5.720361026862879,5.7678985595703125,3990689
4852,2006-04-17,5.736206688242607,5.878819670016518,5.704515000781237,5.831282138824463,11650963
4853,2006-04-14,5.609438930645508,5.7520518966680365,5.609438930645508,5.7362060546875,7698806
4854,2006-04-13,5.593594480766514,5.656978252660949,5.577748634842355,5.609440326690674,5163363
4855,2006-04-12,5.561901978193455,5.641131584463229,5.5460561345790484,5.577747821807861,3948303
4856,2006-04-11,5.577747821807861,5.641131584463229,5.5460561345790484,5.577747821807861,1927912
4857,2006-04-10,5.641131584463229,5.6728232716920415,5.577747821807861,5.577747821807861,2719114
4858,2006-04-07,5.720360961270009,5.736206805324122,5.625285508747571,5.672823429107666,3017099
4859,2006-04-06,5.67282227971551,5.7362056430896216,5.641130598028455,5.720359802246094,3938028
4860,2006-04-04,5.546056423069429,5.688669411215159,5.514364734192102,5.64113187789917,8054590
4861,2006-04-03,5.514363634368535,5.561901158203305,5.482671563614337,5.546055316925049,2337642
4862,2006-03-31,5.466826325278248,5.530210085579623,5.450980482252336,5.514364242553711,3399856
4863,2006-03-30,5.482672282259069,5.482672282259069,5.403443065482765,5.466826438903809,3773622
4864,2006-03-29,5.355905736292797,5.514364563986215,5.340059504145481,5.4192891120910645,3773622
4865,2006-03-28,5.371750765661574,5.450979973394965,5.308367399474861,5.387596607208252,4485190
4866,2006-03-27,5.435133716105253,5.466825396774456,5.3083669934284385,5.371750354766846,2409569
4867,2006-03-24,5.450980799990198,5.482672487889332,5.387597424191931,5.4192891120910645,2534158
4868,2006-03-23,5.625285894416282,5.625285894416282,5.435135364532471,5.435135364532471,3216184
4869,2006-03-22,5.514363569255842,5.672822368365039,5.450979816693555,5.561901092529297,5386852
4870,2006-03-21,5.577747821807861,5.656977428077635,5.561901978193455,5.577747821807861,2083327
4871,2006-03-20,5.641131584463229,5.656977428077635,5.577747821807861,5.577747821807861,2800033
4872,2006-03-17,5.672823202718564,5.6886690461403076,5.546056067146878,5.593593597412109,3966285
4873,2006-03-16,5.752053544465893,5.799591472223452,5.6886701583862305,5.6886701583862305,4106287
4874,2006-03-15,5.862972758035518,5.862972758035518,5.688668120559038,5.720359802246094,4161517
4875,2006-03-14,5.831281316936246,5.926356365920032,5.783743792444352,5.79958963394165,4979692
4876,2006-03-13,5.783744607632407,5.894665125549459,5.736206688242607,5.831282138824463,7176048
4877,2006-03-10,5.704514503479004,5.736206188177589,5.672822818780418,5.704514503479004,2553424
4878,2006-03-09,5.752053544465893,5.752053544465893,5.672824311866315,5.6886701583862305,2629205
4879,2006-03-08,5.799589945772471,5.862973315169642,5.641131134081832,5.704514503479004,3705548
4880,2006-03-07,5.878818841428139,5.910510136225044,5.79958963394165,5.79958963394165,2260577
4881,2006-03-06,5.910511512738812,5.989741126874972,5.862974365373564,5.926357746124268,4427391
4882,2006-03-03,5.958048750207568,5.989740436932438,5.862973690032959,5.862973690032959,1918921
4883,2006-03-02,6.005586351143718,6.05312388179183,5.942202976946235,5.9580488204956055,3145541
4884,2006-03-01,5.831282674998211,5.9422035913119435,5.831282674998211,5.926357746124268,3184074
4885,2006-02-27,5.862972195801752,5.926355553097673,5.831280517153791,5.878818035125732,2004977
4886,2006-02-24,5.862973626185115,5.989740371704102,5.815436096615494,5.989740371704102,3967569
4887,2006-02-23,6.005586280294873,6.053123810382177,5.862973690032959,5.862973690032959,3124991
4888,2006-02-22,6.148199122610006,6.211582882853922,6.00558614730835,6.00558614730835,4977123
4889,2006-02-21,6.243275081031575,6.306658458277293,6.132353782653809,6.132353782653809,2937466
4890,2006-02-20,6.33834981753254,6.33834981753254,6.211583069628443,6.227428913116455,4018946
4891,2006-02-17,6.449271546871385,6.4968090805545184,6.370042324066162,6.370042324066162,8491293
4892,2006-02-16,6.338348388671875,6.449269656280599,6.30665670884014,6.338348388671875,9272220
4893,2006-02-15,6.148199307478655,6.290812287068504,6.148199307478655,6.227428913116455,4725377
4894,2006-02-14,6.148199965515483,6.179891655883443,6.084816584779562,6.164045810699463,1882958
4895,2006-02-13,6.148199216720603,6.306658037459338,6.116507530212402,6.116507530212402,3178936
4896,2006-02-10,6.243275979683798,6.306659366052871,6.148200511932373,6.148200511932373,2897649
4897,2006-02-09,6.370041823444188,6.401733510075625,6.243274688720703,6.243274688720703,2873245
4898,2006-02-08,6.370042513135247,6.401734203197976,6.259121209717917,6.306658744812012,2570122
4899,2006-02-07,6.290810868924272,6.465115107998815,6.2749650290084045,6.338348388671875,6118971
4900,2006-02-06,6.227428778036356,6.290812150613546,6.148199174117138,6.259120464324951,5810711
4901,2006-02-03,6.290812287068504,6.401733579682328,6.227428913116455,6.227428913116455,2259292
4902,2006-01-25,6.401733440821361,6.401733440821361,6.259120464324951,6.259120464324951,3223891
4903,2006-01-24,6.053122493790956,6.338348388671875,6.053122493790956,6.338348388671875,4988683
4904,2006-01-23,6.021432876586914,6.148200027535296,6.021432876586914,6.021432876586914,4459502
4905,2006-01-20,6.401733649644167,6.433425336966536,6.179891061992095,6.211583137512207,3747934
4906,2006-01-19,6.211582495539853,6.401732988019597,6.179890423295142,6.385887145996094,6781731
4907,2006-01-18,6.370041798673472,6.401733485181672,6.053123768998269,6.116507530212402,6459342
4908,2006-01-17,6.465116024017334,6.5918835377008,6.433424727893026,6.465116024017334,3718392
4909,2006-01-16,6.528500877970914,6.560192565734251,6.433425426483154,6.433425426483154,5029784
4910,2006-01-13,6.7820330558753925,6.797879284860809,6.496807533498324,6.528499603271484,6910173
4911,2006-01-12,6.9721842364376965,7.114797198162404,6.686958312988281,6.686958312988281,12047849
4912,2006-01-11,6.9721856117248535,7.0038773009821504,6.750343010528244,6.9721856117248535,22673846
4913,2006-01-10,6.623576253499058,6.9721856117248535,6.560192874984464,6.9721856117248535,37243010
4914,2006-01-09,6.591882966422461,6.718649692724416,6.496807533498324,6.528499603271484,11466007
4915,2006-01-06,6.655267629024263,6.718651004550938,6.433425426483154,6.433425426483154,8180463
4916,2006-01-05,6.30665713748169,6.65526641571984,6.30665713748169,6.623574733734131,20485197
4917,2006-01-04,6.3225041803808955,6.417579632609517,6.274966648365461,6.2908124923706055,11388942
4918,2006-01-03,6.227428845404985,6.306658061983579,6.132353397312937,6.243274688720703,6636592
4919,2006-01-02,6.2749667696544345,6.338350146900153,6.084816249719519,6.132353782653809,5677131
4920,2005-12-30,6.385886296617128,6.465115107998815,6.338348388671875,6.338348388671875,7322472
4921,2005-12-29,6.433423816364731,6.496807176028201,6.338348388671875,6.338348388671875,9007629
4922,2005-12-28,6.385887555398113,6.528500530950327,6.3383496380822235,6.4017333984375,18527742
4923,2005-12-27,6.3383496380822235,6.4017333984375,6.290812108964062,6.4017333984375,7440638
4924,2005-12-26,6.654606220983638,6.771060902058114,6.621333011307732,6.637968063354492,7149421
4925,2005-12-23,6.338350024386041,6.370042100594082,6.2908124923706055,6.2908124923706055,5648874
4926,2005-12-22,6.721151283515443,6.721151283515443,6.5880584716796875,6.5880584716796875,4954680
4927,2005-12-21,6.401732136532996,6.417577976448864,6.338348388671875,6.338348388671875,6229431
4928,2005-12-20,6.322504402185263,6.480962847795709,6.3066585576242185,6.370042324066162,11004901
4929,2005-12-19,6.306658744812012,6.370042513135247,6.243275364686553,6.306658744812012,9021758
4930,2005-12-16,6.338349886801685,6.338349886801685,6.179891061992095,6.211583137512207,7318618
4931,2005-12-15,6.259120464324951,6.370041754532765,6.243274621180653,6.259120464324951,5980254
4932,2005-12-14,6.259120600092479,6.433425266658353,6.211583069628443,6.227428913116455,12804372
4933,2005-12-13,6.243274756604467,6.385887736194316,6.195736837942691,6.227428913116455,14675770
4934,2005-12-12,6.211583069628443,6.259120600092479,6.148199307478655,6.227428913116455,6729070
4935,2005-12-09,6.116508818747836,6.227430133091529,6.0848171255632995,6.148200511932373,5370155
4936,2005-12-08,6.195738051709178,6.274967672868335,6.116508818747836,6.148200511932373,6845952
4937,2005-12-07,6.116507196288571,6.370041450908222,6.116507196288571,6.195736408233643,21055479
4938,2005-12-06,6.037278936457133,6.132354400096241,5.958049706922708,6.100662708282471,10081403
4939,2005-12-05,5.958048888575646,6.084816026616864,5.958048888575646,6.053123950958252,7909451
4940,2005-12-02,6.068970231823263,6.100661919539676,5.894665172987497,5.910511016845703,8019911
4941,2005-12-01,6.068969975851201,6.164045034990441,5.958048685324355,5.989740371704102,13241074
4942,2005-11-30,5.862974423148667,6.037278721930739,5.847128577804842,6.021432876586914,10496271
4943,2005-11-29,5.894664988560093,5.989740436932438,5.862973690032959,5.862973690032959,5083730
4944,2005-11-28,5.847127151330682,5.958048041677023,5.831281309852633,5.894664287567139,5788875
4945,2005-11-25,5.910512007785985,5.942204089013553,5.815437316894531,5.815437316894531,4368308
4946,2005-11-24,5.9263570634826985,6.005586280294873,5.862973690032959,5.862973690032959,6165210
4947,2005-11-23,6.005586280294873,6.084815885304782,5.847127846670524,5.862973690032959,7838808
4948,2005-11-22,5.7678989060497265,6.037278662438,5.7678989060497265,5.926357746124268,17733971
4949,2005-11-21,5.799590636239692,5.8312823247113155,5.720361026862879,5.7678985595703125,3927753
4950,2005-11-18,5.752052735232706,5.910511178138979,5.7362068909420785,5.783744812011719,9726904
4951,2005-11-17,5.767898493432351,5.799590569738331,5.672823429107666,5.672823429107666,3592519
4952,2005-11-16,5.7362060546875,5.847127336748956,5.704514370726428,5.7362060546875,5219878
4953,2005-11-15,5.767897738648573,5.878819020710029,5.7362060546875,5.7362060546875,7132378
4954,2005-11-14,5.767897324776677,5.799589394661407,5.704513961402566,5.720359802246094,3625914
4955,2005-11-11,5.704514370726428,5.815435652787883,5.688668528745891,5.7362060546875,7864496
4956,2005-11-10,5.625286102294922,5.752053256301317,5.593594410842771,5.625286102294922,9092401
4957,2005-11-09,5.419288931575194,5.593593597412109,5.387597244731706,5.593593597412109,7498437
4958,2005-11-08,5.450980799990198,5.482672487889332,5.403443268141498,5.4192891120910645,2287550
4959,2005-11-07,5.609440049275779,5.609440049275779,5.435135364532471,5.435135364532471,3267561
4960,2005-11-04,5.688669944509267,5.767899174130063,5.593594480766514,5.609440326690674,9087263
4961,2005-11-03,5.641131584463229,5.656977428077635,5.5460561345790484,5.577747821807861,7291646
4962,2005-11-02,5.371751466622834,5.641131584463229,5.355905623008428,5.577747821807861,6247413
4963,2005-11-01,5.419288401109434,5.466825926721465,5.34005880355835,5.34005880355835,4501888
4964,2005-10-31,5.22913779175543,5.403442035436049,5.197446111086227,5.371750354766846,5985392
4965,2005-10-28,5.387596933185306,5.435134460701604,5.165754749911538,5.197446823120117,4880791
4966,2005-10-27,5.450981209672973,5.593594204135277,5.324214448548951,5.435135364532471,3574537
4967,2005-10-26,5.6728227531826425,5.6728227531826425,5.450980186462402,5.450980186462402,4528861
4968,2005-10-25,5.767898633408475,5.767898633408475,5.625285645262744,5.64113187789917,4418401
4969,2005-10-24,5.672822435348787,5.688668276627045,5.546055316925049,5.546055316925049,2835996
4970,2005-10-21,5.48267237192368,5.656977428077635,5.48267237192368,5.577747821807861,3593804
4971,2005-10-20,5.736205907701596,5.862973028495277,5.450979982965235,5.656976699829102,6583931
4972,2005-10-19,5.989740053963984,5.989740053963984,5.704514503479004,5.704514503479004,6330900
4973,2005-10-18,5.958048908713957,6.16404526610362,5.92635722114597,6.068970203399658,4044635
4974,2005-10-17,6.259120193629508,6.3066577210064905,5.926356725595205,5.942202568054199,5506303
4975,2005-10-14,6.290812287068504,6.370041892706304,6.227428913116455,6.227428913116455,3497472
4976,2005-10-13,6.195736770575813,6.29081221866786,6.179890927260094,6.243274688720703,3538574
4977,2005-10-12,6.354195608519208,6.417578978075265,6.148198881066599,6.195736408233643,5610341
4978,2005-10-11,6.623574805964226,6.655266488295532,6.3541951179504395,6.3541951179504395,5833830
4979,2005-10-10,6.954059600830078,6.954059600830078,6.954059600830078,6.954059600830078,0
4980,2005-10-07,6.750341461676966,6.782033143662674,6.591883051748423,6.623574733734131,5632176
4981,2005-10-06,6.655266971766843,6.877108764201666,6.528500233232658,6.7186503410339355,15427155
4982,2005-10-05,6.734496225694977,6.940492553431692,6.607728717275582,6.686958312988281,27661245
4983,2005-10-04,6.290812525047163,6.655267715454102,6.27496668095971,6.655267715454102,16974880
4984,2005-10-03,6.306658130556516,6.306658130556516,6.148199307478655,6.227428913116455,5307218
4985,2005-09-30,6.274966307469249,6.401733440821361,6.243274621180653,6.259120464324951,9225980
4986,2005-09-29,5.9422030188765795,6.227428981173391,5.9263571752153945,6.211583137512207,7137515
4987,2005-09-28,6.238692071072121,6.305238091879986,6.205418478371582,6.222053527832031,2584771
4988,2005-09-27,6.321873356732746,6.371785106176179,6.222053739823391,6.238692283630371,1990330
4989,2005-09-26,6.4050578628805654,6.42169291275005,6.271965429794524,6.305238246917725,2602260
4990,2005-09-23,6.355146576986321,6.421692988412285,6.188780936619165,6.271965503692627,3145495
4991,2005-09-22,6.355148429242509,6.454968075474646,6.321875213831796,6.338513374328613,3368686
4992,2005-09-21,6.5381460791917565,6.637965672263008,6.42169144006593,6.454964637756348,4907792
4993,2005-09-20,6.355146496698834,6.588058933747216,6.288600474311329,6.55478572845459,6083020
4994,2005-09-19,6.321872728911784,6.3551459312438965,6.288599914777384,6.3551459312438965,2092954
4995,2005-09-16,6.255326959847377,6.355146576986321,6.238692297979646,6.271965503692627,4208650
4996,2005-09-15,6.421692770822113,6.421692770822113,6.15550752233533,6.255326747894287,3705959
4997,2005-09-14,6.388419151306152,6.4549655561550665,6.371784491082491,6.388419151306152,2171501
4998,2005-09-13,6.521511961003981,6.521511961003981,6.388419151306152,6.388419151306152,2575078
4999,2005-09-12,6.488238919225096,6.554785325721666,6.371784648844713,6.471603870391846,5919610
5000,2005-09-09,6.3551454944409045,6.554784694711941,6.338510447209061,6.42169189453125,7871357
5001,2005-09-08,6.5215145062960715,6.57142277662068,6.321875213831796,6.338513374328613,4812960
5002,2005-09-07,6.588058793685203,6.588058793685203,6.488239179929488,6.504874229431152,2954466
5003,2005-09-06,6.637967158674235,6.637967158674235,6.488239288330078,6.488239288330078,3790108
5004,2005-09-05,6.588058933747216,6.588058933747216,6.438331062721387,6.55478572845459,3667939
5005,2005-09-02,6.355145930380025,6.588058346673151,6.33851088200708,6.571420192718506,6709818
5006,2005-09-01,6.255326747894287,6.255326747894287,6.255326747894287,6.255326747894287,0
5007,2005-08-31,6.421692770822113,6.421692770822113,6.172145677419068,6.255326747894287,5601312
5008,2005-08-30,6.338510621049656,6.4383302239228355,6.305237420091928,6.371784210205078,9043204
5009,2005-08-29,6.28860055375811,6.32187337127334,6.188780936619165,6.271965503692627,6937845
5010,2005-08-26,6.205418090762491,6.421692353730609,6.205418090762491,6.388419151306152,17215476
5011,2005-08-25,6.787694994350662,6.83760557820295,6.588058870105403,6.671240329742432,5610881
5012,2005-08-24,6.92078819381126,6.970698780400932,6.837605953216553,6.837605953216553,14202194
5013,2005-08-23,6.883513395747372,6.915530095022578,6.6914147390645775,6.851496696472168,12343737
5014,2005-08-22,7.05960358511714,7.123636220095426,6.723432059110065,6.947547435760498,7463450
5015,2005-08-19,7.299724839468343,7.39577416438253,7.027585983276367,7.027585983276367,6883399
5016,2005-08-18,7.587872575327022,7.6839218972173535,7.491823253436692,7.523839950561523,3724247
5017,2005-08-17,7.6198892724518545,7.667912779170773,7.523839950561523,7.523839950561523,2732801
5018,2005-08-16,7.523840931451832,7.651906967163086,7.507834119770923,7.651906967163086,3351324
5019,2005-08-15,7.892028983358743,7.892028983358743,7.395774740545257,7.555856704711914,7878248
5020,2005-08-12,8.164169233013796,8.180179126495762,7.924046993255615,7.924046993255615,5809086
5021,2005-08-11,8.164167431801086,8.24421072567583,8.036101393435477,8.06811809539795,7108006
5022,2005-08-10,8.308243332002682,8.388282778185179,8.084127957992306,8.164167404174805,10632641
5023,2005-08-09,7.940053751827712,8.260215329290954,7.940053751827712,8.244209289550781,11644022
5024,2005-08-08,7.908039617248103,7.972069952824565,7.876023679975475,7.940056324005127,4943001
5025,2005-08-05,8.052109718322754,8.052109718322754,8.052109718322754,8.052109718322754,0
5026,2005-08-04,8.00408698316591,8.148159805541226,7.908036895947438,8.052109718322754,14868701
5027,2005-08-03,7.795980469459078,8.004089045384024,7.7799728869491815,7.972069263458252,12956957
5028,2005-08-02,7.68392206325604,7.8279948949785,7.619889437106886,7.763962268829346,6882143
5029,2005-08-01,7.6839228989777,7.795979814555249,7.603880376246236,7.651906967163086,6051084
5030,2005-07-29,8.132152705730114,8.132152705730114,7.619891554210709,7.683924198150635,22709886
5031,2005-07-28,8.100137049303934,8.260219064652619,8.100137049303934,8.180179595947266,10477794
5032,2005-07-27,8.276224349701177,8.308243360116494,8.036101393435477,8.06811809539795,8767117
5033,2005-07-26,8.51634960674076,8.51634960674076,8.276225090026855,8.276225090026855,8288596
5034,2005-07-25,8.16416658181149,8.452315330505371,8.132150652666546,8.452315330505371,8427015
5035,2005-07-22,8.708446156462154,8.708446156462154,8.260217666625977,8.260217666625977,19434727
5036,2005-07-21,8.820504645264306,8.932560796343173,8.740461349487305,8.740461349487305,11444486
5037,2005-07-20,8.756470339216595,9.012599317754882,8.756470339216595,8.772477149963379,24109914
5038,2005-07-19,8.836510688173089,8.836510688173089,8.708445416248242,8.740461349487305,12774316
5039,2005-07-18,8.83651065826416,8.83651065826416,8.83651065826416,8.83651065826416,0
5040,2005-07-15,8.900544063494149,9.01260021419374,8.83651065826416,8.83651065826416,15746769
5041,2005-07-14,8.948570760012188,8.996593506037906,8.820504717553467,8.900544166564941,22943549
5042,2005-07-13,8.772476635173604,9.092641302237428,8.772476635173604,8.916552543640137,58003432
5043,2005-07-12,8.644412483604233,8.740461827543397,8.516349513127931,8.692439079284668,43342194
5044,2005-07-11,8.164168058526057,8.564373016357422,8.132152123590153,8.564373016357422,34763657
5045,2005-07-08,7.876022029754395,8.22820034390083,7.876022029754395,8.020094871520996,17853878
5046,2005-07-07,7.9400544912796525,8.020094700728517,7.844005162663109,7.876021862030029,4348089
5047,2005-07-06,8.16416794842031,8.16416794842031,7.940055637407117,7.972069263458252,7912664
5048,2005-07-05,7.924045245019665,8.084127985347747,7.908038433006991,8.06811809539795,8897728
5049,2005-07-04,7.876024376953321,7.972070658301893,7.827997773598946,7.892031192779541,4371761
5050,2005-07-01,7.7799713721875685,7.892028275360999,7.6198894223819424,7.860011577606201,6130079
5051,2005-06-30,8.00408826631501,8.020095077782573,7.715939497434231,7.811988830566406,10858059
5052,2005-06-29,8.16416794842031,8.196184652408764,7.972069263458252,7.972069263458252,14245762
5053,2005-06-28,8.164167378781483,8.212193970381861,7.972068707222734,8.036101341247559,8885211
5054,2005-06-27,8.164167404174805,8.276224321695713,8.148161361700573,8.164167404174805,7544519
5055,2005-06-24,8.340255531285727,8.356265418446634,8.228199402389874,8.244209289550781,7397941
5056,2005-06-23,8.516348466985287,8.516348466985287,8.388282434303166,8.404289245605469,10973390
5057,2005-06-22,8.292232606843859,8.500338839480683,8.228199979069775,8.452315330505371,28760262
5058,2005-06-21,8.324249630195325,8.372273141043996,8.1961836001672,8.212193489074707,10952187
5059,2005-06-20,8.164169350648296,8.324252128601074,8.164169350648296,8.324252128601074,8607209
5060,2005-06-17,8.276225386139071,8.452317268984789,8.196185160177954,8.228201866149902,24887281
5061,2005-06-16,8.292232025676181,8.324248722061409,8.100133386333113,8.244209289550781,16517075
5062,2005-06-15,8.324250916750856,8.420300261745808,8.212194758311387,8.276225090026855,33597106
5063,2005-06-14,7.972068313999724,8.260216307124923,7.84400536071962,8.148160934448242,34510128
5064,2005-06-13,7.795978951580787,7.892028275360999,7.715938746162154,7.860011577606201,11723576
5065,2005-06-10,7.827995430338966,7.844005319310586,7.507833816665551,7.7959794998168945,27408642
5066,2005-06-09,8.420298994065975,8.468322505106965,7.7959794998168945,7.7959794998168945,23732008
5067,2005-06-08,8.292234176052576,8.548366274587332,8.276225054224264,8.372274398803711,25309597
5068,2005-06-07,8.324251214581372,8.37227473457054,8.180178346160734,8.228201866149902,9614840
5069,2005-06-06,8.196184519893725,8.420299905220764,8.11614506966965,8.308243751525879,22652769
5070,2005-06-03,8.212193489074707,8.436305771315942,8.180176789196619,8.212193489074707,23490184
5071,2005-06-02,8.46832537681211,8.644414208623573,8.180179595947266,8.180179595947266,39356909
5072,2005-06-01,7.827996574983654,8.372274398803711,7.827996574983654,8.372274398803711,44496772
5073,2005-05-31,7.940054034274467,7.940054034274467,7.7479553880979894,7.8279948234558105,13856228
5074,2005-05-30,7.860012087527267,7.9880781173706055,7.763962757515822,7.9880781173706055,37768481
5075,2005-05-27,7.363757393541911,7.763962268829346,7.315734655269454,7.763962268829346,34038412
5076,2005-05-26,7.267709732055664,7.267709732055664,7.155653572517165,7.267709732055664,6188972
5077,2005-05-25,7.235695867185631,7.411784643010511,7.155652576507183,7.187669277191162,14013024
5078,2005-05-24,7.203679166501652,7.3477512416425546,7.1076298339339665,7.187669277191162,8691457
5079,2005-05-23,7.123635267894389,7.219685361749439,7.059602641475206,7.171661853790283,6256824
5080,2005-05-20,7.299725311556234,7.315735200626399,7.107629727241409,7.123635768890381,7195706
5081,2005-05-19,7.475817250475936,7.507833951055338,7.283718585968018,7.283718585968018,14896425
5082,2005-05-18,7.363756241312884,7.363756241312884,7.21968420161799,7.2997236251831055,8418318
5083,2005-05-17,7.267708696709821,7.523840762376544,7.2517018853886155,7.283718585968018,22774839
5084,2005-05-16,7.235696264055047,7.2837190092622555,7.171662859174933,7.20367956161499,9885413
5085,2005-05-13,7.139645765133695,7.299725421132337,7.091619944623477,7.187669277191162,11441070
5086,2005-05-12,7.267707767475359,7.267707767475359,7.075612205465383,7.09161901473999,5954907
5087,2005-05-11,7.075613521339055,7.331741754469464,7.043596818898998,7.20367956161499,16671548
5088,2005-05-10,7.363757942478747,7.363757942478747,7.123635768890381,7.123635768890381,14807304
5089,2005-05-09,7.459807473950816,7.459807473950816,7.31573539710327,7.395774841308594,13902758
5090,2005-05-06,7.203679251834705,7.491824175014057,7.091620028629103,7.395774841308594,31567696
5091,2005-05-05,6.947546585117396,7.267708181840335,6.8835131884949385,7.155652046203613,27419121
5092,2005-05-04,7.011580596969857,7.043596528606125,6.819481159730941,6.867506980895996,30990786
5093,2005-05-03,6.675408363342285,6.675408363342285,6.675408363342285,6.675408363342285,6156411
5094,2005-05-02,6.243188858032227,6.243188858032227,6.243188858032227,6.243188858032227,0
5095,2005-04-29,6.3072218898195604,6.451294383815535,6.243188858032227,6.243188858032227,5510854
5096,2005-04-28,6.403268870238314,6.403268870238314,6.24318654251359,6.323225975036621,4600938
5097,2005-04-27,6.4352865117185285,6.531336620737553,6.339237172183809,6.371253490447998,10652762
5098,2005-04-26,6.083105067435467,6.4032697677612305,6.003065238951472,6.4032697677612305,6729843
5099,2005-04-25,5.9230263065767685,5.987056255340576,5.891009985597215,5.987056255340576,2552834
5100,2005-04-22,6.019071766651865,6.14713740989922,5.923025131225586,5.923025131225586,6352028
5101,2005-04-21,5.826975802604543,5.987055067283444,5.810966298694004,5.923025131225586,3594430
5102,2005-04-20,6.14713740989922,6.163144220614993,5.891008816599275,5.923025131225586,4567270
5103,2005-04-19,5.987054899767405,6.147137237904124,5.955038586036901,6.083104610443115,4153644
5104,2005-04-18,6.179154109267641,6.243187123262373,5.923025131225586,5.923025131225586,6520282
5105,2005-04-15,6.371253037540938,6.387259848937636,6.25919381550028,6.275203704833984,4339579
5106,2005-04-14,6.355243220045302,6.5313362302794,6.307220476859617,6.419276237487793,7844960
5107,2005-04-13,6.291209157366809,6.355241775512695,6.275202349427486,6.355241775512695,1866023
5108,2005-04-12,6.275203704833984,6.323226832218958,6.243187388845708,6.275203704833984,1538161
5109,2005-04-11,6.403270309713183,6.435286628558665,6.243187946001451,6.259194374084473,2353866
5110,2005-04-08,6.2912109634478375,6.371253490447998,6.275204150913279,6.371253490447998,2798646
5111,2005-04-07,6.275205181554785,6.323228320240867,6.243188858032227,6.243188858032227,2362095
5112,2005-04-06,6.435287568652012,6.435287568652012,6.243188858032227,6.243188858032227,2665321
5113,2005-04-05,6.355241775512695,6.355241775512695,6.355241775512695,6.355241775512695,0
5114,2005-04-04,6.403268355203344,6.4352846642762875,6.307219043242472,6.355241775512695,3722502
5115,2005-04-01,6.24318609932901,6.387258529663086,6.1471364017187895,6.387258529663086,3768509
5116,2005-03-31,6.339236137906648,6.339236137906648,6.211170116260181,6.227180004119873,5266667
5117,2005-03-30,6.259194761689205,6.307221359013387,6.179155306216564,6.211171627044678,5198222
5118,2005-03-29,6.515326848559131,6.5473427826624535,6.259194374084473,6.259194374084473,5218400
5119,2005-03-28,6.595366428867388,6.627382363600762,6.515326976776123,6.515326976776123,3313047
5120,2005-03-25,6.547341959329288,6.563348770141601,6.483309329690475,6.563348770141602,3504255
5121,2005-03-24,6.515325894164398,6.611375221373261,6.515325894164398,6.547341823577881,4774035
5122,2005-03-23,6.57935948066055,6.595366293472132,6.4352866230915176,6.499320030212402,4352303
5123,2005-03-22,6.467304360928594,6.611377241538325,6.435287652247914,6.483311176300049,10320773
5124,2005-03-21,6.595365701076731,6.6754082222727416,6.403269729131884,6.435286045074463,8047161
5125,2005-03-18,6.723432040210008,6.771457862906221,6.59536600112915,6.59536600112915,3929733
5126,2005-03-17,6.723431053675137,6.819480376521308,6.6914143562316895,6.6914143562316895,4331688
5127,2005-03-16,6.8514967716141575,6.915530170866836,6.787464141845703,6.787464141845703,5493077
5128,2005-03-15,7.1556523401274825,7.187669039753822,6.6593981128245705,6.787464141845703,9535824
5129,2005-03-14,7.15565190952137,7.283717930835866,7.075612473724734,7.139645099639893,15772706
5130,2005-03-11,7.011580885943234,7.299725821513699,7.011580885943234,7.20367956161499,23330029
5131,2005-03-10,6.995571033398512,7.011580923673277,6.883514113223908,6.931537628173828,5458874
5132,2005-03-09,6.8675077878945325,7.059604169769586,6.8675077878945325,7.0115814208984375,8813627
5133,2005-03-08,7.075613229726655,7.075613229726655,6.835491049259727,6.867506980895996,7064272
5134,2005-03-07,7.235697562756296,7.267710423520729,6.979564666748047,6.979564666748047,8912094
5135,2005-03-04,6.947546995708766,7.251701800219647,6.947546995708766,7.123635768890381,20211273
5136,2005-03-03,6.819481396319638,6.979563368507497,6.819481396319638,6.947547435760498,8857631
5137,2005-03-02,6.883513044962012,6.915529742605639,6.7394409835024005,6.8194804191589355,4601036
5138,2005-03-01,6.883514881134033,6.947548293502147,6.851498174949976,6.883514881134033,5125061
5139,2005-02-28,6.8194804191589355,6.8194804191589355,6.8194804191589355,6.8194804191589355,0
5140,2005-02-25,6.9475464402492655,6.979562368408715,6.8194804191589355,6.8194804191589355,7313775
5141,2005-02-24,7.1076291589832215,7.1076291589832215,6.8194804191589355,6.8194804191589355,7699380
5142,2005-02-23,6.819481830456605,7.0756139256440225,6.819481830456605,7.043597221374512,10227579
5143,2005-02-22,7.043597205757019,7.1396465488682495,6.915531158447266,6.915531158447266,7127045
5144,2005-02-21,7.235696816109346,7.299726378453194,7.0115814208984375,7.0115814208984375,9728880
5145,2005-02-18,7.043595430072383,7.2997243821846505,6.979562037818105,7.10762882232666,18465712
5146,2005-02-17,7.011581286589337,7.107630629913534,6.915531173780803,7.043597221374512,10252093
5147,2005-02-16,6.8194819610859785,7.139646701460941,6.8194819610859785,7.0115814208984375,18502599
5148,2005-02-15,6.8514967716141575,6.883513471240496,6.723431512077249,6.787464141845703,4744574
5149,2005-02-14,6.7554473681307705,6.851496696472168,6.723431438339782,6.851496696472168,7523933
5150,2005-02-11,6.659399509429932,6.659399509429932,6.659399509429932,6.659399509429932,0
5151,2005-02-10,6.659399509429932,6.659399509429932,6.659399509429932,6.659399509429932,0
5152,2005-02-09,6.659399509429932,6.659399509429932,6.659399509429932,6.659399509429932,0
5153,2005-02-08,6.659399509429932,6.659399509429932,6.659399509429932,6.659399509429932,0
5154,2005-02-07,6.659399509429932,6.659399509429932,6.659399509429932,6.659399509429932,0
5155,2005-02-04,6.659399509429932,6.659399509429932,6.659399509429932,6.659399509429932,0
5156,2005-02-03,6.691416215770795,6.72343292211166,6.627382803089067,6.659399509429932,6508605
5157,2005-02-02,6.659399509429932,6.787465565309002,6.627382803089067,6.659399509429932,10289436
5158,2005-02-01,6.883513457304114,6.947546856427151,6.563348770141601,6.563348770141602,8110470
5159,2005-01-31,6.883513395747372,6.947546794297782,6.723431438339782,6.851496696472168,22900411
5160,2005-01-28,6.403269447235141,6.851496696472168,6.371252747959937,6.851496696472168,30290696
5161,2005-01-27,6.531336186530513,6.531336186530513,6.4032697677612305,6.4032697677612305,6603147
5162,2005-01-26,6.403270304273235,6.595366293472132,6.33923728189451,6.499320030212402,29810752
5163,2005-01-25,6.499319485652661,6.563349039987092,6.4032697677612305,6.4032697677612305,11830759
5164,2005-01-24,7.363757729001712,7.363757729001712,6.851496696472168,6.851496696472168,6470963
5165,2005-01-21,7.587874436715982,7.587874436715982,7.3637590408325195,7.3637590408325195,4790509
5166,2005-01-20,7.427790628671193,7.555855878202191,7.427790628671193,7.523839950561523,6645877
5167,2005-01-19,7.523839950561523,7.651905969576687,7.427790628671193,7.523839950561523,11151808
5168,2005-01-18,7.555857346717206,7.587874050064628,7.427792072296143,7.427792072296143,5156441
5169,2005-01-17,7.427790628671193,7.715938594342186,7.427790628671193,7.523839950561523,15694455
5170,2005-01-14,7.235694086989572,7.395772934119803,7.235694086989572,7.2997236251831055,10677202
5171,2005-01-13,7.491825129070092,7.555857769866632,7.203680169196553,7.267709732055664,12286161
5172,2005-01-12,7.459807872772217,7.587873914387675,7.395775236706638,7.459807872772217,13528237
5173,2005-01-11,7.267709195091179,7.459807872772217,7.107630298122283,7.459807872772217,12642906
5174,2005-01-10,7.940055883030616,7.940055883030616,7.3637590408325195,7.3637590408325195,22226392
5175,2005-01-07,7.876022208053977,8.100134496563225,7.876022208053977,7.908038139343262,42129445
5176,2005-01-06,7.844006538391113,7.940055883853356,7.715940487946671,7.844006538391113,20838872
5177,2005-01-05,7.331741468884423,7.940054944129096,7.331741468884423,7.747956275939941,34389239
5178,2005-01-04,7.811988770759664,7.811988770759664,7.4918240729421015,7.555856704711914,11176503
5179,2005-01-03,7.523841797022186,7.876023243373313,7.523841797022186,7.844006538391113,35609842
5180,2004-12-31,6.9155304812340574,7.395774841308594,6.851497079107577,7.395774841308594,28510585
5181,2004-12-30,6.819481815336035,6.915531158447266,6.75544840693899,6.915531158447266,7016251
5182,2004-12-29,6.8514967716141575,6.915530170866836,6.787464141845703,6.787464141845703,11569878
5183,2004-12-28,6.531336930646492,6.819481884985771,6.531336930646492,6.723432540893555,7619778
5184,2004-12-27,6.723431899445855,6.723431899445855,6.46730290458369,6.531336307525635,3549763
5185,2004-12-24,6.6914143562316895,6.755446981634412,6.659397658788242,6.6914143562316895,3038725
5186,2004-12-23,6.787465565309002,6.819482271649867,6.659399509429932,6.659399509429932,4912917
5187,2004-12-22,6.755447864532471,6.883513901559581,6.755447864532471,6.755447864532471,4765554
5188,2004-12-21,6.883514524552467,6.915531229077987,6.723432540893555,6.723432540893555,4767992
5189,2004-12-20,6.659398039789372,6.915530095022578,6.627381340514168,6.851496696472168,12150948
5190,2004-12-17,6.691414812450909,6.883513471240496,6.6593981128245705,6.787464141845703,11566173
5191,2004-12-16,6.78746367907786,6.78746367907786,6.5953650333855185,6.6914143562316895,6963766
5192,2004-12-15,6.691414812450909,6.787464141845703,6.6593981128245705,6.787464141845703,11504292
5193,2004-12-14,6.531337300972791,6.72343292211166,6.467303888291062,6.659399509429932,15328689
5194,2004-12-13,6.56335002248912,6.65939937001655,6.46730375289917,6.46730375289917,9926444
5195,2004-12-10,6.59536672815972,6.62738266434595,6.46730375289917,6.46730375289917,10060447
5196,2004-12-09,6.147137813584638,6.531336307525635,6.147137813584638,6.531336307525635,18142099
5197,2004-12-08,6.179154381408364,6.21117069744473,6.115121364593506,6.115121364593506,2503660
5198,2004-12-07,6.179155826244893,6.275205181554785,6.147139117980117,6.243188858032227,3096256
5199,2004-12-06,6.179154872894287,6.275204213385212,6.179154872894287,6.179154872894287,3348650
5200,2004-12-03,6.275205181554785,6.3072218898195604,6.179155826244893,6.243188858032227,3915416
5201,2004-12-02,6.3712545368646785,6.403271245129453,6.211172149767451,6.243188858032227,5425359
5202,2004-12-01,6.179155826244893,6.403271245129453,6.115122794457558,6.243188858032227,9600904
5203,2004-11-30,6.179155826244893,6.243188858032227,6.0190734391476655,6.243188858032227,10644882
5204,2004-11-29,6.691416617863618,6.723433326128394,6.243188858032227,6.243188858032227,11682325
5205,2004-11-26,6.819480376521308,6.947546396810926,6.6914143562316895,6.6914143562316895,5174856
5206,2004-11-25,6.9475464402492655,6.9475464402492655,6.8194804191589355,6.8194804191589355,2569360
5207,2004-11-24,6.947547862645788,7.043597205757019,6.883514454248743,6.915531158447266,4397460
5208,2004-11-23,7.043596772970071,7.139646110179644,6.819481396319638,6.947547435760498,5723982
5209,2004-11-22,7.395775723617247,7.4598083638984996,7.0115814208984375,7.0115814208984375,6222752
5210,2004-11-19,7.619889699439757,7.651906398358676,7.491823673248291,7.491823673248291,6631400
5211,2004-11-18,7.74795630157546,7.811988934688954,7.555856863266447,7.651906967163086,16946422
5212,2004-11-17,7.459807528854073,7.811988934688954,7.459807528854073,7.651906967163086,21200489
5213,2004-11-16,7.331741962253874,7.4598080061592515,7.267709325043343,7.427792072296143,9275301
5214,2004-11-15,7.203679616023264,7.4598078510881685,7.171662913341389,7.331741809844971,17157405
5215,2004-11-12,7.171661797339562,7.20367849503923,7.107629171424403,7.139645099639893,3797106
5216,2004-11-11,7.043595776025065,7.235695192738898,7.043595776025065,7.139645099639893,5750889
5217,2004-11-10,7.299724740717343,7.3317406689328335,6.979562380625728,7.139645099639893,5672878
5218,2004-11-09,7.363756241312884,7.395772934119803,7.2677069323761865,7.2997236251831055,4295120
5219,2004-11-08,7.235696837823116,7.491825091263691,7.1396467228864715,7.3637590408325195,18709024
5220,2004-11-05,7.235695192738898,7.3317406689328335,7.075612473724734,7.139645099639893,6403115
5221,2004-11-04,7.20367849503923,7.235695192738898,7.107629171424403,7.139645099639893,4709203
5222,2004-11-03,7.011580885943234,7.299725821513699,6.979563414018884,7.20367956161499,12136754
5223,2004-11-02,6.883514601367231,7.07561406117969,6.8194819610859785,7.0115814208984375,9788422
5224,2004-11-01,7.299726378453194,7.3317423138516435,6.947548011132834,7.0115814208984375,4249832
5225,2004-10-29,7.203677394182653,7.363756241312884,7.171660701375733,7.2997236251831055,12707597
5226,2004-10-28,6.979563414018884,7.235696264055047,6.979563414018884,7.20367956161499,12339970
5227,2004-10-27,7.043597205757019,7.043597205757019,6.787465111137513,6.915531158447266,5262374
5228,2004-10-26,7.427792286218293,7.427792286218293,7.043597221374512,7.043597221374512,6591943
5229,2004-10-25,7.555856704711914,7.555856704711914,7.555856704711914,7.555856704711914,0
5230,2004-10-22,7.683922737735789,7.74795613898985,7.523840773569132,7.555856704711914,3355339
5231,2004-10-21,7.68392236483787,7.84400509072002,7.5878730371022645,7.619889736175537,4183200
5232,2004-10-20,7.747956222762754,7.8760222571713125,7.683922820816347,7.715939521789551,5276966
5233,2004-10-19,7.651906941845364,7.779972207648625,7.555856838266524,7.747956275939941,6565473
5234,2004-10-18,7.6198882443185685,7.747954246054092,7.491822242583044,7.587871551513672,5479199
5235,2004-10-15,7.747954246054092,7.876020247789615,7.555854858708776,7.587871551513672,3779745
5236,2004-10-14,7.844005531438549,7.940054864570724,7.779972129694263,7.811988830566406,2874252
5237,2004-10-13,8.004088241663874,8.068117795789687,7.908038139343262,7.908038139343262,2305170
5238,2004-10-12,8.292233994889793,8.292233994889793,7.972069263458252,7.972069263458252,3227326
5239,2004-10-11,8.228201730665575,8.324251077515509,8.164168319776042,8.260217666625977,6759583
5240,2004-10-08,8.196184133763559,8.196184133763559,8.004088538894408,8.06811809539795,3063163
5241,2004-10-07,8.164166506317793,8.356265926832114,8.164166506317793,8.196183204650879,5406696
5242,2004-10-06,8.260216768204222,8.260216768204222,8.06811809539795,8.06811809539795,5611081
5243,2004-10-05,8.100136801164627,8.260218811609366,8.004090518938776,8.132153511047363,8392219
5244,2004-10-04,7.7799728869491815,8.004089045384024,7.7799728869491815,7.972069263458252,6537842
5245,2004-10-01,8.004088346514989,8.100134602672517,7.683922873554048,7.747956275939941,5690281
5246,2004-09-30,8.132152509160914,8.26021779394519,8.004089532829767,8.100135803222656,5566278
5247,2004-09-29,8.420301591538575,8.484334241819576,8.132153511047363,8.132153511047363,2713316
5248,2004-09-28,8.388283729553223,8.388283729553223,8.388283729553223,8.388283729553223,0
5249,2004-09-27,8.420300435038572,8.580383192980952,8.35626779355224,8.388283729553223,4069693
5250,2004-09-24,8.324251088066891,8.516349782010254,8.164168330124511,8.388283729553223,5237609
5251,2004-09-23,8.324251077515509,8.324251077515509,8.228201730665575,8.260217666625977,1093935
5252,2004-09-22,8.324252128601074,8.388284778091508,8.260218709626178,8.324252128601074,1616364
5253,2004-09-21,8.164169350648296,8.324252128601074,8.164169350648296,8.324252128601074,3116591
5254,2004-09-20,8.4843321142633,8.4843321142633,8.13215147180495,8.164167404174805,4338443
5255,2004-09-17,8.772477783431755,8.772477783431755,8.484332084655762,8.484332084655762,2336927
5256,2004-09-16,8.708444520586697,8.772477149963379,8.676427821156247,8.772477149963379,2071274
5257,2004-09-15,8.804494754934028,8.932560796343173,8.708445416248242,8.740461349487305,1870976
5258,2004-09-14,8.804494725133463,9.028610104469829,8.772478022518468,8.83651065826416,5449590
5259,2004-09-13,8.80449384939383,8.80449384939383,8.644411121725796,8.772477149963379,3825246
5260,2004-09-10,8.804493814061761,8.804493814061761,8.644411087036133,8.644411087036133,2658052
5261,2004-09-09,8.612398386015357,8.772478052210666,8.612398386015357,8.740461349487305,2407373
5262,2004-09-08,8.612398147583008,8.836510443536241,8.612398147583008,8.612398147583008,6003925
5263,2004-09-07,8.612398147583008,8.708445175156854,8.5803822152303,8.612398147583008,3163770
5264,2004-09-06,8.484332109719341,8.740461107509562,8.484332109719341,8.612398147583008,3713258
5265,2004-09-03,8.964575807577646,9.028609206438547,8.740460450532929,8.772477149963379,3012998
5266,2004-09-02,9.15667519375713,9.15667519375713,8.836509739851802,8.96457576751709,3808560
5267,2004-09-01,8.804492864286415,9.060624122619629,8.804492864286415,9.060624122619629,8130793
5268,2004-08-31,8.708445416248242,9.06062606826802,8.708445416248242,8.740461349487305,8627917
5269,2004-08-30,9.636918492014194,9.700951114226465,9.060624122619629,9.060624122619629,10813602
5270,2004-08-27,9.764987128892974,9.925069894264206,9.636921839977271,9.73297119140625,8969829
5271,2004-08-26,9.54086972162453,10.021117147711088,9.4768370905723,9.764985084533691,25132987
5272,2004-08-25,9.476838111877441,9.476838111877441,9.476838111877441,9.476838111877441,0
5273,2004-08-24,9.476838111877441,9.476838111877441,9.476838111877441,9.476838111877441,0
5274,2004-08-23,9.572887453549004,9.63692086098626,9.444821408158813,9.476838111877441,8383794
5275,2004-08-20,9.540868759155273,9.764984099455999,9.476836134562564,9.540868759155273,12182321
5276,2004-08-19,9.284740569236925,9.668934777824854,9.124657853528909,9.540868759155273,16066451
5277,2004-08-18,9.124659538269043,9.252725580584219,8.836510750688822,9.124659538269043,8225388
5278,2004-08-17,9.188692174684478,9.380788544962176,9.124659538269043,9.124659538269043,11623972
5279,2004-08-16,8.964575876464911,9.156675305039563,8.964575876464911,9.028609275817871,4029609
5280,2004-08-13,8.836509739851802,9.188691123560288,8.804493810048644,8.96457576751709,6825330
5281,2004-08-12,9.028609166091842,9.060625095895002,8.676427782383357,8.96457576751709,6191916
5282,2004-08-11,9.22070887763435,9.348774919949523,9.060626132369302,9.124659538269043,10317223
5283,2004-08-10,9.284742283534088,9.284742283534088,9.060626132369302,9.124659538269043,4996437
5284,2004-08-09,9.028609341369352,9.284741401672363,8.93256001112678,9.284741401672363,13298367
5285,2004-08-06,8.612397566413218,9.188691235231817,8.612397566413218,9.028609275817871,16633869
5286,2004-08-05,8.164167399802317,8.612398147583008,8.100134765612623,8.612398147583008,8525940
5287,2004-08-04,8.132151499322894,8.164167431801086,8.004088538894408,8.06811809539795,3093686
5288,2004-08-03,8.00408851180981,8.260216740252925,8.00408851180981,8.164167404174805,12255531
5289,2004-08-02,7.899380457631074,8.096866292968404,7.814744310364115,7.95580530166626,8825217
5290,2004-07-30,7.9840166155550785,8.096865547376655,7.842955637242392,7.899379730224609,3810353
5291,2004-07-29,8.096865547376655,8.096865547376655,7.871167683733501,7.899379730224609,3788005
5292,2004-07-28,8.57646924316073,8.604681286051301,8.181501388549805,8.181501388549805,5478243
5293,2004-07-27,8.26613453226113,8.661104588731668,8.012226915060316,8.576468467712402,8522315
5294,2004-07-26,8.09686425196782,8.23792520771231,8.012227380178315,8.125076293945312,7251486
5295,2004-07-23,7.645468865603626,8.096863746643066,7.645468865603626,8.096863746643066,7622474
5296,2004-07-22,7.391562112494528,7.673681801743604,7.2787139384520705,7.589047908782959,4665893
5297,2004-07-21,7.476198988883436,7.730105888764833,7.476198988883436,7.589047908782959,5706788
5298,2004-07-20,7.6736831545103215,7.927593082580873,7.391563415527344,7.391563415527344,5666813
5299,2004-07-19,8.350772718246652,8.43540960605178,7.89937996119086,7.927592754364014,4956539
5300,2004-07-16,9.027862260511702,9.084286348362225,8.40719654829886,8.435408592224121,6835360
5301,2004-07-15,9.338196533631077,9.366408578457326,9.027862548828125,9.027862548828125,2669954
5302,2004-07-14,9.479257270469994,9.592103209428162,9.366408348083496,9.366408348083496,1792788
5303,2004-07-13,9.535679898333674,9.535679898333674,9.394621892713538,9.451045989990234,1331119
5304,2004-07-12,9.704951658096775,9.704951658096775,9.47925680776872,9.535677909851074,1603464
5305,2004-07-09,9.535679616164364,9.648528553235657,9.507467568360836,9.620316505432129,1614878
5306,2004-07-08,9.592102741218657,9.704951658096775,9.535677909851074,9.535677909851074,1536494
5307,2004-07-07,9.507468018528971,9.648529010082875,9.507468018528971,9.5921049118042,1541322
5308,2004-07-06,9.620313199927136,9.733162098223954,9.45104246298114,9.64852523803711,3269813
5309,2004-07-05,9.874225395964832,9.902437440821467,9.535678620113899,9.563891410827637,2434643
5310,2004-07-02,10.269193748091075,10.269193748091075,10.071708679199219,10.071708679199219,2060351
5311,2004-07-01,10.494890343436142,10.494890343436142,10.325617341104298,10.353829383850098,1244203
5312,2004-06-30,10.438465118408203,10.607738114356037,10.382041035044598,10.438465118408203,2373089
5313,2004-06-29,10.297405052944635,10.382041931152344,10.240980964710882,10.382041931152344,1215403
5314,2004-06-28,10.494890343436142,10.494890343436142,10.269192509755653,10.353829383850098,1825934
5315,2004-06-25,10.438467279459205,10.579528262928754,10.325619089369303,10.494892120361328,3897693
5316,2004-06-24,10.382041035044598,10.438465118408203,10.240980080778568,10.438465118408203,2235177
5317,2004-06-23,10.071708089162328,10.325617981332,10.071708089162328,10.240981101989746,1915331
5318,2004-06-22,10.015286445617676,10.015286445617676,10.015286445617676,10.015286445617676,0
5319,2004-06-21,10.212768523610656,10.297405404709608,10.015286445617676,10.015286445617676,2744520
5320,2004-06-18,10.212768909938305,10.269193748091075,9.987074032470039,10.071708679199219,2658990
5321,2004-06-17,10.184556121147398,10.46667728724994,10.156343333265822,10.297404289245605,3479248
5322,2004-06-16,10.438465375565292,10.551314290929612,9.958861401016367,10.156343460083008,3162607
5323,2004-06-15,10.240980964710882,10.41025397526922,10.184556876477131,10.382041931152344,3096481
5324,2004-06-14,10.66416028152526,10.805221240042323,10.212767601013184,10.212767601013184,3077180
5325,2004-06-11,10.72058741150535,10.72058741150535,10.579526452179232,10.607738494873047,3015559
5326,2004-06-10,10.777010538596027,10.88985946862395,10.720588684082031,10.720588684082031,3036054
5327,2004-06-09,10.748796843336239,11.059130793904794,10.748796843336239,10.918069839477539,7714524
5328,2004-06-08,10.946283560709345,11.002708398651873,10.720588684082031,10.720588684082031,4866449
5329,2004-06-07,10.52310564142606,10.918073616190602,10.52310564142606,10.861649513244629,5157999
5330,2004-06-04,10.6077385709096,10.7487972936757,10.156343647001817,10.410253524780273,5797730
5331,2004-06-03,10.805221302015664,10.83343334470948,10.579526452179232,10.607738494873047,7351805
5332,2004-06-02,10.720586718900343,11.002706381755067,10.720586718900343,10.805220603942871,8226932
5333,2004-06-01,11.341251881347565,11.341251881347565,10.861647112321478,11.143768310546875,6730044
5334,2004-05-31,11.171980407991859,11.228404494962243,11.087343531679219,11.20019245147705,10492936
5335,2004-05-28,10.889857174977843,11.228403147899167,10.889857174977843,11.03091812133789,14297723
5336,2004-05-27,10.69237611912309,10.833434104919434,10.579527194571886,10.833434104919434,6134282
5337,2004-05-26,11.002707092586457,11.002707092586457,10.607738494873047,10.607738494873047,5508562
5338,2004-05-25,10.63595269364548,10.692376786514384,10.466678923324483,10.579527854919434,6412624
5339,2004-05-24,10.128130992143472,10.805220726594332,10.015285064948841,10.664159774780273,16066351
5340,2004-05-21,9.563890993918736,10.128131866455078,9.507466160808034,10.128131866455078,12800887
5341,2004-05-20,9.817800632676045,9.874225468661836,9.394620702568034,9.479257583618164,4671757
5342,2004-05-19,9.563891624388162,9.958862498772017,9.563891624388162,9.874225616455078,6002046
5343,2004-05-18,9.62031576881848,9.958862554110322,9.225347129811261,9.394620895385742,6326469
5344,2004-05-17,9.87422550048914,10.043495533849471,9.676739692687988,9.676739692687988,5182083
5345,2004-05-14,10.579526985827556,10.69237590815214,10.353829887035468,10.382041931152344,6020219
5346,2004-05-13,10.55131621540628,10.635953103830877,10.438467279459205,10.494892120361328,4303580
5347,2004-05-12,10.494890324097788,10.83343334470948,10.494890324097788,10.607738494873047,9771265
5348,2004-05-11,10.212768122616426,10.353829834195064,9.90243713062872,10.325617790222168,6281347
5349,2004-05-10,10.466678150428418,10.494890940636683,10.18455696105957,10.18455696105957,5243064
5350,2004-05-07,10.297405755870171,10.805222584638726,10.240981663784776,10.720588684082031,12198382
5351,2004-05-06,10.720587157184957,10.889857917618212,10.184556121147398,10.297404289245605,11977640
5352,2004-05-05,11.425885894268264,11.566946840102121,10.523101360273177,10.551313400268555,16871830
5353,2004-05-04,11.566948718903289,11.90549250797997,11.171980840670978,11.31303882598877,18078324
5354,2004-05-03,11.990129470825195,12.413313152183742,11.990129470825195,11.990129470825195,8051584
5355,2004-04-30,13.400735706357308,13.400735706357308,12.864706039428711,12.864706039428711,8969355
5356,2004-04-29,13.88033658207572,14.049610325599078,13.795699710314041,13.823915481567383,4637948
5357,2004-04-28,14.247097159683282,14.388155149719827,14.106036186218262,14.106036186218262,4711117
5358,2004-04-27,14.388153076171875,14.529214029307903,14.106034153327865,14.388153076171875,3866882
5359,2004-04-26,14.529214029307903,14.670274982443932,14.388153076171875,14.388153076171875,2586740
5360,2004-04-23,14.670279502868652,14.811340499470493,14.529218506266812,14.670279502868652,3168089
5361,2004-04-22,14.670277746066862,14.952399705485746,14.529216766357422,14.529216766357422,6626487
5362,2004-04-21,14.811338725776304,14.811338725776304,14.529216766357422,14.529216766357422,3789080
5363,2004-04-20,14.952397476010551,15.093455451258954,14.811336517333984,14.811336517333984,3468757
5364,2004-04-19,15.234518221314024,15.234518221314024,14.811338278396551,14.952399253845215,6621719
5365,2004-04-16,15.234518051147461,15.375579025020501,15.09345707727442,15.234518051147461,5258233
5366,2004-04-15,15.234518051147461,15.516639998893542,15.09345707727442,15.234518051147461,5287699
5367,2004-04-14,15.234518051147461,15.375579025020501,15.09345707727442,15.234518051147461,4209976
5368,2004-04-13,15.65769948105234,15.79876045492538,15.234518051147461,15.234518051147461,4339639
5369,2004-04-12,15.093454012752154,15.516636848449707,15.093454012752154,15.516636848449707,8501269
5370,2004-04-09,15.093457221984863,15.093457221984863,14.952399230187895,15.093457221984863,3090412
5371,2004-04-08,15.093457221984863,15.234518197210344,14.952399230187895,15.093457221984863,3151073
5372,2004-04-07,14.811338254962415,15.234518197210344,14.811338254962415,15.093457221984863,3871481
5373,2004-04-06,15.093455451258954,15.093455451258954,14.811336517333984,14.811336517333984,3613354
5374,2004-04-05,14.952399253845215,15.09345724586536,14.811338278396551,14.952399253845215,4215785
5375,2004-04-02,15.093455451258954,15.234516409935521,14.811336517333984,14.811336517333984,3827467
5376,2004-04-01,14.811338254962415,15.093457221984863,14.811338254962415,15.093457221984863,3166226
5377,2004-03-31,15.093455451258954,15.234516409935521,14.811336517333984,14.811336517333984,3890377
5378,2004-03-30,15.516640147661304,15.516640147661304,15.093457221984863,15.093457221984863,5014577
5379,2004-03-29,14.811335105714996,15.516636848449707,14.811335105714996,15.516636848449707,7664539
5380,2004-03-26,14.670277746066862,14.811338725776304,14.529216766357422,14.529216766357422,3779764
5381,2004-03-25,15.09345770176658,15.09345770176658,14.529216766357422,14.529216766357422,5132547
5382,2004-03-24,14.52921459998085,14.811336517333984,14.388153641304285,14.811336517333984,6600221
5383,2004-03-23,14.049611952872915,14.670276948061245,14.049611952872915,14.24709701538086,16039223
5384,2004-03-22,15.093457221984863,15.093457221984863,15.093457221984863,15.093457221984863,1338396
5385,2004-03-19,15.939820145312883,16.221939086914062,15.79875918279817,16.221939086914062,9223826
5386,2004-03-18,15.375577006243276,16.22193826321354,15.234516050891209,15.9398193359375,10841146
5387,2004-03-17,15.37557601928711,15.516636965584492,15.234515072989725,15.37557601928711,3784122
5388,2004-03-16,15.375579025020501,15.516639998893542,15.09345707727442,15.234518051147461,6425031
5389,2004-03-15,16.362998168226948,16.362998168226948,15.37557601928711,15.37557601928711,12450391
5390,2004-03-12,16.363000049428777,16.504061011943488,16.080881107827594,16.221939086914062,9538694
5391,2004-03-11,16.645126342773438,16.927245358413394,16.504065343238945,16.645126342773438,8485349
5392,2004-03-10,16.363001366989057,17.209364226798815,16.221940393116018,16.927242279052734,37577629
5393,2004-03-09,16.080878165079366,16.50405799175473,15.798756291677323,16.36299705505371,12441674
5394,2004-03-08,16.363000060567643,16.50406102317838,16.080881118774414,16.080881118774414,11399736
5395,2004-03-05,15.939820156163677,16.221939097956906,15.79875919355294,16.080881118774414,15497926
5396,2004-03-04,15.657698495455469,15.798759460449219,15.657698495455469,15.798759460449219,6542701
5397,2004-03-03,15.657698631286621,15.798759597504082,15.093456258130944,15.657698631286621,10031208
5398,2004-03-02,15.798759597504082,15.939820563721542,15.516639156783324,15.657698631286621,6768373
5399,2004-03-01,15.516639156783324,15.798759597504082,15.516639156783324,15.657698631286621,6702445
5400,2004-02-27,15.798757247200804,15.939818192433322,15.516636848449707,15.516636848449707,4188789
5401,2004-02-26,15.798759597504082,15.939820563721542,15.516639156783324,15.657698631286621,9805709
5402,2004-02-25,15.516639156783324,15.798759597504082,15.234517224348403,15.657698631286621,11481547
5403,2004-02-24,15.657696420167927,15.657696420167927,15.37557601928711,15.37557601928711,7983613
5404,2004-02-23,15.375578190565863,15.798759597504082,15.093456258130944,15.657698631286621,14021318
5405,2004-02-20,15.234518051147461,15.375579025020501,15.09345707727442,15.234518051147461,6432321
5406,2004-02-19,15.234518051147461,15.234518051147461,14.952399086829864,15.234518051147461,7639855
5407,2004-02-18,14.811338254962415,15.093457221984863,14.811338254962415,15.093457221984863,8125215
5408,2004-02-17,14.811340499470493,14.952401496072333,14.670279502868652,14.670279502868652,5094221
5409,2004-02-16,14.952397476010551,14.952397476010551,14.670275558657417,14.811336517333984,3856664
5410,2004-02-13,14.670275558657417,14.952397476010551,14.670275558657417,14.811336517333984,4526943
5411,2004-02-12,14.952401496072333,14.952401496072333,14.529218506266812,14.670279502868652,8077378
5412,2004-02-11,14.52921459998085,14.811336517333984,14.52921459998085,14.811336517333984,4135624
5413,2004-02-10,14.670277746066862,14.811338725776304,14.529216766357422,14.529216766357422,4044502
5414,2004-02-09,14.952401496072333,15.093459509245209,14.529218506266812,14.670279502868652,9325495
5415,2004-02-06,14.388153641304285,14.811336517333984,14.24709566605588,14.811336517333984,8309564
5416,2004-02-05,14.388153076171875,14.388153076171875,14.247095106463894,14.388153076171875,4894221
5417,2004-02-04,14.388153076171875,14.529214029307903,14.247095106463894,14.388153076171875,3744716
5418,2004-02-03,14.529214029307903,14.529214029307903,14.247095106463894,14.388153076171875,3839329
5419,2004-02-02,14.670277746066862,14.811338725776304,14.529216766357422,14.529216766357422,3183736
5420,2004-01-30,14.529218506266812,14.811340499470493,14.529218506266812,14.670279502868652,4878411
5421,2004-01-29,14.38815578664798,14.670277746066862,14.247097790367146,14.529216766357422,7999707
5422,2004-01-28,14.529216766357422,14.670277746066862,14.247097790367146,14.529216766357422,11327561
5423,2004-01-27,15.23452050584705,15.23452050584705,14.529218506266812,14.670279502868652,5878395
5424,2004-01-26,14.952399253845215,14.952399253845215,14.952399253845215,14.952399253845215,0
5425,2004-01-23,14.952399253845215,14.952399253845215,14.952399253845215,14.952399253845215,0
5426,2004-01-22,14.952399253845215,14.952399253845215,14.952399253845215,14.952399253845215,0
5427,2004-01-21,14.952399253845215,14.952399253845215,14.952399253845215,14.952399253845215,0
5428,2004-01-20,14.952399253845215,14.952399253845215,14.952399253845215,14.952399253845215,0
5429,2004-01-19,14.952399253845215,14.952399253845215,14.952399253845215,14.952399253845215,0
5430,2004-01-16,15.375579196762688,15.375579196762688,14.952399253845215,14.952399253845215,5880866
5431,2004-01-15,15.375579025020501,15.516639998893542,15.234518051147461,15.234518051147461,3316102
5432,2004-01-14,15.234515072989725,15.798757366465312,15.09345412669234,15.37557601928711,9434862
5433,2004-01-13,15.516636965584492,15.657696420167927,15.234515072989725,15.37557601928711,5462097
5434,2004-01-12,15.516636965584492,15.516636965584492,15.234515072989725,15.37557601928711,7725621
5435,2004-01-09,14.670274271228088,15.516636965584492,14.670274271228088,15.37557601928711,21135371
5436,2004-01-08,14.529216766357422,14.670277746066862,14.38815578664798,14.529216766357422,4772756
5437,2004-01-07,14.529214029307903,14.670274982443932,14.388153076171875,14.388153076171875,5366610
5438,2004-01-06,14.81133593557996,14.81133593557996,14.388153076171875,14.388153076171875,3806460
5439,2004-01-05,14.247099496492096,14.670279502868652,14.247099496492096,14.670279502868652,7586986
5440,2004-01-02,14.077823252251639,14.388155003988691,14.021399161779971,14.24709701538086,5146542
5441,2004-01-01,14.106036186218262,14.106036186218262,14.106036186218262,14.106036186218262,0
5442,2003-12-31,14.247097159683282,14.247097159683282,14.106036186218262,14.106036186218262,1994336
5443,2003-12-30,14.24709701538086,14.24709701538086,14.021399161779971,14.24709701538086,7066860
5444,2003-12-29,14.247097159683282,14.247097159683282,14.106036186218262,14.106036186218262,1594906
5445,2003-12-26,14.106036043344583,14.388155003988691,14.049611952872915,14.24709701538086,5216375
5446,2003-12-25,14.247097159683282,14.388155149719827,14.106036186218262,14.106036186218262,2204999
5447,2003-12-24,13.99318786240125,14.529215976024968,13.99318786240125,14.24709701538086,7602473
5448,2003-12-23,13.993184089660646,14.021395381433244,13.88033444742879,13.993184089660645,2858730
5449,2003-12-22,13.852121663942372,14.07781945669226,13.823913355597414,13.993184089660645,3283740
5450,2003-12-19,14.106034409535514,14.24709536523363,13.823915481567383,13.823915481567383,7313803
5451,2003-12-18,14.106036186218262,14.388155149719827,14.106036186218262,14.106036186218262,3184587
5452,2003-12-17,14.529215976024968,14.670276948061245,14.106036043344583,14.24709701538086,5424271
5453,2003-12-16,14.670277746066862,14.811338725776304,14.529216766357422,14.529216766357422,1991417
5454,2003-12-15,14.811336517333984,14.952397476010551,14.670275558657417,14.811336517333984,2276734
5455,2003-12-12,15.093459509245209,15.093459509245209,14.670279502868652,14.670279502868652,6846366
5456,2003-12-11,14.811338278396551,14.952399253845215,14.670277302947888,14.952399253845215,3166258
5457,2003-12-10,14.811336517333984,14.952397476010551,14.670275558657417,14.811336517333984,5088525
5458,2003-12-09,15.09345724586536,15.234518221314024,14.811338278396551,14.952399253845215,3566375
5459,2003-12-08,15.234518197210344,15.234518197210344,14.952399230187895,15.093457221984863,3385428
5460,2003-12-05,14.952399086829864,15.375579025020501,14.952399086829864,15.234518051147461,14313619
5461,2003-12-04,14.952397476010551,14.952397476010551,14.811336517333984,14.811336517333984,3844688
5462,2003-12-03,15.09345724586536,15.09345724586536,14.952399253845215,14.952399253845215,3898831
5463,2003-12-02,15.234518197210344,15.375579172435824,14.952399230187895,15.093457221984863,3721713
5464,2003-12-01,15.234518051147461,15.234518051147461,14.952399086829864,15.234518051147461,2884172
5465,2003-11-28,15.375579172435824,15.516640147661304,15.093457221984863,15.093457221984863,3262374
5466,2003-11-27,15.516639998893542,15.516639998893542,15.234518051147461,15.234518051147461,3116100
5467,2003-11-26,15.516636848449707,15.657696301968286,15.37557590321719,15.516636848449707,2151721
5468,2003-11-25,15.657696301968286,15.798757247200804,15.516636848449707,15.516636848449707,3587223
5469,2003-11-24,15.798757247200804,15.798757247200804,15.516636848449707,15.516636848449707,3797925
5470,2003-11-21,15.516639022175866,15.798759460449219,15.375578057182116,15.798759460449219,8406070
5471,2003-11-20,15.234514957984672,15.939818192433322,15.234514957984672,15.516636848449707,10826975
5472,2003-11-19,15.234518051147461,15.375579025020501,15.09345707727442,15.234518051147461,3967402
5473,2003-11-18,15.234515072989725,15.657696420167927,15.09345412669234,15.37557601928711,11402704
5474,2003-11-17,15.516639998893542,15.65769948105234,15.234518051147461,15.234518051147461,5457131
5475,2003-11-14,16.080881529939003,16.080881529939003,15.516639156783324,15.657698631286621,7795379
5476,2003-11-13,16.080880291289567,16.22193826321354,15.9398193359375,15.9398193359375,3862175
5477,2003-11-12,16.080880291289567,16.22193826321354,15.9398193359375,15.9398193359375,4166779
5478,2003-11-11,16.080881118774414,16.221939097956906,15.939820156163677,16.080881118774414,4861636
5479,2003-11-10,16.080881118774414,16.363000060567643,15.939820156163677,16.080881118774414,3915266
5480,2003-11-07,16.363000060567643,16.363000060567643,15.939820156163677,16.080881118774414,6106380
5481,2003-11-06,16.221939086914062,16.363000049428777,16.080881107827594,16.221939086914062,4003038
5482,2003-11-05,16.221939086914062,16.363000049428777,16.080881107827594,16.221939086914062,4183505
5483,2003-11-04,16.786179953544668,16.786179953544668,16.080881107827594,16.221939086914062,12752890
5484,2003-11-03,16.645121705474438,16.78617968228142,16.504060745239258,16.504060745239258,2755458
5485,2003-10-31,16.927245358413394,16.927245358413394,16.504065343238945,16.645126342773438,4976399
5486,2003-10-30,16.78618049621582,17.209363397440804,16.645122512569166,16.78618049621582,22254053
5487,2003-10-29,16.927237818430097,16.927237818430097,16.36299705505371,16.36299705505371,4230011
5488,2003-10-28,16.504065343238945,16.786184358878902,16.504065343238945,16.645126342773438,4289738
5489,2003-10-27,16.645121705474438,16.645121705474438,16.504060745239258,16.504060745239258,2243355
5490,2003-10-24,16.504065343238945,16.786184358878902,16.363004343704453,16.645126342773438,3835386
5491,2003-10-23,16.645121705474438,16.927240642516598,16.504060745239258,16.504060745239258,5365245
5492,2003-10-22,16.36300057841918,16.927241463290816,16.221939611344183,16.78618049621582,9954308
5493,2003-10-21,16.50405799175473,16.64511892845575,16.36299705505371,16.36299705505371,5433029
5494,2003-10-20,16.645121705474438,16.645121705474438,16.362999785004078,16.504060745239258,5406868
5495,2003-10-17,17.068306357947886,17.068306357947886,16.645126342773438,16.645126342773438,7842267
5496,2003-10-16,16.645120383523864,17.068300247192383,16.362998485459542,17.068300247192383,10086675
5497,2003-10-15,16.362999785004078,16.645121705474438,16.362999785004078,16.504060745239258,7582553
5498,2003-10-14,16.927237818430097,17.068298755131117,16.36299705505371,16.36299705505371,7533123
5499,2003-10-13,16.927241463290816,17.068302430365808,16.78618049621582,16.78618049621582,5860650
5500,2003-10-10,16.927242279052734,16.927242279052734,16.927242279052734,16.927242279052734,0
5501,2003-10-09,16.927242279052734,17.068303252925773,16.645123314735137,16.927242279052734,3362946
5502,2003-10-08,16.927242279052734,17.209364226798815,16.786181305179692,16.927242279052734,4171151
5503,2003-10-07,17.068303252925773,17.350425200671854,16.927242279052734,16.927242279052734,4239335
5504,2003-10-06,17.632541059893065,17.632541059893065,17.068300247192383,17.068300247192383,5721022
5505,2003-10-03,16.927240925096154,17.35042381286621,16.786179962506136,17.35042381286621,9290137
5506,2003-10-02,16.78618049621582,16.927241463290816,16.645122512569166,16.78618049621582,4481896
5507,2003-10-01,16.645121705474438,16.645121705474438,16.362999785004078,16.504060745239258,2497406
5508,2003-09-30,16.927245358413394,17.068306357947886,16.645126342773438,16.645126342773438,4359278
5509,2003-09-29,16.645122512569166,16.927241463290816,16.645122512569166,16.78618049621582,6084057
5510,2003-09-26,16.645126342773438,16.786184358878902,16.504065343238945,16.645126342773438,2918252
5511,2003-09-25,16.504065343238945,16.645126342773438,16.363004343704453,16.645126342773438,4578737
5512,2003-09-24,16.786184358878902,16.927245358413394,16.645126342773438,16.645126342773438,4847347
5513,2003-09-23,16.504065343238945,16.645126342773438,16.22194334416996,16.645126342773438,5519325
5514,2003-09-22,17.20936735748238,17.35042835701687,16.504065343238945,16.645126342773438,10811137
5515,2003-09-19,17.63254386845168,17.77360483995241,17.20936393737793,17.20936393737793,9007761
5516,2003-09-18,17.773607582233033,17.773607582233033,17.350427585867063,17.491485595703125,6698363
5517,2003-09-17,17.914659493801427,18.055721930762246,17.632540586735537,17.773601531982422,13611077
5518,2003-09-16,17.491480702689152,18.05572302619508,17.35042273231222,17.63254165649414,9394439
5519,2003-09-15,17.914665592069095,17.914665592069095,17.350427585867063,17.491485595703125,11083022
5520,2003-09-12,17.350423533066245,17.914661407470703,17.350423533066245,17.914661407470703,25645055
5521,2003-09-11,17.068300247192383,17.068300247192383,17.068300247192383,17.068300247192383,0
5522,2003-09-10,16.080879570823182,17.068300247192383,15.939818621791021,17.068300247192383,18776828
5523,2003-09-09,16.363000060567643,16.50406102317838,15.939820156163677,16.080881118774414,8253457
5524,2003-09-08,15.79875919355294,16.221939097956906,15.657698230942202,16.080881118774414,6788275
5525,2003-09-05,16.22193826321354,16.362999218565612,15.657697425233366,15.9398193359375,8114974
5526,2003-09-04,16.645121985789118,16.78617996497161,15.939820156163677,16.080881118774414,10712146
5527,2003-09-03,16.927245358413394,16.927245358413394,16.645126342773438,16.645126342773438,7397124
5528,2003-09-02,16.645122512569166,16.78618049621582,16.50406154549417,16.78618049621582,6320933
5529,2003-09-01,17.20936735748238,17.35042835701687,16.645126342773438,16.645126342773438,10037613
5530,2003-08-29,16.645120383523864,17.209361196224542,16.645120383523864,17.068300247192383,18169443
5531,2003-08-28,16.504060745239258,16.78617968228142,16.362999785004078,16.504060745239258,16260967
5532,2003-08-27,16.362999785004078,16.78617968228142,16.362999785004078,16.504060745239258,41979761
5533,2003-08-26,17.491485595703125,17.491485595703125,17.491485595703125,17.491485595703125,5656999
5534,2003-08-25,19.043144441613848,19.184202395118557,18.761022567749023,18.761022567749023,6911069
5535,2003-08-22,18.902087077178532,19.184206020936173,18.902087077178532,19.043148040771484,12885498
5536,2003-08-21,18.337841248665637,18.761022567749023,18.337841248665637,18.761022567749023,20487756
5537,2003-08-20,16.305088248152295,16.305088248152295,15.669822965332475,15.775702476501465,19172793
5538,2003-08-19,15.881573940699335,16.305083011204964,15.881573940699335,16.09332847595215,15297751
5539,2003-08-18,15.987454133718119,15.987454133718119,15.563946400212014,15.775702476501465,8027497
5540,2003-08-15,16.199208156677095,16.410962713846093,15.881575584411621,15.881575584411621,11206786
5541,2003-08-14,15.881577425695477,16.30508658913443,15.881577425695477,15.987452507019043,10588845
5542,2003-08-13,15.881575584411621,15.987450653460204,15.669819554218677,15.881575584411621,23205754
5543,2003-08-12,15.458071308115821,15.775702476501465,15.458071308115821,15.775702476501465,10830782
5544,2003-08-11,16.09333123532379,16.09333123532379,15.246311476058258,15.352190971374512,14422433
5545,2003-08-08,16.516837546457776,16.516837546457776,16.09332847595215,16.09332847595215,12808795
5546,2003-08-07,16.51683807373047,16.622714608224914,16.30508353171774,16.51683807373047,11320997
5547,2003-08-06,16.51684152242162,16.51684152242162,16.305086936194858,16.410964965820312,7910759
5548,2003-08-05,16.728592615743196,16.83446915023764,16.30508353171774,16.51683807373047,11085736
5549,2003-08-04,16.728598764820592,16.834475338233013,16.62272071838379,16.62272071838379,8837282
5550,2003-08-01,17.046228812914354,17.257983418537876,16.72859764099121,16.72859764099121,24628361
5551,2003-07-31,16.83447420729083,16.940350773590453,16.51684303536769,16.72859764099121,19624962
5552,2003-07-30,16.940350773590453,16.940350773590453,16.51684303536769,16.72859764099121,19046181
5553,2003-07-29,17.999124280069182,17.999124280069182,16.83447603241022,17.15210723876953,37136045
5554,2003-07-28,18.528504478838574,18.952013607173715,17.99911880493164,17.99911880493164,29161088
5555,2003-07-25,17.999119979508976,18.634383713467404,17.999119979508976,18.210874557495117,45080002
5556,2003-07-24,17.681488849041806,18.42262913548126,17.469734271055664,18.210874557495117,43782570
5557,2003-07-23,17.681489578700802,17.681489578700802,17.257981878275785,17.575613021850586,22432098
5558,2003-07-22,16.94035033539025,17.575614135828292,16.62271917168335,17.469736099243164,16056695
5559,2003-07-21,17.152105379213975,17.257983418537876,16.72859764099121,16.72859764099121,15986552
5560,2003-07-18,17.046225691444526,17.15210223835625,16.72859457768534,16.94034767150879,13099434
5561,2003-07-17,17.46973613699649,17.57561417381043,17.046228408813477,17.046228408813477,19375647
5562,2003-07-16,17.469735353353094,17.89324453556292,17.469735353353094,17.681489944458008,36375170
5563,2003-07-15,17.78736406414138,17.78736406414138,17.152100430554675,17.257978439331055,26375392
5564,2003-07-14,16.728596147976404,17.575613021850586,16.728596147976404,17.575613021850586,57297348
5565,2003-07-11,15.881574447692289,16.51683807373047,15.881574447692289,16.51683807373047,25168370
5566,2003-07-10,16.30508658913443,16.51684117085391,15.987452507019043,15.987452507019043,18443590
5567,2003-07-09,16.622719207606213,16.728597244420154,16.30508804321289,16.30508804321289,16163201
5568,2003-07-08,16.728598764820592,16.940351911645436,16.410967571558942,16.62272071838379,38315908
5569,2003-07-07,16.199210379593552,16.622718079022924,15.987452847318501,16.410964965820312,37707431
5570,2003-07-04,15.775700871347796,15.987452507019043,15.563944816604204,15.987452507019043,17527412
5571,2003-07-03,16.09333364488711,16.41096628629702,15.775702476501465,15.775702476501465,36303155
5572,2003-07-02,15.987450653460204,16.093330141580623,15.775699042339093,15.881575584411621,27570246
5573,2003-07-01,15.352193269971096,15.881579041621924,15.246313758802106,15.775702476501465,28322659
5574,2003-06-30,15.775700114495256,15.775700114495256,15.246311476058258,15.352190971374512,22326555
5575,2003-06-27,16.622715797991148,16.72859381308762,15.881575584411621,15.881575584411621,31889568
5576,2003-06-26,16.94034922185099,16.94034922185099,16.199210379593552,16.410964965820312,37110273
5577,2003-06-25,16.093333442609257,17.046228408813477,15.987453932771073,17.046228408813477,72071598
5578,2003-06-24,15.775700871347796,16.30508658913443,15.669821370951885,15.987452507019043,34933353
5579,2003-06-23,15.881579041621924,16.199211683031834,15.775702476501465,15.775702476501465,15458318
5580,2003-06-20,15.669822965332475,16.199211683031834,15.669822965332475,15.775702476501465,23810692
5581,2003-06-19,15.775700871347796,15.987452507019043,15.563944816604204,15.987452507019043,18644299
5582,2003-06-18,15.775702476501465,16.41096628629702,15.775702476501465,15.775702476501465,20077261
5583,2003-06-17,15.98745093671729,16.093330426713624,15.669819831848145,15.669819831848145,15837061
5584,2003-06-16,15.88157586579287,16.093330426713624,15.669819831848145,15.669819831848145,15096338
5585,2003-06-13,15.987448998790054,16.305083011204964,15.987448998790054,16.09332847595215,12237030
5586,2003-06-12,15.881578490223564,16.51684227796316,15.66982242128615,16.19921112060547,29428813
5587,2003-06-11,16.093330426713624,16.093330426713624,15.563943287899754,15.669819831848145,18463188
5588,2003-06-10,16.09332847595215,16.199206480090453,15.775697409584824,16.09332847595215,25817872
5589,2003-06-09,15.140435276850175,16.199206480090453,15.140435276850175,16.09332847595215,49063311
5590,2003-06-06,14.611049434159336,15.246311684501533,14.505172883443658,15.140438079833984,27006039
5591,2003-06-05,15.246314271508806,15.246314271508806,14.611051913374762,14.716928482055664,15954936
5592,2003-06-04,14.822805404663086,14.822805404663086,14.822805404663086,14.822805404663086,0
5593,2003-06-03,15.140439505797877,15.140439505797877,14.71692737095149,14.822805404663086,21797987
5594,2003-06-02,14.822804452839573,15.35219164135537,14.71692642592677,15.246312141418457,31574503
5595,2003-05-30,13.975787035484332,14.822803851292091,13.869909012868332,14.505172729492188,26813579
5596,2003-05-29,13.869909505656736,14.081664085388184,13.764032952303063,14.081664085388184,17055004
5597,2003-05-28,14.187543838617872,14.399296971098975,13.869911193847658,13.869911193847656,30836041
5598,2003-05-27,13.658155288378406,13.9757879029168,13.658155288378406,13.764033317565918,35480728
5599,2003-05-26,12.705262365357354,13.340524673461912,12.705262365357354,13.340524673461914,18806991
5600,2003-05-23,12.493505477905273,12.705260032737826,12.493505477905273,12.493505477905273,7637689
5601,2003-05-22,12.17587494436232,12.493506054765096,11.964120379752472,12.387629508972168,4464229
5602,2003-05-21,12.28175317777291,12.387631211138377,12.069999320578273,12.17587661743164,2483309
5603,2003-05-20,12.069998739366778,12.387630614631828,11.964121447611761,12.281752586364746,4490420
5604,2003-05-19,12.069998739366778,12.281752586364746,11.964121447611761,12.281752586364746,4453737
5605,2003-05-16,12.705261753384812,12.917016336894845,12.281752586364746,12.281752586364746,4433838
5606,2003-05-15,12.599386043740239,12.7052640914917,12.387632894286117,12.7052640914917,4381826
5607,2003-05-14,12.387632894286117,12.7052640914917,12.175878271807594,12.7052640914917,9043997
5608,2003-05-13,12.281751490155246,12.493506054765096,12.17587494436232,12.387629508972168,11391566
5609,2003-05-12,12.493508553090637,12.493508553090637,11.8582454687396,11.964122772216797,16173367
5610,2003-05-09,12.28175092307272,12.705260032737826,12.28175092307272,12.493505477905273,5712449
5611,2003-05-08,12.493506054765096,12.599382600558021,12.281751490155246,12.387629508972168,7514201
5612,2003-05-07,12.91701871397022,13.022895288697281,12.493509469013178,12.7052640914917,13800518
5613,2003-05-06,13.02289467289019,13.12877271563505,12.705263490704276,12.811140060424805,8518529
5614,2003-05-05,13.12877001929099,13.340523115242886,12.917015450315068,13.022891998291016,5955819
5615,2003-05-02,13.022894101356659,13.234648704528809,12.81113949818451,13.234648704528809,9088839
5616,2003-05-01,13.022891998291016,13.022891998291016,13.022891998291016,13.022891998291016,0
5617,2003-04-30,13.340523115242886,13.55227768421881,13.022891998291016,13.022891998291016,15587620
5618,2003-04-29,12.917014369638542,13.234645460016434,12.705259818378645,13.128768920898438,16241328
5619,2003-04-28,12.7052640914917,12.81114066621876,12.175878271807594,12.7052640914917,11947189
5620,2003-04-25,13.234646567266939,13.55227768421881,12.917015450315068,13.022891998291016,14029691
5621,2003-04-24,14.399294360431089,14.399294360431089,13.552277565002441,13.552277565002441,25312603
5622,2003-04-23,14.61104927908414,14.928680400884042,14.293418157284236,14.505172729492188,26718525
5623,2003-04-22,14.505173091394688,14.611049643628247,14.187541961669922,14.187541961669922,11041887
5624,2003-04-21,14.822805404663086,15.034559999062077,14.611050810264096,14.822805404663086,29234293
5625,2003-04-18,14.18754416562684,14.716928482055666,14.18754416562684,14.716928482055664,18633718
5626,2003-04-17,13.869909873729288,13.9757879029168,13.658155288378406,13.764033317565918,9260529
5627,2003-04-16,13.340524350696136,13.975788116455078,13.340524350696136,13.975788116455078,20104011
5628,2003-04-15,13.022890908756539,13.234645460016434,13.022890908756539,13.128768920898438,8366188
5629,2003-04-14,13.022894505062627,13.128772546443024,12.811139895326146,12.917017936706543,6559031
5630,2003-04-11,13.128768920898438,13.234645460016434,13.022890908756539,13.128768920898438,4674452
5631,2003-04-10,13.340523115242886,13.340523115242886,12.917015450315068,13.022891998291016,8259788
5632,2003-04-09,13.128771552776525,13.340524673461912,12.811138925700048,13.340524673461914,13522299
5633,2003-04-08,13.340521999134431,13.44640001127633,13.022890908756539,13.128768920898438,12724941
5634,2003-04-07,13.022893519409633,13.446402706828806,12.811138925700048,13.340524673461914,18967931
5635,2003-04-04,12.281751743387298,13.12877001929099,12.281751743387298,13.022891998291016,15108194
5636,2003-04-03,12.493506054765096,12.599382600558021,12.281751490155246,12.387629508972168,7520011
5637,2003-04-02,12.175878919040228,12.175878919040228,11.964124285305475,12.070001602172852,4416581
5638,2003-04-01,11.858244726871536,12.17587661743164,11.858244726871536,12.17587661743164,7487619
5639,2003-03-31,12.599385120055688,12.599385120055688,11.8582454687396,11.964122772216797,9557504
5640,2003-03-28,13.022895288697281,13.128773336448742,12.599386043740239,12.7052640914917,10323215
5641,2003-03-27,12.387632148877495,12.917017936706543,12.2817541074971,12.917017936706543,11254943
5642,2003-03-26,12.387629508972168,12.493506054765096,12.281751490155246,12.387629508972168,3494740
5643,2003-03-25,12.49350716987478,12.705261753384812,12.281752586364746,12.281752586364746,10808334
5644,2003-03-24,13.340525683155194,13.340525683155194,12.917017936706543,12.917017936706543,4541485
5645,2003-03-21,13.34052526960275,13.34052526960275,12.917017536282717,13.234648704528809,10030230
5646,2003-03-20,13.128771552776525,13.446402706828806,12.811138925700048,13.340524673461914,20274278
5647,2003-03-19,12.811139895326146,13.128772546443024,12.811139895326146,12.917017936706543,23798970
5648,2003-03-18,12.493509469013178,12.7052640914917,12.493509469013178,12.7052640914917,13705068
5649,2003-03-17,11.964122772216797,12.281753946136243,11.8582454687396,11.964122772216797,6493598
5650,2003-03-14,12.493507771479646,12.599384331820914,12.17587661743164,12.17587661743164,12966391
5651,2003-03-13,12.175878919040228,12.281755499395365,11.964124285305475,12.070001602172852,7111286
5652,2003-03-12,12.069998739366778,12.281752586364746,11.964121447611761,12.281752586364746,12115456
5653,2003-03-11,11.540615754348208,12.281755499395365,11.434738437480831,12.070001602172852,19368202
5654,2003-03-10,11.646490097045898,11.752367386875342,11.434735517387013,11.646490097045898,11774547
5655,2003-03-07,10.799473208564006,11.646490845090769,10.799473208564006,11.434736251831055,15867246
5656,2003-03-06,10.905351638793945,11.01122894642964,10.799474331158251,10.905351638793945,8763448
5657,2003-03-05,11.328857535457631,11.328857535457631,10.693595308314368,10.799471855163574,8361547
5658,2003-03-04,11.646490845090769,11.646490845090769,11.434736251831055,11.434736251831055,2708767
5659,2003-03-03,11.540612446611053,11.858243569662426,11.540612446611053,11.75236701965332,5086790
5660,2003-02-28,11.54061222076416,11.54061222076416,11.54061222076416,11.54061222076416,0
5661,2003-02-27,11.646489505213301,11.752366789662442,11.328857651865878,11.54061222076416,4993651
5662,2003-02-26,11.964120856183559,12.06999814270469,11.75236701965332,11.75236701965332,5370858
5663,2003-02-25,12.17587737917119,12.17587737917119,11.964122772216797,11.964122772216797,3319928
5664,2003-02-24,12.281751490155246,12.387629508972168,12.069997662057396,12.387629508972168,3988548
5665,2003-02-21,12.387631211138377,12.387631211138377,12.069999320578273,12.17587661743164,4067670
5666,2003-02-20,12.069999320578273,12.387631211138377,12.069999320578273,12.17587661743164,3731276
5667,2003-02-19,12.281755499395365,12.38763355277498,12.070001602172852,12.070001602172852,5917415
5668,2003-02-18,12.599386713485256,12.599386713485256,12.070001602172852,12.070001602172852,5801815
5669,2003-02-17,12.493508693381692,12.599385261535645,12.281754084049481,12.599385261535645,8955805
5670,2003-02-14,12.070001602172852,12.281755499395365,11.964124285305475,12.070001602172852,7382737
5671,2003-02-13,12.070000075693994,12.281753946136243,11.964122772216797,11.964122772216797,4042005
5672,2003-02-12,12.493507771479646,12.493507771479646,12.069999320578273,12.17587661743164,4381784
5673,2003-02-11,12.705260032737826,12.811136573642138,12.493505477905273,12.493505477905273,4825424
5674,2003-02-10,12.387632125227741,12.705263302713904,12.281754084049481,12.599385261535645,4254979
5675,2003-02-07,12.175874382168407,12.599382018809585,12.069997104752131,12.493505477905273,6735800
5676,2003-02-06,13.340522224211556,13.340522224211556,12.493505477905273,12.493505477905273,6634070
5677,2003-02-05,13.340524673461912,13.340524673461912,13.340524673461912,13.340524673461914,0
5678,2003-02-04,13.340524673461912,13.340524673461912,13.340524673461912,13.340524673461914,0
5679,2003-02-03,13.340524673461912,13.340524673461912,13.340524673461912,13.340524673461914,0
5680,2003-01-31,13.340524673461912,13.340524673461912,13.340524673461912,13.340524673461914,0
5681,2003-01-30,13.340524673461912,13.340524673461912,13.340524673461912,13.340524673461914,0
5682,2003-01-29,13.340524673461912,13.340524673461912,13.340524673461912,13.340524673461914,0
5683,2003-01-28,13.022893519409633,13.446402706828806,13.022893519409633,13.340524673461914,4298312
5684,2003-01-27,13.446403307700956,13.5522798727749,13.022894101356659,13.234648704528809,7417351
5685,2003-01-24,14.18754264710005,14.29341920444873,13.65815544128418,13.65815544128418,5516604
5686,2003-01-23,13.764032952303063,14.081664085388184,13.658154925925288,14.081664085388184,10169026
5687,2003-01-22,13.5522788839355,13.764033471657017,13.340524296213983,13.65815544128418,4711254
5688,2003-01-21,13.446401017957866,13.764032132115606,13.446401017957866,13.552277565002441,7700824
5689,2003-01-20,13.658155667955272,13.658155667955272,13.446402549743652,13.446402549743652,8217657
5690,2003-01-17,13.869909873729288,14.081664459080171,13.764033317565918,13.764033317565918,9099941
5691,2003-01-16,14.822804377936198,15.034558957667645,14.081664085388184,14.081664085388184,13082435
5692,2003-01-15,15.2463152620197,15.352194783627931,14.928684062317059,15.034562110900879,18046443
5693,2003-01-14,14.928683280944824,15.140440840053415,14.611052097867105,14.928683280944824,24074388
5694,2003-01-13,14.081665060778722,14.822805404663086,14.081665060778722,14.822805404663086,21574041
5695,2003-01-10,13.658156588342274,14.399296971098975,13.658156588342274,13.869911193847656,21701649
5696,2003-01-09,13.340522997889275,13.552277565002441,13.128769903800125,13.552277565002441,6947901
5697,2003-01-08,13.23464795850785,13.552279108849461,13.022893367272049,13.446402549743652,11980509
5698,2003-01-07,13.446403307700956,13.764034475947048,13.234648704528809,13.234648704528809,15827146
5699,2003-01-06,13.128768920898438,13.340521999134431,12.917014369638542,13.128768920898438,12657238
5700,2003-01-03,12.493506312363222,13.022891998291016,12.387629764387272,13.022891998291016,18479629
5701,2003-01-02,12.069999320578273,12.28175317777291,11.964122023724904,12.17587661743164,4595342
5702,2003-01-01,12.070001602172852,12.070001602172852,12.070001602172852,12.070001602172852,0
5703,2002-12-31,12.175878919040228,12.38763355277498,12.070001602172852,12.070001602172852,3489907
5704,2002-12-30,12.387630614631828,12.49350716987478,12.175876031121794,12.281752586364746,4625133
5705,2002-12-27,12.7052640914917,13.128773336448742,12.7052640914917,12.7052640914917,4707231
5706,2002-12-26,12.705260881339145,13.12877001929099,12.493506312363222,13.022891998291016,8261843
5707,2002-12-25,12.599385261535645,12.811139870867855,12.387632125227741,12.599385261535645,5484920
5708,2002-12-24,12.599385261535645,12.811139870867855,12.493508693381692,12.599385261535645,7916636
5709,2002-12-23,13.022891128474692,13.022891128474692,12.493505477905273,12.493505477905273,5008890
5710,2002-12-20,12.705263326970062,13.022894505062627,12.070000234272774,12.917017936706543,13777011
5711,2002-12-19,12.91701871397022,13.022895288697281,12.7052640914917,12.7052640914917,6396802
5712,2002-12-18,13.234646567266939,13.446401136242862,13.022891998291016,13.022891998291016,5014635
5713,2002-12-17,13.764033860881085,13.764033860881085,13.340524673461912,13.340524673461914,5709665
5714,2002-12-16,13.340522997889275,13.552277565002441,13.2346464508447,13.552277565002441,3506481
5715,2002-12-13,14.187541266341936,14.187541266341936,13.552277565002441,13.552277565002441,9240081
5716,2002-12-12,14.293418513903482,14.293418513903482,13.658154781429864,14.187541961669922,7969593
5717,2002-12-11,14.399295066137043,14.611049643628247,14.187541961669922,14.187541961669922,7138518
5718,2002-12-10,14.716926952949535,14.716926952949535,14.293419249204565,14.399295806884766,8066382
5719,2002-12-09,14.92868196535048,15.140439505797877,14.71692737095149,14.822805404663086,12706124
5720,2002-12-06,14.505174046568337,14.822805197209288,14.399296014338566,14.611050605773926,10606854
5721,2002-12-05,14.822805197209288,14.928681756414877,14.399296014338566,14.611050605773926,6192781
5722,2002-12-04,14.92868196535048,15.034559999062077,14.71692737095149,14.822805404663086,6636225
5723,2002-12-03,14.716925984875013,15.140438079833984,14.611049434159336,15.140438079833984,16765150
5724,2002-12-02,14.399295806884766,14.399295806884766,14.399295806884766,14.399295806884766,0
5725,2002-11-29,14.081664660819998,14.399295806884766,13.869910072435431,14.399295806884766,9887284
5726,2002-11-28,13.97578923311249,14.187543838617872,13.764034627607106,13.869911193847656,11391274
5727,2002-11-27,14.187542488267681,14.187542488267681,13.764033317565918,13.764033317565918,7250401
5728,2002-11-26,14.505173091394688,14.716926195861808,14.187541961669922,14.187541961669922,8005397
5729,2002-11-25,14.399294706876187,14.505172729492188,14.187541607692285,14.505172729492188,9911041
5730,2002-11-22,14.611052946833787,14.71692952300348,14.293421745300291,14.293421745300293,13614637
5731,2002-11-21,14.505173091394688,14.716926195861808,14.081663936412276,14.187541961669922,19069730
5732,2002-11-20,14.8228049836539,14.928681541334102,14.399295806884766,14.399295806884766,14324935
5733,2002-11-19,15.140440840053415,15.352193980089007,14.928683280944824,14.928683280944824,8169503
5734,2002-11-18,15.458069205005083,15.458069205005083,15.140438079833984,15.140438079833984,10815162
5735,2002-11-15,15.669821437906593,15.669821437906593,15.35219177350637,15.458069801330566,22674223
5736,2002-11-14,15.246311684501533,15.563944282696697,15.034558583070178,15.140438079833984,18123676
5737,2002-11-13,15.2463152620197,15.458072832211752,14.822807486757648,15.034562110900879,16231509
5738,2002-11-12,14.822804452839573,15.458069668268173,14.71692642592677,15.246312141418457,15775469
5739,2002-11-11,15.881576880891862,15.987451958583474,15.034558583070178,15.140438079833984,21978642
5740,2002-11-08,15.881575584411621,16.30508469874962,15.775699042339093,15.881575584411621,18895803
5741,2002-11-07,16.093333442609257,16.728597244420154,15.881578842005627,16.30508804321289,61660880
5742,2002-11-06,15.563944816604204,16.093332007414954,15.352191707908844,15.987452507019043,43661106
5743,2002-11-05,15.246311476058258,15.45806899366672,15.140437872838184,15.352190971374512,32242063
5744,2002-11-04,15.034561323986953,15.034561323986953,14.7169286678849,14.928683280944824,25489775
5745,2002-11-01,14.61104927908414,15.034558423500043,14.399294706876187,14.505172729492188,27306040
5746,2002-10-31,14.505172729492188,14.822803851292091,14.505172729492188,14.505172729492188,16998029
5747,2002-10-30,14.82280757219759,14.928684148367282,14.1875451691306,14.293421745300293,22552081
5748,2002-10-29,14.716929438173826,15.2463152620197,14.716929438173826,15.034562110900879,19442083
5749,2002-10-28,15.034561134147001,15.246314271508806,14.716928482055666,14.716928482055664,23676411
5750,2002-10-25,15.66982451030616,15.66982451030616,14.928684062317059,15.034562110900879,27192886
5751,2002-10-24,15.458071308115821,16.09333364488711,15.034560628561186,15.775702476501465,58355080
5752,2002-10-23,14.822802700561452,15.669819450613216,14.293417047651108,15.563942909240723,51908853
5753,2002-10-22,15.775701815970645,16.093332971057027,14.822805404663086,14.822805404663086,37672048
5754,2002-10-21,15.669819831848145,15.775699321844478,15.246310710006636,15.669819831848145,19039531
5755,2002-10-18,15.563946400212014,15.881579041621924,15.140440139730176,15.775702476501465,41157658
5756,2002-10-17,14.822804008614757,15.669820833412375,14.716925984875013,15.140438079833984,47945566
5757,2002-10-16,14.822805404663086,14.822805404663086,14.611050810264096,14.822805404663086,38448308
5758,2002-10-15,13.34052541659634,13.869911193847658,13.34052541659634,13.869911193847656,9346316
5759,2002-10-14,13.022891998291016,13.234646567266939,12.599382860339169,13.022891998291016,19763725
5760,2002-10-11,14.18754139114658,14.293417939122527,13.022891998291016,13.022891998291016,26024845
5761,2002-10-10,13.975788116455078,13.975788116455078,13.975788116455078,13.975788116455078,0
5762,2002-10-09,14.399295820603541,14.611050409189856,13.975788116455078,13.975788116455078,24217958
5763,2002-10-08,14.399295806884766,14.611050395269332,13.975788103139795,14.399295806884766,23728661
5764,2002-10-07,14.1875451691306,14.399298321469985,13.975790543766797,14.293421745300293,28463369
5765,2002-10-04,14.611049643628247,14.822804221119453,14.187541961669922,14.187541961669922,20337917
5766,2002-10-03,15.881577356847057,16.093331937648554,15.246312141418457,15.246312141418457,20021803
5767,2002-10-02,16.940350371999536,17.046228408813477,16.30508804321289,16.30508804321289,16277674
5768,2002-10-01,16.834475338233013,17.04622995808224,16.516844144971365,16.62272071838379,7540460
5769,2002-09-30,16.940350371999536,17.15210497260317,16.410966080026828,17.046228408813477,9675024
5770,2002-09-27,17.57561570301214,17.893246895041603,17.257984510982677,17.363861083984375,12280024
5771,2002-09-26,17.78737032203991,17.9991234680433,17.363861083984375,17.363861083984375,13389268
5772,2002-09-25,17.893246895041603,18.10500151406937,16.72859869992545,17.363861083984375,15182270
5773,2002-09-24,17.999122262934346,18.422631472634343,17.893245697021484,17.893245697021484,14124007
5774,2002-09-23,18.952013607173715,19.163768171341285,17.89324225935985,17.99911880493164,11603781
5775,2002-09-20,18.952014923095703,19.16376950196633,18.634383791301815,18.952014923095703,7700166
5776,2002-09-19,19.26964531718049,19.79903100757828,18.952014197546625,19.163768768310547,10010371
5777,2002-09-18,19.05789147601897,19.375524080836957,18.952014923095703,18.952014923095703,5340255
5778,2002-09-17,18.95201866743185,19.693159103393555,18.846140620566242,19.693159103393555,13779519
5779,2002-09-16,19.48140139643064,19.587277953498827,18.74026107788086,18.74026107788086,10033154
5780,2002-09-13,19.481401443481445,20.010787176149247,19.481401443481445,19.481401443481445,25736875
5781,2002-09-12,19.26964685580949,19.693156031153396,19.05789226813754,19.481401443481445,12520827
5782,2002-09-11,19.163765346257023,19.69315094212298,19.163765346257023,19.269641876220703,13407649
5783,2002-09-10,18.528505056018776,19.26964531718049,17.999119365620988,19.163768768310547,19965981
5784,2002-09-09,18.42262842649006,18.84613609313965,18.104997308246862,18.84613609313965,11753063
5785,2002-09-06,18.422632217407227,18.422632217407227,18.422632217407227,18.422632217407227,0
5786,2002-09-05,20.116666178643484,20.116666178643484,18.422632217407227,18.422632217407227,20201095
5787,2002-09-04,19.375524517051826,20.222541378579724,19.375524517051826,19.79903221130371,9556164
5788,2002-09-03,19.693155655996772,19.904910239634777,19.375524517051826,19.79903221130371,9843755
5789,2002-09-02,20.116663733473146,20.540172908817052,19.481401443481445,19.481401443481445,11916152
5790,2002-08-30,21.387187454878703,21.387187454878703,20.540170669555664,20.540170669555664,8618968
5791,2002-08-29,21.1754353457466,21.493069438994848,20.963682229629434,21.281314849853516,10105100
5792,2002-08-28,21.281311693604035,21.598941320671862,20.96367912048831,21.175432205200195,13194030
5793,2002-08-27,21.916574636653795,22.12832624128716,21.38718605041504,21.38718605041504,7878928
5794,2002-08-26,21.598946084006045,22.022456765900795,21.387191479570806,21.916580200195312,9651093
5795,2002-08-23,22.657716751098633,22.657716751098633,22.657716751098633,22.657716751098633,0
5796,2002-08-22,22.234209059272573,22.657716751098633,21.916577922147,22.657716751098633,27849321
5797,2002-08-21,21.916576759023904,22.128328384162995,21.59894269270708,22.02245330810547,10385305
5798,2002-08-20,21.493070991324835,22.234211370336034,21.493070991324835,21.916580200195312,23730282
5799,2002-08-19,22.02245190916748,22.128326978499473,21.175432205200195,21.175432205200195,10794428
5800,2002-08-16,22.128332550309064,22.128332550309064,21.38719214812997,21.810701370239258,20784520
5801,2002-08-15,22.445966676427513,23.081229036567127,21.810701370239258,21.810701370239258,28025637
5802,2002-08-14,21.59894269270708,22.02245330810547,21.493067616649554,22.02245330810547,17000429
5803,2002-08-13,21.49307088296409,21.91658008969938,21.281316279596446,21.704822540283203,11468597
5804,2002-08-12,21.387191092578806,21.70482225697213,21.175436491975173,21.493070602416992,11422885
5805,2002-08-09,21.281310984610307,21.810695151777363,21.175431499733875,21.38718605041504,26980337
5806,2002-08-08,19.693157882301243,20.751929447160894,19.481403274724457,20.64605140686035,34806294
5807,2002-08-07,19.375524886157546,19.799032588477296,19.26964685580949,19.481401443481445,16992424
5808,2002-08-06,17.787369116921905,18.846139194278905,17.681491078069214,18.63438606262207,18219918
5809,2002-08-05,18.104996823527426,18.634382497434355,17.99911880493164,17.99911880493164,14883520
5810,2002-08-02,18.422625217439926,19.269641876220703,18.10499415452511,19.269641876220703,21834984
5811,2002-08-01,20.11665853500148,20.434289597916298,19.163765346257023,19.269641876220703,19381110
5812,2002-07-31,20.96367979872918,21.069556344510563,20.540170669555664,20.540170669555664,5744833
5813,2002-07-30,21.175435290244767,21.38718987883108,20.540172997509988,20.963682174682617,15110063
5814,2002-07-29,20.751925234142423,21.175432890291944,20.540170669555664,20.540170669555664,11939686
5815,2002-07-26,21.17543718929018,21.387191796866965,20.540174839584104,20.64605140686035,10107020
5816,2002-07-25,22.23421206537287,22.23421206537287,21.49307166319377,21.810701370239258,19106118
5817,2002-07-24,20.96367842207661,21.598940601096203,20.75192387139545,21.38718605041504,9227156
5818,2002-07-23,20.540169320714288,21.38718605041504,20.540169320714288,21.38718605041504,12688424
5819,2002-07-22,20.751925234142423,21.069556344510563,20.540170669555664,20.540170669555664,5202584
5820,2002-07-19,20.751924562752478,21.175432205200195,20.646046547372585,21.175432205200195,8900924
5821,2002-07-18,21.281311693604035,21.704817863027806,21.175432205200195,21.175432205200195,8950889
5822,2002-07-17,21.069555662844255,21.38718676293603,20.751924562752478,21.175432205200195,9298662
5823,2002-07-16,22.445961024639146,22.657714109351033,21.175432205200195,21.175432205200195,16403992
5824,2002-07-15,22.6577167525216,22.6577167525216,22.234209060668945,22.234209060668945,10628918
5825,2002-07-12,21.704820393673668,22.763594778823236,21.704820393673668,22.657716751098633,26917391
5826,2002-07-11,20.540173051346766,21.704821082087847,20.540173051346766,21.281314849853516,15652955
5827,2002-07-10,21.598941320671862,21.810695878407696,21.069555662844255,21.175432205200195,11154648
5828,2002-07-09,21.916578587903693,22.12833023071289,21.49306941018864,22.12833023071289,12862959
5829,2002-07-08,22.022454478230557,22.86947133495999,21.81069842276805,22.234209060668945,35788427
5830,2002-07-05,20.434294250438015,21.59894371032715,20.434294250438015,21.59894371032715,28390377
5831,2002-07-04,20.328415298021056,21.069555508142738,19.90490765868291,20.43429183959961,20465688
5832,2002-07-03,18.846138061074413,20.43429529115159,18.422630350201675,20.328418731689453,16470749
5833,2002-07-02,19.163765346257023,19.69315094212298,18.846132810318426,19.269641876220703,7354029
5834,2002-07-01,19.79903026617024,19.79903026617024,19.057890032761772,19.37552261352539,5452752
5835,2002-06-28,19.693156449093827,20.11666416040152,19.269647264761943,19.904911041259766,13253254
5836,2002-06-27,18.952017187478383,19.269648357222774,18.42263141356298,19.057893753051758,12500037
5837,2002-06-26,17.99912224857874,18.846139194278905,17.787369116921905,18.63438606262207,12946867
5838,2002-06-25,19.269647580893626,19.269647580893626,18.10499951441039,18.528507232666016,10928619
5839,2002-06-24,20.328413067952617,20.540167600903754,19.269641876220703,19.269641876220703,15853040
5840,2002-06-21,20.540174839584104,21.17543718929018,20.22254366473107,20.64605140686035,10978128
5841,2002-06-20,20.963688230967744,21.17544140770413,20.328424281684818,21.069564819335938,6675825
5842,2002-06-19,21.704827295594274,21.916584891404426,20.85781016957496,21.069564819335938,11592142
5843,2002-06-18,22.234211258238712,22.340087823410403,21.704822540283203,21.704822540283203,14790598
5844,2002-06-17,22.022454345678963,22.234208926842815,21.387189129163296,21.59894371032715,16181457
5845,2002-06-14,21.387189129163296,21.59894371032715,21.175434547999444,21.59894371032715,26629284
5846,2002-06-13,21.004070281982422,21.31524147710758,20.692899086857263,21.004070281982422,34418299
5847,2002-06-12,20.070559961148742,20.692902452625088,19.837179335189624,20.537315368652344,12577289
5848,2002-06-11,21.93758617661325,21.93758617661325,20.38172721862793,20.38172721862793,14995894
5849,2002-06-10,21.393043363716934,22.015385997087844,21.315249803993574,21.859800338745117,13484600
5850,2002-06-07,21.54861973084972,21.78199884828874,21.004069430894244,21.08186149597168,12939490
5851,2002-06-06,21.937590947472284,22.093176584885978,21.6264196726449,21.782005310058594,19435916
5852,2002-06-05,21.315246936713724,22.093176584885978,21.237454848558773,21.782005310058594,31718946
5853,2002-06-04,20.926277365816812,21.237448548333266,20.69289824837779,21.08186149597168,16390888
5854,2002-06-03,21.15965502215247,21.470827665772287,20.926277365816812,21.08186149597168,23921929
5855,2002-05-31,20.148353240016107,20.848487854003906,19.914974061284344,20.848487854003906,16015304
5856,2002-05-30,20.303940249888676,20.84848926870769,20.226146697998047,20.226146697998047,16399221
5857,2002-05-29,20.848486614390517,21.00407369836326,20.537315368652344,20.537315368652344,7089494
5858,2002-05-28,21.15965502215247,21.704205322107946,21.004069430894244,21.08186149597168,18057879
5859,2002-05-27,21.393034139591492,21.393034139591492,21.004069430894244,21.08186149597168,10432782
5860,2002-05-24,20.69290505863612,21.704212465198456,20.69290505863612,21.470834732055664,34331941
5861,2002-05-23,21.004075667778956,21.159661305236295,20.6151123046875,20.6151123046875,9148938
5862,2002-05-22,21.081862350212003,21.31524147710758,20.615107018627683,21.004070281982422,16843050
5863,2002-05-21,20.615107018627683,21.159655879545,20.615107018627683,21.004070281982422,26053396
5864,2002-05-20,20.84848856921782,21.159661305236295,20.6151123046875,20.6151123046875,18220134
5865,2002-05-17,20.381727052024463,21.31524212696426,20.381727052024463,21.159656524658203,35246258
5866,2002-05-16,20.537313922612825,20.61510892022528,20.070558547973633,20.070558547973633,8368459
5867,2002-05-15,20.459525206126365,21.159661305236295,20.381731656845798,20.6151123046875,31735551
5868,2002-05-14,20.459521847207476,20.61510892022528,20.070558547973633,20.070558547973633,18782211
5869,2002-05-13,19.681591271975925,20.459520750968586,19.52600566839809,20.38172721862793,31026596
5870,2002-05-10,18.359117708444497,19.681594848632812,18.125738530114944,19.681594848632812,33177619
5871,2002-05-09,19.13704475510386,19.13704475510386,18.436908721923828,18.436908721923828,12961947
5872,2002-05-08,19.13704475510386,19.29263037791013,18.047945395459987,18.436908721923828,12759407
5873,2002-05-07,17.814565791134036,19.137044282907706,17.814565791134036,18.98145866394043,21302757
5874,2002-05-06,18.670286850775707,18.748078927310768,17.81456524226859,17.892358779907227,17104216
5875,2002-05-03,18.67029175615792,19.137048721313477,18.20353479100236,19.137048721313477,15978571
5876,2002-05-02,20.6929019336841,20.77069401261593,18.98145866394043,18.98145866394043,19998512
5877,2002-05-01,20.38172721862793,20.38172721862793,20.38172721862793,20.38172721862793,0
5878,2002-04-30,20.226141615050093,20.537312822205767,20.148349543812913,20.38172721862793,11741633
5879,2002-04-29,20.30393921137965,20.38173129818751,20.148353576660156,20.148353576660156,5823211
5880,2002-04-26,20.61511124522823,20.692903329407088,20.38173060938051,20.459524154663086,7189567
5881,2002-04-25,21.004075667778956,21.081867755955727,20.226146019388455,20.6151123046875,26102037
5882,2002-04-24,21.470834560423047,21.626420201642475,21.159661816880366,21.237455368041992,9627779
5883,2002-04-23,21.859798107661597,22.015383750124737,21.393041180272174,21.470834732055664,9691669
5884,2002-04-22,21.859800338745117,22.404350873496657,21.782008240125748,21.859800338745117,12493558
5885,2002-04-19,21.937590947472284,22.093176584885978,21.6264196726449,21.782005310058594,7406163
5886,2002-04-18,22.093177194440702,22.24876283614703,21.937591552734375,21.937591552734375,13350844
5887,2002-04-17,22.24875959978735,22.24875959978735,21.704209202474935,22.09317398071289,20319156
5888,2002-04-16,22.248760705753607,22.326552788606,21.626418198519676,21.70421028137207,11631790
5889,2002-04-15,22.482137297847228,22.871102076085183,22.01538044062385,22.09317398071289,27556209
5890,2002-04-12,21.70420981081328,22.404345846823976,21.626417729647457,22.248760223388672,19704097
5891,2002-04-11,22.093177194440702,22.404348477853357,21.62642026932172,21.937591552734375,40793751
5892,2002-04-10,21.31524752480523,22.24876283614703,21.31524752480523,21.937591552734375,43846648
5893,2002-04-09,21.004074947227576,21.54862539019919,20.848487854003906,20.848487854003906,21441750
5894,2002-04-08,21.626418936811028,21.70421102231912,20.692903682987723,20.848487854003906,16999434
5895,2002-04-05,21.782005310058594,21.782005310058594,21.782005310058594,21.782005310058594,0
5896,2002-04-04,21.548626123386157,22.093176584885978,20.848488563368853,21.782005310058594,27676584
5897,2002-04-03,21.70420773993799,21.859793348528317,21.470830057604253,21.548622131347656,17687025
5898,2002-04-02,20.92628357373139,22.170968673040925,20.92628357373139,21.782005310058594,51484813
5899,2002-04-01,21.081867917310955,21.081867917310955,20.692904551242474,20.77069664001465,9318881
5900,2002-03-29,21.237448548333266,21.315240613410698,21.004069430894244,21.08186149597168,17696336
5901,2002-03-28,20.615107018627683,21.159655879545,20.459519959961682,21.004070281982422,20415078
5902,2002-03-27,21.5486250219968,21.626418567279373,20.459524154663086,20.459524154663086,21632242
5903,2002-03-26,21.937591659445086,21.937591659445086,21.315247628488684,21.470834732055664,17679395
5904,2002-03-25,21.31524752480523,21.937591552734375,21.237455434503985,21.937591552734375,25133930
5905,2002-03-22,21.626420201642475,21.937591484081327,21.237455368041992,21.237455368041992,27742507
5906,2002-03-21,21.62641931278456,21.78200494760933,21.23745449517075,21.31524658203125,16204979
5907,2002-03-20,21.159661883098902,21.937591552734375,21.159661883098902,21.937591552734375,34419126
5908,2002-03-19,21.781999730898736,21.781999730898736,21.004070281982422,21.004070281982422,31440295
5909,2002-03-18,22.326554926448278,22.404348477853357,21.782005911028048,21.937591552734375,13304284
5910,2002-03-15,23.026689413355907,23.49344630540756,22.093175629252602,22.326553344726562,34274336
5911,2002-03-14,23.649030305421675,23.960201545333277,22.871102205642668,23.260066986083984,25934927
5912,2002-03-13,23.960204474425083,24.115790113400948,23.649033196473354,23.80461883544922,9805032
5913,2002-03-12,23.96020772767237,24.115793387773202,23.649036407470703,23.649036407470703,10673373
5914,2002-03-11,23.804613750339225,24.27137056755885,23.493442538859476,23.9601993560791,16637220
5915,2002-03-08,23.649036407470703,23.804622067571536,23.337865087269034,23.649036407470703,32114641
5916,2002-03-07,24.426956173298723,24.738127384778473,23.9601993560791,23.9601993560791,23082005
5917,2002-03-06,24.42695426940918,24.42695426940918,23.80461189495639,24.42695426940918,33715737
5918,2002-03-05,24.893712511352152,25.049299566068733,24.115783082182784,24.42695426940918,28584499
5919,2002-03-04,24.738132571204588,25.204890947385046,24.27137565612793,24.27137565612793,24905814
5920,2002-03-01,24.582543889405823,24.738128038151427,23.96019998890575,24.115785598754883,14609053
5921,2002-02-28,24.893718719482422,24.893718719482422,24.893718719482422,24.893718719482422,0
5922,2002-02-27,23.649032199066802,24.893718719482422,23.649032199066802,24.893718719482422,23664287
5923,2002-02-26,23.49345074736987,24.115793387773202,23.1822794271682,23.649036407470703,31809378
5924,2002-02-25,24.582540498033023,24.738124625314455,22.793304039953213,22.871097564697266,18054776
5925,2002-02-22,24.42695426940918,24.58254132412576,23.960197488569587,24.42695426940918,13450864
5926,2002-02-21,25.204886964533138,25.360474039410104,24.58254450943955,24.738128662109375,14332879
5927,2002-02-20,24.893718719482422,25.51606124913836,24.582547454654456,24.893718719482422,21015495
5928,2002-02-19,26.44957361971673,26.605160704858474,25.51605987548828,25.51605987548828,22135892
5929,2002-02-18,27.538670370206884,27.538670370206884,26.449569702148438,26.449569702148438,22412144
5930,2002-02-15,26.916332244873047,26.916332244873047,26.916332244873047,26.916332244873047,0
5931,2002-02-14,26.916332244873047,26.916332244873047,26.916332244873047,26.916332244873047,0
5932,2002-02-13,26.916332244873047,26.916332244873047,26.916332244873047,26.916332244873047,0
5933,2002-02-12,26.916332244873047,26.916332244873047,26.916332244873047,26.916332244873047,0
5934,2002-02-11,26.916332244873047,26.916332244873047,26.916332244873047,26.916332244873047,0
5935,2002-02-08,26.916332244873047,26.916332244873047,26.916332244873047,26.916332244873047,0
5936,2002-02-07,26.916332244873047,26.916332244873047,26.916332244873047,26.916332244873047,0
5937,2002-02-06,26.760745158043786,27.538674747775364,26.760745158043786,26.916332244873047,36513390
5938,2002-02-05,26.449572679908076,26.605159759521484,26.13840144288849,26.605159759521484,12683348
5939,2002-02-04,26.605159759521484,27.071915153947245,26.449572679908076,26.605159759521484,20574671
5940,2002-02-01,26.760740904135577,27.07191210612272,26.449569702148438,26.449569702148438,34880187
5941,2002-01-31,26.449569702148438,26.449569702148438,26.449569702148438,26.449569702148438,0
5942,2002-01-30,25.827227298174154,26.449569702148438,25.671643158284034,26.449569702148438,21368975
5943,2002-01-29,26.9163279662326,27.383086230316763,26.449569702148438,26.449569702148438,29122858
5944,2002-01-28,27.227503496324204,27.383090583153468,26.760745158043786,26.916332244873047,30644135
5945,2002-01-25,27.849846174837104,28.16101742825039,27.071916580200195,27.071916580200195,49938210
5946,2002-01-24,27.071916580200195,27.849846174837104,26.76074532678691,27.071916580200195,61825472
5947,2002-01-23,25.827227298174154,27.538670370206884,25.671643158284034,26.449569702148438,93549106
5948,2002-01-22,25.9828213722739,26.760748126077956,25.67165008631074,25.827234268188477,82650744
5949,2002-01-21,24.42695904611809,25.51605987548828,24.11578779804194,25.51605987548828,37970198
5950,2002-01-18,24.115784961818974,24.893714451621843,23.804613750339225,23.9601993560791,35994167
5951,2002-01-17,23.493442538859476,24.27137056755885,23.493442538859476,23.9601993560791,21931244
5952,2002-01-16,24.893712511352152,25.20488369857855,24.271368675795983,24.42695426940918,35826714
5953,2002-01-15,24.738128662109375,25.049302811863313,24.271371820789184,24.738128662109375,31183458
5954,2002-01-14,24.271375406853753,24.893719415001442,24.11578977009278,24.582548141479492,34585653
5955,2002-01-11,25.36047075329513,25.51605488580494,24.115783082182784,24.42695426940918,43647553
5956,2002-01-10,26.13840237164058,26.13840237164058,25.049304464477725,25.51605987548828,40122984
5957,2002-01-09,27.227502233560653,27.38308931317406,26.13840144288849,26.605159759521484,36449031
5958,2002-01-08,25.982817458231178,27.071915333937064,25.982817458231178,26.760744094848633,68717499
5959,2002-01-07,24.426962020250407,25.827234268188477,24.271376377268826,25.827234268188477,64340040
5960,2002-01-04,24.426961294486816,24.738132571204588,24.27137565612793,24.27137565612793,25372277
5961,2002-01-03,25.51605987548828,25.51605987548828,25.51605987548828,25.51605987548828,0
5962,2002-01-02,24.893717379335982,25.82723112356443,24.271373422080014,25.51605987548828,60658530
5963,2002-01-01,24.738128662109375,24.738128662109375,24.738128662109375,24.738128662109375,0
5964,2001-12-31,24.58254450943955,25.360474039410104,24.271371820789184,24.738128662109375,50989699
5965,2001-12-28,24.115790017769047,24.738132571204588,23.64903310269239,24.27137565612793,37735047
5966,2001-12-27,25.827233500820586,25.982820600283272,24.27137565612793,24.27137565612793,61459475
5967,2001-12-26,25.67164546620507,26.44957208000629,25.36047423624315,25.982816696166992,91930046
5968,2001-12-25,23.337860934238837,24.893718719482422,23.260068848583717,24.893718719482422,65067622
5969,2001-12-24,23.026688853618126,23.337860107421875,22.482138428909714,23.337860107421875,39586338
5970,2001-12-21,23.64903445874282,24.582549803528288,22.559934927780972,22.948898315429688,54442113
5971,2001-12-20,23.9601993560791,24.27137056755885,23.18227132737973,23.9601993560791,47332906
5972,2001-12-19,23.804613750339225,24.738127384778473,23.493442538859476,23.9601993560791,65446394
5973,2001-12-18,23.80461883544922,23.80461883544922,23.80461883544922,23.80461883544922,0
5974,2001-12-17,24.89371976938408,25.20489104733581,23.80461883544922,23.80461883544922,62818013
5975,2001-12-14,23.49344530188964,25.51605987548828,23.49344530188964,25.51605987548828,89697522
5976,2001-12-13,24.426956818453156,24.893715109104097,23.337857549509206,24.115785598754883,99378021
5977,2001-12-12,22.63772405581159,23.337860107421875,22.404346346010623,23.337860107421875,62234469
5978,2001-12-11,20.537320051175946,21.859800338745117,20.537320051175946,21.859800338745117,90784352
5979,2001-12-10,20.459524154663086,21.237453763073944,20.38173060938051,20.459524154663086,86973280
5980,2001-12-07,20.070560811561375,20.61511124522823,19.448218293715662,20.459524154663086,82056736
5981,2001-12-06,20.070557472575732,21.004071094042754,19.91497040789442,20.38172721862793,107298563
5982,2001-12-05,19.37042110270418,20.070558547973633,18.51470096772759,20.070558547973633,105814965
5983,2001-12-04,18.436911392062314,18.825876235961914,18.04794800926658,18.825876235961914,78440267
5984,2001-12-03,16.95884526170026,17.658981323242188,16.95884526170026,17.658981323242188,30494943
5985,2001-11-30,16.414295814609662,17.270016019354095,16.25871019001034,16.569881439208984,83240415
5986,2001-11-29,15.558575155164174,16.33650486263992,15.480781599975037,16.258712768554688,48975142
5987,2001-11-28,15.86974321512029,16.103122350470446,15.402984944419979,15.714156150817871,52380413
5988,2001-11-27,16.18091442151818,16.25870795366939,15.402984944419979,15.714156150817871,48670665
5989,2001-11-26,15.86974586798498,16.414296300762754,15.714158777673859,16.025331497192383,80809003
5990,2001-11-23,14.780642531624194,15.714156150817871,14.547263396274039,15.714156150817871,80679044
5991,2001-11-22,14.858433621697932,15.014019214624906,14.469470369932186,14.780641555786133,26442712
5992,2001-11-21,14.39168123596639,15.091818809509277,14.313889146308616,15.091818809509277,45388656
5993,2001-11-20,15.247402439497074,15.48078016116617,14.391680717468263,14.391680717468262,52673440
5994,2001-11-19,14.625057832544556,15.480777972487541,14.313886606910097,15.247400283813477,61064800
5995,2001-11-16,14.78064282676467,14.858434899365761,14.313886007847612,14.625057220458984,54780487
5996,2001-11-15,13.847129935898291,14.547266006469727,13.847129935898291,14.547266006469727,78269322
5997,2001-11-14,13.069201919842913,13.613752365112305,12.991409834006571,13.613752365112305,61258419
5998,2001-11-13,12.75802993774414,13.06920118582029,12.680237856276937,12.75802993774414,29450307
5999,2001-11-12,12.913616097450436,12.913616097450436,12.602444836466628,12.835824012756348,18107226
6000,2001-11-09,12.68023681640625,12.68023681640625,12.68023681640625,12.68023681640625,0
6001,2001-11-08,12.991408038964119,12.991408038964119,12.446857668936072,12.68023681640625,18976326
6002,2001-11-07,12.913614810041224,13.146993963064457,12.758029195060264,12.991408348083496,36009699
6003,2001-11-06,13.146993650243054,13.146993650243054,12.602443280215008,12.68023681640625,39325092
6004,2001-11-05,12.446856846106366,13.224784851074219,12.446856846106366,13.224784851074219,43061279
6005,2001-11-02,12.291273727327228,12.602444992155196,12.213480911120236,12.446859359741211,47284039
6006,2001-11-01,12.213480642560386,12.524652631097926,11.980102199071123,12.135687828063965,61020832
6007,2001-10-31,11.513343197898102,12.057892799377441,11.513343197898102,12.057892799377441,61742136
6008,2001-10-30,11.59113763847635,11.59113763847635,11.20217353334356,11.279966354370117,14077778
6009,2001-10-29,11.98010189695969,12.05789470949435,11.66893064682105,11.746721267700195,16601393
6010,2001-10-26,11.513345344159175,12.057895047150783,11.513345344159175,11.90230941772461,59318873
6011,2001-10-25,11.668929419743455,11.824515028451751,11.435549545577484,11.513343811035156,21467504
6012,2001-10-24,11.202173572178268,11.824517603652058,11.202173572178268,11.66893196105957,35886782
6013,2001-10-23,11.902307038424773,11.980099837586891,11.279963184024394,11.435548782348633,21556602
6014,2001-10-22,11.82451627189037,11.98010189695969,11.66893064682105,11.746721267700195,26865303
6015,2001-10-19,11.591137886047363,11.90231063790366,11.591137886047363,11.591137886047363,33852136
6016,2001-10-18,11.279963936869187,11.591135154285782,11.279963936869187,11.513343811035156,17351074
6017,2001-10-17,11.279966595294933,12.057896283279877,11.124380949918718,11.591137886047363,53962876
6018,2001-10-16,11.124380712317,11.279966354370117,10.81320869765885,11.279966354370117,28515072
6019,2001-10-15,11.046587808966297,11.279964778334731,10.890999996996136,11.12437915802002,33996348
6020,2001-10-12,11.046587944030762,11.046587944030762,10.735414507941234,11.046587944030762,59405551
6021,2001-10-11,10.113072800549338,10.346452713012695,10.113072800549338,10.346452713012695,8589402
6022,2001-10-10,9.724108695983887,9.724108695983887,9.724108695983887,9.724108695983887,0
6023,2001-10-09,9.412937428111343,9.801901512952023,9.412937428111343,9.724108695983887,19565902
6024,2001-10-08,9.179559057655274,9.64631596355468,9.179559057655274,9.257351875305176,9636123
6025,2001-10-05,9.101766664949203,9.646317188182666,8.868388182371424,9.568524360656738,37413560
6026,2001-10-04,9.801901402781008,9.957487034968533,9.023972511291504,9.023972511291504,33472726
6027,2001-10-03,9.957486188872046,10.190864617322964,9.490729331970215,9.490729331970215,20191980
6028,2001-10-02,10.890998825414233,10.890998825414233,10.190863609313965,10.190863609313965,11564445
6029,2001-10-01,10.891000747680664,10.891000747680664,10.891000747680664,10.891000747680664,0
6030,2001-09-28,10.891000747680664,10.891000747680664,10.891000747680664,10.891000747680664,0
6031,2001-09-27,11.124379924790684,11.279965555829454,10.891000747680664,10.891000747680664,9758475
6032,2001-09-26,10.813208983571682,11.43555229879149,10.657623337404715,11.357759475708008,29940178
6033,2001-09-25,11.279964241969983,11.591135467803147,10.735413866210166,10.813206672668457,29785947
6034,2001-09-24,10.7354154586792,10.7354154586792,10.7354154586792,10.7354154586792,0
6035,2001-09-21,10.7354154586792,10.7354154586792,10.7354154586792,10.7354154586792,431298
6036,2001-09-20,11.124379294035624,11.357757727361165,11.046587944030762,11.046587944030762,11975585
6037,2001-09-19,11.357759475708008,11.357759475708008,11.357759475708008,11.357759475708008,0
6038,2001-09-18,11.357759475708008,11.357759475708008,11.357759475708008,11.357759475708008,0
6039,2001-09-17,11.357759475708008,11.357759475708008,11.357759475708008,11.357759475708008,0
6040,2001-09-14,11.51334658297885,12.13568916764672,11.357759475708008,11.357759475708008,30145097
6041,2001-09-13,12.135687828063965,12.135687828063965,12.135687828063965,12.135687828063965,4249679
6042,2001-09-12,12.991408348083496,12.991408348083496,12.991408348083496,12.991408348083496,0
6043,2001-09-11,13.458165193026378,13.613750808007339,12.602443580079303,12.991408348083496,17372075
6044,2001-09-10,13.535958204747471,13.613751748162102,13.224786953296313,13.458166122436523,11770670
6045,2001-09-07,13.069201919842913,13.613752365112305,13.069201919842913,13.613752365112305,22865875
6046,2001-09-06,13.53595605306136,13.69154165405493,13.069199250080649,13.224784851074219,11877036
6047,2001-09-05,14.002715716501514,14.080509263441606,13.535958818172213,13.613752365112305,12583123
6048,2001-09-04,13.769336989355528,14.158301773358815,13.613751367974942,14.0805082321167,23354285
6049,2001-09-03,13.613752365112305,13.924923630665171,13.535958818172213,13.613752365112305,16067062
6050,2001-08-31,13.224786953296313,13.535958204747471,12.913615701845156,13.458166122436523,16080093
6051,2001-08-30,14.236095972904337,14.469475170271501,13.691545486450195,13.691545486450195,14908646
6052,2001-08-29,13.613749745460888,14.313885688781738,13.458164142623307,14.313885688781738,27848197
6053,2001-08-28,14.002716775537174,14.002716775537174,13.691545486450195,13.691545486450195,5666811
6054,2001-08-27,13.769340215600787,14.158305090741052,13.38037534046052,14.002717971801758,19442883
6055,2001-08-24,14.469472712513257,14.625058330629257,13.769336700439453,13.769336700439453,21915930
6056,2001-08-23,14.936227148713106,15.091814202743457,14.62505596285916,14.780641555786133,17190561
6057,2001-08-22,15.169606436028394,15.32519204565768,14.780643142506943,14.93622875213623,17908235
6058,2001-08-21,15.169608116149902,15.558572913854977,15.169608116149902,15.169608116149902,38908188
6059,2001-08-20,14.469474770516968,15.091818792601012,14.469474770516968,15.014023780822754,22772268
6060,2001-08-17,15.014019214624906,15.091814202743457,14.62505596285916,14.780641555786133,12530788
6061,2001-08-16,14.702852847898292,15.014024135744288,14.625060756488722,14.858438491821289,22870080
6062,2001-08-15,14.780644839770646,15.169608177956816,14.625059212275438,14.702851295471191,43425377
6063,2001-08-14,14.469471614153298,14.625057220458983,14.391678080448704,14.625057220458984,11182611
6064,2001-08-13,14.469473838806152,14.702851553594291,14.236094662914288,14.469473838806152,9369979
6065,2001-08-10,14.780645183694782,14.858437268700644,14.080509113123348,14.547266006469727,20090179
6066,2001-08-09,14.54726368675439,14.936228433070355,14.54726368675439,14.625057220458984,44257808
6067,2001-08-08,14.002712487863771,14.547262807574938,13.847126890961068,14.236091613769531,30995204
6068,2001-08-07,13.69154665613114,14.080511531271405,13.53596099829583,14.002717971801758,21078560
6069,2001-08-06,14.23609462691221,14.23609462691221,13.691544191944141,13.847129821777344,10886695
6070,2001-08-03,14.236091613769533,14.31388514277259,14.002712487863771,14.236091613769531,24230040
6071,2001-08-02,13.691541294058364,14.31388514277259,13.53595569715566,14.236091613769531,35513772
6072,2001-08-01,13.535958290100098,13.691543916806742,13.224787036686813,13.535958290100098,22372084
6073,2001-07-31,12.991408729115589,13.613751207292452,12.991408729115589,13.380372047424316,16006306
6074,2001-07-30,13.380372047424316,13.380372047424316,13.380372047424316,13.380372047424316,0
6075,2001-07-27,13.691543286512747,13.847128906056962,13.30257996820402,13.380372047424316,21887874
6076,2001-07-26,12.991409834006571,13.691544450948648,12.680238568453705,13.613752365112305,31535000
6077,2001-07-25,12.213479542626901,12.991408348083496,12.213479542626901,12.991408348083496,25573947
6078,2001-07-24,12.057893433448992,12.369065381209214,11.746720024585247,12.213479042053223,11591540
6079,2001-07-23,12.758030539981847,12.91361617136428,11.980102383069688,12.369067192077637,9092651
6080,2001-07-20,12.835823480315012,13.06920118582029,12.680237856276937,12.75802993774414,10783998
6081,2001-07-19,12.758030466958532,13.146995273740156,12.446859205974723,12.835824012756348,18786617
6082,2001-07-18,13.84713099198372,13.84713099198372,12.913617134094238,12.913617134094238,23124709
6083,2001-07-17,13.924922318555453,14.158301476281258,13.769336700439453,13.769336700439453,11456662
6084,2001-07-16,14.002717971801758,14.158305090741052,13.69154665613114,14.002717971801758,13268406
6085,2001-07-13,14.46947640641167,14.78064772208229,13.847132313966448,14.002717971801758,28696210
6086,2001-07-12,14.780645535055113,14.858437621910223,14.236095082654275,14.391680717468262,22927838
6087,2001-07-11,14.54726368675439,14.702849293060076,14.391678080448704,14.625057220458984,11571656
6088,2001-07-10,14.93623081481024,15.014022899816105,14.469473921463864,14.547266006469727,15509074
6089,2001-07-09,14.469470369932186,14.936227148713106,14.469470369932186,14.780641555786133,35550846
6090,2001-07-06,14.236094662914288,14.62505946903282,14.236094662914288,14.469473838806152,21983667
6091,2001-07-05,13.924920419964126,14.391677210672235,13.924920419964126,14.236091613769531,11533126
6092,2001-07-04,14.158305090741052,14.236097189106715,13.924925873436095,14.002717971801758,8940111
6093,2001-07-03,14.391677210672235,14.625056336577996,14.236091613769533,14.236091613769531,12936321
6094,2001-07-02,14.313888630613153,14.46947426542714,14.158302995799167,14.391680717468262,13124731
6095,2001-06-29,14.625059900241126,14.858437621910223,14.236095082654275,14.391680717468262,28753964
6096,2001-06-28,14.313888630613153,14.46947426542714,14.080509447840289,14.391680717468262,16122884
6097,2001-06-27,13.691544886521076,14.313888898529338,13.691544886521076,14.158303260803223,18284582
6098,2001-06-26,14.158302810381697,14.23609489621804,13.535958818172213,13.613752365112305,10596656
6099,2001-06-25,14.158303260803223,14.158303260803223,14.158303260803223,14.158303260803223,0
6100,2001-06-22,14.3916809868405,14.469474536255456,14.002716161973309,14.158303260803223,12682494
6101,2001-06-21,14.46947426542714,14.54726635228225,14.236095082654275,14.391680717468262,15879119
6102,2001-06-20,14.391677759648793,14.6250568944569,14.313885688781738,14.313885688781738,13411969
6103,2001-06-19,14.158302995799167,14.46947426542714,14.080509447840289,14.391680717468262,17946639
6104,2001-06-18,14.547266624566616,14.625060173981574,14.002716161973309,14.158303260803223,14930997
6105,2001-06-15,14.625057220458983,14.78064282676467,14.391678080448704,14.625057220458984,17426810
6106,2001-06-14,14.702848028770958,14.858433621697932,14.469470369932186,14.780641555786133,29891288
6107,2001-06-13,14.780644839770646,15.014022550461608,14.547265667975985,14.702851295471191,37383871
6108,2001-06-12,14.236094744238807,14.93623081481024,14.158302659232945,14.547266006469727,45388187
6109,2001-06-11,14.002712487863771,14.236091613769533,13.847126890961068,14.236091613769531,18348966
6110,2001-06-08,14.002714690874585,14.3138873947394,13.691543448113414,14.0805082321167,59191992
6111,2001-06-07,13.847129821777344,13.924923367245805,13.535958562110938,13.847129821777344,66556982
6112,2001-06-06,12.912730272969245,13.527623221880125,12.912730272969245,13.466134071350098,54854856
6113,2001-06-05,12.174861503616386,12.66677474975586,12.174861503616386,12.66677474975586,17395630
6114,2001-06-04,12.605284569015168,12.605284569015168,11.80592623929619,12.174861907958984,16158913
6115,2001-06-01,12.728263905523294,12.789754504901465,12.420818126686124,12.66677474975586,14675799
6116,2001-05-31,12.728267381749449,13.035714688164509,12.543801307678223,12.543801307678223,16482255
6117,2001-05-30,12.78975481551754,13.035711444560658,12.48230758560287,12.85124397277832,27625107
6118,2001-05-29,12.789753913879396,13.281667137287268,12.54379730217546,12.789753913879395,55267424
6119,2001-05-28,12.666772038253718,12.666772038253718,12.359326325229661,12.420815467834473,18467933
6120,2001-05-25,12.728264214645987,13.035711444560658,12.666775057385209,12.85124397277832,52565392
6121,2001-05-24,12.113367225725009,12.728260040283203,12.113367225725009,12.728260040283203,55703991
6122,2001-05-23,11.191034813881863,11.928905487060547,11.068057210458441,11.928905487060547,34744456
6123,2001-05-22,11.49848109631279,11.682949313491392,11.191035270690918,11.191035270690918,28704097
6124,2001-05-21,11.314012344746638,11.375501499121027,11.006565851069334,11.252522468566895,27781314
6125,2001-05-18,11.682947270992978,11.805925579741757,11.252522468566895,11.252522468566895,20968953
6126,2001-05-17,11.621458953684485,11.92890474770102,11.559969794881178,11.682948112487793,38788470
6127,2001-05-16,11.4984782570936,11.4984782570936,11.191032507386632,11.375500679016113,23250951
6128,2001-05-15,11.191032507386632,11.621457278781689,11.191032507386632,11.375500679016113,26683353
6129,2001-05-14,10.94507861019342,11.559970983242643,10.94507861019342,11.191035270690918,22693947
6130,2001-05-11,10.330183578289379,11.3754997651186,10.084226998283738,11.314010620117188,41430650
6131,2001-05-10,11.191035837834338,11.314014896120943,10.637633323669434,10.637633323669434,23074520
6132,2001-05-09,11.31401152907472,11.682946428723081,11.12954335744524,11.375500679016113,41213458
6133,2001-05-08,11.68294549012565,11.805923780128472,10.945075028303483,11.314010620117188,26597046
6134,2001-05-07,12.05188378711304,12.23635126352296,11.436990755469159,11.682948112487793,23985537
6135,2001-05-04,12.789752293506323,12.912729140167306,11.990392684936523,11.990392684936523,32629501
6136,2001-05-03,12.48230758560287,12.912731686428327,12.236350956559752,12.85124397277832,35404523
6137,2001-05-02,13.035708376918903,13.22017580529125,12.05188064865595,12.359326362609863,38395478
6138,2001-05-01,12.789753913879396,12.789753913879396,12.789753913879396,12.789753913879395,0
6139,2001-04-30,13.281667137287268,13.650602054843173,12.789753913879396,12.789753913879395,31630875
6140,2001-04-27,13.650603566935542,13.773581886409954,13.281668608512305,13.343157768249512,22618096
6141,2001-04-26,14.019537470924794,14.265494091374789,13.343156764687306,13.404645919799805,38271280
6142,2001-04-25,14.019537470924794,14.265494091374789,13.343156764687306,13.404645919799805,38271280
6143,2001-04-24,14.01953767187399,14.757407543800243,13.958048515880135,14.326983451843262,46376389
6144,2001-04-23,13.896557677941315,14.081025123596191,13.589111935183189,14.081025123596191,27688928
6145,2001-04-20,13.404645534824223,13.89655876159668,13.22017807478455,13.89655876159668,48112196
6146,2001-04-19,13.712092726672747,13.712092726672747,13.158690289037894,13.343157768249512,77614084
6147,2001-04-18,12.297838670209758,12.85124397277832,12.297838670209758,12.85124397277832,36234946
6148,2001-04-17,12.17486105079638,12.359328511237779,12.05188274383545,12.05188274383545,15652252
6149,2001-04-16,11.928904554915324,12.23635106576855,11.80592623929619,12.174861907958984,15816033
6150,2001-04-13,12.851240615978151,12.912728313567303,12.113368034362793,12.113368034362793,35770714
6151,2001-04-12,12.85124306680538,12.912730776120693,12.29783780325018,12.789753913879395,33582767
6152,2001-04-11,12.789753913879396,13.035710525583331,12.420817552712819,12.789753913879395,32886110
6153,2001-04-10,13.281671378407653,13.343160550968438,12.42082151894552,12.543801307678223,28297503
6154,2001-04-09,12.91273021697998,13.035709961117412,12.666773615926337,12.91273021697998,11566911
6155,2001-04-06,12.728262118017184,13.220176738684879,12.66677297088504,13.158687591552734,19794401
6156,2001-04-05,12.359326362609863,12.359326362609863,12.359326362609863,12.359326362609863,0
6157,2001-04-04,12.297835776208647,12.543795234592643,11.867412498478387,12.359326362609863,13381885
6158,2001-04-03,12.851247170482152,13.035714688164509,12.543801307678223,12.543801307678223,22209629
6159,2001-04-02,13.527623221880125,13.95804727559031,12.851242566049834,13.466134071350098,44576079
6160,2001-03-30,13.281668608512305,13.466136087723925,13.035711969563483,13.343157768249512,41396677
6161,2001-03-29,12.91272955941362,13.158687591552734,12.66677297088504,13.158687591552734,36388317
6162,2001-03-28,12.666773615926337,12.91273021697998,12.482306165136103,12.91273021697998,46177137
6163,2001-03-27,12.543795196654525,12.974217751277775,12.420815467834473,12.420815467834473,59462316
6164,2001-03-26,12.35932817677477,12.728263087673604,12.051882417692411,12.482306480407715,43225450
6165,2001-03-23,12.974217790517686,13.035708376918903,12.236348077028298,12.359326362609863,36291075
6166,2001-03-22,12.297834637009377,12.912727451567571,12.297834637009377,12.728260040283203,57189405
6167,2001-03-21,11.867415397105756,12.605284569015168,11.867415397105756,12.174861907958984,60701766
6168,2001-03-20,11.682947923677055,12.297838779967332,11.682947923677055,12.174861907958984,52174983
6169,2001-03-19,12.174861019629656,12.297837882665092,11.498478889465332,11.498478889465332,26859347
6170,2001-03-16,12.789751805755772,12.851240948546556,12.297835776208647,12.359326362609863,44586819
6171,2001-03-15,12.297838670209758,12.974220843689105,12.297838670209758,12.85124397277832,79828035
6172,2001-03-14,11.805924415588379,11.805924415588379,11.805924415588379,11.805924415588379,0
6173,2001-03-13,10.88358646911667,11.805924415588379,10.88358646911667,11.805924415588379,63397458
6174,2001-03-12,10.822099480640533,11.252522854207143,10.822099480640533,11.068056106567383,24209388
6175,2001-03-09,11.068054929309147,11.375500679016113,10.945075907621058,11.375500679016113,36645883
6176,2001-03-08,11.498478928113805,11.744436264038086,11.375501342859678,11.744436264038086,50061505
6177,2001-03-07,11.191032507386632,11.375500679016113,11.068054929309147,11.375500679016113,50113479
6178,2001-03-06,11.068058223158763,11.191035837834338,10.514654987188344,10.637633323669434,66250179
6179,2001-03-05,9.96124983769114,10.576141357421875,9.96124983769114,10.576141357421875,42704227
6180,2001-03-02,9.715293734449974,10.207206975786498,9.530826268948777,9.899761199951172,49529266
6181,2001-03-01,9.592313727413327,9.776781160285653,9.28486800595945,9.653802871704102,36122351
6182,2001-02-28,9.961250305175781,9.961250305175781,9.961250305175781,9.961250305175781,0
6183,2001-02-27,10.883587628057466,10.945076782916246,9.838271995458223,9.961250305175781,39517930
6184,2001-02-26,10.945076269260316,11.068055295011787,10.576141357421875,10.576141357421875,32210351
6185,2001-02-23,11.559967540033659,11.68294583365255,10.760607909705604,10.822097778320312,40114331
6186,2001-02-22,11.068055713959772,11.8059255655665,11.006565837853861,11.559968948364258,43320751
6187,2001-02-21,12.174860027260232,12.29783688027186,11.805924415588379,11.805924415588379,20474284
6188,2001-02-20,12.728263905523294,13.097200283738637,12.482307282453556,12.66677474975586,56486101
6189,2001-02-19,12.912727451567571,13.466131129030975,12.728260040283203,12.728260040283203,35304544
6190,2001-02-16,12.912732850772699,13.77358257365742,12.912732850772699,13.650604248046875,95421266
6191,2001-02-15,12.420817014872693,12.91273021697998,12.051882113292226,12.91273021697998,71019285
6192,2001-02-14,12.91273054312302,12.91273054312302,11.928903392254144,12.482306480407715,87854827
6193,2001-02-13,12.113368034362793,12.113368034362793,12.113368034362793,12.113368034362793,6674797
6194,2001-02-12,11.191032507386632,11.375500679016113,11.068054929309147,11.375500679016113,23476071
6195,2001-02-09,10.268698314226164,10.637633323669434,10.268698314226164,10.637633323669434,47777054
6196,2001-02-08,9.407847189641412,9.961250305175781,9.407847189641412,9.961250305175781,44986830
6197,2001-02-07,9.71529221903613,9.838270510187822,9.346357345581055,9.346357345581055,26645798
6198,2001-02-06,10.576141801388866,10.760609265051691,10.02273941040039,10.02273941040039,32931685
6199,2001-02-05,10.883588904585936,11.068057112603777,10.207208121807142,10.760610580444336,44125511
6200,2001-02-02,10.883586883544922,10.883586883544922,10.699119431587434,10.883586883544922,14158461
6201,2001-02-01,9.715293496772013,10.207206726074219,9.653804343109236,10.207206726074219,52729872
6202,2001-01-31,9.899762266762709,9.899762266762709,9.592316457796612,9.77678394317627,42595169
6203,2001-01-30,8.54699632482382,9.284868240356445,8.54699632482382,9.284868240356445,32799671
6204,2001-01-29,9.346358550146421,9.469336857147646,8.731466293334961,8.731466293334961,27267411
6205,2001-01-26,9.346357345581055,9.346357345581055,9.346357345581055,9.346357345581055,0
6206,2001-01-25,9.346357345581055,9.346357345581055,9.346357345581055,9.346357345581055,0
6207,2001-01-24,9.346357345581055,9.346357345581055,9.346357345581055,9.346357345581055,0
6208,2001-01-23,9.346357345581055,9.346357345581055,9.346357345581055,9.346357345581055,0
6209,2001-01-22,9.346357345581055,9.346357345581055,9.346357345581055,9.346357345581055,0
6210,2001-01-19,9.346357345581055,9.346357345581055,9.346357345581055,9.346357345581055,0
6211,2001-01-18,9.407845769351653,9.407845769351653,8.915931882939637,9.346357345581055,80660951
6212,2001-01-17,8.79295539855957,8.79295539855957,8.79295539855957,8.79295539855957,11859614
6213,2001-01-16,7.747637860126848,8.23955249786377,7.747637860126848,8.23955249786377,14051129
6214,2001-01-15,7.563171700025169,7.870617498699448,7.378704220820602,7.747639179229736,13906178
6215,2001-01-12,7.747639179229736,7.809128338964592,7.378704220820602,7.747639179229736,20726383
6216,2001-01-11,8.055083535854772,8.116572684581625,7.501681197313093,7.686148643493652,51590091
6217,2001-01-10,7.501681240113688,7.624659538269043,7.44019209103601,7.624659538269043,37925212
6218,2001-01-09,6.825300670440517,7.132747173309326,6.825300670440517,7.132747173309326,17611003
6219,2001-01-08,6.579343927869544,7.009768735462397,6.579343927869544,6.702322959899902,43495723
6220,2001-01-05,6.579342365264893,6.579342365264893,6.3948756655439025,6.579342365264893,21605848
6221,2001-01-04,6.148921489715576,6.148921489715576,6.0382398389594325,6.148921489715576,14461807
6222,2001-01-03,5.312666486004318,5.779983881789453,5.2880706056560225,5.76768684387207,35915316
6223,2001-01-02,4.808454508273462,5.423346297747413,4.746965365416328,5.411047458648682,17952612
6224,2001-01-01,5.251176834106445,5.251176834106445,5.251176834106445,5.251176834106445,0
6225,2000-12-29,5.349559263566593,5.349559263566593,5.251176834106445,5.251176834106445,4974506
6226,2000-12-28,5.054411504226496,5.521729173552184,5.054411504226496,5.435644149780273,23564257
6227,2000-12-27,5.226580619812012,5.226580619812012,5.226580619812012,5.226580619812012,851582
6228,2000-12-26,5.657004390979827,5.706196138348665,5.411047458648682,5.411047458648682,3929683
6229,2000-12-25,5.595518112182617,5.595518112182617,5.595518112182617,5.595518112182617,0
6230,2000-12-22,5.595518112182617,5.7676871173684825,5.595518112182617,5.595518112182617,9026640
6231,2000-12-21,5.7922821044921875,5.7922821044921875,5.7922821044921875,5.7922821044921875,590838
6232,2000-12-20,6.001344203948975,6.001344203948975,6.001344203948975,6.001344203948975,944347
6233,2000-12-19,6.210407733917236,6.210407733917236,6.210407733917236,6.210407733917236,1851205
6234,2000-12-18,6.456365388060346,6.51785454098633,6.394876956939698,6.394876956939697,2464867
6235,2000-12-15,6.7638115882873535,6.825300745173309,6.70232315320678,6.7638115882873535,4865237
6236,2000-12-14,6.8867902755737305,6.948279429349948,6.825300399992168,6.8867902755737305,6816160
6237,2000-12-13,7.194236923567246,7.194236923567246,6.948280278407273,7.009769439697266,7752747
6238,2000-12-12,7.071256092235746,7.194234371185303,7.009766952760968,7.194234371185303,10581363
6239,2000-12-11,6.94827938079834,7.071257687491454,6.825300352299886,6.94827938079834,7877914
6240,2000-12-08,7.0097685831261645,7.071257736902382,6.825300399992168,6.8867902755737305,11399454
6241,2000-12-07,7.132747762277252,7.255726084857239,7.0097694396972665,7.009769439697266,13237120
6242,2000-12-06,7.809127781894892,7.809127781894892,7.194236228410062,7.255725383758545,14679106
6243,2000-12-05,7.440192699432373,7.563171007643859,7.2557252371151435,7.440192699432373,12131213
6244,2000-12-04,7.686149315855346,7.747638469961089,7.440192699432373,7.440192699432373,9136321
6245,2000-12-01,7.25572460240568,7.686148643493652,7.25572460240568,7.686148643493652,10851867
6246,2000-11-30,7.624660596721294,7.747638911948449,7.378703966266986,7.501682281494141,13336491
6247,2000-11-29,7.624659538269043,7.8091269855020755,7.624659538269043,7.624659538269043,13705847
6248,2000-11-28,7.993595707445222,8.055084866328356,7.747639071912688,7.870617389678955,15839350
6249,2000-11-27,7.932105022563008,8.116572463724081,7.8091267284556265,7.993594169616699,33536302
6250,2000-11-24,7.378702899859387,7.686148643493652,7.378702899859387,7.686148643493652,28213061
6251,2000-11-23,7.255723510660081,7.317212650134859,7.071256092235746,7.194234371185303,9388778
6252,2000-11-22,7.378702682222047,7.624659269874887,7.2557243883956275,7.317213535308838,29420268
6253,2000-11-21,6.702322066176738,7.317213535308838,6.702322066176738,7.317213535308838,26786380
6254,2000-11-20,7.0097685831261645,7.194236044454816,6.8867902755737305,6.8867902755737305,7413068
6255,2000-11-17,7.378702899859387,7.809126940947358,7.317213751132533,7.686148643493652,17216042
6256,2000-11-16,8.362528675690134,8.362528675690134,7.809126377105713,7.809126377105713,23807977
6257,2000-11-15,8.731466111572916,8.854444416014113,8.301040602418073,8.362529754638672,52599426
6258,2000-11-14,8.239552940456008,8.485509550730875,8.116573191707912,8.301040649414062,28252847
6259,2000-11-13,8.23955249786377,8.424018502050561,8.23955249786377,8.23955249786377,19632450
6260,2000-11-10,8.608484594486606,8.854442596435547,8.546995454901962,8.854442596435547,48244210
6261,2000-11-09,8.23955289380813,8.362529754638672,8.116573145756277,8.362529754638672,44903497
6262,2000-11-08,7.870617389678955,7.870617389678955,7.870617389678955,7.870617389678955,7487874
6263,2000-11-07,7.0712582786112925,7.378704071044922,7.0712582786112925,7.378704071044922,14590455
6264,2000-11-06,6.825300352299886,7.071257687491454,6.763811198953328,6.94827938079834,20546721
6265,2000-11-03,7.378701789609637,7.62465834750875,7.071256092235746,7.194234371185303,27764304
6266,2000-11-02,7.071256947655998,7.501680976048467,7.071256947655998,7.317213535308838,26322717
6267,2000-11-01,7.501680976048467,7.686148416788097,7.317213535308838,7.317213535308838,7647895
6268,2000-10-31,7.563171386718749,7.932106329844655,7.563171386718749,7.56317138671875,17927281
6269,2000-10-30,7.809126377105713,7.809126377105713,7.809126377105713,7.809126377105713,237621
6270,2000-10-27,8.178064346313477,8.178064346313477,8.178064346313477,8.178064346313477,0
6271,2000-10-26,8.546999352043173,8.669978409091913,8.055086011070244,8.178064346313477,70721163
6272,2000-10-25,8.178064346313477,8.178064346313477,8.178064346313477,8.178064346313477,4518003
6273,2000-10-24,7.378702899859387,7.686148643493652,7.378702899859387,7.686148643493652,7045153
6274,2000-10-23,7.132745231710524,7.378701789609637,7.132745231710524,7.194234371185303,16321674
6275,2000-10-20,7.1942354947253,7.68614868734672,7.009768047492268,7.624659538269043,27835688
6276,2000-10-19,7.194234371185303,7.194234371185303,7.194234371185303,7.194234371185303,887114
6277,2000-10-18,8.055083535854772,8.055083535854772,7.686148643493652,7.686148643493652,6673521
6278,2000-10-17,8.178061904987393,8.669975820919023,8.178061904987393,8.23955249786377,24382537
6279,2000-10-16,9.346357345581055,9.346357345581055,9.346357345581055,9.346357345581055,0
6280,2000-10-13,8.915931882939637,9.530824782308592,8.915931882939637,9.346357345581055,19449569
6281,2000-10-12,9.530828475952148,9.530828475952148,9.530828475952148,9.530828475952148,838064
6282,2000-10-11,10.207206726074219,10.207206726074219,10.207206726074219,10.207206726074219,237945
6283,2000-10-10,10.576141357421875,10.576141357421875,10.576141357421875,10.576141357421875,0
6284,2000-10-09,10.576141357421875,10.576141357421875,10.576141357421875,10.576141357421875,1098574
6285,2000-10-06,10.57614015829502,11.314010620117188,10.57614015829502,11.314010620117188,22186472
6286,2000-10-05,10.453163053475729,10.637630509394949,10.453163053475729,10.576141357421875,17179410
6287,2000-10-04,10.822097778320312,10.822097778320312,10.822097778320312,10.822097778320312,223323
6288,2000-10-03,11.252524435815292,11.682949313491392,11.191035270690918,11.191035270690918,16967779
6289,2000-10-02,11.990392684936523,12.666772559624366,11.990392684936523,11.990392684936523,9967177
6290,2000-09-29,14.757407011566935,14.880385319119368,13.773580551147461,13.773580551147461,11133097
6291,2000-09-28,15.126343093010199,15.372299726957104,14.757408142089844,14.757408142089844,7300568
6292,2000-09-27,15.12634474074636,15.495279731855376,14.941877245191852,15.064855575561523,9721497
6293,2000-09-26,15.126342773437498,15.310810245000452,14.511451201560991,15.1263427734375,7958788
6294,2000-09-25,14.757407830311594,15.126342773437498,14.511451201560991,15.1263427734375,9132805
6295,2000-09-22,15.249320631698886,15.433788097744335,14.51145076751709,14.51145076751709,11725357
6296,2000-09-21,15.126343400050338,15.55676896180516,15.064854240315482,15.495278358459473,18986734
6297,2000-09-20,15.372299402188103,15.372299402188103,14.757407830311594,15.1263427734375,16444936
6298,2000-09-19,14.388470482964836,15.003361952096935,14.265492189138415,14.634427070617676,11279975
6299,2000-09-18,15.003361995016844,15.187829436284176,14.572937965393066,14.572937965393066,9705611
6300,2000-09-15,14.32698137703662,15.003361995016844,14.32698137703662,14.572937965393066,22309687
6301,2000-09-14,15.31080994774493,15.433788259732639,14.265494295849408,14.326983451843262,12355523
6302,2000-09-13,15.003362480227375,15.495275672848795,14.757405883916665,15.249319076538086,13521924
6303,2000-09-12,15.064855575561523,15.064855575561523,15.064855575561523,15.064855575561523,0
6304,2000-09-11,14.511453088898,15.372301401485704,14.449963923713165,15.064855575561523,21833732
6305,2000-09-08,14.449959671214843,14.880383700838621,14.142513935769289,14.572937965393066,23351587
6306,2000-09-07,14.880385751224914,14.941874906786689,14.44996166229248,14.44996166229248,24056589
6307,2000-09-06,16.602084677297707,16.663573837032562,15.495278358459473,15.495278358459473,23553171
6308,2000-09-05,16.725059593272153,17.216974214658805,16.294635562718053,16.602081298828125,34918442
6309,2000-09-04,17.21697805508805,17.21697805508805,16.110171714596383,16.72506332397461,28049032
6310,2000-09-01,17.216979826937333,17.462936496000736,16.725065045199518,16.90953254699707,20365133
6311,2000-08-31,17.216975845499014,17.462932457684772,16.909528636656145,17.032506942749023,20451327
6312,2000-08-30,18.262289763854195,18.32377891123251,17.03250537267737,17.21697425842285,16719868
6313,2000-08-29,17.70888859210214,18.323780105977367,17.647397997103987,18.262290954589844,10297407
6314,2000-08-28,18.323784296077203,18.323784296077203,17.893360137939453,17.893360137939453,5256538
6315,2000-08-25,18.93867343588205,19.061651750449485,18.200803548477435,18.446760177612305,10132116
6316,2000-08-24,19.553566022335264,19.79952120245066,18.81569470754611,18.93867301940918,12927480
6317,2000-08-23,19.307605743408203,19.307605743408203,19.307605743408203,19.307605743408203,0
6318,2000-08-22,20.16845376347906,20.16845376347906,19.184626011216185,19.307605743408203,17362489
6319,2000-08-21,19.06165090432167,20.04547882080078,19.06165090432167,20.04547882080078,25694943
6320,2000-08-18,19.430587710472196,19.553566022335264,18.93867301940918,18.93867301940918,7033782
6321,2000-08-17,18.815691145471533,19.553562320571306,18.815691145471533,19.307605743408203,10615426
6322,2000-08-16,18.569736301492167,19.061649501730493,18.446758001432585,18.815692901611328,4739870
6323,2000-08-15,18.13931056321164,18.69271286197929,18.016332274596607,18.569734573364258,4557848
6324,2000-08-14,18.692713143906158,18.692713143906158,18.077821691557087,18.139310836791992,3210636
6325,2000-08-11,18.815692991811233,18.938671292460356,18.569736390512986,18.69271469116211,5824967
6326,2000-08-10,19.061649501730493,19.18462780179007,18.69271460155175,18.815692901611328,11554723
6327,2000-08-09,17.4629373338449,18.38527488708496,17.339957549801813,18.38527488708496,7197662
6328,2000-08-08,17.33995110956894,17.585907699082195,16.971017668909596,17.21697425842285,7409989
6329,2000-08-07,17.21697750190716,17.46293413775587,16.663573627636744,17.339954376220703,11241152
6330,2000-08-04,19.307607638018332,19.676541096355088,18.446758089863863,18.69271469116211,13791876
6331,2000-08-03,18.446755908952028,19.18462562561035,18.139310193677726,19.18462562561035,9672990
6332,2000-08-02,19.1846278937586,19.430585938667456,18.569736390512986,18.69271469116211,4214279
6333,2000-08-01,19.676538770049234,19.799517056158955,19.18462562561035,19.18462562561035,5095907
6334,2000-07-31,19.430585861206055,19.553564161364914,19.18462781727773,19.430585861206055,2784900
6335,2000-07-28,18.938671216960007,19.67654101791317,18.692714616642284,19.430585861206055,10750026
6336,2000-07-27,18.692720037096507,19.307613159806127,18.32378502963735,19.061655044555664,10847690
6337,2000-07-26,19.553569831445564,20.045483174724442,18.44676336545707,19.061655044555664,14117139
6338,2000-07-25,19.799523089914537,20.41441470784673,19.184631471982343,19.55356788635254,9758543
6339,2000-07-24,20.783345076152024,20.906324816115585,20.291433334350586,20.291433334350586,7602027
6340,2000-07-21,20.660369969343108,20.90632658283402,20.41441191224152,20.537391662597656,15979485
6341,2000-07-20,20.168455037997585,20.537389927056584,20.045476741644585,20.291433334350586,9354805
6342,2000-07-19,20.660368098063895,20.78334495006024,19.799518585205078,19.799518585205078,12093914
6343,2000-07-18,20.660368098063895,20.78334495006024,19.799518585205078,19.799518585205078,12093914
6344,2000-07-17,20.537391662597656,20.90632658283402,20.168456742361293,20.537391662597656,28372141
6345,2000-07-14,19.67654244986442,20.29143543901788,19.55356558436658,20.04547882080078,21225869
6346,2000-07-13,18.692714616642284,19.430585861206055,18.446758016324562,19.430585861206055,14449574
6347,2000-07-12,17.893356091647846,18.446758455539147,17.831866940104366,18.200801849365234,8968920
6348,2000-07-11,17.831870972491203,18.323784296077203,17.831870972491203,17.893360137939453,13388758
6349,2000-07-10,17.462932211042936,17.954845428466797,17.216975602331008,17.954845428466797,12262810
6350,2000-07-07,17.954845814674815,18.3852698891791,17.216975972667473,17.462932586669922,21165248
6351,2000-07-06,18.69271525460259,18.815693558958554,17.64739822396623,17.954845428466797,16664477
6352,2000-07-05,17.216976653326224,18.93867301940918,17.216976653326224,18.93867301940918,22057954
6353,2000-07-04,18.569733147056127,18.569733147056127,17.524417774117158,17.708885192871094,8959073
6354,2000-07-03,19.676541002028397,19.676541002028397,18.446758001432585,18.815692901611328,9476062
6355,2000-06-30,19.799524428703652,20.41441608821312,19.43059087660895,19.676546096801758,21654529
6356,2000-06-29,20.5373905626358,20.5373905626358,19.430585861206055,19.430585861206055,33000309
6357,2000-06-28,18.48916576456608,19.846168518066406,18.31954005947586,19.846168518066406,19784491
6358,2000-06-27,20.015791181889497,20.015791181889497,18.573976516723633,18.573976516723633,10467842
6359,2000-06-26,20.43985436198505,20.52466647860832,19.930978775024414,19.930978775024414,8145397
6360,2000-06-23,20.524668243994608,20.69429393544165,20.355042552547566,20.609481811523438,8587113
6361,2000-06-22,20.355042052587464,20.86391911442956,20.18541780891735,20.524667739868164,9404419
6362,2000-06-21,20.60948268096465,20.694294808460782,20.1006055851558,20.355043411254883,6522278
6363,2000-06-20,21.11835744225394,21.287983133700983,20.609481811523438,20.609481811523438,24768986
6364,2000-06-19,20.270230428629358,20.609481811523438,19.930980489345895,20.609481811523438,11494103
6365,2000-06-16,19.846167153254545,20.52466848334448,19.846167153254545,20.015792846679688,13276847
6366,2000-06-15,19.591727421310328,20.100603008270962,19.591727421310328,19.930978775024414,7951249
6367,2000-06-14,20.60948003884209,20.694292155465366,19.761353098167373,19.930978775024414,12243942
6368,2000-06-13,20.355043411254883,20.94873407817055,20.27023128375875,20.355043411254883,24573579
6369,2000-06-12,20.100602326013718,20.43985366821289,19.591726756325404,20.43985366821289,18508381
6370,2000-06-09,19.930982092416887,19.930982092416887,19.33729284640647,19.846168518066406,15855296
6371,2000-06-08,20.100604379660485,20.355042190500146,19.59172875798116,19.761354446411133,24037277
6372,2000-06-07,18.149912904006765,19.252477645874023,18.149912904006765,19.252477645874023,15786885
6373,2000-06-06,18.065099716186523,18.065099716186523,18.065099716186523,18.065099716186523,0
6374,2000-06-05,18.40435107927844,18.40435107927844,17.980287597218812,18.065099716186523,6336036
6375,2000-06-02,17.641037529267344,18.149914611265118,17.641037529267344,17.8106632232666,12803258
6376,2000-06-01,17.641036389795016,17.810662072837786,17.216972903993362,17.386598587036133,7312767
6377,2000-05-31,18.065101042460167,18.234726736459425,17.641037529267344,17.8106632232666,19430477
6378,2000-05-30,16.877723693847656,16.877723693847656,16.877723693847656,16.877723693847656,0
6379,2000-05-29,17.21697510326876,17.55622651268986,16.708099432747836,16.877723693847656,16840878
6380,2000-05-26,15.775158778645169,16.877723693847656,15.775158778645169,16.877723693847656,20272354
6381,2000-05-25,16.029596224569136,16.28403403073522,15.69034485394064,15.77515697479248,8154297
6382,2000-05-24,15.690347643130591,15.859973358598303,15.266284076266725,15.605535507202148,5643977
6383,2000-05-23,16.96253797965272,17.216975825587838,15.859973018193346,16.114412307739258,7719864
6384,2000-05-22,17.132159622344123,17.38659740784659,16.877720393231208,16.962533950805664,7268592
6385,2000-05-19,17.55622486471595,17.810662676092754,17.30178705333915,17.641036987304688,6269773
6386,2000-05-18,17.471410903275704,17.980286472470578,17.13215956140549,17.725847244262695,18703126
6387,2000-05-17,17.38660099098667,17.47141456604004,17.132163153048054,17.47141456604004,10655693
6388,2000-05-16,15.351093833771609,16.368844985961914,15.266280275348773,16.368844985961914,16034166
6389,2000-05-15,16.029599496759726,16.029599496759726,15.266284478832144,15.35109806060791,9352345
6390,2000-05-12,15.43590714808276,16.19922201515189,14.927031532443726,16.02959632873535,40682647
6391,2000-05-11,16.02959632873535,16.02959632873535,16.02959632873535,16.02959632873535,5908922
6392,2000-05-10,18.489164815908836,18.658790512295766,17.21697425842285,17.21697425842285,24569981
6393,2000-05-09,19.252477645874023,19.252477645874023,19.252477645874023,19.252477645874023,0
6394,2000-05-08,19.252477645874023,19.676539675567117,18.91322628978694,19.252477645874023,12917478
6395,2000-05-05,18.48916343188377,19.676540330488656,17.810662140736614,19.59172821044922,21591451
6396,2000-05-04,19.761354878011325,19.761354878011325,18.404352228154952,18.489164352416992,20131493
6397,2000-05-03,21.03354494422004,21.03354494422004,19.761354446411133,19.761354446411133,14886775
6398,2000-05-02,21.542424587648288,21.542424587648288,21.033548870967103,21.203174591064453,14287310
6399,2000-05-01,21.203174591064453,21.203174591064453,21.203174591064453,21.203174591064453,0
6400,2000-04-28,20.015795993993873,21.203174591064453,19.846170273896522,21.203174591064453,40744988
6401,2000-04-27,19.846168518066406,19.846168518066406,19.676542812976184,19.846168518066406,17455218
6402,2000-04-26,19.50691558754984,19.67653982325605,18.065099478773462,18.573976516723633,10470628
6403,2000-04-25,18.234725545033086,19.422103881835938,18.234725545033086,19.422103881835938,15680703
6404,2000-04-24,19.25247980634866,19.33729193308262,18.48916489130031,18.658790588378906,5292908
6405,2000-04-21,19.591733403396237,19.591733403396237,18.91323193240679,19.337295532226562,8310397
6406,2000-04-20,19.50691609040978,19.761353894138647,18.48916343188377,19.59172821044922,13350756
6407,2000-04-19,21.372794877469392,21.457606999879083,19.506916635571468,19.761354446411133,25842240
6408,2000-04-18,20.694291242879558,20.94873046875,20.43985346061955,20.94873046875,20984165
6409,2000-04-17,18.319537748194342,19.59172821044922,18.234725628154905,19.59172821044922,22234128
6410,2000-04-14,20.185423296999126,20.60948690869144,19.676546096801758,19.676546096801758,13500186
6411,2000-04-13,20.270230428629358,21.287983133700983,20.270230428629358,20.609481811523438,16334791
6412,2000-04-12,21.88167712016655,22.305739276162623,21.54242566303657,21.712051391601562,18695864
6413,2000-04-11,21.966483518067548,22.814610495483205,21.542420029359718,21.796857833862305,27684855
6414,2000-04-10,23.153863048553465,23.153863048553465,22.051298141479492,22.051298141479492,19249051
6415,2000-04-07,22.051298141479492,22.2209238449395,20.948734678016237,22.051298141479492,27745861
6416,2000-04-06,23.49311178869362,23.747549593196208,21.796857833862305,21.796857833862305,25736813
6417,2000-04-05,22.05129768727282,23.408300399780273,22.05129768727282,23.408300399780273,23974306
6418,2000-04-04,20.524667739868164,20.524667739868164,20.524667739868164,20.524667739868164,0
6419,2000-04-03,20.524667739868164,20.524667739868164,20.524667739868164,20.524667739868164,0
6420,2000-03-31,20.77910554898392,21.372794732661074,20.355042052587464,20.524667739868164,27999893
6421,2000-03-30,19.506917058364944,21.203171092208144,19.506917058364944,20.77910614013672,19866891
6422,2000-03-29,20.2702320589866,20.355044189726346,19.252480715666724,19.846168518066406,17577908
6423,2000-03-28,19.93098133016353,20.355043411254883,19.59172993295763,20.355043411254883,55646046
6424,2000-03-27,17.895476719270928,19.082855224609375,17.895476719270928,19.082855224609375,35210673
6425,2000-03-24,17.13216010233165,17.980287040175266,16.70809663340984,17.89547348022461,40657851
6426,2000-03-23,16.70810229616684,17.386603787679263,16.70810229616684,17.132165908813477,52637857
6427,2000-03-22,15.520721652105276,16.368848770775212,15.520721652105276,16.28403663635254,32510309
6428,2000-03-21,14.078905511603569,15.605535507202148,14.078905511603569,15.605535507202148,12131372
6429,2000-03-20,14.58778190612793,14.58778190612793,14.58778190612793,14.58778190612793,879039
6430,2000-03-17,15.266283930577485,15.266283930577485,14.927033946490416,15.096659660339355,7821586
6431,2000-03-16,14.842222772269901,15.266284918930188,14.418159181998709,15.181472778320312,8686711
6432,2000-03-15,15.181472778320312,15.520722784370722,15.096660637710436,15.181472778320312,8805301
6433,2000-03-14,14.842222772269901,15.435910643760845,14.842222772269901,15.181472778320312,8835516
6434,2000-03-13,15.69034892693085,15.69034892693085,14.842223167419434,14.842223167419434,12416399
6435,2000-03-10,16.368846213913137,16.368846213913137,15.859970599643367,15.944784164428711,19735746
6436,2000-03-09,15.35109732632311,16.199224441847363,15.26628374860421,16.114412307739258,26555533
6437,2000-03-08,15.266284918930188,15.351098503150968,15.096660637710436,15.181472778320312,5961343
6438,2000-03-07,14.842215666625261,15.266277610267782,14.842215666625261,15.011839866638184,6336926
6439,2000-03-06,15.181471264445799,15.181471264445799,14.927033424377441,14.927033424377441,4760951
6440,2000-03-03,15.351098503150968,15.435910643760845,15.181472778320312,15.181472778320312,5125940
6441,2000-03-02,15.605535918713482,15.690348056878387,15.266284478832144,15.35109806060791,6132122
6442,2000-03-01,15.52072044539459,15.605534016833944,15.35109618973725,15.435908317565918,4454200
6443,2000-02-29,15.690348056878387,15.690348056878387,15.266284478832144,15.35109806060791,6821718
6444,2000-02-28,15.52072334289551,15.52072334289551,15.52072334289551,15.520723342895508,0
6445,2000-02-25,15.690349073830275,15.77516121749218,15.435911199233605,15.520723342895508,7596994
6446,2000-02-24,15.60553693016837,15.944788392037902,15.52072334289551,15.520723342895508,15396922
6447,2000-02-23,15.690346144662614,15.775158272491284,15.35109618973725,15.435908317565918,7288894
6448,2000-02-22,15.181473324636933,15.690349073830275,15.096661180975028,15.520723342895508,9294851
6449,2000-02-21,15.77516019504329,15.77516019504329,15.266284478832144,15.35109806060791,10039491
6450,2000-02-18,16.114409850388824,16.368846213913137,15.944784164428711,15.944784164428711,9186418
6451,2000-02-17,16.11440989374891,16.19922201515189,15.944784207332372,16.02959632873535,10535792
6452,2000-02-16,16.199221971563595,16.368846213913137,15.944784164428711,15.944784164428711,10295164
6453,2000-02-15,16.199224441847363,16.36884871006358,15.944786595912246,16.114412307739258,9432858
6454,2000-02-14,16.45365700023096,16.792909788238767,16.114408543054523,16.199220657348633,21062100
6455,2000-02-11,16.28403480781894,16.877722569334082,16.199222682919814,16.453659057617188,29761069
6456,2000-02-10,16.114408543054523,16.45365700023096,15.944782870855848,16.199220657348633,10764113
6457,2000-02-09,16.45366084417169,16.7081001337176,15.944786595912246,16.114412307739258,23929686
6458,2000-02-08,16.28403663635254,16.28403663635254,16.28403663635254,16.28403663635254,0
6459,2000-02-07,16.28403663635254,16.28403663635254,16.28403663635254,16.28403663635254,0
6460,2000-02-04,16.28403663635254,16.28403663635254,16.28403663635254,16.28403663635254,0
6461,2000-02-03,16.28403663635254,16.28403663635254,16.28403663635254,16.28403663635254,0
6462,2000-02-02,16.28403663635254,16.28403663635254,16.28403663635254,16.28403663635254,0
6463,2000-02-01,16.538474483231358,16.623288061264834,16.199224501929866,16.28403663635254,12285262
6464,2000-01-31,16.029594985149956,16.368844885936852,15.859969312951282,16.199220657348633,18981333
6465,2000-01-28,15.266281320179962,15.94478405955782,15.266281320179962,15.69034481048584,15305541
6466,2000-01-27,15.77516019504329,15.859973776819055,15.35109806060791,15.35109806060791,8080674
6467,2000-01-26,15.351094884407475,15.859970495330305,15.351094884407475,15.69034481048584,13236544
6468,2000-01-25,15.35109618973725,15.605534016833944,15.266282618297893,15.435908317565918,12264020
6469,2000-01-24,15.85997480476504,15.944788392037902,15.52072334289551,15.520723342895508,10179735
6470,2000-01-21,15.94478405955782,16.199221865019233,15.690344810485842,15.69034481048584,12397693
6471,2000-01-20,15.859970599643367,16.029596285603482,15.435907106548369,15.944784164428711,16078010
6472,2000-01-19,16.45365780924427,16.45365780924427,15.775156530698656,15.859970092773438,23147536
6473,2000-01-18,16.792908525546647,16.87771918985322,16.28403154721409,16.538469314575195,14624591
6474,2000-01-17,16.962537199466713,17.13216290349185,16.62328723502717,16.708099365234375,25085343
6475,2000-01-14,17.13215968902566,17.21697180331977,16.199220657348633,16.199220657348633,27920459
6476,2000-01-13,17.38659740784659,17.641035193349055,16.792909722877653,16.962533950805664,66750525
6477,2000-01-12,15.944782808795804,16.962533950805664,15.859969251221347,16.962533950805664,62624028
6478,2000-01-11,16.28403357231576,16.708097051858086,15.690344412234403,15.859970092773438,66882781
6479,2000-01-10,15.435906613231113,16.029595773312472,15.35109449476686,15.859970092773438,42413505
6480,2000-01-07,14.92703120612354,15.351094691089132,14.757405523415194,15.266281127929688,22355940
6481,2000-01-06,14.927033946490416,15.35109750930736,14.842221811371353,15.096659660339355,20156309
6482,2000-01-05,14.927033424377441,15.181471264445799,14.672595584309082,14.927033424377441,16921276
6483,2000-01-04,15.01184332567244,15.690344612895279,14.84221908657464,15.266281127929688,32804595
