,date,open,high,low,close,volume
0,2026-01-22,135.5,137.0,134.0,135.5,46224408
1,2026-01-21,135.0,137.5,133.5,133.5,56498317
2,2026-01-20,138.0,139.0,136.0,136.0,59709472
3,2026-01-19,143.0,143.5,138.0,138.5,114964070
4,2026-01-16,145.5,145.5,143.5,145.0,33463880
5,2026-01-15,146.0,146.0,143.0,143.5,28593265
6,2026-01-14,144.5,148.0,144.0,146.0,31055514
7,2026-01-13,147.5,148.0,143.5,143.5,33549092
8,2026-01-12,150.5,151.0,146.0,146.0,44415872
9,2026-01-09,150.5,153.0,148.0,149.0,52097183
10,2026-01-08,159.5,160.0,149.0,151.0,71226115
11,2026-01-07,155.5,161.0,155.5,158.5,76129144
12,2026-01-06,155.0,155.5,152.5,154.5,33492977
13,2026-01-05,157.0,158.0,153.5,155.0,56534317
14,2026-01-02,152.0,155.5,149.5,155.0,90498843
15,2025-12-31,148.0,151.0,147.0,150.5,52620220
16,2025-12-30,146.0,147.0,143.5,147.0,23775242
17,2025-12-29,146.5,148.0,145.0,146.0,21177407
18,2025-12-26,146.0,146.5,145.5,146.5,13775314
19,2025-12-24,146.5,148.0,145.5,145.5,27471963
20,2025-12-23,146.5,147.0,145.0,145.0,21131302
21,2025-12-22,146.0,148.0,144.5,146.5,41060014
22,2025-12-19,141.5,144.0,141.0,144.0,31811623
23,2025-12-18,138.5,141.0,138.0,139.5,22658847
24,2025-12-17,140.0,140.5,138.0,138.0,24606335
25,2025-12-16,141.0,141.0,138.0,139.0,31436186
26,2025-12-15,141.0,143.5,140.5,141.5,34773100
27,2025-12-12,145.0,146.0,142.5,143.5,23980922
28,2025-12-11,148.5,150.0,144.0,144.0,44947032
29,2025-12-10,150.0,150.5,146.5,147.5,42690066
30,2025-12-09,153.5,154.0,149.5,149.5,94932438
31,2025-12-08,151.0,152.0,147.5,149.0,38061637
32,2025-12-05,146.0,153.0,145.5,151.0,85008744
33,2025-12-04,146.0,146.5,144.0,146.0,30160182
34,2025-12-03,144.5,147.0,144.0,145.0,41304913
35,2025-12-02,141.5,146.0,141.0,143.0,45461765
36,2025-12-01,143.5,144.0,141.0,141.0,22578213
37,2025-11-28,146.0,146.0,140.5,144.5,42287054
38,2025-11-27,144.0,146.0,143.0,145.5,41278594
39,2025-11-26,141.0,143.0,140.5,142.5,27235555
40,2025-11-25,141.5,142.5,139.0,139.5,20681188
41,2025-11-24,140.5,141.0,137.5,139.0,33682141
42,2025-11-21,139.5,140.5,137.5,139.0,39344178
43,2025-11-20,142.5,145.0,141.0,143.0,50986086
44,2025-11-19,137.5,140.0,136.0,137.0,33468386
45,2025-11-18,138.0,140.5,136.0,137.0,40872359
46,2025-11-17,142.5,143.0,137.0,138.0,50762784
47,2025-11-14,141.0,143.0,139.5,140.5,54818005
48,2025-11-13,142.0,148.0,141.5,144.0,84913855
49,2025-11-12,142.0,142.0,138.0,139.0,87183883
50,2025-11-11,141.0,148.0,140.5,144.5,83578817
51,2025-11-10,139.0,141.0,137.0,138.5,38419835
52,2025-11-07,139.5,141.5,137.0,137.5,38839175
53,2025-11-06,138.5,142.5,137.0,142.0,42721390
54,2025-11-05,136.0,138.5,132.0,137.5,75419156
55,2025-11-04,143.0,145.0,139.0,139.0,52697378
56,2025-11-03,150.0,150.0,142.5,143.5,79634870
57,2025-10-31,155.5,155.5,149.0,150.5,58027715
58,2025-10-30,154.0,156.5,151.0,155.0,75235906
59,2025-10-29,149.0,153.0,148.0,152.5,67402853
60,2025-10-28,146.0,150.0,144.5,148.0,51766116
61,2025-10-27,146.5,147.5,144.0,146.5,58476994
62,2025-10-23,142.0,148.0,141.5,143.0,52588800
63,2025-10-22,141.0,144.0,140.5,143.5,30349780
64,2025-10-21,146.5,146.5,142.0,142.5,62220259
65,2025-10-20,139.5,144.5,139.0,142.0,65327706
66,2025-10-17,136.0,138.0,135.0,136.5,64311022
67,2025-10-16,139.0,141.5,137.5,139.5,57474007
68,2025-10-15,139.0,140.5,136.5,138.0,37474501
69,2025-10-14,148.5,149.5,137.5,138.0,75501420
70,2025-10-13,142.5,148.0,142.0,145.5,70866522
71,2025-10-09,153.5,154.0,147.5,151.0,65492842
72,2025-10-08,152.5,152.5,147.5,150.5,78861975
73,2025-10-07,157.0,158.0,152.0,156.0,91596690
74,2025-10-03,149.5,154.0,148.0,153.5,86609939
75,2025-10-02,154.5,156.0,148.5,149.5,120880021
76,2025-10-01,146.0,153.5,144.0,146.0,282988689
77,2025-09-30,135.0,140.5,134.5,140.5,108929876
78,2025-09-26,125.5,130.0,122.0,128.0,120459418
79,2025-09-25,122.0,127.5,121.5,125.5,100261498
80,2025-09-24,123.5,124.0,120.0,121.5,28975019
81,2025-09-23,122.5,126.0,122.0,122.5,76002779
82,2025-09-22,121.5,122.0,120.5,121.5,18593251
83,2025-09-19,120.5,121.5,119.5,121.0,42358406
84,2025-09-18,119.5,120.0,118.5,120.0,24481119
85,2025-09-17,118.0,122.0,118.0,119.0,29447928
86,2025-09-16,120.0,120.0,117.5,118.0,31851525
87,2025-09-15,121.0,121.0,118.5,119.5,20729218
88,2025-09-12,120.5,121.5,119.5,120.0,25367358
89,2025-09-11,122.0,122.5,118.5,119.0,51038839
90,2025-09-10,117.5,120.0,117.0,120.0,53629176
91,2025-09-09,115.5,118.0,114.5,116.0,33227632
92,2025-09-08,115.5,116.0,114.5,114.5,11547169
93,2025-09-05,114.5,115.5,113.0,115.5,19639855
94,2025-09-04,111.5,116.5,111.0,113.0,48734979
95,2025-09-03,110.0,111.0,109.5,110.0,9272486
96,2025-09-02,110.0,111.5,109.0,110.0,17004205
97,2025-09-01,112.0,112.5,109.0,109.5,31608575
98,2025-08-29,115.5,116.0,113.0,113.0,17395255
99,2025-08-28,114.5,116.0,113.5,115.0,19618647
100,2025-08-27,113.5,116.0,113.5,115.0,33922785
101,2025-08-26,113.5,113.5,112.0,113.0,20163237
102,2025-08-25,114.0,114.5,113.0,113.5,27294562
103,2025-08-22,112.0,114.0,111.5,112.0,24142461
104,2025-08-21,114.0,115.0,111.0,111.5,47876784
105,2025-08-20,115.0,115.5,113.0,113.5,34656856
106,2025-08-19,116.0,117.5,115.0,115.5,29907899
107,2025-08-18,117.0,117.5,114.5,116.0,40872757
108,2025-08-15,117.5,118.0,116.0,116.5,48969639
109,2025-08-14,117.5,118.0,115.5,116.5,57417736
110,2025-08-13,124.0,124.0,117.0,117.5,168400507
111,2025-08-12,127.5,127.5,124.5,126.0,37482389
112,2025-08-11,126.0,128.0,123.0,127.5,68397383
113,2025-08-08,124.0,124.5,122.5,124.5,33258135
114,2025-08-07,124.0,124.0,122.5,123.5,26476327
115,2025-08-06,123.0,124.0,121.5,122.5,20295093
116,2025-08-05,121.5,124.0,121.0,124.0,40206211
117,2025-08-04,121.5,122.0,119.0,119.5,28199826
118,2025-07-31,121.0,124.5,120.5,123.0,57102901
119,2025-07-30,121.0,121.0,119.0,120.5,22555815
120,2025-07-29,120.0,120.5,118.0,120.5,30520102
121,2025-07-28,117.0,120.0,117.0,120.0,32822641
122,2025-07-25,117.0,118.0,115.5,116.5,18556795
123,2025-07-24,116.5,118.0,116.0,117.0,27031747
124,2025-07-23,115.5,116.5,114.5,116.0,20969612
125,2025-07-22,118.0,119.0,113.5,114.5,45802843
126,2025-07-21,119.5,119.5,118.0,118.5,12618515
127,2025-07-18,119.0,119.5,118.0,119.0,19465871
128,2025-07-17,118.5,119.5,117.5,118.0,18079163
129,2025-07-16,120.0,120.5,117.5,118.0,31732315
130,2025-07-15,117.5,120.0,117.5,120.0,22928487
131,2025-07-14,118.5,118.5,116.5,117.0,21708610
132,2025-07-11,120.0,120.0,119.0,119.5,15584448
133,2025-07-10,121.0,121.5,119.5,120.0,18771927
134,2025-07-09,120.5,121.0,119.0,120.5,37629629
135,2025-07-08,117.5,119.0,116.0,118.5,30847938
136,2025-07-07,119.0,119.0,116.5,118.0,23633810
137,2025-07-04,121.5,122.0,119.0,119.0,35132361
138,2025-07-03,121.5,122.0,120.0,121.0,19739158
139,2025-07-02,120.0,121.0,119.5,120.0,18160191
140,2025-07-01,122.5,123.5,119.0,120.0,49178660
141,2025-06-30,122.5,123.0,121.0,122.5,28069895
142,2025-06-27,125.0,125.5,120.5,121.0,59517201
143,2025-06-26,127.0,127.0,123.5,125.0,60406496
144,2025-06-25,122.5,126.5,121.5,125.5,120939052
145,2025-06-24,119.5,121.0,119.0,120.0,49333107
146,2025-06-23,116.5,119.0,116.0,118.5,35254305
147,2025-06-20,117.0,119.5,115.5,118.5,63430485
148,2025-06-19,116.0,118.0,115.5,115.5,24248101
149,2025-06-18,118.0,118.5,115.5,116.0,33615354
150,2025-06-17,119.5,120.5,117.0,118.0,39070565
151,2025-06-16,118.5,119.0,117.5,119.0,23801471
152,2025-06-13,116.0,119.0,115.5,118.5,57687616
153,2025-06-12,114.0,117.0,113.5,116.5,41132382
154,2025-06-11,115.0,115.5,114.0,115.0,33092467
155,2025-06-10,113.5,114.5,112.5,114.5,44228642
156,2025-06-09,110.5,114.0,109.5,113.5,61627998
157,2025-06-06,111.5,112.0,109.5,110.0,92472321
158,2025-06-05,120.0,120.5,115.0,115.0,71160049
159,2025-06-04,111.5,114.5,111.5,114.0,38680139
160,2025-06-03,112.0,112.5,109.0,109.5,55250319
161,2025-06-02,111.68420313959535,112.65116593734078,110.71724034184994,111.20072174072266,34562231
162,2025-05-29,113.61813164575929,115.06857587953493,111.68420600072508,112.65116882324219,63137549
163,2025-05-28,113.1346483106737,113.61812971371077,110.71724129548836,111.6842041015625,21814654
164,2025-05-27,112.16768453846807,112.16768453846807,110.23375894297725,111.20072174072266,24803487
165,2025-05-26,109.26679801940918,112.16768646240234,108.78331661224365,112.16768646240234,47350409
166,2025-05-23,109.75028134236294,109.75028134236294,107.33287426433732,109.26679992675781,23808005
167,2025-05-22,108.29983709554757,109.75028134236294,107.81635567994245,109.26679992675781,20504743
168,2025-05-21,106.84939284873221,111.2007255891783,106.36591143312708,109.26679992675781,54477359
169,2025-05-20,106.84939387073256,107.81635671119167,105.39894961004389,105.88243103027344,15782772
170,2025-05-19,107.33287433309293,108.78331858083743,105.3989486694336,105.3989486694336,29244441
171,2025-05-16,108.29983328054618,108.78331467912004,106.84938908482458,107.33287048339844,23678587
172,2025-05-15,110.23375985868309,110.71724126157204,107.33287144134933,107.81635284423828,35510726
173,2025-05-14,106.849388222507,111.2007207745548,106.36590682783502,110.71723937988281,77397262
174,2025-05-13,107.33287336639545,107.8163547779558,104.4319848970334,104.91546630859375,35716748
175,2025-05-12,104.91546630859375,105.88242913171443,103.94850348547307,104.91546630859375,26302068
176,2025-05-09,104.43198202257959,104.43198202257959,102.01457503131617,103.46501922607422,21179336
177,2025-05-08,104.43198202257959,104.91546342083227,102.98153782782154,103.46501922607422,17584089
178,2025-05-07,102.49805547150088,103.94849965270136,101.53109268403388,102.98153686523438,33060270
179,2025-05-06,100.08065309437043,105.3989486694336,99.5971716784556,105.3989486694336,54582235
180,2025-05-05,102.49805734238187,102.49805734238187,99.11368752447304,100.08065032958984,24044766
181,2025-05-02,100.0806540900497,102.01457977294922,99.59717266932483,102.01457977294922,34110678
182,2025-04-30,100.08065420066194,100.56413562192118,98.146728515625,98.146728515625,16844259
183,2025-04-29,99.1136884689331,100.56413269042969,98.63020706176758,100.56413269042969,12704490
184,2025-04-28,99.59716700111947,101.04761118074742,98.63020421470084,99.11368560791016,20009152
185,2025-04-25,100.08064839432879,101.04761118074742,98.63020421470084,99.11368560791016,29392622
186,2025-04-24,100.0806532378244,100.0806532378244,97.17976473817731,97.66324615478516,22765015
187,2025-04-23,98.63020421470084,100.08064839432879,97.6632414282822,99.11368560791016,40727737
188,2025-04-22,98.14672340681182,99.59716759508983,95.53592681884766,95.53592681884766,44154338
189,2025-04-21,101.04761216246966,102.01457495828278,99.11368657084346,99.59716796875,34693261
190,2025-04-18,97.66324608212426,102.49806024460565,97.17976466587612,101.53109741210938,71915669
191,2025-04-17,95.72931955821478,99.11368944158602,95.43922776013233,97.17976379394531,47504218
192,2025-04-16,96.69628075805421,98.14672496942504,95.3425313519733,96.40618896484375,46941006
193,2025-04-15,95.63262105227119,102.49805536037537,94.08548206946949,99.11368560791016,85421322
194,2025-04-14,93.60200594529724,95.43922944104102,91.9581646894462,94.08548736572266,55133112
195,2025-04-11,79.38764272473058,87.31674194335938,77.84050375293538,87.31674194335938,60893742
196,2025-04-10,79.38764190673828,79.38764190673828,79.38764190673828,79.38764190673828,3799055
197,2025-04-09,76.87354099313681,80.83808691479904,71.3618560992821,72.23211669921875,71587869
198,2025-04-08,79.48434407490856,82.19184303159156,79.19425964355469,79.19425964355469,43837391
199,2025-04-07,87.89691925048828,87.89691925048828,87.89691925048828,87.89691925048828,3155806
200,2025-04-02,97.17976473817731,98.146727571393,96.59958851371609,97.66324615478516,13337773
201,2025-04-01,93.31191430303264,98.146728515625,93.31191430303264,98.146728515625,23988678
202,2025-03-31,92.82842893239236,95.72931733652962,92.15155792236328,92.15155792236328,29886837
203,2025-03-28,100.08065226540637,100.08065226540637,96.69628238203514,97.17976379394531,27856789
204,2025-03-27,100.08065222781241,101.04761505126953,99.59717081608385,101.04761505126953,15530294
205,2025-03-26,100.56413551077459,102.01457977294922,100.0806540900497,102.01457977294922,13814579
206,2025-03-25,101.53109453726506,102.01457593982346,99.59716892703145,100.08065032958984,13423906
207,2025-03-24,102.49805734238187,102.49805734238187,100.08065032958984,100.08065032958984,10376740
208,2025-03-21,102.01457977294922,102.4980611936741,101.04761693149946,102.01457977294922,13622512
209,2025-03-20,101.04761599586124,102.49806024460565,100.5641345796131,101.53109741210938,11694314
210,2025-03-19,103.94850054990899,103.94850054990899,99.59716796875,99.59716796875,27944863
211,2025-03-18,103.46502018418423,104.91546439237374,102.9815387814544,103.94850158691406,12898686
212,2025-03-17,102.01458070862968,102.98154355894845,101.5310992834703,102.49806213378906,9665127
213,2025-03-14,101.5310964629981,102.01457787472665,100.08065222781241,101.04761505126953,8984666
214,2025-03-13,102.4980583190918,103.46502113342285,100.56413269042969,100.56413269042969,11217684
215,2025-03-12,102.01457787472665,102.98154069818378,100.56413363954097,101.04761505126953,11445725
216,2025-03-11,99.11368940435528,102.01457787472665,99.11368940435528,101.04761505126953,17022759
217,2025-03-10,104.4319878344266,105.39895068474536,102.49806213378906,102.49806213378906,13653548
218,2025-03-07,102.98153782782154,104.43198202257959,102.49805642956885,103.46501922607422,11767526
219,2025-03-06,106.84938901384301,106.84938901384301,103.46501922607422,103.46501922607422,16434341
220,2025-03-05,104.9154625456797,107.33286951677832,103.94849975724026,106.8493881225586,15924743
221,2025-03-04,101.53109642767137,106.36591054327477,100.56413360455069,104.91546630859375,19801579
222,2025-03-03,104.43198202257959,106.36590761559032,103.46501922607422,103.46501922607422,30411581
223,2025-02-27,111.20072364807129,111.68420505523682,108.29983520507812,108.29983520507812,25120415
224,2025-02-26,107.8163519486137,111.20072174072266,107.8163519486137,111.20072174072266,15686690
225,2025-02-25,109.7502794265747,111.20072364807129,107.8163537979126,108.29983520507812,29302734
226,2025-02-24,111.68420313959535,112.16768453846807,109.75027754410453,111.20072174072266,27710124
227,2025-02-21,112.65117070624169,114.10161496426197,111.6842078675615,113.61813354492188,24281824
228,2025-02-20,112.16768741198364,113.61813164575929,111.20072458946653,112.65116882324219,28609560
229,2025-02-19,112.65116786956787,113.61813068389893,112.16768646240234,112.16768646240234,31711292
230,2025-02-18,109.7502794265747,112.65116786956787,108.78331661224365,112.16768646240234,45684342
231,2025-02-17,109.75028134236294,112.16768842038856,109.26679992675781,109.26679992675781,33639639
232,2025-02-14,108.29983424712725,108.29983424712725,106.84939003846036,107.81635284423828,16031386
233,2025-02-13,107.33287239074707,109.26679801940918,105.39894676208496,108.29983520507812,58409910
234,2025-02-12,104.4319848970334,105.88242913171443,103.46502207391273,104.91546630859375,25482416
235,2025-02-11,101.04761409759521,104.4319839477539,101.04761409759521,104.4319839477539,32358384
236,2025-02-10,100.08065128326416,101.04761409759521,99.1136884689331,100.56413269042969,16330916
237,2025-02-07,100.56413363954097,101.5310964629981,99.59717081608385,101.04761505126953,16664981
238,2025-02-06,99.59716892703145,100.08065032958984,97.66324331679782,100.08065032958984,23121606
239,2025-02-05,96.69627769320618,99.11368463553634,96.50288808875598,98.63020324707031,27927644
240,2025-02-04,97.6632423015556,98.14672369908806,95.72931671142578,95.72931671142578,43678547
241,2025-02-03,97.66324424743652,99.1136884689331,96.69628143310547,96.69628143310547,54785676
242,2025-01-22,108.29983132102272,108.78331271084872,105.88242437189275,106.36590576171875,40885630
243,2025-01-21,107.81635284423828,108.29983424712725,105.39894582979348,107.81635284423828,42010397
244,2025-01-20,106.36591050889757,110.71724321153428,104.91546627468533,108.78331756591797,90196805
245,2025-01-17,102.01457882835751,102.01457882835751,99.11369033086868,101.53109741210938,25578915
246,2025-01-16,101.04761505126953,102.49805928645522,100.56413363954097,101.04761505126953,19203666
247,2025-01-15,100.56413562192118,101.53109846443965,98.146728515625,98.146728515625,17589407
248,2025-01-14,99.11368940435528,102.01457787472665,98.63020799262672,101.04761505126953,19145623
249,2025-01-13,99.11368657084346,100.56413076456312,96.69627958131069,99.59716796875,31834154
250,2025-01-10,101.53109356037622,102.49805635618932,99.59716796875,99.59716796875,17563353
251,2025-01-09,105.39894775682659,105.88242916855515,101.04761505126953,101.04761505126953,25956391
252,2025-01-08,102.9815387814544,104.91546439237374,102.49805737872457,103.94850158691406,13185407
253,2025-01-07,103.94850158691406,104.4319829896439,102.9815387814544,103.94850158691406,18464571
254,2025-01-06,103.46501825896786,104.43198104643486,102.49805547150088,102.98153686523438,22428388
255,2025-01-03,99.59717266932483,103.46502403512385,99.11369124859995,102.01457977294922,27789513
256,2025-01-02,100.08064936665656,102.98153775409588,99.59716796875,99.59716796875,23862981
257,2024-12-31,100.56413269042969,101.53109550476074,99.59716987609863,100.56413269042969,21250040
258,2024-12-30,102.98153972625732,103.46502113342285,100.56413269042969,100.56413269042969,21784880
259,2024-12-27,102.98153686523438,103.94849965270136,102.49805547150088,102.98153686523438,13481467
260,2024-12-26,104.91546925958598,105.88243210990474,102.49806213378906,102.49806213378906,26781525
261,2024-12-25,104.91546535491943,105.39894676208496,103.46502113342285,104.4319839477539,13646886
262,2024-12-24,105.39894579510357,105.8824271978334,103.94850158691406,103.94850158691406,19926762
263,2024-12-23,104.4319839477539,105.88242816925049,103.94850254058838,104.4319839477539,19928818
264,2024-12-20,102.98154355894845,104.4319878344266,102.49806213378906,102.49806213378906,23542306
265,2024-12-19,102.01457407776738,102.98153686523438,101.53109268403388,102.98153686523438,18649642
266,2024-12-18,103.94850254058838,104.4319839477539,102.4980583190918,104.4319839477539,23219435
267,2024-12-17,102.98154066235239,106.36591054327477,102.98154066235239,104.91546630859375,22811102
268,2024-12-16,107.81635080256932,108.7833135900363,102.49805547150088,102.98153686523438,45026229
269,2024-12-13,109.26679705290516,110.23375985868309,107.33287144134933,107.81635284423828,26024281
270,2024-12-12,111.68420796667426,112.16768938644341,109.75028228759766,109.75028228759766,17465474
271,2024-12-11,110.71724607233416,111.68420892012747,109.75028322454085,110.2337646484375,25251086
272,2024-12-10,114.10161305701783,114.58509446827638,111.68420600072508,112.65116882324219,19864418
273,2024-12-09,116.03553482248813,116.51901621758182,113.61812784701962,114.58509063720703,20983806
274,2024-12-06,114.10161019974396,117.96946139295561,114.10161019974396,115.06857299804688,56409920
275,2024-12-05,112.65116976876544,114.10161401471521,112.16768835344885,113.13465118408203,27022907
276,2024-12-04,111.20072364807129,112.16768646240234,110.23376083374023,112.16768646240234,18469498
277,2024-12-03,111.68420313959535,113.13464733621348,109.75027754410453,111.20072174072266,26930505
278,2024-12-02,110.71724607233416,111.20072749623081,109.75028322454085,110.2337646484375,17716416
279,2024-11-29,107.81635660852105,111.20072654690512,107.33287518875188,109.75028228759766,28170592
280,2024-11-28,110.71724512713595,111.20072654690512,107.81635660852105,109.75028228759766,36258958
281,2024-11-27,114.58509450276692,115.068575914171,108.78331756591797,108.78331756591797,72330506
282,2024-11-26,118.4529447555542,118.4529447555542,115.06857490539551,116.03553771972656,56328239
283,2024-11-25,118.936427104904,121.83731557087727,118.45294569390845,120.38687133789062,102532285
284,2024-11-22,111.68420226664482,117.00249761267553,111.68420226664482,114.58509063720703,58450529
285,2024-11-21,109.75028322454085,111.68420892012747,108.78332037674754,110.2337646484375,17809639
286,2024-11-20,110.2337646484375,110.2337646484375,110.2337646484375,110.2337646484375,22957895
287,2024-11-19,111.20072749623081,111.68420892012747,108.78332037674754,110.2337646484375,37312273
288,2024-11-18,112.65117080621256,113.61813364575087,109.2668008678285,109.75028228759766,32904146
289,2024-11-15,115.55205922228225,115.55205922228225,111.20072644822142,113.61813354492188,46583472
290,2024-11-14,117.48597900776923,117.48597900776923,114.10160924211333,114.58509063720703,35978717
291,2024-11-13,113.61813253607632,118.45294668654765,113.61813253607632,117.00250244140625,60305236
292,2024-11-12,115.06857684534839,115.55205826066498,112.16768835344885,113.13465118408203,73258099
293,2024-11-11,119.90339285428408,121.35383712268266,117.48598574028641,117.96946716308594,61035111
294,2024-11-08,117.48598100299294,121.35383222942893,117.00249959968845,119.41990661621094,113850430
295,2024-11-07,116.03553771972656,116.51901912689209,114.58509349822998,116.03553771972656,41915703
296,2024-11-06,115.55205535888672,117.48598097158775,114.10161114936095,115.55205535888672,75434472
297,2024-11-05,112.16768366173852,116.03553482248813,111.20072087155113,114.58509063720703,74142419
298,2024-11-04,111.68420505523682,113.1346492767334,110.71724224090576,112.16768646240234,51784516
299,2024-11-01,103.94850075763205,111.68420313959535,103.94850075763205,111.20072174072266,68498334
300,2024-10-30,109.75027747626777,109.75027747626777,107.33287048339844,107.33287048339844,21447664
301,2024-10-29,108.78331756591797,109.26679897732204,106.36591050889757,108.78331756591797,32383807
302,2024-10-28,112.16768938644341,112.65117080621256,108.2998380282902,109.75028228759766,42415518
303,2024-10-25,106.84938915086829,112.16768453846807,106.36590775199558,111.20072174072266,82974503
304,2024-10-24,108.78331955165079,108.78331955165079,105.88243103027344,105.88243103027344,21539691
305,2024-10-23,109.26679992675781,110.23376275796807,108.29983709554757,109.26679992675781,21500976
306,2024-10-22,107.33287426433732,109.26679992675781,105.88243001752195,109.26679992675781,40793829
307,2024-10-21,106.36590672833887,107.81635091099804,105.88242533411915,106.8493881225586,15958713
308,2024-10-18,108.78331858083743,109.26679999675225,105.3989486694336,105.3989486694336,37763372
309,2024-10-17,105.88242533411915,107.33286951677832,105.39894393989943,106.8493881225586,24835541
310,2024-10-16,103.46502392912565,106.365912450503,102.98154250889608,105.88243103027344,26449824
311,2024-10-15,106.36591150126327,107.33287433309293,104.43198583760393,105.3989486694336,43741059
312,2024-10-14,105.88243008534843,106.36591150126327,103.9485044216891,105.3989486694336,31188138
313,2024-10-11,102.0145778392317,105.39894772015408,101.04761501611102,104.91546630859375,55431430
314,2024-10-09,100.08065316336496,102.01457882835751,99.59717174711682,101.53109741210938,39992237
315,2024-10-08,97.66324047013825,98.63020324707031,97.17975908167222,98.63020324707031,16090389
316,2024-10-07,98.63020324707031,100.08064741246841,98.14672185860428,98.63020324707031,15600527
317,2024-10-04,98.63020706176758,100.08065128326416,96.69628143310547,96.69628143310547,19827515
318,2024-10-01,98.146728515625,99.11369135814347,97.66324709436576,98.146728515625,7346967
319,2024-09-30,100.0806532378244,100.0806532378244,97.66324615478516,97.66324615478516,11814264
320,2024-09-27,101.04761409759521,102.01457691192627,100.08065128326416,100.56413269042969,16661709
321,2024-09-26,102.01457593982346,102.49805734238187,99.59716892703145,100.08065032958984,19561146
322,2024-09-25,100.08065222781241,101.5310964629981,99.59717081608385,101.04761505126953,31502137
323,2024-09-24,98.14672282149152,99.11368560791016,97.17976003507289,99.11368560791016,13258170
324,2024-09-23,98.146728515625,98.63020993688423,97.66324709436576,98.146728515625,8866967
325,2024-09-20,100.0806532378244,100.56413465443224,97.66324615478516,97.66324615478516,30025419
326,2024-09-19,99.11368560791016,99.59716700111947,98.14672282149152,99.11368560791016,10364764
327,2024-09-18,99.11369135814347,100.08065420066194,97.66324709436576,98.146728515625,18360796
328,2024-09-16,98.6302051729369,99.59716796875,97.6632423771238,99.59716796875,18983217
329,2024-09-13,96.69628332156947,98.146727571393,95.82601529620715,97.66324615478516,20295472
330,2024-09-12,93.60200217493545,96.59958538535984,93.60200217493545,96.0194091796875,27674836
331,2024-09-11,91.86146448528956,92.53833548319231,91.37798309326172,91.37798309326172,8228176
332,2024-09-10,94.18217634636306,94.56896293423732,90.89450141544278,91.1845932006836,14501287
333,2024-09-09,92.73173698139239,93.60200500488281,91.57137715762485,93.60200500488281,21460827
334,2024-09-06,91.28129482288531,95.2458410457689,90.89450820611448,94.76235961914062,20779789
335,2024-09-05,91.86146350617103,92.73173147801339,90.60440894936092,90.89450073242188,14854584
336,2024-09-04,91.37798211929646,93.40860246870162,89.54075137370494,90.89450073242188,35958992
337,2024-09-03,96.69627965003328,97.66324244653362,95.24583545528277,95.82601165771484,28538306
338,2024-09-02,99.1136884689331,100.08065128326416,96.69628143310547,96.69628143310547,18606436
339,2024-08-30,98.63020993688423,99.11369135814347,97.66324709436576,98.146728515625,20709637
340,2024-08-29,97.66324709436576,98.63020993688423,97.17976567310652,98.146728515625,19125558
341,2024-08-28,98.63020612191463,100.08065032958984,97.66324331679782,100.08065032958984,18784418
342,2024-08-27,98.146728515625,98.63020993688423,97.17976567310652,98.146728515625,9006354
343,2024-08-26,99.59717277940271,100.56413562192118,98.146728515625,98.146728515625,17147528
344,2024-08-23,97.6632414282822,99.59716700111947,97.17976003507289,99.11368560791016,18593831
345,2024-08-22,99.11369135814347,99.11369135814347,97.66324709436576,98.146728515625,10778787
346,2024-08-21,96.69628425184729,99.11369135814347,96.40619244815534,98.146728515625,21710385
347,2024-08-20,99.1136904046087,100.0806532378244,97.66324615478516,97.66324615478516,22479956
348,2024-08-19,99.11368944158602,99.5971708534962,97.17976379394531,97.17976379394531,20939367
349,2024-08-16,100.08064839432879,100.5641297875381,98.63020421470084,99.11368560791016,22312781
350,2024-08-15,99.59717277940271,100.56413562192118,97.66324709436576,98.146728515625,19741123
351,2024-08-14,101.53109453726506,102.01457593982346,98.14672471935623,100.08065032958984,42762703
352,2024-08-13,100.08064741246841,100.56412880093444,97.17975908167222,98.63020324707031,41572904
353,2024-08-12,94.76235306902629,99.11368560791016,94.76235306902629,99.11368560791016,43960016
354,2024-08-09,95.43922944104102,96.50289446784974,93.98878517976476,94.08548736572266,64439566
355,2024-08-08,91.86146516883737,92.63503835277436,89.7341499790216,91.66807556152344,56874565
356,2024-08-07,86.73656412670032,94.27887725830078,86.34978489110318,94.27887725830078,53993670
357,2024-08-06,86.44647832072806,87.80022775574169,80.45130435919363,85.76959991455078,48444714
358,2024-08-05,88.96057618034305,89.15396578632061,83.8356704711914,83.8356704711914,62356338
359,2024-08-02,94.37556988535432,95.05244828668278,92.3449494360507,93.11852264404297,33246479
360,2024-08-01,95.53592900684453,97.179762840271,94.76235580444336,96.69628143310547,29556816
361,2024-07-31,93.1185235893149,95.72932028244522,92.44164518111528,93.60200500488281,20798570
362,2024-07-30,91.57137742833733,94.27887631445816,90.60441459434288,93.79539489746094,24236858
363,2024-07-29,95.05244562607504,95.53592702320189,91.86146545410156,91.86146545410156,31127431
364,2024-07-26,93.98878451332344,95.14914434052135,93.021821679329,93.79539489746094,42239366
365,2024-07-23,98.63020898800086,99.59717182121655,97.17976473817731,97.66324615478516,23559246
366,2024-07-22,102.01457791304706,102.49805932495724,96.30949577703882,97.17976379394531,56593757
367,2024-07-19,103.46502403512385,103.94850545584873,102.01457977294922,102.01457977294922,35199916
368,2024-07-18,103.46501922607422,104.91546342083227,102.98153782782154,103.46501922607422,41381493
369,2024-07-17,109.75028141266709,109.75028141266709,105.3989486694336,105.3989486694336,52854872
370,2024-07-16,103.46502383059867,110.2337637073668,102.98154241082952,109.75028228759766,101773894
371,2024-07-15,103.46501825896786,103.94849965270136,102.49805547150088,102.98153686523438,16490689
372,2024-07-12,102.98154355894845,103.94850640926721,102.49806213378906,102.49806213378906,29914082
373,2024-07-11,105.39894676208496,105.39894676208496,103.46502113342285,104.4319839477539,24067487
374,2024-07-10,105.39894676208496,105.88242816925049,104.4319839477539,104.4319839477539,24898648
375,2024-07-09,108.78331760107646,109.26679901263681,104.91546630859375,104.91546630859375,45328277
376,2024-07-08,105.88242628767684,108.29983328054618,105.39894488910298,107.33287048339844,37955894
377,2024-07-05,105.88243008534843,106.36591150126327,104.91546725351877,105.3989486694336,14726275
378,2024-07-04,106.8493929171781,107.33287433309293,104.91546725351877,105.3989486694336,21263905
379,2024-07-03,104.43198676958477,105.88243103027344,103.46502392912565,105.88243103027344,24666228
380,2024-07-02,104.4319829896439,105.39894579510357,103.46502018418423,103.94850158691406,22911458
381,2024-07-01,102.9815387814544,103.94850158691406,102.49805737872457,103.94850158691406,18735666
382,2024-06-28,103.46502498410783,103.94850640926721,102.49806213378906,102.49806213378906,18840203
383,2024-06-27,102.01457407776738,103.94849965270136,102.01457407776738,102.98153686523438,25153676
384,2024-06-26,104.43198202257959,105.39894481908495,102.01457503131617,103.46501922607422,32697320
385,2024-06-25,103.46502113342285,104.4319839477539,101.04761409759521,104.4319839477539,42680247
386,2024-06-24,107.15711909207431,108.10123467878861,103.85271453857422,103.85271453857422,56739254
387,2024-06-21,105.26890030582395,107.62918955034914,103.85272675910882,106.68507385253906,59821049
388,2024-06-20,105.74094818525785,106.21300598965632,104.79683257646091,105.26889038085938,39279975
389,2024-06-19,101.49243208739135,105.74095250035191,101.49243208739135,104.79683685302734,96130591
390,2024-06-18,101.49242828939562,101.96448609539281,100.54831267740124,101.02037048339844,24984377
391,2024-06-17,102.43654825989628,102.43654825989628,100.07625912948393,100.5483169555664,26488749
392,2024-06-14,102.90860414285264,103.3806619600217,101.02037287417645,102.4365463256836,35237661
393,2024-06-13,101.02037287417645,102.90860414285264,101.02037287417645,102.4365463256836,37659962
394,2024-06-12,101.49243260773135,101.49243260773135,98.66008565123651,100.5483169555664,78597016
395,2024-06-11,103.3806629269622,103.85272074854652,101.0203738190407,101.492431640625,54778863
396,2024-06-07,105.740957878496,106.21301572616785,102.90861079246486,103.38066864013672,66716417
397,2024-06-06,107.1571249961853,107.62918281555176,105.26889371871948,105.74095153808594,35414254
398,2024-06-05,106.68506717681885,107.1571249961853,105.26889371871948,105.74095153808594,31967339
399,2024-06-04,107.62918619791667,108.10124403211806,105.74095486111112,106.2130126953125,31961394
400,2024-06-03,108.10124638206081,109.9894777599134,107.15713069313452,107.62918853759766,57428684
401,2024-05-31,108.10124063491821,109.04535627365112,105.74095153808594,105.74095153808594,69845270
402,2024-05-30,109.04536207098711,110.93359344883969,107.62918853759766,107.62918853759766,42643604
403,2024-05-29,112.82182275837866,113.29388059418777,109.51741790771484,109.51741790771484,58587461
404,2024-05-28,112.34976196289062,116.12622454987854,111.87770413951714,112.34976196289062,145139712
405,2024-05-27,109.98947143554688,110.46152925286682,108.57329798358704,109.98947143554688,54191916
406,2024-05-24,107.15712217248004,109.51741120711617,106.68506436555282,108.57329559326172,34179032
407,2024-05-23,109.51741991545025,109.9894777599134,107.15713069313452,107.62918853759766,45554239
408,2024-05-22,106.2130065586256,108.57329559326172,106.2130065586256,108.57329559326172,39307532
409,2024-05-21,105.26889702690973,107.15712836371529,105.26889702690973,106.2130126953125,31508124
410,2024-05-20,106.21301032401419,106.68506814767649,104.32477902936506,104.79683685302734,45161162
411,2024-05-17,105.74095153808594,107.1571249961853,105.26889371871948,105.74095153808594,36894989
412,2024-05-16,110.93358755111694,111.4056453704834,105.74095153808594,105.74095153808594,88955789
413,2024-05-15,106.2130065586256,110.46152682097062,105.74094875169837,108.57329559326172,106199935
414,2024-05-14,105.74094818525785,106.6850637940548,104.32477477206244,105.26889038085938,45702653
415,2024-05-13,106.68506814767649,107.62918379500105,104.79683685302734,104.79683685302734,53078418
416,2024-05-10,106.21301500420822,107.62918853759766,104.79684147081878,107.62918853759766,38215355
417,2024-05-09,109.04535627365112,109.04535627365112,105.74095153808594,105.74095153808594,60038301
418,2024-05-08,108.57329559326172,110.46152682097062,108.1012377863345,108.57329559326172,53547735
419,2024-05-07,108.10124206542969,108.57329989104292,105.74095293736353,108.10124206542969,27860108
420,2024-05-06,106.68507284867137,108.57330422652396,105.74095715974507,107.62918853759766,41444508
421,2024-05-03,109.04535726598792,109.98947291331248,104.79683685302734,104.79683685302734,52198229
422,2024-05-02,105.74095293736353,109.04535771665614,104.32477946052384,108.10124206542969,43292333
423,2024-04-30,108.10124304011005,108.57330086997952,106.68506955050162,107.1571273803711,21561873
424,2024-04-29,108.10124638206081,109.51741991545025,107.15713069313452,107.62918853759766,35239384
425,2024-04-26,108.10124739925418,109.04536309706427,106.21301600363402,106.68507385253906,38356287
426,2024-04-25,108.10124063491821,108.10124063491821,105.74095153808594,105.74095153808594,38537942
427,2024-04-24,107.15712546476554,110.93358803621102,106.68506764333486,109.04535675048828,86543907
428,2024-04-23,104.79683685302734,106.21301032401419,103.38066338204048,104.79683685302734,36485658
429,2024-04-22,106.68506668020504,107.62918231454313,102.4365463256836,102.4365463256836,77007712
430,2024-04-19,109.51741120711617,112.34975804867952,104.79683313784392,108.57329559326172,78551383
431,2024-04-18,107.62917728747352,111.4056396484375,106.68506169723253,111.4056396484375,54648625
432,2024-04-17,109.04535771665614,109.98947336788261,106.68506858859,108.10124206542969,79475068
433,2024-04-16,111.40565129330284,111.87770913776599,106.21301500420822,107.62918853759766,97363040
434,2024-04-15,114.71005446940785,115.65417014405318,112.34976528279452,112.82182312011719,53370741
435,2024-04-12,117.0703406509088,118.95857195172992,115.1821093500877,115.65416717529297,55470291
436,2024-04-11,118.01445193407012,119.90268316501525,115.65416289538872,116.126220703125,68736229
437,2024-04-10,120.84680808017929,121.79092376830569,118.01446101580008,118.48651885986328,72266512
438,2024-04-09,124.62325831821987,124.62325831821987,118.48650696164086,118.95856475830078,140673770
439,2024-04-08,124.6232681274414,125.56738379507354,121.79092112454501,124.6232681274414,126804826
440,2024-04-03,116.59828365723598,125.5673824001003,115.65416800009237,122.26297760009766,195337547
441,2024-04-02,117.07034204101562,118.48651553344726,116.12622637939452,118.01445770263672,81248702
442,2024-04-01,119.90268760214047,120.37474542734574,115.1821093500877,115.65416717529297,111455092
443,2024-03-29,114.23799182325004,122.73503253737607,114.23799182325004,117.54239654541016,218939000
444,2024-03-28,110.9335908058768,113.76593780517578,110.46153297266031,113.76593780517578,48829787
445,2024-03-27,110.46153259277344,111.87770608755258,109.51741692958734,110.46153259277344,42679545
446,2024-03-26,113.29387958233173,114.71005307711087,108.57330126640124,110.46153259277344,100817195
447,2024-03-25,118.01446070436572,118.01446070436572,115.18211364746094,115.18211364746094,48478864
448,2024-03-22,114.23798947217988,117.54239412633383,113.7659316644436,116.126220703125,84781915
449,2024-03-21,115.18211130482527,115.65416913804177,113.29387997195929,113.76593780517578,42089360
450,2024-03-20,117.07033920288086,118.48651266098022,112.34976100921631,113.29387664794922,106906689
451,2024-03-19,114.23799369967715,117.0703406509088,112.82182022406131,115.65416717529297,108805668
452,2024-03-18,113.29387664794922,114.71005010604858,111.87770318984985,113.29387664794922,55645870
453,2024-03-15,107.62918690956786,113.29388095743985,107.1571290722452,112.82182312011719,86074232
454,2024-03-14,109.51741457191896,111.4056458576417,106.68506764333486,109.04535675048828,65822255
455,2024-03-13,116.12622306070614,116.12622306070614,108.57329798358704,109.98947143554688,132711733
456,2024-03-12,115.1821093500877,116.12622500049825,112.82182022406131,115.65416717529297,78641088
457,2024-03-11,113.76594111545027,118.9585774319231,112.34976757459404,114.23799896240234,197151435
458,2024-03-08,110.46153357933308,113.29388059418777,108.1012444002875,109.51741790771484,69563629
459,2024-03-07,113.76593842999688,114.237996265806,109.51741790771484,109.51741790771484,69058042
460,2024-03-06,113.29388095743985,114.23799663208518,111.87770744547186,112.82182312011719,61852091
461,2024-03-05,111.87770551516685,116.12622597776813,110.4615320276331,114.71005249023438,127183636
462,2024-03-04,114.71004960874632,115.6541652433862,109.51741361822693,109.98947143554688,81070877
463,2024-03-01,111.4056396484375,112.82181303379899,110.4615240581965,111.4056396484375,82655816
464,2024-02-29,106.68506764333486,109.04535675048828,105.74095200047348,109.04535675048828,58737710
465,2024-02-27,110.46153218945743,111.40564784919638,104.79683823102371,107.1571273803711,97144118
466,2024-02-26,110.46153259277344,111.87770608755258,109.0453590979943,110.46153259277344,59587067
467,2024-02-23,115.65416977323335,116.12622760904246,109.51741790771484,109.51741790771484,101970503
468,2024-02-22,117.07034019662552,117.54239801999901,112.34976196289062,112.34976196289062,105401071
469,2024-02-21,113.29387423358386,113.76593204289046,110.46152737774426,111.87770080566406,86056362
470,2024-02-20,115.6541714902784,117.54240286154825,113.76594011900855,115.18211364746094,73066763
471,2024-02-19,118.01445630131936,120.37474542734574,115.65416717529297,115.65416717529297,76658559
472,2024-02-16,122.73502713158018,124.15120052155994,118.95856475830078,118.95856475830078,126333381
473,2024-02-15,125.56738140939295,127.45561270878233,122.7350344603089,123.20709228515625,159145689
474,2024-02-05,114.23799182325004,118.01445436286161,113.29387618834714,117.54239654541016,155616524
475,2024-02-02,111.4056453704834,113.29387664794922,110.46152973175049,113.29387664794922,125412842
476,2024-02-01,107.15712217248004,109.04535340018894,106.68506436555282,108.57329559326172,43722734
477,2024-01-31,109.98947336788261,109.98947336788261,108.10124206542969,108.10124206542969,70022066
478,2024-01-30,111.877697443558,113.2938708289195,110.4615240581965,111.4056396484375,93841613
479,2024-01-29,107.15712453162722,110.93358707018676,106.68506671430727,109.98947143554688,78337509
480,2024-01-26,108.10124739925418,108.57330524815923,105.74095815472899,106.68507385253906,84299018
481,2024-01-25,111.40564243482507,113.29387366253397,108.1012377863345,108.57329559326172,149998138
482,2024-01-24,111.4056492509513,111.87770708676042,107.62918656447837,109.51741790771484,94862039
483,2024-01-23,109.51741692958734,111.40564825595953,107.62918560321515,110.46153259277344,132119579
484,2024-01-22,107.62918234894715,110.93358707018676,106.21300889698733,109.98947143554688,267682065
485,2024-01-19,94.41156119943778,101.02037048339844,94.03391351403394,101.02037048339844,268460567
486,2024-01-18,92.80657220398604,93.27863003370513,90.25745560168443,92.24009704589844,64484213
487,2024-01-17,94.0339183014377,94.88362383609848,92.33451443514699,92.42892456054688,89529481
488,2024-01-16,92.90097773230092,94.12832370701923,92.61774016727257,93.08979797363281,51825406
489,2024-01-15,96.77185030384877,97.243908110209,92.61774016727257,93.08979797363281,109611392
490,2024-01-12,91.5792174219486,94.88362217428696,91.01274947643961,93.93950653076172,118545753
491,2024-01-11,89.78540166698066,92.24010104740205,89.40775394621633,92.14569091796875,83296222
492,2024-01-10,88.84127779006674,90.25745121032189,88.36921998331503,89.21892547607422,40425004
493,2024-01-09,90.91833302913794,92.14567895853791,88.74686431884766,88.74686431884766,83460893
494,2024-01-08,88.84128177019214,90.06863500394472,88.18040369234433,89.12451934814453,37805899
495,2024-01-05,89.12451995937224,89.59657779050977,88.08599417147585,88.36922454833984,24672322
496,2024-01-04,88.5580437368641,89.97421709809521,88.18039606659643,88.93568420410156,41184004
497,2024-01-03,87.51952297517278,89.03011386564754,87.23629258548216,88.27481842041016,40113282
498,2024-01-02,93.08980668133641,93.18421681083358,88.46363830566406,88.46363830566406,110290066
499,2023-12-29,91.39039419255425,93.84509334502138,91.20156674819185,93.08979797363281,121389194
500,2023-12-28,91.76804125312381,92.99539451884894,90.54069519042969,90.54069519042969,52794595
501,2023-12-27,91.7680401955971,91.95686765131855,90.72951439973733,91.29598236083984,38591960
502,2023-12-26,91.86246122629142,91.95687135644064,90.44628766495926,91.5792236328125,44506324
503,2023-12-25,89.31333733966217,92.05127411285581,89.21892721707563,91.20156860351562,72388583
504,2023-12-22,90.44627488517224,90.44627488517224,88.93568420410156,88.93568420410156,41773775
505,2023-12-21,87.8027549808648,90.25745421714305,86.57540176121032,89.87980651855469,87172083
506,2023-12-20,87.42510072606109,89.59656942782753,87.23628049244235,88.93568420410156,92274010
507,2023-12-19,87.80275825832202,88.93569419334602,86.858642578125,86.858642578125,64624074
508,2023-12-18,86.48099095264806,88.08599185818406,85.82011288762367,87.14187622070312,47995005
509,2023-12-15,88.46363667320095,88.46363667320095,86.48099517822266,86.48099517822266,64590668
510,2023-12-14,88.93569685924878,89.40775471349751,87.89717102050781,87.89717102050781,60866040
511,2023-12-13,86.29217006024173,88.18040132106526,86.19775993780668,87.70834350585938,76960042
512,2023-12-12,87.04746046734495,87.23628792007136,85.44246673583984,85.44246673583984,48161149
513,2023-12-11,87.89716876054219,89.12452203124433,86.4809952342079,86.6698226928711,38339080
514,2023-12-08,89.87980917202827,90.06863662841248,87.14187948325137,87.42510986328125,57544695
515,2023-12-07,86.29217333069879,89.21893045529269,85.25364753849205,88.18040466308594,76272477
516,2023-12-06,85.4424621077575,86.5753979506261,85.34805198802353,86.10334014892578,41556698
517,2023-12-05,85.15923411772572,85.34806158144897,84.0262981475111,84.21511840820312,57775278
518,2023-12-04,88.08599283147,88.18040295565511,86.19776153564453,86.19776153564453,48344012
519,2023-12-01,86.29217399448508,88.1804053413971,85.25364819428967,87.61393737792969,73586676
520,2023-11-30,87.04745949044711,88.08599246121037,86.00893372271459,86.38658142089844,81324311
521,2023-11-29,87.61394068063352,89.69099235932109,87.51952334730399,88.08599853515625,60632355
522,2023-11-28,87.51951635146035,87.80275392274599,86.76422816641642,87.33069610595703,43111361
523,2023-11-27,90.54069032804284,90.54069032804284,86.19775987206701,87.51951599121094,63193366
524,2023-11-24,90.44628107182507,90.82392156489368,89.78539580289362,90.63510131835938,30041809
525,2023-11-23,92.05127165803432,92.52332946140886,89.78539276123047,89.78539276123047,58675056
526,2023-11-22,94.31715991009025,94.31715991009025,92.14569091796875,92.14569091796875,112037268
527,2023-11-21,95.82773497046493,98.18802400914635,95.82773497046493,96.7718505859375,100937478
528,2023-11-20,93.93950616924951,94.88362180914147,92.71215295617769,94.12832641601562,47937989
529,2023-11-17,93.939503178452,94.88361878828569,92.99538756861831,93.46744537353516,44800644
530,2023-11-16,94.41156098336884,94.88361878828569,92.71215000445602,93.46744537353516,47766337
531,2023-11-15,94.88361878828569,95.82773439811938,93.2786251327806,93.46744537353516,89364532
532,2023-11-14,94.88361564556305,95.35567343484446,92.52332669915602,92.61773681640625,78632920
533,2023-11-13,93.4674520111084,95.35568336486817,92.14568862287037,94.41156768798828,110774890
534,2023-11-10,93.08979460568766,93.08979460568766,89.69097996346757,92.61773681640625,122239512
535,2023-11-09,93.56185577999305,94.41156127204758,91.57921443388615,93.08979797363281,130712286
536,2023-11-08,88.9356929454227,95.8277401953658,88.74687269324518,91.86245727539062,204237637
537,2023-11-07,87.23628899689237,89.03011020326633,86.38658345671197,88.18040466308594,59537497
538,2023-11-06,87.89716434282626,88.36922216121204,86.76422845991264,86.95304870605469,41930983
539,2023-11-03,88.55804648019176,89.21892452136004,86.10334014892578,86.10334014892578,55816715
540,2023-11-02,87.70834750466909,89.1245210148531,86.9530520846919,87.61393737792969,63537510
541,2023-11-01,84.97040988346718,85.72570529697703,84.12070434402632,84.49835205078125,42426335
542,2023-10-31,89.21893460371568,89.78540258916478,84.40394592285156,84.40394592285156,65570454
543,2023-10-30,89.97422918974324,91.29598540876577,88.18040791717259,88.46363830566406,51676630
544,2023-10-27,89.97422120810141,92.05127268490763,89.03010559082031,89.03010559082031,95950222
545,2023-10-26,87.61393664464055,88.93569281399168,87.33069906376193,87.9915771484375,61757472
546,2023-10-25,90.91833588337803,91.57921392741524,89.7853928325608,89.9742202758789,62053005
547,2023-10-24,88.46363211616979,90.91833852953555,87.51951648119238,90.82392120361328,100474352
548,2023-10-23,85.8201125328385,89.21892737311286,85.53687496155287,87.33069610595703,62851855
549,2023-10-20,84.9704043771021,88.08598875214135,83.55423097081707,86.29216766357422,86023588
550,2023-10-19,85.63128566615927,87.33069669935908,84.02629195938333,86.57540130615234,92717461
551,2023-10-18,88.55804684530473,89.03010464895128,82.79893587839247,85.91452026367188,206256374
552,2023-10-17,93.84509304893245,94.22274073343524,89.21892512059196,89.40774536132812,120371269
553,2023-10-16,92.99539616643166,94.88362756067393,91.57922262074996,92.5233383178711,65295376
554,2023-10-13,96.29979594641254,96.77185376967928,92.99539118354545,93.56185913085938,94379491
555,2023-10-12,94.31715142631494,97.71596620141005,93.75068349763751,96.7718505859375,105484180
556,2023-10-11,105.26889114283206,105.26889114283206,92.71215057373047,92.71215057373047,200585886
557,2023-10-06,102.90860414285264,104.32477759435979,101.49243069134549,102.4365463256836,78617069
558,2023-10-05,101.49242828939562,101.49242828939562,99.13213925940968,101.02037048339844,65056463
559,2023-10-04,99.1321477350199,100.07626342773438,98.18803204230542,100.07626342773438,77451542
560,2023-10-03,105.26889765704121,106.21301333109538,101.49243496082448,101.96449279785156,118035826
561,2023-10-02,98.18802732175534,105.26889467668963,97.71596949809306,104.79683685302734,187783645
562,2023-09-28,98.18803277978756,100.54832202930169,94.88362783046779,95.82774353027344,120857468
563,2023-09-27,95.82773827117623,97.71596956716,94.41156479918841,97.24391174316406,56450757
564,2023-09-26,96.77185923007909,98.18803277978756,95.35568568037061,95.82774353027344,46758266
565,2023-09-25,96.77185391916812,97.71596956716,94.41156479918841,97.24391174316406,49819151
566,2023-09-22,94.12832398140212,96.7718505859375,93.56185605272469,96.7718505859375,68779990
567,2023-09-21,92.52333213084965,95.35567903281445,91.29597892545266,94.88362121582031,94374959
568,2023-09-20,92.33451340877221,97.24391190530336,92.14568595704053,93.18421173095703,100922230
569,2023-09-19,95.82773505842418,96.77185067476334,92.05127259306757,92.9009780883789,97992084
570,2023-09-18,97.24391370716661,97.71597154069654,94.411566705987,95.35568237304688,73754022
571,2023-09-15,101.49243459747169,101.49243459747169,98.18802975011215,98.66008758544922,98783467
572,2023-09-14,98.66008988866267,101.4924369668061,98.18803204230542,100.07626342773438,102303236
573,2023-09-13,97.24390501134536,97.24390501134536,94.4115582634421,96.29978942871094,66759350
574,2023-09-12,95.82773163739373,97.71596280266257,94.8836160547593,96.29978942871094,88190618
575,2023-09-11,103.38065989424543,103.8527177019817,94.31715142631494,96.7718505859375,180230199
576,2023-09-08,102.43654965041974,105.26889664536222,102.43654965041974,102.90860748291016,54022324
577,2023-09-07,105.74094571200284,106.68506129871714,103.85271453857422,103.85271453857422,52868100
578,2023-09-06,106.21301172063214,108.10124304011005,106.21301172063214,107.1571273803711,61634375
579,2023-09-05,105.26889702690973,107.15712836371529,103.85272352430556,106.2130126953125,72880979
580,2023-09-04,104.79683919270833,107.15712836371529,103.38066569010417,106.2130126953125,96707855
581,2023-09-01,110.46153280275678,110.93359063524719,102.90860748291016,102.90860748291016,160343941
582,2023-08-31,102.90860728728465,110.46153259277344,101.02037596091246,110.46153259277344,197095668
583,2023-08-30,107.1571249961853,108.10124063491821,104.79683589935303,105.74095153808594,96227150
584,2023-08-29,105.740957878496,106.68507357383972,101.49243724944928,103.38066864013672,116529421
585,2023-08-28,104.7968421831523,105.740957878496,99.60420585876186,103.38066864013672,180397940
586,2023-08-25,105.26889467668963,109.04535726598792,104.32477902936506,104.79683685302734,262351271
587,2023-08-24,127.4556128054249,127.92767063063019,114.23799369967715,115.65416717529297,322193897
588,2023-08-23,117.07034337660845,120.37474822998047,114.71005419562844,120.37474822998047,119241265
589,2023-08-22,119.43062878813338,119.90268660943035,115.65416621775762,116.59828186035156,155619748
590,2023-08-21,115.65417250325858,117.54240389106688,111.87770972764197,114.23799896240234,134862759
591,2023-08-18,119.43063180377375,121.31886313663973,109.98947513944381,113.76593780517578,266505515
592,2023-08-17,119.90269269130027,124.15121329847233,117.54240346509357,121.79092407226562,299021815
593,2023-08-16,107.62918281555176,120.8468017578125,107.62918281555176,120.8468017578125,207347246
594,2023-08-15,112.3497605221466,115.18210742606625,109.51741361822693,109.98947143554688,158617044
595,2023-08-14,102.90860135886702,108.10123720725022,101.4924279456716,105.26889038085938,228283316
596,2023-08-11,110.46152682097062,112.82181585560674,108.57329559326172,108.57329559326172,158850962
597,2023-08-10,109.51741652971847,112.82182133880481,102.90860691154582,107.1571273803711,281607316
598,2023-08-09,113.29387664794922,118.01445484161377,111.4056453704834,113.29387664794922,215561512
599,2023-08-08,122.73503976274831,126.98356036992037,118.48651915557625,121.79092407226562,322867236
600,2023-08-07,114.23799505615234,118.01445770263672,110.93359024047851,118.01445770263672,161380691
601,2023-08-04,108.57330422652396,114.23799836008173,103.85272578189247,107.62918853759766,344621001
602,2023-08-02,126.51149821968235,128.39972953639403,114.71005249023438,114.71005249023438,187262014
603,2023-08-01,124.1512074223271,131.23207476580583,120.37474483913846,127.45561218261719,278485352
604,2023-07-31,150.11438495110286,151.05850057972614,133.5923614501953,133.5923614501953,177786184
605,2023-07-28,145.39380368761195,149.64232392523698,137.84087882072302,148.2261505126953,208843395
606,2023-07-27,152.00262381813744,152.00262381813744,143.03352489719143,145.39381408691406,41629333
607,2023-07-26,140.67323698098667,151.05850950978433,140.67323698098667,147.7541046142578,47803023
608,2023-07-25,151.53056807267038,152.47468376159668,143.50558471679688,143.50558471679688,48736397
609,2023-07-24,142.08940544611292,150.58644630335553,140.20117414450343,149.17027282714844,49336684
610,2023-07-21,123.20709802659891,139.25706481933594,123.20709802659891,139.25706481933594,61538410
611,2023-07-20,121.31886458840069,127.45561649365052,121.31886458840069,126.98355865478516,40157230
612,2023-07-19,129.81590032577515,129.81590032577515,116.12622356414795,120.8468017578125,50724431
613,2023-07-18,134.0644156090299,135.0085312119104,121.31885497014325,125.56737518310547,52193683
614,2023-07-17,131.70413208007812,136.89676811190915,130.76001643792702,131.70413208007812,36521611
615,2023-07-14,129.81590217267964,136.42471173783423,122.73503478144256,134.06442260742188,64953594
616,2023-07-13,122.73503679217714,128.39973079796994,121.31886329072894,124.6232681274414,221906693
617,2023-07-12,111.40564900059853,117.07034301757812,110.46153333110193,117.07034301757812,180323521
618,2023-07-11,100.0762639678685,106.68507385253906,99.60420611896346,106.68507385253906,130490926
619,2023-07-10,99.13214303914783,101.49243215912753,97.24391174316406,97.24391174316406,105513866
620,2023-07-07,98.66008988866267,104.79684189130676,97.71597419594819,100.07626342773438,152396834
621,2023-07-06,93.93950830251684,104.32478057716695,93.56186059737794,99.60420227050781,153113727
622,2023-07-05,98.66008181688262,99.1321396246189,91.86245226669239,96.7718505859375,136684992
623,2023-07-04,92.07491193498883,96.67865753173828,91.61453737531389,96.67865753173828,103513816
624,2023-07-03,86.182105376281,89.865101392573,85.99795838536937,88.11567687988281,109478115
625,2023-06-30,77.80329715868922,83.78816617089608,77.6191501528322,83.60401916503906,157360693
626,2023-06-29,73.75200273025327,77.06669814036701,73.65992922367533,76.97462463378906,137610167
627,2023-06-28,74.30444204450161,76.23802057873445,72.27879703929071,72.46294403076172,117802606
628,2023-06-27,74.76482311194283,75.77765272822748,72.55503092125136,73.2916259765625,109036549
629,2023-06-26,74.76481779521114,77.34291786735947,73.10747377005083,76.23802185058594,128884325
630,2023-06-21,72.7391714078229,78.6319664458132,72.27879690524173,77.43498992919922,179782584
631,2023-06-20,72.73918250985292,73.01541006346461,69.33241348068725,71.54220581054688,117264771
632,2023-06-19,73.93614627755024,74.85689526220338,72.09464830824396,72.18672180175781,112151207
633,2023-06-16,73.19954891440942,76.51424406407264,72.00257234867323,73.84407043457031,176585457
634,2023-06-15,74.12029795735796,74.94897350096319,71.08182330572467,73.84407043457031,171143969
635,2023-06-14,66.20186091824993,71.4501279167723,65.83355987761934,70.62145233154297,187208860
636,2023-06-13,65.83355945242627,67.12260957392887,65.18903790405398,66.10978698730469,103518029
637,2023-06-12,67.85920146687454,67.95128199071974,64.91280734752812,65.09695434570312,124168562
638,2023-06-09,63.899988215505175,67.58298457346216,63.623760678755175,67.21468353271484,155335617
639,2023-06-08,63.80791178247498,64.9128078292398,62.24263418734079,62.61093521118164,91987616
640,2023-06-07,64.9128080854679,65.37318261089675,63.0713099837525,63.16338348388672,107343409
641,2023-06-06,65.37318384474592,66.29393291298179,64.26828777276606,65.0048828125,69941502
642,2023-06-05,64.72866266269669,67.39882935545224,63.53168605750715,65.37318420410156,107704657
643,2023-06-02,65.3731822376961,69.97692746570287,64.82073421528683,65.46525573730469,236851902
644,2023-06-01,59.38832155192875,63.99206740866741,59.38832155192875,63.899993896484375,140280008
645,2023-05-31,61.229808697784684,62.518858706900055,60.30905969481048,61.41395568847656,327442378
646,2023-05-30,63.439611901939294,64.26828746432612,60.30906368001009,61.0456657409668,164624385
647,2023-05-29,60.769437116735126,63.715831257946455,60.67736361696435,62.61093521118164,202380187
648,2023-05-26,57.63889084217506,62.42679025966656,57.36266682142181,59.848690032958984,268820170
649,2023-05-25,55.060790460781234,56.81021499633789,52.666844423852,56.81021499633789,201409839
650,2023-05-24,49.812524048463594,52.1143967588802,49.35214950638028,51.654022216796875,95704972
651,2023-05-23,48.523477887382874,50.549126593782695,48.0631033410365,49.352149963378906,69792789
652,2023-05-22,48.6155529689748,49.35215156455124,48.063104900387245,48.52347946166992,62102940
653,2023-05-19,46.958200025082355,48.983848571777344,46.774049518586665,48.983848571777344,114713045
654,2023-05-18,46.221607238907026,47.51065391934811,46.03745670959282,46.58990478515625,88895889
655,2023-05-17,45.16274295889756,46.037455312307216,44.84048217666305,45.531044006347656,66263043
656,2023-05-16,45.11670564166553,45.577080189029466,43.91973252099512,44.610294342041016,77588770
657,2023-05-15,45.76122970040438,46.49782825745258,44.51821634253024,44.65633010864258,83680804
658,2023-05-12,42.354458178201035,46.68197960757999,41.38767233530486,46.1295280456543,171088731
659,2023-05-11,44.195954975328945,44.65632950632195,43.36727941458996,43.73558044433594,46904556
660,2023-05-10,45.11670428227936,45.25481804727873,43.735580681801416,44.288028717041016,60541385
661,2023-05-09,44.79444287986611,46.31367671146465,44.380105103110544,46.037452697753906,54170071
662,2023-05-08,45.945377349853516,47.32650087525137,45.669149834870936,45.945377349853516,53514164
663,2023-05-05,45.62311548132447,45.85330274764031,45.16274094869278,45.254817962646484,38928298
664,2023-05-04,44.38010570481042,45.8533028061604,43.91973117159118,45.62311553955078,49847414
665,2023-05-03,45.57707854823924,45.85330256423764,44.656329486658656,45.0706672668457,50148104
666,2023-05-02,43.27520726903149,46.22160506216476,43.13709350045531,46.1295280456543,96963611
667,2023-04-28,42.7227610865713,42.81483459472656,41.75597168904509,42.81483459472656,43184415
668,2023-04-27,41.433708771415375,42.722758893699904,41.24955825217773,42.35445785522461,56066951
669,2023-04-26,40.3748453544207,41.43370819091797,40.32880860335103,41.43370819091797,57108282
670,2023-04-25,41.98615747692484,41.98615747692484,39.77636174846404,40.23673629760742,87981730
671,2023-04-24,41.06540790338847,43.045019846746605,40.69711037576351,42.53860855102539,62230084
672,2023-04-21,41.29559604864792,41.84804762033759,40.42088720680272,40.97333526611328,84043771
673,2023-04-20,42.12427040790192,42.53860819635708,41.15748457642587,42.17030715942383,59434671
674,2023-04-19,40.789182704987184,42.998981856618464,40.42088518796792,42.032196044921875,98064274
675,2023-04-18,41.11144555800402,41.15748230698745,39.684281752866234,40.00654602050781,43868808
676,2023-04-17,40.74314597301317,41.617858283949126,40.55899545822998,40.69710922241211,35246266
677,2023-04-14,41.24955807289443,41.75596936431268,40.14465847464979,40.466922760009766,64380140
678,2023-04-13,41.663898100469595,42.26238643946117,40.42088818087687,40.92729949951172,57092896
679,2023-04-12,40.32880603153349,41.802006558467916,40.09861877848549,41.57181930541992,72663649
680,2023-04-11,40.09861951847466,40.46692053509967,39.408057746586884,40.00654602050781,40838730
681,2023-04-10,38.026935137658526,40.05258375413662,37.750711124588534,39.96051025390625,83529225
682,2023-04-07,38.21108754956053,38.25712430196371,37.152224682392166,37.38241195678711,32545921
683,2023-04-06,38.11901092529297,38.349198180850586,37.198261903062495,38.11901092529297,45592702
684,2023-03-31,38.11901380212569,38.625425100095434,37.9809000334162,38.533348083496094,59781095
685,2023-03-30,37.10618847900566,38.48731214581018,36.64581392340415,38.30316162109375,101733483
686,2023-03-29,36.737890821167916,36.9220378328998,35.67902794181405,36.415626525878906,50791694
687,2023-03-28,37.29033800152859,37.566562024990034,36.047328139762584,36.27751541137695,56843018
688,2023-03-27,36.8299607058412,38.07297047471184,36.69184694824279,37.93486022949219,68430113
689,2023-03-24,37.01411037120743,37.15222061329041,35.586950128744505,36.829959869384766,69737230
690,2023-03-23,35.17261502553301,36.64581212625922,34.85035074498863,36.5077018737793,78920744
691,2023-03-22,35.40280231795012,35.40280231795012,34.343939486267836,35.17261505126953,50561179
692,2023-03-21,34.06771590653616,34.942428233639234,33.6533781187106,34.574127197265625,66824581
693,2023-03-20,32.226217913775095,33.054893493652344,32.226217913775095,33.054893493652344,28502750
694,2023-03-17,32.04206963355477,32.226220165548035,31.996032878651263,32.18018341064453,25305393
695,2023-03-16,31.857918773472363,31.996032549139763,31.581694734516784,31.81188201904297,16789304
696,2023-03-15,31.30546790966089,32.08810320245085,31.259431159328347,31.76584243774414,32644492
697,2023-03-14,30.937167198190394,31.167354464582818,30.706979931797967,30.891130447387695,12576250
698,2023-03-13,30.753020434451837,30.98320770263672,30.154532132219558,30.98320770263672,14934180
699,2023-03-10,30.891129464651126,31.029243225044358,30.660942205581627,30.937166213989258,12064127
700,2023-03-09,31.121318072609768,31.305468590322757,30.845094052229776,31.259431838989258,19691072
701,2023-03-08,30.52283214005839,31.21339392139565,30.43075512845278,31.12131690979004,24911012
702,2023-03-07,30.292645604529163,30.56886962119846,30.246605341435167,30.5228328704834,11470546
703,2023-03-06,30.10849466921533,30.292645181885234,29.970380906618182,30.246604919433594,6267817
704,2023-03-03,29.924344275185355,30.10849478858535,29.832270774674804,30.062458038330078,5242628
705,2023-03-02,29.924345764648145,29.924345764648145,29.510007966969507,29.786231994628906,8056726
706,2023-03-01,29.740193521287225,30.154531294991894,29.371894253654983,29.970380783081055,20358730
707,2023-02-24,29.740194058811632,30.61490637191352,29.740194058811632,30.5228328704834,35429056
708,2023-02-23,29.233784975116208,29.740196295831357,29.233784975116208,29.648122787475586,18771509
709,2023-02-22,29.04963320072724,29.279820474128215,29.003596448522853,29.233783721923828,6495219
710,2023-02-21,29.187746969719445,29.279820474128215,29.04963320072724,29.233783721923828,4523872
711,2023-02-20,29.187746047973633,29.27981954947473,29.095670790283062,29.187746047973633,3923441
712,2023-02-17,29.00359636163451,29.141708374023438,29.00359636163451,29.141708374023438,6508064
713,2023-02-16,29.27981936733681,29.325857873990444,29.00359535217285,29.00359535217285,7645098
714,2023-02-15,29.27981948852539,29.27981948852539,29.003595472218148,29.27981948852539,7953764
715,2023-02-14,29.325858982522124,29.371895734726507,29.187746969719445,29.233783721923828,9801795
716,2023-02-13,28.72737151571026,29.27981954947473,28.72737151571026,29.187746047973633,12654570
717,2023-02-10,29.23378443451944,29.23378443451944,28.681334613652812,28.727373123168945,9078140
718,2023-02-09,29.003595472218148,29.27981948852539,28.81944495722034,29.27981948852539,11731011
719,2023-02-08,29.417933343411665,29.417933343411665,29.32585808562937,29.37189483642578,6613994
720,2023-02-07,29.417932510375977,29.417932510375977,29.279818749518807,29.417932510375977,6577614
721,2023-02-06,29.23378200002603,29.417932510375977,29.141706744851056,29.417932510375977,8089660
722,2023-02-03,29.37189400469378,29.417932510375977,29.141706744851056,29.417932510375977,10565554
723,2023-02-02,29.003595472218148,29.27981948852539,28.911520214719243,29.27981948852539,16306652
724,2023-02-01,29.003595261101147,29.049632011420766,28.773407997124156,28.91152000427246,8598549
725,2023-01-31,28.727371337008893,29.00359535217285,28.589257573237457,29.00359535217285,30046587
726,2023-01-30,28.174923302302318,28.727373123168945,28.128884792786184,28.727373123168945,30983572
727,2023-01-17,27.714548197835036,27.806623458862305,27.66850968922664,27.806623458862305,5489876
728,2023-01-16,27.806623371700564,27.898696876249687,27.576436097948704,27.714548110961914,5716634
729,2023-01-13,27.760584950253904,27.898696963700036,27.714548197835036,27.806623458862305,6554737
730,2023-01-12,27.898696876249687,27.898696876249687,27.622472850223264,27.714548110961914,6630946
731,2023-01-11,27.76058488628618,27.898696899414062,27.71454813397339,27.898696899414062,11557943
732,2023-01-10,27.76058578491211,27.89869780251076,27.62247376731346,27.76058578491211,12861039
733,2023-01-09,27.346248737906716,27.622472763061523,27.3002102295879,27.622472763061523,12468501
734,2023-01-06,27.16209967322495,27.16209967322495,26.931912387858638,26.977949142456055,5394091
735,2023-01-05,27.116059275147933,27.254171276572226,26.977945517534263,27.16209602355957,6766650
736,2023-01-04,26.88587382084229,27.070022583007812,26.839835313158783,27.070022583007812,6785209
737,2023-01-03,26.977947297453657,27.02398580509215,26.70172327638069,26.885873794555664,7727448
738,2022-12-30,27.070022583007812,27.254173101362834,26.88587382084229,27.070022583007812,6092598
739,2022-12-29,26.74776111301433,27.162098917623396,26.517573834051422,27.11606216430664,7820441
740,2022-12-28,27.16209967322495,27.208136427822367,26.793800367876774,26.977949142456055,7614121
741,2022-12-27,27.300210118577375,27.438322130593175,27.162098106561576,27.346248626708984,3155705
742,2022-12-26,27.576434814772878,27.622471564905272,27.162097038823518,27.300209045410156,5660384
743,2022-12-23,27.62247076158901,27.714546015365517,27.16209624889586,27.5303955078125,12223762
744,2022-12-22,27.714549031109087,27.89869780251076,27.57643701351044,27.76058578491211,23429394
745,2022-12-21,27.71454703634205,27.944734301168495,27.484359771515603,27.668508529663086,25897676
746,2022-12-20,28.036810645452427,28.174922658465636,27.484360837210055,27.714548110961914,37703635
747,2022-12-19,27.438322521701313,28.082847595214844,27.070023232346237,28.082847595214844,45731549
748,2022-12-16,26.517573150063253,27.622472763061523,26.517573150063253,27.622472763061523,46684167
749,2022-12-15,26.793800367876774,26.977949142456055,26.74776185708974,26.977949142456055,12035300
750,2022-12-14,26.701724105779007,26.83983612060547,26.425500076126077,26.83983612060547,17461965
751,2022-12-13,26.287385225369803,26.701723009020043,26.287385225369803,26.609647750854492,21549083
752,2022-12-12,26.149274909821223,26.241350173950195,25.78097560949493,26.241350173950195,9623383
753,2022-12-09,25.873048903536755,26.24134817581913,25.827010396883047,26.149272918701172,19018958
754,2022-12-08,25.22852535193225,25.596824645996094,25.090413336182007,25.596824645996094,12450914
755,2022-12-07,25.228525075396867,25.228525075396867,24.952301046924127,25.136449813842773,8090122
756,2022-12-06,25.18248659752029,25.41267385754115,25.044374592745655,25.320598602294922,8894063
757,2022-12-05,25.366636248606188,25.45871150710754,25.090412229291616,25.18248748779297,13051259
758,2022-12-02,25.320598694613377,25.458710699891565,25.274561944917124,25.412673950195312,7436569
759,2022-12-01,25.688897867090418,25.688897867090418,25.274561852766517,25.320598602294922,10145768
760,2022-11-30,25.504750131702572,25.504750131702572,25.182487603561086,25.458711624145508,8220203
761,2022-11-29,25.274562862485723,25.504750131702572,24.952300334344237,25.458711624145508,8611342
762,2022-11-28,24.906262516558538,25.04437628686526,24.906262516558538,24.952301025390625,3636838
763,2022-11-25,25.182489312413963,25.228526066905534,25.04437729274964,25.09041404724121,4157574
764,2022-11-24,25.45871150710754,25.45871150710754,25.090412229291616,25.18248748779297,5723678
765,2022-11-23,25.228523347048693,25.320598602294922,25.044374592745655,25.320598602294922,5147553
766,2022-11-22,25.228525161743164,25.27456367077255,24.99833788516487,25.228525161743164,4126430
767,2022-11-21,25.45871150710754,25.45871150710754,24.998336970790266,25.18248748779297,4837050
768,2022-11-18,25.688898893362357,25.688898893362357,25.36663636522087,25.458711624145508,5457734
769,2022-11-17,25.458711888207702,25.73493766784668,25.274563124637897,25.73493766784668,11146469
770,2022-11-16,25.274562036402383,25.504749298095703,25.13644827443484,25.504749298095703,11863793
771,2022-11-15,25.32059762115195,25.458709620574908,25.090410370050567,25.366634368896484,11844667
772,2022-11-14,25.366635351823327,25.50474911278738,25.228523347048693,25.320598602294922,12472022
773,2022-11-11,25.320598602294922,25.366635351823327,24.99833608702783,25.320598602294922,16726741
774,2022-11-10,24.906262602507677,25.136449878893846,24.86022584970626,25.044376373291016,5210008
775,2022-11-09,25.090412229291616,25.18248748779297,24.906261712288913,25.18248748779297,12681031
776,2022-11-08,24.814190007912565,25.182489312413963,24.722114742739812,25.09041404724121,16166738
777,2022-11-07,23.847401149503895,25.596824074382187,23.847401149503895,24.676074981689453,21801921
778,2022-11-04,23.66325260318444,23.755326108352296,23.202878052586996,23.34099006652832,18049547
779,2022-11-03,23.80136382462336,23.939475833966036,23.755325317382812,23.755325317382812,4904365
780,2022-11-02,24.123625599703125,24.1696623493213,23.847399833425797,23.8934383392334,5433850
781,2022-11-01,23.98551294140009,24.261738720379157,23.801364178270216,24.123626708984375,3830014
782,2022-10-31,23.847399775079122,24.077587034985655,23.801363025573583,23.985511779785156,3776109
783,2022-10-28,23.9855125850171,23.9855125850171,23.66325181528068,23.755325317382812,4405913
784,2022-10-27,23.75532549522177,24.077588023560217,23.75532549522177,23.939476013183594,4414547
785,2022-10-26,23.893440161128233,23.985513667385263,23.755326389363564,23.80136489868164,3276544
786,2022-10-25,24.123625599703125,24.35381286017285,23.847399833425797,23.8934383392334,6100249
787,2022-10-24,24.169664297883077,24.307776314061638,23.985513772185282,24.07758903503418,3588423
788,2022-10-21,24.215700123537687,24.215700123537687,23.93947610176238,24.031551361083984,3739063
789,2022-10-20,23.893440433046738,24.768151045770075,23.57117788891095,24.26173973083496,24639735
790,2022-10-19,24.123626708984375,24.399850731773938,24.07758820105978,24.123626708984375,8147742
791,2022-10-18,24.58400125109332,24.58400125109332,24.031551449324688,24.123626708984375,9631137
792,2022-10-17,24.26173703086376,24.583999539136514,24.12362502908669,24.491924285888672,9421503
793,2022-10-14,24.491925118221662,24.537961868315403,24.307774605467813,24.445886611938477,6299990
794,2022-10-13,24.30777558524868,24.584001365513377,24.261738833299326,24.399850845336914,6074153
795,2022-10-12,24.261738833299326,24.491926105425144,24.123626821261734,24.399850845336914,7952701
796,2022-10-11,24.537964612144602,24.630039878817364,24.215702056884766,24.215702056884766,11912152
797,2022-10-07,24.86022550270381,24.952300763210985,24.676074981689453,24.676074981689453,4324114
798,2022-10-06,25.044374278322117,25.136447776222973,24.8602237701416,24.8602237701416,4067076
799,2022-10-05,24.99833777803317,25.228525053624985,24.906262516558538,24.952301025390625,8611059
800,2022-10-04,24.86022576391599,25.228525053624985,24.67607524096672,24.952301025390625,11288147
801,2022-10-03,24.399850043180948,24.630037307739258,24.123626028186756,24.630037307739258,7447441
802,2022-09-30,25.04437490029377,25.04437490029377,24.445886611938477,24.445886611938477,10914852
803,2022-09-29,24.814188209977043,25.320599497450257,24.676074444130272,25.18248748779297,14935946
804,2022-09-28,24.72211265563965,24.90626141424926,24.584000647635076,24.72211265563965,9001537
805,2022-09-27,24.72211265563965,24.90626141424926,24.67607414884515,24.72211265563965,5624565
806,2022-09-26,24.998336762821268,24.998336762821268,24.5840007372964,24.81418800354004,8573632
807,2022-09-23,25.04437729274964,25.228526066905534,25.04437729274964,25.09041404724121,4410675
808,2022-09-22,25.13645080173278,25.320601332078287,24.99833878206846,25.09041404724121,15367008
809,2022-09-21,25.596824453030525,25.596824453030525,25.182488408903325,25.228525161743164,15998057
810,2022-09-20,25.366637367682497,25.596824645996094,25.1364500893689,25.596824645996094,20760233
811,2022-09-19,25.18248562172899,25.366634368896484,24.90625986669372,25.366634368896484,15187546
812,2022-09-16,25.228524238948904,25.274562746294322,24.814188209977043,25.18248748779297,22306588
813,2022-09-15,25.044375478135684,25.50475001445296,25.044375478135684,25.18248748779297,10172494
814,2022-09-14,24.95230113232503,25.45871243832146,24.95230113232503,25.228525161743164,9145045
815,2022-09-13,25.274562862485723,25.550786883070145,25.22852435492866,25.458711624145508,8500024
816,2022-09-12,25.41267568548162,25.550787700190686,25.044376394194256,25.228525161743164,6359247
817,2022-09-08,24.630038573320093,25.18248838788481,24.399851296933925,25.044376373291016,11698262
818,2022-09-07,24.768149315236354,24.906261322733446,24.537962050678043,24.630037307739258,6724220
819,2022-09-06,25.228524029064907,25.228524029064907,24.72211274580469,24.81418800354004,8544616
820,2022-09-05,25.13644880066164,25.27456256552057,24.814188032496073,24.998336791992188,9477485
821,2022-09-02,25.18248832271459,25.504750860059147,25.136449813842773,25.136449813842773,5504500
822,2022-09-01,25.320599587012133,25.55078685598497,25.136449069358065,25.27456283569336,6724795
823,2022-08-31,25.412674042180488,25.550786047958592,25.36663553612816,25.504749298095703,6316766
824,2022-08-30,25.18248659752029,25.50474911278738,25.136448091802464,25.320598602294922,10994401
825,2022-08-29,25.412674755951606,25.45871150710754,25.13644898044755,25.18248748779297,10497116
826,2022-08-26,25.827011108398438,25.919086368053,25.73493760493338,25.827011108398438,6310375
827,2022-08-25,25.688899159812095,25.96512493945107,25.596823899932435,25.73493766784668,4122567
828,2022-08-24,25.919084414553073,25.919084414553073,25.596821908145504,25.642860412597656,6395596
829,2022-08-23,25.827011196330776,26.057198468156148,25.688899184473456,25.919086456298828,7021667
830,2022-08-22,25.873049878723403,26.14927390429904,25.873049878723403,26.10323715209961,4423000
831,2022-08-19,26.05719964569225,26.241350173950195,25.8730508736239,26.241350173950195,6449209
832,2022-08-18,26.01116189151122,26.10323715209961,25.82701137033445,26.10323715209961,5007836
833,2022-08-17,25.96512513931179,26.10323715209961,25.82701137033445,26.10323715209961,6594937
834,2022-08-16,25.688900246276226,25.965126037597656,25.596824982502415,25.965126037597656,9300390
835,2022-08-15,26.379459872509834,26.379459872509834,25.596822830515034,25.68889808654785,11809565
836,2022-08-12,26.24134737772181,26.379459381103516,26.1032353743401,26.379459381103516,8994609
837,2022-08-11,25.965124160654714,26.149272918701172,25.642861638836585,26.149272918701172,14343499
838,2022-08-10,25.780974444441508,25.919086456298828,25.642862432584188,25.919086456298828,8395052
839,2022-08-09,25.458710915279752,25.780973434448242,25.36663565891883,25.780973434448242,13195778
840,2022-08-08,25.182487603561086,25.550786883070145,24.99833708571181,25.458711624145508,11276497
841,2022-08-05,24.860224961132978,25.228524238948904,24.63003769297434,25.18248748779297,12826866
842,2022-08-04,24.584001541137695,24.67607504569417,24.44588777192393,24.584001541137695,5717444
843,2022-08-03,24.215699618036922,24.72211265563965,24.03155085942731,24.72211265563965,9167472
844,2022-08-02,23.98551296638665,24.307775497436523,23.755325695092385,24.307775497436523,8454957
845,2022-08-01,24.353815834988726,24.353815834988726,24.031553279728886,24.215702056884766,4956218
846,2022-07-29,24.353814093387555,24.399850845336914,24.077588313122863,24.399850845336914,6950446
847,2022-07-28,24.031552450193622,24.26173973083496,23.801365169552287,24.26173973083496,6539229
848,2022-07-27,23.3409894640919,23.939476013183594,23.3409894640919,23.939476013183594,6979556
849,2022-07-26,23.202877074368224,23.387025833129883,23.202877074368224,23.387025833129883,3842802
850,2022-07-25,23.064765176541645,23.340990971321485,23.01872842217314,23.202878952026367,3376314
851,2022-07-22,22.972689689376555,23.202876953774357,22.972689689376555,23.110801696777344,3935474
852,2022-07-21,23.248913704178136,23.294950454581915,22.834575925786307,23.110801696777344,4288510
853,2022-07-20,22.880614250937853,23.248913519815858,22.880614250937853,22.926651000976562,6974266
854,2022-07-19,22.55835252739947,22.788539798087218,22.42024051622472,22.69646453857422,5553769
855,2022-07-18,22.46627816089936,22.696465440736834,22.282129390743126,22.558353424072266,5998918
856,2022-07-15,22.328165231305604,22.51231575012207,22.097977960879774,22.51231575012207,10423483
857,2022-07-14,22.097978697034378,22.558353253222595,22.005903434558824,22.374202728271484,5579575
858,2022-07-13,22.37420168735631,22.512315452738957,22.05194091796875,22.05194091796875,8261203
859,2022-07-12,22.328164936355083,22.46627694554825,21.959865659776813,22.05194091796875,11364559
860,2022-07-11,22.51231575012207,22.8806150315655,22.466277242323205,22.51231575012207,10804240
861,2022-07-08,22.09797760764703,22.37420162526683,22.00590234971061,22.144014358520508,9810792
862,2022-07-07,21.54552669403587,21.913825950409514,21.269302690802988,21.729677200317383,10698609
863,2022-07-06,21.82175419331104,22.051941466421116,21.31534113875516,21.545528411865234,34971520
864,2022-07-05,22.270443839752087,22.396980132507103,21.84865512457119,22.14390754699707,19561400
865,2022-07-04,22.270444722843575,22.56569715697712,22.143908425071004,22.186086654663086,12504770
866,2022-07-01,22.52351818675399,22.692232708570874,22.059549631515946,22.2282657623291,15939136
867,2022-06-30,23.282736959822348,23.282736959822348,22.43915954540122,22.523517608642578,19975223
868,2022-06-29,23.70452540819386,23.70452540819386,23.24055686993076,23.324914932250977,13543799
869,2022-06-28,24.126315627429985,24.126315627429985,23.662347060000837,23.873241424560547,7563598
870,2022-06-27,24.252851335284795,24.252851335284795,23.87324084469922,23.999778747558594,6480068
871,2022-06-24,24.126314315504064,24.252850605559914,23.831061899376262,24.21067237854004,6899417
872,2022-06-23,24.379389126070382,24.379389126070382,23.662347938157293,23.746706008911133,9049461
873,2022-06-22,24.379385548000542,24.379385548000542,23.957596865132036,24.08413314819336,7259609
874,2022-06-21,24.12631329415827,24.37938586355658,23.831060890529468,24.252849578857422,11363056
875,2022-06-20,23.99977948247235,24.379388375685917,23.493632682524602,23.78888511657715,14118097
876,2022-06-17,24.210673553543074,24.421567916870117,23.78888482688899,24.421567916870117,16143404
877,2022-06-16,24.463745996964505,24.463745996964505,24.210673406111667,24.337209701538086,10833872
878,2022-06-15,24.168494439558742,24.421568648530982,24.168494439558742,24.3793888092041,7865848
879,2022-06-14,23.999779765335994,24.29503059387207,23.8310636270328,24.29503059387207,6356047
880,2022-06-13,23.83106261641028,24.126315041421694,23.704526322547178,23.999778747558594,7158609
881,2022-06-10,24.04195799541362,24.379388663023665,23.999779765335994,24.29503059387207,4117009
882,2022-06-09,24.1684915193926,24.421565697787067,24.084133459927777,24.252849578857422,4889278
883,2022-06-08,24.12631504258305,24.21067310816127,24.084135205295805,24.168493270874023,3492853
884,2022-06-07,24.08413314819336,24.21067104025082,24.041954923504964,24.08413314819336,6037995
885,2022-06-06,24.295027489627614,24.295027489627614,24.08413314819336,24.08413314819336,6455840
886,2022-06-02,23.999779765335994,24.337210432946037,23.87324185711043,24.29503059387207,6241108
887,2022-06-01,24.168494300644742,24.29503059990539,24.041958001384096,24.12631607055664,5295655
888,2022-05-31,23.7888851126024,24.126315776179077,23.620168976315902,23.957599639892578,9577121
889,2022-05-30,23.57799075068195,23.87324157573817,23.535810912105113,23.78888511657715,6418360
890,2022-05-27,23.198378643268754,23.53580928355342,23.15620041660675,23.324914932250977,6445048
891,2022-05-26,23.156200255336227,23.282736543437192,23.02966235823906,23.071842193603516,6516590
892,2022-05-25,23.071845868136734,23.19838217639048,22.945309559882986,22.98748779296875,6591642
893,2022-05-24,23.198379214734068,23.28273727913235,23.0296630859375,23.0296630859375,6200963
894,2022-05-23,23.240557894416014,23.45145225501506,23.19837966589472,23.282737731933594,6230980
895,2022-05-20,23.620168387328455,23.620168387328455,23.36709579820559,23.451452255249023,7009389
896,2022-05-19,23.409273304911007,23.70452572244787,23.198378950812707,23.66234588623047,9339913
897,2022-05-18,23.409273299495986,23.746703944175962,23.409273299495986,23.49363136291504,6995944
898,2022-05-17,23.535809590126448,23.577989426334092,23.324915236076937,23.49363136291504,5217414
899,2022-05-16,22.903127239256804,23.493632092532636,22.903127239256804,23.282737731933594,6991373
900,2022-05-13,22.903127670288086,22.987485737914557,22.734413144031453,22.903127670288086,8294267
901,2022-05-12,22.945306474942537,23.029662929772545,22.77659034729004,22.77659034729004,9739274
902,2022-05-11,23.0296630859375,23.15620098703305,22.94530663053547,23.0296630859375,7295099
903,2022-05-10,23.029663236320392,23.240557594195106,22.6922325855201,23.11402130126953,19224642
904,2022-05-09,23.746704833371467,23.788884671158534,23.24055804290072,23.367095947265625,22783126
905,2022-05-06,24.295029862818645,24.505924224853516,24.210673405201728,24.505924224853516,6712665
906,2022-05-05,24.42156791493506,24.590282440185547,24.379388076875212,24.590282440185547,5986748
907,2022-05-04,24.168494294642844,24.29503059387207,24.168494294642844,24.29503059387207,3201923
908,2022-05-03,24.041956977004833,24.168493270874023,23.873240845848393,24.168493270874023,7270365
909,2022-04-29,24.04195785522461,24.126315923884313,23.957599786564906,24.04195785522461,6604319
910,2022-04-28,23.831063342175867,24.084135937609293,23.70452704445915,23.957599639892578,11046744
911,2022-04-27,24.126316669174656,24.16849490030928,23.788885993108543,23.831064224243164,15141628
912,2022-04-26,24.210673406111667,24.421567768154464,24.12631533949529,24.337209701538086,8584102
913,2022-04-25,24.42156850816238,24.42156850816238,24.041958001384096,24.12631607055664,18722607
914,2022-04-22,24.63246139662366,24.674639624177605,24.505923495969345,24.54810333251953,7545782
915,2022-04-21,24.8433576736236,24.8433576736236,24.632463301552082,24.716819763183594,4376979
916,2022-04-20,24.758998574432333,24.801176803495878,24.590282440185547,24.590282440185547,7769034
917,2022-04-19,24.75899872314767,24.92771324941154,24.674640655517578,24.674640655517578,5569416
918,2022-04-18,24.67464270356625,24.801179011016018,24.54810639611648,24.759000778198242,5557625
919,2022-04-15,24.843355907981355,24.843355907981355,24.67463977871642,24.801176071166992,4563856
920,2022-04-14,24.885534286499023,24.927712514572548,24.801176221355707,24.885534286499023,3783753
921,2022-04-13,24.716818006534524,24.801176071166992,24.54810348626584,24.801176071166992,6156842
922,2022-04-12,24.50592334448071,24.632461244352804,24.4637451171875,24.4637451171875,7040437
923,2022-04-11,24.716818586888387,24.8855347201148,24.505924224853516,24.505924224853516,8647769
924,2022-04-08,24.716818736372485,24.801176803495878,24.505924373062154,24.590282440185547,8846732
925,2022-04-07,25.096429384671723,25.096429384671723,24.674640655517578,24.674640655517578,13401044
926,2022-04-06,25.22296509080059,25.307323156454693,25.09642879681757,25.138607025146484,5600528
927,2022-04-01,25.096428945744606,25.222965240478516,25.012070879589906,25.222965240478516,4581398
928,2022-03-31,25.265144042877143,25.391680332426542,25.09642791748047,25.09642791748047,12187902
929,2022-03-30,25.265144196022177,25.3073224231289,25.13860629670955,25.1807861328125,9174666
930,2022-03-29,25.26514492812578,25.26514492812578,25.09642879681757,25.138607025146484,5324092
931,2022-03-28,25.138608345865887,25.307324486038016,24.969893814690113,25.265146255493164,6429369
932,2022-03-25,25.0542498424961,25.3073224231289,25.0542498424961,25.1807861328125,7972158
933,2022-03-24,25.09642894574229,25.138607174321496,24.8855345848537,25.054250717163086,10860290
934,2022-03-23,25.391681222108797,25.4760392877629,25.054250568488655,25.138607025146484,13587714
935,2022-03-22,25.349503595165878,25.476041509178806,25.265147131152478,25.30732536315918,11962522
936,2022-03-21,25.22296436578212,25.43385871935721,25.18078613866559,25.34950065612793,15279343
937,2022-03-18,24.969891627931073,25.13860614433153,24.801175502534395,25.09642791748047,12344362
938,2022-03-17,25.09642879580899,25.180786861459705,24.885534436180343,24.969892501831055,15803381
939,2022-03-16,24.75899799328218,24.885534286499023,24.590281862995543,24.885534286499023,10127468
940,2022-03-15,25.01207339309778,25.138609700547548,24.716820936384025,24.759000778198242,8231183
941,2022-03-14,24.885533413371213,25.138605990925658,24.758997124593993,25.012069702148438,7227055
942,2022-03-11,24.843356058425496,24.927712514572548,24.674639928138863,24.885534286499023,6021882
943,2022-03-10,24.463744703626528,24.843355178833008,24.463744703626528,24.843355178833008,9228372
944,2022-03-09,24.463746732175263,24.54810480132686,24.29503059387207,24.29503059387207,18671233
945,2022-03-08,24.379388078806926,24.674640509264048,24.252851782609962,24.421567916870117,13560902
946,2022-03-07,24.716819478837404,24.758999318164285,24.3793888092041,24.3793888092041,24320119
947,2022-03-04,24.801176221355707,24.96989235164234,24.632461700065335,24.885534286499023,14255438
948,2022-03-03,24.843356058425496,24.96989235164234,24.75899799328218,24.885534286499023,18918828
949,2022-03-02,24.632464470748474,24.88553708564801,24.632464470748474,24.759000778198242,24419240
950,2022-03-01,24.463748321484488,25.138609700547548,24.463748321484488,24.759000778198242,38961578
951,2022-02-25,24.716818006534524,25.09642849288251,24.54810348626584,24.801176071166992,278711026
952,2022-02-24,25.222965681618707,25.222965681618707,24.505924520257395,24.674640655517578,55529204
953,2022-02-23,25.476041509178806,25.560397973192206,25.180789058142665,25.30732536315918,27823297
954,2022-02-22,25.56039722491256,25.56039722491256,25.34950285306016,25.518218994140625,21298852
955,2022-02-21,25.43385989824709,25.644754261597388,25.34950183110771,25.560396194458008,16656989
956,2022-02-18,25.644754261597388,25.85564862494769,25.47603973631493,25.560396194458008,20203699
957,2022-02-17,25.644752808387334,25.855647159786894,25.644752808387334,25.81346893310547,8187085
958,2022-02-16,25.855646851324963,25.855646851324963,25.51821621491051,25.644752502441406,15511738
959,2022-02-15,25.560397502520782,25.940008019576553,25.307324897147858,25.855649948120117,22870464
960,2022-02-14,25.94000669208707,25.982184921158613,25.560396194458008,25.560396194458008,15489471
961,2022-02-11,25.897829194860197,26.193080024697046,25.771291286077147,26.150901794433594,16996507
962,2022-02-10,25.729110878265946,26.108721354494584,25.476038300110996,25.9821834564209,44628807
963,2022-02-09,27.121016129588043,27.247550815475506,26.657047569685915,26.994478225708008,24312426
964,2022-02-08,26.74140563594051,26.994478225708008,26.657047569685915,26.994478225708008,22697172
965,2022-02-07,26.44615291294743,26.699225499886225,26.277436782324052,26.657047271728516,17580152
966,2022-01-26,26.61487008653387,26.657049927890732,26.319619242017975,26.446155548095703,18293610
967,2022-01-25,26.31961661947803,26.657047271728516,26.193078717012366,26.657047271728516,29624844
968,2022-01-24,26.193079583667664,26.57269008563237,25.77129085214969,26.5305118560791,31095303
969,2022-01-21,26.488331721657772,26.488331721657772,26.06654299485113,26.36179542541504,23930769
970,2022-01-20,26.15089846414233,26.57268714904785,26.066540405361998,26.57268714904785,39671771
971,2022-01-19,25.476039600099508,26.488331573370644,25.349501695568858,26.108722686767578,68878109
972,2022-01-18,25.43386166817569,25.560397973192206,25.222967290149366,25.30732536315918,12228425
973,2022-01-17,25.222964516623648,25.476038707824966,25.18078628925488,25.43385887145996,15433954
974,2022-01-14,25.222964359919224,25.222964359919224,24.969891779286428,25.1807861328125,10552198
975,2022-01-13,25.138609217139553,25.391683436168993,24.843358375099825,25.30732536315918,19095790
976,2022-01-12,24.843355338381674,25.13860614433153,24.801175502534395,25.09642791748047,20982244
977,2022-01-11,24.67464270356625,24.759000778198242,24.54810639611648,24.759000778198242,17373676
978,2022-01-10,24.674639624177605,24.843355752385865,24.505923495969345,24.54810333251953,9950059
979,2022-01-07,24.46374599604506,24.67464035807993,24.4215677672366,24.505924224853516,7017867
980,2022-01-06,24.505924375003893,24.54810421306708,24.379388078806926,24.421567916870117,7990416
981,2022-01-05,24.505924224853516,24.632462129271474,24.505924224853516,24.505924224853516,6319697
982,2022-01-04,24.505923495969345,24.590281560073475,24.463745268415405,24.54810333251953,4729627
983,2022-01-03,24.632461244352804,24.843355598811318,24.4637451171875,24.4637451171875,5518908
984,2021-12-30,24.67464050730894,24.67464050730894,24.590282440185547,24.590282440185547,5830151
985,2021-12-29,24.674640655517578,24.716818884834467,24.590282587887486,24.674640655517578,4262872
986,2021-12-28,24.632461547851562,24.632461547851562,24.50592364642038,24.632461547851562,7262702
987,2021-12-27,24.59028171104242,24.632461547851562,24.50592364642038,24.632461547851562,3856301
988,2021-12-24,24.590281560073475,24.63246139662366,24.463745268415405,24.54810333251953,6071665
989,2021-12-23,24.54810421306708,24.59028244213397,24.421567916870117,24.421567916870117,7918668
990,2021-12-22,24.54810421306708,24.63246228019716,24.379388078806926,24.421567916870117,7422115
991,2021-12-21,24.379388078806926,24.63246228019716,24.379388078806926,24.421567916870117,11109619
992,2021-12-20,24.33721057887357,24.463746878861514,24.210674278885623,24.3793888092041,10456930
993,2021-12-17,24.50592422577455,24.590282292390924,24.295029863731752,24.337209701538086,10520627
994,2021-12-16,24.46374599604506,24.548104062658265,24.295029862818645,24.505924224853516,6942296
995,2021-12-15,24.4637451171875,24.4637451171875,24.337208826311638,24.4637451171875,5225907
996,2021-12-14,24.4637451171875,24.548103180770152,24.379387053604848,24.4637451171875,5234514
997,2021-12-13,24.71681769893922,24.927712053397734,24.42156688989429,24.4637451171875,11038455
998,2021-12-10,24.590282587887486,24.75899872314767,24.505924520257395,24.674640655517578,6111964
999,2021-12-09,24.67464050730894,24.801176803495878,24.42156791493506,24.590282440185547,8814043
1000,2021-12-08,24.80117606809938,24.80117606809938,24.50592364642038,24.632461547851562,6095855
1001,2021-12-07,24.716820936384025,24.759000778198242,24.54810639611648,24.759000778198242,8104759
1002,2021-12-06,24.505925391112076,24.75899960299572,24.295031019040554,24.716819763183594,6769507
1003,2021-12-03,24.548104211122,24.758998574432333,24.379388076875212,24.590282440185547,6994767
1004,2021-12-02,24.548104211122,24.758998574432333,24.505924373062154,24.590282440185547,5229515
1005,2021-12-01,24.42156892948056,24.75899960299572,24.33721085885268,24.716819763183594,12602494
1006,2021-11-30,24.801177405944323,25.222966142810712,24.12631607055664,24.12631607055664,34364053
1007,2021-11-29,24.33721085885268,24.801177833811476,24.168494717596914,24.716819763183594,8961363
1008,2021-11-26,25.012071166806212,25.05425100486606,24.548104211122,24.590282440185547,6568799
1009,2021-11-25,24.801175351187663,25.054249537738315,24.716817289004112,25.012069702148438,8388642
1010,2021-11-24,24.50592655430226,24.801179011016018,24.463748321484488,24.759000778198242,5389168
1011,2021-11-23,24.801175915835678,24.801175915835678,24.463745268415405,24.54810333251953,5133314
1012,2021-11-22,24.63246155089831,24.843355907981355,24.54810348626584,24.801176071166992,7509746
1013,2021-11-19,24.29502928936342,24.632461547851562,24.29502928936342,24.632461547851562,9689533
1014,2021-11-18,24.29503059387207,24.421568502097635,24.210674133716815,24.29503059387207,6071671
1015,2021-11-17,24.59028303140449,24.59028303140449,24.29503059387207,24.29503059387207,6001892
1016,2021-11-16,24.252851634010188,24.505924224853516,24.16849356739698,24.505924224853516,8090862
1017,2021-11-15,24.21067135362309,24.37938586355658,24.21067135362309,24.252849578857422,4860962
1018,2021-11-12,24.168494294642844,24.29503059387207,24.08413622549125,24.29503059387207,3697570
1019,2021-11-11,24.33720940203046,24.33720940203046,24.041956977004833,24.168493270874023,4509727
1020,2021-11-10,24.337209849740038,24.421567916870117,24.04195741928292,24.421567916870117,6254453
1021,2021-11-09,24.08413550168895,24.337209701538086,23.99977904406887,24.337209701538086,9715527
1022,2021-11-08,24.632461825870372,24.632461825870372,23.83106261641028,23.999778747558594,21791981
1023,2021-11-05,25.13860775996676,25.13860775996676,24.674640798801498,24.92771339416504,10657335
1024,2021-11-04,24.75899814319743,25.349501384783608,24.674640077543327,25.138607025146484,21809688
1025,2021-11-03,24.632463301552082,24.716819763183594,24.5481052309242,24.716819763183594,6579586
1026,2021-11-02,24.632461547851562,24.716818003477343,24.50592364642038,24.632461547851562,5486329
1027,2021-11-01,24.63246139662366,24.716817851731548,24.295029140207145,24.54810333251953,6471529
1028,2021-10-29,24.80117606809938,24.843355904908524,24.50592364642038,24.632461547851562,6910663
1029,2021-10-28,24.759000778198242,24.801179011016018,24.632464470748474,24.759000778198242,4383390
1030,2021-10-27,24.67464270356625,24.759000778198242,24.54810639611648,24.759000778198242,4920615
1031,2021-10-26,24.674641532367836,24.716819763183594,24.505925391112076,24.716819763183594,5706678
1032,2021-10-25,24.674639775664453,24.716818003477343,24.54810348322953,24.632461547851562,4801592
1033,2021-10-22,24.716818884834467,24.75899872314767,24.463746290940502,24.674640655517578,10062515
1034,2021-10-21,24.463745268415405,24.716817851731548,24.42156704086146,24.54810333251953,17777166
1035,2021-10-20,24.12631620922821,24.3793888092041,23.999779909240267,24.3793888092041,12055370
1036,2021-10-19,23.957599786564906,24.04195785522461,23.831063488073514,24.04195785522461,7005088
1037,2021-10-18,24.12631681451149,24.210674886285286,23.788886136412696,23.915422439575195,6630881
1038,2021-10-15,24.126314315504064,24.21067237854004,23.873240126396137,24.21067237854004,8346471
1039,2021-10-14,24.295030303469257,24.33721014203904,23.915421410319116,23.957599639892578,6275542
1040,2021-10-13,24.29502883257979,24.463744958651738,24.041956252468086,24.21067237854004,9852305
1041,2021-10-12,23.704525609320413,24.21067237854004,23.535809483248464,24.21067237854004,13365645
1042,2021-10-08,24.041957708035827,24.168494005752542,23.7888851126024,23.957599639892578,11838760
1043,2021-10-07,23.28273931476631,23.99978051134899,23.28273931476631,23.915422439575195,24504738
1044,2021-10-06,23.198378490534637,23.282736552299454,22.987484140620683,23.240556716918945,9671245
1045,2021-10-05,22.860948715418377,23.11402130126953,22.776590650469238,23.11402130126953,6896773
1046,2021-10-04,23.1562018731675,23.1562018731675,22.860949440973005,22.903127670288086,7816958
1047,2021-10-01,23.071844247043433,23.19838054640638,22.945307947680483,23.15620231628418,9054504
1048,2021-09-30,22.987485157359732,23.198379516601562,22.903127091863745,23.198379516601562,6181348
1049,2021-09-29,23.240560409476245,23.240560409476245,22.860951484715002,22.98748779296875,11919368
1050,2021-09-28,23.282737880687787,23.451452404847174,23.198379814109945,23.367095947265625,5036889
1051,2021-09-27,23.40927402649376,23.45145225501506,23.282737731933594,23.282737731933594,8100298
1052,2021-09-24,23.49363224263424,23.535810471425016,23.32491610947856,23.367095947265625,7157575
1053,2021-09-23,23.19837879490208,23.451451374520705,23.156200567964383,23.409273147583008,7404461
1054,2021-09-22,23.11402130126953,23.324915659144246,22.903126943394813,23.11402130126953,11664543
1055,2021-09-17,23.367095947265625,23.451452404847174,23.24055804290072,23.367095947265625,13284471
1056,2021-09-16,23.49363224263424,23.57799030921208,23.071843518741332,23.367095947265625,7490061
1057,2021-09-15,23.02966266915885,23.53580943739232,22.945306215283452,23.409273147583008,16496871
1058,2021-09-14,22.903128844828235,23.114023220211546,22.86095061335013,22.945308685302734,7609042
1059,2021-09-13,22.903127522036478,22.945307360074843,22.69223315883357,22.818769454956055,9762199
1060,2021-09-10,22.860949440973005,23.029663967229638,22.818769602661614,22.903127670288086,5283160
1061,2021-09-09,22.903126790316602,22.987484854701915,22.776590498236757,22.86094856262207,5121374
1062,2021-09-08,23.198381292164147,23.198381292164147,22.86095061335013,22.945308685302734,8763148
1063,2021-09-07,23.282738615647126,23.32491684576933,23.071844247043433,23.15620231628418,4341847
1064,2021-09-06,23.240556716918945,23.451451066832895,23.240556716918945,23.240556716918945,6849227
1065,2021-09-03,23.324914778683766,23.367094614064275,23.240556716918945,23.240556716918945,3699040
1066,2021-09-02,23.32491581034741,23.367095647593537,23.198379516601562,23.198379516601562,4650180
1067,2021-09-01,23.114020428769816,23.409272840448587,23.114020428769816,23.240556716918945,5654536
1068,2021-08-31,23.282737431167806,23.282737431167806,23.11402130126953,23.11402130126953,11205617
1069,2021-08-30,23.282736705588974,23.324914932250977,23.15620041660675,23.324914932250977,6443142
1070,2021-08-27,23.07184322285572,23.198379516601562,23.07184322285572,23.198379516601562,5119617
1071,2021-08-26,23.451451057906414,23.49363089327087,22.987484131870804,23.071842193603516,8175365
1072,2021-08-25,23.409273147583008,23.53580943739232,23.19837879490208,23.409273147583008,9706949
1073,2021-08-24,22.860949010735506,23.282737731933594,22.860949010735506,23.282737731933594,10487268
1074,2021-08-23,22.818769605613728,22.860949443930576,22.607875241018423,22.734413146972656,9716257
1075,2021-08-20,22.734411968087635,22.734411968087635,22.523517614428183,22.692232131958008,7991435
1076,2021-08-19,22.776590189370427,22.776590189370427,22.43915954540122,22.523517608642578,12338491
1077,2021-08-18,22.56569599222254,22.77659034729004,22.396979864570042,22.77659034729004,8165958
1078,2021-08-17,22.523517608642578,22.523517608642578,22.523517608642578,22.523517608642578,0
1079,2021-08-16,22.90312647973435,22.90312647973435,22.523517608642578,22.523517608642578,19055191
1080,2021-08-13,23.029663967229638,23.029663967229638,22.776591373346534,22.903127670288086,14307856
1081,2021-08-12,23.02966235823906,23.114020419971773,22.94530590550255,23.071842193603516,9203237
1082,2021-08-11,22.945308685302734,23.114023220211546,22.903128844828235,22.945308685302734,14503839
1083,2021-08-10,23.029665148258943,23.07184498873344,22.81877077287563,22.945308685302734,13490539
1084,2021-08-09,23.324915506833367,23.324915506833367,22.9031267938382,23.0296630859375,10631590
1085,2021-08-06,23.367095947265625,23.367095947265625,22.94530722337272,23.367095947265625,27816022
1086,2021-08-05,23.029663082396443,23.029663082396443,22.81876872593129,22.86094856262207,14786888
1087,2021-08-04,23.15620098703305,23.198379214734068,22.9031267938382,23.0296630859375,11426327
1088,2021-08-03,23.282737431167806,23.324915659144246,22.860948715418377,23.11402130126953,17729596
1089,2021-08-02,23.40927402649376,23.493632092532636,23.114021599855846,23.282737731933594,15518305
1090,2021-07-30,23.620167500263936,23.662345727201632,23.409273147583008,23.409273147583008,19346660
1091,2021-07-29,23.831061124801636,23.873239350450604,23.577988552915485,23.620166778564453,9320935
1092,2021-07-28,23.70452572244787,23.746703949669037,23.409273304911007,23.66234588623047,16610075
1093,2021-07-27,23.746706008911133,23.87324231054371,23.7045277780324,23.746706008911133,9958627
1094,2021-07-26,23.831061280667164,24.041955628283688,23.66234515897547,23.704524993896484,14469366
1095,2021-07-23,23.95759756743784,23.999777402358855,23.62016693305064,23.704524993896484,13745551
1096,2021-07-22,23.99977948247235,24.168494009790717,23.66234720984297,23.78888511657715,22443757
1097,2021-07-21,24.379387011963928,24.379387011963928,23.620167659009304,23.66234588623047,96450049
1098,2021-07-20,24.738178880962327,24.738178880962327,24.463747024536133,24.463747024536133,37425353
1099,2021-07-19,24.738177709052195,24.894997187188043,24.581359726457727,24.816587448120117,23521506
1100,2021-07-16,25.01260858496725,25.01260858496725,24.7773808864683,24.894994735717773,19191998
1101,2021-07-15,25.28704273929404,25.443862207211605,25.01260941820895,25.051815032958984,19819855
1102,2021-07-14,25.287045138922725,25.483068744650808,25.169429779052734,25.169429779052734,14001030
1103,2021-07-13,25.60068396799307,25.71829633615299,25.208636758627684,25.247840881347656,17958371
1104,2021-07-12,25.757499698531056,25.7967068111765,25.56147609963483,25.600683212280273,11017128
1105,2021-07-09,25.679090976911283,25.679090976911283,25.483067381667684,25.6398868560791,12334726
1106,2021-07-08,25.75749826305459,25.99272896148675,25.718294143676758,25.718294143676758,16482374
1107,2021-07-07,25.639888284210727,25.718296530242398,25.483068801064526,25.679092407226562,10527347
1108,2021-07-06,25.522271502499866,25.718295097743464,25.40465914000332,25.6398868560791,11550864
1109,2021-07-05,25.796706944508145,25.796706944508145,25.404659744689376,25.52227210998535,18132524
1110,2021-07-02,24.620564905804052,25.48306908151755,24.581360782356757,25.365453720092773,26099807
1111,2021-07-01,24.385335988175918,24.659769325585597,24.34613037109375,24.34613037109375,10664748
1112,2021-06-30,24.228516987130853,24.385336467458995,24.18931286481952,24.306926727294922,8450417
1113,2021-06-29,24.150104997566014,24.228514730426806,23.99328702738569,24.11090087890625,9946750
1114,2021-06-28,24.267721784092004,24.3069259050772,23.87567459207463,24.15010643005371,15091549
1115,2021-06-25,23.914878713059828,24.3069259050772,23.914878713059828,24.15010643005371,12910930
1116,2021-06-24,23.836469650268555,23.993289129731014,23.836469650268555,23.836469650268555,8351656
1117,2021-06-23,23.875675267904867,24.03249325182593,23.758059910537327,23.836469650268555,8522794
1118,2021-06-22,24.110902991557158,24.110902991557158,23.836469650268555,23.836469650268555,6577885
1119,2021-06-21,24.07169942143909,24.228517408956073,23.758060455322266,23.758060455322266,12132656
1120,2021-06-18,23.993289468659878,24.267722813825124,23.993289468659878,24.032493591308594,14605519
1121,2021-06-17,23.914878303990605,24.306925489301925,23.875674183676,23.993288040161133,9995727
1122,2021-06-16,23.640444975164414,24.306925489301925,23.640444975164414,23.993288040161133,13781275
1123,2021-06-15,23.679651326301826,23.797265186439006,23.56203597062327,23.640445709228516,11921338
1124,2021-06-11,23.797265186439006,23.87567492504425,23.640445709228516,23.640445709228516,8515653
1125,2021-06-10,23.718856811523438,23.8364706784227,23.44442345839752,23.718856811523438,15382029
1126,2021-06-09,23.914880906291206,23.914880906291206,23.601243423021913,23.67965316772461,12536750
1127,2021-06-08,23.95408385046975,24.228517195634996,23.95408385046975,24.032493591308594,6741353
1128,2021-06-07,24.267723366865237,24.267723366865237,23.679652540484412,23.954084396362305,10023492
1129,2021-06-04,24.385336948290618,24.385336948290618,24.071699476991412,24.267723083496094,9304515
1130,2021-06-03,24.62056453243468,24.777384014928597,24.424540927088003,24.50295066833496,8732953
1131,2021-06-02,24.69897564124178,24.85579513241865,24.38533815442955,24.581361770629883,15963636
1132,2021-06-01,24.22851818969086,24.77738490254044,24.22851818969086,24.62056541442871,17668844
1133,2021-05-31,23.954081413184664,24.18931061176704,23.67964959148378,24.11090087890625,15614668
1134,2021-05-28,23.326809446439338,23.993290015445897,23.326809446439338,23.954084396362305,17199514
1135,2021-05-27,23.287603987165284,23.366012229752222,22.973965034652075,23.16998863220215,54864565
1136,2021-05-26,23.169988026407893,23.562035211257715,23.169988026407893,23.2876033782959,12091176
1137,2021-05-25,23.01317065148691,23.366012229752222,23.01317065148691,23.16998863220215,12155882
1138,2021-05-24,22.66032912018931,23.013172218014336,22.503511128799328,22.973966598510742,10825312
1139,2021-05-21,23.052375939365607,23.28760516565449,22.73873846652187,22.817148208618164,17628566
1140,2021-05-20,22.97396564824554,23.13078512869051,22.81714766334197,22.895557403564453,13732043
1141,2021-05-19,22.895557470413408,22.934761592868412,22.542714386152714,22.856351852416992,13501305
1142,2021-05-18,21.993846973130587,22.621123380511648,21.993846973130587,22.503509521484375,20086007
1143,2021-05-17,22.150669332397204,22.62112632529094,21.797826213841514,21.876235961914062,23246973
1144,2021-05-14,23.405217846587057,23.6404455654306,22.973965034652075,23.16998863220215,14777295
1145,2021-05-13,23.20919364221767,23.601240827067492,22.856350577636302,23.2876033782959,20721349
1146,2021-05-12,23.758060600971657,23.914880084991456,22.346691226959226,23.5228328704834,32917960
1147,2021-05-11,24.267721918196855,24.267721918196855,23.836469107269803,23.914878845214844,20728717
1148,2021-05-10,24.07169980616563,24.502951148156605,23.797266454197985,24.463747024536133,20080644
1149,2021-05-07,24.189313739927915,24.46374709265977,24.150108120656817,24.424541473388672,11851604
1150,2021-05-06,24.18931061176704,24.463743929009187,24.032491146045455,24.11090087890625,15762220
1151,2021-05-05,24.228516167565456,24.385335642588945,24.03249257155677,24.15010643005371,18442379
1152,2021-05-04,24.659770702390883,24.659770702390883,23.9932901301968,24.424541473388672,29146310
1153,2021-05-03,25.36545263051282,25.36545263051282,24.777383326356848,24.816587448120117,28352145
1154,2021-04-29,25.6398868560791,25.6398868560791,25.443863260835503,25.6398868560791,13587234
1155,2021-04-28,25.60068273524692,25.6398868560791,25.561475623332047,25.6398868560791,11776251
1156,2021-04-27,25.757499350028176,25.835910583175398,25.56147575378418,25.56147575378418,13963910
1157,2021-04-26,25.483066436327178,25.796705373515007,25.40465819757151,25.718294143676758,15920745
1158,2021-04-23,25.48306894562593,25.48306894562593,25.169429977554305,25.443864822387695,16982310
1159,2021-04-22,25.953523431569444,25.99273054441753,25.483067988220025,25.52227210998535,29064269
1160,2021-04-21,25.953524595313038,26.031935833442372,25.796708101220165,25.8751163482666,20191693
1161,2021-04-20,25.953521728515625,26.11034119636929,25.875113490130076,25.953521728515625,15706097
1162,2021-04-19,25.87511396480483,25.992729315623354,25.87511396480483,25.914318084716797,17563531
1163,2021-04-16,25.757499563322604,25.953523161189846,25.7182954419657,25.83591079711914,13824927
1164,2021-04-15,25.875115050578128,25.875115050578128,25.63988733015306,25.75749969482422,13454707
1165,2021-04-14,25.992731709919155,26.07113995696559,25.36545376921607,25.8751163482666,24621675
1166,2021-04-13,26.227956896402247,26.345569255556207,25.99272918701172,25.99272918701172,18169930
1167,2021-04-12,26.423980840598272,26.463184960842252,26.188753128051758,26.188753128051758,21700913
1168,2021-04-09,26.46318674312361,26.580802102859522,26.3847784973549,26.423982620239258,14061865
1169,2021-04-08,26.26716184584052,26.38477719979229,26.227957724884163,26.306365966796875,14559751
1170,2021-04-07,26.22795867919922,26.580801762810168,26.188754556816406,26.22795867919922,19251094
1171,2021-04-01,26.306365488783694,26.384776720354296,26.149546016725136,26.188753128051758,11338274
1172,2021-03-31,26.541594165760444,26.58080127851172,26.267162322998047,26.267162322998047,17297382
1173,2021-03-30,26.34557185000788,26.541595458984375,26.267163602850438,26.541595458984375,15525159
1174,2021-03-29,26.227957724884163,26.34557008775323,25.992730008063326,26.306365966796875,17691150
1175,2021-03-26,26.14954744335078,26.22795867919922,25.992730953819525,26.22795867919922,16374079
1176,2021-03-25,26.38477781718821,26.38477781718821,25.75749990287759,26.03193473815918,34386800
1177,2021-03-24,26.502390386212696,26.855233467949763,26.345570906431465,26.463186264038086,61543983
1178,2021-03-23,26.972850168232302,27.286486152324386,26.502391705469762,27.247282028198242,33755060
1179,2021-03-22,27.051258705783656,27.051258705783656,26.50239198889899,26.933643341064453,27255688
1180,2021-03-19,26.423983088248217,26.933642676937364,26.188755355693,26.541595458984375,49454900
1181,2021-03-18,25.75750102307839,26.77682618262249,25.75750102307839,26.541595458984375,46879047
1182,2021-03-17,25.639887333842967,25.71829557696836,25.48306785650944,25.600683212280273,11809343
1183,2021-03-16,25.52227163275192,25.6398869869314,25.443863390687405,25.56147575378418,12667939
1184,2021-03-15,25.56147575378418,25.796706462143142,25.48306751171966,25.56147575378418,18334119
1185,2021-03-12,25.36545406352784,25.561477674501262,25.247841691593543,25.404661178588867,14443124
1186,2021-03-11,25.32625055742967,25.365454682364224,25.16943106660845,25.287046432495117,10124260
1187,2021-03-10,25.32624926185177,25.44386462172176,25.130225656123688,25.169429779052734,11416956
1188,2021-03-09,24.894996985793114,25.091020584106445,24.855792864346995,25.091020584106445,11070453
1189,2021-03-08,24.894998071058694,25.051817554762252,24.777384206051742,24.934202194213867,11890052
1190,2021-03-05,24.346130509253957,24.816587448120117,24.306926387490687,24.816587448120117,13802378
1191,2021-03-04,24.542156150064912,24.620565895653346,24.306928408841117,24.581361770629883,15206252
1192,2021-03-03,24.581361290171518,24.698975158484576,24.424541802059785,24.62056541442871,14946700
1193,2021-03-02,25.208638239795846,25.247842364819313,24.581361770629883,24.581361770629883,21402104
1194,2021-02-26,24.816587247359507,25.091020584106445,24.54215391061257,25.091020584106445,31673025
1195,2021-02-25,25.09101879490467,25.24783826058933,24.698971626234286,24.855791091918945,15875863
1196,2021-02-24,25.169429373893426,25.326248854168096,24.93420164902282,25.012611389160156,15350405
1197,2021-02-23,24.777384206051742,25.012611936065646,24.698974464199964,24.934202194213867,13686778
1198,2021-02-22,24.424540450329847,24.698973791566644,24.306926588525904,24.54215431213379,11784416
1199,2021-02-19,24.150108120656817,24.54215534011905,24.071699873197538,24.424541473388672,14338528
1200,2021-02-18,24.3069259050772,24.385335642588945,24.15010643005371,24.15010643005371,16735465
1201,2021-02-17,24.306926727294922,24.542154452245732,24.150107246966783,24.306926727294922,17540305
1202,2021-02-05,24.15010643005371,24.3069259050772,24.110902309068514,24.15010643005371,9413635
1203,2021-02-04,24.150104997566014,24.3069244632876,24.071696760246482,24.11090087890625,11373287
1204,2021-02-03,24.542155823136216,24.542155823136216,24.228518340501985,24.385337829589844,9731957
1205,2021-02-02,24.346131730387935,24.698974826120523,24.267723482928652,24.424541473388672,13623757
1206,2021-02-01,24.463747574133773,24.581361443178924,24.03249472691291,24.385337829589844,12899581
1207,2021-01-29,25.63988817756227,25.718296423267805,24.22851732174132,24.50295066833496,40008058
1208,2021-01-28,24.934200716769073,26.031934046566295,24.54215352628188,25.6398868560791,45062244
1209,2021-01-27,24.424541297484687,25.48306908151755,24.385337174037392,25.365453720092773,43433779
1210,2021-01-26,24.54215162056783,24.698971082802114,24.15010446052335,24.18931007385254,14371266
1211,2021-01-25,24.07169980616563,24.542155271777073,24.032494187003707,24.463747024536133,18276985
1212,2021-01-22,23.522832453654228,24.189313005616047,23.444422713033763,24.071699142456055,16712941
1213,2021-01-21,23.562035626608452,23.758059222488857,23.366012030728044,23.444421768188477,14077476
1214,2021-01-20,24.30692729949951,24.38533704150941,23.5228328704834,23.5228328704834,19879599
1215,2021-01-19,24.071696760246482,24.42453831480816,24.071696760246482,24.11090087890625,9727845
1216,2021-01-18,24.30692693647384,24.424540799961395,23.758060246143348,24.032493591308594,10780743
1217,2021-01-15,24.97340727537742,25.20863649586963,24.228516987130853,24.306926727294922,23851345
1218,2021-01-14,24.306926387490687,24.934201308951312,24.189312526659492,24.816587448120117,28674582
1219,2021-01-13,24.189313409155083,24.463746758134242,24.071699544032995,24.228517532348633,15534964
1220,2021-01-12,24.306923922757633,24.34612804054559,23.954080880501113,24.18931007385254,12838287
1221,2021-01-11,24.228516987130853,24.306926727294922,23.993289262180042,24.306926727294922,12334715
1222,2021-01-08,24.071699002344115,24.306926727294922,23.914879522015973,24.306926727294922,18138939
1223,2021-01-07,23.79726498606796,24.03249270436173,23.67965112692108,23.914878845214844,7988144
1224,2021-01-06,23.914881787435142,24.032495661051925,23.601244292609874,23.79726791381836,12644913
1225,2021-01-05,24.11090244230677,24.11090244230677,23.758059369324762,23.914878845214844,14662231
1226,2021-01-04,24.346130026062397,24.385335642588945,24.03249257155677,24.15010643005371,12603575
1227,2020-12-31,24.424540589770327,24.463746207623064,24.150107246966783,24.306926727294922,7408101
1228,2020-12-30,24.267723482928652,24.46374709265977,24.071699873197538,24.424541473388672,7929655
1229,2020-12-29,24.463746690000775,24.659770296505457,24.2285174648703,24.267723083496094,9471682
1230,2020-12-28,23.99328879060248,24.463745726798876,23.99328879060248,24.34613037109375,13616856
1231,2020-12-25,24.071699758071627,24.189313624239503,23.954084396362305,23.954084396362305,7731488
1232,2020-12-24,23.67965200084592,24.032493591308594,23.64044638265579,24.032493591308594,10195718
1233,2020-12-23,23.601242612493298,23.640446735727526,23.405219005239267,23.5228328704834,11457681
1234,2020-12-22,23.52283239184571,23.87567547593996,23.32680878858033,23.562036514282227,14417389
1235,2020-12-21,23.248399048165897,23.562036514282227,22.738737978784187,23.562036514282227,32235939
1236,2020-12-18,23.718857292305213,23.993290650993902,23.67965316772461,23.67965316772461,17268219
1237,2020-12-17,24.228516853383304,24.385336332845764,23.758059910537327,23.836469650268555,19669486
1238,2020-12-16,23.640445714569843,24.385335988175918,23.56203597594688,24.34613037109375,19778600
1239,2020-12-15,23.87567547593996,23.914879598376473,23.52283239184571,23.562036514282227,37489791
1240,2020-12-14,24.150106772307034,24.542153969880466,23.758059574733597,24.34613037109375,28623638
1241,2020-12-11,24.77738380432129,24.93420178994083,24.385336596960325,24.77738380432129,11885899
1242,2020-12-10,25.169429030613703,25.208636143459735,24.424540248321883,24.816587448120117,16766087
1243,2020-12-09,25.247841361013613,25.40466084595564,25.091021876071586,25.208637237548828,16751574
1244,2020-12-08,24.85579394790352,25.287045284776156,24.816588329206915,24.934202194213867,20628836
1245,2020-12-07,24.581362162387858,24.855795528550324,24.502952415549792,24.73818016052246,15665235
1246,2020-12-04,24.502950190046274,24.620564051850216,24.34613071061342,24.54215431213379,16033912
1247,2020-12-03,24.816587653370586,24.816587653370586,24.306926588525904,24.54215431213379,22316721
1248,2020-12-02,24.1109042542546,24.738179213872275,24.1109042542546,24.659770965576172,20798881
1249,2020-12-01,23.67965200084592,24.18931307298628,23.67965200084592,24.032493591308594,15710852
1250,2020-11-30,24.659769462708987,24.659769462708987,23.40521812438965,23.40521812438965,43811246
1251,2020-11-27,23.75806051015078,24.267723083496094,23.75806051015078,24.267723083496094,19722189
1252,2020-11-26,23.67965220933449,23.758060455322266,23.562036849269965,23.758060455322266,5989749
1253,2020-11-25,23.83646985796204,23.87567547593996,23.52283239184571,23.562036514282227,9879774
1254,2020-11-24,23.6796526877375,23.8364706784227,23.522833201510846,23.718856811523438,9463840
1255,2020-11-23,23.640446187755188,23.914879530657903,23.52283232523728,23.601242065429688,11986540
1256,2020-11-20,23.444422651431278,23.64044625469666,23.366012911016846,23.562036514282227,6240575
1257,2020-11-19,23.522833350719182,23.601243094329874,23.366013863497802,23.48362922668457,9762562
1258,2020-11-18,23.679651326301826,23.71885544783376,23.522831849091332,23.640445709228516,12989329
1259,2020-11-17,23.914879938380675,23.954084061374566,23.562036849269965,23.758060455322266,14668935
1260,2020-11-16,23.914879389999783,24.150107113652076,23.562036308979952,23.836469650268555,21144476
1261,2020-11-13,23.013171649648378,23.83647019685147,22.895557785125284,23.758060455322266,30376100
1262,2020-11-12,23.13078512869051,23.13078512869051,22.738737923119483,22.895557403564453,8611271
1263,2020-11-11,23.091581344604492,23.091581344604492,22.699534133290605,23.091581344604492,11006683
1264,2020-11-10,23.287604677129107,23.287604677129107,22.856351852416992,22.856351852416992,9122955
1265,2020-11-09,22.97396550890945,23.13078498840332,22.895557264703914,23.13078498840332,10502851
1266,2020-11-06,22.97396571532342,23.013171333319836,22.77794211196557,22.856351852416992,4631239
1267,2020-11-05,22.934762073991887,23.091581558184476,22.817148208618164,22.817148208618164,8361395
1268,2020-11-04,22.660327368917308,22.934760702067408,22.58191763151137,22.738737106323242,10332136
1269,2020-11-03,22.385893692873395,22.660327021819892,22.34668957254161,22.542713165283203,9290068
1270,2020-11-02,22.34669216301742,22.542715778482485,22.11146442267594,22.22907829284668,9818598
1271,2020-10-30,22.503510614942346,22.58191886107619,22.346691131591797,22.346691131591797,8963142
1272,2020-10-29,22.581917763808317,22.621123380511648,22.268280307888467,22.503509521484375,9734601
1273,2020-10-28,22.934761592868412,23.24839905913269,22.738737989510565,22.856351852416992,14794045
1274,2020-10-27,22.81714684372918,22.895556581135114,22.660327368917308,22.738737106323242,8080247
1275,2020-10-26,22.81714860712076,23.248399952870045,22.777942987617166,22.973966598510742,14071496
1276,2020-10-23,22.581918649337382,22.777942253916844,22.542714526638058,22.621124267578125,7422083
1277,2020-10-22,22.34668957254161,22.542713165283203,22.268279836336706,22.542713165283203,23602438
1278,2020-10-21,22.817143709415607,22.895553436050665,22.38589096069336,22.38589096069336,11138817
1279,2020-10-20,22.581918106172616,22.856351445091178,22.42510012360585,22.699533462524414,8637903
1280,2020-10-19,22.777942321592533,22.777942321592533,22.464304852441828,22.581918716430664,5916673
1281,2020-10-16,22.81714793994976,22.973965926754403,22.581918716430664,22.581918716430664,9436302
1282,2020-10-15,22.817148208618164,23.405219031028214,22.7779425897993,22.817148208618164,18129705
1283,2020-10-14,22.34669131797203,22.934762142129188,22.34669131797203,22.777942657470703,9340057
1284,2020-10-13,22.621123380511648,22.621123380511648,22.268280307888467,22.503509521484375,8394597
1285,2020-10-12,23.013171476737046,23.013171476737046,22.581918649337382,22.621124267578125,19256716
1286,2020-10-08,23.20919364221767,23.2876033782959,23.052374170061213,23.2876033782959,6235364
1287,2020-10-07,23.326811560391175,23.326811560391175,22.895560180180407,23.013174057006836,10559419
1288,2020-10-06,23.366011141562403,23.366011141562403,23.209193168150406,23.326807022094727,5329561
1289,2020-10-05,23.522831706008827,23.7188553035589,23.13078451090868,23.16998863220215,9556607
1290,2020-09-30,23.40521819065336,23.797265391516763,23.287604329502617,23.366012573242188,15901166
1291,2020-09-29,23.326809141286333,23.405218882886338,22.934761928827736,23.05237579345703,9132336
1292,2020-09-28,22.97396443398298,23.366011618832804,22.89555619344608,23.2876033782959,10906923
1293,2020-09-25,22.77794211196557,23.091581073771255,22.58191850860772,22.856351852416992,11201676
1294,2020-09-24,23.287604822256576,23.287604822256576,22.621124267578125,22.621124267578125,25739849
1295,2020-09-23,23.130786128207195,23.836470829620477,23.052376384596506,23.48362922668457,29094485
1296,2020-09-22,23.052375939365607,23.052375939365607,22.660328724425575,22.817148208618164,12399919
1297,2020-09-21,23.444422451849665,23.444422451849665,23.13078498840332,23.13078498840332,6959632
1298,2020-09-18,23.366012507089472,23.40521812438965,23.248398646271713,23.40521812438965,10718829
1299,2020-09-17,23.601238956414555,23.83646665046358,23.209191802638703,23.248395919799805,15461764
1300,2020-09-16,23.562036447562782,24.110903133368215,23.405218462719375,23.601242065429688,14820898
1301,2020-09-15,23.601240344992334,23.64044446446001,23.287602902627054,23.326807022094727,13288370
1302,2020-09-14,23.44442258504488,23.601242065429688,23.13078511981666,23.601242065429688,12430632
1303,2020-09-11,23.209194051348526,23.758059222488857,22.973964838967227,23.444421768188477,13151409
1304,2020-09-10,23.87567513079772,23.87567513079772,23.366012573242188,23.366012573242188,22403283
1305,2020-09-09,23.562038125657576,23.87567710876465,23.522834000539945,23.87567710876465,16755677
1306,2020-09-08,24.54215459509601,24.54215459509601,24.071699142456055,24.071699142456055,13925415
1307,2020-09-07,24.73817791365416,24.855793270999495,24.385336328242328,24.54215431213379,7553622
1308,2020-09-04,23.993286564083487,24.934198853620522,23.83646710139003,24.894994735717773,16448527
1309,2020-09-03,25.40465772627399,25.40465772627399,24.855791091918945,24.855791091918945,12645283
1310,2020-09-02,25.365454682364224,25.404661798381785,25.01261307132873,25.287046432495117,9111884
1311,2020-09-01,25.051817741431524,25.561477328412142,24.738178771687384,25.365453720092773,10799797
1312,2020-08-31,25.718296059313367,26.031935019862708,25.012611389160156,25.012611389160156,21367313
1313,2020-08-28,25.835910583175398,25.835910583175398,25.404659269655145,25.56147575378418,11770066
1314,2020-08-27,26.3847763663568,26.423980486074786,25.875113836775153,25.99272918701172,13801166
1315,2020-08-26,26.384776721924663,26.659208554731485,25.992729537296256,26.345569610595703,15898351
1316,2020-08-25,26.22795887350666,26.816029686853973,25.875115787281707,26.659210205078125,33649882
1317,2020-08-24,24.73817724777593,25.757499350028176,24.306925934255677,25.56147575378418,20249747
1318,2020-08-21,24.659769669479125,24.855793270999495,24.15010710909305,24.54215431213379,14950493
1319,2020-08-20,25.443864793387352,25.443864793387352,23.679652329931752,24.228517532348633,36465101
1320,2020-08-19,26.423983357434086,26.463187481412184,25.404661178588867,25.404661178588867,37424407
1321,2020-08-18,27.247280045015675,27.247280045015675,26.502389776503737,26.580801010131836,16854032
1322,2020-08-17,27.247279775315437,27.247279775315437,26.698413109682473,27.05125617980957,14227121
1323,2020-08-14,27.443305639911898,27.600125127499414,27.247282028198242,27.247282028198242,16491091
1324,2020-08-13,27.560921958216802,27.952969195226526,27.208078846691443,27.32569122314453,27625912
1325,2020-08-12,26.62000753887673,27.208078384399414,26.541596298157245,27.208078384399414,18316695
1326,2020-08-11,27.129665659322843,27.168872773078927,26.423982477955764,26.659210205078125,15039699
1327,2020-08-10,27.443303370821305,27.482507491705938,26.698413109682473,27.05125617980957,18585261
1328,2020-08-07,27.639328628066597,27.67853275130827,27.32568965996744,27.364896774291992,17998910
1329,2020-08-06,27.717736389619944,27.717736389619944,26.894437851617113,27.40410041809082,16422176
1330,2020-08-05,27.83535223535785,27.992171719407427,27.208077290242414,27.364896774291992,26157140
1331,2020-08-04,26.77682315579233,27.443302154541016,26.77682315579233,27.443302154541016,28284421
1332,2020-08-03,27.16887340057548,27.2080775241542,26.384778964669497,26.541595458984375,17641339
1333,2020-07-31,27.208075654430804,27.443303370821305,26.81602846341907,27.05125617980957,23256415
1334,2020-07-30,26.776827165856968,27.364898014380184,26.620007674700844,27.129667282104492,18703337
1335,2020-07-29,26.22795806648543,26.659209384787506,26.18875394501847,26.502389907836914,14107129
1336,2020-07-28,26.110342503112832,26.816028648230496,26.031934260803187,26.071138381958008,16782113
1337,2020-07-27,26.737617414838134,26.816028648230496,25.953523027410824,26.071138381958008,24079938
1338,2020-07-24,27.91376106849029,28.10978467990127,26.227959805005632,26.737619400024414,38894724
1339,2020-07-23,27.208076071576567,28.188194064132762,27.090460716036727,27.913759231567383,41309314
1340,2020-07-22,26.894436359149744,27.051255831753252,26.58080040502539,26.85523223876953,20498230
1341,2020-07-21,26.34557030033027,27.404099521189146,26.188753815239522,26.580801010131836,43271000
1342,2020-07-20,25.875114918476044,26.776824665098452,25.287044124874313,25.83591079711914,69567214
1343,2020-07-17,28.541037973631894,28.619446218894364,27.67853232033059,28.070579528808594,33229814
1344,2020-07-16,27.129664580985263,28.38421739424383,26.816028620982653,28.227397918701172,56751700
1345,2020-07-15,27.32568682148496,27.32568682148496,26.4631842354299,26.69841194152832,22834609
1346,2020-07-14,26.972850126583943,26.972850126583943,26.26716392907124,26.737619400024414,22948840
1347,2020-07-13,25.992731936813467,26.89443875005021,25.91432069799967,26.816030502319336,27391027
1348,2020-07-10,26.46318598776695,26.541594231297598,25.247840266545317,25.52227210998535,22801113
1349,2020-07-09,26.541593201330205,27.01205161750588,26.149546016725136,26.188753128051758,26065718
1350,2020-07-08,27.051257213569556,27.129665458335186,25.835911473205456,26.22795867919922,46644353
1351,2020-07-07,29.2075157303741,29.2075157303741,26.81602846341907,27.05125617980957,68218576
1352,2020-07-06,27.62706784128274,28.852460254451458,27.62706784128274,28.703929901123047,40213611
1353,2020-07-03,27.6270694732666,27.92413303050642,27.292870492466125,27.6270694732666,18161113
1354,2020-07-02,27.330001517870848,27.8127336661639,26.95866996781001,27.589935302734375,26749041
1355,2020-07-01,26.661610454510022,28.07266885804432,26.661610454510022,27.330005645751953,24946151
1356,2020-06-30,26.735872593370846,26.884405785496572,26.513074221699757,26.587339401245117,22107067
1357,2020-06-29,26.14174362530285,26.7358735827571,25.993210427680513,26.475942611694336,30286335
1358,2020-06-24,26.7358735827571,26.995804553819863,26.475942611694336,26.475942611694336,28523759
1359,2020-06-23,25.993209150102405,26.88440545899862,25.993209150102405,26.735872268676758,45872804
1360,2020-06-22,25.73327919910986,26.17887595448277,25.73327919910986,25.844676971435547,28667878
1361,2020-06-19,25.510478962654272,25.993211160273425,25.250547984265616,25.733280181884766,54117970
1362,2020-06-18,24.062289305318917,25.47334771435571,24.025153878131224,25.25054931640625,51172620
1363,2020-06-17,23.43102101878355,23.98801836233483,23.393888429153797,23.950885772705078,28639265
1364,2020-06-16,23.39389071092734,23.39389071092734,23.13395830861351,23.35675811767578,12288185
1365,2020-06-15,22.985425454881476,23.72808861766902,22.83689225571694,23.096824645996094,17287676
1366,2020-06-12,22.131360953486443,22.874024091744612,21.908562578616003,22.799758911132812,16160530
1367,2020-06-11,23.43102324027791,23.76522224470107,22.725494054798926,22.76262664794922,21565743
1368,2020-06-10,23.171092318382705,23.468157313948097,23.171092318382705,23.35675811767578,18979354
1369,2020-06-09,22.799757460784512,23.393887366989983,22.799757460784512,23.133955001831055,26949335
1370,2020-06-08,22.24276220065041,22.614093780517578,22.205628192753156,22.614093780517578,20527200
1371,2020-06-05,22.205627605001645,22.27989420231286,22.094228417293586,22.13136100769043,11956550
1372,2020-06-04,22.168495178222656,22.205627768893564,21.98282939183305,22.168495178222656,11855447
1373,2020-06-03,21.871428793172893,22.094227155868793,21.7600281953075,21.945693969726562,17618470
1374,2020-06-02,21.53723095505822,21.72289673915355,21.500098364846163,21.648630142211914,13255703
1375,2020-06-01,21.35156565699084,21.5372314453125,21.054500678979693,21.5372314453125,12484039
1376,2020-05-29,21.16589911446339,21.24016571044922,20.90596673677174,21.24016571044922,27084512
1377,2020-05-28,21.31443439057738,21.462966180555092,21.054501987469337,21.16590118408203,10479501
1378,2020-05-27,21.091632518477564,21.24016571044922,21.017365922491734,21.24016571044922,16356414
1379,2020-05-26,21.128765750488235,21.128765750488235,20.831699377430603,20.943099975585938,9275098
1380,2020-05-25,21.128765750488235,21.128765750488235,20.571768425781347,20.943099975585938,9241438
1381,2020-05-22,21.091632843017578,21.091632843017578,20.831700461326314,21.091632843017578,14807896
1382,2020-05-21,21.09163317071644,21.16589976899889,20.943101390669078,21.054500579833984,9431131
1383,2020-05-20,21.165902033287875,21.240168639515232,20.905969619750977,20.905969619750977,14558263
1384,2020-05-19,20.868834630407267,21.05450041641353,20.646034837289235,21.017366409301758,19193237
1385,2020-05-18,20.757435501785544,20.794568092486543,20.386103928705428,20.460369110107422,16229392
1386,2020-05-15,20.980232724359684,21.128765912024082,20.757434359380547,20.868833541870117,17625089
1387,2020-05-14,20.608899760131298,20.905964698595483,20.42323399652651,20.75743293762207,19317944
1388,2020-05-13,20.423236519406426,20.571769715245487,20.3118373307859,20.460369110107422,11044114
1389,2020-05-12,20.646033299581774,20.72029989175644,20.386102351746576,20.423234939575195,12833649
1390,2020-05-11,20.57177096216784,20.794569352913435,20.497504359746767,20.64603614807129,10658994
1391,2020-05-08,20.720302160340065,20.75743616875177,20.27470397502271,20.386104583740234,17506755
1392,2020-05-07,20.57176971435547,20.72030149367057,20.460369109222224,20.57176971435547,9995931
1393,2020-05-06,20.608903555119564,20.757436759961706,20.497504359746767,20.64603614807129,9688785
1394,2020-05-05,20.646034567648343,20.86883435785657,20.608901977539062,20.608901977539062,10315809
1395,2020-05-04,20.163303654717325,20.757435007405604,20.163303654717325,20.683168411254883,13996704
1396,2020-04-30,20.64603515948448,21.054500744983155,20.571769977137045,20.980234146118164,27302723
1397,2020-04-29,20.05190494545878,20.60890230505486,19.977638347542463,20.57176971435547,21720567
1398,2020-04-28,19.829104572911277,19.977636337280273,19.717703978987785,19.977636337280273,11056675
1399,2020-04-27,19.494908620726388,19.75484101897293,19.494908620726388,19.680574417114258,11235278
1400,2020-04-24,19.309240341186523,19.42063952138988,19.086441980779803,19.309240341186523,9571280
1401,2020-04-23,19.049307976367064,19.309240341186523,19.012175388471753,19.309240341186523,8716737
1402,2020-04-22,18.60371077934813,19.049308939201453,18.566578189575978,18.97504234313965,9382089
1403,2020-04-21,19.123574256853978,19.272107439048156,18.78937530517578,18.78937530517578,17690501
1404,2020-04-20,19.457773525802622,19.53203870159324,19.234973748878474,19.309240341186523,11152619
1405,2020-04-17,19.532040299418615,19.90337187481834,19.272109329852842,19.34637451171875,13421627
1406,2020-04-16,19.309241919211996,19.532040297826654,19.16070872245719,19.457775115966797,11999137
1407,2020-04-15,19.8291076208316,19.8291076208316,19.53204121339692,19.680574417114258,16250963
1408,2020-04-14,19.49491016531069,20.05190759860528,19.30924435421249,19.82910919189453,27308289
1409,2020-04-13,18.789376401113156,19.04930877685547,18.677977216228587,19.04930877685547,8441280
1410,2020-04-10,18.640845757697758,18.789377541049316,18.640845757697758,18.75224494934082,4275405
1411,2020-04-09,18.78937787680455,18.900778486955854,18.60371208190918,18.60371208190918,10836545
1412,2020-04-08,18.640846252441406,18.863644641640793,18.566579650535743,18.640846252441406,12692692
1413,2020-04-07,19.012177674592596,19.197843469429404,18.640846084918984,18.715112686157227,15387561
1414,2020-04-06,18.529446730951626,18.937910909450384,18.418046121799613,18.677978515625,21009117
1415,2020-04-01,18.19524973252171,18.269516341264122,17.898184714069803,18.120983123779297,14127972
1416,2020-03-31,17.86105052962791,18.195249557495117,17.86105052962791,18.195249557495117,19167759
1417,2020-03-30,17.229786010282307,17.823915976215805,17.155519410411227,17.71251678466797,16390286
1418,2020-03-27,18.009581937287983,18.158115138429352,17.6011177589256,17.63825035095215,25330714
1419,2020-03-26,18.455181413076996,18.455181413076996,17.60111898816164,17.823917388916016,47666044
1420,2020-03-25,17.229785919189453,17.229785919189453,17.229785919189453,17.229785919189453,7797237
1421,2020-03-24,15.41026220890674,15.670194625854492,15.001797994072923,15.670194625854492,17532928
1422,2020-03-23,14.259132385253906,14.667596532201904,13.962066005818112,14.259132385253906,11802363
1423,2020-03-20,14.036332979127572,15.224594279356456,14.036332979127572,15.150327682495117,26560484
1424,2020-03-19,14.333397747828583,14.556197535269167,13.776400404003367,13.850666999816895,28423727
1425,2020-03-18,15.335995453250435,15.52166126119903,14.927531242370604,14.927531242370605,24039639
1426,2020-03-17,16.115791405647894,16.115791405647894,15.447393417358398,15.447393417358398,26237526
1427,2020-03-16,17.118383919406472,17.19265051284451,16.41285482303873,16.449987411499023,16437960
1428,2020-03-13,16.598522270555133,17.378318038919648,16.041524888432594,17.081253051757812,23037075
1429,2020-03-12,18.04671274098481,18.120979334196083,16.93271809236803,17.563982009887695,25676707
1430,2020-03-11,18.603709554556776,18.86364191540147,18.23237801521219,18.343778610229492,9985927
1431,2020-03-10,18.0838487061127,18.78937787680455,18.0838487061127,18.60371208190918,9800942
1432,2020-03-09,19.012175078467045,19.234973435240907,18.60370953569176,18.78937530517578,18391632
1433,2020-03-06,20.014772142534742,20.051904732840402,19.45777478884473,19.49490737915039,16458686
1434,2020-03-05,20.27470272498579,20.42323591643962,20.089036943927248,20.200437545776367,9374455
1435,2020-03-04,19.903371162868705,20.27470272498579,19.866238573263995,20.200437545776367,9553489
1436,2020-03-03,19.977636337280273,20.237568695572758,19.977636337280273,19.977636337280273,10908419
1437,2020-03-02,19.532038997623832,20.237569510467285,19.532038997623832,19.71770477294922,15180463
1438,2020-02-27,20.05190625575113,20.423237853079858,20.05190625575113,20.089038848876953,15654330
1439,2020-02-26,19.97763981268326,20.348971412980415,19.940507219260603,20.12617301940918,9362637
1440,2020-02-25,20.05190592074613,20.3118383178371,20.05190592074613,20.237571716308594,8069537
1441,2020-02-24,20.386104583740234,20.497503775940178,20.27470397502271,20.386104583740234,7264909
1442,2020-02-21,20.646035979970716,20.868835785419893,20.608903387321327,20.72030258178711,6711135
1443,2020-02-20,20.943100135702313,20.980232724359684,20.72030035420572,20.868833541870117,4516369
1444,2020-02-19,20.683167765548347,21.054499318191883,20.64603376037352,20.868833541870117,7484060
1445,2020-02-18,20.423236032986104,20.683168411254883,20.423236032986104,20.683168411254883,7455575
1446,2020-02-17,20.831698910717318,20.868832914776295,20.497501373291016,20.497501373291016,9438575
1447,2020-02-14,21.05450041641353,21.16589960471378,21.017366409301758,21.017366409301758,7377968
1448,2020-02-13,20.980233818707518,21.09163300700777,20.905967221001507,21.017366409301758,4991061
1449,2020-02-12,20.794568357214462,21.01736673729188,20.757435766040743,20.980234146118164,7490928
1450,2020-02-11,20.75743451921101,20.868833702558344,20.720300513750253,20.794567108154297,5256371
1451,2020-02-10,20.794565523736082,20.794565523736082,20.46036658264052,20.75743293762207,5532434
1452,2020-02-07,20.980234146118164,21.054500744983155,20.794568357214462,20.980234146118164,8071134
1453,2020-02-06,20.72030175834947,21.01736673729188,20.64603515948448,20.980234146118164,7766716
1454,2020-02-05,20.868835955334504,20.868835955334504,20.46037035027742,20.64603614807129,9827489
1455,2020-02-04,22.168494146817988,22.205626735761275,20.794567108154297,20.794567108154297,10846044
1456,2020-02-03,19.86623889428598,20.163303865476472,19.717705700431974,20.051904678344727,14641497
1457,2020-01-31,20.126172522274636,20.757436510490535,20.126172522274636,20.237571716308594,14547447
1458,2020-01-30,20.200437545776367,20.497502512166538,20.051904354322538,20.200437545776367,34028485
1459,2020-01-20,21.83429527282715,21.908561867546055,21.648629494288624,21.83429527282715,7281976
1460,2020-01-17,21.462965755864957,21.90856395001627,21.351566561456533,21.76003074645996,14628347
1461,2020-01-16,21.462966918945312,21.50010093010549,21.240168518054993,21.462966918945312,8043632
1462,2020-01-15,21.50010093010549,21.760031925638298,21.314435123857663,21.462966918945312,12851296
1463,2020-01-14,21.425832748413086,21.425832748413086,21.091633755140567,21.425832748413086,9305384
1464,2020-01-13,21.38869699623269,21.462963590518264,21.240165224179005,21.351564407348633,7742752
1465,2020-01-10,21.351564407348633,21.42583100163421,21.16589862989343,21.351564407348633,8257647
1466,2020-01-09,20.90596844840803,21.38869923706232,20.90596844840803,21.314434051513672,8535457
1467,2020-01-08,21.054499318191883,21.128765912024082,20.72030035420572,20.868833541870117,8368658
1468,2020-01-07,20.79456958436129,21.16590118408203,20.79456958436129,21.16590118408203,10600452
1469,2020-01-06,20.94310029696239,20.94310029696239,20.794567108154297,20.794567108154297,6950858
1470,2020-01-03,21.16589960471378,21.3144328001258,20.943101228113278,21.017366409301758,10089349
1471,2020-01-02,21.091632843017578,21.277298627580265,20.980233655583472,21.091632843017578,7219234
1472,2019-12-31,21.203032359881348,21.203032359881348,21.01736657243399,21.054500579833984,7810201
1473,2019-12-30,21.4629640818892,21.4629640818892,21.16589911446339,21.24016571044922,7607215
1474,2019-12-27,21.64863272519314,21.64863272519314,21.388700313142643,21.462966918945312,6191474
1475,2019-12-26,21.61150013055065,21.61150013055065,21.42583432430282,21.462966918945312,3365757
1476,2019-12-25,21.314432903284064,21.87143026399862,21.314432903284064,21.61149787902832,5299053
1477,2019-12-24,21.648631636035436,21.760030830876026,21.314434051513672,21.314434051513672,8597732
1478,2019-12-23,21.90856252324888,21.982829120190516,21.611497551999857,21.648630142211914,7098989
1479,2019-12-20,22.16849600786841,22.20562859992899,21.9085636138916,21.9085636138916,13656700
1480,2019-12-19,22.16849534291793,22.242761941329025,21.945695547684643,22.094228744506836,7432552
1481,2019-12-18,22.131361171034214,22.205627768893564,22.019961982503958,22.168495178222656,11577714
1482,2019-12-17,21.871430041877467,22.13136100769043,21.8342960349631,22.13136100769043,12592876
1483,2019-12-16,22.168496347981,22.205628940611273,21.76003074645996,21.76003074645996,73990
1484,2019-12-13,22.0570959896924,22.168495178222656,21.98282939183305,22.168495178222656,12902166
1485,2019-12-12,22.09422923946085,22.242762439610477,21.982830047607422,21.982830047607422,14874770
1486,2019-12-11,21.9085636138916,22.354161801206477,21.760030412614118,21.9085636138916,32104637
1487,2019-12-10,21.68576555457812,21.871431350708008,21.5743649436861,21.871431350708008,11176832
1488,2019-12-09,21.68576431274414,21.834296091231824,21.57436370823147,21.68576431274414,7325908
1489,2019-12-06,21.648630305734073,21.945695279226968,21.611497715241537,21.68576431274414,16881553
1490,2019-12-05,21.611498043944675,21.648630635001986,21.425832255623014,21.5372314453125,6776643
1491,2019-12-04,21.462964846680325,21.611498043944675,21.054500678979693,21.5372314453125,14440631
1492,2019-12-03,20.60890449350884,21.64863272519314,20.534637887706175,21.462966918945312,35130975
1493,2019-12-02,20.57177096216784,20.757436759961706,20.27470455248355,20.64603614807129,10816791
1494,2019-11-29,21.09163306673462,21.09163306673462,20.49750311643915,20.57176971435547,19154806
1495,2019-11-28,21.462963915594692,21.462963915594692,21.16589895047053,21.203031539916992,6201854
1496,2019-11-27,21.5372314453125,21.57436403636981,21.16589986866918,21.5372314453125,12056915
1497,2019-11-26,21.53723352474798,21.53723352474798,21.277301112697483,21.462966918945312,21754340
1498,2019-11-25,21.760028226121086,21.797162230967952,21.314431500098294,21.500097274780273,10715661
1499,2019-11-22,21.760029493729217,21.760029493729217,21.57436370823147,21.68576431274414,11320596
1500,2019-11-21,21.648630469802274,21.834296256707127,21.27729889599257,21.61149787902832,14501946
1501,2019-11-20,21.685763499906816,21.908561867546055,21.648629494288624,21.83429527282715,13367053
1502,2019-11-19,21.462966081369533,21.722898483276367,21.31443429207822,21.722898483276367,18756029
1503,2019-11-18,21.50009885425519,21.648630635001986,21.35156565699084,21.5372314453125,15264077
1504,2019-11-15,21.20303137878678,21.648629531345488,21.20303137878678,21.277297973632812,39336003
1505,2019-11-14,20.98023381814179,21.165899604143043,20.90596722043778,21.128767013549805,17001135
1506,2019-11-13,20.57177201650442,21.165902033287875,20.460371398904535,20.905969619750977,26678832
1507,2019-11-12,20.757436759961706,20.83170194586516,20.53463695269849,20.64603614807129,14107834
1508,2019-11-11,21.017367572535065,21.16590077616785,20.497504192855544,20.72030258178711,13483084
1509,2019-11-08,20.49750321749191,21.128767178116437,20.460369210091912,21.054500579833984,28444862
1510,2019-11-07,20.34897232055664,20.608904735661316,20.311839725477846,20.34897232055664,11533304
1511,2019-11-06,20.534636705905015,20.534636705905015,19.977639319217623,20.237571716308594,25995028
1512,2019-11-05,21.091632565307602,21.203031751274935,20.46036862280271,20.683168411254883,20250494
1513,2019-11-04,20.794567871020785,21.12876684984063,20.794567871020785,21.091632843017578,21832989
1514,2019-11-01,20.683167924806966,20.94310029696239,20.571768741459632,20.794567108154297,12366332
1515,2019-10-31,20.42323399652651,20.86883211248147,20.42323399652651,20.75743293762207,29300133
1516,2019-10-30,20.386104583740234,20.646035560034242,20.126172190928646,20.386104583740234,12865988
1517,2019-10-29,20.683171342336607,20.7203039374154,20.16330651212726,20.34897232055664,19185996
1518,2019-10-28,20.46037035027742,20.794569352913435,20.46037035027742,20.64603614807129,18521798
1519,2019-10-25,20.34896834740053,20.423234939575195,20.23756916739724,20.423234939575195,11364300
1520,2019-10-24,20.23756964873473,20.423235425328627,20.126170466081884,20.31183624267578,15454935
1521,2019-10-23,19.97763775859562,20.42323591643962,19.94050516899091,20.200437545776367,19849425
1522,2019-10-22,19.977636661662512,20.051903253311593,19.90337007001343,19.94050407409668,12062772
1523,2019-10-21,19.56917677305351,19.977640990862454,19.56917677305351,19.82910919189453,15262360
1524,2019-10-18,19.680574917576845,19.75484152132406,19.569175720214844,19.569175720214844,11262659
1525,2019-10-17,19.680574417114258,19.680574417114258,19.56917522258506,19.680574417114258,10628365
1526,2019-10-16,19.53204121339692,19.680574417114258,19.420642018867717,19.680574417114258,16162162
1527,2019-10-15,19.569174305274128,19.606306896204053,19.346374510141924,19.457775115966797,9323177
1528,2019-10-14,19.5691755595101,19.64344216264743,19.420642353235444,19.532041549682617,12124255
1529,2019-10-09,19.53204046375,19.606307062758294,19.383508682250977,19.383508682250977,12590514
1530,2019-10-08,19.680573163713728,19.680573163713728,19.42064078202155,19.49490737915039,11317734
1531,2019-10-07,19.457775115966797,19.643440903651527,19.346374510141924,19.457775115966797,7494805
1532,2019-10-04,19.346374347680822,19.643440738695812,19.272109166444608,19.42064094543457,15431974
1533,2019-10-03,18.640845845577015,19.234975814819336,18.640845845577015,19.234975814819336,10738862
1534,2019-10-02,18.715111704445935,19.049309267711113,18.640845107103384,18.937910079956055,8921284
1535,2019-10-01,19.160706212169266,19.160706212169266,18.7893746854488,19.086441040039062,11039959
1536,2019-09-27,19.160709466595296,19.160709466595296,18.60371208190918,18.60371208190918,14910786
1537,2019-09-26,19.56917270600598,19.64343929831403,19.197841160983163,19.309240341186523,10761530
1538,2019-09-25,19.383508517589394,19.457775115966797,19.123576131527265,19.457775115966797,15589106
1539,2019-09-24,19.457775281259266,19.866239451028534,19.160708885226104,19.383508682250977,37642248
1540,2019-09-23,18.826509615960344,19.56917270600598,18.826509615960344,19.309240341186523,41158771
1541,2019-09-20,18.789377870877868,18.826511879755788,18.677978677279302,18.715112686157227,19187272
1542,2019-09-19,18.71511252418153,18.826511716815958,18.640845923586053,18.677978515625,10009803
1543,2019-09-18,18.603711915029518,18.71511252418153,18.566579322990574,18.677978515625,14251780
1544,2019-09-17,18.232379101332025,18.60371066279718,18.195246511792508,18.492311477661133,16693295
1545,2019-09-16,18.269516165523132,18.306648761278275,17.898184541900783,18.195249557495117,11502637
1546,2019-09-12,18.640845665174474,18.677978256698665,18.269514083862305,18.269514083862305,8952857
1547,2019-09-11,18.640844834318234,18.715111430573984,18.49231164180673,18.52944564819336,9910969
1548,2019-09-10,18.566579650535743,18.715112854347073,18.492313048630077,18.640846252441406,14904574
1549,2019-09-06,18.566577911376953,18.71511110127496,18.492311316427948,18.566577911376953,14224929
1550,2019-09-05,18.529445811387376,18.566578401583538,18.34378002737154,18.45517921447754,8979654
1551,2019-09-04,18.380912617567702,18.492311804673697,18.34378002737154,18.45517921447754,7454580
1552,2019-09-03,18.45518129338605,18.56658049304076,18.343782093731342,18.38091468811035,5970985
1553,2019-09-02,18.52944564657798,18.715111428942418,18.418045043945312,18.418045043945312,12940572
1554,2019-08-30,18.195246511792508,18.529445483718142,18.15811392225299,18.492311477661133,25559238
1555,2019-08-29,17.97244959761896,18.08384879178039,17.97244959761896,18.046714782714844,4423126
1556,2019-08-28,18.120981546126558,18.195248148403156,17.97244975809098,18.08384895324707,5896339
1557,2019-08-27,18.19524973252171,18.269516341264122,17.898184714069803,18.120983123779297,14633967
1558,2019-08-26,17.823916394391986,18.12098138432833,17.7496497927785,18.046714782714844,13274573
1559,2019-08-23,18.23238215325026,18.269516165523132,18.08385035371196,18.195249557495117,10208648
1560,2019-08-22,18.12097882753795,18.26951200980755,17.97244706178576,18.232378005981445,14420601
1561,2019-08-21,18.009582350970472,18.120981546126558,17.935315748693874,18.08384895324707,13157854
1562,2019-08-20,17.67538164246296,18.08384720728893,17.67538164246296,18.009580612182617,19133737
1563,2019-08-19,17.63824876911634,17.63824876911634,17.452582992599325,17.601116180419922,7362247
1564,2019-08-16,17.30404996293683,17.67538151936481,17.229784784865213,17.5268497467041,10893883
1565,2019-08-15,17.006985157863806,17.45258331298828,17.006985157863806,17.45258331298828,9658725
1566,2019-08-14,17.60111809476089,17.675383280230992,17.415452298050404,17.489717483520508,10333943
1567,2019-08-13,16.858453858008627,17.378317206511376,16.858453858008627,17.341184616088867,18530559
1568,2019-08-12,16.709918975830078,16.821318152365468,16.635652385967354,16.709918975830078,5058839
1569,2019-08-08,16.5613878503881,16.747053639816297,16.5613878503881,16.63565444946289,4850730
1570,2019-08-07,16.598523935539312,16.78418974820414,16.48712473124396,16.561389923095703,6955438
1571,2019-08-06,16.30145891857913,16.63565653146518,16.1157931059143,16.561389923095703,13747777
1572,2019-08-05,16.858456339824112,16.895588935713093,16.635656514937036,16.67279052734375,10472384
1573,2019-08-02,17.006984870998508,17.081251465019477,16.821319094204817,16.93271827697754,16116752
1574,2019-08-01,17.155518993532212,17.304050773147477,17.08125239546581,17.266918182373047,9471609
1575,2019-07-31,17.489718156762702,17.52685216744479,17.155520559729933,17.304052352905273,11531894
1576,2019-07-30,17.452584890785456,17.712517289483657,17.452584890785456,17.489717483520508,13559659
1577,2019-07-29,17.304052341696885,17.41545295715332,17.15552054861775,17.41545295715332,11359494
1578,2019-07-26,17.601118598966618,17.638251192765377,17.378318786621094,17.378318786621094,11990163
1579,2019-07-25,17.935315167763637,17.972449175957966,17.71251678466797,17.71251678466797,14482684
1580,2019-07-24,18.158115896833085,18.306647687660544,17.93531608581543,17.93531608581543,10507071
1581,2019-07-23,17.82391810532739,18.158117136409373,17.71251890047264,18.120983123779297,24244418
1582,2019-07-22,17.749647951723055,17.823914545633354,17.601116180419922,17.601116180419922,32741521
1583,2019-07-19,17.614445812203904,17.78919229314557,17.614445812203904,17.684343338012695,40557757
1584,2019-07-18,17.579498710874752,17.614448812942975,17.474651071090225,17.5445499420166,21235918
1585,2019-07-17,17.649395923614502,17.684344689189167,17.404750564962015,17.47464942932129,16076537
1586,2019-07-16,17.509599421758676,17.61444839224912,17.47465065373522,17.579498291015625,10211692
1587,2019-07-15,17.579496641016604,17.614446738969708,17.474649013577125,17.509597778320312,8418600
1588,2019-07-12,17.509597778320312,17.614446738969708,17.474649013577125,17.509597778320312,8970141
1589,2019-07-11,17.36980205787985,17.54454855477359,17.33485195857512,17.40475082397461,11783192
1590,2019-07-10,17.090208598432564,17.299903869628906,17.02030973029711,17.299903869628906,9734385
1591,2019-07-09,17.125155163004674,17.125155163004674,17.020307540893555,17.020307540893555,4945366
1592,2019-07-08,16.91546302718052,17.160107079325826,16.91546302718052,17.125158309936523,11548396
1593,2019-07-05,17.020309975836497,17.055258743803392,16.880512237548828,16.880512237548828,3618157
1594,2019-07-04,16.91546165877043,16.98535919189453,16.88051155899839,16.98535919189453,4094390
1595,2019-07-03,16.880512237548828,16.950411106692663,16.810613368404997,16.880512237548828,6185248
1596,2019-07-02,16.985359874659558,17.020309975836497,16.810613368404997,16.880512237548828,5268086
1597,2019-07-01,17.02030929166657,17.125156924562713,16.91546165877043,16.98535919189453,9587544
1598,2019-06-28,16.98535811524135,16.98535811524135,16.7407140983943,16.91546058654785,6996727
1599,2019-06-27,16.91546165877043,16.98535919189453,16.88051155899839,16.98535919189453,9709153
1600,2019-06-26,16.775663118233215,16.845561981201172,16.705764255265258,16.845561981201172,4247624
1601,2019-06-25,16.74071486967469,16.845562500755396,16.705764770507812,16.705764770507812,4948694
1602,2019-06-24,16.775663375854492,16.880511005311593,16.740714610438772,16.775663375854492,4419096
1603,2019-06-21,16.845562658920603,16.845562658920603,16.74071502685547,16.74071502685547,11424552
1604,2019-06-20,16.810612559425575,16.845562658920603,16.70576492736044,16.74071502685547,9084519
1605,2019-06-19,16.740716095171503,16.81061363220215,16.565969586174766,16.81061363220215,12952592
1606,2019-06-18,16.461117778914428,16.6358642578125,16.391220253923063,16.6358642578125,8444389
1607,2019-06-17,16.565967817244612,16.670815444804912,16.496068954467773,16.496068954467773,4137668
1608,2019-06-14,16.705765451516918,16.705765451516918,16.496070180807298,16.60091781616211,4715982
1609,2019-06-13,16.705765451516918,16.740715552108533,16.496070180807298,16.60091781616211,5396368
1610,2019-06-12,16.670816004550897,16.775663635631602,16.531018274303317,16.705764770507812,6853816
1611,2019-06-11,16.77566197421489,16.810610736710572,16.49606787461994,16.6358642578125,9657263
1612,2019-06-10,16.775663118233215,17.125156099863073,16.600916627418286,16.845561981201172,30445399
1613,2019-06-06,15.97182846069336,16.076676081539695,15.797081981546189,15.97182846069336,8020228
1614,2019-06-05,15.901929351642773,16.07667582803445,15.832030494444139,16.04172706604004,9084371
1615,2019-06-04,15.587387929304677,15.7621344367328,15.517490392901465,15.69223690032959,6996782
1616,2019-06-03,15.552437083542475,15.797082427903094,15.307791739181855,15.482538223266602,18327025
1617,2019-05-31,16.111626045152985,16.181524908664546,15.202944819132485,15.727184295654297,53248214
1618,2019-05-30,16.146578364948564,16.496071397379442,16.146578364948564,16.356273651123047,6028557
1619,2019-05-29,16.426171985210534,16.461120754022698,16.146577835083008,16.146577835083008,11273069
1620,2019-05-28,16.286371300016356,16.6358642578125,16.111624821118284,16.6358642578125,18127915
1621,2019-05-27,16.076676907046664,16.251423395166736,15.9718292808166,16.11162567138672,5911236
1622,2019-05-24,16.28637106642054,16.356269923619173,15.971828208841405,16.04172706604004,11400981
1623,2019-05-23,16.006780093414207,16.181526603895172,15.901932453767644,16.146577835083008,9720601
1624,2019-05-22,15.936878113637183,16.04172706604004,15.86698058964836,16.04172706604004,4679702
1625,2019-05-21,15.832030494444139,16.181523447227494,15.762131637245504,16.04172706604004,10899889
1626,2019-05-20,15.797083437906828,15.936879834186739,15.797083437906828,15.832032203674316,7878491
1627,2019-05-17,16.041727120726687,16.14657474027716,15.727182928865451,15.762131690979004,14477285
1628,2019-05-16,16.35627144396115,16.35627144396115,15.936879594996002,16.076677322387695,15573374
1629,2019-05-15,16.216475090714162,16.53101797832456,16.216475090714162,16.426170349121094,10531138
1630,2019-05-14,15.657284974541426,16.39122102014783,15.447589723345247,16.216474533081055,24992945
1631,2019-05-13,16.7407140951869,16.7407140951869,16.11162567138672,16.11162567138672,28371782
1632,2019-05-10,17.160106658935547,17.43970214004078,16.880512511040376,17.160106658935547,12545546
1633,2019-05-09,17.579498547383334,17.684346186192766,17.160106658935547,17.160106658935547,15993299
1634,2019-05-08,17.544548742149615,17.824142873523677,17.474649876003607,17.789194107055664,9472745
1635,2019-05-07,17.4047487397416,17.824140548706055,17.4047487397416,17.824140548706055,10374072
1636,2019-05-06,17.6843449523626,17.6843449523626,17.40475082397461,17.40475082397461,13665185
1637,2019-05-03,17.894040646068284,17.998888272274506,17.78919301986206,17.92898941040039,6331894
1638,2019-05-02,17.85909080505371,18.10373615852224,17.78919327538549,17.85909080505371,12515755
1639,2019-04-30,17.47465107627733,17.89404296875,17.404752205330205,17.89404296875,17572613
1640,2019-04-29,17.684343177503617,17.684343177503617,17.195053835233814,17.439699172973633,9386639
1641,2019-04-26,17.754246450754316,17.754246450754316,17.509601052179654,17.649398803710938,7462257
1642,2019-04-25,17.64939473470963,17.824141217231507,17.544547111838476,17.71929359436035,8933166
1643,2019-04-24,17.754246450754316,17.789196555242217,17.509601052179654,17.649398803710938,8634237
1644,2019-04-23,17.54455115666756,17.649398803710938,17.26495698681516,17.649398803710938,18126365
1645,2019-04-22,17.824143666809928,17.894042536066873,17.509599421758676,17.579498291015625,17453413
1646,2019-04-19,18.10373532262454,18.13868541905483,17.614445971489197,17.71929359436035,16936488
1647,2019-04-18,18.10373605852221,18.243533783506283,17.859090706405034,17.963939666748047,25693913
1648,2019-04-17,18.173634501336846,18.5231274725164,17.859090293991294,17.99888801574707,26768275
1649,2019-04-16,17.82414249273447,18.173635482788086,17.78919372701309,18.173635482788086,31956319
1650,2019-04-15,17.754244007377668,17.824142873523677,17.719295240909652,17.789194107055664,16636084
1651,2019-04-12,17.719294266865113,17.789193129168723,17.54454777771104,17.61444664001465,14804752
1652,2019-04-11,17.614450032433197,17.789196555242217,17.579499927945296,17.649398803710938,23414924
1653,2019-04-10,17.369803016454817,17.61444839224912,17.334852915221322,17.579498291015625,22461667
1654,2019-04-09,17.579497320868352,17.61444742017308,17.299903192480357,17.40475082397461,22170273
1655,2019-04-08,17.40475220016385,17.614448812942975,17.369803431305698,17.5445499420166,39118445
1656,2019-04-03,16.91546088853928,17.264953871085876,16.91546088853928,17.19505500793457,36176526
1657,2019-04-02,16.7756646004381,16.915462338725767,16.740715832471203,16.880512237548828,31492423
1658,2019-04-01,16.77566379314052,16.810612559425575,16.63586606158036,16.74071502685547,23409587
1659,2019-03-29,16.740714047436082,16.845561673367083,16.49606869812382,16.565967559814453,24484192
1660,2019-03-28,16.77566431949013,16.77566431949013,16.426171312834086,16.60091781616211,28349797
1661,2019-03-27,16.356272444860874,16.88051195484494,16.321323677479278,16.60091781616211,90593249
1662,2019-03-26,16.04172706604004,16.181523447227494,15.587385160853826,16.04172706604004,62911056
1663,2019-03-25,14.99324954137696,15.657285410807102,14.888400579647525,15.552437782287598,29391345
1664,2019-03-22,15.133043993755773,15.237891608825583,15.063145139305979,15.202942848205566,13981251
1665,2019-03-21,15.028197288513185,15.098096147194749,14.993248525777322,15.028197288513184,9231889
1666,2019-03-20,15.028198659111728,15.028198659111728,14.853452163075545,14.993249893188477,6646528
1667,2019-03-19,14.818502296645613,15.02819754303188,14.818502296645613,14.958298683166504,17918917
1668,2019-03-18,14.538909115974452,14.748605728149414,14.503960347216992,14.748605728149414,5600554
1669,2019-03-15,14.818502367194982,14.853451130689127,14.469009399414062,14.469009399414062,24704432
1670,2019-03-14,14.85345310162767,14.993250840574067,14.818504333496094,14.818504333496094,11844222
1671,2019-03-13,14.678704261779785,14.713653024357232,14.538906545050331,14.678704261779785,4017035
1672,2019-03-12,14.538907902513573,14.64375686645508,14.469010370832512,14.643756866455078,5092333
1673,2019-03-11,14.434059143066406,14.538906765599073,14.364160283641345,14.434059143066406,6040858
1674,2019-03-08,14.573856861916532,14.608805625024136,14.434059143066406,14.434059143066406,6600399
1675,2019-03-07,14.748603120144512,14.78355188272196,14.608805403415058,14.678704261779785,6945126
1676,2019-03-06,14.783554232154472,14.85345310162767,14.748605464022896,14.818504333496094,4126531
1677,2019-03-05,14.85345310162767,14.92335197110087,14.783554232154472,14.818504333496094,5151616
1678,2019-03-04,14.713654947493513,14.92335154999592,14.608807312847313,14.853452682495117,10598944
1679,2019-02-27,14.923352241516113,14.958301010280971,14.783554500036542,14.923352241516113,8245320
1680,2019-02-26,14.958299897031807,14.993249996405625,14.853452265330294,14.88840103149414,7698022
1681,2019-02-25,14.958298683166504,14.958298683166504,14.783552200107993,14.958298683166504,7179229
1682,2019-02-22,14.783553399792627,14.993249996405625,14.74860463362878,14.88840103149414,6950325
1683,2019-02-21,14.81850322219469,14.853451987705313,14.713654259242931,14.783553123474121,4748869
1684,2019-02-20,14.818504333496094,14.85345310162767,14.748605464022896,14.818504333496094,5758955
1685,2019-02-19,14.7486043579635,14.81850322219469,14.7486043579635,14.783553123474121,3262185
1686,2019-02-18,14.678706857424427,14.783554496906874,14.678706857424427,14.748605728149414,4385174
1687,2019-02-15,14.678704261779785,14.853450741086688,14.678704261779785,14.678704261779785,4903331
1688,2019-02-14,14.78355188272196,14.818501978509241,14.678704261779785,14.678704261779785,6796634
1689,2019-02-13,14.81850322219469,14.923350851936503,14.67870549373231,14.783553123474121,7755213
1690,2019-02-12,14.923352238356847,14.958301007114306,14.748605728149414,14.748605728149414,8580707
1691,2019-02-11,14.993249996405625,14.993249996405625,14.783553399792627,14.88840103149414,8896367
1692,2019-01-30,14.713655626181886,14.818504598874402,14.678706857424427,14.748605728149414,9432960
1693,2019-01-29,14.748603120144512,14.748603120144512,14.538906545050331,14.678704261779785,8593214
1694,2019-01-28,15.028198762569474,15.098097628107139,14.678705768091113,14.88840103149414,17850104
1695,2019-01-25,14.434060405314268,14.888401031494142,14.434060405314268,14.88840103149414,46263744
1696,2019-01-24,13.979721069335938,14.329214096069336,13.979721069335938,14.329214096069336,9054653
1697,2019-01-23,13.944772299946635,13.979721069335938,13.83992332535854,13.979721069335938,4946831
1698,2019-01-22,13.979721069335938,13.979721069335938,13.874873427957937,13.979721069335938,4542504
1699,2019-01-21,14.084568710713938,14.154467582702637,13.83992332535854,13.979721069335938,7447425
1700,2019-01-18,13.909821933358385,14.084568443408642,13.87487316463236,14.049619674682617,9069079
1701,2019-01-17,13.839921951293945,13.874872050423402,13.770024419454955,13.839921951293945,7150761
1702,2019-01-16,13.839921413181251,13.839921413181251,13.665174923958206,13.804972648620605,5846695
1703,2019-01-15,13.59527686355306,13.770023345947266,13.560326767148306,13.770023345947266,9652400
1704,2019-01-14,13.595278584410195,13.595278584410195,13.455480847515632,13.560328483581543,5144294
1705,2019-01-11,13.525380134582521,13.595279005193218,13.455481263971823,13.52538013458252,5024786
1706,2019-01-10,13.560328748045364,13.560328748045364,13.35063347182391,13.490429878234863,5211020
1707,2019-01-09,13.420532079897006,13.560328483581543,13.315683110621071,13.560328483581543,7022725
1708,2019-01-08,13.420532759846537,13.420532759846537,13.245786246479838,13.28073501586914,3662410
1709,2019-01-07,13.280733388013983,13.455479879961535,13.245784622908443,13.385581016540527,6629438
1710,2019-01-04,13.140935359456925,13.245784318786075,13.001138969034558,13.105986595153809,5146794
1711,2019-01-03,13.245784759521486,13.350632389129398,13.175885895379563,13.245784759521484,4185131
1712,2019-01-02,13.595277584761092,13.595277584761092,13.210834503173828,13.210834503173828,3406823
1713,2018-12-28,13.245785035747113,13.420531533141087,13.245785035747113,13.350632667541504,3048437
1714,2018-12-27,13.350632389129398,13.385581154595387,13.210834660845553,13.245784759521484,2988650
1715,2018-12-26,13.140935897827147,13.245784861451849,13.071038366357286,13.140935897827148,2471273
1716,2018-12-25,13.140935359456925,13.350631944905325,13.105986595153809,13.105986595153809,4417804
1717,2018-12-24,13.03608870656436,13.630227076542843,13.03608870656436,13.455480575561523,7780661
1718,2018-12-21,13.071037547434322,13.105986310979652,13.00113868713379,13.001138687133789,7606119
1719,2018-12-20,13.001138969034558,13.140935359456925,13.001138969034558,13.105986595153809,3446776
1720,2018-12-19,13.175885996772033,13.245784861451849,13.105987132092217,13.140935897827148,2852580
1721,2018-12-18,13.280733083089192,13.280733083089192,13.105986595153809,13.105986595153809,6493530
1722,2018-12-17,13.38558143373631,13.420531533141087,13.28073380194192,13.350632667541504,3402646
1723,2018-12-14,13.42052936553955,13.42052936553955,13.280731656919652,13.42052936553955,3302067
1724,2018-12-13,13.385581708526997,13.455480575561523,13.31568284149247,13.455480575561523,5932797
1725,2018-12-12,13.140936070742754,13.350632667541504,13.140936070742754,13.350632667541504,4697817
1726,2018-12-11,13.140935074524984,13.280732795126049,13.00113868713379,13.001138687133789,8241272
1727,2018-12-10,13.001137774940439,13.280731863315655,12.966187680637427,13.175884246826172,5182963
1728,2018-12-07,13.38558143373631,13.525379164935476,13.28073380194192,13.350632667541504,4446054
1729,2018-12-06,13.804974555969238,13.804974555969238,13.210836143880442,13.28073501586914,9843168
1730,2018-12-05,13.83992087233706,13.909819731936715,13.700124486347612,13.770023345947266,5595779
1731,2018-12-04,14.049618304689194,14.084567070007326,13.944770675524857,14.084567070007324,6724535
1732,2018-12-03,13.909821933358385,14.119518545344734,13.909821933358385,14.049619674682617,14916777
1733,2018-11-30,13.735073344334989,13.770023440980951,13.66517448425293,13.66517448425293,8183360
1734,2018-11-29,13.735073344334989,13.770023440980951,13.630225720816833,13.66517448425293,6632841
1735,2018-11-28,13.595276419526131,13.63022518157959,13.315680990259212,13.63022518157959,7334527
1736,2018-11-27,13.245784797746634,13.665175317388574,13.1409358346262,13.595277786254883,10489796
1737,2018-11-26,13.14093579670363,13.350632389129398,13.14093579670363,13.245784759521484,4723053
1738,2018-11-23,13.245784318786075,13.245784318786075,13.001138969034558,13.105986595153809,3924924
1739,2018-11-22,13.175885895379563,13.245784759521486,13.14093579670363,13.245784759521484,3919422
1740,2018-11-21,13.140935897827147,13.245784861451849,13.071038366357286,13.140935897827148,8643754
1741,2018-11-20,13.630226371909087,13.630226371909087,13.385581016540527,13.385581016540527,11106904
1742,2018-11-19,13.560326767148306,13.804972109142163,13.490427907548652,13.770023345947266,6758212
1743,2018-11-16,13.595279005193218,13.595279005193218,13.350633624660809,13.52538013458252,5954240
1744,2018-11-15,13.036089224281678,13.560328748045364,13.001140455981453,13.490429878234863,12975339
1745,2018-11-14,13.17588597820439,13.17588597820439,12.931240618774767,12.96618938446045,6828505
1746,2018-11-13,13.001139246460722,13.210834503173828,12.826392754796492,13.210834503173828,7282697
1747,2018-11-12,13.071038384293715,13.350632510186692,13.071038384293715,13.315682411193848,9613996
1748,2018-11-09,13.071038088007747,13.10598685299844,12.931240361625127,13.036087989807129,2430347
1749,2018-11-08,13.31568227046944,13.31568227046944,13.071038246154785,13.071038246154785,4866040
1750,2018-11-07,12.93123891954419,13.175884246826172,12.93123891954419,13.175884246826172,5718976
1751,2018-11-06,13.03608866910695,13.07103876912879,12.861342168627743,12.931241035461426,9315203
1752,2018-11-05,12.861341498433816,13.17588571618975,12.791442635242506,13.036087989807129,9209259
1753,2018-11-02,13.245784842785703,13.245784842785703,12.79144288961214,12.96618938446045,14723191
1754,2018-11-01,13.105988502502441,13.28073501586914,12.966190758525045,13.28073501586914,7086887
1755,2018-10-31,12.651646263132262,13.210834503173828,12.651646263132262,13.210834503173828,12290942
1756,2018-10-30,12.651645916445988,12.721544777838265,12.511848193661434,12.581747055053711,3796826
1757,2018-10-29,12.721545320896208,12.791442852062383,12.61669635772705,12.61669635772705,8406459
1758,2018-10-26,12.616696257088567,12.7564939847257,12.407000998842804,12.721545219421387,13307559
1759,2018-10-25,12.022559325165018,12.581747572898761,11.987609226425441,12.441949844360352,15540095
1760,2018-10-24,12.26720350525151,12.581747731831276,12.057508243004973,12.476900100708008,10167422
1761,2018-10-23,12.12740615118084,12.337101396880279,12.092456054757696,12.302152633666992,7426796
1762,2018-10-22,12.23225402832031,12.441949278378992,12.092456306141267,12.232254028320312,6553566
1763,2018-10-19,12.162355701359763,12.267203330993652,11.952660442091986,12.267203330993652,8239513
1764,2018-10-18,12.267203330993652,12.337102195152891,12.162355701359763,12.267203330993652,4236165
1765,2018-10-17,12.372052293837484,12.476899923471372,12.267203330993652,12.267203330993652,6565515
1766,2018-10-16,12.407000514439174,12.476899375528696,12.197305264380493,12.232254028320312,9835374
1767,2018-10-15,12.476899402930043,12.476899402930043,12.232254055184377,12.407000541687012,8233094
1768,2018-10-12,11.812863388296245,12.511849403381348,11.812863388296245,12.511849403381348,18057200
1769,2018-10-11,12.232255935668945,12.232255935668945,11.882762908935547,11.882762908935547,33130036
1770,2018-10-09,12.7564939847257,12.826392848544268,12.721545219421387,12.721545219421387,10414482
1771,2018-10-08,12.826393388857792,12.861342155634327,12.651646888555124,12.756494522094727,16424758
1772,2018-10-05,13.385580972553754,13.385580972553754,12.861341498433816,13.036087989807129,23781661
1773,2018-10-04,13.77002289621305,13.804971658266506,13.63022518157959,13.63022518157959,9359879
1774,2018-10-03,13.874871510951806,13.944770373283006,13.77002388405996,13.804972648620605,5751248
1775,2018-10-02,13.979717918036282,14.014666679547457,13.839920205572003,13.874870300292969,8030592
1776,2018-10-01,13.944771611188086,14.049619247387465,13.909821510314941,13.909821510314941,5664774
1777,2018-09-28,13.944771611188086,14.049619247387465,13.909821510314941,13.909821510314941,9137955
1778,2018-09-27,13.874870999559061,13.944769859313965,13.83992090307668,13.944769859313965,5760733
1779,2018-09-26,13.94476915652511,13.979717918036282,13.874870300292969,13.874870300292969,4143899
1780,2018-09-25,13.874870999559061,13.944769859313965,13.770023376531634,13.944769859313965,6747538
1781,2018-09-21,13.839920205572003,13.874870300292969,13.770022682549655,13.874870300292969,8928788
1782,2018-09-20,13.83992087233706,13.909819731936715,13.770023345947266,13.770023345947266,4091802
1783,2018-09-19,13.77002388405996,13.909820275512452,13.735073786289405,13.804972648620605,10575429
1784,2018-09-18,14.014667451453361,14.014667451453361,13.630225720816833,13.66517448425293,25854730
1785,2018-09-17,14.049619674682617,14.189416082796782,14.014669572746525,14.049619674682617,13853106
1786,2018-09-14,14.224366454691335,14.329214096069336,13.979721069335938,14.329214096069336,17344671
1787,2018-09-13,14.119517188691987,14.294263681951987,14.119517188691987,14.259313583374023,5029790
1788,2018-09-12,14.329210651351978,14.329210651351978,14.084565324808892,14.119515419006348,8433242
1789,2018-09-11,14.329214096069336,14.434061737447337,14.18941635209194,14.329214096069336,7094688
1790,2018-09-10,14.888398826413512,14.888398826413512,14.049616563821212,14.119515419006348,18049216
1791,2018-09-07,14.888401869759248,14.92335197110087,14.783554232154472,14.818504333496094,7873903
1792,2018-09-06,14.923352241516113,14.958301010280971,14.853453370776329,14.923352241516113,5370933
1793,2018-09-05,15.098097524168194,15.098097524168194,14.958299794055263,14.993249893188477,5944436
1794,2018-09-04,15.09809684753418,15.167995709458067,15.063146749967284,15.09809684753418,2816578
1795,2018-09-03,15.20294447381506,15.237893238172054,15.02819798561029,15.09809684753418,4983209
1796,2018-08-31,15.098095233135755,15.202942848205566,15.028196378685962,15.202942848205566,11705798
1797,2018-08-30,15.237892980412482,15.272843077388172,15.09809659213936,15.16799545288086,5184182
1798,2018-08-29,15.028197731397858,15.16799545288086,15.028197731397858,15.16799545288086,6343682
1799,2018-08-28,14.958299794055263,15.06314742503498,14.92335102813201,14.993249893188477,7692820
1800,2018-08-27,14.923352241516113,14.958301010280971,14.853453370776329,14.923352241516113,8268309
1801,2018-08-24,14.958299897031807,14.958299897031807,14.818503499166447,14.88840103149414,8830312
1802,2018-08-23,14.92335102813201,15.028198659111728,14.92335102813201,14.993249893188477,4407872
1803,2018-08-22,14.958301010280971,14.993251112255898,14.888402139541185,14.923352241516113,4639212
1804,2018-08-21,14.888399823301127,14.958298683166504,14.85345105997337,14.958298683166504,4558679
1805,2018-08-20,14.818504333496094,15.028199608705643,14.818504333496094,14.818504333496094,7210450
1806,2018-08-17,15.028199608705643,15.133047246310417,14.818504333496094,14.818504333496094,8795879
1807,2018-08-16,15.028199881020756,15.063148649785614,14.888402139541185,14.923352241516113,7901131
1808,2018-08-15,15.167996509884581,15.202945276085847,15.063147544860838,15.06314754486084,6090651
1809,2018-08-14,15.202945972697163,15.272844841512489,15.09809833607919,15.133047103881836,9619132
1810,2018-08-13,15.587386240261734,15.587386240261734,15.237893263276405,15.272843360900879,14106166
1811,2018-08-10,15.62233692458055,15.657285690307615,15.587386825643529,15.657285690307617,4849994
1812,2018-08-09,15.657286107967924,15.692236207837244,15.587387241439275,15.622337341308594,4676632
1813,2018-08-08,15.727184554971704,15.727184554971704,15.62233692458055,15.657285690307617,6184837
1814,2018-08-07,15.692235789244636,15.727184554971704,15.587386825643529,15.657285690307617,6415664
1815,2018-08-06,15.657286798917935,15.69223690032959,15.587387929304677,15.69223690032959,5986689
1816,2018-08-03,15.587388038635254,15.62233814029205,15.482540400084984,15.587388038635254,6936594
1817,2018-08-02,15.692235225193222,15.72718398966407,15.447589874267578,15.447589874267578,11736420
1818,2018-08-01,15.377691975063316,15.622337341308594,15.377691975063316,15.622337341308594,28500782
1819,2018-07-31,15.077063389636404,15.30257505126643,15.077063389636404,15.238142967224121,35117692
1820,2018-07-30,15.077064514160156,15.141496603008136,15.044849102254267,15.077064514160156,16002011
1821,2018-07-27,15.109279570339712,15.109279570339712,14.948198732980698,15.04484748840332,15906503
1822,2018-07-26,14.883768430084821,14.915985107421875,14.75490551584526,14.915985107421875,15120950
1823,2018-07-25,14.948200464840724,14.980417142059494,14.851552963256838,14.851552963256836,7164125
1824,2018-07-24,14.75490522575295,14.948200225830078,14.75490522575295,14.948200225830078,9659293
1825,2018-07-23,14.915983366106897,14.915983366106897,14.722687119758932,14.754903793334961,16515897
1826,2018-07-20,15.173710324208445,15.302574487545929,14.980415344238281,14.980415344238281,13081655
1827,2018-07-19,15.270360235718853,15.302576914180072,15.173712730407715,15.173712730407715,7971727
1828,2018-07-18,15.367007802081737,15.399223212982662,15.173711541567707,15.27035903930664,21884373
1829,2018-07-17,14.787118501626368,15.431438027238233,14.722686422561582,15.334789276123047,47085091
1830,2018-07-16,14.529394857286542,14.658259045632464,14.464962763113581,14.626042366027832,11854940
1831,2018-07-13,14.110585151975426,14.432744318404307,14.078369741346998,14.400528907775879,10733442
1832,2018-07-12,13.981720982236354,14.142801830519744,13.949505571601366,14.04615306854248,8970077
1833,2018-07-11,14.046153068542479,14.078369744213619,13.949505571601366,14.04615306854248,9029658
1834,2018-07-10,14.110586219379861,14.239450401713889,14.078370806314478,14.175018310546875,7912582
1835,2018-07-09,14.175017241154732,14.175017241154732,13.981720982236354,14.04615306854248,10930046
1836,2018-07-06,14.013935688171717,14.110583171528495,13.723991973065411,13.981719017028809,17822784
1837,2018-07-05,14.175015248778339,14.175015248778339,13.949503610921875,13.981719017028809,23613255
1838,2018-07-04,14.271664969010235,14.336097056358867,14.239449557854005,14.303881645202637,12584273
1839,2018-07-03,14.432744260142126,14.52939302170956,14.336096763610838,14.33609676361084,11022729
1840,2018-07-02,14.658256956161713,14.722687776114036,14.432744026184082,14.432744026184082,9522179
1841,2018-06-29,14.497175629805092,14.626039795503154,14.400528138049587,14.59382438659668,9471410
1842,2018-06-28,14.432744026184082,14.46496070119637,14.303881121243313,14.432744026184082,13020844
1843,2018-06-27,14.49717611117253,14.593824871173267,14.432744026184082,14.432744026184082,8907228
1844,2018-06-26,14.626040281149427,14.626040281149427,14.400528616207922,14.432744026184082,15598965
1845,2018-06-25,14.658259045632464,14.72268987476912,14.626042366027832,14.626042366027832,6307471
1846,2018-06-22,14.722690222442845,14.722690222442845,14.626042711419242,14.658259391784668,8768809
1847,2018-06-21,14.819337135726387,14.851553814792346,14.690474214571399,14.722689628601074,7881210
1848,2018-06-20,14.754906064178217,14.85155356970863,14.62604188011349,14.819336891174316,13426077
1849,2018-06-19,14.851553814792346,14.883769228822024,14.690474214571399,14.722689628601074,22343674
1850,2018-06-15,15.141496490943398,15.173711902610856,14.948200225830078,14.948200225830078,21344139
1851,2018-06-14,15.012632425312177,15.109281191102246,14.980417013406287,15.077064514160156,9165761
1852,2018-06-13,15.077062896853482,15.334789959562986,15.01263081491709,15.04484748840332,14886958
1853,2018-06-12,15.141494623495479,15.141494623495479,15.012630462646486,15.012630462646484,10822557
1854,2018-06-11,15.205929408868935,15.205929408868935,15.109281903557799,15.173712730407715,10659188
1855,2018-06-08,15.205928691856114,15.205928691856114,15.077064514160156,15.077064514160156,7841858
1856,2018-06-07,15.141497908274314,15.205930002676634,15.04485039918899,15.109282493591309,11090320
1857,2018-06-06,15.012633719469674,15.141497908274314,15.012633719469674,15.109282493591309,11648772
1858,2018-06-05,15.17371003118971,15.17371003118971,15.012630462646486,15.012630462646484,14100936
1859,2018-06-04,14.948201041324221,15.270360235718853,14.883768949438043,15.173712730407715,23101384
1860,2018-06-01,14.690473372271622,14.915985052658165,14.658257960089065,14.851552963256836,16465100
1861,2018-05-31,14.819334716474556,14.948198881628795,14.529392242431639,14.52939224243164,31249454
1862,2018-05-30,14.851551221261495,14.883766629665384,14.690471649169922,14.690471649169922,23485585
1863,2018-05-29,15.044849286697653,15.044849286697653,14.883768430084821,14.915985107421875,12771594
1864,2018-05-28,15.01263081491709,15.109279570339712,15.01263081491709,15.04484748840332,9043583
1865,2018-05-25,15.012630462646486,15.077062543070982,14.980415054952255,15.012630462646484,10559400
1866,2018-05-24,14.948200225830078,15.012632314201184,14.88376813745897,14.948200225830078,11756391
1867,2018-05-23,15.077064402572292,15.141496490943398,14.91598481416262,14.948200225830078,17339091
1868,2018-05-22,15.077066468474055,15.238146078955303,15.077066468474055,15.141498565673828,18550997
1869,2018-05-21,14.883768247616217,15.238144103762004,14.883768247616217,15.077064514160156,24730870
1870,2018-05-18,14.883768983206679,14.980417753773356,14.819336891174316,14.819336891174316,13875679
1871,2018-05-17,14.948198254189036,15.077062413934293,14.883766174316406,14.883766174316406,12957880
1872,2018-05-16,14.915982846770733,15.012630334061663,14.851550766898104,14.883766174316406,24180984
1873,2018-05-15,15.302576380212994,15.367008469850882,14.915985107421875,14.915985107421875,29486092
1874,2018-05-14,15.044847980133303,15.334790460769531,14.980415896090996,15.238142967224121,17337225
1875,2018-05-11,15.0126326093606,15.109281376335542,14.883768430084821,14.915985107421875,19207959
1876,2018-05-10,15.270360832042643,15.270360832042643,14.948201625067354,15.109282493591309,23974082
1877,2018-05-09,15.334791126144651,15.495871975757758,15.27035903930664,15.27035903930664,10231112
1878,2018-05-08,15.52808683440235,15.52808683440235,15.302575171007716,15.3670072555542,13420581
1879,2018-05-07,15.141496409010825,15.656951848154293,15.077064320988368,15.592519760131836,26733941
1880,2018-05-04,15.334791604515873,15.367008281457963,15.077064514160156,15.077064514160156,17499531
1881,2018-05-03,15.399221355187834,15.431438027238233,15.238141790043871,15.334789276123047,19005931
1882,2018-05-02,15.334791240318982,15.431440003813671,15.270359153001246,15.399223327636719,10188211
1883,2018-04-30,15.238143628405718,15.334791126144651,15.173711541567707,15.27035903930664,11736336
1884,2018-04-27,15.270358376727222,15.30257505126643,15.012631305594097,15.238142967224121,15842022
1885,2018-04-26,15.270359626770793,15.367008393264053,15.141496713173465,15.205928802490234,18994963
1886,2018-04-25,15.2059306628736,15.399225689436554,15.109283149592123,15.141498565673828,24338077
1887,2018-04-24,15.592519473496694,15.624734884397618,15.27035903930664,15.27035903930664,12242526
1888,2018-04-23,15.43144201227785,15.560306203685514,15.399225331907767,15.52808952331543,6588112
1889,2018-04-20,15.592519589589926,15.592519589589926,15.367007916495936,15.399223327636719,13191660
1890,2018-04-19,15.399224147119568,15.624735832214355,15.367008734264417,15.624735832214355,9728715
1891,2018-04-18,15.721381823005684,15.721381823005684,15.367007255554201,15.3670072555542,16183369
1892,2018-04-17,15.367008734264417,15.656952510105748,15.14149704916963,15.624735832214355,15779293
1893,2018-04-16,15.334791126144651,15.495871975757758,15.238143628405718,15.27035903930664,8974212
1894,2018-04-13,15.560302185367807,15.592517592382196,15.334789276123047,15.334789276123047,16414942
1895,2018-04-12,15.656953714723095,15.689169130056841,15.463657427611597,15.52808952331543,22736292
1896,2018-04-11,15.528086894394297,15.624734389069356,15.367007314923823,15.431439399719238,12970732
1897,2018-04-10,15.367007802081737,15.560304062595769,15.27035903930664,15.27035903930664,20197505
1898,2018-04-09,15.785814468974563,15.785814468974563,15.27035903930664,15.27035903930664,22470078
1899,2018-04-03,15.68916714572477,15.68916714572477,15.431440060542545,15.463655471801758,32715755
1900,2018-04-02,16.107974101178037,16.140189510475015,15.656950780803752,15.81803035736084,16615758
1901,2018-03-30,16.1724055350343,16.269054296674334,16.10797471398914,16.14019012451172,10692390
1902,2018-03-29,16.301269648298376,16.3334863237407,16.07575798034668,16.07575798034668,17819921
1903,2018-03-28,16.365699701748277,16.494563857442103,16.236835546054454,16.301267623901367,11816193
1904,2018-03-27,16.558996200561523,16.6878603681644,16.333485804810646,16.558996200561523,26419659
1905,2018-03-26,15.882461015450414,16.333484295342814,15.818028937603502,16.301267623901367,21898606
1906,2018-03-23,16.011329650878906,16.301273472702153,15.97911423291474,16.011329650878906,37372876
1907,2018-03-22,16.945590957401322,16.977806371069146,16.526782989501953,16.526782989501953,22984237
1908,2018-03-21,16.816726684570312,17.01002169563732,16.75229459253589,16.816726684570312,26148317
1909,2018-03-20,16.36570330536561,16.848943363105658,16.10797620226418,16.816726684570312,51438772
1910,2018-03-19,16.52678353246166,16.720079815927857,16.365703928757988,16.397920608520508,33962869
1911,2018-03-16,17.299967142605368,17.299967142605368,16.49456787109375,16.49456787109375,80039468
1912,2018-03-15,16.365701061406345,17.20331561293303,16.365701061406345,17.074451446533203,106826669
1913,2018-03-14,17.718772912001825,18.234228367794312,17.299966223882834,17.364397048950195,111575569
1914,2018-03-13,17.589908947645103,17.847637311222115,17.428829352927593,17.62212562561035,39858717
1915,2018-03-12,17.97650022797438,17.97650022797438,17.396613939998588,17.62212562561035,83220669
1916,2018-03-09,16.172407303384038,16.558998597107024,16.075759796212363,16.365703582763672,44014987
1917,2018-03-08,15.914678866554357,16.011326365653026,15.818031367455688,15.882463455200195,12798093
1918,2018-03-07,15.850246778809852,16.075758453397533,15.850246778809852,15.882463455200195,11499524
1919,2018-03-06,16.140192178420865,16.172407593042998,15.91468048095703,15.914680480957031,18179636
1920,2018-03-05,15.8502500309852,16.075761751843675,15.818034613021034,16.011329650878906,13793481
1921,2018-03-02,15.785816292395893,15.979112575237599,15.689168783493194,15.914680480957031,13987026
1922,2018-03-01,15.624734928818816,16.107974948959665,15.592519517826302,16.043542861938477,23166068
1923,2018-02-27,15.78581428527832,16.07575804015727,15.689166788664052,15.78581428527832,28543158
1924,2018-02-26,15.979111080528169,16.107975257035164,15.656951904296875,15.656951904296875,13324968
1925,2018-02-23,15.81802816359132,16.20461934672002,15.656948609374021,15.85024356842041,24647585
1926,2018-02-22,15.656951378138013,15.979110543543003,15.495871795435516,15.78581428527832,30979652
1927,2018-02-21,15.173712229392805,15.850247274305037,15.077064727272834,15.721383094787598,33201990
1928,2018-02-12,14.81933461041488,14.883766692530868,14.690471711218972,14.754903793334961,11214041
1929,2018-02-09,14.464962763113581,14.787121968942081,14.30388316019933,14.626042366027832,16828645
1930,2018-02-08,14.980417753773356,15.109281937838082,14.819336891174316,14.819336891174316,11141645
1931,2018-02-07,14.819336340446933,14.948200519722711,14.626041336569482,14.915985107421875,17556792
1932,2018-02-06,14.980416419376787,14.980416419376787,14.207233913933011,14.400528907775879,34998496
1933,2018-02-05,15.334789276123047,15.431438027238233,15.173709710979084,15.334789276123047,11569747
1934,2018-02-02,15.528087672109379,15.721382671140564,15.528087672109379,15.592519760131836,11077112
1935,2018-02-01,15.689167259647428,15.753599347669885,15.5603043486387,15.592519760131836,11419328
1936,2018-01-31,15.721382199190092,15.78581428527832,15.528087205961556,15.78581428527832,13089502
1937,2018-01-30,15.624734992304143,15.9146787525595,15.560304170057325,15.753599166870117,13842417
1938,2018-01-29,15.818031492412523,15.818031492412523,15.528087727789883,15.656951904296875,11204940
1939,2018-01-26,15.656952270065096,15.785815184546317,15.656952270065096,15.721383094787598,13979433
1940,2018-01-25,16.172402676855008,16.172402676855008,15.85024356842041,15.85024356842041,18388511
1941,2018-01-24,16.333486087731735,16.365701497672422,16.075757748061733,16.172405242919922,33099365
1942,2018-01-23,15.914678687896092,16.107974948959665,15.753599102861198,16.043542861938477,45415611
1943,2018-01-22,15.431440227927732,15.753599404159026,15.399223551282889,15.656951904296875,26583899
1944,2018-01-19,15.399221355187834,15.431438027238233,15.27035719705826,15.334789276123047,9953566
1945,2018-01-18,15.495869432834004,15.528084838448272,15.302573204040527,15.302573204040527,19264996
1946,2018-01-17,15.367007916495936,15.463655414954454,15.270359153001246,15.399223327636719,15569719
1947,2018-01-16,15.463654749855866,15.463654749855866,15.302575171007716,15.3670072555542,7519246
1948,2018-01-15,15.495871484514652,15.528086894394297,15.30257523012841,15.431439399719238,8098456
1949,2018-01-12,15.334791240318982,15.52808750227219,15.3025758291782,15.399223327636719,25257653
1950,2018-01-11,15.109282493591309,15.141497908274314,15.012633719469674,15.109282493591309,8216466
1951,2018-01-10,15.17371003118971,15.205926703919976,14.948198382221989,15.012630462646484,9189594
1952,2018-01-09,15.205929408868935,15.270360235718853,15.141497316982758,15.173712730407715,6770605
1953,2018-01-08,15.270360235718853,15.302576914180072,15.141497316982758,15.173712730407715,8477597
1954,2018-01-05,15.077063389636404,15.334790460769531,15.077063389636404,15.238142967224121,9804844
1955,2018-01-04,15.205930002676634,15.270360832042643,15.04485039918899,15.109282493591309,13446298
1956,2018-01-03,15.334791716087562,15.463655894721102,15.173712125313743,15.205928802490234,16753567
1957,2018-01-02,15.656949671446984,15.656949671446984,15.27035719705826,15.334789276123047,17272730
1958,2017-12-29,15.367007314923823,15.495871484514652,15.30257523012841,15.431439399719238,15288682
1959,2017-12-28,15.270358376727222,15.334790460769531,15.173710883181814,15.238142967224121,9145049
1960,2017-12-27,15.077066468474055,15.33479359223678,15.044851052392351,15.141498565673828,13446410
1961,2017-12-26,15.302574487545929,15.560302814220893,14.980415344238281,14.980415344238281,35183805
1962,2017-12-25,15.012629493368289,15.302573204040527,15.012629493368289,15.302573204040527,18254592
1963,2017-12-22,14.915982846770733,15.10927908638862,14.883766174316406,14.883766174316406,13117956
1964,2017-12-21,14.819333363899036,14.883765440595374,14.75490255223866,14.787117958068848,6857513
1965,2017-12-20,14.819336891174316,14.915985661740992,14.819336891174316,14.819336891174316,10598472
1966,2017-12-19,14.754905461672951,14.948200464840724,14.722688784454181,14.851552963256836,18734373
1967,2017-12-18,14.400531009006611,14.690474807113755,14.400531009006611,14.658259391784668,12461122
1968,2017-12-15,14.690472663576333,14.75490474986934,14.368313497147453,14.400528907775879,17523040
1969,2017-12-14,15.044847466793023,15.044847466793023,14.690471649169922,14.690471649169922,13677244
1970,2017-12-13,14.722688784454181,14.883768375439395,14.626041282870295,14.851552963256836,10034527
1971,2017-12-12,15.044847466793023,15.109279548636867,14.626039567326078,14.690471649169922,17452411
1972,2017-12-11,14.497175084286548,15.109279215801248,14.464959676592317,15.012630462646484,29647630
1973,2017-12-08,13.981720216258232,14.368312712915806,13.949504807388141,14.239448547363281,19082296
1974,2017-12-07,14.239450593410947,14.271666006910026,13.98172222527325,14.013938903808594,25134527
1975,2017-12-06,14.529394534985862,14.690474134326937,14.20723533630371,14.207235336303711,33556682
1976,2017-12-05,14.271663912123165,14.529392242431639,14.239448503352644,14.52939224243164,24966694
1977,2017-12-04,14.561609509295305,14.561609509295305,14.207234907456296,14.464962005615234,23568981
1978,2017-12-01,14.948200541543937,14.98041721892802,14.529393855840613,14.561609268188477,29968580
1979,2017-11-30,14.883766174316406,15.012630334061663,14.883766174316406,14.883766174316406,34304166
1980,2017-11-29,15.463655299820672,15.528087386658683,15.205928217504793,15.27035903930664,28251307
1981,2017-11-28,15.367009006066251,15.399224419491208,15.141497316982758,15.173712730407715,26480901
1982,2017-11-27,15.75359917536618,15.785814586506962,15.367007916495936,15.399223327636719,26031371
1983,2017-11-24,15.721383094787598,15.785815184546317,15.656952270065096,15.721383094787598,9521947
1984,2017-11-23,15.656952563414555,15.81803215831124,15.624735885413472,15.689167976379395,15498762
1985,2017-11-22,15.785814644538585,15.785814644538585,15.399223384247158,15.463655471801758,40289486
1986,2017-11-21,15.624735171624971,15.721382671140564,15.463655584086922,15.592519760131836,21269091
1987,2017-11-20,15.818032104453989,15.850247517309143,15.52808832861266,15.624735832214355,19858447
1988,2017-11-17,15.78581428527832,15.914678457454775,15.721382199190092,15.78581428527832,9811402
1989,2017-11-16,15.78581481576768,15.850246904021176,15.592519816043378,15.656951904296875,24233652
1990,2017-11-15,16.3657038758847,16.43013597016527,15.91468048095703,15.914680480957031,29197807
1991,2017-11-14,16.977804112752818,17.010019522135487,16.558996200561523,16.558996200561523,16548704
1992,2017-11-13,17.235532816337205,17.235532816337205,16.752292810016083,16.945589065551758,21129076
1993,2017-11-10,17.26775011709946,17.26775011709946,16.75229464426856,16.88115882873535,12429306
1994,2017-11-09,17.074449960201807,17.203314115384003,16.94558707005559,17.171098709106445,18122711
1995,2017-11-08,17.36439762293142,17.525477220996777,16.88115882873535,16.88115882873535,34265568
1996,2017-11-07,16.977805904065967,17.203317588646485,16.784510897303374,17.138885498046875,17076639
1997,2017-11-06,17.299966547859647,17.299966547859647,16.84894317372442,16.977806091308594,14918710
1998,2017-11-03,17.074453595755784,17.267749869686416,16.913373999998385,16.977806091308594,41513866
1999,2017-11-02,16.107974144023665,16.623428284362962,16.107974144023665,16.558996200561523,18161189
2000,2017-11-01,16.23683756244987,16.36570173414688,16.07575798034668,16.07575798034668,10141326
2001,2017-10-31,16.140188282599784,16.430132004359326,16.140188282599784,16.204620361328125,11413218
2002,2017-10-30,16.52677971873313,16.558995126025295,16.107973098754883,16.107973098754883,9436626
2003,2017-10-27,16.59121170160063,16.655643780845242,16.30126797751789,16.333484649658203,8967039
2004,2017-10-26,16.55899869958274,16.55899869958274,16.39792036332397,16.49456787109375,5362311
2005,2017-10-25,16.816726719749436,16.945590904087855,16.43013543177044,16.462350845336914,18205937
2006,2017-10-24,16.94558688915603,17.042234371992944,16.591211098706054,16.68785858154297,44255225
2007,2017-10-23,16.043540925575464,16.365700056762503,16.011324253435152,16.333484649658203,10941955
2008,2017-10-20,15.850248386676462,16.01132798985973,15.785816292395893,15.914680480957031,11304581
2009,2017-10-19,15.785811493726305,16.04353979250272,15.721379419032202,15.85024356842041,12585733
2010,2017-10-18,16.430134119029457,16.558997028035673,16.011326185909798,16.043542861938477,17800681
2011,2017-10-17,17.1388862234498,17.1388862234498,16.43013572692871,16.43013572692871,22993343
2012,2017-10-16,16.3979197995892,16.977806091308594,16.30127103010576,16.977806091308594,30417772
2013,2017-10-13,16.075757806721498,16.23683738708496,16.011325721568888,16.23683738708496,12000769
2014,2017-10-12,15.882466713985805,16.011329650878906,15.753602512056265,16.011329650878906,20877292
2015,2017-10-11,16.011326492136824,16.043543168781667,15.624735227652032,15.656951904296875,19656472
2016,2017-10-06,16.26905266528775,16.301268072579912,16.011324346806347,16.107973098754883,7165017
2017,2017-10-05,16.107972875753614,16.236835768174295,16.04354079702527,16.204620361328125,11456432
2018,2017-10-03,16.269057388750543,16.269057388750543,15.914681480469199,15.979113578796387,11544976
2019,2017-10-02,15.785814226546478,16.107974655789004,15.721382140697973,16.07575798034668,9457399
2020,2017-09-29,15.6891679229609,15.753600013707445,15.56030500650405,15.624735832214355,10024521
2021,2017-09-28,15.78581475916302,15.818031435692342,15.5603043486387,15.592519760131836,8451536
2022,2017-09-27,15.75359887475228,15.850246371366547,15.528087205961556,15.78581428527832,12619029
2023,2017-09-26,15.463654868845076,15.818030704059517,15.463654868845076,15.495871543884277,14295085
2024,2017-09-25,15.753599233279372,15.753599233279372,15.334791296692558,15.463655471801758,19746956
2025,2017-09-22,16.07575804015727,16.107974715719457,15.721382199190092,15.78581428527832,19647398
2026,2017-09-21,16.36570173414688,16.36570173414688,16.0435425699405,16.07575798034668,24996342
2027,2017-09-20,16.01132746518871,16.49456752393965,16.01132746518871,16.462350845336914,27633602
2028,2017-09-19,16.55899826279314,16.591214941224123,15.882464461213843,15.94689655303955,42480578
2029,2017-09-18,16.52678290293354,16.848943363105658,16.52678290293354,16.816726684570312,11773096
2030,2017-09-15,16.6556471742458,16.687862587913628,16.49456757583413,16.526782989501953,21271300
2031,2017-09-14,16.655647035172525,16.913374137471948,16.462350759670763,16.752294540405273,22200622
2032,2017-09-13,17.267746008636387,17.267746008636387,16.623426504639703,16.68785858154297,29084998
2033,2017-09-12,17.39661396837566,17.461044794338772,17.267749786376953,17.267749786376953,6845192
2034,2017-09-11,17.332181930541992,17.364397343622368,17.171102335067626,17.332181930541992,6606808
2035,2017-09-08,17.171100556814395,17.332180135607228,17.10666847229004,17.10666847229004,19155824
2036,2017-09-07,17.461041160712416,17.58990531589461,17.138882037792904,17.171098709106445,16858531
2037,2017-09-06,17.58990686137913,17.58990686137913,17.396611876658532,17.4288272857666,12065840
2038,2017-09-05,17.718773182801428,17.976500282118455,17.55769232256251,17.68655776977539,17634769
2039,2017-09-04,18.040935957287584,18.040935957287584,17.71877670288086,17.71877670288086,14029634
2040,2017-09-01,18.685251437621005,18.878546439834913,18.169795989990234,18.169795989990234,29467951
2041,2017-08-31,17.783204258524048,18.781898450780034,17.75098758230124,18.36309051513672,58424442
2042,2017-08-30,17.33217818274514,17.461041072238416,17.299962776630814,17.396610260009766,11226884
2043,2017-08-29,17.332179902176442,17.364395311486685,17.074451567550117,17.20331573486328,11447764
2044,2017-08-28,17.396614318057367,17.589909329904522,17.235534719839315,17.29996681213379,15446060
2045,2017-08-25,17.39661396837566,17.461044794338772,17.2033176953776,17.267749786376953,8880265
2046,2017-08-24,17.138885656951004,17.396614021738987,17.138885656951004,17.332181930541992,7138286
2047,2017-08-23,17.461042804453506,17.493259478799846,17.138883651206697,17.20331573486328,7472395
2048,2017-08-22,17.23553442626462,17.396614021738987,17.23553442626462,17.332181930541992,5592377
2049,2017-08-21,16.97780629956649,17.23553466796875,16.84894338040162,17.23553466796875,4792970
2050,2017-08-18,17.267749869686416,17.267749869686416,16.945590678171612,16.977806091308594,15508503
2051,2017-08-17,17.33217818274514,17.557688555617368,17.267746105480516,17.396610260009766,9041994
2052,2017-08-16,17.332181877376307,17.364397290357864,17.13888560437825,17.267749786376953,8612747
2053,2017-08-15,17.364393588859464,17.622121897917964,17.171098622101564,17.396610260009766,12369951
2054,2017-08-14,17.976500145769336,18.008715558551025,17.138885498046875,17.138885498046875,15731876
2055,2017-08-11,17.912067651962563,18.07314724231751,17.78320473870033,17.815420150756836,15319099
2056,2017-08-10,18.620819105376274,18.685251193618257,18.202011164321494,18.266443252563477,10392529
2057,2017-08-09,18.33087749744744,18.588605880737305,18.33087749744744,18.588605880737305,8297759
2058,2017-08-08,18.68524894658444,18.717464354313208,18.298656463623047,18.298656463623047,16587284
2059,2017-08-07,18.910759717397372,19.00740847263177,18.68524932861328,18.68524932861328,7952920
2060,2017-08-04,18.52416991640857,18.910761171973764,18.4919545055432,18.8785457611084,11806885
2061,2017-08-03,18.363090627856884,18.556386891271753,18.23422771728315,18.491954803466797,8889647
2062,2017-08-02,18.42752104200338,18.52416853241483,18.363088960050394,18.395305633544922,19702160
2063,2017-08-01,18.311735179959513,18.341803590862124,18.191461536349077,18.251598358154297,21304017
2064,2017-07-31,18.401937501990503,18.401937501990503,18.13132063099994,18.341800689697266,10994869
2065,2017-07-28,18.462074314283743,18.492142720430362,18.251595471257403,18.341800689697266,5823868
2066,2017-07-27,18.19146050436212,18.46207618713379,18.19146050436212,18.46207618713379,8626107
2067,2017-07-26,18.462077261631933,18.462077261631933,18.16139193649233,18.19146156311035,7921308
2068,2017-07-25,18.25159827865629,18.432008743286133,18.221528652213475,18.432008743286133,8280597
2069,2017-07-24,18.191461536349077,18.28166555338573,18.131323498872682,18.251598358154297,5221874
2070,2017-07-21,18.221528758386015,18.2816655802797,18.101255114598644,18.19146156311035,7471932
2071,2017-07-20,18.341800043410565,18.341800043410565,18.131319992129658,18.161388397216797,8438514
2072,2017-07-19,18.341803590862124,18.43200882356995,18.22152873158051,18.251598358154297,7560960
2073,2017-07-18,18.371871974915575,18.401940385774243,18.161391883233737,18.311735153198242,6718380
2074,2017-07-17,18.401937501990503,18.462074314283743,18.28166266173304,18.341800689697266,7834400
2075,2017-07-14,18.522215523836465,18.582352346459494,18.1914617837386,18.281665802001953,9495183
2076,2017-07-13,18.762762171780732,18.85296861829727,18.522214889526367,18.522214889526367,14986259
2077,2017-07-12,18.64248753709726,18.702624354455843,18.522213902380095,18.61241912841797,11095555
2078,2017-07-11,18.341803212164443,18.522214889526367,18.2816651759297,18.522214889526367,10046305
2079,2017-07-10,18.401939764987727,18.401939764987727,18.101254450873462,18.131322860717773,7810024
2080,2017-07-07,18.341803840296176,18.582352346459494,18.281665802001953,18.281665802001953,15808701
2081,2017-07-06,18.25159860636163,18.341803840296176,18.1914617837386,18.281665802001953,7427419
2082,2017-07-05,18.28166555338573,18.341803590862124,17.98098144435964,18.251598358154297,11489818
2083,2017-07-04,18.70262573736461,18.732694148267218,18.251598358154297,18.251598358154297,12093932
2084,2017-07-03,18.61242004418207,18.702625274658203,18.462076777717368,18.702625274658203,5863082
2085,2017-06-30,18.40193905199184,18.61241912841797,18.221527384245,18.61241912841797,10534895
2086,2017-06-29,18.76276149477342,18.91310475642879,18.371870959543234,18.46207618713379,17917800
2087,2017-06-28,19.06344741223388,19.06344741223388,18.61242004418207,18.702625274658203,18678772
2088,2017-06-27,19.093515099625797,19.1837215423584,18.883035020811196,19.1837215423584,12503034
2089,2017-06-26,19.123585662069846,19.303996125039532,19.063447625408788,19.213790893554688,19728022
2090,2017-06-23,18.762760749230054,19.183720892601237,18.732692341227978,19.063446044921875,27136363
2091,2017-06-22,18.732693735772823,18.762762146013323,18.432008417696654,18.582351684570312,9439011
2092,2017-06-21,18.522216733859565,18.64249038696289,18.46207869163663,18.64249038696289,11942374
2093,2017-06-20,18.792832076957946,19.003310952057813,18.371871895415868,18.492145538330078,19500154
2094,2017-06-19,18.732693385869588,19.21379037207363,18.55228171212529,18.792831420898438,26934992
2095,2017-06-16,18.672558800238722,18.79283366901332,18.582353560411228,18.64249038696289,23000834
2096,2017-06-15,18.341805038533305,18.64249038696289,18.041119690103724,18.64249038696289,31612104
2097,2017-06-14,18.401940775441876,18.46207759843263,17.650228056715086,18.041118621826172,20969104
2098,2017-06-13,18.3418029452991,18.522214620036113,18.101254450873462,18.131322860717773,15277717
2099,2017-06-12,17.74043294146759,18.43200882356995,17.560021260380758,18.251598358154297,29664102
2100,2017-06-09,17.499885108180106,18.10125578058511,17.46981669612698,17.890775680541992,41771813
2101,2017-06-08,17.289404912172373,17.289404912172373,17.139062852741205,17.199199676513672,5346936
2102,2017-06-07,17.31947264133471,17.31947264133471,17.04885574834983,17.139060974121094,7963702
2103,2017-06-06,17.319474510901202,17.34954170706617,17.19919964788525,17.259336471557617,6912332
2104,2017-06-05,17.379611334573568,17.379611334573568,17.19919964788525,17.259336471557617,9479286
2105,2017-06-02,17.379610085953463,17.409678495629414,17.259335231578532,17.319473266601562,16671418
2106,2017-06-01,16.838377574855443,17.22926814636273,16.838377574855443,17.07892608642578,17076280
2107,2017-05-31,16.748168693418904,16.838375131965257,16.62789506291849,16.718101501464844,7498428
2108,2017-05-26,16.71810368484041,16.74817088072123,16.59782882296112,16.688034057617188,5220814
2109,2017-05-25,16.62789506291849,16.718101501464844,16.477553024792975,16.718101501464844,6130164
2110,2017-05-24,16.206936425401974,16.65796497904936,16.206936425401974,16.62789535522461,10759583
2111,2017-05-23,16.206939036540465,16.297144275534695,16.11673379754623,16.146800994873047,13806647
2112,2017-05-22,16.41741371154785,16.47755173777187,16.026523227281963,16.41741371154785,9773923
2113,2017-05-19,16.447483332495338,16.56775695360147,16.38734652194227,16.41741371154785,5203856
2114,2017-05-18,16.23700327988865,16.537688548324937,16.176866469335582,16.41741371154785,7682842
2115,2017-05-17,16.898515200315085,16.898515200315085,16.4474877834411,16.53769302368164,8353726
2116,2017-05-16,16.77823829650879,16.838375111686574,16.68803185807107,16.77823829650879,12362074
2117,2017-05-15,16.718101501464844,16.748168693418904,16.477553024792975,16.718101501464844,8360085
2118,2017-05-12,16.65796686173637,16.688034057617188,16.59782882296112,16.688034057617188,6256286
2119,2017-05-11,16.657965946849306,16.688033141078776,16.41741623630217,16.597827911376953,7804725
2120,2017-05-10,16.14679933152556,16.657965946849306,16.14679933152556,16.597827911376953,8543439
2121,2017-05-09,16.38735047954,16.41741767640691,15.996458685201537,16.11673355102539,23811618
2122,2017-05-08,16.537688548324937,16.808305411484692,16.357276900994783,16.41741371154785,24210121
2123,2017-05-05,16.958648410165434,17.078923253838294,16.838374782163594,16.988718032836914,8094063
2124,2017-05-04,17.28940497033751,17.31947459799612,17.04885767443839,17.07892608642578,7947804
2125,2017-05-03,17.319473266601562,17.439746905305363,17.199198412226632,17.319473266601562,8120560
2126,2017-05-02,17.409678495629414,17.409678495629414,17.229266821902584,17.319473266601562,13336075
2127,2017-04-28,17.199197791301938,17.31947264133471,17.07892415694025,17.139060974121094,12193558
2128,2017-04-27,17.018783582491967,17.018783582491967,16.838373157892047,16.958646774291992,5691387
2129,2017-04-26,16.988718032836914,17.139060067839214,16.778237968162674,16.988718032836914,10863448
2130,2017-04-25,16.778237968162674,17.108991660838754,16.688031531490278,16.988718032836914,14363068
2131,2017-04-24,16.44748490630251,16.68803217153198,16.41741528247776,16.62789535522461,11039383
2132,2017-04-21,16.357277898945288,16.447484335949294,16.267072677612305,16.267072677612305,9468687
2133,2017-04-20,16.357280790820965,16.507624068626814,16.086663863307432,16.23700714111328,12038820
2134,2017-04-19,16.146796863697652,16.357276916503906,15.996454837172436,16.357276916503906,19849904
2135,2017-04-18,16.5978283444963,16.748170397922504,16.176869379231753,16.206937789916992,18075718
2136,2017-04-17,16.657966946683338,16.748170966128193,16.116733104644524,16.50762367248535,8878351
2137,2017-04-14,16.808308669291684,16.808308669291684,16.597828575889487,16.65796661376953,8856095
2138,2017-04-13,17.139062242970233,17.37961074517312,17.018787384033203,17.018787384033203,20652210
2139,2017-04-12,17.22926814636273,17.25933655835012,16.808309162868053,17.07892608642578,12941811
2140,2017-04-11,17.409679775388522,17.680296698035843,17.199199676513672,17.199199676513672,19306202
2141,2017-04-10,17.49988786328269,17.49988786328269,17.13906564616773,17.28940773010254,10583648
2142,2017-04-07,17.25933744123547,17.25933744123547,16.86844684973254,17.22926902770996,16204025
2143,2017-04-06,17.13906291040056,17.25933655835012,17.01878804677978,17.07892608642578,21478892
2144,2017-04-05,16.898512489726638,17.139060974121094,16.80830726395537,17.139060974121094,32188662
2145,2017-03-31,16.62789506291849,16.748168693418904,16.537689840043182,16.718101501464844,11557649
2146,2017-03-30,16.477554271774522,16.778239586451736,16.447485861873915,16.597827911376953,12193558
2147,2017-03-29,16.838376456851755,16.86844486684272,16.477554321289062,16.477554321289062,10985330
2148,2017-03-28,16.89851220137023,16.928580609447568,16.53769008877116,16.7481689453125,11427287
2149,2017-03-27,16.80830670409768,17.078923588068747,16.77823829650879,16.77823829650879,17382577
2150,2017-03-24,16.838375111686574,16.898511926864355,16.718101481331008,16.77823829650879,9832215
2151,2017-03-23,17.108992273582633,17.108992273582633,16.65796493675156,16.7481689453125,17848910
2152,2017-03-22,16.838373157892047,17.018783582491967,16.53768790122128,16.958646774291992,32112353
2153,2017-03-21,16.176869526463108,17.199199146079398,16.176869526463108,16.838376998901367,81757782
2154,2017-03-20,15.81604542689362,15.996457099914549,15.785978233006443,15.99645709991455,14044054
2155,2017-03-17,15.785977636483286,15.785977636483286,15.695771195545996,15.755908012390137,7334152
2156,2017-03-16,15.785979270935059,15.846116094005659,15.695772820657956,15.785979270935059,11277849
2157,2017-03-15,15.785979518447187,16.056596442179156,15.785979518447187,15.816046714782715,9767564
2158,2017-03-14,15.816046466799156,15.846116094005659,15.725841232193256,15.785979270935059,6849801
2159,2017-03-13,15.876184754467436,15.936321578480936,15.785979518447187,15.816046714782715,4824430
2160,2017-03-10,15.785979270935059,15.816046466799156,15.695772820657956,15.785979270935059,12947110
2161,2017-03-09,15.846115464027013,15.846115464027013,15.575498555296763,15.635635375976562,9619186
2162,2017-03-08,15.665704409122656,15.876184505540959,15.635635997587356,15.785979270935059,10334583
2163,2017-03-07,15.725838670308754,15.725838670308754,15.635633450398117,15.695770263671875,4893321
2164,2017-03-06,15.876182861749498,15.876182861749498,15.635634378701853,15.755908012390137,10354720
2165,2017-03-03,15.78598014620685,15.996459038624193,15.63563686452319,15.936322212219238,19002025
2166,2017-03-02,15.66570281982422,15.66570281982422,15.395085927789623,15.665702819824219,9707153
2167,2017-03-01,15.515359878540037,15.665701912254365,15.395085035897567,15.515359878540039,8073926
2168,2017-02-24,15.605567294255863,15.635635705228937,15.45522523939049,15.485292434692383,9410395
2169,2017-02-23,15.63563729984285,15.695774127922105,15.51536364368434,15.605568885803223,6124865
2170,2017-02-22,15.63563729984285,15.725842541961732,15.455226815605084,15.605568885803223,11939194
2171,2017-02-21,15.575496037609126,15.63563284856816,15.184605550704434,15.365015983581543,10970493
2172,2017-02-20,15.755910288441541,15.846116742409786,15.545430183410645,15.545430183410645,7075549
2173,2017-02-17,15.876182928412646,15.876182928412646,15.515360810161647,15.5754976272583,17465245
2174,2017-02-16,16.026526520779374,16.05659614790625,15.695772779095703,15.876184463500977,20108507
2175,2017-02-15,16.237007201178,16.26707561371615,16.11673355102539,16.11673355102539,12569804
2176,2017-02-14,16.176868438720703,16.327210483406137,16.116731620846533,16.176868438720703,23538177
2177,2017-02-13,16.11673255786127,16.327211432657958,16.056595736490788,16.206937789916992,12533769
2178,2017-02-10,16.1167300067285,16.176866818579867,16.086660385131836,16.086660385131836,13862819
2179,2017-02-09,16.237005302768367,16.357278938858737,16.056594848632812,16.056594848632812,15936943
2180,2017-02-08,16.11673355102539,16.41741767640691,16.026527097739688,16.11673355102539,25520094
2181,2017-02-07,16.23700744953854,16.23700744953854,16.05659697155008,16.146800994873047,10230718
2182,2017-02-06,16.507624038431917,16.56776086317576,16.267075523785305,16.297143936157227,24742165
2183,2017-02-03,15.876183133678742,16.176868438720703,15.876183133678742,16.176868438720703,14010138
2184,2017-02-02,16.267075326226404,16.447487013938126,15.605567830735465,15.816046714782715,32181243
2185,2017-01-24,16.026527404785156,16.116733859799083,15.906253752328276,16.026527404785156,20759254
2186,2017-01-23,15.936322165442496,16.176870686027524,15.936322165442496,16.026527404785156,18567487
2187,2017-01-20,15.725840233918149,16.176868809658796,15.725840233918149,15.906251907348633,24749584
2188,2017-01-19,16.176870090206155,16.176870090206155,15.816046714782715,15.816046714782715,18485879
2189,2017-01-18,16.23700714111328,16.357280790820965,16.116733491405594,16.23700714111328,15561757
2190,2017-01-17,16.026527930673478,16.35728170145439,15.996459516572603,16.327213287353516,26615978
2191,2017-01-16,16.056594848632812,16.327210529836144,15.846114769803563,16.056594848632812,19329519
2192,2017-01-13,16.086662041984304,16.838375914562423,15.996456814916526,16.056594848632812,48829345
2193,2017-01-12,15.996455167354783,16.1167300067285,15.755906704278335,16.086660385131836,21140800
2194,2017-01-11,15.334949385077286,16.237005302768367,15.334949385077286,16.056594848632812,62987863
2195,2017-01-10,15.09440142229092,15.154538242427991,14.913990961879705,14.944059371948242,9359523
2196,2017-01-09,15.124471713286608,15.334951825613473,15.034266471862791,15.034266471862793,15662442
2197,2017-01-06,14.793716044451262,15.184607805059954,14.793716044451262,15.094401359558105,20300340
2198,2017-01-05,14.883920737579796,14.944058770969546,14.643373466705174,14.703510284423828,10462825
2199,2017-01-04,15.064332337558188,15.094400746280094,14.823783852111852,14.883920669555664,8997054
2200,2017-01-03,15.154540127094547,15.214676954710423,15.004198058054854,15.034266471862793,15559637
2201,2016-12-30,15.094401397046934,15.094401397046934,14.793716081193303,15.004196166992188,23113178
2202,2016-12-29,14.192345449486039,15.184607842772822,14.16227703946779,15.004196166992188,43458032
2203,2016-12-28,14.162276268005371,14.222413084766034,14.13220785962504,14.162276268005371,7727356
2204,2016-12-27,13.861592306546411,13.921730344783082,13.831523895263674,13.831523895263672,1111781
2205,2016-12-26,13.921730344783082,13.981867167348561,13.831523895263674,13.831523895263672,1910907
2206,2016-12-23,13.831522646454664,14.04200272210138,13.801454237886716,13.92172908782959,4873183
2207,2016-12-22,14.042003009887575,14.042003009887575,13.83152292992714,13.861591339111328,6443879
2208,2016-12-21,14.01193495703729,14.102141410381268,13.921730935035802,14.042004585266113,6039017
2209,2016-12-20,14.132209822938847,14.132209822938847,14.01193495703729,14.042004585266113,4672872
2210,2016-12-19,14.132207881388062,14.162276289814697,14.042002656108156,14.102139472961426,4747061
2211,2016-12-16,14.22241506061158,14.22241506061158,14.042004585266113,14.042004585266113,5708344
2212,2016-12-15,14.011933941263615,14.19234561920166,13.981866746556959,14.19234561920166,5004605
2213,2016-12-14,14.192344698241332,14.192344698241332,14.102139472961426,14.102139472961426,4380354
2214,2016-12-13,14.132207881388062,14.132207881388062,14.042002656108156,14.102139472961426,4049681
2215,2016-12-12,14.162276268005371,14.222413084766034,14.042002634484048,14.162276268005371,6488393
2216,2016-12-09,14.011933032010443,14.192344698241332,13.981865839254885,14.102139472961426,20700963
2217,2016-12-08,13.771387072698195,13.921730344783082,13.711250250132716,13.831523895263672,8714075
2218,2016-12-07,13.831523922905387,13.831523922905387,13.741318688876898,13.771387100219727,4911338
2219,2016-12-06,13.771385183235775,13.891658811864943,13.711248368921192,13.801453590393066,8284836
2220,2016-12-05,13.771386470774877,13.831523290711878,13.590974795292729,13.62104320526123,7926607
2221,2016-12-02,13.861592348190042,13.861592348190042,13.651113468578538,13.741318702697754,8906967
2222,2016-12-01,13.74131770237457,13.891659748295519,13.74131770237457,13.861591339111328,8208527
2223,2016-11-30,13.771386170125593,13.801454579437658,13.681179726518288,13.711249351501465,11965690
2224,2016-11-29,13.681180953979492,13.89166105371911,13.681180953979492,13.681180953979492,9979534
2225,2016-11-28,13.711250581660485,13.771387405680027,13.651113757640944,13.681180953979492,5550427
2226,2016-11-25,13.831523922905387,13.891660745591047,13.741318688876898,13.771387100219727,4607161
2227,2016-11-24,13.95179754039463,14.07207240119678,13.831523895263674,13.831523895263672,4812772
2228,2016-11-23,14.132208202001078,14.132208202001078,13.951796531677246,13.951796531677246,7110524
2229,2016-11-22,14.072071064534791,14.192344698241332,14.042002656108156,14.102139472961426,9044748
2230,2016-11-21,14.011933075722892,14.192344742516603,13.981865882873535,13.981865882873535,8787204
2231,2016-11-18,14.072071360510414,14.19234499674665,13.861591281425897,14.011933326721191,10374858
2232,2016-11-17,13.951796531677246,14.011933349894822,13.831522895242095,13.951796531677246,7016197
2233,2016-11-16,13.831522624600263,14.07207110843485,13.71124899051851,13.981865882873535,12751038
2234,2016-11-15,13.621043800613306,14.011934362960108,13.621043800613306,13.831523895263672,25213798
2235,2016-11-14,13.530838464150468,13.530838464150468,12.92946781171395,13.109879493713379,16913064
2236,2016-11-11,13.981867209353526,14.072072443472743,13.711250291324681,13.741318702697754,14634389
2237,2016-11-10,13.951798658490445,14.34269046783447,13.861593417413188,14.342690467834473,15114501
2238,2016-11-09,14.19234744821806,14.282552690976562,13.440634660554583,13.560908317565918,13782271
2239,2016-11-08,13.951796225968634,14.072071075439455,13.590974108898328,14.072071075439453,9475046
2240,2016-11-07,13.861592306546411,13.89166071782915,13.771387072698195,13.831523895263672,5786773
2241,2016-11-04,13.771387100219728,13.92173037260507,13.681180650520044,13.771387100219727,8751170
2242,2016-11-03,13.981867505419645,14.042004329439187,13.681180953979492,13.681180953979492,9305470
2243,2016-11-02,14.282550223923828,14.402825075831167,14.011933326721193,14.011933326721191,6789390
2244,2016-11-01,14.342689471912454,14.523099941539696,14.252484237098832,14.432894706726074,10693872
2245,2016-10-31,14.102140079257138,14.312620162963867,13.92172962094091,14.312620162963867,9097740
2246,2016-10-28,13.951797145891435,14.132208824157713,13.831523504161355,14.132208824157715,7255723
2247,2016-10-27,14.011933385032277,14.072071419071765,13.83152292992714,13.861591339111328,7370187
2248,2016-10-26,14.011933075722892,14.102139516955289,13.951796258682016,13.981865882873535,5452921
2249,2016-10-25,14.162276268005371,14.25248270881744,14.162276268005371,14.162276268005371,3335343
2250,2016-10-24,14.042003592860153,14.192345645022753,14.011933966756475,14.132208824157715,4343259
2251,2016-10-21,14.10213979289229,14.132208202001078,13.951796531677246,13.951796531677246,7866196
2252,2016-10-20,14.132207892339325,14.252482741810146,14.072071075439455,14.072071075439453,3741265
2253,2016-10-19,14.192345645022753,14.282550876320315,14.102140413725193,14.132208824157715,5076674
2254,2016-10-18,14.252483681558953,14.282550876320315,14.072072003292673,14.132208824157715,5331038
2255,2016-10-17,14.312620162963867,14.37275698240261,14.042003259818395,14.312620162963867,7896932
2256,2016-10-14,14.282551517705825,14.402826380508237,14.192346282357425,14.252484321594238,8524362
2257,2016-10-13,14.432894792291039,14.432894792291039,14.252484321594238,14.252484321594238,10036766
2258,2016-10-12,14.252481427946845,14.432891862015346,14.132206589563546,14.37275505065918,9575732
2259,2016-10-11,14.432893801841352,14.523099030999466,14.13220848897651,14.312620162963867,14595175
2260,2016-10-07,14.372757883516995,14.432894706726076,14.282551433032168,14.432894706726074,8846556
2261,2016-10-06,14.432895708911728,14.432895708911728,14.222415597393505,14.342690467834473,9990133
2262,2016-10-05,13.981867399877824,14.493031615856639,13.981867399877824,14.252484321594238,27012361
2263,2016-10-04,13.831522560150654,14.162276268005371,13.711248926629331,14.162276268005371,15253341
2264,2016-10-03,14.07207240119678,14.192346046327735,13.831523895263674,13.831523895263672,8812641
2265,2016-09-30,14.222413106667966,14.222413106667966,14.011933032010443,14.102139472961426,13558643
2266,2016-09-29,14.132206589563546,14.613302296083845,14.102138183885463,14.37275505065918,26175081
2267,2016-09-28,13.92172908782959,13.92172908782959,13.92172908782959,13.92172908782959,0
2268,2016-09-27,13.92172908782959,13.92172908782959,13.92172908782959,13.92172908782959,0
2269,2016-09-26,14.102139539237275,14.102139539237275,13.831522646454664,13.92172908782959,9288513
2270,2016-09-23,13.801454183718956,14.132207892339325,13.711248958369149,14.072071075439453,23571033
2271,2016-09-22,13.681180953979492,13.771387405680027,13.59097571795018,13.681180953979492,8504225
2272,2016-09-21,13.530839903313085,13.621045146071587,13.50077148906025,13.560908317565918,8683339
2273,2016-09-20,13.50076964040053,13.50076964040053,13.320359179587122,13.440632820129395,9044748
2274,2016-09-19,13.410565080598941,13.771388484320022,13.410565080598941,13.470703125,17777900
2275,2016-09-14,12.869330369934227,13.019672417968655,12.839261960327342,12.959535598754883,11366876
2276,2016-09-13,13.230154464959515,13.260222879030183,12.749057408486236,12.929469108581543,20813307
2277,2016-09-12,13.320359573048975,13.380496395096456,13.04974265816413,13.139947891235352,17092178
2278,2016-09-09,13.951795626179525,14.07207047047972,13.771385183235775,13.801453590393066,17063562
2279,2016-09-08,13.921730344783082,13.981867167348561,13.771387072698195,13.831523895263672,11324482
2280,2016-09-07,14.132208178628533,14.19234499674665,13.921729315215117,14.011933326721191,9822676
2281,2016-09-06,13.711248958369149,14.132207892339325,13.681179334248135,14.072071075439453,18459383
2282,2016-09-05,13.56090730594041,13.741318993670257,13.56090730594041,13.681180953979492,5363893
2283,2016-09-02,13.50076964040053,13.711249727020654,13.380495999858258,13.440632820129395,6907033
2284,2016-09-01,13.951798918524075,13.951798918524075,13.50077148906025,13.560908317565918,13884016
2285,2016-08-31,13.440633359777408,14.011934390962365,13.350426910077724,13.771387100219727,20695663
2286,2016-08-30,13.500767996679674,13.500767996679674,13.290287935685534,13.410561561584473,5856723
2287,2016-08-29,13.53083995372974,13.53083995372974,13.200086180044847,13.470703125,5686087
2288,2016-08-26,13.53083896636963,13.53083896636963,13.440633729857392,13.530838966369629,4562648
2289,2016-08-25,13.290287935685534,13.470699590204939,13.200082716261331,13.410561561584473,6925050
2290,2016-08-24,13.350426424619814,13.410563245118734,13.260221193871432,13.320359230041504,7609713
2291,2016-08-23,13.290290453332435,13.621044202881867,13.290290453332435,13.530838966369629,8062268
2292,2016-08-22,13.530838101787724,13.560906512037185,13.260221193871432,13.320359230041504,8120560
2293,2016-08-19,13.681181974577255,13.77138843300707,13.530839903313085,13.560908317565918,5916074
2294,2016-08-18,13.77138843300707,13.831525261512738,13.50077148906025,13.560908317565918,11355218
2295,2016-08-17,13.170016455266992,13.83152393681697,12.989604771357364,13.741318702697754,28471773
2296,2016-08-16,12.869330976350506,13.20008471328283,12.839262565326765,13.139947891235352,23667479
2297,2016-08-15,13.23015260145273,13.23015260145273,12.538576743895323,12.718988418579102,21018917
2298,2016-08-12,13.320359230041504,13.320359230041504,13.139947552873592,13.320359230041504,12430964
2299,2016-08-11,13.260220910494864,13.470700993414185,12.869330369934227,12.959535598754883,18401091
2300,2016-08-10,13.410562582712453,13.560905842204795,13.230152130126951,13.230152130126953,19194918
2301,2016-08-09,13.350424748635003,13.440631183730204,13.290287935685534,13.410561561584473,27367410
2302,2016-08-08,12.996389855457306,13.274090310556113,12.968619463048785,13.218550682067871,30207606
2303,2016-08-05,12.774231201281912,12.940852427740484,12.774231201281912,12.829771995544434,20213357
2304,2016-08-04,13.051930375440302,13.051930375440302,12.774229901373532,12.85754108428955,15720530
2305,2016-08-03,13.051933362556445,13.107474163878408,12.802003225595033,12.9408540725708,19126171
2306,2016-08-02,13.329629939044356,13.412939959941118,12.968619463048785,13.218550682067871,27989573
2307,2016-08-01,13.996115813098395,13.996115813098395,13.551794052124023,13.551794052124023,25576151
2308,2016-07-29,13.85726305469756,14.079423904418945,13.801723420431673,14.079423904418945,15440001
2309,2016-07-28,13.885035872554688,13.885035872554688,13.829496228598648,13.85726547241211,10696116
2310,2016-07-27,13.940573242378745,13.99611403360351,13.829493972587077,13.88503360748291,14564576
2311,2016-07-26,13.829496228598648,13.885035872554688,13.71841462802833,13.85726547241211,10923159
2312,2016-07-25,13.940575672824588,13.996116473732519,13.607335492693537,13.829496383666992,12068197
2313,2016-07-22,13.885033607482912,14.079424064111725,13.829493972587077,13.88503360748291,19335749
2314,2016-07-21,13.885036028245791,13.885036028245791,13.690645537726299,13.829496383666992,9627487
2315,2016-07-20,13.829496383666994,13.996116473732519,13.662875137272334,13.829496383666992,16662539
2316,2016-07-19,13.329633800812148,13.857265627791826,13.218554511654553,13.829496383666992,28138024
2317,2016-07-18,13.718412163258318,13.746183714740337,13.079701169039238,13.190781593322754,34618567
2318,2016-07-15,13.885034827359112,13.885034827359112,13.74618514975636,13.773954391479492,16847011
2319,2016-07-14,13.5795627247335,13.885033607482912,13.468482298612901,13.88503360748291,26193970
2320,2016-07-13,13.32963375760057,13.579565048217773,13.190784068439127,13.579565048217773,28897744
2321,2016-07-12,13.218554413923648,13.218554413923648,13.024163924841377,13.135244369506836,13978413
2322,2016-07-11,13.218550682067871,13.218550682067871,12.968619463048785,13.218550682067871,17214864
2323,2016-07-08,12.885311126708984,12.885311126708984,12.885311126708984,12.885311126708984,0
2324,2016-07-07,12.746460302842564,13.024161950575404,12.663150271054292,12.885311126708984,24005408
2325,2016-07-06,12.607612609863281,12.690922654699268,12.496532164638921,12.607612609863281,13557074
2326,2016-07-05,12.607612609863281,12.635383010251653,12.468761764250548,12.607612609863281,9937488
2327,2016-07-04,12.440991363862176,12.663152254310894,12.35768131902619,12.607612609863281,10462524
2328,2016-07-01,12.468760846342054,12.496531244686063,12.357680409295066,12.440990447998047,8464984
2329,2016-06-30,12.302140768936093,12.440990447998047,12.163289933545096,12.440990447998047,12716579
2330,2016-06-29,12.107751059208233,12.302141547256722,12.107751059208233,12.274371147155762,10175446
2331,2016-06-28,11.941130369324977,12.163290089946546,11.885590728251849,12.052210807800293,1957152
2332,2016-06-27,11.94113080698386,12.16329053574789,11.88559116387513,12.10775089263916,9213789
2333,2016-06-24,12.274370804720757,12.302141204046968,11.802279797820587,11.941130638122559,17976767
2334,2016-06-23,12.218829754934617,12.30213978698785,12.135519722881385,12.246600151062012,8985654
2335,2016-06-22,12.218829754934617,12.246600151062012,12.107749326753991,12.246600151062012,9362240
2336,2016-06-21,12.05220944737451,12.191059112548826,11.968899417004135,12.191059112548828,14424857
2337,2016-06-20,12.163289910890368,12.163289910890368,11.857818998662363,11.885590553283691,17294547
2338,2016-06-17,12.10775044887342,12.135520847574513,12.024440409099197,12.052210807800293,9734459
2339,2016-06-16,12.135522692773556,12.135522692773556,11.913361782043491,11.968902587890625,12217740
2340,2016-06-15,12.02444076538086,12.135521207147464,11.802279881847648,12.02444076538086,13059326
2341,2016-06-14,11.607889053899033,12.079980050172326,11.607889053899033,12.052210807800293,17865429
2342,2016-06-13,11.830050054691336,11.941130494329485,11.552348377431427,11.607889175415039,12565945
2343,2016-06-08,12.024439986183062,12.052210383907433,11.774508719321766,11.830049514770508,15185669
2344,2016-06-07,11.607888645633581,11.857818756165859,11.58011940423823,11.830049514770508,18068458
2345,2016-06-06,11.552348530979918,11.635659729062668,11.441269246194427,11.580120086669922,8264139
2346,2016-06-03,11.413498695130546,11.607889175415037,11.357959053476007,11.607889175415039,12574677
2347,2016-06-02,11.552346531317234,11.635657714979168,11.330186843872072,11.33018684387207,13046227
2348,2016-06-01,11.635660292694519,11.663430693400636,11.469039044786967,11.552349090576172,10781257
2349,2016-05-31,11.496810268047403,11.66343152787609,11.357960567240927,11.635661125183105,20618323
2350,2016-05-30,11.441267967224121,11.580118792178078,11.330187538526747,11.441267967224121,12558304
2351,2016-05-27,11.44126787171113,11.52457790345644,11.219107016171005,11.35795783996582,14658450
2352,2016-05-26,11.219107109829373,11.49680760340833,11.19133671357279,11.441267967224121,21955474
2353,2016-05-25,11.357958975656723,11.441269015732267,11.080258456628558,11.163568496704102,19062861
2354,2016-05-24,11.163568408865837,11.330188487705907,10.996948330025766,11.0802583694458,19271348
2355,2016-05-23,10.802556632884379,11.191337585449219,10.663706953442105,11.191337585449219,31293700
2356,2016-05-20,10.330464891914438,10.747016212678608,10.247154859027397,10.63593578338623,27333550
2357,2016-05-19,10.358235168522343,10.413774804361708,10.191615104675293,10.191615104675293,12603057
2358,2016-05-18,10.386006380357708,10.413775622294004,10.19161590515843,10.219385147094727,13312566
2359,2016-05-17,10.136075943108942,10.497086524963379,10.052765897783235,10.497086524963379,18190711
2360,2016-05-16,9.830604259326787,10.219385212202258,9.830604259326787,10.108305931091309,21423888
2361,2016-05-13,9.469592094421387,9.580672512970189,9.21966201993322,9.469592094421387,13874715
2362,2016-05-12,9.608444710253629,9.747294978775438,9.497364264170354,9.525134086608887,9798861
2363,2016-05-11,10.219385570202395,10.247155969617495,9.691754341125488,9.691754341125488,15309014
2364,2016-05-10,10.136074756639266,10.24715518951416,9.997223926463398,10.24715518951416,9353507
2365,2016-05-09,10.052764982099246,10.163845417858496,9.997224186055105,10.136075019836426,9707170
2366,2016-05-06,9.941683416778673,9.997223050183441,9.83060299364024,9.969453811645508,12739501
2367,2016-05-05,10.108304018347383,10.219383278439357,9.830602399130953,9.941682815551758,13315841
2368,2016-05-04,10.330465131900679,10.386005926001612,10.108305424483916,10.16384506225586,10880589
2369,2016-05-03,10.635936470083218,10.663706868281515,10.358235957087345,10.386006355285645,8055652
2370,2016-04-29,10.608165740966797,10.66370653563082,10.441545669632738,10.608165740966797,9169035
2371,2016-04-28,10.524855446753717,10.802555944265025,10.497085050103895,10.719245910644531,19915363
2372,2016-04-27,10.663706868281515,10.663706868281515,10.386006355285645,10.386006355285645,7382165
2373,2016-04-26,10.552626343940842,10.66370677947998,10.441545908401702,10.66370677947998,5271103
2374,2016-04-25,10.358235543824428,10.55262601079884,10.358235543824428,10.524855613708496,4836666
2375,2016-04-22,10.386006469867038,10.497085751227614,10.27492603217741,10.302695274353027,4991666
2376,2016-04-21,10.497085635420762,10.524856033619061,10.386006355285645,10.386006355285645,6957551
2377,2016-04-20,10.802556638440022,10.802556638440022,10.469316482543945,10.469316482543945,11828056
2378,2016-04-19,10.80255523397837,10.830325628802242,10.691475967340681,10.774785995483398,7187869
2379,2016-04-18,10.71924650853949,10.802556546806827,10.663706868470944,10.747016906738281,4194833
2380,2016-04-15,10.580394388045194,10.774785995483398,10.552625149550222,10.774785995483398,17287998
2381,2016-04-14,10.747017087810928,10.802556728815242,10.552626609802246,10.552626609802246,9269458
2382,2016-04-13,10.691476670323683,10.802555944265025,10.635935877024036,10.719245910644531,11408900
2383,2016-04-12,10.774786358867182,10.830325994059121,10.552625505441545,10.580394744873047,14277498
2384,2016-04-11,10.608165225127127,11.024716539535778,10.580394829145499,10.830326080322266,11668689
2385,2016-04-08,10.802557060998087,10.830327460518724,10.69147777557373,10.69147777557373,9262909
2386,2016-04-07,10.77478774856406,10.830327390919322,10.66370730752445,10.802556991577148,9731184
2387,2016-04-06,10.830327390919322,10.885867033274584,10.635936908182277,10.802556991577148,12763515
2388,2016-04-01,10.96917760142184,10.996947999169365,10.77478712984721,10.941407203674316,15053591
2389,2016-03-31,11.330187875182366,11.330187875182366,10.858096906437932,11.05248737335205,34878356
2390,2016-03-30,10.885866500342912,11.385727882385254,10.74701682308778,11.385727882385254,32292470
2391,2016-03-29,10.66370704813993,10.830327127481928,10.469316570131248,10.552626609802246,27804009
2392,2016-03-28,10.996948177869333,11.08025821613667,10.747016906738281,10.747016906738281,33153704
2393,2016-03-25,11.469037014247176,11.552347045286727,11.135796890088976,11.27464771270752,19015925
2394,2016-03-24,11.96890055192174,11.96890055192174,11.469038009643555,11.469038009643555,21691318
2395,2016-03-23,12.135518569934826,12.27436822472235,11.607886875287242,11.913357734680176,34585820
2396,2016-03-22,12.774230215377447,12.774230215377447,12.135519224956582,12.302139282226562,27841121
2397,2016-03-21,12.218829962999578,12.77423095703125,12.218829962999578,12.77423095703125,59260350
2398,2016-03-18,11.885589544529266,12.66315022375868,11.830048752658557,11.996668815612793,52226390
2399,2016-03-17,11.996670383385858,12.052211182514862,11.552348615670217,11.663430213928223,18780149
2400,2016-03-16,11.885590157211501,11.996669434020978,11.802278965110887,11.857818603515625,17559794
2401,2016-03-15,12.107749929834263,12.107749929834263,11.718968990001585,11.746739387512207,22637694
2402,2016-03-14,11.830049930849663,12.052210807800291,11.774509133447475,12.052210807800293,18887121
2403,2016-03-11,11.663430213928223,11.774509499528037,11.60788941479922,11.663430213928223,13166298
2404,2016-03-10,11.607887367652708,11.885589001664561,11.496806945313745,11.691197395324707,19535503
2405,2016-03-09,11.41349884683351,11.580120086669922,11.274649162687101,11.580120086669922,12529923
2406,2016-03-08,11.774508828826072,11.80227922680871,11.330188242749006,11.385727882385254,19046488
2407,2016-03-07,11.219108446212584,11.663430213928223,11.219108446212584,11.663430213928223,33767157
2408,2016-03-04,11.163566941869778,11.191336180474618,11.05248651846371,11.135796546936035,9922206
2409,2016-03-03,11.108026152002292,11.246876970342104,11.080256913397452,11.135796546936035,10129601
2410,2016-03-02,11.108027611699777,11.274648846868903,11.02471757227974,11.0802583694458,15677959
2411,2016-03-01,10.969176292419434,11.052486319391218,10.858095871014097,10.969176292419434,8634175
2412,2016-02-26,10.913636100654433,10.996947288513184,10.830326069124627,10.996947288513184,8009807
2413,2016-02-25,10.996947753671424,10.996947753671424,10.858096924362554,10.885866165161133,10872948
2414,2016-02-24,10.635935621108755,10.969176903901465,10.635935621108755,10.830326080322266,23258787
2415,2016-02-23,10.802556728815242,10.802556728815242,10.552626609802246,10.552626609802246,9005302
2416,2016-02-22,10.719246173965837,10.77478696862986,10.46931606696475,10.608165740966797,12306155
2417,2016-02-19,10.747016212678608,10.774786609083941,10.55262575049919,10.63593578338623,10177629
2418,2016-02-18,10.830326245565647,10.885865882047353,10.55262575049919,10.63593578338623,20319238
2419,2016-02-17,10.274925345892234,10.719245910644531,10.274925345892234,10.719245910644531,25944004
2420,2016-02-16,10.024995389661505,10.191615459306325,9.941684198510105,10.16384506225586,10680835
2421,2016-02-15,10.052765045701738,10.108305842097279,9.858374570975426,10.024995803833008,10685201
2422,2016-02-03,10.302695251199996,10.35823604808452,10.080535532649048,10.108305931091309,11627210
2423,2016-02-02,10.497085751227614,10.497085751227614,10.302695274353027,10.302695274353027,11891366
2424,2016-02-01,10.497085635420762,10.524856033619061,10.19161588055563,10.386006355285645,14782886
2425,2016-01-29,9.941684463246501,10.497085481071629,9.858374426205634,10.413775444030762,30919298
2426,2016-01-28,9.830603843526184,9.969454673535534,9.775064205319843,9.886144638061523,7753292
2427,2016-01-27,9.941684543815844,10.052764979546891,9.775064468383789,9.775064468383789,8642907
2428,2016-01-26,9.580673499329125,9.83060359954834,9.46959306934426,9.83060359954834,12879220
2429,2016-01-25,9.71952404025623,9.80283407121433,9.55290340017556,9.580673217773438,12014711
2430,2016-01-22,9.441822395290647,9.580673217773438,9.386282760094891,9.580673217773438,11370695
2431,2016-01-21,9.886143530985233,9.886143530985233,9.275201797485352,9.275201797485352,19724342
2432,2016-01-20,9.441823637212313,9.858375003122454,9.3585135952961,9.691754341125488,31844934
2433,2016-01-19,9.164122909574802,9.302973747253418,9.02527265006072,9.302973747253418,6904065
2434,2016-01-18,8.71980051261013,9.164121627807617,8.71980051261013,9.164121627807617,14874577
2435,2016-01-15,9.275203672837858,9.414053937208015,9.053043365478516,9.053043365478516,13970772
2436,2016-01-14,8.914192919097408,9.24743366241455,8.636491817862673,9.24743366241455,23870056
2437,2016-01-13,9.608443647513802,9.663983864412426,8.941962201059326,9.080812454223633,27369571
2438,2016-01-12,9.691752353354564,9.747292562628965,9.414051885146986,9.469592094421387,12594325
2439,2016-01-11,9.80283579776102,9.913915087716621,9.552905082702637,9.552905082702637,16710567
2440,2016-01-08,9.775064383817472,10.191615725122961,9.69175376865767,10.052764892578125,22449947
2441,2016-01-07,9.691754341125488,9.886145402537553,9.608444299209278,9.691754341125488,21507938
2442,2016-01-06,10.247155969617495,10.274926369032595,9.525133679128523,9.691754341125488,26596752
2443,2016-01-05,10.024995389661505,10.302694734850212,10.024995389661505,10.16384506225586,15601550
2444,2016-01-04,10.4415464558552,10.497086098372217,10.080535888671875,10.080535888671875,13504679
2445,2015-12-31,10.552625210310486,10.58039444896535,10.191614700837109,10.330464363098145,22420475
2446,2015-12-30,10.996947212292818,11.02471645172432,10.580394744873047,10.580394744873047,21180472
2447,2015-12-29,11.024717240587869,11.024717240587869,10.858097166760764,10.941407203674316,14202181
2448,2015-12-28,10.885865704701516,11.274647779055515,10.774786433547739,10.996947288513184,22012234
2449,2015-12-25,10.747015600659527,10.774785995483398,10.552625149550222,10.774785995483398,18853283
2450,2015-12-24,11.191337402879606,11.191337402879606,10.66370677947998,10.66370677947998,26192878
2451,2015-12-23,10.941405897985879,11.219106373334784,10.83032547658054,10.969176292419434,20516808
2452,2015-12-22,11.385727161760727,11.441267954210721,10.885865811355568,10.913636207580566,30800319
2453,2015-12-21,11.441267265759096,11.524577293092142,11.135796394652,11.33018684387207,26830344
2454,2015-12-18,10.691476518928043,11.663428824618869,10.552625693974086,11.441267967224121,78894094
2455,2015-12-17,10.358235288319772,10.719245816273272,10.358235288319772,10.63593578338623,34791032
2456,2015-12-16,10.608165459563065,10.663706252753752,10.358235359191895,10.358235359191895,28915208
2457,2015-12-15,10.66370704813993,10.747017087810928,10.302695334460191,10.552626609802246,24297944
2458,2015-12-14,10.552627326066606,10.635937371392313,10.386007235415196,10.497086524963379,25358933
2459,2015-12-11,10.66370653563082,10.996947834627939,10.497085307967758,10.608165740966797,60600776
2460,2015-12-10,10.524856925514992,10.663707771943926,10.413776479637672,10.497086524963379,46158453
2461,2015-12-09,10.413775444030762,10.63593631369242,10.191615730698123,10.413775444030762,62656168
2462,2015-12-08,9.691753178640719,10.524855232369392,9.691753178640719,10.191615104675293,57981052
2463,2015-12-07,9.525132521165318,9.691753162906338,9.525132521165318,9.663983345031738,14159610
2464,2015-12-04,9.386283366890044,9.497363222627001,9.27520293298858,9.44182300567627,10336996
2465,2015-12-03,9.44182278199206,9.525132816362225,9.358512747621896,9.414052963256836,9100267
2466,2015-12-02,9.358512747621896,9.497362997627,9.302973110151447,9.414052963256836,15277359
2467,2015-12-01,9.552903563771492,9.66398341422974,9.386282920837402,9.386282920837402,14587499
2468,2015-11-30,9.414051885146986,9.469592094421387,9.19189104804938,9.469592094421387,16387468
2469,2015-11-27,9.44182278199206,9.497362997627,9.275202713251732,9.414052963256836,10352277
2470,2015-11-26,9.330742706526038,9.441822556984286,9.275202492214675,9.386282920837402,15731445
2471,2015-11-25,9.441823228030755,9.441823228030755,9.108582496643066,9.108582496643066,14562393
2472,2015-11-24,9.19189119317618,9.358511823630087,9.080811351038014,9.275201797485352,18078282
2473,2015-11-23,8.99750241795795,9.080812454223633,8.886421405996197,9.080812454223633,10209284
2474,2015-11-20,8.88642193589113,8.997502954476614,8.858652114868164,8.858652114868164,9397170
2475,2015-11-19,8.747572252611759,8.858652114868164,8.664262211378322,8.858652114868164,8729140
2476,2015-11-18,8.775340709243507,8.8864205542292,8.60872065268274,8.664260864257812,9982241
2477,2015-11-17,8.88642193589113,8.941962734266143,8.775342073634725,8.858652114868164,9189775
2478,2015-11-16,8.414332189406107,8.608722686767578,8.386561787974705,8.608722686767578,8169174
2479,2015-11-13,8.60872222752023,8.692032271040945,8.442101562314246,8.525411605834961,8769527
2480,2015-11-12,8.636490821838379,8.775341067360236,8.553180211993688,8.636490821838379,10412313
2481,2015-11-11,8.997501922726784,9.025271740565366,8.608721003999799,8.636490821838379,17075145
2482,2015-11-10,9.108581343978447,9.108581343978447,8.914191471919247,8.941961288452148,18418846
2483,2015-11-09,9.386282217787954,9.46959224393269,9.108581167031447,9.275201797485352,12684924
2484,2015-11-06,9.691753232303183,9.691753232303183,9.358512524599481,9.386282920837402,16943068
2485,2015-11-05,9.636213527157139,9.830603408608283,9.608443131118065,9.663983345031738,29638907
2486,2015-11-04,9.302974188185868,9.441823876116468,9.219664144161683,9.358513832092285,15426902
2487,2015-11-03,9.2196626663208,9.330742514492949,9.164121874988025,9.2196626663208,8421322
2488,2015-11-02,8.997502638290182,9.164122714901767,8.997502638290182,9.108582496643066,13695701
2489,2015-10-30,9.608443882806858,9.608443882806858,9.108582496643066,9.108582496643066,31340637
2490,2015-10-29,9.83060317953374,9.886143970317667,9.636213302612305,9.636213302612305,9172310
2491,2015-10-28,9.941684029533205,9.941684029533205,9.775063962720393,9.83060359954834,6406317
2492,2015-10-27,9.88614543729731,9.913914680480957,9.77506499557544,9.913914680480957,7722729
2493,2015-10-26,9.775063962720393,9.858373996126799,9.775063962720393,9.83060359954834,7231531
2494,2015-10-23,9.997224687539774,10.024996243283963,9.691754341125488,9.691754341125488,12997108
2495,2015-10-22,9.775063611554254,9.969454067962108,9.775063611554254,9.858373641967773,11591189
2496,2015-10-21,9.802834417445489,9.830603657859694,9.663983590058557,9.719524383544922,5686985
2497,2015-10-20,9.719524383544922,9.886144451346057,9.719524383544922,9.719524383544922,7605933
2498,2015-10-19,9.830603657859694,9.913913691760262,9.719524383544922,9.719524383544922,6694487
2499,2015-10-16,9.858373996126799,9.913913632954745,9.663983532735529,9.83060359954834,13203411
2500,2015-10-15,9.913913632954745,10.02499521926858,9.83060359954834,9.83060359954834,12419677
2501,2015-10-14,9.941685079993698,10.10830632074105,9.858375037784569,9.913914680480957,11858619
2502,2015-10-13,9.997222445597746,10.052763231972564,9.88614318550577,9.941682815551758,11511506
2503,2015-10-12,9.886145521401499,10.080536006986232,9.830604721903516,9.997224807739258,18812896
2504,2015-10-08,9.941684543815844,10.052764979546891,9.747294070368769,9.775064468383789,13828870
2505,2015-10-07,9.830603843526184,9.969454673535534,9.747293808052174,9.886144638061523,14652992
2506,2015-10-06,9.691753002976272,9.913913276800475,9.636213368143569,9.858373641967773,14536196
2507,2015-10-05,9.775063545078737,9.775063545078737,9.636213302612305,9.636213302612305,6881142
2508,2015-10-02,9.8028339404707,9.8028339404707,9.608442907220342,9.636213302612305,7419278
2509,2015-10-01,9.636214698624377,9.830604603707354,9.525133679128523,9.691754341125488,14866936
2510,2015-09-30,9.330744173210011,9.580674887815094,9.330744173210011,9.525134086608887,14956443
2511,2015-09-29,9.497363090515137,9.497363090515137,9.497363090515137,9.497363090515137,0
2512,2015-09-25,9.44182287433699,9.580673703864607,9.247432984960223,9.497363090515137,14600597
2513,2015-09-24,9.997223682489485,10.080534872359266,9.302973017539761,9.330742835998535,28771124
2514,2015-09-23,10.13607386818871,10.163844263055543,9.941683416778673,9.969453811645508,14911690
2515,2015-09-22,9.997223926463398,10.24715518951416,9.969454685491426,10.24715518951416,13724081
2516,2015-09-21,9.997222445597746,10.052763231972564,9.941682815551758,9.941682815551758,12297423
2517,2015-09-18,10.052764630382981,10.358235528951147,10.024995389661505,10.16384506225586,23067765
2518,2015-09-17,10.108306406735224,10.163846049904103,9.997224807739258,9.997224807739258,18346803
2519,2015-09-16,10.024994601379175,10.13607386818871,9.858373388507072,9.969453811645508,24672346
2520,2015-09-15,10.080534234783942,10.163844263055543,9.858373388507072,9.969453811645508,21110613
2521,2015-09-14,10.4415464558552,10.663707338581442,10.02499624615486,10.080535888671875,57475663
2522,2015-09-11,9.69175376865767,10.108305688127668,9.636214129437146,10.052764892578125,40139636
2523,2015-09-10,8.914192178871357,9.414052963256836,8.914192178871357,9.414052963256836,30992432
2524,2015-09-09,9.053043418565727,9.136353462043441,8.914193153381348,8.914193153381348,21700051
2525,2015-09-08,8.99750221304523,9.05304242867896,8.719801134876587,8.886421203613281,43078094
2526,2015-09-07,8.997503144097543,9.219664029621436,8.941962922716568,9.053043365478516,37817906
2527,2015-09-04,9.16412323007591,9.275203672837858,8.969733322489331,9.053043365478516,36238430
2528,2015-09-03,9.108581661819718,9.35851233199487,9.02527163114949,9.2196626663208,24720375
2529,2015-09-02,8.692031726949585,9.219663511324988,8.636491508690884,9.108582496643066,23542590
2530,2015-09-01,8.830881566144045,9.05304242867896,8.775341350510315,8.886421203613281,25226855
2531,2015-08-31,8.664260810465354,8.941961288452148,8.55317980984041,8.941961288452148,22001319
2532,2015-08-28,8.553180085051672,8.803110754547456,8.469870054607899,8.692030906677246,44763450
2533,2015-08-27,8.164399936725914,8.358790397644043,8.108859722440094,8.358790397644043,30788311
2534,2015-08-26,7.63676859501528,7.664538992712892,7.442378701954544,7.608998775482178,24070901
2535,2015-08-25,6.94251781647868,7.636769771575928,6.94251781647868,7.636769771575928,28027777
2536,2015-08-24,7.22021739625889,7.2757576101298085,6.6925856535673995,6.942516326904297,27730875
2537,2015-08-21,7.442377211724815,7.497916839670003,7.331296221341259,7.386837005615234,18353353
2538,2015-08-20,7.303527869795504,7.664538992712892,7.275758050262401,7.608998775482178,24709459
2539,2015-08-19,7.7200784006347485,7.747848217256694,7.303527104154422,7.331296920776367,21170648
2540,2015-08-18,7.7756184280342415,7.858928454093008,7.608997797752274,7.747848033905029,15036126
2541,2015-08-17,7.942239718857669,7.970009539153548,7.636768804780387,7.72007942199707,30241444
2542,2015-08-14,8.275480000664395,8.275480000664395,7.914468887573675,7.942239284515381,53363787
2543,2015-08-13,9.02527245831885,9.080812676577438,8.692031726931843,8.74757194519043,25218122
2544,2015-08-12,8.997501598871413,9.080811627552977,8.941961387028886,9.02527141571045,13953307
2545,2015-08-11,9.219662344603389,9.24743216113629,8.941961288452148,8.941961288452148,21232866
2546,2015-08-10,9.35851371582704,9.35851371582704,8.830882479954623,9.053043365478516,35467794
2547,2015-08-07,9.802834375113582,9.802834375113582,9.164122190752433,9.330742835998535,33770431
2548,2015-08-06,10.274924064814176,10.44154411128097,9.941682815551758,9.941682815551758,20906492
2549,2015-08-05,10.272336097896078,10.322938016605747,10.171130088627358,10.221733093261719,22690170
2550,2015-08-04,10.449446879975865,10.500048807860933,10.095227955155961,10.348240852355957,13870403
2551,2015-08-03,10.474747641615506,10.474747641615506,10.221734749302048,10.449446678161621,8773637
2552,2015-07-31,10.55065161790203,10.55065161790203,10.297638725588572,10.449446678161621,8353970
2553,2015-07-30,10.14583087051395,10.398843765258789,10.14583087051395,10.398843765258789,7707029
2554,2015-07-29,10.247034238372905,10.348239163551558,10.069925347829084,10.120527267456055,12864551
2555,2015-07-28,10.120527083992998,10.398841980594941,10.06992516528333,10.221733093261719,12918556
2556,2015-07-27,11.056679892904318,11.056679892904318,10.145832061767578,10.145832061767578,21840709
2557,2015-07-24,11.233786759381363,11.284389769308127,11.081978815525876,11.107279777526855,6877820
2558,2015-07-23,11.233786582946777,11.259088630475174,11.10727960307915,11.233786582946777,8406850
2559,2015-07-22,11.436196469522267,11.436196469522267,11.15788157407792,11.284388542175293,9069542
2560,2015-07-21,11.410895233914404,11.512101249942418,11.385594272869781,11.436197280883789,7935427
2561,2015-07-20,11.486800261081031,11.486800261081031,11.30969134560474,11.385595321655273,7604644
2562,2015-07-17,11.334992308979963,11.410896285030498,11.284390382229516,11.385595321655273,8574492
2563,2015-07-16,11.208484548614448,11.436196439027718,11.208484548614448,11.410894393920898,13090699
2564,2015-07-15,11.537401454491798,11.58800445918782,11.23378559816505,11.360291481018066,13098575
2565,2015-07-14,11.562704069698308,11.613307081640864,11.410896119795488,11.537403106689453,13380978
2566,2015-07-13,11.765115031543683,11.765115031543683,11.43619816872919,11.537403106689453,18849031
2567,2015-07-10,11.689209938049316,11.689209938049316,11.689209938049316,11.689209938049316,0
2568,2015-07-09,11.385594067296744,11.73981294514966,11.183183124820115,11.689209938049316,21039628
2569,2015-07-08,12.09403191172663,12.119333960696668,11.512102160213333,11.562704086303711,20043902
2570,2015-07-07,12.19523811340332,12.372347029149262,12.119334137237221,12.19523811340332,14466713
2571,2015-07-06,12.043430161071122,12.347044979810653,12.043430161071122,12.19523811340332,12721661
2572,2015-07-03,11.992828202475437,12.372348116665322,11.94222518527513,12.169937133789062,17926438
2573,2015-07-02,11.992827246920172,12.372347130870963,11.81571724379322,12.144635200500488,17267121
2574,2015-07-01,11.765114486350782,12.169935305357376,11.73981352451437,12.09403133392334,16587552
2575,2015-06-30,11.486799774873564,11.967525660128933,11.461498812569268,11.841018676757812,17303125
2576,2015-06-29,11.385593185444426,11.58800411224365,11.3096892236353,11.588004112243652,10988986
2577,2015-06-26,11.512100150434524,11.71451107723375,11.461497147253553,11.588004112243652,8990784
2578,2015-06-25,11.537401178507007,11.765113065305,11.461497216241009,11.512100219726562,16001368
2579,2015-06-24,11.436197317859452,11.486799240112305,11.385594309681835,11.486799240112305,4630968
2580,2015-06-23,11.537401361680942,11.562702320863078,11.410894393920898,11.410894393920898,8805140
2581,2015-06-22,11.461499297705808,11.588006286431652,11.385595321655273,11.385595321655273,9776113
2582,2015-06-18,11.183182593469027,11.486798449795776,11.183182593469027,11.360291481018066,11931831
2583,2015-06-17,11.107280630292175,11.28439063567113,11.081979666348705,11.157883644104004,12268241
2584,2015-06-16,11.385593705338636,11.486798630397185,11.006073878963191,11.081977844238281,16805825
2585,2015-06-15,11.436198334330584,11.562704237131566,11.385595321655273,11.385595321655273,10466933
2586,2015-06-12,11.385593434738764,11.638606284334168,11.385593434738764,11.410894393920898,15772970
2587,2015-06-11,11.89162004775895,11.94222305593657,11.461498278985879,11.486799240112305,17655285
2588,2015-06-10,11.638607783016443,11.91692271355677,11.638607783016443,11.739813804626465,10446681
2589,2015-06-09,12.094030737077833,12.094030737077833,11.53740200267303,11.689209938049316,27515783
2590,2015-06-08,12.220539177290647,12.245841226837282,11.96752628329841,12.144635200500488,12428007
2591,2015-06-05,12.144635947419307,12.34704584069175,12.119334982241485,12.245841979980469,12754290
2592,2015-06-04,12.397649082302994,12.473553065140973,12.14463616815139,12.169937133789062,21556055
2593,2015-06-03,12.65066076265513,12.65066076265513,12.448249816894531,12.448249816894531,9565717
2594,2015-06-02,12.600058555603026,12.751866503091314,12.498853619252445,12.600058555603027,7955679
2595,2015-06-01,12.67596252934717,12.751866503091314,12.54945554446532,12.600058555603027,9702981
2596,2015-05-29,13.004880193849186,13.004880193849186,12.751867294311523,12.751867294311523,12383002
2597,2015-05-28,12.80246802771075,13.030181027742797,12.701263094526904,12.979578018188477,17572027
2598,2015-05-27,12.701264264626765,12.827771257204585,12.650662336335554,12.726566314697266,8295464
2599,2015-05-26,12.928976246576418,12.954278296738634,12.751867325065408,12.802469253540039,8621747
2600,2015-05-25,12.397647378335426,12.878372174928792,12.397647378335426,12.853071212768555,20213794
2601,2015-05-22,12.473550796508789,12.600057773538563,12.44824983547274,12.473550796508789,10396051
2602,2015-05-21,12.600057773538563,12.650660781535425,12.44824983547274,12.473550796508789,10793216
2603,2015-05-20,12.802468346266492,12.903674367893379,12.650661485675807,12.675962448120117,14344076
2604,2015-05-19,12.903675928987427,12.979579911428088,12.802469895116575,12.954278945922852,13238089
2605,2015-05-18,13.030181205664645,13.131386140230402,12.80246820252327,12.853071212768555,17116356
2606,2015-05-15,13.106085861127074,13.257893813849973,12.954277908404174,13.030181884765625,30175552
2607,2015-05-14,12.67596172365342,12.70126268465171,12.39764680897319,12.448249816894531,12316620
2608,2015-05-13,12.144635534360004,12.67596338649747,12.144635534360004,12.650662422180176,19002047
2609,2015-05-12,12.52415508445128,12.52415508445128,12.043430260088568,12.144635200500488,25428697
2610,2015-05-11,12.77716668860955,12.878370524278974,12.524152755737305,12.524152755737305,18082829
2611,2015-05-08,12.9036752512191,12.9036752512191,12.751867294311523,12.751867294311523,10968734
2612,2015-05-07,12.675962227472215,12.979578115218253,12.675962227472215,12.928975105285645,16036247
2613,2015-05-06,12.903675235566299,12.903675235566299,12.67596330048116,12.726566314697266,23579010
2614,2015-05-05,13.156687021095172,13.232590993031682,12.928975105285645,12.928975105285645,23635265
2615,2015-05-04,13.232590753398856,13.333795685506518,13.156686782836914,13.156686782836914,16444663
2616,2015-04-30,13.409699576979031,13.536206555811068,13.232590675354004,13.232590675354004,18862533
2617,2015-04-29,13.586809425743114,13.662713395082042,13.409699440002441,13.409699440002441,15694212
2618,2015-04-28,13.890425940294792,13.890425940294792,13.612111011309988,13.68801498413086,13285343
2619,2015-04-27,13.890425682067873,13.941027605724539,13.73861773924828,13.890425682067871,18185214
2620,2015-04-24,13.662711124646655,13.865120951964654,13.637410167713051,13.789216995239258,21954345
2621,2015-04-23,13.359098192481227,13.637413122756293,13.359098192481227,13.586810111999512,17764422
2622,2015-04-22,13.131384686324298,13.384397537687532,13.131384686324298,13.257891654968262,12622651
2623,2015-04-21,13.308496638722461,13.3844006202051,13.10608674538539,13.131387710571289,16489668
2624,2015-04-20,13.460301501688972,13.485603546972579,13.232589609684654,13.257891654968262,16488542
2625,2015-04-17,13.66271416673419,13.66271416673419,13.510906219482422,13.510906219482422,11988087
2626,2015-04-16,13.510905023354045,13.763917884399337,13.460302016775094,13.713315963745117,20237422
2627,2015-04-15,13.612111237853346,13.637413286497944,13.435002326965332,13.435002326965332,16377156
2628,2015-04-14,13.510907102480987,13.612112045288086,13.485606138260437,13.612112045288086,14233814
2629,2015-04-13,13.763919120261106,13.763919120261106,13.510906236497796,13.53620719909668,10120398
2630,2015-04-10,13.662714021832175,13.68801498413086,13.460303065668244,13.68801498413086,13202085
2631,2015-04-09,13.460301217885451,13.637411187437664,13.460301217885451,13.561507225036621,11697808
2632,2015-04-08,13.637413286497944,13.637413286497944,13.409700278320734,13.435002326965332,14374454
2633,2015-04-07,13.662712076249516,13.688013034945321,13.561507155541632,13.637411117553711,7566390
2634,2015-04-02,13.56150924762039,13.637413221341866,13.510906236497796,13.53620719909668,12901680
2635,2015-04-01,13.460303208423557,13.63741320416717,13.359098272230655,13.510906219482422,13401230
2636,2015-03-31,13.73861824054565,13.789220166048688,13.435002343828069,13.46030330657959,27172623
2637,2015-03-30,13.814521967473919,13.839822929772604,13.662714021832175,13.68801498413086,13522742
2638,2015-03-27,13.738617817707508,13.966329733237325,13.738617817707508,13.814521789550781,14779495
2639,2015-03-26,13.662713863279912,13.839822769165039,13.662713863279912,13.839822769165039,14229314
2640,2015-03-25,13.966329733237325,14.042233705080598,13.814521789550781,13.814521789550781,17537149
2641,2015-03-24,14.016931573319347,14.118136498689347,13.941026521885957,14.067533493041992,9903251
2642,2015-03-23,13.915725522804008,14.244643429697717,13.915725522804008,14.016931533813477,16526796
2643,2015-03-20,13.96632871418602,14.067533640617711,13.91572570800781,13.915725708007812,30176677
2644,2015-03-19,13.76391847033666,14.143438321023325,13.76391847033666,14.11813735961914,30942880
2645,2015-03-18,13.662713942118858,13.89042585925292,13.662713942118858,13.76391887664795,22024102
2646,2015-03-17,13.99163079378201,14.09283681423591,13.76391887664795,13.76391887664795,21506550
2647,2015-03-16,14.168739652974125,14.194040613100867,13.91572570800781,13.915725708007812,27838691
2648,2015-03-13,14.345847241812503,14.44705215904565,14.16873836517334,14.16873836517334,34251839
2649,2015-03-12,14.345849926801273,14.59886281020069,14.29524691575146,14.447054862976074,24214699
2650,2015-03-11,14.29524691575146,14.548260885075702,14.219342942139152,14.447054862976074,38324751
2651,2015-03-10,14.700070381164553,14.801275328002752,14.522960366791525,14.70007038116455,20076530
2652,2015-03-09,14.472357555574032,14.750672520730728,14.472357555574032,14.598864555358887,17219866
2653,2015-03-06,14.548259754126029,14.624163721837729,14.472354700489586,14.57356071472168,25662720
2654,2015-03-05,14.80127544688351,14.80127544688351,14.472357466648912,14.674768447875977,34503865
2655,2015-03-04,14.826576144578382,14.953083141301468,14.750672163729517,14.902480125427246,13780393
2656,2015-03-03,15.104889249836924,15.104889249836924,14.775971315895598,14.826574325561523,21635938
2657,2015-03-02,15.079588890075685,15.130190815837286,14.927779855016357,15.079588890075684,22057856
2658,2015-02-26,14.775973995330766,15.104891988917192,14.700071095955048,15.00368595123291,26018256
2659,2015-02-25,14.725372339811253,14.87718031327245,14.700071372876058,14.77597427368164,16327651
2660,2015-02-24,14.978384256450838,15.02898727283241,14.674768330011295,14.70007038116455,18944666
2661,2015-02-13,14.902480394534567,14.978384376754098,14.674768447875977,14.674768447875977,21981348
2662,2015-02-12,14.598863334083596,14.80127429962158,14.573562370613175,14.801274299621582,16056499
2663,2015-02-11,14.472356765447469,14.548261829914267,14.320548808363668,14.421754837036133,6617919
2664,2015-02-10,14.522959779783701,14.573562794119933,14.421754837036133,14.421754837036133,6961079
2665,2015-02-09,14.725372613535251,14.725372613535251,14.522961616516112,14.522961616516113,5839340
2666,2015-02-06,14.851877258459382,14.851877258459382,14.59886434840141,14.70007038116455,11937457
2667,2015-02-05,14.522959389320075,14.877178308300394,14.472356376344353,14.851876258850098,15894482
2668,2015-02-04,14.497660649110609,14.649468625393704,14.472358595780069,14.522961616516113,12386377
2669,2015-02-03,14.4470558012418,14.548261829914267,14.320548808363668,14.421754837036133,11598798
2670,2015-02-02,14.674766783812997,14.72536979486281,14.42175390041358,14.447054862976074,14183184
2671,2015-01-30,14.750672430095507,14.851877377746565,14.674768447875977,14.674768447875977,9196680
2672,2015-01-29,14.92778126918661,14.95308332038922,14.700070409837735,14.750672340393066,11252263
2673,2015-01-28,14.927782058715822,14.978385077872485,14.851878072943325,14.92778205871582,6863194
2674,2015-01-27,14.927780051916116,15.028986076623923,14.877178125487067,14.97838306427002,9824493
2675,2015-01-26,14.92777925896858,14.978382268634507,14.775971315895598,14.826574325561523,15191286
2676,2015-01-23,15.332601978897637,15.35790294211216,14.953082101055495,14.97838306427002,29445353
2677,2015-01-22,14.927778853008578,15.256696778005,14.927778853008578,15.180792808532715,22422393
2678,2015-01-21,15.180796068574141,15.180796068574141,14.927782058715822,14.92778205871582,11344522
2679,2015-01-20,15.02898504164064,15.18079298232312,14.87717710095816,15.054286003112793,18829904
2680,2015-01-19,15.35790294211216,15.408505954466065,14.927780051916116,14.97838306427002,18166087
2681,2015-01-16,15.408503769257836,15.43380472888422,14.978380940061092,15.206092834472656,38610530
2682,2015-01-15,15.484408784041955,15.509709745383969,15.130189895629883,15.130189895629883,24447598
2683,2015-01-14,15.509707472846129,15.610913475234671,15.180790679894912,15.535008430480957,35688610
2684,2015-01-13,14.674766611933611,15.56031332234677,14.674766611933611,15.509710311889648,43664541
2685,2015-01-12,14.674765643029033,14.826573578452434,14.573560714721681,14.57356071472168,8658875
2686,2015-01-09,14.877179324146889,14.927781254652954,14.725371360778809,14.725371360778809,18750021
2687,2015-01-08,14.371151569528445,14.72537049179213,14.371151569528445,14.649466514587402,15840477
2688,2015-01-07,14.219344067049219,14.396452990847635,14.16874213792105,14.320549011230469,11053118
2689,2015-01-06,14.421754147162382,14.447055110157763,14.168741259434046,14.219343185424805,16403034
2690,2015-01-05,14.37115257958812,14.700070561209472,14.37115257958812,14.548262596130371,9389074
2691,2014-12-31,14.573564637252156,14.674769592799208,14.447057628374564,14.522961616516113,6426650
2692,2014-12-30,14.72536865014508,14.826573578452434,14.573560714721681,14.57356071472168,5855092
2693,2014-12-29,14.725371464663981,14.80127544688351,14.624166517012924,14.674768447875977,7437002
2694,2014-12-26,14.72537049179213,14.826575432756806,14.598863501142626,14.649466514587402,6039610
2695,2014-12-25,14.725371360778809,14.826576307715882,14.624166413841737,14.725371360778809,8829893
2696,2014-12-24,14.573562537382676,14.826575432756806,14.573562537382676,14.649466514587402,12755415
2697,2014-12-23,14.674769592799208,14.725372613535251,14.497660649110609,14.522961616516113,12200734
2698,2014-12-22,14.42175456733835,14.775972403293142,14.42175456733835,14.624165534973145,31161152
2699,2014-12-19,14.194042305118113,14.219343268260888,14.016933391269,14.143439292907715,10738086
2700,2014-12-18,14.067533566429555,14.219341498238864,13.96632864053159,13.991629600524902,10761713
2701,2014-12-17,14.29524553953256,14.37114950583751,13.91572570800781,13.915725708007812,19297952
2702,2014-12-16,14.042233254876708,14.421753101925395,14.016932293715051,14.295246124267578,17504520
2703,2014-12-15,13.991628557613934,14.143436478107752,13.890423639259602,14.042231559753418,10777465
2704,2014-12-12,13.890425603603928,14.118137516547023,13.890425603603928,13.966329574584961,14225939
2705,2014-12-11,14.143437702070356,14.194040708588988,13.7892188282894,13.86512279510498,14593851
2706,2014-12-10,14.143436321421584,14.269943282406487,14.042231404188437,14.16873836517334,15199162
2707,2014-12-09,13.915725522804008,14.194040424192982,13.890424563013994,14.016931533813477,15578325
2708,2014-12-08,14.37115039117553,14.472355323841974,13.96632957458496,13.966329574584961,20511949
2709,2014-12-05,14.573562881510217,14.649466860507275,14.345850944519043,14.345850944519043,13568872
2710,2014-12-04,14.168742683432624,14.87717949182677,14.06753664942992,14.548262596130371,32067993
2711,2014-12-03,13.941026521885957,14.269944429706703,13.915725562024637,14.067533493041992,16441288
2712,2014-12-02,14.320545356708992,14.320545356708992,14.04223155975342,14.042231559753418,17222117
2713,2014-12-01,13.89042718401647,14.624166015624047,13.89042718401647,14.320549011230469,22690170
2714,2014-11-28,14.219344067049219,14.37115202628355,14.067536107814886,14.320549011230469,13425983
2715,2014-11-27,14.067535235602834,14.396452098242156,13.890426322785485,14.219343185424805,18017572
2716,2014-11-26,13.63741170733974,14.16873946440297,13.63741170733974,14.016931533813477,18321353
2717,2014-11-25,13.814520000273674,13.814520000273674,13.51090415222536,13.637411117553711,28984056
2718,2014-11-24,14.219342628865169,14.219342628865169,13.839822769165039,13.839822769165039,12291868
2719,2014-11-21,13.865122517299273,14.118136458898237,13.865122517299273,14.016931533813477,11218509
2720,2014-11-20,13.966329751040016,14.143438656925143,13.763918797225012,13.839822769165039,15597452
2721,2014-11-19,14.067533640617711,14.269944579405818,13.890424747881069,13.915725708007812,16666310
2722,2014-11-18,14.269944579405818,14.421752512015717,13.91572570800781,13.915725708007812,22309881
2723,2014-11-17,14.92777966721241,14.92777966721241,14.447054862976074,14.447054862976074,15199162
2724,2014-11-14,14.649466198781782,14.97838306427002,14.598863186427879,14.97838306427002,24501603
2725,2014-11-13,14.295247874598049,14.47235679626465,13.941028945339948,14.472356796264648,18676889
2726,2014-11-12,14.750669940726002,14.82657391013574,14.26994516310592,14.295246124267578,17628283
2727,2014-11-11,14.725371375115401,14.978384285666886,14.64946739335746,14.750672340393066,16569551
2728,2014-11-10,14.649466514587404,14.775972419312028,14.548261573622728,14.649466514587402,11952084
2729,2014-11-07,14.472357466648912,14.826576412315038,14.472357466648912,14.674768447875977,17860056
2730,2014-11-06,15.20609530229525,15.231397351952648,14.497658544460787,14.624165534973145,38513770
2731,2014-11-05,15.433806599264996,15.509710573267446,15.180793714565109,15.307299613952637,17686789
2732,2014-11-04,16.09163994725102,16.09163994725102,15.484408210150049,15.610915184020996,20356684
2733,2014-11-03,16.142244519710903,16.420558368927576,16.015737533569336,16.015737533569336,11131876
2734,2014-10-31,16.44585720444176,16.44585720444176,15.838625486990086,16.142242431640625,19141561
2735,2014-10-30,16.42055632584439,16.42055632584439,16.04103650056525,16.243446350097656,13301095
2736,2014-10-29,15.939833083039723,16.471160888671875,15.939833083039723,16.471160888671875,22824058
2737,2014-10-28,15.661517921873077,15.838626825792185,15.636216960148861,15.78802490234375,8535113
2738,2014-10-27,15.433807373046875,15.50971135085481,15.256698453469989,15.433807373046875,4925748
2739,2014-10-24,15.686818553227672,15.686818553227672,15.231394767761229,15.23139476776123,7287362
2740,2014-10-23,15.408505201728488,15.63621711730957,15.332601229868127,15.63621711730957,6893572
2741,2014-10-22,15.661518321226435,15.686820369520621,15.4085054397583,15.4085054397583,5492805
2742,2014-10-21,15.408506510195977,15.433807474323016,15.23139758945691,15.383204460144043,8187453
2743,2014-10-20,15.332601547241213,15.686820451896557,15.256697573809697,15.332601547241211,16526796
2744,2014-10-17,15.686820686613627,15.838627549823272,15.079588890075685,15.079588890075684,26203900
2745,2014-10-16,15.459107125685525,15.965133966729534,15.180793286147404,15.63621711730957,19976395
2746,2014-10-15,16.06633790092199,16.09163994725102,15.585613137691965,15.610915184020996,13860277
2747,2014-10-14,15.48440873315647,16.116941452026367,15.48440873315647,16.116941452026367,15077650
2748,2014-10-13,15.585613250732424,15.889229121484997,15.459106275943936,15.585613250732422,14227064
2749,2014-10-09,16.44585748889814,16.49646049486927,15.914529726937793,15.990433692932129,13795020
2750,2014-10-08,15.636215908908378,16.19284463089193,15.585612902937248,15.990433692932129,13932284
2751,2014-10-07,16.268750759476696,16.294051722863134,15.712121963500975,15.712121963500977,13428233
2752,2014-10-06,16.26875012732807,16.597666982270646,16.091641218655116,16.36995506286621,12579897
2753,2014-10-03,16.091639505910706,16.31935140107819,15.965132535509426,16.243446350097656,12574271
2754,2014-10-02,15.712120624338125,16.167544442026905,15.636216654723329,16.09164047241211,15722340
2755,2014-10-01,15.76272458543605,15.939834594726562,15.535012647141029,15.939834594726562,11273640
2756,2014-09-30,15.38320400985294,15.712121963500975,15.28199907038232,15.712121963500977,21245524
2757,2014-09-29,15.965134297195561,15.965134297195561,15.332601547241213,15.332601547241211,20887737
2758,2014-09-26,15.788026650807574,16.066340518370545,15.762724600356458,15.96513557434082,11462659
2759,2014-09-25,16.26874937287171,16.26874937287171,15.788024593952922,16.09164047241211,20900114
2760,2014-09-24,15.914532234258727,16.39525815191062,15.889231270249377,16.294052124023438,21826082
2761,2014-09-23,15.484408120587679,15.914529874596537,15.484408120587679,15.83862590789795,18885035
2762,2014-09-22,16.142244243732033,16.142244243732033,15.459107398986816,15.459107398986816,29357594
2763,2014-09-19,16.572364174219096,16.749473063167603,16.142242431640625,16.142242431640625,21709071
2764,2014-09-18,16.395256951193485,16.648269830532104,16.34465394095584,16.52176284790039,12327872
2765,2014-09-17,16.80007792158126,16.951885867691026,16.344654083251953,16.344654083251953,24176445
2766,2014-09-16,17.179596413341503,17.204898459620104,16.749473571777344,16.749473571777344,13169457
2767,2014-09-15,16.521763862168108,17.20490074157715,16.420558921404673,17.20490074157715,29034687
2768,2014-09-12,17.20490038507915,17.20490038507915,16.547065568935437,16.69887351989746,24959524
2769,2014-09-11,17.07839288460922,17.179597820237444,16.92658493820447,17.128995895385742,19621984
2770,2014-09-10,17.103692107955034,17.28080099877744,16.850679251648064,17.002487182617188,17802675
2771,2014-09-09,17.204899025013656,17.306102869754927,16.901282061166004,17.10369300842285,22313257
2772,2014-09-05,17.432608929746564,17.45791097552456,16.800076246016783,17.002487182617188,26134143
2773,2014-09-04,17.55911932715089,17.736228252532335,17.40731136655967,17.508516311645508,14412707
2774,2014-09-03,17.306102414627073,17.685623337974548,17.280801454107138,17.55911636352539,23141340
2775,2014-09-02,17.710926531319203,17.710926531319203,16.977187724490882,17.20490074157715,22375138
2776,2014-09-01,17.786830030924524,17.786830030924524,17.584419068906055,17.710926055908203,16518921
2777,2014-08-29,17.710926055908203,17.710926055908203,17.382009192812433,17.710926055908203,17249119
2778,2014-08-28,17.710926055908203,17.710926055908203,17.457913167828753,17.710926055908203,20489447
2779,2014-08-27,17.20489956746368,17.913336276311657,17.1289955955898,17.45791244506836,49529760
2780,2014-08-26,16.800077954225575,17.128995895385742,16.648270007820827,17.128995895385742,49175349
2781,2014-08-25,16.698873503443657,16.800078442010335,16.59766747895213,16.673572540283203,20918116
2782,2014-08-22,16.85067973625119,16.85067973625119,16.521761819075707,16.597665786743164,29907775
2783,2014-08-21,16.5470635330153,16.850679397583008,16.52176148701818,16.850679397583008,54778416
2784,2014-08-20,16.951884780544002,17.00248778797696,16.2434470201816,16.39525604248047,46128541
2785,2014-08-19,16.951886409525876,17.078393397302513,16.47116159345443,16.69887351989746,39130333
2786,2014-08-18,16.52176148701818,16.850679397583008,16.395255600731446,16.850679397583008,50039436
2787,2014-08-15,16.04103629926866,16.42055611978526,16.015735339875786,16.319351196289062,48863692
2788,2014-08-14,16.19284463089193,16.44585748889814,15.914529726937793,15.990433692932129,51263560
2789,2014-08-13,15.990434724982665,15.990434724982665,15.560312947203768,15.914530754089355,28477755
2790,2014-08-12,15.686819060425496,16.01573588747781,15.408504153889089,15.83862590789795,37781321
2791,2014-08-11,15.079588352308523,15.63621711730957,14.927779322663,15.63621711730957,45020304
2792,2014-08-08,14.801276326541851,14.95308430000305,14.674769320015848,14.77597427368164,15257668
2793,2014-08-07,14.92778224714284,14.978385266938245,14.674769320015848,14.77597427368164,12587773
2794,2014-08-06,15.180792149498503,15.332600081852735,14.598861380165705,14.877176284790039,21440168
2795,2014-08-05,15.180796068574141,15.43380899250746,14.90248109209999,14.92778205871582,26597690
2796,2014-08-04,14.573564091812191,15.079591022458619,14.52296107297005,15.00368595123291,23703897
2797,2014-08-01,14.19404301660966,14.447055918494488,14.19404301660966,14.396452903747559,14297946
2798,2014-07-31,14.877178430072979,14.927780357538019,14.573562521583225,14.624165534973145,18537375
2799,2014-07-30,14.522959389320075,15.003684211852397,14.447055412818926,14.851876258850098,26300660
2800,2014-07-29,14.42175404709628,14.573561995864923,14.269946098327637,14.269946098327637,27685675
2801,2014-07-28,14.230840907432832,14.371045828372894,14.160737935456424,14.2542085647583,31078235
2802,2014-07-25,14.441147604814864,14.464515260205802,14.160736763136264,14.230839729309082,17774731
2803,2014-07-24,14.487884354845773,14.581353962682277,14.347678408571861,14.37104606628418,22680914
2804,2014-07-23,14.34768009185791,14.34768009185791,14.34768009185791,14.34768009185791,0
2805,2014-07-22,14.020533868517054,14.394415412765587,13.95043191016843,14.34768009185791,39963306
2806,2014-07-21,14.160738775447737,14.160738775447737,13.880327893921354,13.950430870056152,16190980
2807,2014-07-18,13.973799258785949,14.020533555637824,13.740123682475105,13.83359432220459,32692972
2808,2014-07-17,14.394413600050445,14.55798617961543,14.0205321028855,14.067267417907715,25592491
2809,2014-07-16,14.16073983124009,14.417783073219427,14.090636849878573,14.34768009185791,27983036
2810,2014-07-15,14.394413600050445,14.62808915214875,14.067267417907715,14.067267417907715,24346148
2811,2014-07-14,14.347678690978322,14.347678690978322,14.13737079044072,14.300943374633789,23573782
2812,2014-07-11,14.067267417907715,14.371045942539338,13.950430153364943,14.067267417907715,41976276
2813,2014-07-10,13.786857573799958,14.16073804795214,13.716754601266638,14.067267417907715,32166203
2814,2014-07-09,13.927061385217028,14.020530984794803,13.623282884810727,13.670018196105957,23025208
2815,2014-07-08,14.02053451538086,14.11400516150866,13.856961907670145,14.02053451538086,18228050
2816,2014-07-07,14.300945884992228,14.371048871814759,13.903697672357158,13.973800659179688,50214074
2817,2014-07-04,13.319505446590588,14.067267417907715,13.296138812092243,14.067267417907715,76855513
2818,2014-07-03,12.99235985236546,13.319505000539815,12.99235985236546,13.155932426452637,37767860
2819,2014-07-02,13.085832217849056,13.22603715383515,12.898890939183778,12.945626258850098,41359990
2820,2014-07-01,12.78205388177343,12.992361800858058,12.688583240841204,12.968994140625,17413222
2821,2014-06-30,12.665213308427823,12.805419244672763,12.665213308427823,12.735316276550293,9357900
2822,2014-06-27,12.711948601805943,12.711948601805943,12.641846656799315,12.641846656799316,6068748
2823,2014-06-26,12.618479444183079,12.711950079071137,12.618479444183079,12.688582420349121,6395827
2824,2014-06-25,12.618478775024412,12.688581747472892,12.525009168105868,12.618478775024414,8848345
2825,2014-06-24,12.525009168105868,12.758684719921371,12.525009168105868,12.618478775024414,11330702
2826,2014-06-23,12.922258269970394,12.968993588446667,12.454907131233346,12.525010108947754,18864994
2827,2014-06-20,13.01572879044539,13.062464108503429,12.875523859284103,12.898890495300293,12698695
2828,2014-06-19,13.085831928449606,13.085831928449606,12.94562597255137,13.015728950500488,10592766
2829,2014-06-18,12.945625813358333,13.179301380635698,12.805420882197044,12.898890495300293,19812949
2830,2014-06-17,12.945625813358333,13.03909644947441,12.852156200255084,12.898890495300293,9939756
2831,2014-06-16,13.109198854669351,13.17930183416883,12.945626258850098,12.945626258850098,15751432
2832,2014-06-13,12.85215375756314,13.179298875766259,12.85215375756314,13.039093971252441,40552048
2833,2014-06-12,12.59511131350424,13.015727074550124,12.59511131350424,12.828786849975586,40736819
2834,2014-06-11,12.618478028663333,12.688580996965342,12.478273115072012,12.548376083374023,18935000
2835,2014-06-10,12.758684719921371,12.805420034887025,12.571744483071521,12.618478775024414,20080350
2836,2014-06-09,12.618480612257839,12.898891519866437,12.571746313500496,12.71195125579834,30832639
2837,2014-06-06,12.711947916946993,12.735315571694498,12.571743011474611,12.57174301147461,24751267
2838,2014-06-05,12.595111638259857,12.665213584899902,12.384803752314282,12.665213584899902,42387133
2839,2014-06-04,12.571743011474611,12.80541853593701,12.548375356727107,12.57174301147461,64551607
2840,2014-06-03,11.964186775851568,12.45490550994873,11.964186775851568,12.45490550994873,46541609
2841,2014-05-30,11.964188129876634,12.03429110639935,11.917452812194824,11.917452812194824,10745403
2842,2014-05-29,12.104393569164861,12.104393569164861,11.964187622070312,11.964187622070312,7464285
2843,2014-05-28,11.870719398852486,12.057659660446049,11.847351738276679,12.010924339294434,11032314
2844,2014-05-27,11.870718733484772,11.917453029003978,11.800615755686703,11.84735107421875,4456306
2845,2014-05-26,11.917453029003978,11.964188347536023,11.823983414952727,11.84735107421875,9989105
2846,2014-05-23,11.823982909294159,11.894085884094238,11.800615251027466,11.894085884094238,7270333
2847,2014-05-22,11.730513580151547,11.847350851270127,11.683778262498986,11.823983192443848,10514726
2848,2014-05-21,11.613675340332017,11.707144953061432,11.613675340332017,11.637042999267578,5616576
2849,2014-05-20,11.707144728428627,11.707144728428627,11.613675117492676,11.613675117492676,8571763
2850,2014-05-19,11.683777809143066,11.70714444404985,11.566939519545246,11.683777809143066,7579049
2851,2014-05-16,11.520203040335199,11.660408973693848,11.520203040335199,11.660408973693848,10572108
2852,2014-05-15,11.543571247068583,11.590306560419615,11.403366330028213,11.520203590393066,27667433
2853,2014-05-14,11.637041561936385,11.777246475219727,11.637041561936385,11.777246475219727,4931432
2854,2014-05-13,11.683778317138698,11.730513635009817,11.613675340332017,11.637042999267578,12112248
2855,2014-05-12,11.730513124982195,11.75387975988898,11.660410151223502,11.683777809143066,7696109
2856,2014-05-09,11.82398318492574,11.847350843737162,11.637042937447184,11.730513572692871,11312340
2857,2014-05-08,11.894086392750795,11.894086392750795,11.777248096420681,11.84735107421875,7027032
2858,2014-05-07,11.823982013490951,11.917451616463527,11.777246700498305,11.800614356994629,6211056
2859,2014-05-06,11.870718510096406,11.940821486575246,11.777247874791287,11.823983192443848,6938663
2860,2014-05-05,11.823982909294159,11.917452519348137,11.730513299240181,11.894085884094238,7598559
2861,2014-05-02,11.777246475219727,11.870717099417087,11.730512186133744,11.777246475219727,6329264
2862,2014-04-30,11.823981787318406,11.870717099417087,11.753878819170387,11.777246475219727,7939410
2863,2014-04-29,11.777247874791287,11.870718510096406,11.777247874791287,11.823983192443848,8305509
2864,2014-04-28,11.590308848461039,11.800616777044818,11.543573525883993,11.753881454467773,11437433
2865,2014-04-25,12.10439535078269,12.17449833464826,11.753881454467772,11.753881454467773,23129644
2866,2014-04-24,12.104394912719728,12.151130233605404,12.034291931391214,12.104394912719727,7616922
2867,2014-04-23,12.17449789404824,12.197864531478189,12.034291931391214,12.104394912719727,10238144
2868,2014-04-22,12.104393229951759,12.197862835715958,12.104393229951759,12.127760887145996,11679586
2869,2014-04-21,12.057659591834051,12.151130233605404,12.034291931391214,12.104394912719727,7049985
2870,2014-04-18,12.15112882644258,12.221230776640038,12.03429053775886,12.057658195495605,8997539
2871,2014-04-17,12.104394912719728,12.104394912719728,12.010924270948376,12.104394912719727,8955076
2872,2014-04-16,11.964187564548629,12.104393510969093,11.964187564548629,12.057658195495605,11448909
2873,2014-04-15,11.964187622070312,12.104393569164861,11.940820987233998,11.964187622070312,10939355
2874,2014-04-14,12.010923447558444,12.010923447558444,11.870718517525836,11.917452812194824,10813114
2875,2014-04-11,12.104394981597665,12.127762642173472,11.917453696991204,12.010924339294434,23820526
2876,2014-04-10,12.29133156027042,12.314699213844445,12.081023701116775,12.22122859954834,21402437
2877,2014-04-09,12.221228599548342,12.29133156027042,12.151126661838854,12.22122859954834,17596846
2878,2014-04-08,12.151130234594117,12.36143815558388,12.151130234594117,12.197864532470703,30733942
2879,2014-04-07,11.82398351316636,12.151129722595217,11.800615853706239,12.151129722595215,33855537
2880,2014-04-03,11.917453029003978,11.917453029003978,11.800615755686703,11.84735107421875,11273320
2881,2014-04-02,11.800615251027466,12.01092315241491,11.777247592760773,11.894085884094238,28457013
2882,2014-04-01,11.637042937447184,11.730513572692871,11.61367527863576,11.730513572692871,14118333
2883,2014-03-31,11.730514374339192,11.753881011734636,11.590308411889188,11.707145690917969,11932068
2884,2014-03-28,11.566939519545246,11.777247417808542,11.566939519545246,11.683777809143066,23780359
2885,2014-03-27,11.543572648105553,11.637043286152094,11.520204988593916,11.566940307617188,14427049
2886,2014-03-26,11.683776906500542,11.707143539602113,11.590306282043459,11.590306282043457,17203203
2887,2014-03-25,11.61367540302741,11.660410721150825,11.520204766780576,11.543572425842285,19267817
2888,2014-03-24,11.590307459005487,11.683778092954242,11.543572142031108,11.613675117492676,5373275
2889,2014-03-21,11.63704249330394,11.683777809143066,11.59030717746481,11.683777809143066,8212550
2890,2014-03-20,11.637041594272,11.683776906500542,11.590306282043459,11.590306282043457,7501009
2891,2014-03-19,11.730511940373173,11.753878572920271,11.637041318134074,11.660408973693848,5462791
2892,2014-03-18,11.823983992959638,11.823983992959638,11.683779053522525,11.707145690917969,8889660
2893,2014-03-17,11.637042937447184,11.730513572692871,11.637042937447184,11.730513572692871,4871754
2894,2014-03-14,11.683778317138698,11.730513635009817,11.613675340332017,11.637042999267578,10651296
2895,2014-03-13,11.82398443833334,11.917454060474507,11.730514816192176,11.753881454467773,17843589
2896,2014-03-12,11.613676509749562,11.753881454467772,11.590308848461039,11.753881454467773,8460441
2897,2014-03-11,11.683778092954242,11.707144728428627,11.590307459005487,11.613675117492676,6579450
2898,2014-03-10,11.660410596258606,11.753880208491474,11.61367527863576,11.730513572692871,5676253
2899,2014-03-07,11.84735090667479,11.89408622454591,11.613675340332017,11.637042999267578,19202401
2900,2014-03-06,11.777248096420681,11.94082171128284,11.707145118622613,11.84735107421875,22301044
2901,2014-03-05,11.68377949361513,11.777249115756295,11.590308848461039,11.753881454467773,14373110
2902,2014-03-04,11.61367540302741,11.683778380212534,11.543572425842285,11.543572425842285,10737369
2903,2014-03-03,11.777247929868112,11.777247929868112,11.613675340332017,11.637042999267578,16104907
2904,2014-02-27,11.870717099417087,11.894084755466427,11.730512186133744,11.777246475219727,12117987
2905,2014-02-26,11.660410603672707,11.964188122388707,11.590307627193866,11.823983192443848,26899659
2906,2014-02-25,11.590306007014524,11.683776629253623,11.590306007014524,11.660408973693848,4022496
2907,2014-02-24,11.637041594272,11.683776906500542,11.590306282043459,11.590306282043457,5991856
2908,2014-02-21,11.683778317138698,11.730513635009817,11.613675340332017,11.637042999267578,9959266
2909,2014-02-20,11.683778092954242,11.707144728428627,11.566939800518298,11.613675117492676,9065250
2910,2014-02-19,11.730511940373173,11.753878572920271,11.637041318134074,11.660408973693848,7208360
2911,2014-02-18,11.637042937447184,11.730513572692871,11.61367527863576,11.730513572692871,5360651
2912,2014-02-17,11.683776906500542,11.707143539602113,11.590306282043459,11.590306282043457,5982675
2913,2014-02-14,11.753880270932552,11.777247929868112,11.637042999267578,11.637042999267578,10506693
2914,2014-02-13,11.543570695894974,11.707143261800722,11.473468752228326,11.660408973693848,10109607
2915,2014-02-12,11.520204766780576,11.5903077439657,11.473470471669991,11.543572425842285,9256907
2916,2014-02-11,11.52020336483616,11.543571021054154,11.450101419194882,11.496835708618164,16390670
2917,2014-02-10,11.800615588803671,11.800615588803671,11.637042999267578,11.637042999267578,9073284
2918,2014-02-07,11.660410151223502,11.777247417808542,11.660410151223502,11.683777809143066,8265341
2919,2014-02-06,11.61367393815773,11.683776906500542,11.543570969814915,11.590306282043457,10216338
2920,2014-02-05,11.637043062089118,11.637043062089118,11.49683710771887,11.543572425842285,27253133
2921,2014-01-27,11.660410596258606,11.777247867302895,11.590307619824339,11.730513572692871,18905161
2922,2014-01-24,11.70714444404985,11.800615075728107,11.63704249330394,11.683777809143066,19390615
2923,2014-01-23,11.77724867214297,11.847351653367973,11.707145690917969,11.707145690917969,16923178
2924,2014-01-22,11.777249115756295,11.847352099621864,11.660411832326607,11.753881454467773,17027613
2925,2014-01-21,11.753878819170387,11.870717099417087,11.730512186133744,11.777246475219727,19651131
2926,2014-01-20,11.89408742219891,11.940822744775955,11.753881454467772,11.753881454467773,24665193
2927,2014-01-17,12.127761741762969,12.127761741762969,11.89408617636674,11.917452812194824,21808704
2928,2014-01-16,12.244598150104432,12.478273699034052,12.057657915563285,12.127760887145996,29976496
2929,2014-01-15,11.964188446914243,12.338069975263343,11.940821810466968,12.151129722595215,36373471
2930,2014-01-14,11.823983199844026,11.964188129876634,11.777247882162216,11.917452812194824,14710518
2931,2014-01-13,11.940821486575246,11.964188122388707,11.753880215965006,11.823983192443848,15121375
2932,2014-01-10,11.847350851270127,11.987555781214986,11.777247874791287,11.823983192443848,18341667
2933,2014-01-09,11.730512410518376,11.870717326483598,11.637041784533084,11.800614356994629,14326056
2934,2014-01-08,11.637042937447184,11.847350843737162,11.61367527863576,11.730513572692871,22488110
2935,2014-01-07,11.637043286152094,11.660410945663731,11.520204988593916,11.566940307617188,15090388
2936,2014-01-06,11.5903077439657,11.660410721150825,11.520204766780576,11.543572425842285,9854830
2937,2014-01-03,11.590306560419615,11.613674217095129,11.47346930005476,11.520203590393066,16536421
2938,2014-01-02,11.730513635009817,11.730513635009817,11.613675340332017,11.637042999267578,10072883
2939,2013-12-31,11.77724867214297,11.800616332551305,11.637043732705855,11.707145690917969,15784714
2940,2013-12-30,11.753878819170387,11.847349443367746,11.753878819170387,11.777246475219727,15500097
2941,2013-12-27,11.753880208491474,11.800615526114317,11.660410596258606,11.730513572692871,14026521
2942,2013-12-26,11.870719760910386,11.89408742219891,11.707146131890726,11.753881454467773,13467618
2943,2013-12-25,11.730511193550866,11.964185688246388,11.683775885406718,11.870716094970703,11910263
2944,2013-12-24,11.730513124982195,11.777247417808542,11.63704249330394,11.683777809143066,7103924
2945,2013-12-23,11.426733441108775,11.683776629253623,11.426733441108775,11.660408973693848,9196082
2946,2013-12-20,11.590305806665073,11.590305806665073,11.309894967807619,11.450100898742676,27482663
2947,2013-12-19,11.777247929868112,11.777247929868112,11.637042999267578,11.637042999267578,9644811
2948,2013-12-18,11.777247417808542,11.800615075728107,11.63704249330394,11.683777809143066,13364330
2949,2013-12-17,11.566939800518298,11.660410434467053,11.543572142031108,11.613675117492676,9142142
2950,2013-12-16,11.683778380212534,11.683778380212534,11.520204766780576,11.543572425842285,15622896
2951,2013-12-13,11.613674835384375,11.730513124982195,11.613674835384375,11.683777809143066,13463027
2952,2013-12-12,11.823981539599595,11.823981539599595,11.637041318134074,11.660408973693848,25621182
2953,2013-12-11,12.197864600887998,12.314702903767035,11.894087059428292,12.010924339294434,10567518
2954,2013-12-10,12.33807049513914,12.384805816028619,12.197864532470705,12.197864532470703,4731741
2955,2013-12-09,12.384805234466379,12.408171870800983,12.29133459707659,12.338069915771484,5839219
2956,2013-12-06,12.151130892260914,12.2913358395049,12.127763230551425,12.26796817779541,8538481
2957,2013-12-05,12.291333464492904,12.338068778881379,12.127760887145996,12.127760887145996,5904635
2958,2013-12-04,12.221232858466104,12.267968181900722,12.174498558044434,12.174498558044434,5229819
2959,2013-12-03,12.431541809761832,12.431541809761832,12.197865192666946,12.26796817779541,6610437
2960,2013-12-02,12.408170855075117,12.47827382737887,12.221230618611205,12.431539535522461,7332306
2961,2013-11-29,12.22123046594457,12.408170700073242,12.151128517529285,12.408170700073242,8399616
2962,2013-11-28,12.314699213844445,12.314699213844445,12.1043913546908,12.22122859954834,16798084
2963,2013-11-27,12.197863739369673,12.384805010772729,12.151129444531733,12.314702033996582,12441623
2964,2013-11-26,11.847351671825397,12.197864532470705,11.800616350935918,12.197864532470703,10115346
2965,2013-11-25,11.917453029003978,11.917453029003978,11.777248096420681,11.84735107421875,4058073
2966,2013-11-22,11.753878819170387,11.964186700601747,11.730512186133744,11.777246475219727,5391637
2967,2013-11-21,11.683777809143066,11.777247417808542,11.63704249330394,11.683777809143066,5435248
2968,2013-11-20,11.870719313776307,11.870719313776307,11.707145690917969,11.707145690917969,4560742
2969,2013-11-19,11.683778482369428,11.870718733484772,11.660410823103406,11.84735107421875,5683139
2970,2013-11-18,11.777247417808542,11.847350391567236,11.543571861625683,11.683777809143066,8140248
2971,2013-11-15,11.847350843737162,11.870718502548584,11.683778255070028,11.730513572692871,9526603
2972,2013-11-14,11.68377709752573,11.917451616463527,11.68377709752573,11.800614356994629,12531139
2973,2013-11-13,11.87071833783895,11.917452631800522,11.590307459005487,11.613675117492676,10696054
2974,2013-11-12,11.847351074218748,11.987556006802047,11.753880437154658,11.84735107421875,11688767
2975,2013-11-11,12.151129621664206,12.174497280930229,11.777248096420681,11.84735107421875,16653481
2976,2013-11-08,12.408171361021578,12.431540042421785,12.314701750484753,12.384804725646973,5322779
2977,2013-11-07,12.38480406594331,12.525008985786627,12.291333437372602,12.408170700073242,7848746
2978,2013-11-06,12.52500965295861,12.571744969733423,12.244598775322533,12.384804725646973,10196828
2979,2013-11-05,12.89889061073226,12.992361247684803,12.525010108947756,12.525010108947754,18497747
2980,2013-11-04,12.968993472387352,13.03909644947441,12.898890495300293,12.898890495300293,11528097
2981,2013-11-01,13.039094730498528,13.039094730498528,12.828786849975586,12.828786849975586,6515182
2982,2013-10-31,12.898890495300293,13.132567085590487,12.805420882197044,12.898890495300293,11004771
2983,2013-10-30,12.898890495300293,12.922258154329313,12.805420882197044,12.898890495300293,5109317
2984,2013-10-29,12.805421540184827,12.898891158090874,12.711950899265899,12.875524520874023,7724800
2985,2013-10-28,12.758686219725362,12.94562647855034,12.758686219725362,12.875524520874023,5345732
2986,2013-10-25,12.80541941903249,12.898889021455775,12.78205176267349,12.852154731750488,7935967
2987,2013-10-24,12.992361800858058,12.992361800858058,12.71195090107426,12.968994140625,16483630
2988,2013-10-23,13.272770412567784,13.436342982988254,13.132565498352053,13.13256549835205,17329444
2989,2013-10-22,12.898888936304658,13.226035100158304,12.898888936304658,13.13256549835205,13741905
2990,2013-10-21,13.132567760388199,13.132567760388199,12.73531855949563,12.875524520874023,15905216
2991,2013-10-18,12.945624248714136,13.155932131544086,12.805419334498405,13.13256549835205,15562070
2992,2013-10-17,12.61847960996489,12.968993472387352,12.5951129739487,12.898890495300293,23752815
2993,2013-10-16,12.57174525916296,12.59511291808834,12.2913343750712,12.314702033996582,12913305
2994,2013-10-15,12.525008876109663,12.595111846923828,12.478273562233554,12.595111846923828,6795208
2995,2013-10-14,12.291334092097348,12.52500965295861,12.19786345854772,12.384804725646973,14446559
2996,2013-10-11,13.015728967808926,13.132567264546163,12.197863959686801,12.338069915771484,44964744
2997,2013-10-09,13.459712431485887,13.506447750118634,12.992361291184116,13.015728950500488,26898511
2998,2013-10-08,13.412978101571989,13.506448745727537,13.319507457416442,13.506448745727539,9582838
2999,2013-10-07,13.43634509716533,13.52981573669167,13.319506797757404,13.342875480651855,7867108
3000,2013-10-04,13.529815739951696,13.529815739951696,13.296140164092405,13.436345100402832,14936604
3001,2013-10-03,13.38960784416633,13.646651042738155,13.38960784416633,13.623283386230469,12667709
3002,2013-10-02,13.506447632416704,13.52981529152944,13.29613972341492,13.389609336853027,9346423
3003,2013-10-01,13.389607380138246,13.529813314325407,13.27277012466163,13.483078002929688,11969940
3004,2013-09-30,13.553182950642174,13.553182950642174,13.29613972341492,13.389609336853027,25473136
3005,2013-09-27,13.459710318290112,13.69338585175357,13.459710318290112,13.670018196105957,11507439
3006,2013-09-26,14.020534219544302,14.043902903596106,13.506448745727537,13.506448745727539,24651421
3007,2013-09-25,14.02053451538086,14.25421113070036,13.997167876861846,14.02053451538086,22376788
3008,2013-09-24,13.950432336189872,14.043902980859656,13.833595053365563,13.90369701385498,14159648
3009,2013-09-23,14.11400560981178,14.207476258908489,13.903697672357158,13.973800659179688,18451841
3010,2013-09-18,14.114002227783205,14.207472854482274,13.973797310747326,14.114002227783203,13087747
3011,2013-09-17,14.16073754113274,14.207472854482274,13.973797310747326,14.114002227783203,14122923
3012,2013-09-16,14.04390261886889,14.207475219811899,13.997167297738631,14.16073989868164,20516455
3013,2013-09-13,14.020530404250406,14.16073633233062,13.903693153862866,13.997163772583008,20573838
3014,2013-09-12,14.25421113070036,14.25421113070036,13.950432553797947,14.02053451538086,19237978
3015,2013-09-11,14.674824882377257,14.698192540549522,13.950430548075381,14.300943374633789,43647247
3016,2013-09-10,14.441148254924258,15.001968940515727,14.441148254924258,14.487883567810059,65054276
3017,2013-09-09,14.207474422446518,14.394414673463016,14.067268466924515,14.27757740020752,24546986
3018,2013-09-06,14.16073989868164,14.277578201507286,13.856961334347856,14.16073989868164,35984419
3019,2013-09-05,14.30094483905952,14.417783141885165,14.090636916986252,14.16073989868164,43582979
3020,2013-09-04,14.160737935456424,14.347678171047425,14.04390067184183,14.2542085647583,48765745
3021,2013-09-03,13.716754492298016,14.277576222083772,13.716754492298016,14.2542085647583,87880942
3022,2013-09-02,12.595112332633095,13.412976264953615,12.525009359115527,13.412976264953613,70673147
3023,2013-08-30,12.384803513682032,12.548376083374022,12.384803513682032,12.548376083374023,17828670
3024,2013-08-29,12.384804786228527,12.384804786228527,12.151129224224215,12.29133415222168,17995078
3025,2013-08-28,11.917453132785795,12.43154061810233,11.894086496329125,12.244599342346191,19746385
3026,2013-08-27,11.917453477085678,12.010924117664151,11.8473515196647,11.987556457519531,8626850
3027,2013-08-26,11.94082149404855,12.057658765240253,11.870718517525836,11.917452812194824,7494124
3028,2013-08-23,11.730512186133744,12.057657324799107,11.683776874035065,11.777246475219727,12692957
3029,2013-08-22,11.543572363525339,11.800615588803671,11.450102750795923,11.637042999267578,16990889
3030,2013-08-20,11.683776906500542,11.753878851830656,11.590306282043459,11.590306282043457,11454648
3031,2013-08-19,11.917453611580086,11.917453611580086,11.520205430664186,11.707145690917969,14979067
3032,2013-08-16,11.94082149404855,12.104394082922063,11.917452812194824,11.917452812194824,10434391
3033,2013-08-15,12.010924117664151,12.057659437953387,11.917453477085678,11.987556457519531,9779085
3034,2013-08-14,11.75388103004644,12.221232192915444,11.70714570915696,12.197864532470703,17593403
3035,2013-08-13,11.637043732705855,11.753881011734636,11.637043732705855,11.707145690917969,8010564
3036,2013-08-12,11.660410721150825,11.73051369833595,11.543572425842285,11.543572425842285,10063702
3037,2013-08-09,11.753878904003402,11.777246560221396,11.496835708618164,11.496835708618164,19863445
3038,2013-08-08,11.94082171128284,11.987556006802047,11.707145118622613,11.84735107421875,18990087
3039,2013-08-07,12.15113007853186,12.174497738676479,11.987556457519533,11.987556457519531,12972982
3040,2013-08-06,12.338069469225104,12.408171421717434,12.29133415222168,12.29133415222168,6550759
3041,2013-08-05,12.314702256424036,12.408171870800983,12.174497323352195,12.338069915771484,8996391
3042,2013-08-02,12.665214871851662,12.782053166478573,12.2913343750712,12.314702033996582,23984640
3043,2013-08-01,12.15112797568803,12.665213340864673,12.127760319587361,12.548376083374023,28360611
3044,2013-07-31,12.11284569102741,12.11284569102741,11.96564128292179,12.028729438781738,23318489
3045,2013-07-30,12.091815406226415,12.133874494775355,12.04975728435307,12.112844467163086,17869354
3046,2013-07-29,12.070785522460938,12.133873667646023,12.028727403454567,12.070785522460938,7548292
3047,2013-07-26,12.11284418512526,12.11284418512526,12.007698882890125,12.04975700378418,9875201
3048,2013-07-25,12.070786064231205,12.154903272694888,12.007698882890125,12.04975700378418,10706670
3049,2013-07-24,12.007697806887194,12.217989359188934,12.007697806887194,12.091814041137695,19729917
3050,2013-07-23,11.881522857673227,11.986669128980544,11.860493796746884,11.9656400680542,12506981
3051,2013-07-22,11.692258975216639,11.860493390212119,11.671229915011095,11.797405242919922,9941477
3052,2013-07-19,11.797404394015608,11.90255162082839,11.587112840416527,11.608141899108887,28756778
3053,2013-07-18,12.133874202762918,12.133874202762918,11.839464456707951,11.902552604675293,13569815
3054,2013-07-17,12.007698612992472,12.175932059462873,12.007698612992472,12.13387393951416,13733699
3055,2013-07-16,12.02872794333715,12.091815124678233,11.965639795320495,12.04975700378418,13358936
3056,2013-07-15,11.98666803340223,12.007698059082031,11.86049271270096,12.007698059082031,16752293
3057,2013-07-12,11.75534699365444,12.028727673356583,11.713288873704366,11.986668586730957,26199710
3058,2013-07-11,11.734316964315706,11.797404139029231,11.629170706451024,11.69225788116455,11257367
3059,2013-07-10,11.734317217938532,11.881521595460537,11.608141899108887,11.608141899108887,15394227
3060,2013-07-09,11.818434163942545,11.818434163942545,11.566082565062027,11.69225788116455,14633855
3061,2013-07-08,11.881522983664157,11.923581105962826,11.75534765009254,11.77637767791748,7255471
3062,2013-07-05,11.83946418762207,11.923580427432642,11.71328886123066,11.83946418762207,16545029
3063,2013-07-04,11.860493104409391,11.944610309880156,11.65020057407025,11.734317779541016,14172329
3064,2013-07-03,11.986669256086438,12.070786467359383,11.734318588943205,11.77637767791748,29688265
3065,2013-07-02,12.386224592557538,12.449311772480605,12.091814852889897,12.13387393951416,20584281
3066,2013-07-01,12.61754634265192,12.61754634265192,12.2390203583761,12.386224746704102,16566719
3067,2013-06-28,12.701663429587768,12.722692489624023,12.512399955910348,12.722692489624023,11303158
3068,2013-06-27,12.533428875663885,12.701663287422052,12.47034169626123,12.617546081542969,9859535
3069,2013-06-26,12.323134991108748,12.49136938439321,12.30210593361705,12.449310302734375,15367717
3070,2013-06-25,12.470342088939683,12.51240020986582,12.175932342429997,12.196961402893066,20748165
3071,2013-06-24,12.827838612902905,12.827838612902905,12.55445793546477,12.617546081542969,15566546
3072,2013-06-21,12.281076876125352,12.638573753510535,12.281076876125352,12.449310302734375,38964567
3073,2013-06-20,12.323136470297799,12.575488090515137,12.217990203542797,12.575488090515137,15038744
3074,2013-06-19,12.49136992594327,12.701662443328136,12.302106466961794,12.428281784057617,19705816
3075,2013-06-18,12.57548686033933,12.57548686033933,12.491369661828841,12.512398719787598,9179900
3076,2013-06-17,12.491370883776023,12.659604330578693,12.491370883776023,12.575488090515137,7381999
3077,2013-06-14,12.701662743596788,12.743720861397827,12.491370221240585,12.638574600219727,11227242
3078,2013-06-13,12.701664115263666,12.806810387796633,12.659605026245115,12.659605026245117,12778112
3079,2013-06-11,12.954013679964243,13.122247121690778,12.848867416381836,12.848867416381836,15293005
3080,2013-06-10,12.638575558822149,12.932985305786135,12.638575558822149,12.932985305786133,10278885
3081,2013-06-07,12.743721407023822,12.785779526625591,12.55445793546477,12.617546081542969,11377870
3082,2013-06-06,12.869895366717259,12.869895366717259,12.743720054626465,12.743720054626465,11937003
3083,2013-06-05,12.827837280883557,12.932983535645329,12.785778198973581,12.890924453735352,9294377
3084,2013-06-04,12.996073312704283,12.996073312704283,12.806810789548237,12.827839851379395,5672064
3085,2013-06-03,12.848866338500821,12.996070708497125,12.74372008373905,12.890924453735352,8273719
3086,2013-05-31,13.164306353973462,13.206364473205362,12.848867559707605,12.95401382446289,16478752
3087,2013-05-30,12.869897166444558,13.14327785310039,12.806809984914766,13.08018970489502,17403008
3088,2013-05-29,12.932983535645329,12.996070708497125,12.869895396118087,12.890924453735352,11887597
3089,2013-05-28,12.911955018729838,12.932984077227719,12.722691558897953,12.869895935058594,11898442
3090,2013-05-27,12.827837280883557,12.911954478028063,12.764749141356315,12.890924453735352,12821493
3091,2013-05-24,12.449311809126023,12.785779669732793,12.449311809126023,12.722692489624023,21472386
3092,2013-05-23,12.449310842461008,12.53342804275005,12.323135525365183,12.428281784057617,10541581
3093,2013-05-22,12.533429275729414,12.554458336201545,12.42828300669319,12.491371154785156,6884322
3094,2013-05-21,12.491371154785154,12.533429275729414,12.40725394622106,12.491371154785156,6105874
3095,2013-05-20,12.38622488574893,12.491371154785154,12.34416676480467,12.491371154785156,6344470
3096,2013-05-17,12.407253806940165,12.554458195268168,12.36519568646804,12.386224746704102,9002761
3097,2013-05-16,12.323136061432644,12.470341410010903,12.281077942796298,12.40725326538086,11994844
3098,2013-05-15,12.386223100062647,12.386223100062647,12.239018731304196,12.302105903625488,8409887
3099,2013-05-14,12.281076846185057,12.323134961065918,12.239018731304196,12.302105903625488,9230511
3100,2013-05-13,12.323135375976562,12.491369774515208,12.323135375976562,12.323135375976562,13131185
3101,2013-05-10,12.40725366527432,12.40725366527432,12.239020218631142,12.281078338623047,11698408
3102,2013-05-09,12.19696020826936,12.55445710115344,12.19696020826936,12.428281784057617,13598736
3103,2013-05-08,12.2390203583761,12.44931192741229,12.2390203583761,12.386224746704102,15956975
3104,2013-05-07,12.30210561106759,12.38622280550435,12.217988416630833,12.239018440246582,7353078
3105,2013-05-06,12.344165400800495,12.51239883266367,12.281077259679636,12.323135375976562,6914448
3106,2013-05-03,12.53342829816487,12.53342829816487,12.344165802001953,12.344165802001953,10066800
3107,2013-05-02,12.596515918298088,12.638574034215603,12.512398719787598,12.512398719787598,9894481
3108,2013-04-30,12.53342751628195,12.596515655517578,12.470340343721764,12.596515655517578,14935112
3109,2013-04-29,12.44931451217908,12.5124026726614,12.40725638297471,12.470344543457031,10202968
3110,2013-04-26,12.386223378592023,12.44931055233196,12.32313523817663,12.365194320678711,15414713
3111,2013-04-25,12.365196091244142,12.491371423466445,12.260049819946289,12.260049819946289,24054761
3112,2013-04-24,12.154902339163536,12.344165802001953,12.112843254824165,12.344165802001953,16314868
3113,2013-04-23,11.986668586342564,12.26004926603585,11.902552346445141,12.13387393951416,16299203
3114,2013-04-22,12.217990179807472,12.217990179807472,11.923580440130293,11.986668586730957,21637475
3115,2013-04-19,12.281078066837066,12.323136185898207,12.196960862039253,12.217989921569824,14900166
3116,2013-04-18,12.281078611420915,12.281078611420915,12.154903281966929,12.196961402893066,9340169
3117,2013-04-17,12.23901914338271,12.386223517097422,12.217989118558778,12.323135375976562,7847139
3118,2013-04-16,12.133873683447542,12.323136185898207,12.04975647864973,12.217989921569824,15001388
3119,2013-04-15,12.617546198584957,12.701663405244323,12.281078338623047,12.281078338623047,19470836
3120,2013-04-12,12.911957065379658,12.932986127210814,12.74372263737913,12.827839851379395,5161133
3121,2013-04-11,12.764748595707202,12.911953926086428,12.72269048227051,12.911953926086426,10613883
3122,2013-04-10,12.869898669505636,12.890927732471527,12.743723325034596,12.764752388000488,11981589
3123,2013-04-09,13.248421302989643,13.248421302989643,12.65960285767412,12.743720054626465,16545029
3124,2013-04-08,13.837242649981565,13.942388919206797,13.038131583875158,13.08018970489502,21022911
3125,2013-04-03,13.963416639362926,14.005474756345613,13.87929943872207,13.942387580871582,7790503
3126,2013-04-02,13.83724091038032,13.963416224252875,13.816211852514138,13.921358108520508,3852473
3127,2013-04-01,14.005475570854939,14.005475570854939,13.795184007036204,13.837242126464844,4177830
3128,2013-03-29,13.753123997227132,13.984445571899412,13.753123997227132,13.984445571899414,4541749
3129,2013-03-28,13.963416757098068,14.005474874435375,13.732095178391893,13.753124237060547,13391471
3130,2013-03-27,14.341944976366177,14.341944976366177,13.96341896057129,13.963418960571289,17641604
3131,2013-03-26,14.194742184598272,14.405034761654992,14.005478671912075,14.341946601867676,12303331
3132,2013-03-25,14.089592933654785,14.089592933654785,13.942388547335923,14.089592933654785,8452063
3133,2013-03-22,14.089594299169587,14.089594299169587,13.921360836597074,13.963418960571289,6750564
3134,2013-03-21,14.005474630201352,14.089591830084585,13.921358396993595,13.984445571899414,5791362
3135,2013-03-20,14.089592646041483,14.089592646041483,13.8582710579729,13.879300117492676,7427790
3136,2013-03-19,14.131652563927958,14.131652563927958,13.963418144511868,14.068564414978027,7790503
3137,2013-03-18,14.173709850796113,14.215767969835662,13.879300117492674,13.879300117492676,9502847
3138,2013-03-15,14.068564422030734,14.215768814086916,13.963418151511865,14.215768814086914,10470484
3139,2013-03-14,14.089595124826829,14.089595124826829,13.90033258917633,14.005477905273438,7395254
3140,2013-03-13,14.194737794131797,14.21576685199798,13.858269968246503,13.921358108520508,10969366
3141,2013-03-12,14.299887121961742,14.299887121961742,13.837243882821404,14.026507377624512,10451204
3142,2013-03-11,14.068564422030734,14.257827902299818,14.068564422030734,14.215768814086914,7970052
3143,2013-03-08,13.963418409423445,14.13165283203125,13.79518495349125,14.13165283203125,11849036
3144,2013-03-07,13.837242126464842,13.9634174514263,13.647978655684886,13.837242126464844,12214159
3145,2013-03-06,14.131651731756564,14.194738910315888,13.8582710579729,13.879300117492676,10433129
3146,2013-03-05,14.236799104492224,14.299886287963446,14.110622804198568,14.13165283203125,9777594
3147,2013-03-04,14.068564414978026,14.068564414978026,13.81621375252948,14.068564414978027,8467729
3148,2013-03-01,14.110620888386523,14.299884346454926,13.879299313714242,13.984445571899414,15513525
3149,2013-02-27,13.984446381767079,13.984446381767079,13.81621293893335,13.879300117492676,10371672
3150,2013-02-26,13.669007480775402,13.984445282119056,13.62694839836758,13.921358108520508,11800835
3151,2013-02-25,13.795183321073345,13.795183321073345,13.647977977041785,13.753124237060547,12550362
3152,2013-02-22,13.921358108520508,13.963416224252875,13.774152770106316,13.921358108520508,11840601
3153,2013-02-21,14.384003781441843,14.405032843011448,14.04753589630127,14.04753589630127,13564995
3154,2013-02-20,14.741499181768196,14.762528241131854,14.3629732131958,14.3629732131958,10021009
3155,2013-02-19,14.489148837305974,14.762528548068566,14.489148837305974,14.720470428466797,18977979
3156,2013-02-18,14.215767069324107,14.46811866760254,13.963416437721145,14.468118667602539,13971090
3157,2013-02-06,14.299886016668458,14.299886016668458,14.005476266028095,14.068564414978027,12515416
3158,2013-02-05,14.278857094546124,14.299886155508412,14.11062267349662,14.173710823059082,13701163
3159,2013-02-04,14.594297153806183,14.762530622529313,14.362975530139577,14.384004592895508,17381318
3160,2013-02-01,14.678410340013688,14.678410340013688,14.36297158528436,14.42605972290039,14275962
3161,2013-01-31,14.510179936106777,14.531208998862708,14.236800186928308,14.384004592895508,24863334
3162,2013-01-30,14.678413669057202,14.741500854305905,14.447091089785062,14.5942964553833,18586345
3163,2013-01-29,15.141055623813081,15.141055623813081,14.678412437438965,14.678412437438965,18964724
3164,2013-01-28,14.720470055065439,15.162084166384158,14.678411936530521,15.1410551071167,28861616
3165,2013-01-25,14.468119246416059,14.741498947143555,14.36297298459575,14.741498947143555,22054415
3166,2013-01-24,14.173712031984834,14.55223902829432,14.068565751529496,14.384004592895508,14507327
3167,2013-01-23,14.236798972621546,14.468120576557917,14.173710823059082,14.173710823059082,21409725
3168,2013-01-22,14.215769076659544,14.215769076659544,14.005476531737592,14.13165283203125,13357731
3169,2013-01-21,14.173710140126515,14.173710140126515,14.005475727183057,14.089592933654785,11771914
3170,2013-01-18,14.299886155508412,14.3209152164707,14.026506429647464,14.173710823059082,33457591
3171,2013-01-17,13.669008834647244,14.299885466496333,13.60592068812456,14.089592933654785,61341930
3172,2013-01-16,13.164305854963823,13.56386183922334,13.080188653013055,13.416656494140625,24811518
3173,2013-01-15,13.164305686950684,13.20636380405154,13.038130368972631,13.164305686950684,9326913
3174,2013-01-14,12.86989637111934,13.185335159301758,12.806809193488167,13.185335159301758,14198840
3175,2013-01-11,12.996071252721357,12.996071252721357,12.764749675893711,12.869895935058594,4498368
3176,2013-01-10,12.533428625634617,12.954013679964243,12.51239956625324,12.848867416381836,13244458
3177,2013-01-09,12.428282324699033,12.51239952864725,12.34416608742634,12.40725326538086,5891379
3178,2013-01-08,12.722691232726092,12.722691232726092,12.407252463318352,12.512398719787598,6851786
3179,2013-01-07,12.659604342839698,12.764750609696536,12.575488102694672,12.722692489624023,4863491
3180,2013-01-04,12.617545809206254,12.701663013269755,12.554457664489748,12.554457664489746,7468761
3181,2013-01-03,12.659604201144738,12.80680955310202,12.596517021742084,12.617546081542969,9113623
3182,2013-01-02,12.827839448968103,12.827839448968103,12.617546903902173,12.659605026245117,10786202
3183,2012-12-28,12.701664115263666,12.701664115263666,12.596517842730702,12.659605026245117,5678090
3184,2012-12-27,12.554458063823692,12.617546210546916,12.491370883776023,12.575488090515137,3991051
3185,2012-12-26,12.617546210546916,12.722692477301917,12.533429003807802,12.575488090515137,4142884
3186,2012-12-25,12.554456725824798,12.743720179148044,12.533427668050093,12.701662063598633,6043213
3187,2012-12-24,12.512398984346659,12.596516184635702,12.386223667250835,12.428281784057617,4489932
3188,2012-12-21,12.281079157885866,12.428283554353001,12.175932884216307,12.175932884216309,8086940
3189,2012-12-20,12.491370871933686,12.533428991925591,12.281078338623047,12.281078338623047,6674647
3190,2012-12-19,12.61754471303764,12.638573770557704,12.470340343721764,12.596515655517578,8878643
3191,2012-12-18,12.659602811002234,12.78577812262786,12.449310302734375,12.449310302734375,14255476
3192,2012-12-17,13.080188003569676,13.122246119119085,12.617544865824364,12.701662063598633,7515757
3193,2012-12-14,13.26945096445097,13.374597216097868,13.017099380493164,13.017099380493164,8818392
3194,2012-12-13,13.080188757742556,13.227394104003906,13.038130639768175,13.227394104003906,6139615
3195,2012-12-12,12.996071815490724,13.122247138617261,12.932984637265218,12.996071815490723,7720611
3196,2012-12-11,13.185334863882968,13.185334863882968,12.890925141507221,12.975042343139648,7866420
3197,2012-12-10,13.31151048123962,13.35356956633592,13.038130778153503,13.185335159301758,4711657
3198,2012-12-07,13.122246875716938,13.24842219631559,13.122246875716938,13.227394104003906,6098644
3199,2012-12-06,13.08018970489502,13.248423155650043,12.99607249617972,13.08018970489502,8395427
3200,2012-12-05,13.080187416642193,13.332538998641615,13.080187416642193,13.2063627243042,6798765
3201,2012-12-04,13.164305709281386,13.374598228493358,13.101218533523088,13.31151008605957,6921678
3202,2012-12-03,13.290481027473472,13.374598228493358,13.227393851715172,13.31151008605957,9683601
3203,2012-11-30,12.911955215787021,13.416656494140623,12.911955215787021,13.416656494140625,15546061
3204,2012-11-29,12.827837280883557,12.932983535645329,12.764749141356315,12.890924453735352,7970052
3205,2012-11-28,12.764752388000488,12.785781450966379,12.596518917597667,12.764752388000488,8458088
3206,2012-11-27,12.617545955682855,12.827838484945122,12.449311545602827,12.806809425354004,14131358
3207,2012-11-26,12.40725394622106,12.61754648429351,12.3651958252768,12.491371154785156,9793259
3208,2012-11-23,12.049756745316456,12.323136458614954,12.049756745316456,12.281078338623047,6331215
3209,2012-11-22,11.965637745198526,12.02872588240603,11.902550574666428,11.944608688354492,2498022
3210,2012-11-21,11.860491494302956,12.049754939250063,11.818433380614891,11.944608688354492,5409368
3211,2012-11-20,12.070783996094095,12.133872133301601,11.944608688354492,11.944608688354492,4862286
3212,2012-11-19,11.944610466780881,12.049756733331622,11.902552346830808,11.986668586730957,4394735
3213,2012-11-16,11.881522178649902,12.09181470924642,11.818434999476272,11.881522178649902,6340855
3214,2012-11-15,11.671229774649822,11.902552334155551,11.502996328353126,11.83946418762207,8361686
3215,2012-11-14,11.818435127669428,12.028727660546961,11.818435127669428,11.83946418762207,7455505
3216,2012-11-13,12.070786333285612,12.11284445511713,11.776377547113794,11.818435668945312,8901538
3217,2012-11-12,12.281078888007656,12.344167037493268,12.091815406226415,12.112844467163086,5014119
3218,2012-11-09,12.112843254824165,12.512399239332934,12.028727019496426,12.344165802001953,9629375
3219,2012-11-08,12.533427468821099,12.533427468821099,12.217988707188328,12.302105903625488,7454300
3220,2012-11-07,12.491370756062114,12.722692347222937,12.344166370780377,12.617546081542969,10295755
3221,2012-11-06,12.449310302734375,12.49136938439321,12.260047818633653,12.449310302734375,6530044
3222,2012-11-05,12.217990331464472,12.407253806940165,12.07078594313647,12.386224746704102,8713554
3223,2012-11-02,11.944610214321346,12.260049007306495,11.860493009523534,12.217989921569824,17460850
3224,2012-11-01,11.755348205566406,12.04975797559562,11.587114741746607,11.755348205566406,9624555
3225,2012-10-31,11.671229915011095,11.881522450417663,11.50299646669118,11.797405242919922,12907050
3226,2012-10-30,11.22961670731009,11.481968350552078,11.22961670731009,11.355792045593262,17362037
3227,2012-10-29,11.692260365053187,11.713290394434093,11.22961711883545,11.22961711883545,19882955
3228,2012-10-26,12.617546603083744,12.617546603083744,11.71328926086426,11.713289260864258,26856450
3229,2012-10-25,12.827838744056919,12.911955950796031,12.575488090515137,12.575488090515137,10680159
3230,2012-10-24,12.84886891321055,12.975044250873127,12.827839851379395,12.827839851379395,7445865
3231,2012-10-23,13.101218628926038,13.122246720989773,12.743720763657096,12.975042343139648,20176982
3232,2012-10-22,12.827840369716238,13.122249180599932,12.764752214997916,13.101221084594727,8384582
3233,2012-10-19,12.996071401878881,13.059159544772076,12.869896082767989,12.975042343139648,6525224
3234,2012-10-18,13.164306081956923,13.290481403720975,12.99607167515451,13.038130760192871,6411951
3235,2012-10-17,13.290479918304007,13.353568055472715,13.1432755538109,13.2063627243042,10083671
3236,2012-10-16,13.038129302979995,13.290479918304007,13.038129302979995,13.2063627243042,9032886
3237,2012-10-15,13.101218261954953,13.24842166900635,12.97504197970282,13.248421669006348,3948875
3238,2012-10-12,13.017102900519848,13.227396427355695,12.996073837838967,13.101221084594727,9171465
3239,2012-10-11,13.164304712804071,13.164304712804071,12.82783690086908,13.017099380493164,16608895
3240,2012-10-09,13.795185655121934,13.900331932930706,13.332542419433596,13.332542419433594,18935803
3241,2012-10-08,13.542832783755447,13.732096260032089,13.458716542455223,13.711067199707031,7396459
3242,2012-10-05,13.669007703502402,13.837241135848567,13.437685163178783,13.542831420898438,28032557
3243,2012-10-04,14.299884604826206,14.299884604826206,13.584890809588869,13.90032958984375,38299392
3244,2012-10-03,14.825617663494748,14.88870581369786,14.552237934857684,14.57326602935791,6585475
3245,2012-10-02,15.077968459840458,15.077968459840458,14.82561779022217,14.825617790222168,5858844
3246,2012-10-01,14.930763931433606,14.972822053772273,14.783559536572666,14.86767578125,3981411
3247,2012-09-28,14.804587364196777,14.804587364196777,14.657382981601176,14.804587364196777,4160960
3248,2012-09-27,14.552236701445054,14.804587347517648,14.552236701445054,14.65738296508789,4946638
3249,2012-09-26,14.804587347517648,14.888704551767022,14.531206675376067,14.65738296508789,10456024
3250,2012-09-25,14.951793127971333,15.183114736279519,14.93076406661161,14.972822189331055,8355661
3251,2012-09-24,15.077967632718547,15.225172987483752,14.930763244628906,14.930763244628906,10147537
3252,2012-09-21,14.84664416990882,15.225171072640606,14.84664416990882,15.07796573638916,19563623
3253,2012-09-20,14.657385408796152,14.783560752868652,14.552239127623121,14.783560752868652,10378902
3254,2012-09-19,14.720470143268276,14.741499202661737,14.57326479416299,14.65738296508789,12116552
3255,2012-09-18,14.552237510681152,14.657383780171072,14.510178422879836,14.552237510681152,10107771
3256,2012-09-17,15.141057722186684,15.141057722186684,14.594297253422058,14.783560752868652,14859195
3257,2012-09-14,14.320915487125943,15.09899752416501,14.29988642576622,14.972822189331055,27056484
3258,2012-09-13,14.089592127655672,14.215767446807595,14.04753401016353,14.194738388061523,5826308
3259,2012-09-12,13.921360560208008,14.13165310925532,13.87930147039317,14.04753589630127,15793091
3260,2012-09-11,14.089593743041496,14.215769076659544,13.879301198119544,14.13165283203125,11415226
3261,2012-09-10,14.152683281160796,14.19474140759964,14.00547790527344,14.005477905273438,13686703
3262,2012-09-07,14.299886023837129,14.320915084605785,14.152681631780947,14.215768814086914,11575495
3263,2012-09-06,13.921360287109298,14.13165283203125,13.900331225952224,14.13165283203125,7862805
3264,2012-09-05,14.299884604826206,14.299884604826206,13.837241447122576,13.90032958984375,14469971
3265,2012-09-04,14.17371042094719,14.36297389758953,14.131652300215814,14.299885749816895,6989160
3266,2012-09-03,14.005476402009577,14.194739884021372,13.942389219122711,14.173710823059082,5394908
3267,2012-08-31,13.92135948738688,14.152681080177471,13.87930040081324,14.089592933654785,7191604
3268,2012-08-30,13.921359331997662,13.9634174514263,13.816213066750523,13.837242126464844,8703914
3269,2012-08-29,14.173709157627327,14.19473821611867,13.942387580871584,13.942387580871582,11628516
3270,2012-08-28,13.921360287109298,14.215769076659544,13.816214014648322,14.13165283203125,10305396
3271,2012-08-27,13.942389621777613,14.04753589630127,13.816214285684351,14.04753589630127,6445692
3272,2012-08-24,14.131651040644641,14.131651040644641,13.92135852238024,13.942387580871582,10459639
3273,2012-08-23,14.215768131513455,14.341943456742642,14.131651892477691,14.27885627746582,9799284
3274,2012-08-22,14.405034761654992,14.405034761654992,14.173713120227752,14.341946601867676,16667941
3275,2012-08-21,14.089592416538547,14.405031204223633,14.047534298184075,14.405031204223633,20481854
3276,2012-08-20,13.921358108520508,13.984445282119056,13.753123712240134,13.921358108520508,7606134
3277,2012-08-17,13.963418546697422,14.026506697464468,13.7741550610719,13.795185089111328,10683774
3278,2012-08-16,13.921358108520508,14.089591538125427,13.921358108520508,13.921358108520508,10063185
3279,2012-08-15,14.152683281160796,14.215770470819061,13.942390715615174,14.005477905273438,6301089
3280,2012-08-14,14.026506429647464,14.278857094546124,14.026506429647464,14.173710823059082,10413848
3281,2012-08-13,14.257826229851048,14.257826229851048,13.984445571899412,13.984445571899414,6796355
3282,2012-08-10,13.900330833693808,14.11062240600586,13.753125476397118,14.11062240600586,15605107
3283,2012-08-09,13.584890282635214,14.00547433998524,13.584890282635214,13.921358108520508,21695317
3284,2012-08-08,13.83724390905567,13.83724390905567,13.584893226623535,13.584893226623535,13780695
3285,2012-08-07,13.626951071694565,13.669010162353514,13.50077573306901,13.669010162353516,9978833
3286,2012-08-06,13.269453196172048,13.542832916427063,13.227395075109916,13.521803855895996,15436403
3287,2012-08-03,13.795184392303408,13.795184392303408,13.122247695922852,13.122247695922852,22074900
3288,2012-08-02,13.732098579406738,13.732098579406738,13.732098579406738,13.732098579406738,0
3289,2012-08-01,13.50077694340937,13.816215801590072,13.50077694340937,13.732098579406738,6396286
3290,2012-07-31,13.521802636736037,13.711066097802316,13.437685435520415,13.60591983795166,12538312
3291,2012-07-30,13.500774795364931,13.732096394557813,13.479745734833864,13.521803855895996,8718374
3292,2012-07-27,13.54283059003366,13.584889670546442,13.332539054171393,13.500772476196289,20826492
3293,2012-07-26,13.150679680140975,13.376120530194937,13.07553303237924,13.338546752929688,18527480
3294,2012-07-25,12.925241504479438,13.188255260998986,12.925241504479438,13.07553482055664,11384980
3295,2012-07-24,13.05675220489502,13.131898884931612,12.962818174772414,13.05675220489502,7697957
3296,2012-07-23,13.150679597861501,13.150679597861501,13.019172738409074,13.113106727600098,12994415
3297,2012-07-20,13.338548675472572,13.432482678790427,13.207041796242692,13.300975799560547,11297676
3298,2012-07-19,13.225827257797329,13.357334127318667,13.075533951706893,13.244614601135254,13223430
3299,2012-07-18,13.451269042644915,13.470055480497436,13.075534844981165,13.131895065307617,13276572
3300,2012-07-17,13.376121480314382,13.526414786513332,13.282187483863416,13.35733413696289,10156394
3301,2012-07-16,13.714279048331822,13.714279048331822,13.376119610050425,13.394906044006348,8277455
3302,2012-07-13,13.582776069641113,13.733070304444459,13.545203191016997,13.582776069641113,7239926
3303,2012-07-12,13.714282035052491,13.770642255963187,13.582775155183835,13.6015625,13237348
3304,2012-07-11,13.789429601558743,14.07122979935925,13.56398871790322,13.714282035827637,18303525
3305,2012-07-10,14.240313470031959,14.259099912048478,13.845791840301382,13.883365631103516,13570117
3306,2012-07-09,14.090015471844369,14.259096125399228,14.090015471844369,14.18394947052002,8912625
3307,2012-07-06,14.165163102122667,14.240310668945312,14.052443565426522,14.240310668945312,11410285
3308,2012-07-05,14.014870653996356,14.165163983454818,14.014870653996356,14.090017318725586,12187167
3309,2012-07-04,14.277883451786005,14.29666988998379,13.996083251743624,14.014869689941406,19830717
3310,2012-07-03,14.202735900878906,14.259096118704063,14.014868810384668,14.202735900878906,14188838
3311,2012-07-02,13.84578997827886,14.202737769203916,13.827003538788796,14.090017318725586,19354972
3312,2012-06-29,13.526415841806564,13.714282035827637,13.526415841806564,13.714282035827637,16556175
3313,2012-06-28,13.93972290204984,13.93972290204984,13.488842948840473,13.526415824890137,15528769
3314,2012-06-27,13.864577244700286,13.958510348378677,13.77064323425293,13.77064323425293,8228109
3315,2012-06-26,13.996080288736843,13.996080288736843,13.826999660444882,13.845786094665527,8478634
3316,2012-06-25,13.958506623054733,14.052440608432464,13.808213334572828,13.99608039855957,5740570
3317,2012-06-22,14.014866832927627,14.108800818305358,13.977293964191512,13.99608039855957,16592868
3318,2012-06-21,14.559681780717204,14.578468216500683,14.27788161688986,14.29666805267334,9688241
3319,2012-06-20,14.766339323162725,14.841485993566783,14.559685752859306,14.728766441345215,10208270
3320,2012-06-19,14.972992872071119,14.972992872071119,14.540899291172947,14.766339302062988,8363494
3321,2012-06-18,14.578469411603239,15.066924036166167,14.578469411603239,14.972990036010742,15632521
3322,2012-06-15,14.2403097018979,14.390602105030226,14.108802829042158,14.27788257598877,9784402
3323,2012-06-14,14.277883443810687,14.277883443810687,14.014869682113003,14.033656120300293,7413269
3324,2012-06-13,14.127592107349164,14.259099006652832,14.108805666525507,14.259099006652832,5636817
3325,2012-06-12,14.090015445016554,14.127589225769043,13.939722135544297,14.127589225769043,12153004
3326,2012-06-11,13.93972216208595,14.18394947052002,13.93972216208595,14.18394947052002,13480282
3327,2012-06-08,13.939722061157227,14.014868715492346,13.770641408826574,13.939722061157227,8449533
3328,2012-06-07,13.939723030381366,14.014869689941406,13.864576370821323,14.014869689941406,9397227
3329,2012-06-06,13.902149120158564,13.996083123826788,13.639135360717773,13.639135360717773,10356308
3330,2012-06-05,13.789429601558743,13.902149136617606,13.6203489388171,13.714282035827637,8601366
3331,2012-06-04,13.67670909387388,13.827002411074591,13.376122459472453,13.413695335388184,14778458
3332,2012-06-01,14.033656182464622,14.27788350705686,13.939723084343173,14.108803749084473,10661240
3333,2012-05-31,14.146376663801462,14.409390427373987,14.071230003747727,14.240310668945312,17105306
3334,2012-05-30,14.277881837540834,14.916628824969449,14.202735186476808,14.803909301757812,21159260
3335,2012-05-29,14.014868830277285,14.353029230939358,13.977295956186417,14.27788257598877,16595399
3336,2012-05-28,14.014868715492346,14.183949367822999,13.470054791486094,13.939722061157227,21060568
3337,2012-05-25,14.653616741401018,14.822697405393345,13.939723022594936,14.033656120300293,18161814
3338,2012-05-24,14.916629725888578,14.916629725888578,14.484536229481098,14.709976196289062,24876650
3339,2012-05-23,15.179641637843316,15.217215414484372,14.522107347390442,14.954201698303223,16358792
3340,2012-05-22,15.405084601719919,15.517805047003693,15.329938847222637,15.423871040344238,9417471
3341,2012-05-21,15.21721838256482,15.442657459307494,15.21721838256482,15.254791259765625,5812691
3342,2012-05-18,15.442658443837466,15.517806016567878,15.217219352722168,15.217219352722168,10666301
3343,2012-05-17,15.630527525890622,15.837182004720542,15.480234183804356,15.743247985839844,7609387
3344,2012-05-16,15.630525534424969,15.799605296037516,15.292364197662014,15.329938888549805,12721114
3345,2012-05-15,15.7244586726234,15.89353842489496,15.705672234986313,15.780817985534668,12012558
3346,2012-05-14,15.949894986787696,16.10018827549976,15.931108552390869,16.006256103515625,11465958
3347,2012-05-11,15.912325893413598,16.156553225593562,15.668098561233634,16.043832778930664,13829499
3348,2012-05-10,15.968682294188527,16.081402720269335,15.855963681645262,15.949895858764648,10932010
3349,2012-05-09,16.45714279692582,16.45714279692582,16.02504918593167,16.0626220703125,22484007
3350,2012-05-08,16.795296685380215,16.908017113818858,16.663791634662317,16.738937377929688,13915538
3351,2012-05-07,16.83287323978508,16.83287323978508,16.5322866062613,16.626218795776367,11955621
3352,2012-05-04,16.457141013707286,17.114675486815464,16.344420559240454,17.001955032348633,18208629
3353,2012-05-03,16.870446228147557,16.964380231827118,16.663793596297882,16.8140869140625,18638824
3354,2012-05-02,16.60743243850903,16.945593763018525,16.344418679514238,16.889232635498047,24481883
3355,2012-04-30,15.743245301138066,16.47592544555664,15.630524860411104,16.47592544555664,13557464
3356,2012-04-27,16.250487289142363,16.269275543695603,15.85596840074791,15.987473487854004,12107454
3357,2012-04-26,16.5322864734474,16.5322864734474,16.175338715544374,16.250484466552734,6113828
3358,2012-04-25,16.288058249205893,16.494710866516964,16.19412425213486,16.381990432739258,11381184
3359,2012-04-24,15.668099501971515,16.025047302246094,15.668099501971515,16.025047302246094,7499308
3360,2012-04-23,15.705673167412261,15.93111224597912,15.649312037617147,15.818391799926758,7818158
3361,2012-04-20,16.081404644612892,16.081404644612892,15.705672264099121,15.705672264099121,13801663
3362,2012-04-19,15.893536577877981,16.04382987504659,15.668095725356292,15.855963706970215,15479423
3363,2012-04-18,16.156553146667,16.156553146667,15.724459614518286,15.799605369567871,14029413
3364,2012-04-17,16.363203823943234,16.43835138351728,15.762030601501465,15.762030601501465,20953020
3365,2012-04-16,16.663791459223653,16.73893720169988,16.32563017746794,16.363203048706055,11850603
3366,2012-04-13,16.96438212066605,17.07710257492442,16.62622075789093,16.70136833190918,14320427
3367,2012-04-12,16.87044809050315,16.964382104552236,16.551074981689453,16.551074981689453,19137344
3368,2012-04-11,16.194122517840917,16.607429521738016,16.1565496484514,16.532283782958984,22649759
3369,2012-04-10,16.38198662597113,16.569854576457338,16.23169335370451,16.306840896606445,13761174
3370,2012-04-09,15.874752008163027,16.118977511304557,15.780818006316125,15.968684196472168,9956480
3371,2012-04-06,16.363205892645677,16.49471277837265,16.175339690266235,16.19412612915039,10933275
3372,2012-04-05,15.855963846378831,16.494709911577015,15.837177410759775,16.363203048706055,13060209
3373,2012-04-03,17.133459818791437,17.133459818791437,16.06261835342475,16.28805923461914,21809613
3374,2012-04-02,16.87044618228398,16.964380185708173,16.64500529948103,16.92680549621582,9850196
3375,2012-03-30,16.626216006601776,16.87044328544553,16.36320229300658,16.720149993896484,24170624
3376,2012-03-29,17.05830944649746,17.05830944649746,16.025042840405604,16.720149993896484,36779129
3377,2012-03-28,17.283751433363715,17.321324305350863,17.133458131877518,17.152244567871094,20417807
3378,2012-03-27,17.546764270352604,17.546764270352604,17.114670823902475,17.20860481262207,31631974
3379,2012-03-26,17.603127465201204,17.603127465201204,17.264967932748014,17.43404769897461,22819306
3380,2012-03-23,17.88492396449166,17.96007151916816,17.715844233391444,17.772205352783203,21281992
3381,2012-03-22,17.659484927537214,18.110364814983633,17.56555093757597,17.772205352783203,22764899
3382,2012-03-21,17.7346344350766,17.7346344350766,17.434047779608438,17.659488677978516,11452040
3383,2012-03-20,17.621913963261157,17.69706153380065,17.358902000217718,17.50919532775879,8112968
3384,2012-03-19,17.99764713620629,17.99764713620629,17.321326295060295,17.45283317565918,14111656
3385,2012-03-16,18.223091033602653,18.298238612169612,17.734636306762695,17.734636306762695,13382855
3386,2012-03-15,18.147941537762094,18.166727975157233,17.97885997413036,18.035221099853516,9054336
3387,2012-03-14,18.185512414771917,18.185512414771917,17.922498693058014,17.960071563720703,16177857
3388,2012-03-13,17.847351148098316,17.92249870300293,17.69705785182662,17.92249870300293,12586995
3389,2012-03-12,17.80978098886155,17.960074308014622,17.565553665161133,17.565553665161133,8374881
3390,2012-03-09,17.903717905153826,17.92250434641104,17.62191584568131,17.734636306762695,20425398
3391,2012-03-08,17.584342032581024,17.621914913107044,17.39647581641291,17.527982711791992,14104064
3392,2012-03-07,17.43404678451705,17.509194350863815,17.09588726980114,17.34011459350586,14754418
3393,2012-03-06,17.99764716838084,17.99764716838084,17.52798077313824,17.603126525878906,13246205
3394,2012-03-05,17.978860793764174,17.978860793764174,17.659487716411494,17.678274154663086,14048392
3395,2012-03-02,18.48610295614138,18.598823405746277,17.922502521654813,18.110368728637695,22949630
3396,2012-03-01,18.448527239940496,18.467313676395506,18.016431947324662,18.16672706604004,17396320
3397,2012-02-29,17.8473522257375,18.410952574171425,17.734631793343183,18.392166137695312,32785909
3398,2012-02-24,17.6219090883684,17.6219090883684,17.321322516439977,17.41525650024414,12470589
3399,2012-02-23,17.960075310382003,17.960075310382003,17.471622449258,17.50919532775879,17588643
3400,2012-02-22,17.50919259907449,17.978858947753906,17.302538172449953,17.978858947753906,21603373
3401,2012-02-21,17.678276047434085,17.678276047434085,17.264968921033827,17.527982711791992,16120919
3402,2012-02-20,17.84735391246522,17.8849267889684,17.546767273364136,17.678274154663086,11869582
3403,2012-02-17,18.035218922153028,18.07279179240649,17.509191484454448,17.621910095214844,11557058
3404,2012-02-16,17.92250245489764,18.2230891103658,17.584341107342517,17.659488677978516,17720232
3405,2012-02-15,17.659484981143084,17.9412851383447,17.471618814187853,17.92249870300293,21493294
3406,2012-02-14,17.659489607171075,17.84735582333919,17.45283513720194,17.527982711791992,18051735
3407,2012-02-13,17.997644434383396,18.03521911858362,17.546764545818505,17.960071563720703,17581051
3408,2012-02-10,18.410951452285595,18.48609900714851,17.94128512838936,17.960071563720703,20353277
3409,2012-02-09,18.730332324594578,18.824264531496954,18.07279780858734,18.335811614990234,41475845
3410,2012-02-08,17.471619934743376,18.580034199297057,17.471619934743376,18.467313766479492,38119060
3411,2012-02-07,17.133460130739373,17.54676721142896,17.039526126275163,17.377687454223633,25382761
3412,2012-02-06,17.13346091515147,17.17103379324221,16.87044714144051,16.90802001953125,11706361
3413,2012-02-03,16.832874263349773,17.095888037060732,16.588646928684184,16.90802001953125,25504228
3414,2012-02-02,16.720150964018508,16.832871392604826,16.40077792763859,16.66379165649414,21947529
3415,2012-02-01,16.682578860659035,16.88923147797011,16.32563112261924,16.381990432739258,24376865
3416,2012-01-31,15.855966748135707,16.682580947875977,15.818392056483589,16.682580947875977,33183206
3417,2012-01-30,16.081404776523215,16.457138973656768,15.931111460377348,16.325632095336914,34017025
3418,2012-01-18,15.59295179562602,15.874751987257872,15.480231356265728,15.780817985534668,31090435
3419,2012-01-17,15.592951774597168,15.611738212208921,15.32993802095711,15.592951774597168,24087116
3420,2012-01-16,14.65361715726892,15.743246018126682,14.65361715726892,15.668098449707031,30224984
3421,2012-01-13,15.06692420440043,15.668097459617174,15.06692420440043,15.517804145812988,42147708
3422,2012-01-12,15.743243103091723,15.762029538333653,15.461442947387695,15.461442947387695,12864091
3423,2012-01-11,15.743246995522195,15.818392755069294,15.499019649918177,15.630526542663574,19843370
3424,2012-01-10,15.705672213805444,15.74324508902895,15.32993802095711,15.592951774597168,20673393
3425,2012-01-09,15.592951774597168,15.74324508902895,15.32993802095711,15.592951774597168,29358268
3426,2012-01-06,14.95420279062233,15.668096438029519,14.95420279062233,15.405082702636719,39548825
3427,2012-01-05,14.40938949584961,14.40938949584961,14.40938949584961,14.40938949584961,0
3428,2012-01-04,14.40938949584961,14.40938949584961,14.40938949584961,14.40938949584961,0
3429,2012-01-03,14.40938949584961,14.40938949584961,14.40938949584961,14.40938949584961,0
3430,2012-01-02,14.40938949584961,14.40938949584961,14.40938949584961,14.40938949584961,0
3431,2011-12-30,14.503322588152052,14.55968280624106,14.353029277760601,14.40938949584961,5452087
3432,2011-12-29,14.390599288669444,14.484533269050651,14.202733141444376,14.446959495544434,9358003
3433,2011-12-28,14.540893475925639,14.597253682800629,14.409386628806889,14.446959495544434,8109173
3434,2011-12-27,14.522109985351562,14.597257552284333,14.390603103372582,14.522109985351562,6976748
3435,2011-12-26,14.616043044425009,14.672403262591503,14.334241953592537,14.484536170959473,14927761
3436,2011-12-23,14.84148402581697,14.91663068625775,14.616044044494629,14.616044044494629,27316108
3437,2011-12-22,14.691190704935408,14.803911148981038,14.484537162031033,14.616044044494629,23131830
3438,2011-12-21,14.803910195869026,15.16085703667385,14.634829540686408,14.709976196289062,38612518
3439,2011-12-20,14.2403097018979,14.728763412461149,14.202735921038181,14.27788257598877,19353707
3440,2011-12-19,14.127589205286357,14.277882514540712,13.93972211533399,14.05244255065918,8474838
3441,2011-12-16,14.2403097018979,14.315456356848488,14.090015485227873,14.27788257598877,14295122
3442,2011-12-15,14.409390427373987,14.409390427373987,14.202736885533989,14.240310668945312,15848884
3443,2011-12-14,14.65361494828931,14.65361494828931,14.353028346998778,14.503321647644043,31701565
3444,2011-12-13,14.277883603421785,14.653616905212402,14.277883603421785,14.653616905212402,17135673
3445,2011-12-12,14.578468297966676,14.728762505380736,14.46574786909833,14.503321647644043,22218299
3446,2011-12-09,14.090016456887955,14.4657497575518,13.97729692007326,14.315457344055176,22036098
3447,2011-12-08,14.259098024414502,14.259098024414502,14.014870683454431,14.221524238586426,8144600
3448,2011-12-07,14.202736885533989,14.259097107266518,14.033656220336404,14.240310668945312,10907970
3449,2011-12-06,14.277880541155321,14.277880541155321,13.939720188686676,13.99608039855957,17241956
3450,2011-12-05,14.202735900878906,14.31545633652922,14.127589246034981,14.202735900878906,16704213
3451,2011-12-02,14.090017318725586,14.165163983454818,13.977297775016226,14.090017318725586,11858194
3452,2011-12-01,14.277880541155321,14.540894249383014,13.977293964191512,13.99608039855957,28504205
3453,2011-11-30,13.714281150059966,13.939722019154885,13.56398784184258,13.7894287109375,24637512
3454,2011-11-29,13.376122507153681,13.695495580651427,13.338548724335118,13.526415824890137,17565868
3455,2011-11-28,12.812521151245239,13.319762229919434,12.699801616804557,13.319762229919434,16089287
3456,2011-11-25,12.793733490246273,12.887666577761854,12.474359541863208,12.530719757080078,11773421
3457,2011-11-24,12.511935254892368,12.718588804783995,12.324068144053903,12.5682954788208,12016354
3458,2011-11-23,13.075536655510918,13.075536655510918,12.51193618774414,12.51193618774414,19153793
3459,2011-11-22,13.094321198673907,13.094321198673907,12.812521005621724,12.868881225585938,14754418
3460,2011-11-21,13.52641360426661,13.639133120679405,12.850092878714843,12.887665748596191,29049540
3461,2011-11-18,14.033656016493696,14.12759002027313,13.639135376865427,13.714282035827637,18337688
3462,2011-11-17,13.902150232739173,14.221524238586426,13.902150232739173,14.221524238586426,9872971
3463,2011-11-16,14.277884441984371,14.315458227754657,13.920937557627003,13.97729778289795,16558706
3464,2011-11-15,14.578471123492784,14.634831348850414,14.146377573699242,14.221524238586426,15641378
3465,2011-11-14,14.65361497320431,14.803909180873909,14.522108108223906,14.578468322753906,26107766
3466,2011-11-11,14.277880698679972,14.465746857970677,14.14637384311524,14.35302734375,32944069
3467,2011-11-10,13.902150211357375,14.14637755194182,13.883363771856716,13.97729778289795,27524879
3468,2011-11-09,14.522108977885969,14.65361585074171,14.27788257598877,14.27788257598877,55419219
3469,2011-11-08,13.90214835479181,14.353029189977427,13.90214835479181,14.127589225769043,54609441
3470,2011-11-07,13.6015625,13.902149135831843,13.413695399220648,13.6015625,22271440
3471,2011-11-04,13.319760317681446,13.582773131463128,13.319760317681446,13.338546752929688,15560401
3472,2011-11-03,13.526415718164204,13.545202156040807,13.188255302540876,13.20704174041748,15454117
3473,2011-11-02,13.225828259174216,13.507629362891034,13.131895162447874,13.47005558013916,14072432
3474,2011-11-01,13.150682559716328,13.507630348205566,12.962815445790774,13.507630348205566,18089693
3475,2011-10-31,14.052443224872668,14.127589883105262,13.03796197857933,13.225828170776367,59093589
3476,2011-10-28,14.052443465322112,14.127590124840529,13.864576363141616,13.920936584472656,23997281
3477,2011-10-27,13.845788947445607,13.902149168488696,13.695495629176639,13.751855850219727,23240644
3478,2011-10-26,14.071226932388145,14.071226932388145,13.714279241583574,13.845786094665527,29696097
3479,2011-10-25,13.845788163410301,14.277882562426818,13.770641508531092,14.18394947052002,34868558
3480,2011-10-24,13.93972007930619,13.977293854516198,13.808213226224234,13.845786094665527,13349958
3481,2011-10-21,13.827000564894798,13.827000564894798,13.526413970627665,13.67670726776123,9845135
3482,2011-10-20,13.7330693883554,13.958509365368599,13.657922729350998,13.69549560546875,17440605
3483,2011-10-19,13.864575281136363,13.864575281136363,13.601561539963305,13.62034797668457,11034498
3484,2011-10-18,13.639135384523225,13.69549560546875,13.526415849401074,13.69549560546875,15652766
3485,2011-10-17,13.977295807686177,14.071228898684218,13.639134503848013,13.902148246765137,28347310
3486,2011-10-14,14.052442496044328,14.221522241606138,13.939722061157227,13.939722061157227,42083179
3487,2011-10-13,13.864575373073457,14.033655118223697,13.751854938460735,13.902148246765137,30609629
3488,2011-10-12,13.789429609300925,13.977296710196374,13.451269190396674,13.69549560546875,46660958
3489,2011-10-11,13.225827444969044,13.7894287109375,13.150680790860351,13.7894287109375,71995639
3490,2011-10-07,12.887665748596191,12.887665748596191,12.887665748596191,12.887665748596191,19986346
3491,2011-10-06,13.526415587719107,13.563988463109974,12.718587885588915,12.812520980834961,43146013
3492,2011-10-05,13.188255295044515,13.413695269742295,13.094321292177106,13.225828170776367,39546294
3493,2011-10-04,12.94402694101616,13.33854754527748,12.662226768477737,12.962813377380371,45805630
3494,2011-10-03,13.150681436330009,13.60156228988141,12.92524146293875,12.9440279006958,48469042
3495,2011-09-30,12.286494480717513,13.131895065307617,12.17377404006461,13.131895065307617,47761751
3496,2011-09-29,12.023481436144797,12.436788534003645,12.023481436144797,12.286495208740234,21766594
3497,2011-09-28,12.32406805264162,12.455574938576214,12.154988288879395,12.154988288879395,16639684
3498,2011-09-27,12.173774761408206,12.436788534003645,12.098628098776501,12.286495208740234,12476916
3499,2011-09-26,11.910759886982769,11.910759886982769,11.760466575622559,11.760466575622559,26348169
3500,2011-09-23,12.30527970175274,12.511933218002039,12.173772836251477,12.248919486999512,20122997
3501,2011-09-22,12.962816250219472,13.000390038043871,12.624656693644983,12.68101692199707,25667449
3502,2011-09-21,13.526415776673167,13.620348873231388,13.225828235502846,13.413695335388184,18905798
3503,2011-09-20,13.150681623780098,13.63913535980803,13.07553496491187,13.526415824890137,15989330
3504,2011-09-19,13.63913625792541,13.63913625792541,13.22582915355003,13.263402938842773,6040441
3505,2011-09-16,13.601562484665601,13.676709143538842,13.470055604945205,13.639135360717773,16514421
3506,2011-09-15,13.263402016879626,13.376122458153493,12.925241599826919,13.300975799560547,11529222
3507,2011-09-14,13.056746324778537,13.150679405829148,12.54950623627524,12.737372398376465,8997398
3508,2011-09-13,12.962814370515487,13.2634019092162,12.887667712532531,12.98160171508789,12301042
3509,2011-09-09,13.225828282648326,13.71428201867626,13.225828282648326,13.526415824890137,16646010
3510,2011-09-08,13.48884105682373,13.62034701132073,13.338546853399443,13.48884105682373,17058491
3511,2011-09-07,12.737374429791346,13.131895065307617,12.643441333759853,13.131895065307617,11660811
3512,2011-09-06,12.643442078104345,12.75616161862438,12.248921419361862,12.399214744567871,14016760
3513,2011-09-05,13.000389054629732,13.150682381020351,12.737375280061672,12.79373550415039,16262630
3514,2011-09-02,13.639136330507595,13.639136330507595,13.33854967364188,13.507630348205566,11907540
3515,2011-09-01,13.733069339095593,14.052443318795389,13.394908921404307,13.47005558013916,35711234
3516,2011-08-31,13.188256318948252,13.902150080967283,13.188256318948252,13.563989639282227,29115334
3517,2011-08-30,12.737374429791346,13.338548601992013,12.737374429791346,13.131895065307617,32567015
3518,2011-08-29,12.136200984240698,12.568295428102378,12.136200984240698,12.474361419677734,16322098
3519,2011-08-26,12.06105321112278,12.173773648146804,11.722892806819567,11.854399681091309,14316631
3520,2011-08-25,11.83561512350471,12.136201794280993,11.722894668579102,11.722894668579102,25840792
3521,2011-08-24,11.722892714606933,12.023480242050281,11.42230609393244,11.591385841369629,35182347
3522,2011-08-23,10.908943203428242,11.560223579406738,10.583303428000537,11.560223579406738,41086828
3523,2011-08-22,11.429966839175965,11.511376780646954,11.104326248168945,11.104326248168945,31458099
3524,2011-08-19,12.439450226589253,12.439450226589253,11.934707641601562,11.934707641601562,27466055
3525,2011-08-18,13.188425314376527,13.188425314376527,12.455735706736062,12.830221176147461,33715164
3526,2011-08-17,14.165342398197641,14.165342398197641,13.334960866497527,13.351243019104004,22706158
3527,2011-08-16,13.904833511735857,14.328164597411732,13.839704890748962,14.24675464630127,18516173
3528,2011-08-15,13.70944846787408,13.79085841404899,13.514064267005049,13.758294105529785,10635706
3529,2011-08-12,13.839702794120337,13.904831405240653,13.318678855895996,13.318678855895996,15100684
3530,2011-08-11,12.60227060019023,13.7745748612573,12.60227060019023,13.351243019104004,16010684
3531,2011-08-10,13.351242739191031,13.644318179471114,12.862782296852552,13.546626091003418,37584989
3532,2011-08-09,12.765092281348924,13.155860698677838,12.765092281348924,12.862784385681152,34761996
3533,2011-08-08,14.100217226007155,14.507266967170244,13.70944881439209,13.70944881439209,37139952
3534,2011-08-05,14.751497471022606,14.91431737476327,14.73521614074707,14.73521614074707,33672653
3535,2011-08-04,15.67956853465961,15.956362653091379,15.67956853465961,15.842390060424805,14312903
3536,2011-08-03,15.793542578867822,15.94008112508982,15.630722705397165,15.858671188354492,14351429
3537,2011-08-02,16.216877128970978,16.314570054580194,16.086621545071566,16.18431282043457,10441750
3538,2011-08-01,16.02149244351201,16.282005253679188,15.907518192204254,16.265722274780273,18493589
3539,2011-07-29,15.85867243019949,16.11918358805398,15.598159622098853,15.793543815612793,20391968
3540,2011-07-28,16.054058518738895,16.314571357590538,15.891238613298995,15.956365585327148,28348157
3541,2011-07-27,16.086622852579136,16.347134041552092,16.005212899744294,16.314571380615234,23760961
3542,2011-07-26,15.64700593611128,16.151746891940252,15.533031692788143,16.119182586669922,22027311
3543,2011-07-25,15.630722658863872,15.793542531849805,15.614441331663684,15.67956829071045,15741005
3544,2011-07-22,15.79354500724923,15.826109316999585,15.598160798993385,15.6144437789917,25139909
3545,2011-07-21,15.565598139489307,15.760980697498878,15.40277659073754,15.6144437789917,18889472
3546,2011-07-20,15.728416462703517,15.760979118946258,15.565596580505371,15.565596580505371,24902114
3547,2011-07-19,15.484188171035752,15.61444375962937,15.435340881347656,15.435340881347656,16365385
3548,2011-07-18,15.793540943071994,15.793540943071994,15.43533692848787,15.467901229858398,15079429
3549,2011-07-15,15.630722509144638,15.87495231628418,15.565595550721694,15.87495231628418,11928305
3550,2011-07-14,15.858673421984339,15.92380204064411,15.500469319848095,15.630724906921387,11456699
3551,2011-07-13,15.809826850891115,16.00521104510341,15.760979564653423,15.809826850891113,10587882
3552,2011-07-12,16.151747953078015,16.34713214729031,15.712133928661888,15.809826850891113,15242830
3553,2011-07-11,16.803028573633988,16.803028573633988,16.347131586042277,16.379695892333984,12608480
3554,2011-07-08,16.640208512699523,16.83559104784735,16.607644206759527,16.737899780273438,12005356
3555,2011-07-07,16.705336745426518,16.705336745426518,16.314569995151718,16.509952545166016,11184363
3556,2011-07-06,16.57508087158203,16.83559203386736,16.412260982592155,16.57508087158203,16061166
3557,2011-07-05,16.80303109762429,16.80303109762429,16.216878447065614,16.314571380615234,10898743
3558,2011-07-04,17.226361081381146,17.226361081381146,16.803030014038086,16.803030014038086,7756918
3559,2011-07-01,16.77046298342561,16.93328285217285,16.607643114678368,16.93328285217285,10230524
3560,2011-06-30,16.5425183195316,16.607646942138672,16.379698413260275,16.607646942138672,6853561
3561,2011-06-29,16.347134041552092,16.542518258404986,16.200597116597187,16.314571380615234,8131546
3562,2011-06-28,15.695851156399529,16.216875076293945,15.695851156399529,16.216875076293945,11153809
3563,2011-06-27,15.63072081702177,15.777259345540186,15.305081109421574,15.695849418640137,16955224
3564,2011-06-24,16.24944099739649,16.37969657776797,15.907518242394415,15.940082550048828,16387969
3565,2011-06-23,16.70533816407467,16.900722380927565,16.282007069432026,16.314571380615234,13964845
3566,2011-06-22,17.030977392851433,17.096104356433173,16.86815585828176,16.9984130859375,6949210
3567,2011-06-21,16.54251545408759,16.770463943481445,16.509951148424744,16.770463943481445,8176714
3568,2011-06-20,16.542515084479906,16.7053349589102,16.347130905114344,16.477386474609375,7507167
3569,2011-06-17,16.803029670679873,16.933285254104806,16.379696961741082,16.509952545166016,11527108
3570,2011-06-16,17.42174528563419,17.42174528563419,16.770465704954873,16.803030014038086,14460363
3571,2011-06-15,17.55199947265829,17.714821005095928,17.25892401476277,17.6822566986084,15100684
3572,2011-06-14,17.25892351546318,17.519436309580666,17.128667943527468,17.421743392944336,5691152
3573,2011-06-13,16.933289457994096,17.22636500602122,16.900725141491836,17.09610939025879,6613108
3574,2011-06-10,17.714819529256214,17.747383833030778,17.258922576904297,17.258922576904297,8628393
3575,2011-06-09,17.845081041881464,17.942772335519724,17.35662127319711,17.552003860473633,16300290
3576,2011-06-08,18.073023262442863,18.36609869092996,17.8450747901496,17.975330352783203,18683560
3577,2011-06-07,17.5845673191343,18.073028714288238,17.55200300609118,18.040464401245117,16730713
3578,2011-06-03,17.551997440877997,17.81251021237572,17.3566149250621,17.714818954467773,16478304
3579,2011-06-02,17.32405442470297,17.649694222863527,17.291490114837657,17.389183044433594,21341822
3580,2011-06-01,17.617126324819,17.74738353775003,17.38917950268159,17.649690628051758,13397589
3581,2011-05-31,17.421742433124855,17.71481951664123,17.291486868365336,17.584562301635742,27567019
3582,2011-05-30,17.161231455861703,17.421742587692016,17.03097588994655,17.22635841369629,17974158
3583,2011-05-27,16.672773176606984,17.16123282545603,16.672773176606984,17.030977249145508,29785559
3584,2011-05-26,16.44482557857665,16.60764547041937,16.24944137831615,16.509952545166016,15803443
3585,2011-05-25,16.086617890498303,16.184309143667715,15.98892498708305,16.151744842529297,9851911
3586,2011-05-24,15.956360685944635,16.21687344480613,15.891233733913639,16.151744842529297,7080729
3587,2011-05-23,15.956365585327148,16.070339849184347,15.858674302161747,15.956365585327148,4471620
3588,2011-05-20,16.11918278645417,16.15174709212811,15.891235947228727,16.102901458740234,7763561
3589,2011-05-19,16.119185490767045,16.28200704645329,15.858674302161747,15.956365585327148,8835634
3590,2011-05-18,15.858673035562937,16.28200574604379,15.858673035562937,16.18431282043457,14574611
3591,2011-05-17,16.509950682237115,16.509950682237115,15.826106883611157,15.858671188354492,12866203
3592,2011-05-16,16.607646469238478,16.607646469238478,16.314570976344644,16.34713363647461,7204276
3593,2011-05-13,16.34713363647461,16.47738922773339,16.168032404774575,16.34713363647461,9430787
3594,2011-05-12,16.444826567603425,16.672775089991024,16.28200666596837,16.34713363647461,15172421
3595,2011-05-11,16.868155210223915,17.09610369961777,16.7378996378186,16.770463943481445,13291312
3596,2011-05-10,16.835595932414744,16.96585319396671,16.60764902519193,16.868160247802734,12499546
3597,2011-05-09,16.509952487352333,17.030978119719983,16.379696904383522,16.83559226989746,20099706
3598,2011-05-06,16.509953947221778,16.509953947221778,16.282007069432026,16.314571380615234,11046203
3599,2011-05-05,16.73789897704306,16.73789897704306,16.47738619227083,16.54251480102539,6571926
3600,2011-05-04,16.640209778837157,16.67277408725494,16.41226127015887,16.509952545166016,10101663
3601,2011-05-03,16.770463943481445,16.900719515886763,16.282004309276957,16.770463943481445,16763925
3602,2011-04-29,16.412259881682274,16.868155210223915,16.3145686149398,16.770463943481445,38481704
3603,2011-04-28,15.630725938563119,16.34713419011918,15.630725938563119,16.282007217407227,39928404
3604,2011-04-27,15.207390922261874,15.419056416976446,15.207390922261874,15.337646484375,22327545
3605,2011-04-26,15.044571587322839,15.305084399552882,14.995725950731636,15.109700202941895,15152494
3606,2011-04-25,15.337648415056336,15.40277537918802,15.077135607791167,15.17482852935791,7655955
3607,2011-04-22,15.305085933380607,15.435341527426347,15.288804602967268,15.321367263793945,9543707
3608,2011-04-21,15.142263879488757,15.305083761502454,15.109699573036796,15.223673820495605,20694859
3609,2011-04-20,14.718932147330682,15.077136240959321,14.718932147330682,15.0608549118042,14037911
3610,2011-04-19,14.686367091617475,14.70265007019043,14.55611151426449,14.70265007019043,7448714
3611,2011-04-18,14.898034058507363,14.898034058507363,14.686366891663699,14.718931198120117,16859574
3612,2011-04-15,15.142263588122963,15.142263588122963,14.75149521871077,14.784059524536133,9235502
3613,2011-04-14,14.979442936392715,15.174827111018159,14.914314328102238,14.930597305297852,16657648
3614,2011-04-13,14.702652578790316,14.849191159719,14.686369597439123,14.751498222351074,11624086
3615,2011-04-12,14.979447063749129,14.979447063749129,14.686369895935059,14.686369895935059,18966523
3616,2011-04-11,15.370211769704602,15.40277442462936,14.946879102976268,15.012007713317871,15737020
3617,2011-04-08,15.467901905717296,15.467901905717296,15.272517739202797,15.370210647583008,19074129
3618,2011-04-07,15.272517681491886,15.45162052105586,15.191107749938967,15.191107749938965,17761604
3619,2011-04-06,15.516749482316307,15.630723731275346,15.174828385685316,15.207392692565918,25243530
3620,2011-04-01,15.337646624554381,15.37021092794177,15.012006891172392,15.305082321166992,16771896
3621,2011-03-31,15.012008643659483,15.37021272224525,15.012008643659483,15.17482852935791,38789908
3622,2011-03-30,14.914315689045045,15.109699881499447,14.816624417940917,14.995725631713867,64740183
3623,2011-03-29,15.093418586508696,15.17482852935791,14.718931529205399,15.17482852935791,40818477
3624,2011-03-28,15.956364791985518,15.956364791985518,15.484188079833984,15.484188079833984,32851661
3625,2011-03-25,16.70533424750043,16.8030271581459,16.509950076455457,16.640207290649414,12037239
3626,2011-03-24,16.607643409779946,16.607643409779946,16.34713062500772,16.54251480102539,16150173
3627,2011-03-23,15.956362291223734,16.282003685122998,15.956362291223734,16.216875076293945,20097049
3628,2011-03-22,15.793543815612793,15.923801044786188,15.760979508319444,15.793543815612793,12095692
3629,2011-03-21,16.005208228857324,16.005208228857324,15.695849838268122,15.760976791381836,11500539
3630,2011-03-18,15.760979683072645,15.940082550048828,15.728417025664402,15.940082550048828,11078086
3631,2011-03-17,15.53302956484004,15.695849418640137,15.35392673551244,15.695849418640137,11847268
3632,2011-03-16,15.858669272440235,16.021489126240333,15.63072081702177,15.695849418640137,18550713
3633,2011-03-15,15.76098038002649,16.037774531959634,15.20739372640644,15.500469207763672,36763996
3634,2011-03-14,15.630724647091158,15.630724647091158,15.207393583578448,15.53303337097168,22132260
3635,2011-03-11,16.412261729853647,16.412261729853647,15.630724906921387,15.630724906921387,69089584
3636,2011-03-10,16.933283821549608,16.965848127212453,16.607644065413282,16.770463943481445,26990464
3637,2011-03-09,18.268410279763724,18.43123017100264,17.454309173322947,17.519437789916992,15193677
3638,2011-03-08,18.333534380722124,18.59404715613598,18.20327881813817,18.30097007751465,8240480
3639,2011-03-07,18.691739781906985,18.691739781906985,18.138151537649602,18.431228637695312,9263400
3640,2011-03-04,18.300971274219012,18.75686824844297,18.300971274219012,18.46379280090332,16204640
3641,2011-03-03,17.779945110131017,18.235842027189832,17.779945110131017,18.170713424682617,9950218
3642,2011-03-02,17.454309173322947,17.747386297749955,17.454309173322947,17.519437789916992,5568933
3643,2011-03-01,17.551999189254058,17.877640598625234,17.389180959937594,17.747385025024414,7977444
3644,2011-02-25,17.22635841369629,17.389179933897715,16.868154369745124,17.22635841369629,6631707
3645,2011-02-24,17.42174925478817,17.454313571290434,17.030982407500883,17.09610939025879,6246451
3646,2011-02-23,16.933284904058088,17.356617604245702,16.900720596313477,16.900720596313477,6265050
3647,2011-02-22,17.193800689518955,17.25892932252348,16.96585377449636,17.09610939025879,12571283
3648,2011-02-21,17.356617898678078,17.519437789916992,17.193796357192962,17.519437789916992,5745619
3649,2011-02-18,17.421745009574565,17.64969351929882,17.356618042686357,17.486873626708984,7918991
3650,2011-02-17,17.193793969355173,17.389179792002544,17.193793969355173,17.258922576904297,12507517
3651,2011-02-16,17.747386658241997,17.747386658241997,17.096105429811047,17.12866973876953,13000378
3652,2011-02-15,17.389180959937594,17.812511986701782,17.161232468451598,17.747385025024414,11276028
3653,2011-02-14,16.77046610773151,17.584565603132905,16.705337488000886,17.389183044433594,11212261
3654,2011-02-11,17.42174232458334,17.584562192079826,16.607642987100924,16.640207290649414,27681267
3655,2011-02-10,17.617127575970937,17.74738479815271,17.35661643209951,17.421743392944336,25469369
3656,2011-02-09,18.007896172226054,18.23584466371205,17.747385025024414,17.747385025024414,16928655
3657,2011-02-08,18.561485341029616,18.59404964860222,17.942768447888625,18.2358455657959,18154830
3658,2011-01-28,18.561487197875977,18.626615819536497,18.49635857621546,18.561487197875977,17590231
3659,2011-01-27,18.594045639038086,18.95224964460237,18.56148133848755,18.594045639038086,21393632
3660,2011-01-26,18.887124584913387,19.049944467949647,18.756869008533602,18.984817504882812,4697459
3661,2011-01-25,18.561486211316435,18.919690310917765,18.561486211316435,18.724306106567383,5924962
3662,2011-01-24,18.561482291983904,18.854557711502288,18.496353687537198,18.756866455078125,3905693
3663,2011-01-21,18.561487197875977,18.626615819536497,18.46379591563153,18.561487197875977,7883123
3664,2011-01-20,18.88712201372564,19.04994187459651,18.594046594207256,18.756866455078125,8426466
3665,2011-01-19,18.91969024559703,19.147638758259852,18.91969024559703,19.049945831298828,8563298
3666,2011-01-18,18.854561627623013,19.18020306724686,18.854561627623013,19.049945831298828,4007985
3667,2011-01-17,19.375584527832267,19.375584527832267,18.919689178466797,18.919689178466797,5119911
3668,2011-01-14,19.115074449272843,19.212765725987634,18.984818863571046,19.049945831298828,4649634
3669,2011-01-13,19.27789117009116,19.31045547371685,18.91968713070048,18.952251434326172,5078729
3670,2011-01-12,19.473277153991592,19.473277153991592,18.984817504882812,18.984817504882812,6529415
3671,2011-01-11,18.659179590141587,19.50584512111054,18.561488302085554,19.34302520751953,13033589
3672,2011-01-10,18.821995480210045,18.821995480210045,18.431227145287647,18.6591739654541,9226203
3673,2011-01-07,18.496353414316747,18.887121734732922,18.46379076282029,18.82199478149414,9242145
3674,2011-01-06,18.88712243586649,18.88712243586649,18.398662842336456,18.6591739654541,11948232
3675,2011-01-05,19.798915371757264,19.896608284086952,18.756867541716566,18.887123107910156,21980815
3676,2011-01-04,19.53840660643777,19.831482078440786,19.473277990327684,19.798917770385742,12640363
3677,2011-01-03,19.636097936145923,19.636097936145923,19.277893847015108,19.473278045654297,6100320
3678,2010-12-31,19.37558787004059,19.473280808343052,19.277896581984557,19.34302520751953,4633692
3679,2010-12-30,19.21276445274834,19.440712950304903,19.21276445274834,19.27789306640625,7804743
3680,2010-12-29,19.70122575469042,19.70122575469042,19.27789306640625,19.27789306640625,5627386
3681,2010-12-28,19.5384091839507,19.701229095458984,19.473280559248828,19.701229095458984,3823328
3682,2010-12-27,19.37558294229426,19.570967118961153,19.147636111387882,19.53840446472168,5895736
3683,2010-12-24,19.50584072819064,19.50584072819064,19.343020851268378,19.40814781188965,4828977
3684,2010-12-23,19.440715494031252,19.63609971032397,19.440715494031252,19.505844116210938,3713065
3685,2010-12-22,19.375588064422132,19.701229545117506,19.375588064422132,19.60353660583496,6737984
3686,2010-12-21,19.440716495575565,19.473280808343052,19.310460894752044,19.34302520751953,5352393
3687,2010-12-20,19.570967688811912,19.570967688811912,19.31045654583471,19.40814781188965,6866846
3688,2010-12-17,19.538406661949423,19.70122655244105,19.375585121211603,19.473278045654297,8108962
3689,2010-12-16,19.83148428636004,19.83148428636004,19.408151535005505,19.73379135131836,9877152
3690,2010-12-15,19.831485597665235,20.091998458089073,19.733792656163864,19.864049911499023,11677225
3691,2010-12-14,20.09199712955815,20.09199712955815,19.636100066523053,19.73379135131836,11537736
3692,2010-12-13,19.929168701171875,20.091990203446844,19.8314774500527,19.929168701171875,5956846
3693,2010-12-10,19.864044843476872,20.157120292714083,19.79891623242591,20.09199333190918,14314232
3694,2010-12-09,19.733789154275655,19.92917335235973,19.53840660643777,19.798917770385742,13692509
3695,2010-12-08,19.73378699114257,19.798915600113535,19.505840160236193,19.53840446472168,12383969
3696,2010-12-07,19.8640485980406,19.8640485980406,19.668664378203612,19.73379135131836,8502188
3697,2010-12-06,19.34302255009858,19.766353607177734,19.14763835058274,19.766353607177734,26933340
3698,2010-12-03,19.733787595840877,19.896609123257605,18.984816820954226,19.082508087158203,39341222
3699,2010-12-02,20.091995747129495,20.12455840632321,19.473278818508756,19.668663024902344,32380055
3700,2010-12-01,20.319940458895754,20.352504764884063,19.929172087528244,20.026865005493164,10377984
3701,2010-11-30,20.515323945826474,20.515323945826474,20.124555587768555,20.124555587768555,15181721
3702,2010-11-29,20.189684709449562,20.48276016030111,19.961736219761654,20.385068893432617,10306247
3703,2010-11-26,20.124555587768555,20.41763268143501,20.02686432337709,20.124555587768555,8557984
3704,2010-11-25,20.41763268143501,20.41763268143501,20.059428628256253,20.124555587768555,8419823
3705,2010-11-24,19.929171408739595,20.189684197526883,19.63609596531917,20.124555587768555,7511152
3706,2010-11-23,20.710708978159467,20.710708978159467,19.929172229843456,19.994300842285156,12600509
3707,2010-11-22,20.222247121716013,20.80839961878286,20.222247121716013,20.71070671081543,15105998
3708,2010-11-19,19.864046047039988,20.515325596026415,19.79891743204288,20.189685821533203,17640713
3709,2010-11-18,19.864048237706527,19.96173952072971,19.473279805121095,19.505844116210938,10338130
3710,2010-11-17,19.929175571155348,20.05943281787759,19.636100066523053,19.73379135131836,12207283
3711,2010-11-16,19.766353124544327,20.189685821533203,19.733788817045774,20.189685821533203,8604480
3712,2010-11-15,19.668657598023533,19.99429730208186,19.538402046449363,19.929168701171875,7568276
3713,2010-11-12,19.70122733434232,19.929174199929623,19.408150199628807,19.668663024902344,9547692
3714,2010-11-11,19.53840674961442,19.864046532058754,19.53840674961442,19.766353607177734,7343765
3715,2010-11-10,19.63609915561817,19.89661198673127,19.473279255014845,19.57097053527832,16200655
3716,2010-11-09,19.440711551265228,19.766351295628052,19.37558294229426,19.53840446472168,8662933
3717,2010-11-08,19.96173771712917,19.99430202527674,19.44071373750673,19.473278045654297,14154816
3718,2010-11-05,19.99430069950486,20.189684885188612,19.570968022149042,20.026865005493164,20235209
3719,2010-11-04,20.710708978159467,20.775837590601167,19.798916655206153,19.994300842285156,19737034
3720,2010-11-03,20.971220455819317,21.23173158867335,20.515323497955773,20.547887802124023,22000742
3721,2010-11-02,20.840963222712894,20.906091830998044,20.613016394206852,20.87352752685547,14051195
3722,2010-11-01,20.580454112744025,20.97122250036828,20.54788980540098,20.840965270996094,19981472
3723,2010-10-29,20.254810757762524,20.580450473111622,19.896606740829345,20.482757568359375,26486975
3724,2010-10-28,20.287374894322692,20.35250350225887,19.798915285539323,20.254812240600586,23447442
3725,2010-10-27,20.026865253172478,20.319940710199635,19.70122548975428,20.287376403808594,34967908
3726,2010-10-26,20.12455885742815,20.319943068201397,19.538407875354693,19.57097053527832,36720156
3727,2010-10-25,19.049948666640198,19.864049911499023,19.049948666640198,19.864049911499023,28168814
3728,2010-10-22,19.04994089600817,19.082505196558706,18.56148133848755,18.594045639038086,9895750
3729,2010-10-21,18.65917637151071,19.375584527832267,18.39866521480077,18.919689178466797,26445793
3730,2010-10-20,17.97533020446287,18.75686687430767,17.97533020446287,18.6591739654541,15770232
3731,2010-10-19,18.366098122824233,18.366098122824233,18.073022703402636,18.105587005615234,8139517
3732,2010-10-18,18.235844595533496,18.46379308616726,17.975331799059756,18.398664474487305,13826684
3733,2010-10-15,17.910204567966968,18.138153076171875,17.845077601512855,18.138153076171875,6577240
3734,2010-10-14,17.97533501843966,18.235847861571216,17.81251511032483,17.84507942199707,7723707
3735,2010-10-13,17.714821788464846,17.975332951392932,17.64969317260973,17.877641677856445,7869838
3736,2010-10-12,17.74738353775003,17.812510493969597,17.324050896216075,17.649690628051758,6983751
3737,2010-10-11,17.389179227780055,17.81251021237572,17.389179227780055,17.714818954467773,7430116
3738,2010-10-08,17.682255225481654,17.682255225481654,17.128667012052023,17.258922576904297,10771210
3739,2010-10-07,18.170717505635537,18.170717505635537,17.38918235125357,17.486873626708984,13092042
3740,2010-10-06,18.268406328443437,18.43122618446563,18.07302217116764,18.170713424682617,5348408
3741,2010-10-05,17.91020133009193,18.105587144870285,17.68225451334233,18.073022842407227,8175386
3742,2010-10-04,18.235842704476617,18.366098264082947,17.97532993501805,18.073022842407227,5494539
3743,2010-10-01,18.561487433116447,18.561487433116447,18.170718998693555,18.203283309936523,10541385
3744,2010-09-30,18.20328307923578,18.561487197875977,18.040463175330814,18.561487197875977,20948596
3745,2010-09-29,17.9102006648996,18.33353328070481,17.779945110131017,18.170713424682617,26785880
3746,2010-09-28,17.747385025024414,17.845076292663506,17.584563495215782,17.747385025024414,9094685
3747,2010-09-27,17.91020468734407,17.97533330447849,17.291489425551937,17.486873626708984,11006349
3748,2010-09-24,17.877640887287452,17.877640887287452,17.48687250992935,17.6822566986084,7763561
3749,2010-09-23,17.617128864682176,17.877641677856445,17.454308975290576,17.877641677856445,22929340
3750,2010-09-21,17.747386297749955,17.877641880691847,17.454309173322947,17.519437789916992,10457692
3751,2010-09-20,17.584561743595952,17.714818954467773,17.51943478840596,17.714818954467773,11982772
3752,2010-09-17,17.324055771508323,17.682259907381667,17.324055771508323,17.45431137084961,15042232
3753,2010-09-16,17.845075094108488,17.87763939788305,17.258922576904297,17.258922576904297,16972494
3754,2010-09-15,17.74738758823258,17.910205841064453,17.649694656237873,17.910205841064453,15232202
3755,2010-09-14,17.519435065366675,17.71481923451727,17.486870762133915,17.649690628051758,25905106
3756,2010-09-13,17.3891822069751,17.519437789916992,17.258924973787007,17.519437789916992,16743998
3757,2010-09-10,17.128667012052023,17.421742445531134,17.0635384045029,17.258922576904297,20279049
3758,2010-09-09,16.9984130859375,17.16123297026104,16.86815585828176,16.9984130859375,23483311
3759,2010-09-08,16.575079759750437,16.770463943481445,16.509951148424744,16.770463943481445,9198305
3760,2010-09-07,16.672772676738976,16.868155210223915,16.54251545408759,16.770463943481445,10481604
3761,2010-09-06,16.705336745426518,16.83559232885145,16.41226127015887,16.509952545166016,8996378
3762,2010-09-03,16.184312477907856,16.672773795123664,16.184312477907856,16.57508087158203,9122583
3763,2010-09-02,16.575081222379016,16.607645530915423,16.05405723653516,16.18431282043457,5307225
3764,2010-09-01,16.444826975101712,16.477389636038573,16.26572408871725,16.314571380615234,9769546
3765,2010-08-31,15.972648588561087,16.314571380615234,15.728418730056559,16.314571380615234,17030947
3766,2010-08-30,16.41225619918424,16.444820497540476,16.08661651611328,16.08661651611328,5149138
3767,2010-08-27,15.956364310925942,16.18431282043457,15.956364310925942,16.18431282043457,7107298
3768,2010-08-26,16.26572113526339,16.282004113021582,16.021491321104975,16.119182586669922,14776538
3769,2010-08-25,16.672775654664417,16.672775654664417,16.151749971490588,16.282007217407227,13765575
3770,2010-08-24,16.803030014038086,17.030978527374344,16.67277442795147,16.803030014038086,9380305
3771,2010-08-23,16.672773742593538,16.9658492118027,16.672773742593538,16.900720596313477,16534100
3772,2010-08-20,16.542515084479906,16.607643694350436,16.347130905114344,16.477386474609375,7596174
3773,2010-08-19,16.640209778837157,16.900720945687024,16.379696961741082,16.509952545166016,10947896
3774,2010-08-18,16.705336452724698,16.933284957408997,16.542516563734818,16.57508087158203,17936961
3775,2010-08-17,16.23315705666031,16.542515485679033,16.08662015626676,16.44482421875,11637371
3776,2010-08-16,16.216875076293945,16.24943938070847,15.956362291223734,16.216875076293945,7277342
3777,2010-08-13,15.956362908330538,16.249440009149932,15.826107335880847,16.102901458740234,21825384
3778,2010-08-12,16.119183766778843,16.184312382087665,15.728417025664402,15.940082550048828,32688259
3779,2010-08-11,16.80302937626633,16.868156341714574,16.037773917718493,16.57508087158203,27754333
3780,2010-08-10,17.258924240756713,17.258924240756713,16.93328447210963,16.9984130859375,14905400
3781,2010-08-09,16.96584806604631,17.486872004035224,16.96584806604631,17.421743392944336,4977765
3782,2010-08-06,17.421744663026892,17.552000244458515,17.096104884324742,17.193796157836914,14186699
3783,2010-08-05,18.235846122769956,18.235846122769956,17.454309318141775,17.486873626708984,11451385
3784,2010-08-04,18.203282986802257,18.203282986802257,17.682258966902776,17.910205841064453,10837633
3785,2010-08-03,17.94276563255499,18.073022842407227,17.84507437541172,18.073022842407227,15090056
3786,2010-08-02,17.258923736090694,18.007896172226054,17.258923736090694,17.747385025024414,22824391
3787,2010-07-30,16.80302961183991,16.868156578201216,16.607645412263594,16.83559226989746,8762568
3788,2010-07-29,16.705337086788443,16.803030014038086,16.5099528825354,16.803030014038086,15136553
3789,2010-07-28,16.400883301063523,16.577871538401077,16.34188879208139,16.518877029418945,24588858
3790,2010-07-27,16.577871538401077,16.577871538401077,16.400883301063523,16.518877029418945,12883266
3791,2010-07-26,16.813852531755433,16.931844666660464,16.43037966344416,16.4893741607666,10407915
3792,2010-07-23,16.459877777324177,16.872850290896817,16.43038131077065,16.813854217529297,17331642
3793,2010-07-22,16.341883589246876,16.371381619411725,16.194393438422644,16.31238555908203,9129775
3794,2010-07-21,16.105905766279612,16.312392059720224,16.105905766279612,16.22389793395996,11468381
3795,2010-07-20,15.987913598599262,16.25339597588005,15.987913598599262,16.22389793395996,7806983
3796,2010-07-19,16.076402460125067,16.076402460125067,15.899414266559507,15.987908363342285,9498147
3797,2010-07-16,16.312392059720224,16.3713881435604,16.135403808199698,16.22389793395996,7098145
3798,2010-07-15,16.22389323249718,16.37138339935698,16.1353991323813,16.25339126586914,5945586
3799,2010-07-14,16.282894017800135,16.400884615349977,16.046909682439438,16.22389793395996,14412570
3800,2010-07-13,16.25339635348605,16.312392438696847,15.899419842221262,15.92891788482666,9147914
3801,2010-07-12,16.48937382645969,16.48937382645969,16.046904899666558,16.194395065307617,19290714
3802,2010-07-09,15.78142730515865,16.22389793395996,15.692933179398386,16.22389793395996,25176300
3803,2010-07-08,15.397951302174155,15.8109222377102,15.368453266055138,15.633934020996094,25991184
3804,2010-07-07,14.896486939097224,15.250463426013356,14.748996736215505,15.220965385437012,20046993
3805,2010-07-06,14.689998126507588,14.925982410498914,14.689998126507588,14.896484375,10107915
3806,2010-07-05,14.925981949741278,14.955479984329603,14.616253371628913,14.689997673034668,12438150
3807,2010-07-02,14.30652523515185,15.220962765488075,14.30652523515185,14.896484375,26077696
3808,2010-07-01,14.100041626501948,14.247531831609987,14.100041626501948,14.218033790588379,4378608
3809,2010-06-30,14.42451775303399,14.45401421917138,13.982047209019974,14.041043281555176,35214448
3810,2010-06-29,14.89648391515295,14.955479984329603,14.689997673034668,14.689997673034668,14826989
3811,2010-06-28,15.043973180537922,15.043973180537922,14.675248555492926,14.719494819641113,29024675
3812,2010-06-25,15.07347239016367,15.132468460387216,14.645751666108039,14.807990074157715,17746061
3813,2010-06-24,15.486444971961099,15.515941437114586,15.220962654408297,15.279958724975586,6251168
3814,2010-06-23,15.220964524159355,15.456948835416945,15.043976290716161,15.427449226379395,13837686
3815,2010-06-22,15.132471263707979,15.2799614665897,15.102973223131634,15.220965385437012,11003730
3816,2010-06-21,15.338955689376817,15.928914859297743,15.102971393356347,15.25046157836914,36990729
3817,2010-06-18,14.925982410498914,15.10297062349241,14.837488304002168,14.896484375,20404203
3818,2010-06-17,14.837487845976298,14.955479984329603,14.689997673034668,14.689997673034668,25167928
3819,2010-06-15,14.689996786832314,14.866984983685118,14.601502688405912,14.719494819641113,14422337
3820,2010-06-14,14.748993476250039,14.837487578419248,14.572005271911621,14.572005271911621,15023733
3821,2010-06-11,15.01447668026705,15.191464895185161,14.63100221461114,14.675250053405762,20875831
3822,2010-06-10,15.014476962928379,15.014476962928379,14.424517805558335,14.660500526428223,15132571
3823,2010-06-09,14.748991012573242,14.866983129089407,14.40976446265418,14.748991012573242,26793511
3824,2010-06-08,15.01447514772912,15.161965311773123,14.660498754023513,14.719494819641113,26941418
3825,2010-06-07,15.043975830078125,15.191466020098053,14.689999374030299,15.043975830078125,15523269
3826,2010-06-04,15.928914118708374,15.928914118708374,15.397951047478845,15.515941619873047,16444200
3827,2010-06-03,15.7814245223999,15.899416669274546,15.633934338806597,15.781424522399902,11511637
3828,2010-06-02,15.810925115406977,15.958415322846296,15.368456063219515,15.456950187683105,10166520
3829,2010-06-01,15.751925663748732,15.84041976928711,15.633933523030896,15.84041976928711,16565595
3830,2010-05-31,15.663431233315697,15.899415509856528,15.633933198748094,15.6929292678833,13906058
3831,2010-05-28,15.692929898922658,15.692929898922658,15.456947183022681,15.545439720153809,21008389
3832,2010-05-27,15.220963541366581,15.692930563277272,15.220963541366581,15.25046157836914,22483274
3833,2010-05-26,15.338954976216655,15.604435726766331,14.955480513012422,15.515941619873047,12820476
3834,2010-05-25,15.102967935817507,15.250458087065219,14.719493542573451,14.984975814819336,15551176
3835,2010-05-24,15.456947837387052,15.633934489272155,15.25046157836914,15.25046157836914,14161407
3836,2010-05-21,14.601504764312848,15.515942341261919,14.572006727310288,15.25046157836914,35866077
3837,2010-05-20,14.74899419750542,15.338954907483737,14.74899419750542,14.896484375,27259558
3838,2010-05-19,15.13247085271003,15.13247085271003,14.277029269360284,14.704750061035156,39313986
3839,2010-05-18,15.663430772428782,15.78142290722735,15.04397363486637,15.338953971862793,24777230
3840,2010-05-17,16.51887316071588,16.548369623233715,15.633932181280374,15.663430213928223,21805134
3841,2010-05-14,16.548369003875006,16.784353256225586,16.400878846155898,16.784353256225586,10078613
3842,2010-05-13,16.666363780171938,16.784355925109182,16.518875169130595,16.69586181640625,12009777
3843,2010-05-12,16.754854441424843,16.754854441424843,16.253389498752338,16.31238555908203,16865595
3844,2010-05-11,17.108835108216436,17.108835108216436,16.60736846923828,16.60736846923828,12420010
3845,2010-05-10,16.548373128072594,16.961345672607422,16.548373128072594,16.961345672607422,18686527
3846,2010-05-07,16.22389342736036,16.636864329397888,16.22389342736036,16.4893741607666,12166056
3847,2010-05-06,16.990842957868637,17.079337070629485,16.54837239406438,16.60736846923828,9646054
3848,2010-05-05,17.256326061560873,17.34482017824691,16.843353517026042,16.961345672607422,24685137
3849,2010-05-04,17.84628653651804,18.05277282344707,17.492311614770163,17.728294372558594,9082333
3850,2010-05-03,17.75778846057013,17.964274701534226,17.58080182415959,17.669294357299805,11789312
3851,2010-04-30,18.28875271210946,18.583731480276974,17.934776306152344,17.934776306152344,28264210
3852,2010-04-29,18.819715750915048,18.819715750915048,17.934776306152344,17.934776306152344,26338627
3853,2010-04-28,18.141262774419168,18.672225819999145,18.11176474021305,18.613229751586914,24136764
3854,2010-04-27,18.2887509351337,19.0262001390954,18.259252904170033,18.554231643676758,45007015
3855,2010-04-26,17.846284352959348,18.28875491366937,17.78728827819801,18.052770614624023,36120030
3856,2010-04-23,17.580801010131836,17.66929353917466,17.43330927471369,17.580801010131836,13320011
3857,2010-04-22,17.049839757069403,17.462810730693374,16.961345640550622,17.40381622314453,16036757
3858,2010-04-21,16.961344275776327,17.256324640437022,16.931846239310254,17.197328567504883,22490251
3859,2010-04-20,17.02033778544328,17.049835817466942,16.72535746520666,16.902345657348633,17390247
3860,2010-04-19,17.256321281027933,17.315317342474895,16.96134097379312,16.9908390045166,10505590
3861,2010-04-16,17.551304847212155,17.787289157928907,17.40381622314453,17.40381622314453,23528392
3862,2010-04-15,17.492309317653994,17.55130382175601,17.19732894649264,17.374317169189453,15507920
3863,2010-04-14,17.07933579675304,17.37431615062119,16.872849549045338,17.344818115234375,13977221
3864,2010-04-13,16.813856003952086,16.902350123405604,16.636867765045043,16.754859924316406,14921873
3865,2010-04-12,17.108836768700122,17.13833480914998,16.872852445101262,16.931848526000977,14938617
3866,2010-04-09,16.872850794391407,17.256325282723367,16.872850794391407,17.04983901977539,11256288
3867,2010-04-08,17.374314723302888,17.374314723302888,17.020338327740646,17.138330459594727,15120012
3868,2010-04-07,17.40381622314453,17.43331269185378,17.344820145465345,17.40381622314453,7084192
3869,2010-04-06,17.167829902913486,17.344818115234375,17.108833832139855,17.344818115234375,7059075
3870,2010-04-02,17.197326389957166,17.256322455419145,16.99084016084023,17.079334259033203,7597680
3871,2010-04-01,17.020340982211394,17.197329207595374,16.9318468695194,17.04983901977539,15975362
3872,2010-03-31,17.197328180635218,17.197328180635218,17.020339965820312,17.020339965820312,9076751
3873,2010-03-30,17.521808373421717,17.55130641489608,17.020343238488064,17.226829528808594,19561411
3874,2010-03-29,17.66929292589664,17.81678308606556,17.403812207722574,17.462806701660156,16078618
3875,2010-03-26,17.698791572232285,17.698791572232285,17.46280730777131,17.580801010131836,9728380
3876,2010-03-25,17.285822475667786,17.75778948350021,17.138332295054465,17.698793411254883,20461412
3877,2010-03-24,17.40381777765476,17.521808373421717,17.226829528808594,17.226829528808594,18577690
3878,2010-03-23,17.46281048241236,17.551304597672956,17.226827745181087,17.285823822021484,12996290
3879,2010-03-22,17.669298580793523,17.669298580793523,17.020343238488064,17.226829528808594,10018613
3880,2010-03-19,17.698796331568733,17.728294372558594,17.462812003649837,17.728294372558594,12069777
3881,2010-03-18,17.40381537243323,17.69879417628004,17.40381537243323,17.610300064086914,27874907
3882,2010-03-17,17.285823057841046,17.374317169189453,17.13833287226037,17.374317169189453,26141882
3883,2010-03-16,16.725357329648777,16.87284748857169,16.518872677286673,16.84334945678711,6982331
3884,2010-03-15,16.72535933200488,16.81385343795312,16.459877014160156,16.459877014160156,11280009
3885,2010-03-12,16.72536277770996,16.813856901889476,16.577872570744105,16.72536277770996,23938625
3886,2010-03-11,17.2563247677857,17.462809454441786,16.754858144161776,16.813854217529297,33161888
3887,2010-03-10,17.610297416881018,17.610297416881018,17.108832426631206,17.138330459594727,24646067
3888,2010-03-09,17.433311673291467,17.55130382175601,17.256325020724912,17.374317169189453,21541413
3889,2010-03-08,16.784357168878092,17.285823822021484,16.75485913045789,17.285823822021484,28841884
3890,2010-03-05,16.666364544412183,16.75485865717303,16.43038181384686,16.60736846923828,14069314
3891,2010-03-04,16.60736842987426,16.725360579942386,16.37138569986828,16.430381774902344,13847453
3892,2010-03-03,16.607368990537445,16.75485918310186,16.400882720947266,16.400882720947266,11723730
3893,2010-03-02,16.813854732346933,16.902348845107785,16.60736846923828,16.60736846923828,14487919
3894,2010-03-01,16.43038181384686,16.813854732346933,16.282891625912107,16.60736846923828,15625129
3895,2010-02-26,16.430384227400573,16.45988069919015,16.22389793395996,16.22389793395996,10812567
3896,2010-02-25,16.45988069919015,16.548374824950415,16.22389793395996,16.22389793395996,20446063
3897,2010-02-24,16.31238733261306,16.518873566216783,16.25339126586914,16.25339126586914,19548853
3898,2010-02-23,16.5483711201084,16.577869155424477,16.22389430176167,16.459877014160156,32069329
3899,2010-02-22,17.551303297071048,17.66929544200829,16.69586181640625,16.69586181640625,25193044
3900,2010-02-10,17.226829528808594,17.462812290472993,17.049841279962425,17.226829528808594,14328849
3901,2010-02-09,16.548371392980563,17.020339965820312,16.253392605085907,17.020339965820312,23621880
3902,2010-02-08,17.25632345111181,17.34481755441091,16.666362762451172,16.666362762451172,20418156
3903,2010-02-05,17.46280426313705,17.69878848645425,17.020335414547066,17.108829498291016,21126994
3904,2010-02-04,18.377248380421886,18.377248380421886,17.99377390794042,18.200260162353516,10049310
3905,2010-02-03,18.259258630659,18.465744912163114,18.082270389369764,18.436246871948242,20042807
3906,2010-02-02,17.698792035514266,18.20025861062018,17.698792035514266,17.934776306152344,16045129
3907,2010-02-01,18.141261859559854,18.141261859559854,17.492306709882065,17.639795303344727,10813962
3908,2010-01-29,17.75778911157351,18.25925571515587,17.63979696955413,17.964275360107422,18390713
3909,2010-01-28,17.492308736912463,18.524736861440264,17.492308736912463,18.141263961791992,22587926
3910,2010-01-27,17.31532007984756,17.846283146680065,17.13833186752667,17.344818115234375,15848385
3911,2010-01-26,17.90528291258841,17.993777037011494,17.10883736291115,17.226829528808594,17680480
3912,2010-01-25,17.993774031663246,18.259256360591223,17.787287775830375,17.81678581237793,10406520
3913,2010-01-22,17.993774159154455,18.465742747259338,17.993774159154455,18.318252563476562,18701876
3914,2010-01-21,18.613232917893463,18.790221153237713,18.465744291903622,18.760723114013672,11813033
3915,2010-01-20,18.878712059441952,19.026202230472528,18.347749013861975,18.613229751586914,19932575
3916,2010-01-19,19.173693463599438,19.3211836428,18.849215069358202,19.0851993560791,21580483
3917,2010-01-18,19.026207751343733,19.17369796517183,18.849219494750017,18.937713623046875,13103732
3918,2010-01-15,19.144193916369794,19.52766678188678,19.02620178232455,19.26218605041504,27953047
3919,2010-01-14,18.878715113190808,19.409679814787708,18.878715113190808,19.144197463989258,19798621
3920,2010-01-13,19.29168703145529,19.321185069473533,18.819718423163398,18.84921646118164,16560014
3921,2010-01-12,19.321184411394082,19.55716713737215,19.1146981522993,19.439176559448242,34004680
3922,2010-01-11,19.46867277133084,19.76365313760259,19.321184158325195,19.321184158325195,18799550
3923,2010-01-08,19.32118211743766,19.439174251482907,18.967205715301926,19.26218605041504,21669785
3924,2010-01-07,19.468670579479102,19.76365091254092,19.11469574993497,19.203189849853516,46304690
3925,2010-01-06,18.58373421965274,19.557167909395837,18.58373421965274,19.350683212280273,72277735
3926,2010-01-05,18.377249655823565,18.436245732607418,17.964277118336614,18.34775161743164,25250254
3927,2010-01-04,18.465742359296858,18.55423489757707,18.052769853381573,18.141263961791992,22585135
3928,2009-12-31,18.14126434293723,18.52473725064221,18.052770232667566,18.318252563476562,30251188
3929,2009-12-30,17.580803463750627,17.9937744140625,17.492309352227313,17.9937744140625,23884206
3930,2009-12-29,17.669296012270735,17.69879404945707,17.55130386352539,17.55130386352539,7615820
3931,2009-12-28,17.580800808037676,17.669293336063266,17.580800808037676,17.639795303344727,7918611
3932,2009-12-25,17.492309359282977,17.610299937898063,17.433311714780043,17.55130386352539,7232099
3933,2009-12-24,17.52180680837256,17.61030092489134,17.374318184304936,17.40381622314453,13194429
3934,2009-12-23,17.40381613230676,17.551304755604576,17.374318093621127,17.521806716918945,12372568
3935,2009-12-22,17.108833832139855,17.403814186008006,17.108833832139855,17.344818115234375,15133966
3936,2009-12-21,17.138329158134006,17.49230552681578,16.9908390045166,16.9908390045166,18486992
3937,2009-12-18,17.049836360704166,17.226824558485287,16.961342261813602,17.138330459594727,9552566
3938,2009-12-17,17.40381547054335,17.433311937977066,17.04983901977539,17.04983901977539,14990245
3939,2009-12-16,16.990842437908245,17.256324768066406,16.843352254487048,17.256324768066406,23024670
3940,2009-12-15,16.548369138941283,16.84334945678711,16.518872677286673,16.84334945678711,17633038
3941,2009-12-14,16.843352642311185,16.872850679674627,16.548372268676758,16.548372268676758,25440021
3942,2009-12-11,16.666363780171938,16.81385396134349,16.607367707703318,16.69586181640625,19206993
3943,2009-12-10,17.04983721008059,17.25632345111181,16.577868659152074,16.666362762451172,36138170
3944,2009-12-09,17.13833313246738,17.22682724515937,16.902348831955404,17.04983901977539,19112109
3945,2009-12-08,17.492309061540325,17.492309061540325,17.108834584645205,17.256324768066406,15372571
3946,2009-12-07,16.843352254487048,17.256324768066406,16.843352254487048,17.256324768066406,11571637
3947,2009-12-04,17.04983851099938,17.04983851099938,16.518875420821928,16.813854217529297,31917236
3948,2009-12-03,17.374317432979353,17.462809975541067,17.04983901977539,17.04983901977539,28586535
3949,2009-12-02,17.669295970220553,17.787288118685094,17.374317169189453,17.374317169189453,28476303
3950,2009-12-01,17.551301406944177,17.787285671405147,17.521803373886552,17.580801010131836,25028393
3951,2009-11-30,18.082262336057312,18.141258390211934,17.433305740356445,17.433305740356445,20748854
3952,2009-11-27,18.052769466621957,18.20025964414618,17.75778911157351,17.964275360107422,26059557
3953,2009-11-26,18.22975553809378,18.58373035243823,18.082265377896096,18.28875160217285,43155385
3954,2009-11-25,17.87578163656074,18.170761997928796,17.698793419739903,18.141263961791992,26926069
3955,2009-11-24,17.846285880382744,17.9642780400041,17.816787840477406,17.875783920288086,7306052
3956,2009-11-23,17.69879089201611,17.846281051635742,17.69879089201611,17.846281051635742,8670705
3957,2009-11-20,17.639795303344727,17.757787434218876,17.580800808037676,17.639795303344727,17065130
3958,2009-11-19,17.905278272322583,17.99377237381186,17.757788103173787,17.934776306152344,8655356
3959,2009-11-18,18.14126459993469,18.14126459993469,17.875782265364748,17.9937744140625,8052564
3960,2009-11-17,18.14126459993469,18.170762637109128,17.669296005143682,17.9937744140625,31745608
3961,2009-11-16,17.99376943186932,17.99376943186932,17.787283228821053,17.905275344848633,11118148
3962,2009-11-13,17.787286528566607,18.111764907836914,17.63979635617101,18.111764907836914,18728388
3963,2009-11-12,17.81678479328316,17.993773002445003,17.78728675842285,17.78728675842285,18445131
3964,2009-11-11,17.256323445501728,17.72829042614669,17.256323445501728,17.669294357299805,16260013
3965,2009-11-10,17.787289157928907,18.11176758516444,17.374318184304936,17.40381622314453,26316301
3966,2009-11-09,17.079335238961075,17.75778846057013,17.079335238961075,17.669294357299805,24385137
3967,2009-11-06,17.10883229176419,17.226824422688157,16.93184409537825,17.079334259033203,14503268
3968,2009-11-05,16.636865997426735,17.138332621050658,16.459877777324177,16.813854217529297,19213969
3969,2009-11-04,16.666363522618592,16.666363522618592,16.51887491385646,16.577869415283203,16155362
3970,2009-11-03,16.459877014160156,16.63686522605664,16.400880943527994,16.459877014160156,8923263
3971,2009-11-02,16.312390175538948,16.695863106076093,16.076405867435884,16.400882720947266,15682338
3972,2009-10-30,16.45987811608312,16.63686633982826,16.253393425177396,16.37138557434082,28202814
3973,2009-10-29,16.34188871184604,16.371386751257468,15.751927923617444,16.017410278320312,37033984
3974,2009-10-28,16.961344791764954,17.108834978582166,16.548372268676758,16.548372268676758,11394428
3975,2009-10-27,17.10883586708415,17.256326061560873,16.843353517026042,16.961345672607422,13166522
3976,2009-10-26,17.55130239475113,17.610298464186737,17.167829513549805,17.167829513549805,8175355
3977,2009-10-23,17.462809710407605,17.61029989598828,17.374317169189453,17.374317169189453,16822339
3978,2009-10-22,17.108834458106674,17.34481874983523,16.961344275776327,17.197328567504883,15586059
3979,2009-10-21,17.521805528094333,17.521805528094333,17.167830658013685,17.256324768066406,17875829
3980,2009-10-20,17.698795041410126,17.698795041410126,17.40381622314453,17.40381622314453,17333037
3981,2009-10-19,17.6102982301368,17.7577884017656,17.403813559986585,17.492307662963867,22181879
3982,2009-10-16,17.28582483582632,17.403816996427295,17.22682875552583,17.315322875976562,12459080
3983,2009-10-15,17.639798712933555,17.669296751353755,17.256325783601287,17.285823822021484,30143746
3984,2009-10-14,17.6397979750844,17.728292086643407,17.344819173351297,17.55130386352539,20521412
3985,2009-10-13,17.551301205189116,17.816783499655948,17.492306709882065,17.639795303344727,13431639
3986,2009-10-12,17.78728675842285,17.846282828143465,17.551302479540393,17.78728675842285,6325121
3987,2009-10-09,17.96427573635886,18.082267880849518,17.492308728526435,17.698793411254883,9840008
3988,2009-10-08,18.229753663924484,18.229753663924484,17.728287170807263,17.905275344848633,11221404
3989,2009-10-07,18.43624406070523,18.43624406070523,17.93477745351831,18.023271560668945,10046520
3990,2009-10-06,17.6987945324643,18.28875529229129,17.669296494472952,18.229759216308594,28052116
3991,2009-10-05,17.433311714780043,17.610299937898063,17.197328987419613,17.55130386352539,11280009
3992,2009-10-02,17.52180680837256,17.61030092489134,17.40381622314453,17.40381622314453,11412567
3993,2009-10-01,17.993773772481525,17.993773772481525,17.580802836894428,17.698793411254883,12485592
3994,2009-09-30,17.551301205189116,17.728289401500337,17.462807107033505,17.639795303344727,15845594
3995,2009-09-29,17.69879404945707,17.78728816101608,17.40381524772397,17.55130386352539,15664199
3996,2009-09-28,18.20026170168322,18.20026170168322,17.31532210662575,17.40381622314453,12724196
3997,2009-09-25,17.669295508148405,18.200260162353516,17.55130336276949,18.200260162353516,21100483
3998,2009-09-24,17.28582147992517,17.75778846057013,17.13833130780796,17.669294357299805,19918621
3999,2009-09-23,18.082269289236553,18.25925751975775,17.108835591500288,17.285823822021484,50287019
4000,2009-09-22,18.672226909650814,18.731222981505866,18.08226776123047,18.08226776123047,25995370
4001,2009-09-21,18.908209056093938,19.026201186443792,18.583730697631836,18.583730697631836,19375830
4002,2009-09-18,18.583737109859445,18.937713623046875,18.31825629509943,18.937713623046875,17172572
4003,2009-09-17,18.731219829458748,18.878709984277073,18.259252904170033,18.554231643676758,22724670
4004,2009-09-16,18.790216925744083,18.996703153856327,18.583730697631836,18.583730697631836,21435367
4005,2009-09-15,18.55423266504437,18.672224795394225,18.288751941887213,18.583730697631836,9002798
4006,2009-09-14,18.554234648297353,18.613230719778343,18.28875389676309,18.465742111206055,12407452
4007,2009-09-11,18.554236100893892,18.64273021504351,18.40674591064453,18.40674591064453,6327912
4008,2009-09-10,18.642725596828022,18.642725596828022,18.170758675077018,18.495235443115234,20200482
4009,2009-09-09,18.76072233002258,18.76072233002258,18.141265102334543,18.229759216308594,16014432
4010,2009-09-08,18.524738800221336,18.8492172316858,18.43624625267958,18.760723114013672,16216757
4011,2009-09-07,18.288750798047246,18.731219689055695,18.288750798047246,18.495235443115234,25688393
4012,2009-09-04,18.170763140325892,18.583734102074484,18.170763140325892,18.229759216308594,20500482
4013,2009-09-03,18.406742160201013,18.554232320398693,17.993771281777487,18.28875160217285,32207469
4014,2009-09-02,18.583730697631836,18.9377070886814,18.52473463245691,18.583730697631836,31548864
4015,2009-09-01,18.58373511908025,19.114699831981895,18.58373511908025,18.87871551513672,21379553
4016,2009-08-31,18.52473516551509,18.937707633623063,18.023270167228326,18.81971549987793,28488861
4017,2009-08-28,17.639796009216298,18.49523742215507,17.639796009216298,18.377246856689453,33002818
4018,2009-08-27,18.052767968923742,18.14126206809661,17.551301406944177,17.580801010131836,21976762
4019,2009-08-26,17.66929439065013,18.28875311471163,17.492307753905532,18.111764907836914,57803770
4020,2009-08-25,16.813855358594132,17.639798871661473,16.813855358594132,17.521806716918945,59772608
4021,2009-08-24,16.371383595991645,16.636864329397888,16.10590129245533,16.4893741607666,25682812
4022,2009-08-21,16.459881081593295,16.548375209409492,15.92891788482666,15.92891788482666,20249319
4023,2009-08-20,16.253392284603375,16.548371066681675,16.01740800283661,16.28289031982422,18773039
4024,2009-08-19,16.8138572022312,16.8138572022312,16.22389793395996,16.22389793395996,12820476
4025,2009-08-18,16.81385589962154,16.87285197889115,16.076406478881836,16.076406478881836,26564673
4026,2009-08-17,17.10883586708415,17.374318217142253,16.961345672607422,16.961345672607422,16893502
4027,2009-08-14,17.846281532374487,18.023269728685708,17.639795303344727,17.639795303344727,19808388
4028,2009-08-13,17.698793411254883,17.846283591868204,17.580802836894428,17.698793411254883,18650248
4029,2009-08-12,17.55130386352539,17.993774421320435,17.492309359282977,17.55130386352539,13970244
4030,2009-08-11,18.14126290807488,18.14126290807488,17.403813617618937,17.669294357299805,16092571
4031,2009-08-10,17.610299930794806,18.082268525585814,17.285823092006247,17.9937744140625,18050247
4032,2009-08-07,17.669294357299805,17.669294357299805,17.669294357299805,17.669294357299805,0
4033,2009-08-06,16.961343101267307,17.698792391723245,16.813852929150094,17.669294357299805,17588387
4034,2009-08-05,17.34481887783698,17.462809454441786,16.725360107478018,16.813854217529297,15527455
4035,2009-08-04,17.374316395450126,17.905279469764658,16.93184585841286,17.020339965820312,24880486
4036,2009-08-03,17.242707470446224,17.242707470446224,16.820221508087904,16.899436950683594,14129511
4037,2009-07-31,16.899437350068606,17.269113540649414,16.793816242895165,17.269113540649414,20181295
4038,2009-07-30,17.189895329668232,17.42754473346391,16.52976152723371,16.714599609375,34537614
4039,2009-07-29,17.955654468054476,17.955654468054476,17.295519022976503,17.559574127197266,22369683
4040,2009-07-28,17.691594361229647,18.114080247408676,17.691594361229647,17.876432418823242,26066037
4041,2009-07-27,18.034869925351753,18.166896705685698,17.691599370293915,17.929248809814453,18472574
4042,2009-07-24,17.69160113284241,18.298925309073592,17.61238567420982,18.061277389526367,37693001
4043,2009-07-23,16.89943442114403,17.533164041648217,16.76740767414714,17.453947067260742,22014147
4044,2009-07-22,17.05787141594426,17.374736311453567,16.71460239885027,16.767412185668945,16489538
4045,2009-07-21,16.978658341688107,17.005064010620117,16.60898206393905,17.005064010620117,14264370
4046,2009-07-20,17.057869379524107,17.321922913041913,16.873031288601986,16.899436950683594,12270607
4047,2009-07-17,17.189899901192152,17.295521028941007,16.846630850096016,17.03146743774414,15585372
4048,2009-07-16,16.714604054497585,17.42754936818891,16.635387050948843,17.03146743774414,32120886
4049,2009-07-15,15.896033186387788,16.503357262181552,15.896033186387788,16.476951599121094,27457534
4050,2009-07-14,15.658384948809223,15.896032823631707,15.394331411528873,15.68479061126709,16199899
4051,2009-07-13,15.790414088713353,16.10727899849339,15.235901268422982,15.526360511779785,19221959
4052,2009-07-10,16.107276916503906,16.239303687905213,16.02805992747361,16.107276916503906,10076089
4053,2009-07-09,16.001654561951618,16.556167267383156,16.001654561951618,16.05446434020996,25557252
4054,2009-07-08,15.948849060482877,15.948849060482877,15.764010910000412,15.922443389892578,12805444
4055,2009-07-07,15.764008037601545,16.239305390672936,15.764008037601545,16.001657485961914,21031824
4056,2009-07-06,15.764006581756654,15.869627691468365,15.44714325262152,15.843223571777344,24594852
4057,2009-07-03,15.57916950508478,16.371330116925833,15.57916950508478,15.68479061126709,36470078
4058,2009-07-02,14.97184544315048,15.975249811005305,14.892629999426036,15.68479061126709,48987416
4059,2009-07-01,14.338117438313214,14.998251289612876,14.25890044996775,14.971845626831055,31495632
4060,2009-06-30,14.496548422930212,14.60217107475131,14.153279435459204,14.3909273147583,23480735
4061,2009-06-29,14.258901596069336,14.602172152526055,14.100469150293103,14.258901596069336,26032323
4062,2009-06-26,13.994848034325381,14.338118590782102,13.968442369421126,14.258901596069336,26947216
4063,2009-06-25,14.074062744562202,14.179685398619487,13.91563185077471,13.994847297668457,30819806
4064,2009-06-24,14.311711768685653,14.52295398354083,13.94203557721533,14.07406234741211,30237462
4065,2009-06-23,14.126873157655456,14.364521026611328,14.021252054080527,14.364521026611328,22435580
4066,2009-06-22,13.99484966319007,14.575768184099768,13.99484966319007,14.522956848144531,20135320
4067,2009-06-19,14.126874071590844,14.153279735105166,13.91563185077471,13.994847297668457,19557573
4068,2009-06-18,14.364521852653725,14.390927515978214,13.625172541463273,14.126873970031738,33336146
4069,2009-06-17,13.862819626893573,14.470142130186257,13.730792861512631,14.364521026611328,61152282
4070,2009-06-16,14.100469410248426,14.100469410248426,13.149876261715256,13.5459566116333,91539927
4071,2009-06-15,13.123469321337431,13.202686309814453,12.938631997031477,13.202686309814453,80529023
4072,2009-06-12,12.700984610255592,13.070660839282972,12.225688034894768,12.344511985778809,70681274
4073,2009-06-11,12.938631248843327,13.33471230920175,12.542550188484906,13.110265731811523,33582876
4074,2009-06-10,12.568958443419087,13.07066148067559,12.568958443419087,12.938633918762207,37291490
4075,2009-06-09,13.070660549675203,13.123470335759482,12.146471541233423,12.489741325378418,36568157
4076,2009-06-08,13.334715978375558,13.46674277754861,13.004648208618164,13.004648208618164,17896360
4077,2009-06-05,13.466742306014336,13.651578892194902,13.11026888017425,13.163080215454102,34525355
4078,2009-06-04,14.258902816078084,14.364523941082876,13.466742063068,13.625174522399902,50254781
4079,2009-06-03,14.390928376941313,14.390928376941313,13.994848034325381,14.258901596069336,33864854
4080,2009-06-02,14.654980857012673,14.787007628139857,14.074062446593382,14.3909273147583,72940157
4081,2009-06-01,13.994847001376746,14.3909273147583,13.677982133211827,14.3909273147583,53974122
4082,2009-05-27,12.938634557320906,13.466742515563965,12.912228889270095,13.466742515563965,47995898
4083,2009-05-26,13.13667226814771,13.334713197430753,12.674578567411327,12.806605339050293,23283044
4084,2009-05-25,13.49314599010207,13.572361437727368,12.96503734588623,12.96503734588623,21729105
4085,2009-05-22,13.070658533158449,13.65157535235853,13.070658533158449,13.255495071411133,44675003
4086,2009-05-21,13.466740186364104,13.466740186364104,12.978240042863234,13.176280975341797,44748562
4087,2009-05-20,12.912228889270095,13.519552308016106,12.885823993044022,13.466742515563965,76949138
4088,2009-05-19,12.384121647533327,12.872621101518094,12.357715979600465,12.648175239562988,78021877
4089,2009-05-18,11.644768445645306,12.225686044592738,11.512740911704325,12.040848731994629,34888554
4090,2009-05-15,11.591960405746113,11.90882534200943,11.578757571431016,11.631568908691406,25046935
4091,2009-05-14,11.22228442342023,11.618364777720473,11.182675924895404,11.459932327270508,27298155
4092,2009-05-13,11.22228736912249,11.473138171659398,11.169476023893774,11.327908515930176,32404395
4093,2009-05-12,11.935228676793864,12.067256230841002,11.354310989379883,11.354310989379883,42955555
4094,2009-05-11,12.199283599853516,12.3841209494908,12.199283599853516,12.199283599853516,21168215
4095,2009-05-08,12.146472258795688,12.463337168617583,12.067256803164907,12.38412094116211,29972342
4096,2009-05-07,12.489742063219612,12.885823200496983,12.291701880493275,12.38412094116211,46552297
4097,2009-05-06,11.856013086822001,12.489741325378418,11.68437780883718,12.489741325378418,47637296
4098,2009-05-05,12.146472388595214,12.172878055304112,11.354311649224679,11.684378623962402,29241346
4099,2009-05-04,11.737187011674157,11.829606056213379,11.446727818971942,11.829606056213379,47805870
4100,2009-04-30,11.063851356506348,11.063851356506348,10.826202694072885,11.063851356506348,42642928
4101,2009-04-29,10.192473926911678,10.509338817228947,10.192473926911678,10.350906372070312,19237284
4102,2009-04-28,10.377311512174236,10.522540345764508,10.179271351651566,10.192473411560059,24384901
4103,2009-04-27,10.958228360197943,11.169471336997109,10.284891709323844,10.377310752868652,25739618
4104,2009-04-24,11.063851521572962,11.354310744939143,10.945026802671116,11.05064868927002,31662673
4105,2009-04-23,10.984635684146056,11.116662468148391,10.720581344316722,10.958230018615723,20164437
4106,2009-04-22,10.773392960643703,11.143068428733594,10.601758445625864,11.011041641235352,23100679
4107,2009-04-21,10.08685419994856,10.694177627563477,10.060448531512138,10.694177627563477,18205922
4108,2009-04-20,10.430122649409121,10.694176211510063,9.902014753382582,10.284893035888672,24751165
4109,2009-04-17,11.35431174495163,11.35431174495163,10.443326269535335,10.48293399810791,39974871
4110,2009-04-16,11.024244141744191,11.407121659572587,10.839406027363543,11.222284317016602,44814459
4111,2009-04-15,10.72058145486661,10.945027298714914,10.614960335305451,10.826203346252441,53508247
4112,2009-04-14,10.443324778584108,10.73378321423973,10.377311392504476,10.588554382324219,54285217
4113,2009-04-13,10.430123163278473,10.456528829519376,10.086853361270164,10.443325996398926,32750737
4114,2009-04-10,10.826202818853373,10.826202818853373,10.24528514591709,10.298095703125,51410275
4115,2009-04-09,10.350905828130722,10.509338264963741,10.245284718125115,10.456527709960938,59009868
4116,2009-04-08,9.769986687995855,10.100053597232323,9.769986687995855,9.92841911315918,45120956
4117,2009-04-07,9.90201473236084,10.060447178014917,9.783190784032605,9.90201473236084,41436862
4118,2009-04-06,10.364111488436702,10.430124893162901,10.04724652829109,10.139665603637695,48199718
4119,2009-04-03,10.41691945716525,10.41691945716525,10.060446851910774,10.11325740814209,31066536
4120,2009-04-02,10.548945839201057,10.588554333761937,10.034041584506351,10.205676078796387,59861930
4121,2009-03-31,9.505934440881882,9.796393668859329,9.505934440881882,9.651164054870605,47672544
4122,2009-03-30,9.32109461002941,9.53233834761583,9.189068624730792,9.45312213897705,36459351
4123,2009-03-27,9.664365961357166,9.664365961357166,9.347501098716169,9.400312423706055,51957372
4124,2009-03-26,9.822798631956354,10.086852176039685,9.453123207144934,9.50593376159668,62621935
4125,2009-03-25,9.743581771850586,9.90201342475845,9.519135965450426,9.743581771850586,34594316
4126,2009-03-24,9.439920941251584,9.598353385925293,9.321096221833981,9.598353385925293,79172773
4127,2009-03-23,8.502529745495652,8.977827072143555,8.449719188698541,8.977827072143555,30283436
4128,2009-03-20,8.766583211282525,8.911812035240892,8.344097254791208,8.396907806396484,41323458
4129,2009-03-19,9.360705502140465,9.400314002535323,8.766584942639975,8.845800399780273,60009048
4130,2009-03-18,8.8722040685571,9.36070339397003,8.713771646308436,9.2418794631958,66653903
4131,2009-03-17,8.647759837816892,8.911813408352591,8.528935885440761,8.753381729125977,50457069
4132,2009-03-16,8.317692322946087,8.740178316510157,8.291286658914098,8.47612476348877,43548626
4133,2009-03-13,8.528935536060038,8.608151758340655,8.212071418762207,8.212071418762207,60113257
4134,2009-03-12,8.344098091125488,8.792988982499786,8.291286762402343,8.344098091125488,85503469
4135,2009-03-11,8.00082791931481,8.238475799560547,7.974422256254352,8.238475799560547,64264759
4136,2009-03-10,7.11624695505175,7.7103681564331055,7.076638463319904,7.7103681564331055,48250290
4137,2009-03-09,7.301084599204107,7.39350364561731,7.10304444702545,7.2086663246154785,20329946
4138,2009-03-06,7.287881687401854,7.459516947152644,7.287881687401854,7.301084518432617,43136388
4139,2009-03-05,7.182260274298992,7.459516626737521,7.050233513311553,7.287881374359131,47105524
4140,2009-03-04,6.838990366760531,7.169058032626707,6.825787536633961,7.076638221740723,28118035
4141,2009-03-03,6.469317282382203,6.878600120544434,6.469317282382203,6.878600120544434,20104671
4142,2009-03-02,6.99742408883791,7.023828982187983,6.627748635514966,6.654154300689697,27147972
4143,2009-02-27,7.03703132169138,7.169058866489221,6.99742359852925,7.063436985015869,18115505
4144,2009-02-26,7.18226077528743,7.18226077528743,6.997423451376855,7.037031173706055,14635231
4145,2009-02-25,7.129450388190307,7.28788205303427,7.023828506469727,7.023828506469727,18495561
4146,2009-02-24,6.997423451376855,7.076638896035254,6.957815729047656,7.037031173706055,9455432
4147,2009-02-23,7.023828910242297,7.182261356018529,6.891802129370319,7.129450798034668,21312269
4148,2009-02-20,6.99742241970849,7.155854829315902,6.891800556028725,6.918206214904785,15217576
4149,2009-02-19,6.918206575695432,7.22186858130847,6.812585478331906,7.076638221740723,27203141
4150,2009-02-18,6.786180512316807,7.050234054563273,6.759774849362323,6.971017837524414,28026086
4151,2009-02-17,7.129451044353674,7.155856710170232,6.812586913678359,6.825788974761963,27664419
4152,2009-02-16,7.2614775789066455,7.314288136890506,7.129450798034668,7.129450798034668,40007054
4153,2009-02-13,7.050235395725533,7.4199108882884985,7.050235395725533,7.261478424072266,42006947
4154,2009-02-12,7.261477196679005,7.380301910668841,6.971017985319907,6.9974236488342285,28291206
4155,2009-02-11,6.944614267464536,7.301086154213954,6.944614267464536,7.261478424072266,31984494
4156,2009-02-10,7.116247965582541,7.129450798034668,6.865397236290713,7.129450798034668,28891940
4157,2009-02-09,6.733370100989452,7.023828540523941,6.640951050513936,6.9974236488342285,47671011
4158,2009-02-06,6.482517827484663,6.654153075878686,6.482517827484663,6.574936866760254,21129903
4159,2009-02-05,6.495722415134399,6.548532978227023,6.3372903399441665,6.3636956214904785,25152676
4160,2009-02-04,6.495721926839156,6.627748710558383,6.469316647277777,6.548532485961914,26899709
4161,2009-02-03,6.178857221394553,6.429708334174187,6.178857221394553,6.4033026695251465,20700807
4162,2009-02-02,6.310883334582231,6.310883334582231,6.1128431861007355,6.139248847961426,16811360
4163,2009-01-21,5.861992765862932,6.152451992034912,5.861992765862932,6.152451992034912,19249544
4164,2009-01-20,6.244870604710312,6.258073437021127,6.08643854654213,6.126046657562256,14359384
4165,2009-01-19,6.416505389219041,6.416505389219041,6.337289554399381,6.350492000579834,9564239036
4166,2009-01-16,6.54853195507489,6.654153836582345,6.152451636027291,6.297680854797363,46152318
4167,2009-01-15,6.601343388030294,6.667356003776504,6.469316226976335,6.482518672943115,23480735
4168,2009-01-14,6.75977581025651,7.129451285045252,6.75977581025651,6.944613933563232,30102603
4169,2009-01-13,6.812587451217613,6.8653980151930085,6.693762717492052,6.7597761154174805,18399015
4170,2009-01-12,6.680559356420246,6.852194640578521,6.680559356420246,6.825788974761963,25230833
4171,2009-01-09,7.208667838770185,7.274681236695614,6.627749319566623,6.7597761154174805,68560315
4172,2009-01-08,7.2086671901963495,7.261477749420305,6.852194564741478,6.931410789489746,40532696
4173,2009-01-07,7.023829508929297,7.340694427490234,6.997424613599029,7.340694427490234,63481659
4174,2009-01-06,6.601343883217334,6.905005180091852,6.522127657825168,6.8653974533081055,38998678
4175,2009-01-05,6.838991033039941,6.878598755453863,6.601343154907227,6.601343154907227,21329126
4176,2009-01-02,6.574936866760254,6.574936866760254,6.574936866760254,6.574936866760254,0
4177,2008-12-31,6.548531206445937,6.614544585407213,6.416504448523388,6.574936866760254,12247620
4178,2008-12-30,6.28447891852346,6.548532485961914,6.28447891852346,6.548532485961914,16360810
4179,2008-12-29,6.324085859131138,6.324085859131138,6.205261544251526,6.218464374542236,3268790
4180,2008-12-26,6.258073586251419,6.42970848082323,6.205262641661146,6.337289810180664,8624825
4181,2008-12-25,6.2844777541712675,6.363693964091009,6.152450994913205,6.218464374542236,6155992
4182,2008-12-24,5.835588174574556,6.271276679261329,5.835588174574556,6.231668949127197,11392493
4183,2008-12-23,6.680560260932482,6.680560260932482,6.086439646041251,6.205263614654541,24400226
4184,2008-12-22,6.9974224977657205,6.9974224977657205,6.5353288650512695,6.5353288650512695,15706439
4185,2008-12-19,6.918206214904785,6.918206214904785,6.918206214904785,6.918206214904785,22780389886
4186,2008-12-18,6.548531325151181,6.627747535705566,6.4825179449932815,6.627747535705566,16917102
4187,2008-12-17,6.878598225940679,7.208665898554705,6.614544705309081,6.627747535705566,22363553
4188,2008-12-16,6.733370139511299,6.8389912505236286,6.561734869335498,6.746572971343994,11651483
4189,2008-12-15,6.720167746859177,6.825788864774123,6.6277486898151015,6.77297830581665,18461847
4190,2008-12-12,6.65415443480919,6.8125868854015845,6.390100479125977,6.390100479125977,31031289
4191,2008-12-11,6.971018572614545,7.261477808444263,6.7861812279159395,6.8653974533081055,55023874
4192,2008-12-10,6.508925176117923,6.812587261199951,6.482519508954368,6.812587261199951,46852664
4193,2008-12-09,6.07323566745351,6.37689733505249,6.020425110441652,6.37689733505249,35705368
4194,2008-12-08,5.597938669375907,5.967613697052002,5.597938669375907,5.967613697052002,35069387
4195,2008-12-05,5.84878940794848,5.8751950704370275,5.531924931296524,5.584735870361328,26300507
4196,2008-12-04,5.941208293703855,6.033627338082717,5.690357208251953,5.690357208251953,30205279828
4197,2008-12-03,6.060033556904539,6.1260473398991016,5.88839864730835,5.88839864730835,24841582
4198,2008-12-02,5.690356920746606,6.086437582285642,5.677154090527476,6.033627033233643,30383048
4199,2008-12-01,5.835587996013218,6.205263091281706,5.809182714760974,6.08643913269043,38687584
4200,2008-11-28,6.073235227993027,6.073235227993027,5.782776027708537,5.8091816902160645,48972091
4201,2008-11-27,6.046830290103844,6.178857066387649,5.914803513820039,6.099640846252441,42664383
4202,2008-11-26,5.8355871319495884,5.861992409292056,5.716763190952333,5.795979022979736,59071167
4203,2008-11-25,5.795979015866809,5.848789570486934,5.597938857172889,5.7035603523254395,53719730
4204,2008-11-24,5.281074938038794,5.597939457475862,5.2150611588161055,5.531925678253174,56570152
4205,2008-11-21,5.056628695540546,5.281074523925781,4.91139908728096,5.281074523925781,77925331000
4206,2008-11-20,4.700156494972983,4.93780517578125,4.673751214631735,4.93780517578125,33463342990
4207,2008-11-19,4.72656121779292,4.8849932541293155,4.568128795544257,4.6209397315979,51891475407
4208,2008-11-18,4.964210309506526,5.096237093225753,4.9113993644714355,4.9113993644714355,44947785
4209,2008-11-17,5.531924916744857,5.531924916744857,5.267871379852295,5.267871379852295,47160694
4210,2008-11-14,5.729966388551716,6.12604714431152,5.624344493497574,5.650750160217285,69766380
4211,2008-11-13,6.046830177307129,6.046830177307129,6.046830177307129,6.046830177307129,13873586
4212,2008-11-12,6.601343220710406,6.759774883769957,6.495721340179443,6.495721340179443,24527422
4213,2008-11-11,6.984221458435059,7.155856743390122,6.984221458435059,6.984221458435059,16000676
4214,2008-11-10,7.393504834736207,7.670761246743198,7.129451256029492,7.499125957489014,29195372
4215,2008-11-07,6.456113757772609,7.406707286834717,6.456113757772609,7.406707286834717,47335397
4216,2008-11-06,6.931410789489746,7.10304529992377,6.931410789489746,6.931410789489746,16202964
4217,2008-11-05,7.763178704489727,7.789584365636031,7.419908968710462,7.446313858032227,39110550
4218,2008-11-04,7.393505321894068,7.842397052732706,7.195465124815169,7.657558917999268,33236535
4219,2008-11-03,7.393504599503892,7.433113098144531,7.116248196318113,7.433113098144531,44460455
4220,2008-10-31,6.957816123962402,6.957816123962402,6.957816123962402,6.957816123962402,17520901
4221,2008-10-30,6.086438485492408,6.50892448425293,6.086438485492408,6.50892448425293,22959690
4222,2008-10-29,6.931411220061096,6.931411220061096,6.08643913269043,6.08643913269043,58988413
4223,2008-10-28,6.5353288650512695,6.5353288650512695,6.5353288650512695,6.5353288650512695,7208809
4224,2008-10-27,7.023828506469727,7.023828506469727,7.023828506469727,7.023828506469727,13249865
4225,2008-10-24,7.551936626434326,7.551936626434326,7.551936626434326,7.551936626434326,3383726
4226,2008-10-23,7.815990447998046,7.815990447998046,7.815990447998046,7.815990447998047,2497950
4227,2008-10-22,8.093245506286621,8.2648807578955,8.093245506286621,8.093245506286621,16978401
4228,2008-10-21,8.185665919053484,8.819394938247443,8.185665919053484,8.383706092834473,28369362
4229,2008-10-20,8.449718475341797,8.449718475341797,8.449718475341797,8.449718475341797,3909369
4230,2008-10-17,8.753381729125977,8.872205681502107,8.753381729125977,8.753381729125977,27719589
4231,2008-10-16,9.070245742797852,9.070245742797852,9.070245742797852,9.070245742797852,2574574
4232,2008-10-15,9.38710880279541,9.453122181655004,9.38710880279541,9.38710880279541,8089988
4233,2008-10-14,9.836001339348746,9.836001339348746,9.651164000684787,9.717177391052246,26179441
4234,2008-10-13,9.202275276184082,9.4003154941078,9.202275276184082,9.202275276184082,11827719
4235,2008-10-09,9.769988923720799,9.875610821941288,9.47952966839536,9.532341003417969,20481662
4236,2008-10-08,10.007637250615092,10.086853478433246,9.54554271697998,9.54554271697998,20104671
4237,2008-10-07,10.034041696685811,10.46972973895429,10.00763603335001,10.2584867477417,15888804
4238,2008-10-06,10.113257757428268,10.403716984469167,9.928420418322538,10.284893035888672,13918028
4239,2008-10-03,9.902014181045372,10.456527709960938,9.902014181045372,10.456527709960938,27147972
4240,2008-10-02,10.298094176326948,10.548944864741811,9.902013126429107,9.954824447631836,14478918
4241,2008-10-01,10.377311924849183,10.509338703781276,10.298095703125,10.298095703125,13547167
4242,2008-09-30,10.007635760577848,10.324499852847858,10.007635760577848,10.218878746032715,17723189
4243,2008-09-29,10.746986389160156,10.746986389160156,10.746986389160156,10.746986389160156,0
4244,2008-09-26,11.248688602488262,11.248688602488262,10.746986389160156,10.746986389160156,15678854
4245,2008-09-25,11.222285209863054,11.407122567124722,11.03744708077666,11.288298606872559,19988202
4246,2008-09-24,11.750391336619666,11.829607560321943,11.446729274398376,11.539148330688477,13128799
4247,2008-09-23,11.090257133065272,11.882418632507324,10.997838844604729,11.882418632507324,25522005
4248,2008-09-22,11.063852407255979,11.30150032043457,10.826203722252687,11.30150032043457,29671975
4249,2008-09-19,10.548946215859852,10.562149047851562,10.324500387474615,10.562149047851562,9383405
4250,2008-09-18,9.79639412462641,10.245285819989352,9.730380730817117,9.8756103515625,19120815
4251,2008-09-17,10.826202992560535,10.958229773611007,10.218879645363435,10.284893035888672,17713994
4252,2008-09-16,9.505933184137888,10.403715642578202,9.426716971360133,10.377310752868652,23724400
4253,2008-09-15,10.271691918671657,10.430124391118461,9.928422076253433,9.981232643127441,14270500
4254,2008-09-12,10.192474749160004,10.562150227077767,9.585151356157377,10.48293399810791,26596277
4255,2008-09-11,10.588557373235707,10.588557373235707,10.139665603637695,10.139665603637695,14086602
4256,2008-09-10,10.852607926642747,11.116661470961276,10.522540224419988,10.588554382324219,21227982
4257,2008-09-09,11.407120487305859,11.473133872279384,11.037445068359375,11.037445068359375,15953169
4258,2008-09-08,11.829607854456427,11.85601352028863,11.525945784684804,11.7767972946167,16095690
4259,2008-09-05,10.773392635606072,11.354311100531543,10.588555293050089,11.222284317016602,16218289
4260,2008-09-04,11.433526050134388,11.684376756477267,10.905418203135504,11.169471740722656,19871733
4261,2008-09-03,11.56555377247668,11.776796774327732,11.354310770625625,11.433526992797852,13862859
4262,2008-09-02,11.44672905330602,11.723985444996487,11.261891716120589,11.433526992797852,10695212
4263,2008-09-01,12.01444519128326,12.01444519128326,11.354311264193342,11.393918991088867,19765991
4264,2008-08-29,12.674578895615204,12.674578895615204,12.014444248501816,12.14647102355957,31426670
4265,2008-08-28,12.965037890208054,13.044254884808415,12.463336432336279,12.489741325378418,26668304
4266,2008-08-27,12.014444450582058,12.727389665345202,12.014444450582058,12.700984001159668,16714814
4267,2008-08-26,12.133269258505246,12.18608059063147,11.935229078505952,12.014445304870605,18843435
4268,2008-08-25,12.51614698748357,12.595363210241805,12.159674370983835,12.304903984069824,25515875
4269,2008-08-22,12.177130839993756,12.75017232577268,12.153253745015451,12.535282135009766,46203963
4270,2008-08-21,12.129378271654714,12.296515017516727,11.926426247104974,12.105501174926758,11366747
4271,2008-08-20,11.98611699387702,12.129377365112305,11.818979527698342,12.129377365112305,8788954
4272,2008-08-19,11.604090371399328,12.081624984741211,11.50858344873095,12.081624984741211,11559841
4273,2008-08-18,11.818980693331152,11.866734887927644,11.616028663934024,11.723474502563477,8146920
4274,2008-08-15,12.559158643727574,12.60691136862466,11.663781128548107,11.699596405029297,29245561
4275,2008-08-14,12.487527945053156,12.535282135009766,12.224884297142,12.535282135009766,12795636
4276,2008-08-13,12.65466716003712,12.774050452999354,12.12937905882466,12.559160232543945,24688563
4277,2008-08-12,12.535283867074885,12.774050452999354,12.296515815533484,12.559160232543945,39148019
4278,2008-08-11,12.129377382845512,12.559158497179705,11.962239916422476,12.535282135009766,46923235
4279,2008-08-08,11.484707955568334,12.129379366073154,11.484707955568334,11.74735164642334,36528389
4280,2008-08-07,12.823443477448677,12.875890574528347,12.600539284413895,12.679210662841797,13669222
4281,2008-08-06,11.413076543508454,11.67572021484375,11.401138361358766,11.67572021484375,25755403
4282,2008-08-05,11.150430729093245,11.174307823181152,10.911663452255862,11.174307823181152,14993680
4283,2008-08-04,11.174308729019094,11.198185092234183,11.042986532910902,11.150431632995605,7648096
4284,2008-08-01,10.696774470040756,11.114617434604158,10.625143912546038,11.102679252624512,10784250
4285,2008-07-31,10.995232199571097,11.269814751566205,10.720650380384328,10.792280197143555,23148646
4286,2008-07-30,11.198187505412704,11.198187505412704,10.983297258935043,10.995235443115234,8253121
4287,2008-07-29,10.840036392211914,10.863912759563203,10.601269054656397,10.840036392211914,17273788
4288,2008-07-28,11.174307823181152,11.174307823181152,11.174307823181152,11.174307823181152,0
4289,2008-07-25,11.46082855538601,11.508582010753488,10.959417640431678,11.174307823181152,24577535
4290,2008-07-24,11.604089330879452,11.783164978027344,11.53245877889695,11.783164978027344,23098763
4291,2008-07-23,11.365324573179631,11.627968278972574,11.365324573179631,11.508584976196289,50540513
4292,2008-07-22,10.505759794670956,11.054924183112284,10.505759794670956,11.031047821044922,33908759
4293,2008-07-21,10.075979017876005,10.505760144682448,10.075979017876005,10.48188304901123,18807269
4294,2008-07-18,10.219236768468376,10.2431131251981,9.980469537130139,10.004345893859863,25954932
4295,2008-07-17,10.386375959586534,10.577390523361329,10.159546852111816,10.159546852111816,32753419
4296,2008-07-16,10.123733177748454,10.290870660600547,10.040164436322408,10.231178283691406,7596604
4297,2008-07-15,10.075978158697069,10.195362161256508,9.837210886386515,10.12373161315918,13077231
4298,2008-07-14,10.171485949034475,10.41025324203548,10.171485949034475,10.19536304473877,12411059
4299,2008-07-11,10.147607616936567,10.410251973641044,9.980470898604144,10.26699161529541,17416998
4300,2008-07-10,10.231178091413444,10.314746831268955,9.789458760876126,9.944657325744629,17724338
4301,2008-07-09,10.434131046127295,10.446069228385747,10.004349156738611,10.231178283691406,37371562
4302,2008-07-08,10.446068940853849,10.589329322437303,9.908842693118002,9.956595420837402,26003205
4303,2008-07-07,10.386377598668249,10.386377598668249,10.099856807002567,10.350563049316406,24299159
4304,2008-07-04,10.756465668122711,10.98329478040198,10.505760192871094,10.505760192871094,11651560
4305,2008-07-03,10.768406279648826,11.222064606581643,10.625145871060864,10.995235443115234,13622719
4306,2008-07-02,10.577391377294814,11.031048896060534,10.541575365086645,10.923603057861328,21388280
4307,2008-07-01,10.553514346904848,10.577391444258645,10.302808855136393,10.54157543182373,12494733
4308,2008-06-30,10.446069891137249,10.637083750625132,10.338624778377437,10.36250114440918,21967559
4309,2008-06-27,10.38637746758672,10.62514479096142,10.350562918686876,10.398316383361816,28087002
4310,2008-06-26,11.222061648817272,11.436951838656986,11.031047821044922,11.031047821044922,22720622
4311,2008-06-25,11.26981556981028,11.53245922740779,11.031048275263274,11.222062110900879,16380732
4312,2008-06-24,11.222063885832618,11.269817352294922,10.983296553521106,11.269817352294922,15453885
4313,2008-06-23,10.863910516277292,11.413075645662284,10.79228069620572,11.293691635131836,23219446
4314,2008-06-20,11.341444054812868,11.460827313895233,10.887785911560059,10.887785911560059,27770007
4315,2008-06-19,11.413077662932393,11.42501584625301,11.28175544798011,11.341447830200195,9147786
4316,2008-06-18,11.747349111985388,11.747349111985388,11.48470547779457,11.639904022216797,7532240
4317,2008-06-17,11.58021093962536,11.759286566726983,11.365320773350037,11.54439640045166,14057178
4318,2008-06-16,11.341446450502175,11.580213019102318,11.19818533684863,11.460829734802246,20905547
4319,2008-06-13,11.34144519663759,11.43695137383382,11.186245918273926,11.186245918273926,20086511
4320,2008-06-12,11.126555616583804,11.293692362724112,10.91166467690807,11.102679252624512,28947875
4321,2008-06-11,12.033872660574344,12.10550249294023,11.604091467953527,11.627967834472656,26204344
4322,2008-06-10,12.439777246770673,12.463653612829336,12.033872428496998,12.057748794555664,15915699
4323,2008-06-09,12.36814680974046,12.535284305098072,12.22488641349472,12.439777374267578,11989473
4324,2008-06-06,12.774047921485865,12.965061738617804,12.678541012919895,12.702417373657227,15400784
4325,2008-06-05,12.511404314345706,12.60690975189209,12.224882872048592,12.60690975189209,11532486
4326,2008-06-04,12.344267674391883,12.535281493204975,12.177130216526264,12.368144035339355,9453516
4327,2008-06-03,12.296515194340843,12.511406869557335,12.033871523407022,12.081624984741211,14594621
4328,2008-06-02,12.296512603759766,12.535280592936433,12.153252249938731,12.296512603759766,15820762
4329,2008-05-30,12.511405749116891,12.72629593947235,12.10550026491391,12.415897369384766,27673461
4330,2008-05-29,12.917309439089218,12.941185800606476,12.392020692009423,12.58303451538086,19684233
4331,2008-05-28,13.156076901830112,13.179953265010383,12.65466594696045,12.65466594696045,11699833
4332,2008-05-27,13.1322013692681,13.1322013692681,12.91731115582016,13.108325004577637,7883026
4333,2008-05-26,12.941185852355346,13.036692764422975,12.750172028220089,12.893431663513184,8034282
4334,2008-05-23,13.490350636206076,13.490350636206076,13.060568809509277,13.060568809509277,16750827
4335,2008-05-22,12.917310291913173,13.179953217176537,12.89343246320277,13.036693572998047,17362289
4336,2008-05-21,13.227707783831747,13.514228545925036,12.988939749278925,13.299338340759277,18160407
4337,2008-05-20,13.394846480445736,13.657489437053602,12.941188199442298,13.084447860717773,35031918
4338,2008-05-19,13.920132261337654,13.944008624539888,13.53810458763473,13.657487869262695,11807643
4339,2008-05-16,13.585858215547566,13.92013168334961,13.275459644339632,13.92013168334961,55671962
4340,2008-05-15,12.869556541693592,13.227707862854004,12.82180381386785,13.227707862854004,37572701
4341,2008-05-14,12.65466577429151,12.845679608360943,12.630789411437023,12.678542137145996,22992562
4342,2008-05-13,12.750172077239935,12.750172077239935,12.51140552896124,12.630788803100586,32178967
4343,2008-05-12,12.415896745949537,12.845678570696693,12.368144024097994,12.750171661376953,14747486
4344,2008-05-09,12.869555602239105,12.893431964409045,12.535282135009766,12.535282135009766,25753793
4345,2008-05-08,13.347089050965595,13.347089050965595,12.67854070712841,12.86955451965332,44968167
4346,2008-05-07,12.869557716643037,13.657489522638127,12.702420222760148,13.442599296569824,63318449
4347,2008-05-06,12.726297030567695,12.821803952871424,12.439776263656508,12.774049758911133,49053696
4348,2008-05-05,12.296514636789208,12.941186701974084,12.272638273608937,12.65466594696045,78094900
4349,2008-05-02,11.687658802458845,12.296515639724857,11.687658802458845,12.272639274597168,196044219
4350,2008-04-30,12.559160232543945,12.559160232543945,12.559160232543945,12.559160232543945,6706767
4351,2008-04-29,13.442596535273593,13.896254725932176,13.394843812897252,13.490350723266602,21097031
4352,2008-04-28,13.394846564384412,13.585860424360007,13.15607850660643,13.442599296569824,11843044
4353,2008-04-25,13.657486964229532,13.729117514706326,13.394844055175781,13.394844055175781,6100133
4354,2008-04-24,13.609736442565918,13.848503028623668,13.490353149537043,13.609736442565918,10921024
4355,2008-04-23,13.418720876729395,13.609734707470146,13.275459770865456,13.585858345031738,12131074
4356,2008-04-22,13.65748908951875,13.776873847430183,13.39484613959422,13.681366920471191,14081315
4357,2008-04-21,13.609736442565918,14.063393249199029,13.609736442565918,13.609736442565918,20363277
4358,2008-04-18,13.991764152751866,14.135023811263128,13.51422951501943,13.609736442565918,22432592
4359,2008-04-17,13.96788484712399,14.326034650822498,13.848500113607862,13.991761207580566,35381094
4360,2008-04-16,13.012818187246726,13.80074995344889,13.012818187246726,13.776873588562012,63904165
4361,2008-04-15,12.941186123159728,13.060569399338277,12.89343193331827,12.917309761047363,10486565
4362,2008-04-14,12.893431663513184,12.917309490742614,12.65466511615246,12.893431663513184,7483967
4363,2008-04-11,12.654667924034895,13.132202590330873,12.630791557124352,13.012819290161133,36671600
4364,2008-04-10,12.48752648934255,12.774047198831383,12.48752648934255,12.60690975189209,24032047
4365,2008-04-09,12.439777374267578,12.559160671401449,12.36814680974046,12.439777374267578,16223039
4366,2008-04-08,12.797924290768321,12.797924290768321,12.320389747619629,12.320389747619629,35389140
4367,2008-04-07,12.272639274597168,12.296515639724857,12.057748324405681,12.272639274597168,29988969
4368,2008-04-03,12.272639449880323,12.439776939395104,12.201008887857284,12.248763084411621,24701436
4369,2008-04-02,12.009991896117695,12.34426678784172,12.009991896117695,12.296512603759766,47269194
4370,2008-04-01,11.675720952998953,11.938365373747422,11.675720952998953,11.79510498046875,22570975
4371,2008-03-31,11.580211810463398,11.616027085138708,11.460828538623485,11.55633544921875,12478642
4372,2008-03-28,11.604091600026633,11.735413815801998,11.556338133636366,11.580214500427246,7883026
4373,2008-03-27,11.914485419478444,11.914485419478444,11.484705075460221,11.759286880493164,8750336
4374,2008-03-26,12.009992891700568,12.009992891700568,11.866733258812127,11.938363075256348,17536072
4375,2008-03-25,12.177131452179077,12.177131452179077,11.818980139157597,11.890610694885254,21462299
4376,2008-03-24,12.248760900670197,12.248760900670197,11.771225615539274,11.938363075256348,23636206
4377,2008-03-21,11.365319840987523,11.508580184354695,11.353381662242313,11.448887825012207,12932411
4378,2008-03-20,11.699596609980192,11.699596609980192,11.234000205993652,11.234000205993652,10185661
4379,2008-03-19,11.496645013215634,11.67571993966574,11.42501445638886,11.460829734802246,11760979
4380,2008-03-18,11.651842037898708,11.723472585270327,11.281752586364746,11.281752586364746,8768036
4381,2008-03-17,11.46083124456988,11.60409164428711,11.22206391170783,11.60409164428711,12938847
4382,2008-03-14,11.24594023569537,11.747351999197438,11.222063868904488,11.580214500427246,22624076
4383,2008-03-13,11.580211738840662,11.675718648845224,11.102677921626183,11.186245918273926,15481240
4384,2008-03-12,11.771229240446974,11.866736913131072,11.62796883063367,11.651845932006836,19233683
4385,2008-03-11,11.460831129023358,11.532460961755557,11.293693631300727,11.341447830200195,14164988
4386,2008-03-10,11.866734165600295,11.890610528636753,11.460829398705,11.56827449798584,14908397
4387,2008-03-07,11.675720779504394,11.986118660066749,11.639906231323268,11.818981170654297,17796748
4388,2008-03-06,11.627965487818278,11.8906098633751,11.472766938339257,11.842856407165527,26321809
4389,2008-03-05,11.747350025745638,11.795103484113744,11.52052091529504,11.61602783203125,9348924
4390,2008-03-04,11.699596405029297,11.771226225183298,11.413075658796537,11.699596405029297,15064481
4391,2008-03-03,11.938364791661668,11.98611825375955,11.580213459523344,11.592151641845703,19922381
4392,2008-02-29,12.4875284431791,12.654665916269227,12.272638243844243,12.344268798828125,15447449
4393,2008-02-27,12.893434791684584,13.012819559946461,12.583037618561214,12.797927856445312,19201500
4394,2008-02-26,12.797926123082851,13.13220108395433,12.750173394739413,12.774049758911133,19035762
4395,2008-02-25,12.033870813565855,12.702418500000482,12.033870813565855,12.678542137145996,24542134
4396,2008-02-22,11.58021368501302,11.986118487152995,11.58021368501302,11.902549743652344,12765063
4397,2008-02-21,12.057747184395295,12.224884655720786,11.938363904427133,11.986117362976074,16044428
4398,2008-02-20,11.866735543512323,12.201009061687412,11.508584193911409,11.79510498046875,32687445
4399,2008-02-19,11.222061246772466,11.938363075256348,11.222061246772466,11.938363075256348,31456477
4400,2008-02-18,11.162369642541368,11.317568189283582,11.11461618717389,11.174307823181152,6425173
4401,2008-02-15,11.222060405778945,11.317567309086071,11.007169506933772,11.162368774414062,6658494
4402,2008-02-14,11.007171740238308,11.365323066711426,10.983295375971263,11.365323066711426,12766672
4403,2008-02-13,11.031048400341978,11.198185142015815,10.744527643636774,10.768404006958008,3245573
4404,2008-02-12,10.983294659523539,11.26981540888872,10.863910647550522,10.959418296813965,5717165
4405,2008-02-01,11.508583302399845,11.508583302399845,11.007171598362081,11.102679252624512,17315624
4406,2008-01-31,10.792281290858291,11.532459558820607,10.792281290858291,11.460829734802246,9862230
4407,2008-01-30,11.651844236585042,11.69959769957436,11.436953286728885,11.53246021270752,14546347
4408,2008-01-29,11.019109766787428,11.58021234271799,11.019109766787428,11.329506874084473,18022023
4409,2008-01-28,11.580213344567559,11.771227191062904,10.780343411974634,10.983295440673828,18351891
4410,2008-01-25,11.460831200855829,11.842858931977974,11.460831200855829,11.580214500427246,39765917
4411,2008-01-24,10.887790141131871,11.078804016113281,10.493824207184847,11.078804016113281,23684479
4412,2008-01-23,10.601268468769034,10.995234370760672,10.290871313505464,10.36250114440918,21055194
4413,2008-01-22,10.2789306640625,10.434129948327246,10.2789306640625,10.2789306640625,25034522
4414,2008-01-21,10.98329427862547,11.150431010221372,10.76840335764976,11.042985916137695,12901838
4415,2008-01-18,10.81615848826248,11.198185441270102,10.410253705678725,11.102679252624512,21179096
4416,2008-01-17,10.768402203069462,11.24593671758307,10.74452584374792,10.816156387329102,39152846
4417,2008-01-16,10.744527022510221,10.863910297831804,10.660958290100098,10.660958290100098,40361287
4418,2008-01-15,11.520521376952281,11.890610877337647,10.983295131985136,11.460829734802246,34127598
4419,2008-01-14,12.320391059263365,12.320391059263365,11.293692048594217,11.52052116394043,23620115
4420,2008-01-11,12.05774681309048,12.29651409848262,12.009993356012053,12.129377365112305,8632871
4421,2008-01-10,12.415899100707993,12.511407493758194,11.818981170654297,11.818981170654297,18684976
4422,2008-01-09,10.792280149682139,11.986116530488607,10.7087114198236,11.938363075256348,53470701
4423,2008-01-08,11.508584976196289,11.639907195497024,11.508584976196289,11.508584976196289,60674683
4424,2008-01-07,12.941185491778631,12.941185491778631,12.368144035339355,12.368144035339355,28230213
4425,2008-01-04,13.609734214036008,13.752993849089181,13.108323292924863,13.275459289550781,23991819
4426,2008-01-03,14.206654466033807,14.326037759841727,13.896257315886439,13.967887878417969,6438046
4427,2008-01-02,14.493173928704685,14.564804484703206,14.254407362865358,14.32603645324707,7598213
4428,2007-12-31,14.51705021342447,14.51705021342447,14.230529456601287,14.397666931152344,6743776
4429,2007-12-28,13.776873099950134,14.349914630613052,13.776873099950134,14.278284072875977,10459210
4430,2007-12-27,14.01563820674966,14.206652030340287,13.872378571865038,14.158899307250977,6296444
4431,2007-12-26,13.729117251101286,13.896254710465794,13.681364528778094,13.8723783493042,3998636
4432,2007-12-25,13.967885404436016,13.967885404436016,13.705241032084423,13.729117393493652,1885876
4433,2007-12-24,13.848503112792969,13.896257309664923,13.490353231529557,13.848503112792969,7160536
4434,2007-12-21,13.251584226766875,13.490352262746097,12.893432905606463,13.227707862854004,11323301
4435,2007-12-20,13.490353409835041,13.490353409835041,12.941188199442298,13.084447860717773,14842423
4436,2007-12-19,13.347092025408845,13.705243370112404,13.132201804833484,13.609736442565918,8610343
4437,2007-12-18,12.654666747374408,13.514229066783054,12.654666747374408,13.108325004577637,13143204
4438,2007-12-17,13.729119013747187,13.824625936272124,13.01281782761858,13.203831672668457,13820639
4439,2007-12-14,14.278282978979234,14.278282978979234,13.561980387719984,13.92013168334961,17754911
4440,2007-12-13,14.803570840112107,15.113969423154499,13.776872569733824,14.039515495300293,31314875
4441,2007-12-12,14.087268691381231,14.803569793701172,14.063390864331108,14.803569793701172,28983276
4442,2007-12-11,14.03951603562467,14.278284072875977,13.896256385767364,14.278284072875977,10328872
4443,2007-12-10,14.206654459673322,14.206654459673322,13.729119819038498,13.848503112792969,8724590
4444,2007-12-07,14.56480265223813,14.636433199224482,13.991761207580566,13.991761207580566,16937484
4445,2007-12-06,13.967886500984996,14.660311295528293,13.920132308800905,14.08726978302002,29428999
4446,2007-12-05,13.729120078623199,13.94401030456769,13.585860416532526,13.752996444702148,20659353
4447,2007-12-04,13.32321338706999,13.729117393493654,13.32321338706999,13.729117393493652,20141220
4448,2007-12-03,13.370968214955585,13.514229337198747,13.299339119450918,13.32321548461914,19618260
4449,2007-11-30,13.609736263488552,13.609736263488552,13.179954362375979,13.32321548461914,33957033
4450,2007-11-29,13.729117638359858,13.848500913151963,13.418720537653703,13.633610725402832,21914459
4451,2007-11-28,13.490352972030527,14.08727089493757,13.32321548461914,13.32321548461914,17145059
4452,2007-11-27,13.77687427639807,13.84850337463492,13.299339626734211,13.752996444702148,14866560
4453,2007-11-26,13.44259747746507,14.206652813972504,13.370966923263305,14.18277645111084,13979941
4454,2007-11-23,13.681367442333823,13.920134036030358,13.132202224968013,13.37096881866455,24730400
4455,2007-11-22,13.37096881211486,13.944010395446226,13.37096881211486,13.800750732421875,19927209
4456,2007-11-21,14.588681024910086,14.731942138642783,14.230529706195174,14.302160263061523,15119190
4457,2007-11-20,14.349914282324452,14.612557211624347,14.32603645324707,14.32603645324707,13899485
4458,2007-11-19,14.684186520917295,14.899076705051609,14.612555971000296,14.803569793701172,8108301
4459,2007-11-16,14.564805030822754,14.779695241258999,14.517050836494219,14.564805030822754,6203116
4460,2007-11-15,14.517049639681234,14.851324575572127,14.517049639681234,14.660310745239258,8759990
4461,2007-11-14,15.161721253343815,15.352735078257911,14.755817241805538,14.779693603515625,20218458
4462,2007-11-13,15.042337979176683,15.472118352425046,14.779693603515625,14.779693603515625,14057178
4463,2007-11-12,14.803572056054572,15.113970664592623,14.803572056054572,15.066216468811035,6880551
4464,2007-11-09,15.519871851041186,15.854145296961933,15.11396785756005,15.37661075592041,11921890
4465,2007-11-08,16.2361773773484,16.2361773773484,15.424369168008647,15.997410774230957,14736222
4466,2007-11-07,16.713709475790935,16.73758583930303,16.283929070106,16.570449829101562,18990707
4467,2007-11-06,16.30780372461805,16.71370772425359,16.04515935665878,16.546571731567383,18704286
4468,2007-11-05,15.997407081754718,16.379434731057717,15.495994692832006,16.236173629760742,26798105
4469,2007-11-02,15.281106289167852,16.236175523841897,15.209475730163081,15.92577838897705,21660219
4470,2007-11-01,15.710885667457795,15.710885667457795,15.30498167397666,15.37661075592041,5625446
4471,2007-10-31,15.758643545595437,15.758643545595437,15.281108848285966,15.400493621826172,8206457
4472,2007-10-30,15.424370127511818,16.069042341019273,15.424370127511818,15.68701457977295,19310920
4473,2007-10-29,15.519875092888537,15.615382021046672,14.827448764529347,15.328861236572266,20969912
4474,2007-10-26,15.4482445303657,15.66313475231727,15.113971014620699,15.328861236572266,10713449
4475,2007-10-25,15.997407307527654,15.997407307527654,15.20947417050752,15.4482421875,8848491
4476,2007-10-24,16.236173754339493,16.26005011619996,15.90190029144287,15.901900291442871,7939345
4477,2007-10-23,16.14066939537788,16.37943744861527,15.758641682691614,16.069040298461914,20419596
4478,2007-10-22,15.281107780391281,16.092917441893977,15.185600847603729,15.973532676696777,25705520
4479,2007-10-19,15.830271099827087,15.949654384999345,15.472119778693472,15.66313362121582,13568009
4480,2007-10-18,15.519874581014006,15.925778645894368,15.519874581014006,15.83027172088623,25132677
4481,2007-10-17,15.376609569497695,15.567623371176133,15.066212508174365,15.472116470336914,20834746
4482,2007-10-16,14.612555490253973,15.472117664128715,14.588679129606057,15.37661075592041,30799960
4483,2007-10-15,14.326035713928624,14.684187009821441,14.230528799398321,14.612556457519531,21834003
4484,2007-10-12,14.111145554454081,14.373789936408745,14.015638639708454,14.230528831481934,20237767
4485,2007-10-11,13.967887101280144,14.421543885633314,13.967887101280144,14.13502311706543,15954318
4486,2007-10-09,13.752996534335772,13.99176459353233,13.72912016810121,13.800750732421875,9225023
4487,2007-10-08,13.681367004630017,13.681367004630017,13.490353149537043,13.609736442565918,7837971
4488,2007-10-05,13.848500537939165,13.872378364744005,13.370965986092411,13.490350723266602,16744391
4489,2007-10-04,13.800747800202743,14.015637981890443,13.800747800202743,13.8723783493042,11493867
4490,2007-10-03,14.135023897173863,14.254408656545277,13.848503112792969,13.848503112792969,10134170
4491,2007-10-02,14.182776106917489,14.230528831481934,13.967885915144008,14.230528831481934,13489163
4492,2007-10-01,13.920133766296294,14.06339342661484,13.824626837544946,13.896257400512695,7121917
4493,2007-09-28,14.397666902557802,14.445419629125091,14.08726978302002,14.08726978302002,6285180
4494,2007-09-27,14.254407285549155,14.397666931152344,14.206653093270221,14.397666931152344,15846508
4495,2007-09-26,14.302161568222157,14.326037934150863,14.08727134362988,14.254408836364746,5898994
4496,2007-09-21,14.3021589421356,14.3021589421356,13.896254933409692,14.158899307250977,10982170
4497,2007-09-20,13.776870402895726,14.254404918296068,13.776870402895726,14.206650733947754,8621607
4498,2007-09-19,13.89625485459164,13.967885404436016,13.657486843649275,13.729117393493652,7643269
4499,2007-09-18,13.633610725402832,13.633610725402832,13.633610725402832,13.633610725402832,0
4500,2007-09-17,13.89625510243883,13.89625510243883,13.609734363567755,13.633610725402832,8185538
4501,2007-09-14,13.800750471761347,14.039517060831242,13.800750471761347,13.896257400512695,9480871
4502,2007-09-13,14.111147623798992,14.158901820983141,13.872381034729097,13.896257400512695,6307708
4503,2007-09-12,14.087269610214808,14.182776527794626,13.96788632964423,14.111145973205566,6330235
4504,2007-09-11,14.08726951393018,14.206652793684787,14.015638959830705,14.06339168548584,7123526
4505,2007-09-10,14.326035746227562,14.326035746227562,14.135021916736305,14.230528831481934,7984400
4506,2007-09-07,14.564804937124348,14.588681301326583,14.445420184879472,14.517050743103027,8161402
4507,2007-09-06,14.182776806866837,14.373790645785022,14.111146250868314,14.32603645324707,3660723
4508,2007-09-05,14.564804838207435,14.612557566287588,14.254407708835899,14.278284072875977,6344717
4509,2007-09-04,14.230527403663354,14.540925944655394,14.230527403663354,14.421541213989258,10493001
4510,2007-09-03,14.326036626811362,14.803571229892302,14.158900614945654,14.302160263061523,14057178
4511,2007-08-31,14.32603645324707,14.445419736166732,14.135022614328886,14.32603645324707,11088372
4512,2007-08-30,14.087272023389724,14.660313627031687,14.087272023389724,14.349916458129883,20337532
4513,2007-08-29,12.89343383729586,14.111147537864083,12.77405054348794,13.967887878417969,15494113
4514,2007-08-28,13.561981532924332,13.561981532924332,13.203831672668457,13.203831672668457,3887608
4515,2007-08-27,13.609734067114633,13.65748678974462,13.227706423608023,13.418720245361328,4584352
4516,2007-08-24,13.514230485714254,13.657490154515516,13.108326380890798,13.17995548248291,10385191
4517,2007-08-23,13.251586643467336,13.63361439821127,13.203833906932898,13.34709358215332,15365384
4518,2007-08-22,13.17995239971607,13.275459311783699,12.750172028220089,12.893431663513184,10554147
4519,2007-08-21,13.490350940555583,13.538103663701076,13.13219965449761,13.275459289550781,10708622
4520,2007-08-20,13.39484665052779,13.418723016774047,13.012818928119746,13.37096881866455,13712829
4521,2007-08-17,12.559160232543945,13.084447600947938,12.248763084595362,12.559160232543945,12781154
4522,2007-08-16,12.702416655055034,12.941184645770674,12.36814322679301,12.60690975189209,12295203
4523,2007-08-15,13.370968561947524,13.41872275914016,12.7024200605693,13.156078338623047,23319211
4524,2007-08-14,13.58586007708353,13.729119735594793,13.370968390891234,13.609736442565918,13083667
4525,2007-08-13,13.609734707470146,13.800748538210897,13.275459770865456,13.585858345031738,7871762
4526,2007-08-10,13.65748743234696,13.84850126308771,13.490351429661363,13.585858345031738,13267105
4527,2007-08-09,14.51704653557837,14.51704653557837,13.72911502033868,14.373786926269531,12412668
4528,2007-08-08,14.326033996393699,14.445417258839646,13.99176056842174,14.206650733947754,12633116
4529,2007-08-07,14.708064488064743,14.922956161275971,14.2066535151389,14.278284072875977,7467876
4530,2007-08-06,14.564803830072824,14.73194129801827,14.397666362127378,14.660310745239258,13281587
4531,2007-08-03,14.803570520785799,15.066214906303582,14.373790131408297,15.018462181091309,21235415
4532,2007-08-02,14.517050184592826,14.517050184592826,13.729118471298147,14.08726978302002,16911738
4533,2007-08-01,14.684186740909395,14.946831117462095,13.967885627858143,14.01563835144043,31002708
4534,2007-07-31,14.432833040735677,14.869529893410975,14.19264984279244,14.716687202453613,22908207
4535,2007-07-30,13.712282984957374,14.47650351681621,13.668613443217366,14.061640739440918,23245895
4536,2007-07-27,14.323659256297095,14.585676503917389,14.19264921192349,14.34549331665039,23037825
4537,2007-07-26,14.86953005198663,15.175218278288396,14.738521420955959,14.760356903076172,13340381
4538,2007-07-25,14.6293449506706,15.218885844554043,14.520171815945162,14.694849967956543,20687653
4539,2007-07-24,14.476504154988078,14.738521416978713,14.476504154988078,14.62934684753418,14703071
4540,2007-07-23,14.236316874480899,14.47650145061511,14.170813281501815,14.410996437072754,11547906
4541,2007-07-20,14.170816885965005,14.389164619039269,14.10531185576091,14.236320495605469,8810586
4542,2007-07-19,13.843290395820038,14.301821207095477,13.712280374972881,14.170812606811523,9223316
4543,2007-07-18,13.184545516967773,13.51415737918795,13.184545516967773,13.184545516967773,10352434
4544,2007-07-17,13.865125504623448,13.974300056761424,13.690445937090027,13.886960983276367,11329602
4545,2007-07-16,14.410996199275939,14.432830256387591,13.974299430847168,13.974299430847168,8305760
4546,2007-07-13,14.69485286590687,14.69485286590687,14.236320495605469,14.236320495605469,19413648
4547,2007-07-12,13.865127091329141,14.105310281180925,13.646777962065624,14.061640739440918,14032812
4548,2007-07-11,13.974302131826029,13.974302131826029,13.865127563476562,13.865127563476562,18131116
4549,2007-07-10,14.629346207677202,14.629346207677202,13.996135721383165,14.127145767211914,18820136
4550,2007-07-09,14.192646907487024,14.782187749755108,14.192646907487024,14.60750961303711,16301120
4551,2007-07-06,13.865126934178958,14.105310121308458,13.821457392933908,14.01797103881836,16516012
4552,2007-07-05,13.755951889323077,13.930631468752905,13.755951889323077,13.821456909179688,7867448
4553,2007-07-04,13.95246358570558,13.996133119342005,13.668610906787206,13.755949974060059,8271650
4554,2007-07-03,13.930629529168971,13.974299062805397,13.668610906787206,13.755949974060059,16858817
4555,2007-07-02,13.537604973742084,13.99613587756913,13.537604973742084,13.843293190002441,18971925
4556,2007-06-29,12.94806431589005,13.712283453286545,12.92622883399254,13.406595230102539,38070057
4557,2007-06-28,12.707879705522688,12.926227397413724,12.707879705522688,12.817052841186523,17929868
4558,2007-06-27,12.664211913534112,12.751551002334551,12.467698253451342,12.511367797851562,5694647
4559,2007-06-26,12.882559141313616,12.882559141313616,12.576870921675823,12.642375946044922,7814577
4560,2007-06-25,12.09270193825958,12.154504975439593,11.84549121010306,11.948486328125,11303259686
4561,2007-06-22,12.642374687673694,13.035401953640926,12.620539208202908,12.817052841186523,26131593
4562,2007-06-21,12.227514738956335,12.489531998714563,12.118340170441979,12.35852336883545,19101543
4563,2007-06-20,12.074668097082846,12.162007165368326,11.943658074091399,12.118337631225586,14544460
4564,2007-06-15,11.921825577403943,12.140173276690849,11.790816247550095,12.031000137329102,18288022
4565,2007-06-14,12.096504690595681,12.096504690595681,11.87815626381115,11.899991035461426,9443325
4566,2007-06-13,11.921824838600074,11.921824838600074,11.616136657978705,11.834485054016113,17984443
4567,2007-06-12,10.794839911037307,11.083258989503536,10.794839911037307,11.000853538513184,17857814356
4568,2007-06-11,11.57246746985951,11.725311564780055,11.397788605704841,11.419623374938965,12441585
4569,2007-06-08,11.572466850280762,11.572466850280762,11.441457531608453,11.572466850280762,9574648
4570,2007-06-07,11.943659525656559,11.965495005663303,11.550632960324046,11.681641578674316,14034517
4571,2007-06-06,12.009164963800243,12.118339526513424,11.987329483032227,11.987329483032227,8945320
4572,2007-06-05,12.1183393714973,12.1183393714973,11.965495269766697,12.009164810180664,9844116
4573,2007-06-04,12.205678296758625,12.227513776969023,11.943659637050928,12.031000137329102,11312547
4574,2007-06-01,12.27118171100679,12.293015767796547,11.921824017301642,12.118337631225586,17089059
4575,2007-05-31,11.790814249259396,12.24934576061403,11.747144716803067,12.18384075164795,44457136
4576,2007-05-30,11.747146835860873,11.747146835860873,11.375954322459798,11.616137504577637,8527474
4577,2007-05-29,11.703477066964314,11.834485685407309,11.703477066964314,11.747146606445312,7045399
4578,2007-05-28,11.768979842609589,11.856318910190724,11.572466230270427,11.659805297851562,12731519
4579,2007-05-25,11.506961929584577,11.703475541923737,11.4632916855124,11.659805297851562,11457514
4580,2007-05-24,11.44145886713019,11.550633430480957,11.37595455528877,11.550633430480957,17916224
4581,2007-05-23,11.092102827793681,11.46329467200029,11.070268055209867,11.375955581665039,14344917
4582,2007-05-22,10.917421279317704,11.092100127749593,10.917421279317704,11.026595115661621,10413751
4583,2007-05-21,11.244943498631079,11.31044851071905,10.873751744780137,11.026595115661621,17701331
4584,2007-05-18,11.244946880158075,11.310451911944408,11.13577301098391,11.223112106323242,5732168
4585,2007-05-17,11.419623437561293,11.463292976269013,11.24494457244873,11.24494457244873,5495104
4586,2007-05-16,11.354119138963846,11.397788677707965,11.20127504307774,11.310449600219727,7401847
4587,2007-05-15,11.572467376695645,11.681641221987359,11.266779899597168,11.266779899597168,8425144
4588,2007-05-14,11.419624096516383,11.61613774232238,11.310450243447347,11.550633430480957,14684311
4589,2007-05-11,11.354118347167969,11.354118347167969,11.179439494091287,11.354118347167969,4342190
4590,2007-05-10,11.41962265071611,11.463292186414872,11.31044881146921,11.354118347167969,7761707
4591,2007-05-09,11.50696316215714,11.550632700625387,11.244944510784297,11.419623374938965,7927140
4592,2007-05-08,11.375955340525095,11.59430377201661,11.332285796283147,11.506964683532715,12424530
4593,2007-05-07,11.616136386410982,11.70347616895307,11.528797314150541,11.572466850280762,16070878
4594,2007-05-04,11.2231112253965,11.637973316258558,11.2231112253965,11.506964683532715,37435613
4595,2007-05-03,10.588838578565353,10.588838578565353,10.259233060007213,10.36223030090332,9144921753
4596,2007-05-02,11.244944068469069,11.244944068469069,10.982926137684276,11.048430442810059,9825356
4597,2007-04-30,10.982925475614948,11.092100021191683,10.851916873260798,10.873751640319824,4887948
4598,2007-04-27,11.135772394729269,11.17944193998226,10.982928276062012,10.982928276062012,2377459
4599,2007-04-26,10.939258730809021,11.09210284947628,10.939258730809021,10.982928276062012,4703754
4600,2007-04-25,11.135768752396535,11.157603517881226,10.917420387268066,10.917420387268066,7132379
4601,2007-04-24,11.288614328059122,11.288614328059122,11.092100702181504,11.113935470581055,6230172
4602,2007-04-23,11.070266426845382,11.419623447080024,11.026596177819576,11.310449600219727,15190843
4603,2007-04-20,11.092100538034925,11.135770074187784,10.939256451218276,11.070265769958496,10135756
4604,2007-04-19,11.135771102442988,11.135771102442988,10.85191838095736,10.895587921142578,5087491
4605,2007-04-18,11.17944033671976,11.17944033671976,11.026596239972132,11.135770797729492,5249513
4606,2007-04-17,11.244944068469069,11.375953389002293,11.004760906059536,11.048430442810059,20119723
4607,2007-04-16,11.179441134998314,11.179441134998314,11.070267279726984,11.09210205078125,6204590
4608,2007-04-13,11.201275106214894,11.24494464520516,11.070266489244093,11.135770797729492,8167615
4609,2007-04-12,11.157606363944048,11.157606363944048,11.09210205078125,11.09210205078125,10041954
4610,2007-04-11,11.244945448161111,11.310450471605652,11.048431798390975,11.09210205078125,18572839
4611,2007-04-10,11.026595070436406,11.223108685331086,11.004760303257177,11.201273918151855,41663535
4612,2007-04-09,10.786414612141764,11.048432593941497,10.786414612141764,10.982928276062012,34843261
4613,2007-04-04,10.742743415924396,10.808247723737061,10.633569569569959,10.753661155700684,16923626
4614,2007-04-03,10.720909516220114,10.851918852753217,10.600817920348831,10.699074745178223,19350545
4615,2007-04-02,11.026596054012497,11.026596054012497,10.830082421588735,10.862834930419922,15830403
4616,2007-03-30,10.917421506120167,11.070265590458511,10.917421506120167,10.961091041564941,16186852
4617,2007-03-29,10.895587921142578,10.961092231420405,10.85191838095736,10.895587921142578,39975095
4618,2007-03-28,10.808247652461837,11.070266302547973,10.808247652461837,10.862834930419922,39630585
4619,2007-03-27,10.513477736024006,10.808248199581085,10.513477736024006,10.720909118652344,19504039
4620,2007-03-26,10.491641604366292,10.589898412801901,10.447972069568605,10.513476371765137,14437014
4621,2007-03-23,10.568064042197161,10.611733578634487,10.458890201103845,10.491641998291016,9886754
4622,2007-03-22,10.917422270488967,10.917422270488967,10.644486589427448,10.688156127929688,15216425
4623,2007-03-21,10.873754258490322,10.982928120072208,10.873754258490322,10.939258575439453,12064671
4624,2007-03-20,10.873753143809433,10.917422683965572,10.808248123293513,10.830082893371582,6779342
4625,2007-03-19,10.917421082199317,10.982925382822962,10.764577003795873,10.819164276123047,13640548
4626,2007-03-16,10.841000633551472,11.026596534355921,10.786413353215442,10.830082893371582,25144111
4627,2007-03-15,10.808246537544969,10.895586315324769,10.699072703172227,10.819164276123047,18970220
4628,2007-03-14,10.502559447754095,10.699073066581503,10.480724680137898,10.63356876373291,15690553
4629,2007-03-13,10.720909118652344,10.873753220559358,10.600817527234465,10.720909118652344,25167988
4630,2007-03-12,10.546231424591868,10.764579861586299,10.491644137772811,10.65540599822998,38455499
4631,2007-03-09,9.84751473142125,10.371551346426783,9.84751473142125,10.26237678527832,19089604
4632,2007-03-08,9.58549621556789,9.858431892112579,9.519991908898566,9.847514152526855,13548451
4633,2007-03-07,9.43265151977539,9.563660835016771,9.367147217295514,9.43265151977539,12167000
4634,2007-03-06,9.541826390291707,9.585495926755485,9.34531276592305,9.421734809875488,19782035
4635,2007-03-05,9.716504917751442,9.716504917751442,9.421734491169559,9.43265151977539,18917349
4636,2007-03-02,9.716505624392223,9.913019256405093,9.672835375948058,9.902101516723633,9919158
4637,2007-03-01,9.06437552607353,9.332185815638063,8.81717192881567,9.167381286621094,20977826298
4638,2007-02-27,10.19687238227442,10.19687238227442,10.022193512190215,10.044028282165527,11559844
4639,2007-02-26,10.24054160613468,10.371550932224453,10.098615250535078,10.120450019836426,15736601
4640,2007-02-14,10.109532990326594,10.15320252892929,10.098615250535078,10.120450019836426,6402427
4641,2007-02-13,10.044030184669783,10.196874313729865,10.044030184669783,10.109535217285156,4401882
4642,2007-02-12,10.120450493413575,10.153203004039062,10.054946182444317,10.087697982788086,10654226
4643,2007-02-09,10.175036913227967,10.371550539786107,10.08769712904565,10.207789421081543,27849026
4644,2007-02-08,10.371550539786107,10.393385308261271,10.196871681703131,10.207789421081543,5200054
4645,2007-02-07,10.30604632562502,10.524395447921945,10.207790214985803,10.26237678527832,12733225
4646,2007-02-06,10.175037544994,10.262376624317524,10.109533235501358,10.218707084655762,19348839
4647,2007-02-05,10.207790054881173,10.306046163979286,10.185954574768589,10.218707084655762,4458163
4648,2007-02-02,10.306046163979286,10.371551183753633,10.15320277516312,10.218707084655762,10238086
4649,2007-02-01,10.393386116600132,10.589899758441993,10.251459755332503,10.26237678527832,10466622
4650,2007-01-31,9.47638644027054,9.74420166015625,9.47638644027054,9.74420166015625,39236940198
4651,2007-01-30,10.153202277867347,10.18595407586866,9.84751409464397,10.02219295501709,32371999
4652,2007-01-29,10.491642289047276,10.52439479742377,10.153202306856288,10.251459121704102,29455602
4653,2007-01-26,10.63356923470031,10.688155801017661,10.557147189518025,10.60081672668457,6591737
4654,2007-01-25,10.742743242581513,10.808247549337212,10.633569397988683,10.644486427307129,8682674
4655,2007-01-24,10.742743568483577,11.004761513736868,10.720908798902611,10.731825828552246,21189068
4656,2007-01-23,10.502559988151628,10.720908385830105,10.480725219411948,10.589899063110352,20798510
4657,2007-01-22,10.753662672592274,10.764579703626811,10.524396497485567,10.546231269836426,21637614
4658,2007-01-19,10.819165617157806,10.819165617157806,10.699074029321643,10.731825828552246,17421630
4659,2007-01-18,10.808248758450473,11.13577174943214,10.764579215728052,10.906505584716797,22838282
4660,2007-01-17,10.589898518218885,10.742742601813898,10.557146721935405,10.63356876373291,9305180
4661,2007-01-16,10.115017623690985,10.166519426769002,10.053214607659534,10.094416618347168,14204545
4662,2007-01-15,10.961093356501621,11.179441790121395,10.742744922881847,10.775497436523438,30715963
4663,2007-01-12,10.982927804326257,11.070267601362636,10.764579377157958,10.851919174194336,15661559
4664,2007-01-11,10.808249406928825,11.026597843923257,10.589900969934394,10.65540599822998,18721217
4665,2007-01-10,11.135768752396535,11.375951883009693,10.851916090813996,10.917420387268066,23731961
4666,2007-01-09,10.589898898146854,11.288614328059122,10.589898898146854,11.113935470581055,44116037
4667,2007-01-08,10.589899779921929,10.72090911150947,10.371551367463832,10.557147979736328,25427223
4668,2007-01-05,10.300436249924463,10.300436249924463,10.032615994811097,10.115020751953125,28128905105
4669,2007-01-04,10.851918852753217,10.906505425217079,10.688157004516404,10.699074745178223,18936110
4670,2007-01-03,10.655404739842169,10.982927001513014,10.56806494919002,10.895587921142578,30286178
4671,2007-01-02,10.699075543572508,10.699075543572508,10.262377959301851,10.65540599822998,30975198
4672,2006-12-29,10.677239247699637,10.808247865037693,10.404303562822813,10.56806468963623,13381313
4673,2006-12-28,10.622653484082187,11.13577241756137,10.622653484082187,10.65540599822998,39248554
4674,2006-12-27,10.153201745331677,10.862834178843798,10.065861964585256,10.63356876373291,32794961
4675,2006-12-26,10.044028448591826,10.218707321570403,9.956689367243397,10.153203010559082,12994165
4676,2006-12-25,10.175037448820675,10.175037448820675,9.98944084158987,10.000358581542969,8142032
4677,2006-12-22,10.065862985557892,10.316963904035578,10.04402821572701,10.218707084655762,36417433
4678,2006-12-21,10.131367673267006,10.175037211497457,9.738340408629584,10.065862655639648,29327690
4679,2006-12-20,10.153203010559082,10.20779029154271,9.978524137580505,10.153203010559082,34481696
4680,2006-12-19,9.56366208061203,10.153203010559082,9.56366208061203,10.153203010559082,75763200
4681,2006-12-18,9.498157501220703,9.563661810381134,9.454487251498715,9.498157501220703,18277789
4682,2006-12-15,9.2798097123518,9.509075164837542,9.203387658095972,9.345314025878906,30780772
4683,2006-12-14,8.908616715595052,9.148799896240234,8.886781945562008,9.148799896240234,11672407
4684,2006-12-13,8.908615017928975,9.039624323443213,8.723019152875244,8.85402774810791,21487530
4685,2006-12-12,9.192469506017998,9.290726327052683,8.821276992077886,8.97412109375,23783126
4686,2006-12-11,9.214303979340817,9.367148076088444,9.126964901360283,9.27980899810791,18241973
4687,2006-12-08,9.45448845294279,9.45448845294279,9.192470472723018,9.203388214111328,12264213
4688,2006-12-07,9.498157181768557,9.596413997345374,9.487239442134833,9.509074211120605,14699660
4689,2006-12-06,9.563659964710679,9.607329495723276,9.388981130378728,9.487237930297852,22688198
4690,2006-12-05,9.60733247233146,9.73834181624101,9.476323838703696,9.541828155517578,46998323
4691,2006-12-04,9.36714682691623,9.552742698015251,9.34531206033291,9.454485893249512,30475488
4692,2006-12-01,9.050543395585741,9.607331826796525,9.039626365324521,9.301644325256348,61102766
4693,2006-11-30,8.788524730006472,9.083295177617746,8.755772221289105,9.00687313079834,51383150
4694,2006-11-29,8.875863213869888,8.985037762120776,8.668432566587486,8.75577163696289,14904320
4695,2006-11-28,9.083296710341255,9.105131483076692,8.799443244216967,8.864948272705078,16775248
4696,2006-11-27,8.777607385115084,9.345313536819331,8.657515794792493,9.148799896240234,62796322
4697,2006-11-24,8.592011775058953,8.821277223294747,8.570177004288007,8.744855880737305,43846568
4698,2006-11-23,8.395497962097261,8.602928635467073,8.395497962097261,8.471920013427734,49901075
4699,2006-11-22,8.319076063880766,8.482837199584852,8.319076063880766,8.351828575134277,49089260
4700,2006-11-21,8.25357206589031,8.340911152182585,8.19898478181676,8.275406837463379,13290921
4701,2006-11-20,8.275405720417963,8.286322749589996,8.209901414540775,8.231736183166504,9953268
4702,2006-11-17,8.209901414540775,8.351827765748848,8.209901414540775,8.231736183166504,12467167
4703,2006-11-16,8.144396311240737,8.24265312414605,8.144396311240737,8.177148818969727,7146023
4704,2006-11-15,8.144395266690347,8.177147770218701,8.122560501098633,8.122560501098633,6073267
4705,2006-11-14,8.122560819281455,8.144395585728496,8.067973548023055,8.11164379119873,7403553
4706,2006-11-13,8.13347902856936,8.144396057284174,8.07889175415039,8.07889175415039,7188661
4707,2006-11-10,8.089810530996553,8.209902123955976,8.067975050202364,8.133480072021484,25481799
4708,2006-11-09,8.297240489043691,8.34091002629515,8.089809831958432,8.231736183166504,22451135
4709,2006-11-08,8.2972412109375,8.428250544371886,8.286323470533915,8.2972412109375,12004978
4710,2006-11-07,8.253571275961669,8.362745123378255,8.23173650647835,8.319075584411621,15397208
4711,2006-11-06,8.188065528869629,8.242652087846224,8.144395287294158,8.188065528869629,11459220
4712,2006-11-03,8.275406440412057,8.395498033442857,8.275406440412057,8.2972412109375,23974142
4713,2006-11-02,8.384580695328722,8.384580695328722,8.231737294317242,8.275406837463379,8662208
4714,2006-11-01,8.428249906536022,8.439166935831699,8.275405814143179,8.3845796585083,11612714
4715,2006-10-31,8.297242315561853,8.406416893005371,8.286324573704773,8.406416893005371,13531396
4716,2006-10-30,8.308157115998174,8.319074143708368,8.144395307811143,8.286321640014648,20462528
4717,2006-10-27,8.253571275961669,8.450084911593217,8.242653536079164,8.319075584411621,22688198
4718,2006-10-26,7.612020228477974,7.7459204063009865,7.612020228477974,7.725320816040039,20245725548
4719,2006-10-25,8.122562086617537,8.177149366393007,7.980635727426679,8.035223007202148,14089093
4720,2006-10-24,8.133478239035272,8.198982535810414,8.089808707851844,8.122560501098633,8510419
4721,2006-10-23,8.188067353443511,8.209902123955976,8.100727561111924,8.133480072021484,6591737
4722,2006-10-20,8.078895231494487,8.17715208362801,8.078895231494487,8.155317306518555,4563904
4723,2006-10-19,8.07889119319713,8.166230257977835,8.057056427001953,8.057056427001953,9177268
4724,2006-10-18,8.144399562822857,8.166234339932313,8.035225677275575,8.155317306518555,10110173
4725,2006-10-17,8.253571903929984,8.362745759653002,8.155315078638395,8.166232109069824,11583721
4726,2006-10-16,8.297239133081145,8.340908663195984,8.188065307794052,8.253569602966309,9526894
4727,2006-10-13,8.18806822347459,8.319076860469831,8.18806822347459,8.242654800415039,14020873
4728,2006-10-12,8.231735838410852,8.231735838410852,8.07889175415039,8.07889175415039,6946480
4729,2006-10-11,8.089808707851844,8.209900273747055,8.035221438731776,8.122560501098633,14960601
4730,2006-10-09,8.089811325073242,8.089811325073242,8.089811325073242,8.089811325073242,0
4731,2006-10-05,8.177150415696103,8.188068157164857,8.046141069480019,8.089811325073242,23390862
4732,2006-10-04,8.30815730366886,8.406414106687947,8.057056427001953,8.057056427001953,23348225
4733,2006-10-03,8.471919034606955,8.471919034606955,8.297240181788002,8.308157920837402,12977110
4734,2006-10-02,8.362745763882492,8.515589872253765,8.297241450415553,8.395498275756836,14425076
4735,2006-09-29,8.297241930822796,8.297241930822796,8.122563041182035,8.19898509979248,9143158
4736,2006-09-28,8.36274552251383,8.428250544371886,8.122562336452228,8.2972412109375,12509805
4737,2006-09-27,8.384580453446397,8.39549819405885,8.308159110286175,8.340910911560059,6451887
4738,2006-09-26,8.471919681076535,8.493754450559852,8.308158554810808,8.319075584411621,9260837
4739,2006-09-25,8.428250868588234,8.493755182684371,8.340911072844964,8.450085639953613,4853838
4740,2006-09-22,8.504673325007023,8.51559035606422,8.428251266479492,8.428251266479492,10979976
4741,2006-09-21,8.504670143127441,8.548339671581584,8.340908346002124,8.504670143127441,14595625
4742,2006-09-20,8.50467372859181,8.50467372859181,8.384581409291211,8.406416893005371,9144863
4743,2006-09-19,8.51558780670166,8.613844608209645,8.482835302771807,8.51558780670166,11631475
4744,2006-09-18,8.428250078942837,8.54834166534188,8.406415309623164,8.493754386901855,13103317
4745,2006-09-15,8.188067358310283,8.2972412109375,8.177149617906698,8.2972412109375,4432581
4746,2006-09-14,8.351828093777442,8.362745123378255,8.035222870846802,8.319075584411621,14054983
4747,2006-09-13,8.592011842829109,8.6465991253279,8.29724136967372,8.340910911560059,13724117
4748,2006-09-12,8.690268099151028,8.690268099151028,8.428250154678784,8.482836723327637,22434080
4749,2006-09-11,8.406415090970407,8.646598257521276,8.406415090970407,8.624763488769531,32849537
4750,2006-09-08,8.417333924580632,8.49375598673473,8.384581409291211,8.406416893005371,13869084
4751,2006-09-07,8.340910598655924,8.461002189479059,8.329993568734753,8.417332649230957,17227204
4752,2006-09-06,8.31907614061689,8.362745682503228,8.242654087174929,8.340910911560059,16570588
4753,2006-09-05,8.209902285901045,8.428250705614472,8.209902285901045,8.340910911560059,50458772
4754,2006-09-04,7.991552932495984,8.177148818969727,7.991552932495984,8.177148818969727,29523822
4755,2006-09-01,7.980633735656738,8.035221001808567,7.915129442443457,7.980633735656738,20929833
4756,2006-08-31,8.057055766212995,8.100725295021848,7.860542176291628,7.980633735656738,24983795
4757,2006-08-30,8.078892061517251,8.16623113568517,7.9915529873493325,8.002470016479492,31580649
4758,2006-08-29,8.100727555135887,8.16623186662496,8.035223243646815,8.067975044250488,9387044
4759,2006-08-28,8.07889175415039,8.13347902856936,8.002469712020158,8.07889175415039,11346657
4760,2006-08-25,8.275405945333896,8.319075483772242,8.067974572329227,8.100727081298828,9758841
4761,2006-08-24,8.100727251027381,8.231736579369043,8.035222941997398,8.209901809692383,20540980
4762,2006-08-23,8.166231626325231,8.177149366393007,7.947883217505057,8.035223007202148,16161269
4763,2006-08-22,7.926048916197439,8.166232109069824,7.882379373908232,8.166232109069824,11938
4764,2006-08-21,8.297242536037816,8.362746858075429,7.860545635223388,7.860545635223389,22171
4765,2006-08-18,8.646599374769064,8.646599374769064,8.275406837463379,8.275406837463379,49851616
4766,2006-08-17,8.450085639953613,8.450085639953613,8.319076301479585,8.450085639953613,34870549
4767,2006-08-16,7.926050588434407,7.947885364185709,7.860546261180503,7.9042158126831055,19993516
4768,2006-08-15,7.860545558712116,7.947884653912144,7.751370979430249,7.838710784912109,17397753
4769,2006-08-14,7.773203933410754,7.926047300261792,7.740451428230445,7.79503870010376,18874712
4770,2006-08-11,7.533022159308359,7.816875625260729,7.478435582643724,7.631278991699219,24296480
4771,2006-08-10,7.358342027381527,7.500268367602698,7.314671783229036,7.445681095123291,29581809
4772,2006-08-09,7.019902722781517,7.2054986140142425,6.9871502142127,7.183663845062256,13896372
4773,2006-08-08,6.9980677789570525,7.096324601899278,6.812471873524729,7.00898551940918,23479548
4774,2006-08-07,7.31467193660435,7.33650741427925,6.9216454132437555,6.987149715423584,21547222
4775,2006-08-04,7.500268916379841,7.522103684912881,7.31467231842651,7.336507797241211,7748063
4776,2006-08-03,7.467515394247061,7.489350159814636,7.423845863111911,7.478433132171631,6828801
4777,2006-08-02,7.4893521473080416,7.511186918670039,7.423847833222052,7.467517375946045,5068730
4778,2006-08-01,7.489352226257324,7.511186997849493,7.380178368296479,7.489352226257324,6175597
4779,2006-07-31,7.467517454665155,7.522104738786458,7.402013139888648,7.489352226257324,7904968
4780,2006-07-28,7.3692603138763415,7.402012825012206,7.260086460559676,7.402012825012207,11819079
4781,2006-07-27,6.9424872398376465,7.045493002210817,6.818881887609582,6.9424872398376465,34027280
4782,2006-07-26,6.523233067272927,6.594623453690374,6.3893777903771465,6.514308929443359,30418690
4783,2006-07-25,7.312742134224665,7.39222822557758,7.312742134224665,7.352485179901123,13924356
4784,2006-07-24,7.054409802836521,7.302804633755897,6.955051870468772,7.2531256675720215,11573770
4785,2006-07-21,7.104089567659941,7.153768539428711,7.01466755428712,7.153768539428711,12523321
4786,2006-07-20,7.074282972966325,7.13389720019955,7.014668066678226,7.0941548347473145,8592539
4787,2006-07-19,6.875568361442517,6.964990398125534,6.806018190269059,6.9053754806518555,10224691
4788,2006-07-18,6.8358236636398075,6.9550527908257616,6.796080621244489,6.84575891494751,16138781
4789,2006-07-17,7.064346513397471,7.0842183736913,6.796080473759708,6.865630626678467,12534071
4790,2006-07-14,6.875567071375911,7.153769061980541,6.875567071375911,7.0941548347473145,11265614
4791,2006-07-13,7.412098495171371,7.491584569443672,7.094153519027419,7.2531256675720215,22835801
4792,2006-07-12,7.551201292493231,7.620751454552883,7.511458245737015,7.531330108642578,9515216
4793,2006-07-11,7.541264170858455,7.630686181710856,7.451842160006056,7.471714019775391,6616398
4794,2006-07-10,7.650558893629051,7.650558893629051,7.52139382790588,7.54126501083374,14205638
4795,2006-07-07,7.5313282438406075,7.80953018130457,7.501520456862849,7.7002363204956055,25596665
4796,2006-07-06,7.352484272442275,7.511457114582238,7.352484272442275,7.4915852546691895,7560574
4797,2006-07-05,7.630686236896104,7.660494026765678,7.422034424028328,7.4915852546691895,9047607
4798,2006-07-04,7.551198970242821,7.730042965172642,7.501520007311792,7.67042875289917,21187524
4799,2006-07-03,7.5810072661682915,7.5810072661682915,7.451842213897901,7.4915852546691895,7591031
4800,2006-06-30,7.4717133622153105,7.630685510160178,7.45184150419483,7.551199436187744,21762630
4801,2006-06-29,7.4121009722270506,7.431972157908519,7.292871141918344,7.362421989440918,21436558
4802,2006-06-28,7.332611741844323,7.342547670892047,7.11402469806812,7.2531256675720215,13886733
4803,2006-06-27,7.292869609551002,7.4518424568744726,7.253126567483842,7.431970596313477,12645150
4804,2006-06-26,7.094154676983733,7.312741756439209,6.955053005719962,7.312741756439209,13064386
4805,2006-06-23,7.163704992871036,7.21338396826864,6.835824026868802,7.0941548347473145,26248810
4806,2006-06-22,7.094152670131611,7.352482720131844,7.024601854174831,7.213381767272949,34749977
4807,2006-06-21,7.034539617182433,7.07428265993092,6.895438628035304,6.955052852630615,26524717
4808,2006-06-20,7.054409775000485,7.054409775000485,6.815950874069771,6.9351806640625,30908775
4809,2006-06-19,6.885502684199722,7.114025688850431,6.855694892905167,7.074282646179199,30813820
4810,2006-06-16,6.756336083236831,6.756336083236831,6.6569788287840765,6.746400833129883,15397056
4811,2006-06-15,6.736465711379388,6.736465711379388,6.478134917486213,6.557621002197266,25729244
4812,2006-06-14,6.498006248496855,6.686786193588058,6.4880703189542075,6.656979084014893,21999122
4813,2006-06-13,6.776208753734915,6.776208753734915,6.3887129024225695,6.557621002197266,15775085
4814,2006-06-12,6.955052231501188,7.024603059390852,6.8159512547766425,6.85569429397583,14103517
4815,2006-06-09,6.756336371794402,6.945116996765137,6.557620496292392,6.945116996765137,22085119
4816,2006-06-08,7.352483684281884,7.352483684281884,6.746400833129884,6.746400833129883,34651439
4817,2006-06-07,7.352483599939772,7.491584569443672,7.223318559483595,7.2531256675720215,32492554
4818,2006-06-06,7.153767735204272,7.31274056280362,7.123960627115845,7.2531256675720215,12338786
4819,2006-06-05,7.660494972239727,7.660494972239727,7.213384180506076,7.352485179901123,19349337
4820,2006-06-02,7.839337123924042,7.879080160001607,7.700236158125202,7.74991512298584,31125559
4821,2006-06-01,7.670430712325879,7.739980870763223,7.571072082027761,7.690301895141602,8494001
4822,2006-05-30,7.670428320638341,7.749914385226733,7.571069721320857,7.720106601715088,14673247
4823,2006-05-29,6.8891059566228385,6.960494980118891,6.7998686586706825,6.9337239265441895,16337405
4824,2006-05-26,7.312741134206786,7.71017221567752,7.312741134206786,7.650557994842529,30254839
4825,2006-05-25,7.392226061997821,7.412097918547339,7.272996280810101,7.292868137359619,18532365
4826,2006-05-24,7.431969733467427,7.551199524881249,7.35248365856138,7.392226696014404,17864097
4827,2006-05-23,7.471714392348585,7.561136407659968,7.4021635587426,7.422034740447998,19906527
4828,2006-05-22,7.749915600914607,7.928759613820124,7.571070908954319,7.630685806274414,37698959
4829,2006-05-19,6.960495471954346,7.014031471394108,6.906953361021605,6.960495471954346,18433938625
4830,2006-05-18,7.237130939528359,7.237130939528359,6.889105888394555,7.049732208251953,27612008
4831,2006-05-17,8.147347153752067,8.236769844621195,8.107604791895493,8.187090873718262,7286458
4832,2006-05-16,8.187091171668925,8.256641326031266,8.05792543518772,8.147347450256348,11057788
4833,2006-05-15,8.246705774612742,8.46529283915276,8.157283083743616,8.187090873718262,12399700
4834,2006-05-12,8.206962099716906,8.425549844512156,8.147347198495035,8.326191902160645,27925752
4835,2006-05-11,8.047990658265084,8.236770629882812,7.998311682625952,8.236770629882812,14977820
4836,2006-05-10,8.465293646200871,8.465293646200871,7.898953731347687,8.236770629882812,47106679
4837,2006-05-09,8.505035013792106,8.584521087518898,8.38580590320192,8.465291976928711,21327270
4838,2006-05-08,8.544780507974902,8.584523556267657,8.326193402837283,8.4851655960083,24675780
4839,2006-05-05,8.544780507974902,8.634202536397334,8.4851655960083,8.4851655960083,39675100
4840,2006-05-04,8.524906889057291,8.544778068001959,8.365934062226243,8.435484886169434,26594589
4841,2006-05-03,8.276512910853972,8.365934922941868,8.276512910853972,8.355998992919922,12865518
4842,2006-05-02,8.336127916692327,8.336127916692327,8.15728321121415,8.197026252746582,12028838
4843,2006-04-28,8.425547662013244,8.425547662013244,8.187088797949409,8.26657485961914,20030147
4844,2006-04-27,8.346064392954164,8.41561523513683,8.206963387643754,8.226835250854492,53183805
4845,2006-04-26,8.087733538139874,8.246706392756254,7.889017639633113,7.998311519622803,24564701
4846,2006-04-25,8.385807062512471,8.405678244163925,8.087733226247153,8.147347450256348,12924641
4847,2006-04-24,8.246706366310907,8.375871428304153,8.22683450490201,8.316256523132324,9683626
4848,2006-04-21,8.644137151431218,8.664009012077889,8.365935176706847,8.385807037353516,19756032
4849,2006-04-20,8.306320829099986,8.703752636163061,8.306320829099986,8.544779777526855,37967700
4850,2006-04-19,8.216899168316866,8.346064239649335,8.187092053103191,8.24670696258545,19227508
4851,2006-04-18,8.286449117090699,8.286449117090699,8.137412198958039,8.147347450256348,12052129
4852,2006-04-17,8.346062698115217,8.38580641646592,8.12747564246027,8.28644847869873,14246845
4853,2006-04-14,8.306320190429688,8.385806953163518,8.226834106750683,8.306320190429688,18134629
4854,2006-04-13,8.306319996452414,8.385806757329991,8.177154943726713,8.187090873718262,22332360
4855,2006-04-12,7.908888229228953,8.236769844621195,7.849274007389283,8.187090873718262,31027021
4856,2006-04-11,7.869146247410333,7.908889293670654,7.809532017547301,7.908889293670654,17290783
4857,2006-04-10,7.789657852032692,7.908886955565949,7.789657852032692,7.819465637207031,11663350
4858,2006-04-07,7.849273443056149,7.908887660609782,7.769786687893368,7.789658546447754,18722276
4859,2006-04-06,7.710171463803325,7.799594144445162,7.69030028514771,7.769786357879639,19437126
4860,2006-04-04,7.749915600914607,7.749915600914607,7.551199729217466,7.630685806274414,11950007
4861,2006-04-03,7.749917155212882,7.789660201712092,7.5512012436619225,7.590944290161133,16692387
4862,2006-03-31,7.799593272738843,7.799593272738843,7.690299425656404,7.730042457580566,11188575
4863,2006-03-30,7.789659521872068,7.908888650964016,7.680365644246647,7.759852409362793,19177343
4864,2006-03-29,7.749914631503767,7.849272554923988,7.749914631503767,7.779721736907959,16506060
4865,2006-03-28,7.7499168016985225,7.7499168016985225,7.581008012963061,7.690301895141602,15667588
4866,2006-03-27,7.402163144514071,7.779723045391409,7.352484174448379,7.650557994842529,33698305
4867,2006-03-24,7.4617765402298435,7.4617765402298435,7.054408931998963,7.272995948791504,46255667
4868,2006-03-23,8.12747719650479,8.12747719650479,7.581008434295654,7.581008434295654,40689149
4869,2006-03-22,8.246706074732957,8.306320298742152,8.147347450256348,8.147347450256348,17491443
4870,2006-03-21,8.485163505810126,8.664008197654107,8.306319493020917,8.336127281188965,31068228
4871,2006-03-20,8.554716439811825,8.703753380200856,8.4851655960083,8.4851655960083,22667391
4872,2006-03-17,8.524906871751176,8.624264803437036,8.465291976928711,8.465291976928711,11152743
4873,2006-03-16,8.66400905382839,8.743495138688433,8.524908065795898,8.524908065795898,28620895
4874,2006-03-15,8.485161581921805,8.69381333557028,8.445418552430336,8.664006233215332,32259646
4875,2006-03-14,8.286448548111455,8.524907464939242,8.286448548111455,8.395742416381836,23360742
4876,2006-03-13,8.346062698115217,8.405677596586488,8.28644847869873,8.28644847869873,8938319
4877,2006-03-10,8.216895901311899,8.316253817926382,8.216895901311899,8.26657485961914,11536146
4878,2006-03-09,8.266577894698766,8.286449756939486,8.187091803845663,8.216898918151855,7553408
4879,2006-03-08,8.246704406690595,8.266575584322752,8.157281730654455,8.177153587341309,10835629
4880,2006-03-07,8.14734730164349,8.306320147229528,8.137412050526407,8.167219161987305,21155276
4881,2006-03-06,8.206962353320378,8.256641326031266,8.097669156600297,8.147347450256348,21508222
4882,2006-03-03,8.266578273189053,8.365936230832041,8.21689929436756,8.25664234161377,14404507
4883,2006-03-02,8.544778967901081,8.56465082799331,8.286448861031003,8.326191902160645,19266924
4884,2006-03-01,8.365936326511736,8.62426715514897,8.365936326511736,8.47523021697998,14252220
4885,2006-02-27,8.365934045242852,8.495099084812573,8.306319150420387,8.465291976928711,12252789
4886,2006-02-24,8.346062204226833,8.445420136114397,8.216897164394899,8.435484886169434,13114551
4887,2006-02-23,8.524907354818996,8.524907354818996,8.346062660217285,8.346062660217285,17306907
4888,2006-02-22,8.77330220847007,8.79317406911674,8.37587110703018,8.385807037353516,25501710
4889,2006-02-21,8.803111253503697,8.803111253503697,8.683882109803172,8.753432273864746,28035040
4890,2006-02-20,8.683878087488374,8.803107175962776,8.664006233215332,8.664006233215332,28181952
4891,2006-02-17,8.644136263862373,8.773301307638723,8.644136263862373,8.693815231323242,65436594
4892,2006-02-16,8.465291654013408,8.604392617256545,8.455355725412886,8.56464958190918,38261524
4893,2006-02-15,8.3361263126239,8.524906232868336,8.326190384388996,8.365933418273926,21443724
4894,2006-02-14,8.177154611343866,8.306319658819298,8.067860743989,8.28644847869873,12623651
4895,2006-02-13,8.405676543966628,8.495098540948069,8.127474624678875,8.177153587341309,25301050
4896,2006-02-10,8.514972094392368,8.524908024715701,8.385807037353516,8.385807037353516,14393757
4897,2006-02-09,8.485162519928714,8.524906232868336,8.365933418273926,8.365933418273926,16996960
4898,2006-02-08,8.693815440823368,8.703751370365925,8.346062660217285,8.346062660217285,23941222
4899,2006-02-07,8.703752517700195,8.882596556822463,8.64413761164115,8.703752517700195,29432492
4900,2006-02-06,8.52490847857793,8.803110468113648,8.52490847857793,8.703752517700195,45435111
4901,2006-02-03,8.584522845759766,8.584522845759766,8.455357779735074,8.514972686767578,23643815
4902,2006-01-25,8.66400896867097,8.673944898944526,8.395742925613954,8.44542121887207,33422397
4903,2006-01-24,8.246706601284428,8.644137729292625,8.246706601284428,8.544779777526855,56897803
4904,2006-01-23,8.02811815647004,8.206962182893395,7.948632073405175,8.197026252746582,30994772
4905,2006-01-20,8.544779231943439,8.58452227430118,8.147347450256348,8.147347450256348,33743095
4906,2006-01-19,8.266576581986378,8.405677558417855,8.147346785585238,8.346062660217285,41568827
4907,2006-01-18,8.256639640670912,8.415612456706894,8.038052612794296,8.206960678100586,44782967
4908,2006-01-17,8.346064367681475,8.514973167296523,8.25664234161377,8.25664234161377,48131477
4909,2006-01-16,8.107604462339703,8.28644847869873,8.02811770469308,8.28644847869873,24994686
4910,2006-01-13,8.008246846361326,8.127476658204804,7.968503802098454,7.988375663757324,22927173
4911,2006-01-12,8.236770539218849,8.246706470048283,7.988375663757323,7.988375663757324,29398452
4912,2006-01-11,8.246704569212516,8.266575747236283,8.107603606827308,8.127474784851074,28361112
4913,2006-01-10,8.306319737344396,8.306319737344396,8.107604538986214,8.157282829284668,32696797
4914,2006-01-09,8.226834653325172,8.385807510299845,8.087733658117909,8.296384811401367,52282627
4915,2006-01-06,8.415614174517069,8.514972119938841,8.087733226247153,8.147347450256348,71175106
4916,2006-01-05,8.644136338875407,8.703751236156734,8.24670527479436,8.336127281188965,80923230
4917,2006-01-04,9.121053434881732,9.20054018463118,8.505034689360773,8.56464958190918,129733727
4918,2006-01-03,8.346062752802512,8.862724304199219,8.306319713246179,8.862724304199219,88833168
4919,2006-01-02,8.18709054093154,8.485163675178326,8.14734682258084,8.28644847869873,43967787
4920,2005-12-30,8.16721868175619,8.306319658819298,8.157282752168515,8.28644847869873,36475293
4921,2005-12-29,8.127474784851074,8.326190639417003,8.087731749748832,8.127474784851074,52492245
4922,2005-12-28,8.067861557006836,8.127476461485644,7.948632427104072,8.067861557006836,28866345
4923,2005-12-27,8.157283401958829,8.226834235558032,8.067861386656164,8.11754035949707,25125473
4924,2005-12-26,7.62085095703676,7.6476220167154745,7.317451951856898,7.326374053955078,42894164037
4925,2005-12-23,8.107603204707335,8.425548148810597,8.067859492521583,8.41561222076416,61717221
4926,2005-12-22,7.460227008350486,7.495916766887873,7.246051109115977,7.281740188598633,38928506488
4927,2005-12-21,8.336127447582326,8.42554945576184,8.22683358022746,8.28644847869873,35341207
4928,2005-12-20,8.564650261870153,8.564650261870153,8.316255422410267,8.336127281188965,51275745
4929,2005-12-19,8.365934495490672,8.61432933807373,8.276512487971726,8.61432933807373,65825372
4930,2005-12-16,8.246703683729027,8.43548358948562,8.206959973839522,8.26657485961914,64332965
4931,2005-12-15,8.326192007573342,8.346063188862331,8.107604939065512,8.167219161987305,32028529
4932,2005-12-14,8.3063211930128,8.425551011977317,8.206963236894005,8.24670696258545,34447196
4933,2005-12-13,8.216899168316866,8.37587203391792,8.137413075043794,8.24670696258545,44474811
4934,2005-12-12,8.365936102495057,8.365936102495057,8.047991050347859,8.24670696258545,55926752
4935,2005-12-09,8.624264157108005,8.743493258762795,8.246704316619136,8.365933418273926,55751175
4936,2005-12-08,8.544779777526855,8.634201798305073,8.38580759794553,8.544779777526855,34474070
4937,2005-12-07,8.822980728223419,8.882594944406103,8.326191066336085,8.604393005371094,45997676
4938,2005-12-06,8.783238113233937,8.942210960780178,8.634201195982119,8.822981834411621,35735360
4939,2005-12-05,8.455357453503817,8.862725176944519,8.445421522872609,8.783238410949707,73921637
4940,2005-12-02,8.42554945576184,8.584521612945515,8.246705439402811,8.28644847869873,62301284
4941,2005-12-01,8.266578298221049,8.306321345587607,8.127477292910639,8.226835250854492,27918586
4942,2005-11-30,8.147345088059904,8.395740558650754,7.998308892192815,8.26657485961914,72235736
4943,2005-11-29,8.206962548087487,8.326192357045102,8.0479903748838,8.067861557006836,81048643
4944,2005-11-28,7.710173359988736,8.028119087219238,7.6108160841659664,8.028119087219238,103871903
4945,2005-11-25,7.47171582366976,7.650559888552835,7.362421926661228,7.511458873748779,47171177
4946,2005-11-24,7.51145730539934,7.531329165817203,7.382292249847708,7.412099361419678,25722078
4947,2005-11-23,7.352484512179157,7.481649568661134,7.282933679270505,7.431970596313477,35627864
4948,2005-11-22,7.710172871726881,7.720108802396415,7.272998033761071,7.312741756439209,48749581
4949,2005-11-21,7.749914821966935,7.799593784897963,7.650556896104877,7.67042875289917,40262747
4950,2005-11-18,7.630687336660343,7.700238177325142,7.5512012436619225,7.590944290161133,64952860
4951,2005-11-17,7.551198160791725,7.680363178944668,7.491583275853972,7.501519203186035,45850764
4952,2005-11-16,7.511457114582238,7.610815056037865,7.382292062311848,7.4915852546691895,36607872
4953,2005-11-15,7.451842160006056,7.6207502518261885,7.451842160006056,7.471714019775391,55933919
4954,2005-11-14,7.402165039858829,7.4419080902767405,7.253128091500432,7.362421989440918,29357245
4955,2005-11-11,7.491585520223039,7.5909434652006,7.31274149088536,7.402163505554199,61511186
4956,2005-11-10,7.064344859820138,7.372354547948593,7.034537755411275,7.272995948791504,84479567
4957,2005-11-09,6.478133663532722,6.925244331359863,6.398647594207556,6.925244331359863,49833503
4958,2005-11-08,6.656981293419871,6.7165955323517466,6.299292464553592,6.4781365394592285,36598914
4959,2005-11-07,6.955051795069372,6.974923652949391,6.587427856726939,6.647042751312256,33866716
4960,2005-11-04,7.253127528418592,7.253127528418592,6.935182470703349,6.974925518035889,38376186
4961,2005-11-03,7.233254503034061,7.233254503034061,7.074281675115969,7.10408878326416,32089443
4962,2005-11-02,6.835823527541479,7.153768539428711,6.835823527541479,7.153768539428711,40592402
4963,2005-11-01,7.133896843397963,7.133896843397963,6.756336920881771,6.815951824188232,34739227
4964,2005-10-31,6.617235970686206,6.994795895379102,6.617235970686206,6.955052852630615,42050769
4965,2005-10-28,6.3290974861987355,6.577492329599471,6.31916155665175,6.537749290466309,42919697
4966,2005-10-27,6.5973642307739,6.647043199770918,6.329097526568089,6.35890531539917,61989545
4967,2005-10-26,7.272997774850982,7.332612677691112,6.766272798346951,6.796080589294434,66178318
4968,2005-10-25,7.789657404945986,7.799593332767161,7.253124772203816,7.272995948791504,52520911
4969,2005-10-24,7.5710711479187,7.809530744725543,7.521392857481199,7.571071147918701,55408978
4970,2005-10-21,7.213384281128615,7.620751353813452,7.213384281128615,7.481650352478027,45205786
4971,2005-10-20,7.272998460939635,7.511458094794932,7.183577116826244,7.4617791175842285,54556174
4972,2005-10-19,6.984860843037766,7.183577439871766,6.885503563203158,7.13389778137207,32152149
4973,2005-10-18,7.173640399758148,7.223319371526918,6.776208625607991,7.153768539428711,46585322
4974,2005-10-17,7.571071448118068,7.650558209890329,6.974924469627607,7.014667510986328,47620870
4975,2005-10-14,7.6207503069395806,7.630686236896104,7.4915852546691895,7.4915852546691895,30704532
4976,2005-10-13,7.610814331194441,7.730043442153091,7.253125640209002,7.551199436187744,49274522
4977,2005-10-12,7.749916160610393,7.759852090723773,7.590943315960773,7.620750427246094,26947536
4978,2005-10-11,7.769786357879639,7.9188232535430565,7.670429106492094,7.769786357879639,58248673
4979,2005-10-10,7.710172176361083,7.710172176361083,7.710172176361083,7.710172176361084,0
4980,2005-10-07,7.263062127104603,7.710172176361083,7.263062127104603,7.710172176361084,70773786
4981,2005-10-06,7.312739673856857,7.35248270616179,7.213381753567194,7.243188858032227,30339045
4982,2005-10-05,7.143832733259212,7.491585541676531,7.054410718334297,7.372356414794922,80360666
4983,2005-10-04,7.153767602530742,7.312740427181787,7.114024566131664,7.123960494995117,46250292
4984,2005-10-03,6.915308705081542,7.37235532130777,6.905372776218089,7.123960494995117,97615618
4985,2005-09-30,6.905375355142736,7.0842201043131645,6.815953320085016,6.895440101623535,76515881
4986,2005-09-29,7.034540002958111,7.243191158593856,7.024604071962389,7.084218978881836,37329889
4987,2005-09-28,6.219827895122212,6.371529407971244,6.210903757442157,6.300140380859375,31199719
4988,2005-09-27,6.121668080044653,6.371531099375029,6.121668080044653,6.166287422180176,39581684
4989,2005-09-26,6.103819989692054,6.193057298771831,6.103819989692054,6.12166690826416,24396476
4990,2005-09-23,6.210905042662723,6.246600242659816,6.01458347984342,6.10382080078125,24469819
4991,2005-09-22,6.389378894263042,6.442921014271767,6.184133874544634,6.193058013916016,39677411
4992,2005-09-21,6.0681242622487686,6.478616301383671,6.0681242622487686,6.31798791885376,75675676119
4993,2005-09-20,6.01458333056123,6.094895830924074,5.907497054172936,6.068124771118164,58737389
4994,2005-09-19,5.90749636998625,6.032428873351073,5.8361080171965956,6.014582633972168,63389437
4995,2005-09-16,6.050278003440884,6.050278003440884,5.782566070556641,5.782566070556641,37768436
4996,2005-09-15,6.175207200337919,6.175207200337919,6.023503667163467,6.050276756286621,22496679
4997,2005-09-14,6.24660013392474,6.3269126348829365,6.193058013916016,6.193058013916016,17304150
4998,2005-09-13,6.38937842405578,6.38937842405578,6.237674856455377,6.2465996742248535,27780998
4999,2005-09-12,6.353683490538991,6.532158123567794,6.2555240721048335,6.407225608825684,40477539
5000,2005-09-09,6.282294870973716,6.326912169272691,6.1038202453390875,6.2465996742248535,54062064
5001,2005-09-08,5.978887735772911,6.3001411112384655,5.978887735772911,6.2465996742248535,56577308
5002,2005-09-07,5.889650107156355,6.032428849331577,5.853954912321447,5.961040496826172,51113744
5003,2005-09-06,5.961041553997684,6.014583676690766,5.845033168792725,5.845033168792725,46956290
5004,2005-09-05,5.853954531120659,5.969962209142854,5.853954531120659,5.880724906921387,49191552
5005,2005-09-02,5.60409259809147,5.853955950501672,5.550550135870926,5.845033168792725,38733712
5006,2005-09-01,5.479159355163574,5.479159355163574,5.479159355163574,5.479159355163574,0
5007,2005-08-31,5.49700797309605,5.6933291892557305,5.3899237351048495,5.479159355163574,32939273
5008,2005-08-30,5.818260562600608,5.818260562600608,5.425616170255254,5.497006893157959,28815517
5009,2005-08-29,5.853956191922163,5.934270737383852,5.67548323448231,5.7201008796691895,15738935
5010,2005-08-26,5.952116721107038,5.961040859886697,5.764717276337502,5.853955268859863,19056405
5011,2005-08-25,6.032428456508833,6.0681236490193236,5.8361076139201735,5.880724906921387,23381259749
5012,2005-08-24,5.943191065600155,6.1127415298579715,5.943191065600155,5.969962120056152,33887611
5013,2005-08-23,6.157361523786658,6.273369878856922,5.925344813646129,5.943191051483154,64556005
5014,2005-08-22,5.7825665735035,6.068124771118164,5.7825665735035,6.068124771118164,54096803610
5015,2005-08-19,5.711174812383625,5.737945186746248,5.648708228845974,5.67548131942749,28389438
5016,2005-08-18,5.639786279449219,5.836107456261779,5.639786279449219,5.711174964904785,45709068
5017,2005-08-17,5.586244583129883,5.639787038124464,5.532702807190136,5.586244583129883,13779645
5018,2005-08-16,5.586244583129883,5.657633617716213,5.532702807190136,5.586244583129883,10178430
5019,2005-08-15,5.639787038124464,5.675482234472462,5.461312074966723,5.586244583129883,19965352
5020,2005-08-12,5.9431908429583356,5.996732949864554,5.613014743388231,5.693327903747559,43001224
5021,2005-08-11,5.66655804164518,5.85395510445998,5.648709085532279,5.782566070556641,54051003
5022,2005-08-10,5.425617350013502,5.666558588186558,5.407770768871185,5.613016128540039,38079185
5023,2005-08-09,5.4791583384541545,5.5594731996815705,5.273914718814036,5.354227542877197,25159617
5024,2005-08-08,5.461312313348114,5.666558343198242,5.461312313348114,5.514854431152344,21496532
5025,2005-08-05,5.586244583129883,5.586244583129883,5.586244583129883,5.586244583129883,0
5026,2005-08-04,5.586244583129883,5.711175733183377,5.425616878618725,5.586244583129883,34237266
5027,2005-08-03,5.6219401190052976,5.639787038124464,5.470236553108555,5.586244583129883,29809457
5028,2005-08-02,5.711174375887633,5.764715799575515,5.416693489858258,5.53270149230957,29872770
5029,2005-08-01,5.6576333111905655,5.818261006999054,5.53270250743313,5.666557788848877,51862910
5030,2005-07-29,5.550549657839698,5.711176012085283,5.425617143575532,5.595167636871338,81412672
5031,2005-07-28,5.006204723626552,5.345305442810059,5.006204723626552,5.345305442810059,87286758
5032,2005-07-27,4.899117244739965,5.024049746754073,4.845575131908089,4.997278690338135,17196136
5033,2005-07-26,4.9794322072844865,4.997278786340696,4.8812707598005405,4.908041477203369,11267687
5034,2005-07-25,4.693873258334699,4.979431737883888,4.604635957609586,4.934812068939209,29265156
5035,2005-07-22,4.872345480368781,4.872345480368781,4.693872928619385,4.693872928619385,22950339
5036,2005-07-21,4.827728645940069,5.050820900201167,4.827728645940069,4.908041477203369,34128512655
5037,2005-07-20,5.077592363393498,5.157907238247291,5.050821304321289,5.050821304321289,21763391
5038,2005-07-19,5.07759225734694,5.21144924754952,5.01512566191907,5.122211933135986,24623336
5039,2005-07-18,5.024050235748291,5.024050235748291,5.024050235748291,5.024050235748291,0
5040,2005-07-15,5.086516832362661,5.086516832362661,4.9526615372547464,5.024050235748291,26385411
5041,2005-07-14,4.979432620539107,5.131134157309148,4.890195303995769,5.086516857147217,50705561
5042,2005-07-13,5.00620229972698,5.00620229972698,4.872345343227461,4.916965007781982,15252309
5043,2005-07-12,5.032973412127581,5.06866894289283,4.9258874988865715,5.006202697753906,23023667861
5044,2005-07-11,4.997279639156564,5.0329748405250205,4.943737855686272,4.9883551597595215,26980130
5045,2005-07-08,4.729566858928716,4.961583591063841,4.711720279872507,4.908041477203369,44794845
5046,2005-07-07,4.809879238438117,4.809879238438117,4.693872928619385,4.693872928619385,18176993
5047,2005-07-06,4.8188042572260175,4.908041222199512,4.783108724276365,4.809879779815674,33590375
5048,2005-07-05,4.818804244095061,4.854499437420057,4.738491077695981,4.783108711242676,34767587
5049,2005-07-04,4.622482585632503,4.818804106135071,4.586787393329442,4.774186134338379,63547539
5050,2005-07-01,4.533245343147071,4.6224822998046875,4.533245343147071,4.6224822998046875,53027093
5051,2005-06-30,4.461857935816019,4.5243242015630525,4.408316149877446,4.497551441192627,35649633
5052,2005-06-29,4.444007858919262,4.568940688986098,4.345848459501109,4.417236804962158,47575831
5053,2005-06-28,4.363695627651665,4.42616188138265,4.34584904816008,4.372620105743408,16886598
5054,2005-06-27,4.229839864608629,4.3904661920658805,4.229839864608629,4.354770660400391,21884860
5055,2005-06-24,4.292306076423672,4.301228855803522,4.211991215711177,4.283381938934326,22109264
5056,2005-06-23,4.426162197501058,4.461857396198082,4.238763422924001,4.292306900024414,49033742
5057,2005-06-22,4.426161760737312,4.524323207940336,4.408315181732178,4.408315181732178,22577860
5058,2005-06-21,4.470779396596067,4.479703534917149,4.399390703883691,4.408315181732178,12113647
5059,2005-06-20,4.390467391928948,4.488628857607757,4.390467391928948,4.461857795715332,36607829
5060,2005-06-17,4.408315301891065,4.479703657021892,4.372620105743408,4.372620105743408,32093858
5061,2005-06-16,4.354771149559921,4.479703657021892,4.336924570068336,4.372620105743408,52640135
5062,2005-06-15,4.336925162121471,4.363696223359437,4.265534760080333,4.328001022338867,17070668
5063,2005-06-14,4.354771744049373,4.426162485617972,4.274458899862935,4.328001022338867,33187269
5064,2005-06-13,4.363696095412194,4.39046715586521,4.292307053574086,4.345849514007568,22060792
5065,2005-06-10,4.283382914053146,4.417237876790774,4.283382914053146,4.345849514007568,62812008
5066,2005-06-09,4.131679304049425,4.36369606510395,4.131679304049425,4.2566118240356445,76563787
5067,2005-06-08,4.087060947495624,4.220915885886464,4.087060947495624,4.131678581237793,51235774
5068,2005-06-07,3.9978235912351536,4.069212279639341,3.953203920904689,4.024594306945801,20930028
5069,2005-06-06,3.962128181555081,4.024594431750783,3.9532040434958144,3.997823715209961,13572329
5070,2005-06-03,4.0692120450563465,4.095983098751074,3.962127830277437,3.9799747467041016,25389428
5071,2005-06-02,4.03351639757226,4.140602297867804,4.015669822692871,4.015669822692871,41509537
5072,2005-06-01,3.9799742962428053,4.024593619423555,3.9442787697927395,4.015669822692871,22016753
5073,2005-05-31,3.8996627421447663,4.060291149114966,3.8996627421447663,3.9442803859710693,49462502
5074,2005-05-30,3.9888995699391394,3.9978240482693006,3.8818156762724874,3.8996622562408447,32772684
5075,2005-05-27,3.8371959041021158,3.988899469375611,3.792578606487503,3.9888994693756104,35728733
5076,2005-05-26,3.8371958454692305,3.8371958454692305,3.7479588749116526,3.7658071517944336,13490974
5077,2005-05-25,3.908586849590554,3.979975548256733,3.7479591369628906,3.7479591369628906,19171897
5078,2005-05-24,4.069212502784312,4.069212502784312,3.8907378860039916,3.9085865020751953,17097770
5079,2005-05-23,4.060290813446045,4.104908114056318,4.051366334741677,4.060290813446045,20755513
5080,2005-05-20,4.051365375518799,4.1049071421566055,4.024593982908859,4.051365375518799,22730566
5081,2005-05-19,4.131678195239188,4.14060267183055,3.96212773967969,4.051365375518799,41464638
5082,2005-05-18,3.855044206404076,4.069211952010019,3.810424539666128,4.051365375518799,50139321
5083,2005-05-17,3.7568830405626374,3.8371958732604985,3.7122654037792255,3.837195873260498,24693478
5084,2005-05-16,3.7747289898860736,3.7925779429737245,3.721187223533457,3.7301113605499268,18404228
5085,2005-05-13,3.676569596105304,3.8728911219336473,3.676569596105304,3.7390358448028564,46582842981
5086,2005-05-12,3.649799693631706,3.703341476889409,3.6141041528775153,3.676570415496826,16919557
5087,2005-05-11,3.6587209638039453,3.756882744841936,3.6051791927290164,3.6408743858337402,28113032
5088,2005-05-10,3.578408150376783,3.7301117030386615,3.551637094978751,3.6676454544067383,28020492
5089,2005-05-09,3.5427135137793013,3.6051797722260157,3.4713244742043137,3.569484233856201,16739997
5090,2005-05-06,3.3374690777191143,3.569483402286267,3.319620463873735,3.542712688446045,26996398
5091,2005-05-05,3.4267050998191633,3.4267050998191633,3.3374698198781663,3.355316400527954,17044186
5092,2005-05-04,3.337470059405359,3.4088584242926094,3.2660793178258816,3.3731632232666016,26284998
5093,2005-05-03,3.2125361603948144,3.3285445077738416,3.194687886576868,3.319620370864868,30199149
5094,2005-05-02,3.1589951515197754,3.1589951515197754,3.1589951515197754,3.1589951515197754,0
5095,2005-04-29,3.185766213428446,3.230384197239605,3.132224429138574,3.1589951515197754,8447653
5096,2005-04-28,3.158994921713032,3.230383962239538,3.158994921713032,3.1857659816741943,16281584
5097,2005-04-27,3.1232998421387763,3.167917824414725,3.1232998421387763,3.1322243213653564,3903150
5098,2005-04-26,3.1679171005747326,3.1946881554453275,3.1054525508104054,3.141145706176758,7611839
5099,2005-04-25,3.1946881626109156,3.1946881626109156,3.1322236127064818,3.1500701904296875,5675816
5100,2005-04-22,3.212537275337117,3.2393086767732573,3.1232999496049216,3.1589951515197754,9595671
5101,2005-04-21,3.1946883077336645,3.2036124458191098,3.0340619708531613,3.167917251586914,7940703
5102,2005-04-20,3.28392550772093,3.3731628205778637,3.2125368118286133,3.2125368118286133,25445246
5103,2005-04-19,3.2482322157267474,3.2660787947994363,3.1679173472248463,3.2214608192443848,21075727017
5104,2005-04-18,3.0786796819792794,3.158994550050779,3.0786796819792794,3.1054527759552,15583963
5105,2005-04-15,3.0876041598137216,3.176841468555234,3.0697575808366713,3.1054527759552,12250913
5106,2005-04-14,3.158994550050779,3.194688387059689,3.1054527759552,3.1054527759552,8061976
5107,2005-04-13,3.212537075901407,3.2482326151277356,3.1679177367503586,3.1946887969970703,15836573
5108,2005-04-12,3.212537075901407,3.2660791963948306,3.141146336976199,3.1946887969970703,15959439
5109,2005-04-11,3.212537075901407,3.2839257776619255,3.1232997557091036,3.1946887969970703,16755741
5110,2005-04-08,3.1946887969970703,3.2750036753744474,3.1500708159558153,3.1946887969970703,19898278
5111,2005-04-07,3.051909331833495,3.2036129107546514,3.051909331833495,3.114375591278076,29546922
5112,2005-04-06,2.9448255420848253,3.0876046474725674,2.9269786207616124,3.0519094467163086,12505813
5113,2005-04-05,2.9359006881713867,2.9359006881713867,2.9359006881713867,2.9359006881713867,0
5114,2005-04-04,2.8555875153014685,2.971595884372348,2.8555875153014685,2.9359006881713867,8483753
5115,2005-04-01,2.962671858450446,2.962671858450446,2.846663315204628,2.873434543609619,7424294
5116,2005-03-31,2.8912827115024298,3.01621555867838,2.8912827115024298,2.9359006881713867,17878768
5117,2005-03-30,2.873433681566783,2.9180530046560578,2.8020450055042954,2.8555867671966553,8095555
5118,2005-03-29,2.8734342822307193,2.971595727059391,2.8555873641298644,2.891282558441162,19121947
5119,2005-03-28,2.855587251007662,2.926977976329558,2.77527442509837,2.864511728286743,23260641
5120,2005-03-25,2.7217324845709445,2.864511728286743,2.7217324845709445,2.864511728286743,21306335
5121,2005-03-24,2.7128084916379795,2.8109701137247507,2.6771132946014404,2.6771132946014404,9977591
5122,2005-03-23,2.8198919625537657,2.8555871542414324,2.712808085127627,2.7485034465789795,9164303
5123,2005-03-22,2.6681902527079346,2.819891929626465,2.6503418082540837,2.819891929626465,11509192
5124,2005-03-21,2.721733070262034,2.7306575494615783,2.6414198875427246,2.6414198875427246,4369257
5125,2005-03-18,2.605723912661125,2.7306567380341287,2.5878751293296145,2.703883647918701,9581480
5126,2005-03-17,2.587875599958712,2.632495274592338,2.5700290203094482,2.5700290203094482,5774553
5127,2005-03-16,2.712808760826218,2.7485041311684704,2.6414198875427246,2.6414198875427246,6242397
5128,2005-03-15,2.8377406261902287,2.8734341208600114,2.712808132171631,2.712808132171631,8352944
5129,2005-03-14,2.86451171473263,2.935900402552432,2.775274411966504,2.837740659713745,8994623
5130,2005-03-11,3.087603730008698,3.1054523436655885,2.9537484645843506,2.9537484645843506,26198885
5131,2005-03-10,2.819892329522503,2.9626717567443848,2.819892329522503,2.9626717567443848,31263567
5132,2005-03-09,2.614648293974427,2.7752742767333984,2.614648293974427,2.7752742767333984,22386119
5133,2005-03-08,2.5343338302572076,2.6057245676734255,2.5343338302572076,2.5968000888824463,5859712
5134,2005-03-07,2.5343334674835205,2.5700288310820656,2.5343334674835205,2.5343334674835205,1385281
5135,2005-03-04,2.480791454376772,2.5700285814786246,2.480791454376772,2.516486644744873,2987654
5136,2005-03-03,2.4807920455932617,2.5254117232417626,2.4718675668196566,2.4807920455932617,2332353
5137,2005-03-02,2.5164872444681574,2.5254117232417626,2.4807920455932617,2.4807920455932617,2426776
5138,2005-03-01,2.6057240050489456,2.6057240050489456,2.498638091810188,2.5075623989105225,2376942
5139,2005-02-28,2.5343334674835205,2.5343334674835205,2.5343334674835205,2.5343334674835205,0
5140,2005-02-25,2.596799717167113,2.6503419986282974,2.5164868891482737,2.5343334674835205,2130971
5141,2005-02-24,2.6414195877666673,2.659266167448142,2.5878756046295166,2.5878756046295166,2001773
5142,2005-02-23,2.5878758983288397,2.650342499341257,2.5878758983288397,2.6414198875427246,1985388
5143,2005-02-22,2.6503421985525684,2.668190645634843,2.5878756046295166,2.5878756046295166,1762183
5144,2005-02-21,2.6771130895081585,2.7663502264445037,2.6592660016482865,2.6681904792785645,5755233
5145,2005-02-18,2.5878756415375155,2.6771132946014404,2.5878756415375155,2.6771132946014404,3380895
5146,2005-02-17,2.659266167448142,2.668190645634843,2.5878756046295166,2.5878756046295166,3606236
5147,2005-02-16,2.570029061601515,2.7306572785022296,2.570029061601515,2.6771132946014404,7877334
5148,2005-02-15,2.5611047744750977,2.5700290831000197,2.5343337160011745,2.5611047744750977,1684410
5149,2005-02-14,2.5700290203094482,2.587875599958712,2.516487074433443,2.5700290203094482,1869126
5150,2005-02-11,2.5343334674835205,2.5343334674835205,2.5343334674835205,2.5343334674835205,0
5151,2005-02-10,2.5343334674835205,2.5343334674835205,2.5343334674835205,2.5343334674835205,0
5152,2005-02-09,2.5343334674835205,2.5343334674835205,2.5343334674835205,2.5343334674835205,0
5153,2005-02-08,2.5343334674835205,2.5343334674835205,2.5343334674835205,2.5343334674835205,0
5154,2005-02-07,2.5343334674835205,2.5343334674835205,2.5343334674835205,2.5343334674835205,0
5155,2005-02-04,2.5343334674835205,2.5343334674835205,2.5343334674835205,2.5343334674835205,0
5156,2005-02-03,2.5343334674835205,2.5432579449970176,2.5164868891482737,2.5343334674835205,2022349
5157,2005-02-02,2.516486644744873,2.5789528883616892,2.4986380309787437,2.516486644744873,2587042
5158,2005-02-01,2.5432575795952217,2.5432575795952217,2.4807913388864478,2.4986379146575928,1946763
5159,2005-01-31,2.409403067772007,2.5432581901550293,2.400478759161945,2.5432581901550293,7026731
5160,2005-01-28,2.400478555730813,2.400478555730813,2.373707499570208,2.3826301097869873,1392858
5161,2005-01-27,2.400478589418999,2.4183255077400028,2.3737075328826904,2.3737075328826904,775523
5162,2005-01-26,2.4272498278899364,2.4272498278899364,2.391554463195636,2.4004786014556885,603921
5163,2005-01-25,2.3558592233900804,2.409402863584575,2.3558592233900804,2.3826301097869873,827770
5164,2005-01-24,2.400478589418999,2.4361741236980134,2.3737075328826904,2.3737075328826904,1607892
5165,2005-01-21,2.409402847290039,2.445096343662334,2.409402847290039,2.409402847290039,640455
5166,2005-01-20,2.3469365973012177,2.4361740730332913,2.3469365973012177,2.409402847290039,1747746
5167,2005-01-19,2.5254117232417626,2.543258304096889,2.4807920455932617,2.4807920455932617,1548851
5168,2005-01-18,2.534333283047318,2.543257759911336,2.5075623989105225,2.5075623989105225,405296
5169,2005-01-17,2.5432581901550293,2.5611047702106013,2.5343337117812546,2.5432581901550293,938618
5170,2005-01-14,2.4897160030632257,2.5521822527468188,2.4897160030632257,2.5343334674835205,1566267
5171,2005-01-13,2.5521827927466156,2.5700293748579046,2.4897165298461914,2.4897165298461914,1136746
5172,2005-01-12,2.5700290788206637,2.5878756588762357,2.5343337117812546,2.5432581901550293,1550457
5173,2005-01-11,2.641419582999222,2.650342193769019,2.5521824406601845,2.5700290203094482,2602684
5174,2005-01-10,2.694961839591869,2.712808760826218,2.6414198875427246,2.6414198875427246,1052023
5175,2005-01-07,2.6771132704395337,2.7306572538570695,2.668190659606909,2.6949615478515625,3247490
5176,2005-01-06,2.659266181373475,2.748503833631998,2.6414196015985465,2.6949615478515625,4168967
5177,2005-01-05,2.6771128428223863,2.7128080338351452,2.650341789090183,2.6592657566070557,2022176
5178,2005-01-04,2.712808132171631,2.7485034942419926,2.6949612150730506,2.712808132171631,2840298
5179,2005-01-03,2.6949612150730506,2.73065691667079,2.659265853002689,2.712808132171631,3468956
5180,2004-12-31,2.5521821434832503,2.73065691667079,2.5521821434832503,2.712808132171631,7994872
5181,2004-12-30,2.552182674407959,2.578953564915983,2.54325836518372,2.552182674407959,1529273
5182,2004-12-29,2.578953564915983,2.6057246251877317,2.552182674407959,2.552182674407959,1809292
5183,2004-12-28,2.5164873049119714,2.5611049464675055,2.5164873049119714,2.552182674407959,1287451
5184,2004-12-27,2.6235707730158575,2.6235707730158575,2.5164868891482737,2.5343334674835205,2055825
5185,2004-12-24,2.62357091401115,2.632495222240559,2.5789532774293296,2.605724334716797,1917682
5186,2004-12-23,2.632495222240559,2.650342141062323,2.605724334716797,2.605724334716797,1430811
5187,2004-12-22,2.694961416550542,2.7128083349833725,2.632495164871216,2.632495164871216,2673533
5188,2004-12-21,2.7306572538570695,2.766350413406927,2.668190659606909,2.6949615478515625,7916910
5189,2004-12-20,2.489715806224328,2.6592657566070557,2.489715806224328,2.6592657566070557,11082404
5190,2004-12-17,2.4807922202081536,2.4897165298461914,2.471867740806384,2.4897165298461914,1586980
5191,2004-12-16,2.462945464738135,2.4807920455932617,2.4450966769546456,2.4807920455932617,1360244
5192,2004-12-15,2.454020744957474,2.4897161100904817,2.445096436824037,2.4629452228546143,4037178
5193,2004-12-14,2.4272499084472656,2.454020796242602,2.4094029894444557,2.4272499084472656,960124
5194,2004-12-13,2.5343334450197554,2.5343334450197554,2.4094028141605857,2.418325424194336,1231261
5195,2004-12-10,2.4094029894444557,2.471867375717998,2.4094029894444557,2.4272499084472656,1029108
5196,2004-12-09,2.4272497652398837,2.4361740730332913,2.409402847290039,2.409402847290039,1207769
5197,2004-12-08,2.462945216475711,2.462945216475711,2.4272498514351524,2.4540207386016846,848244
5198,2004-12-07,2.4807918019570447,2.4897161100904817,2.4629452228546143,2.4629452228546143,1147141
5199,2004-12-06,2.4004788667070676,2.4807920455932617,2.4004788667070676,2.4807920455932617,1764998
5200,2004-12-03,2.409402909479443,2.436174135913691,2.391554463195636,2.4004786014556885,668406
5201,2004-12-02,2.4450964879226613,2.4450964879226613,2.418325600127325,2.4272499084472656,713306
5202,2004-12-01,2.471867375717998,2.471867375717998,2.418325600127325,2.4272499084472656,1168164
5203,2004-11-30,2.498638626448388,2.498638626448388,2.4718675668196566,2.4807920455932617,481613
5204,2004-11-29,2.498638091810188,2.5611043369477975,2.4361738838367857,2.5075623989105225,1283260
5205,2004-11-26,2.5611041553663667,2.5967993440727195,2.4986379146575928,2.4986379146575928,1338252
5206,2004-11-25,2.5878756631853084,2.5878756631853084,2.5254116143045207,2.5611047744750977,674457
5207,2004-11-24,2.5700289579534425,2.6414195189110843,2.5700289579534425,2.578953266143799,449488
5208,2004-11-23,2.6235709661854534,2.6235709661854534,2.561104711902564,2.5700290203094482,1424462
5209,2004-11-22,2.6414190554487083,2.659265631533611,2.614648172739305,2.623570442199707,992096
5210,2004-11-19,2.641419179682773,2.6771128428223863,2.632494872638535,2.6592657566070557,1327678
5211,2004-11-18,2.712808760826218,2.7306575494615783,2.6414198875427246,2.6414198875427246,2655961
5212,2004-11-17,2.5521827349150557,2.668190948449161,2.5521827349150557,2.6414198875427246,3088018
5213,2004-11-16,2.6146489344119708,2.6146489344119708,2.552182674407959,2.552182674407959,2160120
5214,2004-11-15,2.712808760826218,2.712808760826218,2.6324955781069086,2.6414198875427246,1876176
5215,2004-11-12,2.6771129398649585,2.73065691667079,2.6771129398649585,2.712808132171631,675157
5216,2004-11-11,2.6771132946014404,2.7306572785022296,2.6771132946014404,2.6771132946014404,1803134
5217,2004-11-10,2.7306572785022296,2.766350438374231,2.6592662053743052,2.6771132946014404,1243959
5218,2004-11-09,2.730656862258911,2.748503439474497,2.6949611613724547,2.730656862258911,891902
5219,2004-11-08,2.7841986310698967,2.7841986310698967,2.730656862258911,2.730656862258911,1220948
5220,2004-11-05,2.7841989994049072,2.909129640061194,2.7841989994049072,2.7841989994049072,1605545
5221,2004-11-04,2.7663493156433105,2.8020446679564985,2.7306561702574763,2.7663493156433105,1415346
5222,2004-11-03,2.730656869317263,2.8198919625537657,2.712808085127627,2.7485034465789795,1731070
5223,2004-11-02,2.7841979254999387,2.8198912406494157,2.7306561702574763,2.7663493156433105,2947074
5224,2004-11-01,2.9269779624798713,2.9269779624798713,2.802045466985389,2.837740659713745,2699617
5225,2004-10-29,2.9983669530772716,3.0876042648546558,2.9626717567443848,2.9626717567443848,3153671
5226,2004-10-28,3.1589941045962724,3.176841020584107,2.944824661722478,3.1768410205841064,15081972
5227,2004-10-27,3.1232999496049216,3.212537275337117,3.1232999496049216,3.1589951515197754,7786694
5228,2004-10-26,3.12329888343811,3.2125361787083335,3.0876036937081377,3.1232988834381104,8209574
5229,2004-10-25,3.141145706176758,3.141145706176758,3.141145706176758,3.141145706176758,0
5230,2004-10-22,3.069757358279772,3.2125364307654043,3.0162152485385825,3.141145706176758,11216461
5231,2004-10-21,2.9626720010292438,3.0697579383850098,2.944825419973523,3.0697579383850098,4802975
5232,2004-10-20,2.855587638307256,3.069757806156261,2.855587638307256,2.9983670711517334,5497010
5233,2004-10-19,2.909129741167892,2.9269783585293125,2.8555876238853384,2.873434543609619,2036123
5234,2004-10-18,2.909129476542017,2.98052020469201,2.891282558441162,2.891282558441162,3367603
5235,2004-10-15,2.855587290069297,2.9448249340057373,2.855587290069297,2.9448249340057373,5647543
5236,2004-10-14,2.873434543609619,2.909129741167892,2.8555876238853384,2.873434543609619,2092722
5237,2004-10-13,2.855587270522785,2.926977996332566,2.837740692534344,2.9091293811798096,4409637
5238,2004-10-12,2.8912819540462147,2.909128868416342,2.8198915803470963,2.8555867671966553,4744131
5239,2004-10-11,2.8377407855564067,2.926978092279857,2.8377407855564067,2.891282558441162,2815971
5240,2004-10-08,2.8555873641298644,2.926978092279857,2.8198921698185666,2.891282558441162,7055182
5241,2004-10-07,2.926978092279857,2.926978092279857,2.8198921698185666,2.891282558441162,6153671
5242,2004-10-06,2.9091293811798096,2.944824913848393,2.873434188038612,2.9091293811798096,6333866
5243,2004-10-05,2.926978349685669,2.944825269356026,2.9091297323781764,2.926978349685669,3936938
5244,2004-10-04,2.855587270522785,2.944824913848393,2.837740692534344,2.9091293811798096,7343921
5245,2004-10-01,2.8198915803470963,2.873433681566783,2.784198260897831,2.8555867671966553,9145158
5246,2004-09-30,2.819891442439246,2.873433541040436,2.7841981247355756,2.8020448684692383,4986587
5247,2004-09-29,2.712808437005823,2.802045748745211,2.6949615179018114,2.7841989994049072,9725912
5248,2004-09-28,2.730656862258911,2.730656862258911,2.730656862258911,2.730656862258911,0
5249,2004-09-27,2.766350016690083,2.7841986310698967,2.6949611613724547,2.730656862258911,5438117
5250,2004-09-24,2.7841989994049072,2.8377409450628988,2.7306572235106237,2.7841989994049072,6896152
5251,2004-09-23,2.730656869317263,2.784198638266646,2.694961168338538,2.7485034465789795,6924913
5252,2004-09-22,2.6324949156078765,2.766350016690083,2.6146483383922905,2.730656862258911,13139511
5253,2004-09-21,2.4807918824479422,2.5878756046295166,2.4807918824479422,2.5878756046295166,10300265
5254,2004-09-20,2.462945464738135,2.4897163546031464,2.4094031757169523,2.4807920455932617,8202519
5255,2004-09-17,2.4540209859645303,2.498638626448388,2.4450966769546456,2.4807920455932617,8330418
5256,2004-09-16,2.4718673240599043,2.4897161100904817,2.436174165855043,2.4629452228546143,3980382
5257,2004-09-15,2.462945459278588,2.534333819705492,2.4540209805247657,2.471867561340332,8698509
5258,2004-09-14,2.4094029942184054,2.471867380615714,2.4094029942184054,2.445096492767334,6392066
5259,2004-09-13,2.4629450951471834,2.4718671958898493,2.4094028141605857,2.418325424194336,5025268
5260,2004-09-10,2.4807918587170446,2.4807918587170446,2.4183256049189543,2.445096492767334,3601945
5261,2004-09-09,2.418325543324829,2.462945216475711,2.3915544863945937,2.4540207386016846,9312673
5262,2004-09-08,2.409402847290039,2.471867229878192,2.3915544014669203,2.409402847290039,6742292
5263,2004-09-07,2.4272497652398837,2.445096343662334,2.400478539496631,2.409402847290039,2965158
5264,2004-09-06,2.445096492767334,2.445096492767334,2.346936740420315,2.445096492767334,7104284
5265,2004-09-03,2.462945216475711,2.4897161036422433,2.418325543324829,2.4540207386016846,8343382
5266,2004-09-02,2.3558592972192938,2.4629452228546143,2.3201657994870253,2.4629452228546143,9912859
5267,2004-09-01,2.3201661137924505,2.3558596163600027,2.29339505316629,2.3380126953125,10237910
5268,2004-08-31,2.230929136324481,2.2844710960687635,2.222004825606049,2.2487757205963135,11081195
5269,2004-08-30,2.2130800548543097,2.302317201757549,2.2130800548543097,2.2755463123321533,22886486
5270,2004-08-27,2.3737075328826904,2.3737075328826904,2.3737075328826904,2.3737075328826904,945276
5271,2004-08-26,2.4986386864634937,2.5700292556917446,2.4986386864634937,2.552182674407959,11319690
5272,2004-08-25,2.4897165298461914,2.4897165298461914,2.4897165298461914,2.4897165298461914,0
5273,2004-08-24,2.4897165298461914,2.4897165298461914,2.4897165298461914,2.4897165298461914,0
5274,2004-08-23,2.471867740806384,2.498638802319443,2.4540211586950944,2.4897165298461914,2668676
5275,2004-08-20,2.4361743997091994,2.507562929899823,2.427250090719097,2.471867561340332,4611124
5276,2004-08-19,2.3826301731361035,2.4450964252082237,2.3826301731361035,2.436174154281616,3633730
5277,2004-08-18,2.4183255315351273,2.4183255315351273,2.3469366692027753,2.3558592796325684,2022297
5278,2004-08-17,2.4450962967903638,2.4450962967903638,2.391554355621338,2.391554355621338,3311366
5279,2004-08-16,2.4359261059720314,2.4441007831261623,2.3787059783935547,2.3787059783935547,5035271
5280,2004-08-13,2.4359257221221924,2.444100397988169,2.4195776766402526,2.4359257221221924,1979340
5281,2004-08-12,2.468623178640187,2.468623178640187,2.427750775312522,2.4441006183624268,1290436
5282,2004-08-11,2.4686226844787598,2.517667958497812,2.452273171264184,2.4686226844787598,3352167
5283,2004-08-10,2.435925454143179,2.4686226844787598,2.427750289332807,2.4686226844787598,2115400
5284,2004-08-09,2.419577469970683,2.4277503490448,2.3950549139986266,2.4277503490448,1549619
5285,2004-08-06,2.3868801304974405,2.4522731202778827,2.3868801304974405,2.4195773601531982,2934602
5286,2004-08-05,2.3787056035603835,2.4522734410416285,2.337835163293031,2.4359257221221924,2718681
5287,2004-08-04,2.411403084278774,2.4359259714176424,2.3460084464396784,2.370530843734741,2765032
5288,2004-08-03,2.4522731202778827,2.484970349933641,2.4195773601531982,2.4195773601531982,1182061
5289,2004-08-02,2.5176686508906903,2.534016372507539,2.4522738456726074,2.4522738456726074,1728410
5290,2004-07-30,2.5013198852539062,2.5503651554917663,2.5013198852539062,2.5013198852539062,2093983
5291,2004-07-29,2.5503651554917663,2.5503651554917663,2.5013198852539062,2.5013198852539062,1362552
5292,2004-07-28,2.534016244667845,2.5830615297007067,2.5176685238757295,2.550365924835205,5161427
5293,2004-07-27,2.501320293596035,2.550365571840568,2.501320293596035,2.5340158939361572,2238958
5294,2004-07-26,2.5340154802564507,2.5340154802564507,2.4849702100185906,2.5013198852539062,1563948
5295,2004-07-23,2.468622941201671,2.615758615278878,2.468622941201671,2.5830612182617188,3352957
5296,2004-07-22,2.4686226844787598,2.5013200780955738,2.435925454143179,2.4686226844787598,1730212
5297,2004-07-21,2.4522729822038345,2.517667764395789,2.4522729822038345,2.5013198852539062,1829684
5298,2004-07-20,2.4522735648185767,2.5340160822917,2.403228282928467,2.403228282928467,3814754
5299,2004-07-19,2.7301989388147265,2.7301989388147265,2.566713571548462,2.566713571548462,7358498
5300,2004-07-16,2.7955914657094176,2.844638207624106,2.7465460300445557,2.7465460300445557,4161765
5301,2004-07-15,2.942729069764918,2.942729069764918,2.811941118365644,2.8609862327575684,3160610
5302,2004-07-14,3.008122566279861,3.057169645545093,2.94272939965564,2.9590771198272705,1198887
5303,2004-07-13,3.0571696510668387,3.0735173712679957,3.0244719247268215,3.0408196449279785,657653
5304,2004-07-12,3.106215038446337,3.1225627600548,3.0571699142456055,3.0571699142456055,745179
5305,2004-07-09,3.1062150001525883,3.1225627215595146,3.0735175979634164,3.106215000152588,1736879
5306,2004-07-08,3.0571696510668387,3.122562491246641,3.0244719247268215,3.0408196449279785,1219476
5307,2004-07-07,3.1062144085030363,3.138909845089296,3.0571692942487014,3.089864730834961,883498
5308,2004-07-06,3.1716075389703478,3.22065232621927,3.1389098167419434,3.1389098167419434,1556506
5309,2004-07-05,2.942728984233374,3.3023951053619385,2.942728984233374,3.3023951053619385,2309518
5310,2004-07-02,3.187956283411833,3.2043039984471346,3.138909219556818,3.155258893966675,921636
5311,2004-07-01,3.2533503789036162,3.2533503789036162,3.187957213741975,3.2043049335479736,1721128
5312,2004-06-30,3.220652653353972,3.2370023325350967,3.187957213741975,3.2043049335479736,1071829
5313,2004-06-29,3.1716069850578354,3.2043040484508105,3.138909268539998,3.1879563331604004,893924
5314,2004-06-28,3.2043050447507335,3.237002444872593,3.1552599242555415,3.1716079711914062,843849
5315,2004-06-25,3.220652653353972,3.2533503789036162,3.2043049335479736,3.2043049335479736,1192861
5316,2004-06-24,3.2370023325350967,3.2370023325350967,3.187957213741975,3.2043049335479736,936926
5317,2004-06-23,3.1716079711914062,3.3350930124255087,3.1716079711914062,3.1716079711914062,2103218
5318,2004-06-22,3.155258893966675,3.155258893966675,3.155258893966675,3.155258893966675,0
5319,2004-06-21,3.2533494294900205,3.2533494294900205,3.138909219556818,3.155258893966675,955796
5320,2004-06-18,3.2533504918084577,3.26969821218179,3.1716079711914062,3.1716079711914062,877063
5321,2004-06-17,3.2206521034240723,3.3023949338091594,3.2043043864094645,3.2206521034240723,1830030
5322,2004-06-16,3.416835414464105,3.4331831342701036,3.2043049335479736,3.2043049335479736,1675024
5323,2004-06-15,3.3514413801957397,3.4004881381988525,3.3023959284428814,3.4004881381988525,3174918
5324,2004-06-14,3.351440797873012,3.416835266451947,3.302395354641944,3.3841378688812256,2117532
5325,2004-06-11,3.4495335899517108,3.482229033828319,3.3514413801957397,3.4004881381988525,1539274
5326,2004-06-10,3.4822284810200173,3.498577833175659,3.4331830370531873,3.498577833175659,1361622
5327,2004-06-09,3.4658803680546826,3.514925479888916,3.4331826471444358,3.514925479888916,1247291
5328,2004-06-08,3.4822284810200173,3.5149258790812534,3.4331830370531873,3.498577833175659,1736928
5329,2004-06-07,3.2860480143671924,3.465881109237671,3.2860480143671924,3.465881109237671,1660889
5330,2004-06-04,3.3514413801957397,3.4004881381988525,3.2696985251908908,3.4004881381988525,2024148
5331,2004-06-03,3.4658810295386573,3.4822287501451785,3.367790460586548,3.367790460586548,1638119
5332,2004-06-02,3.4985773907834705,3.4985773907834705,3.433182602930115,3.4822280406951904,1220027
5333,2004-06-01,3.482228085541144,3.514925479888916,3.384137535310202,3.514925479888916,1487049
5334,2004-05-31,3.563971353882859,3.563971353882859,3.465881109237671,3.465881109237671,1454967
5335,2004-05-28,3.5312756035235404,3.5639710426330566,3.5149259245936855,3.5639710426330566,2651572
5336,2004-05-27,3.5639705917231495,3.58032026858446,3.482228085541144,3.514925479888916,1507284
5337,2004-05-26,3.563970708412805,3.6620628946678035,3.5312752723693848,3.5312752723693848,3330509351
5338,2004-05-25,3.5312752723693848,3.629365825811956,3.514925594972762,3.5312752723693848,2995637
5339,2004-05-24,3.4658803680546826,3.531275156750226,3.4331826471444358,3.514925479888916,3934206
5340,2004-05-21,3.4331830370531873,3.498577833175659,3.3677902003057865,3.498577833175659,4660142
5341,2004-05-20,3.3841383085843435,3.46588116000703,3.318745137758862,3.433183431625366,3544501
5342,2004-05-19,3.3841380979748776,3.449533224105835,3.2696981784177144,3.449533224105835,4048326
5343,2004-05-18,3.1716079755624085,3.2696982166879764,3.1389102488329534,3.2533504962921143,3011934
5344,2004-05-17,3.318744965489644,3.3350930124255087,3.1552599242555415,3.1716079711914062,3696525
5345,2004-05-14,3.465880709683015,3.4822284287808545,3.351440797873012,3.3841378688812256,3350199
5346,2004-05-13,3.449533224105835,3.465880944310355,3.3841380979748776,3.449533224105835,2388678
5347,2004-05-12,3.449533224105835,3.4985780175320405,3.4168354977590916,3.449533224105835,5566114
5348,2004-05-11,3.3841383085843435,3.433183431625366,3.269698381905092,3.433183431625366,2136697
5349,2004-05-10,3.498577780691229,3.498577780691229,3.286047635544104,3.3841378688812256,3098120
5350,2004-05-07,3.3023950291281965,3.514925479888916,3.3023950291281965,3.514925479888916,7460682
5351,2004-05-06,3.449533308932136,3.4985781035643853,3.269698258821753,3.367790460586548,12157109
5352,2004-05-05,3.760153752040428,3.760153752040428,3.498577833175659,3.498577833175659,8401689
5353,2004-05-04,3.7601535320281982,3.809198646562813,3.7274561358801357,3.7601535320281982,6540573
5354,2004-05-03,3.7765016899139865,3.9563367365320685,3.694759169718332,3.727456569671631,3674525
5355,2004-04-30,4.054426728470165,4.070774447757066,3.8091988563537598,3.8091988563537598,10453842
5356,2004-04-29,4.217913945121367,4.217913945121367,4.0871262550354,4.0871262550354,6052667
5357,2004-04-28,4.250607963115295,4.26695731564776,4.168865119203199,4.217912197113037,3778397
5358,2004-04-27,4.283305035367628,4.316002760745001,4.217912197113037,4.217912197113037,4093495
5359,2004-04-26,4.381395247067618,4.414092969818574,4.283304691314697,4.283304691314697,4667238
5360,2004-04-23,4.446789649775081,4.495835086634966,4.381394863128662,4.381394863128662,3457841
5361,2004-04-22,4.512183697052151,4.544881096849668,4.430442810058594,4.430442810058594,5006779
5362,2004-04-21,4.512182853437901,4.5285325299674515,4.479487419128418,4.479487419128418,2469827
5363,2004-04-20,4.512183666229248,4.561230745278068,4.512183666229248,4.512183666229248,3183948
5364,2004-04-19,4.495835781097412,4.5775782973446395,4.495835781097412,4.495835781097412,4729498
5365,2004-04-16,4.479488061598002,4.56123057784523,4.479488061598002,4.495835781097412,4369815500
5366,2004-04-15,4.4958351362831594,4.577577640806485,4.479487419128418,4.479487419128418,8266349
5367,2004-04-14,4.512182853437901,4.512182853437901,4.4631374160364,4.479487419128418,4895364
5368,2004-04-13,4.561230745278068,4.577578465377567,4.495835946129749,4.512183666229248,3840955
5369,2004-04-12,4.495834806093091,4.5612295886588505,4.446789372293661,4.544879913330078,4114717
5370,2004-04-09,4.512182853437901,4.5612299236517435,4.4631374160364,4.479487419128418,3287721
5371,2004-04-08,4.544881065803407,4.593926512039593,4.495835946129749,4.512183666229248,3053881005
5372,2004-04-07,4.610275944756859,4.610275944756859,4.5448811444765385,4.577578544616699,3459961
5373,2004-04-06,4.593925917757548,4.675668426430945,4.528532759881291,4.6102752685546875,9670823
5374,2004-04-05,4.512183585402451,4.675668947532098,4.479488145789127,4.593926429748535,13922284
5375,2004-04-02,4.495835976840981,4.528533376638498,4.430442810058594,4.430442810058594,3675039
5376,2004-04-01,4.495835348437686,4.52853274366494,4.414092840057004,4.463137626647949,4662665
5377,2004-03-31,4.577578465377567,4.577578465377567,4.495835946129749,4.512183666229248,4724526
5378,2004-03-30,4.414093264850184,4.642973094092458,4.381395539913759,4.495835781097412,18637498
5379,2004-03-29,4.250607549797389,4.381395172964244,4.2179117869743825,4.365047454833984,9107064
5380,2004-03-26,4.201562307064446,4.250607419324708,4.0871240383529805,4.103471755981445,8043144
5381,2004-03-25,4.250607563242461,4.36504746864104,4.136169290656326,4.168864727020264,4339374
5382,2004-03-24,4.119819101719684,4.250607035628439,4.119819101719684,4.20156192779541,7993853
5383,2004-03-23,4.054428516107271,4.23426167161614,4.054428516107271,4.0871262550354,11365006
5384,2004-03-22,4.348700046539307,4.348700046539307,4.348700046539307,4.348700046539307,999477
5385,2004-03-19,4.659320670869506,4.675668716430664,4.610275554498517,4.675668716430664,7041334
5386,2004-03-18,4.577578038585602,4.65932055021213,4.512183245534389,4.626623153686523,7577109
5387,2004-03-17,4.593926429748535,4.659320901162915,4.593926429748535,4.593926429748535,3824647
5388,2004-03-16,4.6429726638990285,4.675668426430945,4.544880477866007,4.6102752685546875,13405392742
5389,2004-03-15,4.88819918685081,4.88819918685081,4.659320670869506,4.675668716430664,11037544
5390,2004-03-12,4.871851322975247,4.937246115775239,4.80645620361276,4.822805881500244,9381576
5391,2004-03-11,4.855503890425612,4.888199329376221,4.7901087672117075,4.888199329376221,9053852
5392,2004-03-10,4.839154505278273,4.9862921634784545,4.839154505278273,4.855504512786865,21435720
5393,2004-03-09,4.757411088700253,4.822805881500244,4.757411088700253,4.822805881500244,11781414
5394,2004-03-08,4.724715399212058,4.806456278994055,4.724715399212058,4.741063117980957,12358603
5395,2004-03-05,4.659320670869506,4.724715465614178,4.659320670869506,4.675668716430664,11916281
5396,2004-03-04,4.61027543511121,4.675668595349941,4.61027543511121,4.626623153686523,8131684478
5397,2004-03-03,4.593926429748535,4.659320901162915,4.593926429748535,4.593926429748535,7153684
5398,2004-03-02,4.659320901162915,4.692018626713887,4.593926429748535,4.593926429748535,12338517
5399,2004-03-01,4.79010862166171,4.806456340640279,4.642972946166992,4.642972946166992,19591745
5400,2004-02-27,4.790108514205103,4.822805910803769,4.741063072432098,4.773760795593262,5205799
5401,2004-02-26,4.741063908729067,4.8228067615197165,4.692019111429831,4.757411956787109,10616764
5402,2004-02-25,4.741063429529433,4.8228062740579825,4.708366357030517,4.724715709686279,11277124
5403,2004-02-24,4.724715465614178,4.741063184612831,4.675668716430664,4.675668716430664,3902463
5404,2004-02-23,4.757411163312356,4.790108560225156,4.675668650717856,4.741063117980957,7982506
5405,2004-02-20,4.757411956787109,4.8064570806489,4.741063908729067,4.757411956787109,7198334
5406,2004-02-19,4.741063908729067,4.773761637657926,4.708366832925318,4.757411956787109,5675960
5407,2004-02-18,4.708366357030517,4.773761155153392,4.692018637187364,4.724715709686279,3881369
5408,2004-02-17,4.724716060676208,4.757411829353941,4.659321257695281,4.692018985748291,5616014
5409,2004-02-16,4.741063429529433,4.773761155153392,4.708366357030517,4.724715709686279,3630498
5410,2004-02-13,4.692018328861758,4.757411163312356,4.692018328861758,4.741063117980957,4485141
5411,2004-02-12,4.692018985748291,4.741063781733802,4.659321257695281,4.692018985748291,5100966
5412,2004-02-11,4.757411829353941,4.773761509786811,4.692018985748291,4.692018985748291,3636388
5413,2004-02-10,4.675668650717856,4.855503680613257,4.675668650717856,4.741063117980957,6888384
5414,2004-02-09,4.708366113803001,4.773760908547673,4.642972951870853,4.675668716430664,7014346
5415,2004-02-06,4.642972951870853,4.708366113803001,4.642972951870853,4.675668716430664,2733121
5416,2004-02-05,4.610275548834824,4.692018389040234,4.610275548834824,4.642972946166992,2972497
5417,2004-02-04,4.692017595992596,4.692017595992596,4.659319877624512,4.659319877624512,4730941
5418,2004-02-03,4.741063781733802,4.757411829353941,4.659321257695281,4.692018985748291,5193496
5419,2004-02-02,4.855503802758278,4.855503802758278,4.757411282989763,4.790108680725098,7248770
5420,2004-01-30,4.642973682366002,4.871852234357561,4.626624001419968,4.855504512786865,13348400
5421,2004-01-29,4.642972946166992,4.659320665145562,4.593926197043731,4.642972946166992,5639262
5422,2004-01-28,4.659319877624512,4.6756679204024305,4.626622485818877,4.659319877624512,7007706
5423,2004-01-27,4.561229661582304,4.708365312208065,4.561229661582304,4.659319877624512,7291089
5424,2004-01-26,4.495835781097412,4.495835781097412,4.495835781097412,4.495835781097412,0
5425,2004-01-23,4.495835781097412,4.495835781097412,4.495835781097412,4.495835781097412,0
5426,2004-01-22,4.495835781097412,4.495835781097412,4.495835781097412,4.495835781097412,0
5427,2004-01-21,4.495835781097412,4.495835781097412,4.495835781097412,4.495835781097412,0
5428,2004-01-20,4.495835781097412,4.495835781097412,4.495835781097412,4.495835781097412,0
5429,2004-01-19,4.495835781097412,4.495835781097412,4.495835781097412,4.495835781097412,0
5430,2004-01-16,4.544880898970731,4.5775782973446395,4.479488061598002,4.495835781097412,3465819
5431,2004-01-15,4.610274695895837,4.626622411849945,4.544879913330078,4.544879913330078,4368274809
5432,2004-01-14,4.577577873210347,4.6429726638990285,4.544880477866007,4.6102752685546875,3822642
5433,2004-01-13,4.675669112224517,4.6920187919821945,4.577578544616699,4.577578544616699,4171213
5434,2004-01-12,4.6756679204024305,4.692017595992596,4.626622485818877,4.659319877624512,5276481
5435,2004-01-09,4.642972161409043,4.708365312208065,4.610274769603408,4.659319877624512,10559642
5436,2004-01-08,4.397745757247914,4.5775788578230445,4.38139607637156,4.5612311363220215,7759083
5437,2004-01-07,4.446789649775081,4.479487369660755,4.381394863128662,4.381394863128662,3283560
5438,2004-01-06,4.4467902183532715,4.479487942419762,4.430442499288798,4.4467902183532715,2189882
5439,2004-01-05,4.495835661484235,4.512183380548708,4.430442499288798,4.4467902183532715,3363343
5440,2004-01-02,4.463138056160988,4.512183500596821,4.430442617162169,4.495835781097412,3005662455
5441,2004-01-01,4.463137626647949,4.463137626647949,4.463137626647949,4.463137626647949,0
5442,2003-12-31,4.430442190795597,4.47948763051151,4.414092840057004,4.463137626647949,2570136
5443,2003-12-30,4.446790530269764,4.463138250480935,4.430442810058594,4.430442810058594,4089562
5444,2003-12-29,4.495835976840981,4.512183697052151,4.414093457034777,4.430442810058594,5030190
5445,2003-12-26,4.4631374160364,4.512182853437901,4.446789698881658,4.479487419128418,4438493
5446,2003-12-25,4.512183380548708,4.512183380548708,4.4467902183532715,4.4467902183532715,4511169
5447,2003-12-24,4.446790499893564,4.5285333457039085,4.430442779794065,4.512183666229248,4960321
5448,2003-12-23,4.414093147411793,4.463137937417745,4.414093147411793,4.4467902183532715,3817909
5449,2003-12-22,4.4467910482964585,4.4631387704120495,4.397745922574284,4.414093971252441,4014393
5450,2003-12-19,4.4467910482964585,4.4631387704120495,4.38139624108329,4.414093971252441,1763810
5451,2003-12-18,4.332351115361115,4.4467910482964585,4.332351115361115,4.414093971252441,3676497
5452,2003-12-17,4.463137682365393,4.512183122693585,4.348699736703725,4.365047454833984,3941791
5453,2003-12-16,4.463138250480935,4.495835976840981,4.397745410261077,4.430442810058594,2907741099
5454,2003-12-15,4.561230745278068,4.577578465377567,4.463138219993063,4.512183666229248,2399070
5455,2003-12-12,4.577577304612958,4.577577304612958,4.5121825220471985,4.544879913330078,6581467
5456,2003-12-11,4.414092607457837,4.544880222100139,4.397744563830632,4.5285325050354,6967055
5457,2003-12-10,4.332349752831241,4.4304419328008695,4.3160020358570295,4.381394863128662,5168649
5458,2003-12-09,4.381395370030492,4.3977450482710525,4.316002535193292,4.332350254058838,2191398
5459,2003-12-08,4.446789649775081,4.446789649775081,4.381394863128662,4.381394863128662,1860887
5460,2003-12-05,4.4467902183532715,4.479487942419762,4.430442499288798,4.4467902183532715,2567476
5461,2003-12-04,4.528533058988219,4.528533058988219,4.4467902183532715,4.4467902183532715,3431006
5462,2003-12-03,4.414092607457837,4.610275009108689,4.397744563830632,4.5285325050354,6514163
5463,2003-12-02,4.446790731511698,4.479488459351497,4.397745609283447,4.397745609283447,3035921
5464,2003-12-01,4.34870029025239,4.446790530269764,4.34870029025239,4.430442810058594,2788801
5465,2003-11-28,4.4140932096568815,4.4631380003544345,4.332350367869242,4.348700046539307,2215186
5466,2003-11-27,4.4958365005812,4.4958365005812,4.414093971252441,4.414093971252441,2208494
5467,2003-11-26,4.512183500596821,4.544880898970731,4.495835781097412,4.495835781097412,1292146902
5468,2003-11-25,4.561230745278068,4.577578465377567,4.512183666229248,4.512183666229248,962751
5469,2003-11-24,4.593926512039593,4.593926512039593,4.463138219993063,4.512183666229248,1885166
5470,2003-11-21,4.561230824234217,4.610275944756859,4.561230824234217,4.577578544616699,2258474
5471,2003-11-20,4.659320901162915,4.692018626713887,4.593926429748535,4.593926429748535,2594760
5472,2003-11-19,4.692017595992596,4.708365312208065,4.659319877624512,4.659319877624512,3503888
5473,2003-11-18,4.708366357030517,4.741063429529433,4.708366357030517,4.724715709686279,2964310
5474,2003-11-17,4.806456951901998,4.806456951901998,4.692018985748291,4.692018985748291,2106118
5475,2003-11-14,4.757411117606437,4.790108514205103,4.724715353820257,4.773760795593262,3195022
5476,2003-11-13,4.757411163312356,4.773760841456257,4.724715399212058,4.741063117980957,3566473
5477,2003-11-12,4.806456278994055,4.806456278994055,4.741063117980957,4.741063117980957,2697078
5478,2003-11-11,4.822806078460434,4.822806078460434,4.773760961544956,4.790108680725098,2292234
5479,2003-11-10,4.80645620361276,4.8555036044627355,4.790108485100249,4.822805881500244,1770959
5480,2003-11-07,4.82280624497663,4.855503970403423,4.790108846112357,4.806456565856934,1036506
5481,2003-11-06,4.904548392812748,4.904548392812748,4.741063043625245,4.822805881500244,1891483
5482,2003-11-05,4.839154505278273,4.9045493103117375,4.839154505278273,4.855504512786865,2775298
5483,2003-11-04,4.80645639990524,4.888199241118562,4.790108680725098,4.790108680725098,1440839
5484,2003-11-03,4.822806078460434,4.855503802758278,4.757411282989763,4.790108680725098,1980572
5485,2003-10-31,4.904548392812748,4.904548392812748,4.822805881500244,4.822805881500244,2374772
5486,2003-10-30,4.986291487097995,5.002639206451156,4.904548645019531,4.904548645019531,3214244
5487,2003-10-29,4.9372461786171735,5.002639012874522,4.920896500521589,4.96994161605835,4783392
5488,2003-10-28,4.953592967153316,5.002638073480399,4.904547534263795,4.920895576477051,2467483
5489,2003-10-27,4.904547650940952,4.986290476451365,4.904547650940952,4.9372453689575195,1859149
5490,2003-10-24,4.953592967153316,5.002638073480399,4.920895576477051,4.920895576477051,5260024
5491,2003-10-23,4.904549234706893,5.035337536507461,4.904549234706893,4.95359468460083,2849979
5492,2003-10-22,5.231518067962192,5.247867748775355,5.068034648895264,5.068034648895264,5271864
5493,2003-10-21,5.002638507602575,5.2151689529418945,5.002638507602575,5.2151689529418945,11515480
5494,2003-10-20,4.9699409475781176,5.018986056518082,4.937245514534629,5.002638339996338,5065329
5495,2003-10-17,4.888198748383439,4.98629093170166,4.855503313318886,4.98629093170166,7587942
5496,2003-10-16,4.822805881500244,4.888199041487759,4.757411088700253,4.822805881500244,3655429
5497,2003-10-15,4.708365973787745,4.888199041487759,4.708365973787745,4.822805881500244,4032654
5498,2003-10-14,4.67566852119875,4.74106298665038,4.67566852119875,4.7083659172058105,2504253
5499,2003-10-13,4.724714661235781,4.724714661235781,4.642972161409043,4.659319877624512,1695638
5500,2003-10-10,4.675668716430664,4.675668716430664,4.675668716430664,4.675668716430664,0
5501,2003-10-09,4.642972951870853,4.6920183948043475,4.593926202687339,4.675668716430664,3141184
5502,2003-10-08,4.593926083723413,4.65932055021213,4.577578038585602,4.626623153686523,2700837
5503,2003-10-07,4.659321065279502,4.659321065279502,4.577578544616699,4.577578544616699,1572372
5504,2003-10-06,4.659320901162915,4.692018626713887,4.593926429748535,4.593926429748535,2364868
5505,2003-10-03,4.642972831636817,4.675668595349941,4.626623153686523,4.626623153686523,2396540
5506,2003-10-02,4.626623153686523,4.7083659918755485,4.61027543511121,4.626623153686523,4307045979
5507,2003-10-01,4.6920187919821945,4.6920187919821945,4.561230824234217,4.577578544616699,3726248
5508,2003-09-30,4.741063781733802,4.773761509786811,4.659321257695281,4.692018985748291,5452086
5509,2003-09-29,4.509850619479241,4.509850619479241,4.364371877190201,4.393466472625732,9384155
5510,2003-09-26,4.495303747704597,4.582591416785149,4.495303747704597,4.538947582244873,4727861
5511,2003-09-25,4.4371107612453,4.509851101008403,4.4371107612453,4.495302200317383,3564127
5512,2003-09-24,4.655331781587163,4.684426390144241,4.538947582244873,4.538947582244873,9597592
5513,2003-09-23,4.698974559564926,4.713522180856548,4.6116865898269275,4.626234531402588,5438858
5514,2003-09-22,4.873547319608551,4.975382250481784,4.6262336415301455,4.698973655700684,10696537
5515,2003-09-19,4.655329559375716,4.8880962455290735,4.597136526630558,4.858999729156494,22602206
5516,2003-09-18,4.306179595461871,4.597137451171875,4.262535772977562,4.597137451171875,13947893
5517,2003-09-17,4.3934661939716975,4.4371100060606965,4.291631272998592,4.306178569793701,8790102
5518,2003-09-16,4.364373252811767,4.3934678574177255,4.335276726501409,4.378920555114746,2410829
5519,2003-09-15,4.364373207092285,4.4371116395496015,4.349823983237318,4.364373207092285,5068350
5520,2003-09-12,4.306179604575741,4.378919949438253,4.306179604575741,4.335276126861572,2214125
5521,2003-09-11,4.306178569793701,4.306178569793701,4.306178569793701,4.306178569793701,0
5522,2003-09-10,4.36437160038148,4.3934661939716975,4.233439843830539,4.306178569793701,4097771
5523,2003-09-09,4.4371116395496015,4.480755787989807,4.364373207092285,4.364373207092285,5582630
5524,2003-09-08,4.553494272029905,4.56804317474228,4.4371113777160645,4.4371113777160645,4230075
5525,2003-09-05,4.524399957682224,4.568044112506611,4.509852653403685,4.538947582244873,3537424
5526,2003-09-04,4.568041450367434,4.582588746168176,4.509850025177002,4.509850025177002,3016910
5527,2003-09-03,4.655330884218972,4.655330884218972,4.568043231964111,4.568043231964111,6170029
5528,2003-09-02,4.582588746168176,4.611684939189277,4.495301127956642,4.509850025177002,5973893
5529,2003-09-01,4.451657988290845,4.626233904094702,4.437110689255845,4.524398326873779,9525980
5530,2003-08-29,4.378919174907966,4.509850619479241,4.335275360050875,4.393466472625732,13131143
5531,2003-08-28,4.902644646980424,4.902644646980424,4.640781402587891,4.640781402587891,16935840
5532,2003-08-27,5.1645060300489805,5.1645060300489805,4.9753828048706055,4.9753828048706055,8164422
5533,2003-08-26,5.1645065362018325,5.1645065362018325,5.06267158400106,5.09176778793335,6199519
5534,2003-08-25,5.062671830227938,5.251794442571568,4.975383534469782,5.179055690765381,15215852
5535,2003-08-22,5.280890294683437,5.309984894899849,5.019027042227048,5.062671184539795,17231959
5536,2003-08-21,5.3827253296848685,5.426369152450105,5.179055117632504,5.25179386138916,31761505
5537,2003-08-20,5.309986114501953,5.309986114501953,5.17905621976377,5.309986114501953,64291910
5538,2003-08-19,4.9753828048706055,4.9753828048706055,4.9753828048706055,4.9753828048706055,6609307
